ts,slice,ifname,rx_bytes,rx_pkts,tx_bytes,tx_pkts,tcp_rtt_ms,probe_loss,tun_exists
2025-11-25T17:15:19.749830Z,embb,uesimtun0,141456,1684,142192,1697,1.700,0,1
2025-11-25T17:15:19.749830Z,urllc,uesimtun1,141204,1681,141940,1694,1.084,0,1
2025-11-25T17:15:19.749830Z,mmtc,uesimtun2,141120,1680,141856,1693,1.038,0,1
2025-11-25T17:15:20.000119Z,embb,uesimtun0,141621,1687,142436,1702,1.554,0,1
2025-11-25T17:15:20.000119Z,urllc,uesimtun1,141344,1684,142104,1697,1.212,0,1
2025-11-25T17:15:20.000119Z,mmtc,uesimtun2,141285,1683,142100,1698,1.113,0,1
2025-11-25T17:15:20.250299Z,embb,uesimtun0,141786,1690,142680,1707,1.395,0,1
2025-11-25T17:15:20.250299Z,urllc,uesimtun1,141509,1687,142348,1702,,1,1
2025-11-25T17:15:20.250299Z,mmtc,uesimtun2,141450,1686,142344,1703,1.674,0,1
2025-11-25T17:15:20.580908Z,embb,uesimtun0,141951,1693,142924,1712,2.199,0,1
2025-11-25T17:15:20.580908Z,urllc,uesimtun1,141549,1688,142408,1703,1.121,0,1
2025-11-25T17:15:20.580908Z,mmtc,uesimtun2,141615,1689,142588,1708,0.856,0,1
2025-11-25T17:15:20.749855Z,embb,uesimtun0,142116,1696,143168,1717,1.229,0,1
2025-11-25T17:15:20.749855Z,urllc,uesimtun1,141689,1691,142572,1706,,1,1
2025-11-25T17:15:20.749855Z,mmtc,uesimtun2,141780,1692,142832,1713,0.938,0,1
2025-11-25T17:15:20.999962Z,embb,uesimtun0,142281,1699,143412,1722,1.406,0,1
2025-11-25T17:15:20.999962Z,urllc,uesimtun1,141729,1692,142632,1707,0.940,0,1
2025-11-25T17:15:20.999962Z,mmtc,uesimtun2,141945,1695,143076,1718,0.961,0,1
2025-11-25T17:15:21.250321Z,embb,uesimtun0,142446,1702,143656,1727,1.656,0,1
2025-11-25T17:15:21.250321Z,urllc,uesimtun1,141869,1695,142796,1710,1.232,0,1
2025-11-25T17:15:21.250321Z,mmtc,uesimtun2,142110,1698,143320,1723,1.316,0,1
2025-11-25T17:15:21.550852Z,embb,uesimtun0,142611,1705,143900,1732,2.172,0,1
2025-11-25T17:15:21.550852Z,urllc,uesimtun1,142034,1698,143040,1715,1.137,0,1
2025-11-25T17:15:21.550852Z,mmtc,uesimtun2,142275,1701,143564,1728,1.139,0,1
2025-11-25T17:15:21.750928Z,embb,uesimtun0,142776,1708,144144,1737,1.319,0,1
2025-11-25T17:15:21.750928Z,urllc,uesimtun1,142174,1701,143204,1718,1.048,0,1
2025-11-25T17:15:21.750928Z,mmtc,uesimtun2,142440,1704,143808,1733,1.065,0,1
2025-11-25T17:15:22.000456Z,embb,uesimtun0,142941,1711,144388,1742,1.386,0,1
2025-11-25T17:15:22.000456Z,urllc,uesimtun1,142314,1704,143368,1721,1.041,0,1
2025-11-25T17:15:22.000456Z,mmtc,uesimtun2,142605,1707,144052,1738,0.894,0,1
2025-11-25T17:15:22.250230Z,embb,uesimtun0,143106,1714,144632,1747,8.975,0,1
2025-11-25T17:15:22.250230Z,urllc,uesimtun1,142454,1707,143532,1724,1.026,0,1
2025-11-25T17:15:22.250230Z,mmtc,uesimtun2,142770,1710,144296,1743,1.057,0,1
2025-11-25T17:15:22.500211Z,embb,uesimtun0,143271,1717,144876,1752,49.133,0,1
2025-11-25T17:15:22.500211Z,urllc,uesimtun1,142594,1710,143696,1727,1.538,0,1
2025-11-25T17:15:22.500211Z,mmtc,uesimtun2,142935,1713,144540,1748,1.079,0,1
2025-11-25T17:15:22.750251Z,embb,uesimtun0,143436,1720,145120,1757,1.325,0,1
2025-11-25T17:15:22.750251Z,urllc,uesimtun1,142734,1713,143860,1730,1.033,0,1
2025-11-25T17:15:22.750251Z,mmtc,uesimtun2,143100,1716,144784,1753,0.992,0,1
2025-11-25T17:15:23.000521Z,embb,uesimtun0,143601,1723,145364,1762,5.677,0,1
2025-11-25T17:15:23.000521Z,urllc,uesimtun1,142899,1716,144104,1735,,1,1
2025-11-25T17:15:23.000521Z,mmtc,uesimtun2,143265,1719,145028,1758,1.023,0,1
2025-11-25T17:15:23.251017Z,embb,uesimtun0,143766,1726,145608,1767,18.896,0,1
2025-11-25T17:15:23.251017Z,urllc,uesimtun1,142939,1717,144164,1736,1.106,0,1
2025-11-25T17:15:23.251017Z,mmtc,uesimtun2,143430,1722,145272,1763,1.034,0,1
2025-11-25T17:15:23.500768Z,embb,uesimtun0,143931,1729,145852,1772,68.891,0,1
2025-11-25T17:15:23.500768Z,urllc,uesimtun1,143104,1720,144408,1741,1.047,0,1
2025-11-25T17:15:23.500768Z,mmtc,uesimtun2,143595,1725,145516,1768,1.052,0,1
2025-11-25T17:15:23.750649Z,embb,uesimtun0,144096,1732,146096,1777,1.184,0,1
2025-11-25T17:15:23.750649Z,urllc,uesimtun1,143269,1723,144652,1746,0.981,0,1
2025-11-25T17:15:23.750649Z,mmtc,uesimtun2,143735,1728,145680,1771,0.913,0,1
2025-11-25T17:15:24.001064Z,embb,uesimtun0,144261,1735,146340,1782,1.442,0,1
2025-11-25T17:15:24.001064Z,urllc,uesimtun1,143409,1726,144816,1749,1.098,0,1
2025-11-25T17:15:24.001064Z,mmtc,uesimtun2,143900,1731,145924,1776,1.056,0,1
2025-11-25T17:15:24.251965Z,embb,uesimtun0,144426,1738,146584,1787,1.311,0,1
2025-11-25T17:15:24.251965Z,urllc,uesimtun1,143549,1729,144980,1752,1.041,0,1
2025-11-25T17:15:24.251965Z,mmtc,uesimtun2,144065,1734,146168,1781,1.009,0,1
2025-11-25T17:15:24.500309Z,embb,uesimtun0,144591,1741,146828,1792,49.450,0,1
2025-11-25T17:15:24.500309Z,urllc,uesimtun1,143689,1732,145144,1755,,1,1
2025-11-25T17:15:24.500309Z,mmtc,uesimtun2,144230,1737,146412,1786,1.103,0,1
2025-11-25T17:15:24.750645Z,embb,uesimtun0,144756,1744,147072,1797,1.402,0,1
2025-11-25T17:15:24.750645Z,urllc,uesimtun1,143729,1733,145204,1756,0.987,0,1
2025-11-25T17:15:24.750645Z,mmtc,uesimtun2,144395,1740,146656,1791,0.972,0,1
2025-11-25T17:15:25.000452Z,embb,uesimtun0,144921,1747,147316,1802,1.333,0,1
2025-11-25T17:15:25.000452Z,urllc,uesimtun1,143869,1736,145368,1759,1.126,0,1
2025-11-25T17:15:25.000452Z,mmtc,uesimtun2,144560,1743,146900,1796,1.179,0,1
2025-11-25T17:15:25.250339Z,embb,uesimtun0,145086,1750,147560,1807,19.139,0,1
2025-11-25T17:15:25.250339Z,urllc,uesimtun1,144034,1739,145612,1764,1.521,0,1
2025-11-25T17:15:25.250339Z,mmtc,uesimtun2,144700,1746,147064,1799,,1,1
2025-11-25T17:15:25.570799Z,embb,uesimtun0,145251,1753,147804,1812,1.385,0,1
2025-11-25T17:15:25.570799Z,urllc,uesimtun1,144199,1742,145856,1769,0.906,0,1
2025-11-25T17:15:25.570799Z,mmtc,uesimtun2,144740,1747,147124,1800,0.880,0,1
2025-11-25T17:15:25.750825Z,embb,uesimtun0,145416,1756,148048,1817,1.280,0,1
2025-11-25T17:15:25.750825Z,urllc,uesimtun1,144339,1745,146020,1772,,1,1
2025-11-25T17:15:25.750825Z,mmtc,uesimtun2,144957,1751,147368,1805,1.039,0,1
2025-11-25T17:15:26.000468Z,embb,uesimtun0,145581,1759,148292,1822,1.357,0,1
2025-11-25T17:15:26.000468Z,urllc,uesimtun1,144379,1746,146080,1773,1.014,0,1
2025-11-25T17:15:26.000468Z,mmtc,uesimtun2,145122,1754,147612,1810,1.223,0,1
2025-11-25T17:15:26.250769Z,embb,uesimtun0,145746,1762,148536,1827,1.256,0,1
2025-11-25T17:15:26.250769Z,urllc,uesimtun1,144544,1749,146324,1778,0.959,0,1
2025-11-25T17:15:26.250769Z,mmtc,uesimtun2,145287,1757,147856,1815,0.998,0,1
2025-11-25T17:15:26.499988Z,embb,uesimtun0,145911,1765,148780,1832,49.627,0,1
2025-11-25T17:15:26.499988Z,urllc,uesimtun1,144684,1752,146488,1781,0.909,0,1
2025-11-25T17:15:26.499988Z,mmtc,uesimtun2,145504,1761,148100,1820,1.016,0,1
2025-11-25T17:15:26.750535Z,embb,uesimtun0,146076,1768,149024,1837,1.355,0,1
2025-11-25T17:15:26.750535Z,urllc,uesimtun1,144849,1755,146732,1786,0.934,0,1
2025-11-25T17:15:26.750535Z,mmtc,uesimtun2,145669,1764,148344,1825,0.930,0,1
2025-11-25T17:15:27.000769Z,embb,uesimtun0,146241,1771,149268,1842,1.368,0,1
2025-11-25T17:15:27.000769Z,urllc,uesimtun1,144989,1758,146896,1789,1.131,0,1
2025-11-25T17:15:27.000769Z,mmtc,uesimtun2,145834,1767,148588,1830,1.180,0,1
2025-11-25T17:15:27.250817Z,embb,uesimtun0,146406,1774,149512,1847,1.276,0,1
2025-11-25T17:15:27.250817Z,urllc,uesimtun1,145154,1761,147140,1794,0.957,0,1
2025-11-25T17:15:27.250817Z,mmtc,uesimtun2,145999,1770,148832,1835,1.063,0,1
2025-11-25T17:15:27.500322Z,embb,uesimtun0,146571,1777,149756,1852,70.608,0,1
2025-11-25T17:15:27.500322Z,urllc,uesimtun1,145294,1764,147304,1797,1.140,0,1
2025-11-25T17:15:27.500322Z,mmtc,uesimtun2,146164,1773,149076,1840,0.990,0,1
2025-11-25T17:15:27.750858Z,embb,uesimtun0,146736,1780,150000,1857,1.212,0,1
2025-11-25T17:15:27.750858Z,urllc,uesimtun1,145434,1767,147468,1800,0.908,0,1
2025-11-25T17:15:27.750858Z,mmtc,uesimtun2,146329,1776,149320,1845,0.834,0,1
2025-11-25T17:15:28.000754Z,embb,uesimtun0,146901,1783,150244,1862,1.357,0,1
2025-11-25T17:15:28.000754Z,urllc,uesimtun1,145574,1770,147632,1803,1.018,0,1
2025-11-25T17:15:28.000754Z,mmtc,uesimtun2,146494,1779,149564,1850,1.033,0,1
2025-11-25T17:15:28.250230Z,embb,uesimtun0,147066,1786,150488,1867,1.276,0,1
2025-11-25T17:15:28.250230Z,urllc,uesimtun1,145714,1773,147796,1806,0.977,0,1
2025-11-25T17:15:28.250230Z,mmtc,uesimtun2,146659,1782,149808,1855,0.847,0,1
2025-11-25T17:15:28.499934Z,embb,uesimtun0,147231,1789,150732,1872,49.793,0,1
2025-11-25T17:15:28.499934Z,urllc,uesimtun1,145854,1776,147960,1809,,1,1
2025-11-25T17:15:28.499934Z,mmtc,uesimtun2,146824,1785,150052,1860,1.024,0,1
2025-11-25T17:15:28.750840Z,embb,uesimtun0,147396,1792,150976,1877,1.243,0,1
2025-11-25T17:15:28.750840Z,urllc,uesimtun1,145894,1777,148020,1810,1.014,0,1
2025-11-25T17:15:28.750840Z,mmtc,uesimtun2,146989,1788,150296,1865,0.869,0,1
2025-11-25T17:15:29.000151Z,embb,uesimtun0,147561,1795,151220,1882,1.450,0,1
2025-11-25T17:15:29.000151Z,urllc,uesimtun1,146034,1780,148184,1813,0.968,0,1
2025-11-25T17:15:29.000151Z,mmtc,uesimtun2,147154,1791,150540,1870,5.709,0,1
2025-11-25T17:15:29.250193Z,embb,uesimtun0,147726,1798,151464,1887,4.784,0,1
2025-11-25T17:15:29.250193Z,urllc,uesimtun1,146174,1783,148348,1816,1.031,0,1
2025-11-25T17:15:29.250193Z,mmtc,uesimtun2,147319,1794,150784,1875,0.973,0,1
2025-11-25T17:15:29.545871Z,embb,uesimtun0,147891,1801,151708,1892,1.319,0,1
2025-11-25T17:15:29.545871Z,urllc,uesimtun1,146314,1786,148512,1819,1.029,0,1
2025-11-25T17:15:29.545871Z,mmtc,uesimtun2,147484,1797,151028,1880,0.936,0,1
2025-11-25T17:15:29.750948Z,embb,uesimtun0,148056,1804,151952,1897,1.229,0,1
2025-11-25T17:15:29.750948Z,urllc,uesimtun1,146454,1789,148676,1822,0.934,0,1
2025-11-25T17:15:29.750948Z,mmtc,uesimtun2,147649,1800,151272,1885,0.912,0,1
2025-11-25T17:15:30.000195Z,embb,uesimtun0,148221,1807,152196,1902,1.432,0,1
2025-11-25T17:15:30.000195Z,urllc,uesimtun1,146594,1792,148840,1825,0.989,0,1
2025-11-25T17:15:30.000195Z,mmtc,uesimtun2,147814,1803,151516,1890,1.054,0,1
2025-11-25T17:15:30.250598Z,embb,uesimtun0,148386,1810,152440,1907,1.262,0,1
2025-11-25T17:15:30.250598Z,urllc,uesimtun1,146734,1795,149004,1828,1.072,0,1
2025-11-25T17:15:30.250598Z,mmtc,uesimtun2,147979,1806,151760,1895,1.067,0,1
2025-11-25T17:15:30.500758Z,embb,uesimtun0,148551,1813,152684,1912,108.427,0,1
2025-11-25T17:15:30.500758Z,urllc,uesimtun1,146899,1798,149248,1833,1.198,0,1
2025-11-25T17:15:30.500758Z,mmtc,uesimtun2,148144,1809,152004,1900,1.005,0,1
2025-11-25T17:15:30.750571Z,embb,uesimtun0,148716,1816,152928,1917,1.202,0,1
2025-11-25T17:15:30.750571Z,urllc,uesimtun1,147039,1801,149412,1836,0.922,0,1
2025-11-25T17:15:30.750571Z,mmtc,uesimtun2,148309,1812,152248,1905,0.891,0,1
2025-11-25T17:15:31.000150Z,embb,uesimtun0,148881,1819,153172,1922,1.359,0,1
2025-11-25T17:15:31.000150Z,urllc,uesimtun1,147179,1804,149576,1839,0.915,0,1
2025-11-25T17:15:31.000150Z,mmtc,uesimtun2,148474,1815,152492,1910,1.009,0,1
2025-11-25T17:15:31.250148Z,embb,uesimtun0,149046,1822,153416,1927,1.341,0,1
2025-11-25T17:15:31.250148Z,urllc,uesimtun1,147319,1807,149740,1842,0.897,0,1
2025-11-25T17:15:31.250148Z,mmtc,uesimtun2,148639,1818,152736,1915,1.078,0,1
2025-11-25T17:15:31.500236Z,embb,uesimtun0,149211,1825,153660,1932,79.996,0,1
2025-11-25T17:15:31.500236Z,urllc,uesimtun1,147459,1810,149904,1845,1.038,0,1
2025-11-25T17:15:31.500236Z,mmtc,uesimtun2,148804,1821,152980,1920,0.897,0,1
2025-11-25T17:15:31.750492Z,embb,uesimtun0,149376,1828,153904,1937,1.258,0,1
2025-11-25T17:15:31.750492Z,urllc,uesimtun1,147624,1813,150148,1850,1.015,0,1
2025-11-25T17:15:31.750492Z,mmtc,uesimtun2,148944,1824,153144,1923,0.969,0,1
2025-11-25T17:15:32.001055Z,embb,uesimtun0,149541,1831,154148,1942,1.356,0,1
2025-11-25T17:15:32.001055Z,urllc,uesimtun1,147764,1816,150312,1853,1.014,0,1
2025-11-25T17:15:32.001055Z,mmtc,uesimtun2,149109,1827,153388,1928,1.072,0,1
2025-11-25T17:15:32.250600Z,embb,uesimtun0,149706,1834,154392,1947,1.320,0,1
2025-11-25T17:15:32.250600Z,urllc,uesimtun1,147904,1819,150476,1856,0.983,0,1
2025-11-25T17:15:32.250600Z,mmtc,uesimtun2,149274,1830,153632,1933,1.096,0,1
2025-11-25T17:15:32.500601Z,embb,uesimtun0,149871,1837,154636,1952,54.252,0,1
2025-11-25T17:15:32.500601Z,urllc,uesimtun1,148044,1822,150640,1859,0.994,0,1
2025-11-25T17:15:32.500601Z,mmtc,uesimtun2,149439,1833,153876,1938,0.711,0,1
2025-11-25T17:15:32.750178Z,embb,uesimtun0,150036,1840,154880,1957,1.274,0,1
2025-11-25T17:15:32.750178Z,urllc,uesimtun1,148209,1825,150884,1864,0.945,0,1
2025-11-25T17:15:32.750178Z,mmtc,uesimtun2,149579,1836,154040,1941,0.973,0,1
2025-11-25T17:15:33.002807Z,embb,uesimtun0,150201,1843,155124,1962,1.395,0,1
2025-11-25T17:15:33.002807Z,urllc,uesimtun1,148349,1828,151048,1867,1.032,0,1
2025-11-25T17:15:33.002807Z,mmtc,uesimtun2,149744,1839,154284,1946,0.997,0,1
2025-11-25T17:15:33.250203Z,embb,uesimtun0,150366,1846,155368,1967,19.471,0,1
2025-11-25T17:15:33.250203Z,urllc,uesimtun1,148489,1831,151212,1870,,1,1
2025-11-25T17:15:33.250203Z,mmtc,uesimtun2,149909,1842,154528,1951,0.973,0,1
2025-11-25T17:15:33.500495Z,embb,uesimtun0,150531,1849,155612,1972,58.902,0,1
2025-11-25T17:15:33.500495Z,urllc,uesimtun1,148529,1832,151272,1871,,1,1
2025-11-25T17:15:33.500495Z,mmtc,uesimtun2,150074,1845,154772,1956,0.971,0,1
2025-11-25T17:15:33.750129Z,embb,uesimtun0,150696,1852,155856,1977,1.328,0,1
2025-11-25T17:15:33.750129Z,urllc,uesimtun1,148569,1833,151332,1872,0.988,0,1
2025-11-25T17:15:33.750129Z,mmtc,uesimtun2,150239,1848,155016,1961,0.944,0,1
2025-11-25T17:15:34.000286Z,embb,uesimtun0,150861,1855,156100,1982,1.330,0,1
2025-11-25T17:15:34.000286Z,urllc,uesimtun1,148709,1836,151496,1875,0.996,0,1
2025-11-25T17:15:34.000286Z,mmtc,uesimtun2,150404,1851,155260,1966,0.994,0,1
2025-11-25T17:15:34.250122Z,embb,uesimtun0,151026,1858,156344,1987,1.492,0,1
2025-11-25T17:15:34.250122Z,urllc,uesimtun1,148874,1839,151740,1880,0.969,0,1
2025-11-25T17:15:34.250122Z,mmtc,uesimtun2,150544,1854,155424,1969,1.049,0,1
2025-11-25T17:15:34.500698Z,embb,uesimtun0,151191,1861,156588,1992,49.061,0,1
2025-11-25T17:15:34.500698Z,urllc,uesimtun1,149014,1842,151904,1883,,1,1
2025-11-25T17:15:34.500698Z,mmtc,uesimtun2,150709,1857,155668,1974,0.923,0,1
2025-11-25T17:15:34.750540Z,embb,uesimtun0,151356,1864,156832,1997,1.250,0,1
2025-11-25T17:15:34.750540Z,urllc,uesimtun1,149054,1843,151964,1884,0.962,0,1
2025-11-25T17:15:34.750540Z,mmtc,uesimtun2,150874,1860,155912,1979,0.932,0,1
2025-11-25T17:15:35.000856Z,embb,uesimtun0,151521,1867,157076,2002,1.491,0,1
2025-11-25T17:15:35.000856Z,urllc,uesimtun1,149194,1846,152128,1887,1.166,0,1
2025-11-25T17:15:35.000856Z,mmtc,uesimtun2,151039,1863,156156,1984,0.916,0,1
2025-11-25T17:15:35.250476Z,embb,uesimtun0,151686,1870,157320,2007,19.259,0,1
2025-11-25T17:15:35.250476Z,urllc,uesimtun1,149334,1849,152292,1890,1.078,0,1
2025-11-25T17:15:35.250476Z,mmtc,uesimtun2,151204,1866,156400,1989,1.174,0,1
2025-11-25T17:15:35.500238Z,embb,uesimtun0,151851,1873,157564,2012,53.552,0,1
2025-11-25T17:15:35.500238Z,urllc,uesimtun1,149474,1852,152456,1893,,1,1
2025-11-25T17:15:35.500238Z,mmtc,uesimtun2,151369,1869,156644,1994,0.964,0,1
2025-11-25T17:15:35.750752Z,embb,uesimtun0,152016,1876,157808,2017,1.247,0,1
2025-11-25T17:15:35.750752Z,urllc,uesimtun1,149514,1853,152516,1894,0.943,0,1
2025-11-25T17:15:35.750752Z,mmtc,uesimtun2,151534,1872,156888,1999,0.956,0,1
2025-11-25T17:15:36.000189Z,embb,uesimtun0,152181,1879,158052,2022,1.298,0,1
2025-11-25T17:15:36.000189Z,urllc,uesimtun1,149654,1856,152680,1897,1.027,0,1
2025-11-25T17:15:36.000189Z,mmtc,uesimtun2,151699,1875,157132,2004,1.102,0,1
2025-11-25T17:15:36.250212Z,embb,uesimtun0,152346,1882,158296,2027,19.430,0,1
2025-11-25T17:15:36.250212Z,urllc,uesimtun1,149794,1859,152844,1900,1.026,0,1
2025-11-25T17:15:36.250212Z,mmtc,uesimtun2,151864,1878,157376,2009,1.172,0,1
2025-11-25T17:15:36.500349Z,embb,uesimtun0,152511,1885,158540,2032,69.435,0,1
2025-11-25T17:15:36.500349Z,urllc,uesimtun1,149934,1862,153008,1903,1.026,0,1
2025-11-25T17:15:36.500349Z,mmtc,uesimtun2,152029,1881,157620,2014,1.229,0,1
2025-11-25T17:15:36.750893Z,embb,uesimtun0,152676,1888,158784,2037,1.304,0,1
2025-11-25T17:15:36.750893Z,urllc,uesimtun1,150151,1866,153252,1908,0.973,0,1
2025-11-25T17:15:36.750893Z,mmtc,uesimtun2,152169,1884,157784,2017,0.857,0,1
2025-11-25T17:15:37.000501Z,embb,uesimtun0,152841,1891,159028,2042,1.256,0,1
2025-11-25T17:15:37.000501Z,urllc,uesimtun1,150291,1869,153416,1911,0.981,0,1
2025-11-25T17:15:37.000501Z,mmtc,uesimtun2,152334,1887,158028,2022,0.897,0,1
2025-11-25T17:15:37.250349Z,embb,uesimtun0,153006,1894,159272,2047,19.393,0,1
2025-11-25T17:15:37.250349Z,urllc,uesimtun1,150431,1872,153580,1914,,1,1
2025-11-25T17:15:37.250349Z,mmtc,uesimtun2,152499,1890,158272,2027,1.091,0,1
2025-11-25T17:15:37.500865Z,embb,uesimtun0,153171,1897,159516,2052,52.794,0,1
2025-11-25T17:15:37.500865Z,urllc,uesimtun1,150471,1873,153640,1915,0.963,0,1
2025-11-25T17:15:37.500865Z,mmtc,uesimtun2,152664,1893,158516,2032,1.086,0,1
2025-11-25T17:15:37.750352Z,embb,uesimtun0,153336,1900,159760,2057,1.291,0,1
2025-11-25T17:15:37.750352Z,urllc,uesimtun1,150611,1876,153804,1918,0.968,0,1
2025-11-25T17:15:37.750352Z,mmtc,uesimtun2,152829,1896,158760,2037,1.267,0,1
2025-11-25T17:15:38.000211Z,embb,uesimtun0,153501,1903,160004,2062,1.404,0,1
2025-11-25T17:15:38.000211Z,urllc,uesimtun1,150751,1879,153968,1921,0.959,0,1
2025-11-25T17:15:38.000211Z,mmtc,uesimtun2,152994,1899,159004,2042,1.035,0,1
2025-11-25T17:15:38.250566Z,embb,uesimtun0,153666,1906,160248,2067,1.524,0,1
2025-11-25T17:15:38.250566Z,urllc,uesimtun1,150891,1882,154132,1924,0.976,0,1
2025-11-25T17:15:38.250566Z,mmtc,uesimtun2,153159,1902,159248,2047,1.035,0,1
2025-11-25T17:15:38.500412Z,embb,uesimtun0,153831,1909,160492,2072,69.507,0,1
2025-11-25T17:15:38.500412Z,urllc,uesimtun1,151031,1885,154296,1927,1.683,0,1
2025-11-25T17:15:38.500412Z,mmtc,uesimtun2,153324,1905,159492,2052,1.146,0,1
2025-11-25T17:15:38.750593Z,embb,uesimtun0,153996,1912,160736,2077,1.203,0,1
2025-11-25T17:15:38.750593Z,urllc,uesimtun1,151196,1888,154540,1932,0.939,0,1
2025-11-25T17:15:38.750593Z,mmtc,uesimtun2,153489,1908,159736,2057,0.991,0,1
2025-11-25T17:15:39.000821Z,embb,uesimtun0,154161,1915,160980,2082,1.371,0,1
2025-11-25T17:15:39.000821Z,urllc,uesimtun1,151336,1891,154704,1935,0.960,0,1
2025-11-25T17:15:39.000821Z,mmtc,uesimtun2,153654,1911,159980,2062,0.966,0,1
2025-11-25T17:15:39.249927Z,embb,uesimtun0,154326,1918,161224,2087,21.767,0,1
2025-11-25T17:15:39.249927Z,urllc,uesimtun1,151476,1894,154868,1938,2.492,0,1
2025-11-25T17:15:39.249927Z,mmtc,uesimtun2,153819,1914,160224,2067,0.857,0,1
2025-11-25T17:15:39.571908Z,embb,uesimtun0,154491,1921,161468,2092,1.482,0,1
2025-11-25T17:15:39.571908Z,urllc,uesimtun1,151641,1897,155112,1943,3.065,0,1
2025-11-25T17:15:39.571908Z,mmtc,uesimtun2,153959,1917,160388,2070,0.909,0,1
2025-11-25T17:15:39.750941Z,embb,uesimtun0,154656,1924,161712,2097,1.418,0,1
2025-11-25T17:15:39.750941Z,urllc,uesimtun1,151781,1900,155276,1946,0.870,0,1
2025-11-25T17:15:39.750941Z,mmtc,uesimtun2,154124,1920,160632,2075,0.925,0,1
2025-11-25T17:15:40.000386Z,embb,uesimtun0,154821,1927,161956,2102,1.382,0,1
2025-11-25T17:15:40.000386Z,urllc,uesimtun1,151921,1903,155440,1949,0.905,0,1
2025-11-25T17:15:40.000386Z,mmtc,uesimtun2,154341,1924,160876,2080,0.864,0,1
2025-11-25T17:15:40.250166Z,embb,uesimtun0,154986,1930,162200,2107,9.196,0,1
2025-11-25T17:15:40.250166Z,urllc,uesimtun1,152061,1906,155604,1952,,1,1
2025-11-25T17:15:40.250166Z,mmtc,uesimtun2,154506,1927,161120,2085,0.919,0,1
2025-11-25T17:15:40.500778Z,embb,uesimtun0,155151,1933,162444,2112,53.803,0,1
2025-11-25T17:15:40.500778Z,urllc,uesimtun1,152101,1907,155664,1953,,1,1
2025-11-25T17:15:40.500778Z,mmtc,uesimtun2,154671,1930,161364,2090,1.020,0,1
2025-11-25T17:15:40.750320Z,embb,uesimtun0,155316,1936,162688,2117,1.519,0,1
2025-11-25T17:15:40.750320Z,urllc,uesimtun1,152141,1908,155724,1954,0.973,0,1
2025-11-25T17:15:40.750320Z,mmtc,uesimtun2,154836,1933,161608,2095,1.709,0,1
2025-11-25T17:15:41.000607Z,embb,uesimtun0,155481,1939,162932,2122,1.353,0,1
2025-11-25T17:15:41.000607Z,urllc,uesimtun1,152306,1911,155968,1959,1.005,0,1
2025-11-25T17:15:41.000607Z,mmtc,uesimtun2,154976,1936,161772,2098,1.017,0,1
2025-11-25T17:15:41.250263Z,embb,uesimtun0,155646,1942,163176,2127,39.027,0,1
2025-11-25T17:15:41.250263Z,urllc,uesimtun1,152471,1914,156212,1964,,1,1
2025-11-25T17:15:41.250263Z,mmtc,uesimtun2,155141,1939,162016,2103,0.918,0,1
2025-11-25T17:15:41.500841Z,embb,uesimtun0,155811,1945,163420,2132,58.837,0,1
2025-11-25T17:15:41.500841Z,urllc,uesimtun1,152511,1915,156272,1965,1.009,0,1
2025-11-25T17:15:41.500841Z,mmtc,uesimtun2,155306,1942,162260,2108,0.978,0,1
2025-11-25T17:15:41.750245Z,embb,uesimtun0,155976,1948,163664,2137,1.514,0,1
2025-11-25T17:15:41.750245Z,urllc,uesimtun1,152651,1918,156436,1968,1.080,0,1
2025-11-25T17:15:41.750245Z,mmtc,uesimtun2,155471,1945,162504,2113,,1,1
2025-11-25T17:15:42.000610Z,embb,uesimtun0,156141,1951,163908,2142,1.384,0,1
2025-11-25T17:15:42.000610Z,urllc,uesimtun1,152816,1921,156680,1973,1.106,0,1
2025-11-25T17:15:42.000610Z,mmtc,uesimtun2,155511,1946,162564,2114,0.735,0,1
2025-11-25T17:15:42.250276Z,embb,uesimtun0,156306,1954,164152,2147,8.458,0,1
2025-11-25T17:15:42.250276Z,urllc,uesimtun1,152956,1924,156844,1976,1.165,0,1
2025-11-25T17:15:42.250276Z,mmtc,uesimtun2,155676,1949,162808,2119,1.086,0,1
2025-11-25T17:15:42.500919Z,embb,uesimtun0,156471,1957,164396,2152,69.705,0,1
2025-11-25T17:15:42.500919Z,urllc,uesimtun1,153096,1927,157008,1979,1.190,0,1
2025-11-25T17:15:42.500919Z,mmtc,uesimtun2,155841,1952,163052,2124,0.989,0,1
2025-11-25T17:15:42.750828Z,embb,uesimtun0,156636,1960,164640,2157,1.375,0,1
2025-11-25T17:15:42.750828Z,urllc,uesimtun1,153261,1930,157252,1984,0.926,0,1
2025-11-25T17:15:42.750828Z,mmtc,uesimtun2,156006,1955,163296,2129,0.857,0,1
2025-11-25T17:15:43.000866Z,embb,uesimtun0,156801,1963,164884,2162,1.451,0,1
2025-11-25T17:15:43.000866Z,urllc,uesimtun1,153401,1933,157416,1987,0.956,0,1
2025-11-25T17:15:43.000866Z,mmtc,uesimtun2,156171,1958,163540,2134,0.947,0,1
2025-11-25T17:15:43.250272Z,embb,uesimtun0,156966,1966,165128,2167,18.887,0,1
2025-11-25T17:15:43.250272Z,urllc,uesimtun1,153541,1936,157580,1990,0.984,0,1
2025-11-25T17:15:43.250272Z,mmtc,uesimtun2,156336,1961,163784,2139,,1,1
2025-11-25T17:15:43.500440Z,embb,uesimtun0,157131,1969,165372,2172,80.099,0,1
2025-11-25T17:15:43.500440Z,urllc,uesimtun1,153706,1939,157824,1995,1.380,0,1
2025-11-25T17:15:43.500440Z,mmtc,uesimtun2,156376,1962,163844,2140,0.894,0,1
2025-11-25T17:15:43.750785Z,embb,uesimtun0,157296,1972,165616,2177,1.403,0,1
2025-11-25T17:15:43.750785Z,urllc,uesimtun1,153846,1942,157988,1998,,1,1
2025-11-25T17:15:43.750785Z,mmtc,uesimtun2,156541,1965,164088,2145,1.088,0,1
2025-11-25T17:15:44.000401Z,embb,uesimtun0,157461,1975,165860,2182,3.809,0,1
2025-11-25T17:15:44.000401Z,urllc,uesimtun1,153886,1943,158048,1999,1.168,0,1
2025-11-25T17:15:44.000401Z,mmtc,uesimtun2,156706,1968,164332,2150,0.955,0,1
2025-11-25T17:15:44.250624Z,embb,uesimtun0,157626,1978,166104,2187,18.641,0,1
2025-11-25T17:15:44.250624Z,urllc,uesimtun1,154026,1946,158212,2002,1.015,0,1
2025-11-25T17:15:44.250624Z,mmtc,uesimtun2,156871,1971,164576,2155,0.955,0,1
2025-11-25T17:15:44.500758Z,embb,uesimtun0,157791,1981,166348,2192,53.983,0,1
2025-11-25T17:15:44.500758Z,urllc,uesimtun1,154191,1949,158456,2007,,1,1
2025-11-25T17:15:44.500758Z,mmtc,uesimtun2,157011,1974,164740,2158,1.291,0,1
2025-11-25T17:15:44.750221Z,embb,uesimtun0,157956,1984,166592,2197,2.652,0,1
2025-11-25T17:15:44.750221Z,urllc,uesimtun1,154231,1950,158516,2008,0.948,0,1
2025-11-25T17:15:44.750221Z,mmtc,uesimtun2,157176,1977,164984,2163,1.336,0,1
2025-11-25T17:15:45.000602Z,embb,uesimtun0,158121,1987,166836,2202,1.544,0,1
2025-11-25T17:15:45.000602Z,urllc,uesimtun1,154371,1953,158680,2011,1.030,0,1
2025-11-25T17:15:45.000602Z,mmtc,uesimtun2,157341,1980,165228,2168,0.895,0,1
2025-11-25T17:15:45.250215Z,embb,uesimtun0,158286,1990,167080,2207,13.602,0,1
2025-11-25T17:15:45.250215Z,urllc,uesimtun1,154511,1956,158844,2014,1.566,0,1
2025-11-25T17:15:45.250215Z,mmtc,uesimtun2,157506,1983,165472,2173,0.853,0,1
2025-11-25T17:15:45.500297Z,embb,uesimtun0,158451,1993,167324,2212,68.012,0,1
2025-11-25T17:15:45.500297Z,urllc,uesimtun1,154651,1959,159008,2017,0.947,0,1
2025-11-25T17:15:45.500297Z,mmtc,uesimtun2,157671,1986,165716,2178,1.586,0,1
2025-11-25T17:15:45.749900Z,embb,uesimtun0,158616,1996,167568,2217,1.414,0,1
2025-11-25T17:15:45.749900Z,urllc,uesimtun1,154791,1962,159172,2020,,1,1
2025-11-25T17:15:45.749900Z,mmtc,uesimtun2,157836,1989,165960,2183,1.081,0,1
2025-11-25T17:15:46.000286Z,embb,uesimtun0,158781,1999,167812,2222,1.673,0,1
2025-11-25T17:15:46.000286Z,urllc,uesimtun1,154831,1963,159232,2021,,1,1
2025-11-25T17:15:46.000286Z,mmtc,uesimtun2,158001,1992,166204,2188,0.990,0,1
2025-11-25T17:15:46.250388Z,embb,uesimtun0,158946,2002,168056,2227,10.970,0,1
2025-11-25T17:15:46.250388Z,urllc,uesimtun1,154871,1964,159292,2022,,1,1
2025-11-25T17:15:46.250388Z,mmtc,uesimtun2,158166,1995,166448,2193,0.968,0,1
2025-11-25T17:15:46.500572Z,embb,uesimtun0,159111,2005,168300,2232,53.826,0,1
2025-11-25T17:15:46.500572Z,urllc,uesimtun1,154911,1965,159352,2023,1.063,0,1
2025-11-25T17:15:46.500572Z,mmtc,uesimtun2,158331,1998,166692,2198,0.867,0,1
2025-11-25T17:15:46.750332Z,embb,uesimtun0,159276,2008,168544,2237,1.286,0,1
2025-11-25T17:15:46.750332Z,urllc,uesimtun1,155051,1968,159516,2026,1.032,0,1
2025-11-25T17:15:46.750332Z,mmtc,uesimtun2,158496,2001,166936,2203,1.011,0,1
2025-11-25T17:15:47.000528Z,embb,uesimtun0,159441,2011,168788,2242,1.507,0,1
2025-11-25T17:15:47.000528Z,urllc,uesimtun1,155191,1971,159680,2029,0.940,0,1
2025-11-25T17:15:47.000528Z,mmtc,uesimtun2,158661,2004,167180,2208,0.944,0,1
2025-11-25T17:15:47.250779Z,embb,uesimtun0,159606,2014,169032,2247,18.462,0,1
2025-11-25T17:15:47.250779Z,urllc,uesimtun1,155331,1974,159844,2032,1.089,0,1
2025-11-25T17:15:47.250779Z,mmtc,uesimtun2,158826,2007,167424,2213,0.914,0,1
2025-11-25T17:15:47.500440Z,embb,uesimtun0,159771,2017,169276,2252,69.110,0,1
2025-11-25T17:15:47.500440Z,urllc,uesimtun1,155471,1977,160008,2035,1.097,0,1
2025-11-25T17:15:47.500440Z,mmtc,uesimtun2,158991,2010,167668,2218,1.219,0,1
2025-11-25T17:15:47.750062Z,embb,uesimtun0,159936,2020,169520,2257,1.525,0,1
2025-11-25T17:15:47.750062Z,urllc,uesimtun1,155636,1980,160252,2040,0.963,0,1
2025-11-25T17:15:47.750062Z,mmtc,uesimtun2,159156,2013,167912,2223,0.938,0,1
2025-11-25T17:15:48.000312Z,embb,uesimtun0,160101,2023,169764,2262,1.448,0,1
2025-11-25T17:15:48.000312Z,urllc,uesimtun1,155801,1983,160496,2045,,1,1
2025-11-25T17:15:48.000312Z,mmtc,uesimtun2,159296,2016,168076,2226,1.081,0,1
2025-11-25T17:15:48.250229Z,embb,uesimtun0,160266,2026,170008,2267,18.693,0,1
2025-11-25T17:15:48.250229Z,urllc,uesimtun1,155841,1984,160556,2046,1.078,0,1
2025-11-25T17:15:48.250229Z,mmtc,uesimtun2,159513,2020,168320,2231,0.975,0,1
2025-11-25T17:15:48.571889Z,embb,uesimtun0,160431,2029,170252,2272,1.467,0,1
2025-11-25T17:15:48.571889Z,urllc,uesimtun1,155981,1987,160720,2049,0.987,0,1
2025-11-25T17:15:48.571889Z,mmtc,uesimtun2,159678,2023,168564,2236,1.164,0,1
2025-11-25T17:15:48.750321Z,embb,uesimtun0,160596,2032,170496,2277,1.164,0,1
2025-11-25T17:15:48.750321Z,urllc,uesimtun1,156146,1990,160964,2054,1.030,0,1
2025-11-25T17:15:48.750321Z,mmtc,uesimtun2,159843,2026,168808,2241,0.936,0,1
2025-11-25T17:15:49.000153Z,embb,uesimtun0,160761,2035,170740,2282,1.230,0,1
2025-11-25T17:15:49.000153Z,urllc,uesimtun1,156286,1993,161128,2057,1.063,0,1
2025-11-25T17:15:49.000153Z,mmtc,uesimtun2,160008,2029,169052,2246,1.112,0,1
2025-11-25T17:15:49.250349Z,embb,uesimtun0,160926,2038,170984,2287,18.762,0,1
2025-11-25T17:15:49.250349Z,urllc,uesimtun1,156426,1996,161292,2060,1.150,0,1
2025-11-25T17:15:49.250349Z,mmtc,uesimtun2,160173,2032,169296,2251,1.039,0,1
2025-11-25T17:15:49.580961Z,embb,uesimtun0,161091,2041,171228,2292,1.236,0,1
2025-11-25T17:15:49.580961Z,urllc,uesimtun1,156566,1999,161456,2063,1.202,0,1
2025-11-25T17:15:49.580961Z,mmtc,uesimtun2,160338,2035,169540,2256,0.968,0,1
2025-11-25T17:15:49.750062Z,embb,uesimtun0,161256,2044,171472,2297,1.291,0,1
2025-11-25T17:15:49.750062Z,urllc,uesimtun1,156731,2002,161700,2068,0.949,0,1
2025-11-25T17:15:49.750062Z,mmtc,uesimtun2,160478,2038,169704,2259,1.143,0,1
2025-11-25T17:15:50.000364Z,embb,uesimtun0,161421,2047,171716,2302,1.553,0,1
2025-11-25T17:15:50.000364Z,urllc,uesimtun1,156871,2005,161864,2071,1.127,0,1
2025-11-25T17:15:50.000364Z,mmtc,uesimtun2,160643,2041,169948,2264,0.978,0,1
2025-11-25T17:15:50.250632Z,embb,uesimtun0,161586,2050,171960,2307,12.180,0,1
2025-11-25T17:15:50.250632Z,urllc,uesimtun1,157011,2008,162028,2074,1.356,0,1
2025-11-25T17:15:50.250632Z,mmtc,uesimtun2,160808,2044,170192,2269,,1,1
2025-11-25T17:15:50.500446Z,embb,uesimtun0,161803,2054,172204,2312,1.439,0,1
2025-11-25T17:15:50.500446Z,urllc,uesimtun1,157176,2011,162272,2079,1.091,0,1
2025-11-25T17:15:50.500446Z,mmtc,uesimtun2,160848,2045,170252,2270,1.112,0,1
2025-11-25T17:15:50.750341Z,embb,uesimtun0,161968,2057,172448,2317,1.601,0,1
2025-11-25T17:15:50.750341Z,urllc,uesimtun1,157316,2014,162436,2082,1.071,0,1
2025-11-25T17:15:50.750341Z,mmtc,uesimtun2,161013,2048,170496,2275,1.073,0,1
2025-11-25T17:15:51.000762Z,embb,uesimtun0,162133,2060,172692,2322,1.664,0,1
2025-11-25T17:15:51.000762Z,urllc,uesimtun1,157456,2017,162600,2085,,1,1
2025-11-25T17:15:51.000762Z,mmtc,uesimtun2,161178,2051,170740,2280,1.040,0,1
2025-11-25T17:15:51.250267Z,embb,uesimtun0,162298,2063,172936,2327,13.998,0,1
2025-11-25T17:15:51.250267Z,urllc,uesimtun1,157496,2018,162660,2086,,1,1
2025-11-25T17:15:51.250267Z,mmtc,uesimtun2,161343,2054,170984,2285,1.181,0,1
2025-11-25T17:15:51.565822Z,embb,uesimtun0,162463,2066,173180,2332,1.686,0,1
2025-11-25T17:15:51.565822Z,urllc,uesimtun1,157536,2019,162720,2087,0.985,0,1
2025-11-25T17:15:51.565822Z,mmtc,uesimtun2,161508,2057,171228,2290,1.005,0,1
2025-11-25T17:15:51.750462Z,embb,uesimtun0,162628,2069,173424,2337,1.415,0,1
2025-11-25T17:15:51.750462Z,urllc,uesimtun1,157676,2022,162884,2090,1.040,0,1
2025-11-25T17:15:51.750462Z,mmtc,uesimtun2,161673,2060,171472,2295,0.993,0,1
2025-11-25T17:15:52.000733Z,embb,uesimtun0,162793,2072,173668,2342,1.702,0,1
2025-11-25T17:15:52.000733Z,urllc,uesimtun1,157816,2025,163048,2093,1.095,0,1
2025-11-25T17:15:52.000733Z,mmtc,uesimtun2,161838,2063,171716,2300,1.173,0,1
2025-11-25T17:15:52.251472Z,embb,uesimtun0,162958,2075,173912,2347,37.201,0,1
2025-11-25T17:15:52.251472Z,urllc,uesimtun1,157956,2028,163212,2096,,1,1
2025-11-25T17:15:52.251472Z,mmtc,uesimtun2,162003,2066,171960,2305,1.002,0,1
2025-11-25T17:15:52.500545Z,embb,uesimtun0,163123,2078,174156,2352,1.565,0,1
2025-11-25T17:15:52.500545Z,urllc,uesimtun1,157996,2029,163272,2097,1.019,0,1
2025-11-25T17:15:52.500545Z,mmtc,uesimtun2,162168,2069,172204,2310,0.936,0,1
2025-11-25T17:15:52.750434Z,embb,uesimtun0,163288,2081,174400,2357,1.606,0,1
2025-11-25T17:15:52.750434Z,urllc,uesimtun1,158136,2032,163436,2100,0.987,0,1
2025-11-25T17:15:52.750434Z,mmtc,uesimtun2,162333,2072,172448,2315,1.017,0,1
2025-11-25T17:15:53.000409Z,embb,uesimtun0,163453,2084,174644,2362,1.777,0,1
2025-11-25T17:15:53.000409Z,urllc,uesimtun1,158276,2035,163600,2103,1.115,0,1
2025-11-25T17:15:53.000409Z,mmtc,uesimtun2,162498,2075,172692,2320,1.059,0,1
2025-11-25T17:15:53.250868Z,embb,uesimtun0,163618,2087,174888,2367,18.053,0,1
2025-11-25T17:15:53.250868Z,urllc,uesimtun1,158416,2038,163764,2106,1.111,0,1
2025-11-25T17:15:53.250868Z,mmtc,uesimtun2,162663,2078,172936,2325,1.155,0,1
2025-11-25T17:15:53.570781Z,embb,uesimtun0,163783,2090,175132,2372,1.281,0,1
2025-11-25T17:15:53.570781Z,urllc,uesimtun1,158556,2041,163928,2109,1.013,0,1
2025-11-25T17:15:53.570781Z,mmtc,uesimtun2,162828,2081,173180,2330,1.652,0,1
2025-11-25T17:15:53.750288Z,embb,uesimtun0,163948,2093,175376,2377,1.536,0,1
2025-11-25T17:15:53.750288Z,urllc,uesimtun1,158696,2044,164092,2112,1.036,0,1
2025-11-25T17:15:53.750288Z,mmtc,uesimtun2,162993,2084,173424,2335,1.185,0,1
2025-11-25T17:15:54.000502Z,embb,uesimtun0,164113,2096,175620,2382,1.775,0,1
2025-11-25T17:15:54.000502Z,urllc,uesimtun1,158836,2047,164256,2115,1.064,0,1
2025-11-25T17:15:54.000502Z,mmtc,uesimtun2,163158,2087,173668,2340,1.119,0,1
2025-11-25T17:15:54.250495Z,embb,uesimtun0,164278,2099,175864,2387,18.406,0,1
2025-11-25T17:15:54.250495Z,urllc,uesimtun1,158976,2050,164420,2118,1.164,0,1
2025-11-25T17:15:54.250495Z,mmtc,uesimtun2,163323,2090,173912,2345,1.025,0,1
2025-11-25T17:15:54.500174Z,embb,uesimtun0,164443,2102,176108,2392,1.354,0,1
2025-11-25T17:15:54.500174Z,urllc,uesimtun1,159116,2053,164584,2121,1.056,0,1
2025-11-25T17:15:54.500174Z,mmtc,uesimtun2,163488,2093,174156,2350,,1,1
2025-11-25T17:15:54.750259Z,embb,uesimtun0,164608,2105,176352,2397,1.205,0,1
2025-11-25T17:15:54.750259Z,urllc,uesimtun1,159281,2056,164828,2126,0.985,0,1
2025-11-25T17:15:54.750259Z,mmtc,uesimtun2,163528,2094,174216,2351,0.978,0,1
2025-11-25T17:15:55.000197Z,embb,uesimtun0,164773,2108,176596,2402,1.306,0,1
2025-11-25T17:15:55.000197Z,urllc,uesimtun1,159421,2059,164992,2129,0.937,0,1
2025-11-25T17:15:55.000197Z,mmtc,uesimtun2,163693,2097,174460,2356,0.991,0,1
2025-11-25T17:15:55.250497Z,embb,uesimtun0,164938,2111,176840,2407,29.260,0,1
2025-11-25T17:15:55.250497Z,urllc,uesimtun1,159561,2062,165156,2132,5.155,0,1
2025-11-25T17:15:55.250497Z,mmtc,uesimtun2,163858,2100,174704,2361,1.087,0,1
2025-11-25T17:15:55.591169Z,embb,uesimtun0,165103,2114,177084,2412,1.377,0,1
2025-11-25T17:15:55.591169Z,urllc,uesimtun1,159701,2065,165320,2135,0.996,0,1
2025-11-25T17:15:55.591169Z,mmtc,uesimtun2,164023,2103,174948,2366,0.935,0,1
2025-11-25T17:15:55.750034Z,embb,uesimtun0,165268,2117,177328,2417,1.418,0,1
2025-11-25T17:15:55.750034Z,urllc,uesimtun1,159841,2068,165484,2138,1.022,0,1
2025-11-25T17:15:55.750034Z,mmtc,uesimtun2,164188,2106,175192,2371,1.051,0,1
2025-11-25T17:15:56.000711Z,embb,uesimtun0,165433,2120,177572,2422,1.514,0,1
2025-11-25T17:15:56.000711Z,urllc,uesimtun1,159981,2071,165648,2141,,1,1
2025-11-25T17:15:56.000711Z,mmtc,uesimtun2,164353,2109,175436,2376,1.097,0,1
2025-11-25T17:15:56.250643Z,embb,uesimtun0,165598,2123,177816,2427,149.152,0,1
2025-11-25T17:15:56.250643Z,urllc,uesimtun1,160021,2072,165708,2142,1.023,0,1
2025-11-25T17:15:56.250643Z,mmtc,uesimtun2,164518,2112,175680,2381,1.024,0,1
2025-11-25T17:15:56.499993Z,embb,uesimtun0,165763,2126,178060,2432,69.428,0,1
2025-11-25T17:15:56.499993Z,urllc,uesimtun1,160186,2075,165952,2147,1.160,0,1
2025-11-25T17:15:56.499993Z,mmtc,uesimtun2,164683,2115,175924,2386,1.024,0,1
2025-11-25T17:15:56.750920Z,embb,uesimtun0,165928,2129,178304,2437,1.261,0,1
2025-11-25T17:15:56.750920Z,urllc,uesimtun1,160351,2078,166196,2152,1.009,0,1
2025-11-25T17:15:56.750920Z,mmtc,uesimtun2,164848,2118,176168,2391,1.010,0,1
2025-11-25T17:15:57.000285Z,embb,uesimtun0,166093,2132,178548,2442,1.410,0,1
2025-11-25T17:15:57.000285Z,urllc,uesimtun1,160491,2081,166360,2155,1.137,0,1
2025-11-25T17:15:57.000285Z,mmtc,uesimtun2,165013,2121,176412,2396,1.098,0,1
2025-11-25T17:15:57.250574Z,embb,uesimtun0,166258,2135,178792,2447,29.282,0,1
2025-11-25T17:15:57.250574Z,urllc,uesimtun1,160631,2084,166524,2158,,1,1
2025-11-25T17:15:57.250574Z,mmtc,uesimtun2,165178,2124,176656,2401,1.006,0,1
2025-11-25T17:15:57.500143Z,embb,uesimtun0,166423,2138,179036,2452,49.379,0,1
2025-11-25T17:15:57.500143Z,urllc,uesimtun1,160671,2085,166584,2159,1.046,0,1
2025-11-25T17:15:57.500143Z,mmtc,uesimtun2,165343,2127,176900,2406,1.065,0,1
2025-11-25T17:15:57.750414Z,embb,uesimtun0,166588,2141,179280,2457,1.225,0,1
2025-11-25T17:15:57.750414Z,urllc,uesimtun1,160811,2088,166748,2162,,1,1
2025-11-25T17:15:57.750414Z,mmtc,uesimtun2,165508,2130,177144,2411,0.981,0,1
2025-11-25T17:15:58.000730Z,embb,uesimtun0,166753,2144,179524,2462,1.582,0,1
2025-11-25T17:15:58.000730Z,urllc,uesimtun1,160851,2089,166808,2163,1.344,0,1
2025-11-25T17:15:58.000730Z,mmtc,uesimtun2,165673,2133,177388,2416,1.190,0,1
2025-11-25T17:15:58.250686Z,embb,uesimtun0,166918,2147,179768,2467,18.147,0,1
2025-11-25T17:15:58.250686Z,urllc,uesimtun1,161016,2092,167052,2168,0.956,0,1
2025-11-25T17:15:58.250686Z,mmtc,uesimtun2,165838,2136,177632,2421,0.981,0,1
2025-11-25T17:15:58.571281Z,embb,uesimtun0,167083,2150,180012,2472,1.434,0,1
2025-11-25T17:15:58.571281Z,urllc,uesimtun1,161156,2095,167216,2171,,1,1
2025-11-25T17:15:58.571281Z,mmtc,uesimtun2,166003,2139,177876,2426,1.037,0,1
2025-11-25T17:15:58.750340Z,embb,uesimtun0,167248,2153,180256,2477,1.403,0,1
2025-11-25T17:15:58.750340Z,urllc,uesimtun1,161196,2096,167276,2172,0.991,0,1
2025-11-25T17:15:58.750340Z,mmtc,uesimtun2,166168,2142,178120,2431,1.267,0,1
2025-11-25T17:15:59.000561Z,embb,uesimtun0,167413,2156,180500,2482,1.451,0,1
2025-11-25T17:15:59.000561Z,urllc,uesimtun1,161336,2099,167440,2175,1.189,0,1
2025-11-25T17:15:59.000561Z,mmtc,uesimtun2,166333,2145,178364,2436,1.024,0,1
2025-11-25T17:15:59.250561Z,embb,uesimtun0,167578,2159,180744,2487,18.839,0,1
2025-11-25T17:15:59.250561Z,urllc,uesimtun1,161476,2102,167604,2178,1.105,0,1
2025-11-25T17:15:59.250561Z,mmtc,uesimtun2,166498,2148,178608,2441,1.035,0,1
2025-11-25T17:15:59.571071Z,embb,uesimtun0,167743,2162,180988,2492,1.416,0,1
2025-11-25T17:15:59.571071Z,urllc,uesimtun1,161616,2105,167768,2181,0.993,0,1
2025-11-25T17:15:59.571071Z,mmtc,uesimtun2,166663,2151,178852,2446,1.020,0,1
2025-11-25T17:15:59.750729Z,embb,uesimtun0,167908,2165,181232,2497,1.318,0,1
2025-11-25T17:15:59.750729Z,urllc,uesimtun1,161756,2108,167932,2184,1.035,0,1
2025-11-25T17:15:59.750729Z,mmtc,uesimtun2,166828,2154,179096,2451,1.028,0,1
2025-11-25T17:16:00.000469Z,embb,uesimtun0,168073,2168,181476,2502,1.745,0,1
2025-11-25T17:16:00.000469Z,urllc,uesimtun1,161896,2111,168096,2187,1.377,0,1
2025-11-25T17:16:00.000469Z,mmtc,uesimtun2,166993,2157,179340,2456,1.415,0,1
2025-11-25T17:16:00.250385Z,embb,uesimtun0,168238,2171,181720,2507,53.916,0,1
2025-11-25T17:16:00.250385Z,urllc,uesimtun1,162036,2114,168260,2190,1.337,0,1
2025-11-25T17:16:00.250385Z,mmtc,uesimtun2,167210,2161,179584,2461,0.993,0,1
2025-11-25T17:16:00.499927Z,embb,uesimtun0,168403,2174,181964,2512,52.176,0,1
2025-11-25T17:16:00.499927Z,urllc,uesimtun1,162201,2117,168504,2195,,1,1
2025-11-25T17:16:00.499927Z,mmtc,uesimtun2,167375,2164,179828,2466,1.090,0,1
2025-11-25T17:16:00.750412Z,embb,uesimtun0,168568,2177,182208,2517,1.553,0,1
2025-11-25T17:16:00.750412Z,urllc,uesimtun1,162241,2118,168564,2196,1.935,0,1
2025-11-25T17:16:00.750412Z,mmtc,uesimtun2,167540,2167,180072,2471,0.923,0,1
2025-11-25T17:16:01.000423Z,embb,uesimtun0,168733,2180,182452,2522,1.578,0,1
2025-11-25T17:16:01.000423Z,urllc,uesimtun1,162381,2121,168728,2199,1.910,0,1
2025-11-25T17:16:01.000423Z,mmtc,uesimtun2,167705,2170,180316,2476,1.115,0,1
2025-11-25T17:16:01.250238Z,embb,uesimtun0,168898,2183,182696,2527,19.048,0,1
2025-11-25T17:16:01.250238Z,urllc,uesimtun1,162521,2124,168892,2202,1.424,0,1
2025-11-25T17:16:01.250238Z,mmtc,uesimtun2,167870,2173,180560,2481,1.157,0,1
2025-11-25T17:16:01.571161Z,embb,uesimtun0,169063,2186,182940,2532,1.379,0,1
2025-11-25T17:16:01.571161Z,urllc,uesimtun1,162661,2127,169056,2205,,1,1
2025-11-25T17:16:01.571161Z,mmtc,uesimtun2,168035,2176,180804,2486,1.026,0,1
2025-11-25T17:16:01.750762Z,embb,uesimtun0,169228,2189,183184,2537,1.248,0,1
2025-11-25T17:16:01.750762Z,urllc,uesimtun1,162701,2128,169116,2206,1.005,0,1
2025-11-25T17:16:01.750762Z,mmtc,uesimtun2,168200,2179,181048,2491,0.887,0,1
2025-11-25T17:16:01.999900Z,embb,uesimtun0,169393,2192,183428,2542,6.904,0,1
2025-11-25T17:16:01.999900Z,urllc,uesimtun1,162841,2131,169280,2209,1.162,0,1
2025-11-25T17:16:01.999900Z,mmtc,uesimtun2,168365,2182,181292,2496,0.983,0,1
2025-11-25T17:16:02.250830Z,embb,uesimtun0,169558,2195,183672,2547,48.514,0,1
2025-11-25T17:16:02.250830Z,urllc,uesimtun1,162981,2134,169444,2212,,1,1
2025-11-25T17:16:02.250830Z,mmtc,uesimtun2,168530,2185,181536,2501,0.999,0,1
2025-11-25T17:16:02.500566Z,embb,uesimtun0,169723,2198,183916,2552,93.885,0,1
2025-11-25T17:16:02.500566Z,urllc,uesimtun1,163021,2135,169504,2213,3.372,0,1
2025-11-25T17:16:02.500566Z,mmtc,uesimtun2,168695,2188,181780,2506,1.027,0,1
2025-11-25T17:16:02.750055Z,embb,uesimtun0,169888,2201,184160,2557,1.452,0,1
2025-11-25T17:16:02.750055Z,urllc,uesimtun1,163186,2138,169748,2218,0.983,0,1
2025-11-25T17:16:02.750055Z,mmtc,uesimtun2,168860,2191,182024,2511,1.111,0,1
2025-11-25T17:16:03.000559Z,embb,uesimtun0,170053,2204,184404,2562,1.526,0,1
2025-11-25T17:16:03.000559Z,urllc,uesimtun1,163326,2141,169912,2221,1.156,0,1
2025-11-25T17:16:03.000559Z,mmtc,uesimtun2,169025,2194,182268,2516,1.055,0,1
2025-11-25T17:16:03.251005Z,embb,uesimtun0,170218,2207,184648,2567,27.962,0,1
2025-11-25T17:16:03.251005Z,urllc,uesimtun1,163466,2144,170076,2224,1.344,0,1
2025-11-25T17:16:03.251005Z,mmtc,uesimtun2,169190,2197,182512,2521,1.086,0,1
2025-11-25T17:16:03.500301Z,embb,uesimtun0,170383,2210,184892,2572,69.314,0,1
2025-11-25T17:16:03.500301Z,urllc,uesimtun1,163631,2147,170320,2229,1.212,0,1
2025-11-25T17:16:03.500301Z,mmtc,uesimtun2,169330,2200,182676,2524,1.056,0,1
2025-11-25T17:16:03.750988Z,embb,uesimtun0,170548,2213,185136,2577,1.326,0,1
2025-11-25T17:16:03.750988Z,urllc,uesimtun1,163796,2150,170564,2234,,1,1
2025-11-25T17:16:03.750988Z,mmtc,uesimtun2,169470,2203,182840,2527,0.945,0,1
2025-11-25T17:16:04.000604Z,embb,uesimtun0,170713,2216,185380,2582,1.470,0,1
2025-11-25T17:16:04.000604Z,urllc,uesimtun1,163836,2151,170624,2235,1.162,0,1
2025-11-25T17:16:04.000604Z,mmtc,uesimtun2,169635,2206,183084,2532,1.156,0,1
2025-11-25T17:16:04.250124Z,embb,uesimtun0,170878,2219,185624,2587,79.065,0,1
2025-11-25T17:16:04.250124Z,urllc,uesimtun1,163976,2154,170788,2238,1.112,0,1
2025-11-25T17:16:04.250124Z,mmtc,uesimtun2,169800,2209,183328,2537,0.925,0,1
2025-11-25T17:16:04.500776Z,embb,uesimtun0,171043,2222,185868,2592,48.786,0,1
2025-11-25T17:16:04.500776Z,urllc,uesimtun1,164141,2157,171032,2243,,1,1
2025-11-25T17:16:04.500776Z,mmtc,uesimtun2,169940,2212,183492,2540,0.952,0,1
2025-11-25T17:16:04.750480Z,embb,uesimtun0,171208,2225,186112,2597,1.493,0,1
2025-11-25T17:16:04.750480Z,urllc,uesimtun1,164181,2158,171092,2244,0.932,0,1
2025-11-25T17:16:04.750480Z,mmtc,uesimtun2,170105,2215,183736,2545,0.955,0,1
2025-11-25T17:16:05.000137Z,embb,uesimtun0,171373,2228,186356,2602,1.507,0,1
2025-11-25T17:16:05.000137Z,urllc,uesimtun1,164321,2161,171256,2247,1.097,0,1
2025-11-25T17:16:05.000137Z,mmtc,uesimtun2,170270,2218,183980,2550,1.241,0,1
2025-11-25T17:16:05.250941Z,embb,uesimtun0,171538,2231,186600,2607,18.397,0,1
2025-11-25T17:16:05.250941Z,urllc,uesimtun1,164461,2164,171420,2250,1.312,0,1
2025-11-25T17:16:05.250941Z,mmtc,uesimtun2,170435,2221,184224,2555,0.982,0,1
2025-11-25T17:16:05.500413Z,embb,uesimtun0,171703,2234,186844,2612,110.156,0,1
2025-11-25T17:16:05.500413Z,urllc,uesimtun1,164601,2167,171584,2253,1.852,0,1
2025-11-25T17:16:05.500413Z,mmtc,uesimtun2,170600,2224,184468,2560,,1,1
2025-11-25T17:16:05.750288Z,embb,uesimtun0,171868,2237,187088,2617,1.436,0,1
2025-11-25T17:16:05.750288Z,urllc,uesimtun1,164766,2170,171828,2258,0.997,0,1
2025-11-25T17:16:05.750288Z,mmtc,uesimtun2,170640,2225,184528,2561,0.960,0,1
2025-11-25T17:16:06.000815Z,embb,uesimtun0,172033,2240,187332,2622,5.782,0,1
2025-11-25T17:16:06.000815Z,urllc,uesimtun1,164931,2173,172072,2263,1.079,0,1
2025-11-25T17:16:06.000815Z,mmtc,uesimtun2,170780,2228,184692,2564,1.271,0,1
2025-11-25T17:16:06.250570Z,embb,uesimtun0,172198,2243,187576,2627,28.973,0,1
2025-11-25T17:16:06.250570Z,urllc,uesimtun1,165071,2176,172236,2266,1.093,0,1
2025-11-25T17:16:06.250570Z,mmtc,uesimtun2,170945,2231,184936,2569,1.198,0,1
2025-11-25T17:16:06.500713Z,embb,uesimtun0,172363,2246,187820,2632,49.021,0,1
2025-11-25T17:16:06.500713Z,urllc,uesimtun1,165211,2179,172400,2269,,1,1
2025-11-25T17:16:06.500713Z,mmtc,uesimtun2,171110,2234,185180,2574,0.897,0,1
2025-11-25T17:16:06.750106Z,embb,uesimtun0,172528,2249,188064,2637,1.481,0,1
2025-11-25T17:16:06.750106Z,urllc,uesimtun1,165251,2180,172460,2270,0.959,0,1
2025-11-25T17:16:06.750106Z,mmtc,uesimtun2,171275,2237,185424,2579,1.062,0,1
2025-11-25T17:16:07.000754Z,embb,uesimtun0,172693,2252,188308,2642,1.525,0,1
2025-11-25T17:16:07.000754Z,urllc,uesimtun1,165391,2183,172624,2273,1.247,0,1
2025-11-25T17:16:07.000754Z,mmtc,uesimtun2,171440,2240,185668,2584,1.053,0,1
2025-11-25T17:16:07.250312Z,embb,uesimtun0,172858,2255,188552,2647,39.021,0,1
2025-11-25T17:16:07.250312Z,urllc,uesimtun1,165531,2186,172788,2276,1.096,0,1
2025-11-25T17:16:07.250312Z,mmtc,uesimtun2,171605,2243,185912,2589,1.051,0,1
2025-11-25T17:16:07.500387Z,embb,uesimtun0,173023,2258,188796,2652,49.811,0,1
2025-11-25T17:16:07.500387Z,urllc,uesimtun1,165671,2189,172952,2279,,1,1
2025-11-25T17:16:07.500387Z,mmtc,uesimtun2,171822,2247,186156,2594,0.942,0,1
2025-11-25T17:16:07.750056Z,embb,uesimtun0,173188,2261,189040,2657,1.361,0,1
2025-11-25T17:16:07.750056Z,urllc,uesimtun1,165711,2190,173012,2280,1.009,0,1
2025-11-25T17:16:07.750056Z,mmtc,uesimtun2,171987,2250,186400,2599,1.018,0,1
2025-11-25T17:16:08.000808Z,embb,uesimtun0,173353,2264,189284,2662,1.386,0,1
2025-11-25T17:16:08.000808Z,urllc,uesimtun1,165851,2193,173176,2283,1.136,0,1
2025-11-25T17:16:08.000808Z,mmtc,uesimtun2,172152,2253,186644,2604,1.077,0,1
2025-11-25T17:16:08.250389Z,embb,uesimtun0,173518,2267,189528,2667,19.324,0,1
2025-11-25T17:16:08.250389Z,urllc,uesimtun1,165991,2196,173340,2286,1.094,0,1
2025-11-25T17:16:08.250389Z,mmtc,uesimtun2,172317,2256,186888,2609,1.067,0,1
2025-11-25T17:16:08.972397Z,embb,uesimtun0,173683,2270,189772,2672,4.937,0,1
2025-11-25T17:16:08.972397Z,urllc,uesimtun1,166131,2199,173504,2289,1.124,0,1
2025-11-25T17:16:08.972397Z,mmtc,uesimtun2,172482,2259,187132,2614,0.931,0,1
2025-11-25T17:16:08.982952Z,embb,uesimtun0,173848,2273,190016,2677,0.942,0,1
2025-11-25T17:16:08.982952Z,urllc,uesimtun1,166271,2202,173668,2292,0.980,0,1
2025-11-25T17:16:08.982952Z,mmtc,uesimtun2,172647,2262,187376,2619,0.774,0,1
2025-11-25T17:16:09.233384Z,embb,uesimtun0,174013,2276,190260,2682,56.165,0,1
2025-11-25T17:16:09.233384Z,urllc,uesimtun1,166411,2205,173832,2295,1.303,0,1
2025-11-25T17:16:09.233384Z,mmtc,uesimtun2,172812,2265,187620,2624,1.030,0,1
2025-11-25T17:16:09.483569Z,embb,uesimtun0,174178,2279,190504,2687,,1,1
2025-11-25T17:16:09.483569Z,urllc,uesimtun1,166576,2208,174076,2300,20.618,0,1
2025-11-25T17:16:09.483569Z,mmtc,uesimtun2,172977,2268,187864,2629,2.550,0,1
2025-11-25T17:16:10.134599Z,embb,uesimtun0,174238,2280,190604,2689,2.502,0,1
2025-11-25T17:16:10.134599Z,urllc,uesimtun1,166741,2211,174320,2305,0.828,0,1
2025-11-25T17:16:10.134599Z,mmtc,uesimtun2,173117,2271,188028,2632,0.599,0,1
2025-11-25T17:16:10.385082Z,embb,uesimtun0,174403,2283,190848,2694,29.095,0,1
2025-11-25T17:16:10.385082Z,urllc,uesimtun1,166881,2214,174484,2308,,1,1
2025-11-25T17:16:10.385082Z,mmtc,uesimtun2,173282,2274,188272,2637,0.961,0,1
2025-11-25T17:16:10.635077Z,embb,uesimtun0,174568,2286,191092,2699,1.353,0,1
2025-11-25T17:16:10.635077Z,urllc,uesimtun1,166921,2215,174544,2309,0.966,0,1
2025-11-25T17:16:10.635077Z,mmtc,uesimtun2,173447,2277,188516,2642,0.898,0,1
2025-11-25T17:16:10.884901Z,embb,uesimtun0,174733,2289,191336,2704,24.915,0,1
2025-11-25T17:16:10.884901Z,urllc,uesimtun1,167061,2218,174708,2312,1.749,0,1
2025-11-25T17:16:10.884901Z,mmtc,uesimtun2,173612,2280,188760,2647,0.973,0,1
2025-11-25T17:16:11.134704Z,embb,uesimtun0,174898,2292,191580,2709,1.407,0,1
2025-11-25T17:16:11.134704Z,urllc,uesimtun1,167201,2221,174872,2315,1.065,0,1
2025-11-25T17:16:11.134704Z,mmtc,uesimtun2,173777,2283,189004,2652,1.148,0,1
2025-11-25T17:16:11.385356Z,embb,uesimtun0,175063,2295,191824,2714,1.399,0,1
2025-11-25T17:16:11.385356Z,urllc,uesimtun1,167341,2224,175036,2318,1.157,0,1
2025-11-25T17:16:11.385356Z,mmtc,uesimtun2,173942,2286,189248,2657,0.995,0,1
2025-11-25T17:16:11.635704Z,embb,uesimtun0,175228,2298,192068,2719,1.343,0,1
2025-11-25T17:16:11.635704Z,urllc,uesimtun1,167481,2227,175200,2321,1.065,0,1
2025-11-25T17:16:11.635704Z,mmtc,uesimtun2,174107,2289,189492,2662,1.060,0,1
2025-11-25T17:16:11.885659Z,embb,uesimtun0,175393,2301,192312,2724,1.493,0,1
2025-11-25T17:16:11.885659Z,urllc,uesimtun1,167621,2230,175364,2324,1.017,0,1
2025-11-25T17:16:11.885659Z,mmtc,uesimtun2,174272,2292,189736,2667,0.988,0,1
2025-11-25T17:16:12.134758Z,embb,uesimtun0,175558,2304,192556,2729,1.425,0,1
2025-11-25T17:16:12.134758Z,urllc,uesimtun1,167761,2233,175528,2327,1.264,0,1
2025-11-25T17:16:12.134758Z,mmtc,uesimtun2,174437,2295,189980,2672,1.019,0,1
2025-11-25T17:16:12.385149Z,embb,uesimtun0,175723,2307,192800,2734,49.959,0,1
2025-11-25T17:16:12.385149Z,urllc,uesimtun1,167901,2236,175692,2330,0.978,0,1
2025-11-25T17:16:12.385149Z,mmtc,uesimtun2,174602,2298,190224,2677,1.174,0,1
2025-11-25T17:16:12.635141Z,embb,uesimtun0,175888,2310,193044,2739,2.409,0,1
2025-11-25T17:16:12.635141Z,urllc,uesimtun1,168041,2239,175856,2333,0.969,0,1
2025-11-25T17:16:12.635141Z,mmtc,uesimtun2,174767,2301,190468,2682,0.871,0,1
2025-11-25T17:16:12.884916Z,embb,uesimtun0,176053,2313,193288,2744,185.228,0,1
2025-11-25T17:16:12.884916Z,urllc,uesimtun1,168181,2242,176020,2336,,1,1
2025-11-25T17:16:12.884916Z,mmtc,uesimtun2,174932,2304,190712,2687,1.141,0,1
2025-11-25T17:16:13.134759Z,embb,uesimtun0,176218,2316,193532,2749,1.804,0,1
2025-11-25T17:16:13.134759Z,urllc,uesimtun1,168221,2243,176080,2337,1.379,0,1
2025-11-25T17:16:13.134759Z,mmtc,uesimtun2,175097,2307,190956,2692,1.416,0,1
2025-11-25T17:16:13.385317Z,embb,uesimtun0,176383,2319,193776,2754,,1,1
2025-11-25T17:16:13.385317Z,urllc,uesimtun1,168386,2246,176324,2342,,1,1
2025-11-25T17:16:13.385317Z,mmtc,uesimtun2,175237,2310,191120,2695,,1,1
2025-11-25T17:16:13.990106Z,embb,uesimtun0,176383,2319,193836,2755,63.889,0,1
2025-11-25T17:16:13.990106Z,urllc,uesimtun1,168446,2247,176424,2344,1.186,0,1
2025-11-25T17:16:13.990106Z,mmtc,uesimtun2,175297,2311,191220,2697,1.205,0,1
2025-11-25T17:16:14.240390Z,embb,uesimtun0,176608,2323,194120,2761,39.354,0,1
2025-11-25T17:16:14.240390Z,urllc,uesimtun1,168611,2250,176668,2349,1.118,0,1
2025-11-25T17:16:14.240390Z,mmtc,uesimtun2,175514,2315,191504,2703,0.886,0,1
2025-11-25T17:16:14.570678Z,embb,uesimtun0,176773,2326,194364,2766,1.429,0,1
2025-11-25T17:16:14.570678Z,urllc,uesimtun1,168751,2253,176832,2352,1.109,0,1
2025-11-25T17:16:14.570678Z,mmtc,uesimtun2,175679,2318,191748,2708,1.069,0,1
2025-11-25T17:16:14.740826Z,embb,uesimtun0,176938,2329,194608,2771,1.534,0,1
2025-11-25T17:16:14.740826Z,urllc,uesimtun1,168891,2256,176996,2355,1.045,0,1
2025-11-25T17:16:14.740826Z,mmtc,uesimtun2,175844,2321,191992,2713,0.944,0,1
2025-11-25T17:16:14.990659Z,embb,uesimtun0,177103,2332,194852,2776,1.506,0,1
2025-11-25T17:16:14.990659Z,urllc,uesimtun1,169031,2259,177160,2358,1.223,0,1
2025-11-25T17:16:14.990659Z,mmtc,uesimtun2,176009,2324,192236,2718,0.934,0,1
2025-11-25T17:16:15.240784Z,embb,uesimtun0,177268,2335,195096,2781,49.266,0,1
2025-11-25T17:16:15.240784Z,urllc,uesimtun1,169171,2262,177324,2361,1.200,0,1
2025-11-25T17:16:15.240784Z,mmtc,uesimtun2,176174,2327,192480,2723,1.119,0,1
2025-11-25T17:16:15.571205Z,embb,uesimtun0,177433,2338,195340,2786,1.483,0,1
2025-11-25T17:16:15.571205Z,urllc,uesimtun1,169336,2265,177568,2366,1.118,0,1
2025-11-25T17:16:15.571205Z,mmtc,uesimtun2,176339,2330,192724,2728,1.092,0,1
2025-11-25T17:16:15.741109Z,embb,uesimtun0,177598,2341,195584,2791,1.452,0,1
2025-11-25T17:16:15.741109Z,urllc,uesimtun1,169476,2268,177732,2369,,1,1
2025-11-25T17:16:15.741109Z,mmtc,uesimtun2,176504,2333,192968,2733,1.102,0,1
2025-11-25T17:16:15.990464Z,embb,uesimtun0,177763,2344,195828,2796,1.621,0,1
2025-11-25T17:16:15.990464Z,urllc,uesimtun1,169516,2269,177792,2370,1.232,0,1
2025-11-25T17:16:15.990464Z,mmtc,uesimtun2,176669,2336,193212,2738,0.895,0,1
2025-11-25T17:16:16.240885Z,embb,uesimtun0,177928,2347,196072,2801,28.740,0,1
2025-11-25T17:16:16.240885Z,urllc,uesimtun1,169656,2272,177956,2373,0.934,0,1
2025-11-25T17:16:16.240885Z,mmtc,uesimtun2,176834,2339,193456,2743,1.229,0,1
2025-11-25T17:16:16.491115Z,embb,uesimtun0,178093,2350,196316,2806,118.984,0,1
2025-11-25T17:16:16.491115Z,urllc,uesimtun1,169796,2275,178120,2376,0.867,0,1
2025-11-25T17:16:16.491115Z,mmtc,uesimtun2,176999,2342,193700,2748,1.024,0,1
2025-11-25T17:16:16.740719Z,embb,uesimtun0,178258,2353,196560,2811,1.328,0,1
2025-11-25T17:16:16.740719Z,urllc,uesimtun1,169936,2278,178284,2379,1.027,0,1
2025-11-25T17:16:16.740719Z,mmtc,uesimtun2,177164,2345,193944,2753,0.912,0,1
2025-11-25T17:16:16.990260Z,embb,uesimtun0,178423,2356,196804,2816,1.305,0,1
2025-11-25T17:16:16.990260Z,urllc,uesimtun1,170101,2281,178528,2384,0.966,0,1
2025-11-25T17:16:16.990260Z,mmtc,uesimtun2,177329,2348,194188,2758,1.035,0,1
2025-11-25T17:16:17.241207Z,embb,uesimtun0,178588,2359,197048,2821,199.029,0,1
2025-11-25T17:16:17.241207Z,urllc,uesimtun1,170266,2284,178772,2389,1.095,0,1
2025-11-25T17:16:17.241207Z,mmtc,uesimtun2,177494,2351,194432,2763,0.887,0,1
2025-11-25T17:16:17.490670Z,embb,uesimtun0,178753,2362,197292,2826,1.357,0,1
2025-11-25T17:16:17.490670Z,urllc,uesimtun1,170406,2287,178936,2392,0.927,0,1
2025-11-25T17:16:17.490670Z,mmtc,uesimtun2,177659,2354,194676,2768,1.079,0,1
2025-11-25T17:16:17.740273Z,embb,uesimtun0,178918,2365,197536,2831,1.286,0,1
2025-11-25T17:16:17.740273Z,urllc,uesimtun1,170546,2290,179100,2395,0.944,0,1
2025-11-25T17:16:17.740273Z,mmtc,uesimtun2,177824,2357,194920,2773,1.030,0,1
2025-11-25T17:16:17.990655Z,embb,uesimtun0,179083,2368,197780,2836,,1,1
2025-11-25T17:16:17.990655Z,urllc,uesimtun1,170686,2293,179264,2398,87.115,0,1
2025-11-25T17:16:17.990655Z,mmtc,uesimtun2,177989,2360,195164,2778,1.021,0,1
2025-11-25T17:16:18.282606Z,embb,uesimtun0,179143,2369,197880,2838,0.925,0,1
2025-11-25T17:16:18.282606Z,urllc,uesimtun1,170851,2296,179508,2403,0.941,0,1
2025-11-25T17:16:18.282606Z,mmtc,uesimtun2,178129,2363,195328,2781,1.013,0,1
2025-11-25T17:16:18.591160Z,embb,uesimtun0,179308,2372,198124,2843,3.728,0,1
2025-11-25T17:16:18.591160Z,urllc,uesimtun1,170991,2299,179672,2406,1.445,0,1
2025-11-25T17:16:18.591160Z,mmtc,uesimtun2,178294,2366,195572,2786,0.975,0,1
2025-11-25T17:16:18.783589Z,embb,uesimtun0,179473,2375,198368,2848,1.472,0,1
2025-11-25T17:16:18.783589Z,urllc,uesimtun1,171131,2302,179836,2409,0.928,0,1
2025-11-25T17:16:18.783589Z,mmtc,uesimtun2,178459,2369,195816,2791,1.141,0,1
2025-11-25T17:16:19.033398Z,embb,uesimtun0,179638,2378,198612,2853,1.522,0,1
2025-11-25T17:16:19.033398Z,urllc,uesimtun1,171271,2305,180000,2412,0.863,0,1
2025-11-25T17:16:19.033398Z,mmtc,uesimtun2,178624,2372,196060,2796,0.849,0,1
2025-11-25T17:16:19.283642Z,embb,uesimtun0,179803,2381,198856,2858,,1,1
2025-11-25T17:16:19.283642Z,urllc,uesimtun1,171411,2308,180164,2415,176.067,0,1
2025-11-25T17:16:19.283642Z,mmtc,uesimtun2,178789,2375,196304,2801,1.085,0,1
2025-11-25T17:16:19.663824Z,embb,uesimtun0,179863,2382,198956,2860,0.963,0,1
2025-11-25T17:16:19.663824Z,urllc,uesimtun1,171576,2311,180408,2420,0.966,0,1
2025-11-25T17:16:19.663824Z,mmtc,uesimtun2,178954,2378,196548,2806,0.826,0,1
2025-11-25T17:16:19.914521Z,embb,uesimtun0,180028,2385,199200,2865,1.488,0,1
2025-11-25T17:16:19.914521Z,urllc,uesimtun1,171741,2314,180652,2425,0.962,0,1
2025-11-25T17:16:19.914521Z,mmtc,uesimtun2,179094,2381,196712,2809,0.849,0,1
2025-11-25T17:16:20.164872Z,embb,uesimtun0,180193,2388,199444,2870,2.704,0,1
2025-11-25T17:16:20.164872Z,urllc,uesimtun1,171881,2317,180816,2428,1.043,0,1
2025-11-25T17:16:20.164872Z,mmtc,uesimtun2,179259,2384,196956,2814,0.803,0,1
2025-11-25T17:16:20.414796Z,embb,uesimtun0,180358,2391,199688,2875,,1,1
2025-11-25T17:16:20.414796Z,urllc,uesimtun1,172046,2320,181060,2433,,1,1
2025-11-25T17:16:20.414796Z,mmtc,uesimtun2,179399,2387,197120,2817,93.395,0,1
2025-11-25T17:16:20.912373Z,embb,uesimtun0,180418,2392,199788,2877,0.924,0,1
2025-11-25T17:16:20.912373Z,urllc,uesimtun1,172106,2321,181160,2435,0.914,0,1
2025-11-25T17:16:20.912373Z,mmtc,uesimtun2,179564,2390,197364,2822,0.955,0,1
2025-11-25T17:16:21.163007Z,embb,uesimtun0,180583,2395,200032,2882,1.276,0,1
2025-11-25T17:16:21.163007Z,urllc,uesimtun1,172246,2324,181324,2438,0.921,0,1
2025-11-25T17:16:21.163007Z,mmtc,uesimtun2,179729,2393,197608,2827,0.953,0,1
2025-11-25T17:16:21.412904Z,embb,uesimtun0,180748,2398,200276,2887,1.596,0,1
2025-11-25T17:16:21.412904Z,urllc,uesimtun1,172386,2327,181488,2441,0.978,0,1
2025-11-25T17:16:21.412904Z,mmtc,uesimtun2,179894,2396,197852,2832,0.989,0,1
2025-11-25T17:16:21.870742Z,embb,uesimtun0,180913,2401,200520,2892,32.432,0,1
2025-11-25T17:16:21.870742Z,urllc,uesimtun1,172526,2330,181652,2444,1.233,0,1
2025-11-25T17:16:21.870742Z,mmtc,uesimtun2,180059,2399,198096,2837,1.422,0,1
2025-11-25T17:16:21.912611Z,embb,uesimtun0,181078,2404,200764,2897,1.476,0,1
2025-11-25T17:16:21.912611Z,urllc,uesimtun1,172666,2333,181816,2447,0.948,0,1
2025-11-25T17:16:21.912611Z,mmtc,uesimtun2,180224,2402,198340,2842,0.882,0,1
2025-11-25T17:16:22.163464Z,embb,uesimtun0,181243,2407,201008,2902,1.441,0,1
2025-11-25T17:16:22.163464Z,urllc,uesimtun1,172806,2336,181980,2450,0.966,0,1
2025-11-25T17:16:22.163464Z,mmtc,uesimtun2,180389,2405,198584,2847,0.994,0,1
2025-11-25T17:16:22.412768Z,embb,uesimtun0,181408,2410,201252,2907,,1,1
2025-11-25T17:16:22.412768Z,urllc,uesimtun1,172946,2339,182144,2453,4.618,0,1
2025-11-25T17:16:22.412768Z,mmtc,uesimtun2,180554,2408,198828,2852,1.301,0,1
2025-11-25T17:16:23.085457Z,embb,uesimtun0,181468,2411,201352,2909,1.263,0,1
2025-11-25T17:16:23.085457Z,urllc,uesimtun1,173111,2342,182388,2458,0.744,0,1
2025-11-25T17:16:23.085457Z,mmtc,uesimtun2,180694,2411,198992,2855,0.844,0,1
2025-11-25T17:16:23.336233Z,embb,uesimtun0,181633,2414,201596,2914,,1,1
2025-11-25T17:16:23.336233Z,urllc,uesimtun1,173251,2345,182552,2461,,1,1
2025-11-25T17:16:23.336233Z,mmtc,uesimtun2,180859,2414,199236,2860,0.976,0,1
2025-11-25T17:16:23.768914Z,embb,uesimtun0,181693,2415,201696,2916,0.928,0,1
2025-11-25T17:16:23.768914Z,urllc,uesimtun1,173311,2346,182652,2463,0.973,0,1
2025-11-25T17:16:23.768914Z,mmtc,uesimtun2,181024,2417,199480,2865,1.001,0,1
2025-11-25T17:16:24.019388Z,embb,uesimtun0,181858,2418,201940,2921,1.427,0,1
2025-11-25T17:16:24.019388Z,urllc,uesimtun1,173451,2349,182816,2466,,1,1
2025-11-25T17:16:24.019388Z,mmtc,uesimtun2,181189,2420,199724,2870,0.994,0,1
2025-11-25T17:16:24.269093Z,embb,uesimtun0,182023,2421,202184,2926,37.776,0,1
2025-11-25T17:16:24.269093Z,urllc,uesimtun1,173491,2350,182876,2467,1.070,0,1
2025-11-25T17:16:24.269093Z,mmtc,uesimtun2,181354,2423,199968,2875,1.207,0,1
2025-11-25T17:16:24.519238Z,embb,uesimtun0,182188,2424,202428,2931,32.375,0,1
2025-11-25T17:16:24.519238Z,urllc,uesimtun1,173631,2353,183040,2470,1.036,0,1
2025-11-25T17:16:24.519238Z,mmtc,uesimtun2,181519,2426,200212,2880,0.920,0,1
2025-11-25T17:16:24.769360Z,embb,uesimtun0,182353,2427,202672,2936,1.423,0,1
2025-11-25T17:16:24.769360Z,urllc,uesimtun1,173771,2356,183204,2473,1.101,0,1
2025-11-25T17:16:24.769360Z,mmtc,uesimtun2,181684,2429,200456,2885,0.932,0,1
2025-11-25T17:16:25.019420Z,embb,uesimtun0,182518,2430,202916,2941,1.632,0,1
2025-11-25T17:16:25.019420Z,urllc,uesimtun1,173911,2359,183368,2476,0.974,0,1
2025-11-25T17:16:25.019420Z,mmtc,uesimtun2,181849,2432,200700,2890,0.912,0,1
2025-11-25T17:16:25.269261Z,embb,uesimtun0,182683,2433,203160,2946,17.390,0,1
2025-11-25T17:16:25.269261Z,urllc,uesimtun1,174051,2362,183532,2479,0.968,0,1
2025-11-25T17:16:25.269261Z,mmtc,uesimtun2,182014,2435,200944,2895,0.921,0,1
2025-11-25T17:16:25.519872Z,embb,uesimtun0,182848,2436,203404,2951,31.511,0,1
2025-11-25T17:16:25.519872Z,urllc,uesimtun1,174191,2365,183696,2482,0.799,0,1
2025-11-25T17:16:25.519872Z,mmtc,uesimtun2,182179,2438,201188,2900,1.056,0,1
2025-11-25T17:16:26.166528Z,embb,uesimtun0,183013,2439,203648,2956,0.972,0,1
2025-11-25T17:16:26.166528Z,urllc,uesimtun1,174356,2368,183940,2487,0.958,0,1
2025-11-25T17:16:26.166528Z,mmtc,uesimtun2,182344,2441,201432,2905,0.801,0,1
2025-11-25T17:16:26.417369Z,embb,uesimtun0,183178,2442,203892,2961,1.446,0,1
2025-11-25T17:16:26.417369Z,urllc,uesimtun1,174496,2371,184104,2490,1.095,0,1
2025-11-25T17:16:26.417369Z,mmtc,uesimtun2,182509,2444,201676,2910,1.002,0,1
2025-11-25T17:16:26.668843Z,embb,uesimtun0,183343,2445,204136,2966,1.369,0,1
2025-11-25T17:16:26.668843Z,urllc,uesimtun1,174636,2374,184268,2493,1.002,0,1
2025-11-25T17:16:26.668843Z,mmtc,uesimtun2,182674,2447,201920,2915,0.999,0,1
2025-11-25T17:16:26.917166Z,embb,uesimtun0,183508,2448,204380,2971,1.276,0,1
2025-11-25T17:16:26.917166Z,urllc,uesimtun1,174801,2377,184512,2498,1.021,0,1
2025-11-25T17:16:26.917166Z,mmtc,uesimtun2,182839,2450,202164,2920,1.171,0,1
2025-11-25T17:16:27.166838Z,embb,uesimtun0,183673,2451,204624,2976,1.315,0,1
2025-11-25T17:16:27.166838Z,urllc,uesimtun1,174941,2380,184676,2501,0.994,0,1
2025-11-25T17:16:27.166838Z,mmtc,uesimtun2,183004,2453,202408,2925,0.921,0,1
2025-11-25T17:16:27.417198Z,embb,uesimtun0,183838,2454,204868,2981,1.273,0,1
2025-11-25T17:16:27.417198Z,urllc,uesimtun1,175081,2383,184840,2504,0.948,0,1
2025-11-25T17:16:27.417198Z,mmtc,uesimtun2,183169,2456,202652,2930,1.119,0,1
2025-11-25T17:16:27.667136Z,embb,uesimtun0,184003,2457,205112,2986,1.151,0,1
2025-11-25T17:16:27.667136Z,urllc,uesimtun1,175221,2386,185004,2507,0.933,0,1
2025-11-25T17:16:27.667136Z,mmtc,uesimtun2,183334,2459,202896,2935,0.937,0,1
2025-11-25T17:16:27.916882Z,embb,uesimtun0,184168,2460,205356,2991,154.776,0,1
2025-11-25T17:16:27.916882Z,urllc,uesimtun1,175361,2389,185168,2510,0.994,0,1
2025-11-25T17:16:27.916882Z,mmtc,uesimtun2,183499,2462,203140,2940,4.416,0,1
2025-11-25T17:16:28.166987Z,embb,uesimtun0,184333,2463,205600,2996,1.249,0,1
2025-11-25T17:16:28.166987Z,urllc,uesimtun1,175526,2392,185412,2515,1.018,0,1
2025-11-25T17:16:28.166987Z,mmtc,uesimtun2,183639,2465,203304,2943,0.934,0,1
2025-11-25T17:16:28.417721Z,embb,uesimtun0,184498,2466,205844,3001,1.539,0,1
2025-11-25T17:16:28.417721Z,urllc,uesimtun1,175666,2395,185576,2518,1.084,0,1
2025-11-25T17:16:28.417721Z,mmtc,uesimtun2,183804,2468,203548,2948,1.054,0,1
2025-11-25T17:16:28.666928Z,embb,uesimtun0,184663,2469,206088,3006,1.256,0,1
2025-11-25T17:16:28.666928Z,urllc,uesimtun1,175831,2398,185820,2523,0.970,0,1
2025-11-25T17:16:28.666928Z,mmtc,uesimtun2,183944,2471,203712,2951,1.053,0,1
2025-11-25T17:16:28.917245Z,embb,uesimtun0,184880,2473,206332,3011,110.131,0,1
2025-11-25T17:16:28.917245Z,urllc,uesimtun1,175971,2401,185984,2526,0.989,0,1
2025-11-25T17:16:28.917245Z,mmtc,uesimtun2,184109,2474,203956,2956,1.098,0,1
2025-11-25T17:16:29.167145Z,embb,uesimtun0,185045,2476,206576,3016,1.307,0,1
2025-11-25T17:16:29.167145Z,urllc,uesimtun1,176136,2404,186228,2531,1.125,0,1
2025-11-25T17:16:29.167145Z,mmtc,uesimtun2,184274,2477,204200,2961,,1,1
2025-11-25T17:16:29.416818Z,embb,uesimtun0,185210,2479,206820,3021,1.211,0,1
2025-11-25T17:16:29.416818Z,urllc,uesimtun1,176301,2407,186472,2536,0.976,0,1
2025-11-25T17:16:29.416818Z,mmtc,uesimtun2,184314,2478,204260,2962,1.007,0,1
2025-11-25T17:16:29.667801Z,embb,uesimtun0,185375,2482,207064,3026,1.264,0,1
2025-11-25T17:16:29.667801Z,urllc,uesimtun1,176441,2410,186636,2539,0.919,0,1
2025-11-25T17:16:29.667801Z,mmtc,uesimtun2,184479,2481,204504,2967,1.158,0,1
2025-11-25T17:16:29.917164Z,embb,uesimtun0,185540,2485,207308,3031,,1,1
2025-11-25T17:16:29.917164Z,urllc,uesimtun1,176581,2413,186800,2542,,1,1
2025-11-25T17:16:29.917164Z,mmtc,uesimtun2,184644,2484,204748,2972,47.698,0,1
2025-11-25T17:16:30.368707Z,embb,uesimtun0,185600,2486,207408,3033,0.980,0,1
2025-11-25T17:16:30.368707Z,urllc,uesimtun1,176641,2414,186900,2544,0.997,0,1
2025-11-25T17:16:30.368707Z,mmtc,uesimtun2,184809,2487,204992,2977,0.964,0,1
2025-11-25T17:16:30.619273Z,embb,uesimtun0,185765,2489,207652,3038,4.171,0,1
2025-11-25T17:16:30.619273Z,urllc,uesimtun1,176806,2417,187144,2549,1.533,0,1
2025-11-25T17:16:30.619273Z,mmtc,uesimtun2,184974,2490,205236,2982,0.945,0,1
2025-11-25T17:16:31.096752Z,embb,uesimtun0,185930,2492,207896,3043,1.045,0,1
2025-11-25T17:16:31.096752Z,urllc,uesimtun1,176946,2420,187308,2552,1.023,0,1
2025-11-25T17:16:31.096752Z,mmtc,uesimtun2,185139,2493,205480,2987,1.026,0,1
2025-11-25T17:16:31.346803Z,embb,uesimtun0,186095,2495,208140,3048,1.584,0,1
2025-11-25T17:16:31.346803Z,urllc,uesimtun1,177086,2423,187472,2555,1.001,0,1
2025-11-25T17:16:31.346803Z,mmtc,uesimtun2,185304,2496,205724,2992,1.080,0,1
2025-11-25T17:16:31.596980Z,embb,uesimtun0,186260,2498,208384,3053,1.514,0,1
2025-11-25T17:16:31.596980Z,urllc,uesimtun1,177226,2426,187636,2558,1.070,0,1
2025-11-25T17:16:31.596980Z,mmtc,uesimtun2,185469,2499,205968,2997,1.022,0,1
2025-11-25T17:16:31.847153Z,embb,uesimtun0,186425,2501,208628,3058,69.134,0,1
2025-11-25T17:16:31.847153Z,urllc,uesimtun1,177391,2429,187880,2563,1.186,0,1
2025-11-25T17:16:31.847153Z,mmtc,uesimtun2,185609,2502,206132,3000,1.058,0,1
2025-11-25T17:16:32.097153Z,embb,uesimtun0,186590,2504,208872,3063,1.747,0,1
2025-11-25T17:16:32.097153Z,urllc,uesimtun1,177556,2432,188124,2568,1.445,0,1
2025-11-25T17:16:32.097153Z,mmtc,uesimtun2,185774,2505,206376,3005,1.030,0,1
2025-11-25T17:16:32.347277Z,embb,uesimtun0,186755,2507,209116,3068,1.561,0,1
2025-11-25T17:16:32.347277Z,urllc,uesimtun1,177721,2435,188368,2573,1.027,0,1
2025-11-25T17:16:32.347277Z,mmtc,uesimtun2,185939,2508,206620,3010,1.046,0,1
2025-11-25T17:16:32.597312Z,embb,uesimtun0,186920,2510,209360,3073,1.351,0,1
2025-11-25T17:16:32.597312Z,urllc,uesimtun1,177886,2438,188612,2578,1.005,0,1
2025-11-25T17:16:32.597312Z,mmtc,uesimtun2,186104,2511,206864,3015,1.018,0,1
2025-11-25T17:16:32.847045Z,embb,uesimtun0,187085,2513,209604,3078,52.883,0,1
2025-11-25T17:16:32.847045Z,urllc,uesimtun1,178026,2441,188776,2581,1.091,0,1
2025-11-25T17:16:32.847045Z,mmtc,uesimtun2,186269,2514,207108,3020,1.034,0,1
2025-11-25T17:16:33.097299Z,embb,uesimtun0,187250,2516,209848,3083,1.627,0,1
2025-11-25T17:16:33.097299Z,urllc,uesimtun1,178191,2444,189020,2586,1.008,0,1
2025-11-25T17:16:33.097299Z,mmtc,uesimtun2,186434,2517,207352,3025,1.116,0,1
2025-11-25T17:16:33.346806Z,embb,uesimtun0,187415,2519,210092,3088,1.626,0,1
2025-11-25T17:16:33.346806Z,urllc,uesimtun1,178331,2447,189184,2589,1.017,0,1
2025-11-25T17:16:33.346806Z,mmtc,uesimtun2,186599,2520,207596,3030,0.886,0,1
2025-11-25T17:16:33.597295Z,embb,uesimtun0,187580,2522,210336,3093,1.596,0,1
2025-11-25T17:16:33.597295Z,urllc,uesimtun1,178471,2450,189348,2592,1.195,0,1
2025-11-25T17:16:33.597295Z,mmtc,uesimtun2,186764,2523,207840,3035,1.065,0,1
2025-11-25T17:16:33.847623Z,embb,uesimtun0,187745,2525,210580,3098,48.831,0,1
2025-11-25T17:16:33.847623Z,urllc,uesimtun1,178636,2453,189592,2597,1.120,0,1
2025-11-25T17:16:33.847623Z,mmtc,uesimtun2,186929,2526,208084,3040,1.110,0,1
2025-11-25T17:16:34.097439Z,embb,uesimtun0,187910,2528,210824,3103,1.410,0,1
2025-11-25T17:16:34.097439Z,urllc,uesimtun1,178801,2456,189836,2602,1.062,0,1
2025-11-25T17:16:34.097439Z,mmtc,uesimtun2,187094,2529,208328,3045,0.994,0,1
2025-11-25T17:16:34.347153Z,embb,uesimtun0,188075,2531,211068,3108,1.773,0,1
2025-11-25T17:16:34.347153Z,urllc,uesimtun1,178966,2459,190080,2607,1.058,0,1
2025-11-25T17:16:34.347153Z,mmtc,uesimtun2,187234,2532,208492,3048,1.055,0,1
2025-11-25T17:16:34.597288Z,embb,uesimtun0,188240,2534,211312,3113,1.385,0,1
2025-11-25T17:16:34.597288Z,urllc,uesimtun1,179106,2462,190244,2610,1.059,0,1
2025-11-25T17:16:34.597288Z,mmtc,uesimtun2,187399,2535,208736,3053,1.103,0,1
2025-11-25T17:16:34.847041Z,embb,uesimtun0,188405,2537,211556,3118,187.876,0,1
2025-11-25T17:16:34.847041Z,urllc,uesimtun1,179271,2465,190488,2615,1.116,0,1
2025-11-25T17:16:34.847041Z,mmtc,uesimtun2,187564,2538,208980,3058,1.057,0,1
2025-11-25T17:16:35.097255Z,embb,uesimtun0,188570,2540,211800,3123,1.300,0,1
2025-11-25T17:16:35.097255Z,urllc,uesimtun1,179411,2468,190652,2618,0.904,0,1
2025-11-25T17:16:35.097255Z,mmtc,uesimtun2,187729,2541,209224,3063,1.042,0,1
2025-11-25T17:16:35.347087Z,embb,uesimtun0,188735,2543,212044,3128,1.370,0,1
2025-11-25T17:16:35.347087Z,urllc,uesimtun1,179576,2471,190896,2623,1.055,0,1
2025-11-25T17:16:35.347087Z,mmtc,uesimtun2,187869,2544,209388,3066,1.847,0,1
2025-11-25T17:16:35.597218Z,embb,uesimtun0,188900,2546,212288,3133,1.362,0,1
2025-11-25T17:16:35.597218Z,urllc,uesimtun1,179716,2474,191060,2626,1.049,0,1
2025-11-25T17:16:35.597218Z,mmtc,uesimtun2,188034,2547,209632,3071,0.836,0,1
2025-11-25T17:16:35.847368Z,embb,uesimtun0,189065,2549,212532,3138,,1,1
2025-11-25T17:16:35.847368Z,urllc,uesimtun1,179856,2477,191224,2629,52.060,0,1
2025-11-25T17:16:35.847368Z,mmtc,uesimtun2,188199,2550,209876,3076,0.996,0,1
2025-11-25T17:16:36.104132Z,embb,uesimtun0,189125,2550,212632,3140,0.924,0,1
2025-11-25T17:16:36.104132Z,urllc,uesimtun1,180021,2480,191468,2634,0.958,0,1
2025-11-25T17:16:36.104132Z,mmtc,uesimtun2,188339,2553,210040,3079,1.026,0,1
2025-11-25T17:16:36.354860Z,embb,uesimtun0,189290,2553,212876,3145,4.384,0,1
2025-11-25T17:16:36.354860Z,urllc,uesimtun1,180161,2483,191632,2637,1.192,0,1
2025-11-25T17:16:36.354860Z,mmtc,uesimtun2,188504,2556,210284,3084,1.012,0,1
2025-11-25T17:16:36.605371Z,embb,uesimtun0,189455,2556,213120,3150,1.303,0,1
2025-11-25T17:16:36.605371Z,urllc,uesimtun1,180301,2486,191796,2640,0.881,0,1
2025-11-25T17:16:36.605371Z,mmtc,uesimtun2,188669,2559,210528,3089,0.907,0,1
2025-11-25T17:16:36.855085Z,embb,uesimtun0,189620,2559,213364,3155,54.160,0,1
2025-11-25T17:16:36.855085Z,urllc,uesimtun1,180441,2489,191960,2643,0.922,0,1
2025-11-25T17:16:36.855085Z,mmtc,uesimtun2,188834,2562,210772,3094,0.782,0,1
2025-11-25T17:16:37.104799Z,embb,uesimtun0,189785,2562,213608,3160,1.192,0,1
2025-11-25T17:16:37.104799Z,urllc,uesimtun1,180581,2492,192124,2646,1.003,0,1
2025-11-25T17:16:37.104799Z,mmtc,uesimtun2,188999,2565,211016,3099,0.905,0,1
2025-11-25T17:16:37.355085Z,embb,uesimtun0,189950,2565,213852,3165,1.236,0,1
2025-11-25T17:16:37.355085Z,urllc,uesimtun1,180721,2495,192288,2649,0.965,0,1
2025-11-25T17:16:37.355085Z,mmtc,uesimtun2,189164,2568,211260,3104,0.956,0,1
2025-11-25T17:16:37.604520Z,embb,uesimtun0,190115,2568,214096,3170,85.423,0,1
2025-11-25T17:16:37.604520Z,urllc,uesimtun1,180861,2498,192452,2652,1.081,0,1
2025-11-25T17:16:37.604520Z,mmtc,uesimtun2,189329,2571,211504,3109,1.123,0,1
2025-11-25T17:16:37.854677Z,embb,uesimtun0,190280,2571,214340,3175,54.898,0,1
2025-11-25T17:16:37.854677Z,urllc,uesimtun1,181001,2501,192616,2655,1.013,0,1
2025-11-25T17:16:37.854677Z,mmtc,uesimtun2,189494,2574,211748,3114,0.972,0,1
2025-11-25T17:16:38.104479Z,embb,uesimtun0,190445,2574,214584,3180,1.122,0,1
2025-11-25T17:16:38.104479Z,urllc,uesimtun1,181166,2504,192860,2660,0.841,0,1
2025-11-25T17:16:38.104479Z,mmtc,uesimtun2,189634,2577,211912,3117,0.969,0,1
2025-11-25T17:16:38.354632Z,embb,uesimtun0,190610,2577,214828,3185,55.019,0,1
2025-11-25T17:16:38.354632Z,urllc,uesimtun1,181306,2507,193024,2663,0.988,0,1
2025-11-25T17:16:38.354632Z,mmtc,uesimtun2,189799,2580,212156,3122,0.955,0,1
2025-11-25T17:16:38.604431Z,embb,uesimtun0,190775,2580,215072,3190,1.163,0,1
2025-11-25T17:16:38.604431Z,urllc,uesimtun1,181446,2510,193188,2666,1.024,0,1
2025-11-25T17:16:38.604431Z,mmtc,uesimtun2,189964,2583,212400,3127,0.941,0,1
2025-11-25T17:16:38.854857Z,embb,uesimtun0,190940,2583,215316,3195,79.472,0,1
2025-11-25T17:16:38.854857Z,urllc,uesimtun1,181586,2513,193352,2669,0.982,0,1
2025-11-25T17:16:38.854857Z,mmtc,uesimtun2,190129,2586,212644,3132,1.016,0,1
2025-11-25T17:16:39.104358Z,embb,uesimtun0,191105,2586,215560,3200,1.251,0,1
2025-11-25T17:16:39.104358Z,urllc,uesimtun1,181751,2516,193596,2674,0.983,0,1
2025-11-25T17:16:39.104358Z,mmtc,uesimtun2,190294,2589,212888,3137,0.929,0,1
2025-11-25T17:16:39.355056Z,embb,uesimtun0,191270,2589,215804,3205,1.436,0,1
2025-11-25T17:16:39.355056Z,urllc,uesimtun1,181891,2519,193760,2677,1.003,0,1
2025-11-25T17:16:39.355056Z,mmtc,uesimtun2,190459,2592,213132,3142,0.903,0,1
2025-11-25T17:16:39.605325Z,embb,uesimtun0,191435,2592,216048,3210,34.503,0,1
2025-11-25T17:16:39.605325Z,urllc,uesimtun1,182056,2522,194004,2682,0.948,0,1
2025-11-25T17:16:39.605325Z,mmtc,uesimtun2,190599,2595,213296,3145,1.053,0,1
2025-11-25T17:16:39.854808Z,embb,uesimtun0,191600,2595,216292,3215,55.241,0,1
2025-11-25T17:16:39.854808Z,urllc,uesimtun1,182196,2525,194168,2685,0.916,0,1
2025-11-25T17:16:39.854808Z,mmtc,uesimtun2,190764,2598,213540,3150,0.849,0,1
2025-11-25T17:16:40.104668Z,embb,uesimtun0,191765,2598,216536,3220,1.294,0,1
2025-11-25T17:16:40.104668Z,urllc,uesimtun1,182336,2528,194332,2688,0.909,0,1
2025-11-25T17:16:40.104668Z,mmtc,uesimtun2,190929,2601,213784,3155,1.010,0,1
2025-11-25T17:16:40.355080Z,embb,uesimtun0,191930,2601,216780,3225,1.366,0,1
2025-11-25T17:16:40.355080Z,urllc,uesimtun1,182476,2531,194496,2691,1.127,0,1
2025-11-25T17:16:40.355080Z,mmtc,uesimtun2,191094,2604,214028,3160,0.919,0,1
2025-11-25T17:16:40.604487Z,embb,uesimtun0,192095,2604,217024,3230,1.332,0,1
2025-11-25T17:16:40.604487Z,urllc,uesimtun1,182616,2534,194660,2694,0.959,0,1
2025-11-25T17:16:40.604487Z,mmtc,uesimtun2,191259,2607,214272,3165,0.975,0,1
2025-11-25T17:16:40.855146Z,embb,uesimtun0,192260,2607,217268,3235,75.101,0,1
2025-11-25T17:16:40.855146Z,urllc,uesimtun1,182756,2537,194824,2697,,1,1
2025-11-25T17:16:40.855146Z,mmtc,uesimtun2,191424,2610,214516,3170,0.993,0,1
2025-11-25T17:16:41.104952Z,embb,uesimtun0,192425,2610,217512,3240,1.315,0,1
2025-11-25T17:16:41.104952Z,urllc,uesimtun1,182796,2538,194884,2698,1.013,0,1
2025-11-25T17:16:41.104952Z,mmtc,uesimtun2,191589,2613,214760,3175,0.757,0,1
2025-11-25T17:16:41.354710Z,embb,uesimtun0,192590,2613,217756,3245,15.048,0,1
2025-11-25T17:16:41.354710Z,urllc,uesimtun1,182936,2541,195048,2701,1.323,0,1
2025-11-25T17:16:41.354710Z,mmtc,uesimtun2,191754,2616,215004,3180,1.012,0,1
2025-11-25T17:16:41.604476Z,embb,uesimtun0,192755,2616,218000,3250,1.218,0,1
2025-11-25T17:16:41.604476Z,urllc,uesimtun1,183101,2544,195292,2706,0.920,0,1
2025-11-25T17:16:41.604476Z,mmtc,uesimtun2,191894,2619,215168,3183,1.000,0,1
2025-11-25T17:16:41.854584Z,embb,uesimtun0,192920,2619,218244,3255,54.939,0,1
2025-11-25T17:16:41.854584Z,urllc,uesimtun1,183241,2547,195456,2709,1.077,0,1
2025-11-25T17:16:41.854584Z,mmtc,uesimtun2,192059,2622,215412,3188,0.945,0,1
2025-11-25T17:16:42.105096Z,embb,uesimtun0,193085,2622,218488,3260,1.316,0,1
2025-11-25T17:16:42.105096Z,urllc,uesimtun1,183381,2550,195620,2712,0.960,0,1
2025-11-25T17:16:42.105096Z,mmtc,uesimtun2,192224,2625,215656,3193,0.869,0,1
2025-11-25T17:16:42.355370Z,embb,uesimtun0,193250,2625,218732,3265,1.366,0,1
2025-11-25T17:16:42.355370Z,urllc,uesimtun1,183521,2553,195784,2715,1.068,0,1
2025-11-25T17:16:42.355370Z,mmtc,uesimtun2,192389,2628,215900,3198,0.915,0,1
2025-11-25T17:16:42.604567Z,embb,uesimtun0,193415,2628,218976,3270,1.417,0,1
2025-11-25T17:16:42.604567Z,urllc,uesimtun1,183686,2556,196028,2720,0.990,0,1
2025-11-25T17:16:42.604567Z,mmtc,uesimtun2,192529,2631,216064,3201,1.014,0,1
2025-11-25T17:16:42.854674Z,embb,uesimtun0,193580,2631,219220,3275,55.149,0,1
2025-11-25T17:16:42.854674Z,urllc,uesimtun1,183826,2559,196192,2723,1.078,0,1
2025-11-25T17:16:42.854674Z,mmtc,uesimtun2,192694,2634,216308,3206,0.899,0,1
2025-11-25T17:16:43.104999Z,embb,uesimtun0,193745,2634,219464,3280,1.239,0,1
2025-11-25T17:16:43.104999Z,urllc,uesimtun1,183966,2562,196356,2726,0.966,0,1
2025-11-25T17:16:43.104999Z,mmtc,uesimtun2,192859,2637,216552,3211,1.012,0,1
2025-11-25T17:16:43.354748Z,embb,uesimtun0,193910,2637,219708,3285,1.292,0,1
2025-11-25T17:16:43.354748Z,urllc,uesimtun1,184106,2565,196520,2729,1.006,0,1
2025-11-25T17:16:43.354748Z,mmtc,uesimtun2,193024,2640,216796,3216,0.946,0,1
2025-11-25T17:16:43.604464Z,embb,uesimtun0,194075,2640,219952,3290,1.322,0,1
2025-11-25T17:16:43.604464Z,urllc,uesimtun1,184246,2568,196684,2732,0.957,0,1
2025-11-25T17:16:43.604464Z,mmtc,uesimtun2,193189,2643,217040,3221,0.963,0,1
2025-11-25T17:16:43.854615Z,embb,uesimtun0,194240,2643,220196,3295,175.000,0,1
2025-11-25T17:16:43.854615Z,urllc,uesimtun1,184386,2571,196848,2735,0.934,0,1
2025-11-25T17:16:43.854615Z,mmtc,uesimtun2,193354,2646,217284,3226,0.829,0,1
2025-11-25T17:16:44.104757Z,embb,uesimtun0,194405,2646,220440,3300,1.166,0,1
2025-11-25T17:16:44.104757Z,urllc,uesimtun1,184526,2574,197012,2738,0.888,0,1
2025-11-25T17:16:44.104757Z,mmtc,uesimtun2,193519,2649,217528,3231,0.919,0,1
2025-11-25T17:16:44.354901Z,embb,uesimtun0,194570,2649,220684,3305,1.197,0,1
2025-11-25T17:16:44.354901Z,urllc,uesimtun1,184666,2577,197176,2741,0.944,0,1
2025-11-25T17:16:44.354901Z,mmtc,uesimtun2,193684,2652,217772,3236,0.963,0,1
2025-11-25T17:16:44.604702Z,embb,uesimtun0,194735,2652,220928,3310,1.252,0,1
2025-11-25T17:16:44.604702Z,urllc,uesimtun1,184806,2580,197340,2744,1.091,0,1
2025-11-25T17:16:44.604702Z,mmtc,uesimtun2,193849,2655,218016,3241,0.947,0,1
2025-11-25T17:16:44.855177Z,embb,uesimtun0,194900,2655,221172,3315,64.561,0,1
2025-11-25T17:16:44.855177Z,urllc,uesimtun1,184971,2583,197584,2749,1.043,0,1
2025-11-25T17:16:44.855177Z,mmtc,uesimtun2,193989,2658,218180,3244,0.928,0,1
2025-11-25T17:16:45.105051Z,embb,uesimtun0,195065,2658,221416,3320,1.213,0,1
2025-11-25T17:16:45.105051Z,urllc,uesimtun1,185136,2586,197828,2754,0.975,0,1
2025-11-25T17:16:45.105051Z,mmtc,uesimtun2,194129,2661,218344,3247,2.744,0,1
2025-11-25T17:16:45.354982Z,embb,uesimtun0,195230,2661,221660,3325,1.330,0,1
2025-11-25T17:16:45.354982Z,urllc,uesimtun1,185301,2589,198072,2759,1.042,0,1
2025-11-25T17:16:45.354982Z,mmtc,uesimtun2,194269,2664,218508,3250,0.956,0,1
2025-11-25T17:16:45.604714Z,embb,uesimtun0,195395,2664,221904,3330,195.091,0,1
2025-11-25T17:16:45.604714Z,urllc,uesimtun1,185466,2592,198316,2764,1.512,0,1
2025-11-25T17:16:45.604714Z,mmtc,uesimtun2,194409,2667,218672,3253,0.900,0,1
2025-11-25T17:16:45.854289Z,embb,uesimtun0,195560,2667,222148,3335,54.806,0,1
2025-11-25T17:16:45.854289Z,urllc,uesimtun1,185631,2595,198560,2769,0.984,0,1
2025-11-25T17:16:45.854289Z,mmtc,uesimtun2,194549,2670,218836,3256,1.050,0,1
2025-11-25T17:16:46.104802Z,embb,uesimtun0,195725,2670,222392,3340,1.518,0,1
2025-11-25T17:16:46.104802Z,urllc,uesimtun1,185771,2598,198724,2772,1.189,0,1
2025-11-25T17:16:46.104802Z,mmtc,uesimtun2,194714,2673,219080,3261,1.019,0,1
2025-11-25T17:16:46.355136Z,embb,uesimtun0,195890,2673,222636,3345,1.421,0,1
2025-11-25T17:16:46.355136Z,urllc,uesimtun1,185936,2601,198968,2777,0.989,0,1
2025-11-25T17:16:46.355136Z,mmtc,uesimtun2,194854,2676,219244,3264,1.007,0,1
2025-11-25T17:16:46.605286Z,embb,uesimtun0,196055,2676,222880,3350,1.291,0,1
2025-11-25T17:16:46.605286Z,urllc,uesimtun1,186076,2604,199132,2780,0.980,0,1
2025-11-25T17:16:46.605286Z,mmtc,uesimtun2,195019,2679,219488,3269,0.960,0,1
2025-11-25T17:16:46.854614Z,embb,uesimtun0,196220,2679,223124,3355,155.210,0,1
2025-11-25T17:16:46.854614Z,urllc,uesimtun1,186216,2607,199296,2783,1.011,0,1
2025-11-25T17:16:46.854614Z,mmtc,uesimtun2,195184,2682,219732,3274,1.049,0,1
2025-11-25T17:16:47.104749Z,embb,uesimtun0,196385,2682,223368,3360,1.219,0,1
2025-11-25T17:16:47.104749Z,urllc,uesimtun1,186381,2610,199540,2788,0.883,0,1
2025-11-25T17:16:47.104749Z,mmtc,uesimtun2,195349,2685,219976,3279,0.931,0,1
2025-11-25T17:16:47.355049Z,embb,uesimtun0,196550,2685,223612,3365,1.797,0,1
2025-11-25T17:16:47.355049Z,urllc,uesimtun1,186521,2613,199704,2791,1.826,0,1
2025-11-25T17:16:47.355049Z,mmtc,uesimtun2,195514,2688,220220,3284,2.224,0,1
2025-11-25T17:16:47.604770Z,embb,uesimtun0,196715,2688,223856,3370,1.313,0,1
2025-11-25T17:16:47.604770Z,urllc,uesimtun1,186661,2616,199868,2794,1.057,0,1
2025-11-25T17:16:47.604770Z,mmtc,uesimtun2,195679,2691,220464,3289,0.883,0,1
2025-11-25T17:16:47.854946Z,embb,uesimtun0,196880,2691,224100,3375,104.808,0,1
2025-11-25T17:16:47.854946Z,urllc,uesimtun1,186801,2619,200032,2797,1.102,0,1
2025-11-25T17:16:47.854946Z,mmtc,uesimtun2,195896,2695,220708,3294,1.081,0,1
2025-11-25T17:16:48.104755Z,embb,uesimtun0,197045,2694,224344,3380,1.509,0,1
2025-11-25T17:16:48.104755Z,urllc,uesimtun1,186966,2622,200276,2802,1.213,0,1
2025-11-25T17:16:48.104755Z,mmtc,uesimtun2,196036,2698,220872,3297,1.514,0,1
2025-11-25T17:16:48.354446Z,embb,uesimtun0,197210,2697,224588,3385,1.437,0,1
2025-11-25T17:16:48.354446Z,urllc,uesimtun1,187106,2625,200440,2805,1.076,0,1
2025-11-25T17:16:48.354446Z,mmtc,uesimtun2,196201,2701,221116,3302,1.188,0,1
2025-11-25T17:16:48.604553Z,embb,uesimtun0,197375,2700,224832,3390,156.487,0,1
2025-11-25T17:16:48.604553Z,urllc,uesimtun1,187246,2628,200604,2808,1.450,0,1
2025-11-25T17:16:48.604553Z,mmtc,uesimtun2,196366,2704,221360,3307,6.583,0,1
2025-11-25T17:16:48.854736Z,embb,uesimtun0,197540,2703,225076,3395,200.318,0,1
2025-11-25T17:16:48.854736Z,urllc,uesimtun1,187386,2631,200768,2811,1.094,0,1
2025-11-25T17:16:48.854736Z,mmtc,uesimtun2,196531,2707,221604,3312,1.024,0,1
2025-11-25T17:16:49.104556Z,embb,uesimtun0,197705,2706,225320,3400,1.296,0,1
2025-11-25T17:16:49.104556Z,urllc,uesimtun1,187551,2634,201012,2816,1.104,0,1
2025-11-25T17:16:49.104556Z,mmtc,uesimtun2,196671,2710,221768,3315,1.134,0,1
2025-11-25T17:16:49.354546Z,embb,uesimtun0,197870,2709,225564,3405,2.026,0,1
2025-11-25T17:16:49.354546Z,urllc,uesimtun1,187716,2637,201256,2821,1.189,0,1
2025-11-25T17:16:49.354546Z,mmtc,uesimtun2,196811,2713,221932,3318,1.167,0,1
2025-11-25T17:16:50.431206Z,embb,uesimtun0,198035,2712,225808,3410,,1,1
2025-11-25T17:16:50.431206Z,urllc,uesimtun1,187856,2640,201420,2824,,1,1
2025-11-25T17:16:50.431206Z,mmtc,uesimtun2,196976,2716,222176,3323,,1,1
2025-11-25T17:16:52.213288Z,embb,uesimtun0,198035,2712,225868,3411,192.790,0,1
2025-11-25T17:16:52.213288Z,urllc,uesimtun1,187916,2641,201580,2827,1.040,0,1
2025-11-25T17:16:52.213288Z,mmtc,uesimtun2,197036,2717,222276,3325,0.983,0,1
2025-11-25T17:16:52.814855Z,embb,uesimtun0,198260,2716,226152,3417,0.928,0,1
2025-11-25T17:16:52.814855Z,urllc,uesimtun1,188081,2644,201824,2832,0.918,0,1
2025-11-25T17:16:52.814855Z,mmtc,uesimtun2,197201,2720,222520,3330,0.829,0,1
2025-11-25T17:16:53.065292Z,embb,uesimtun0,198425,2719,226396,3422,,1,1
2025-11-25T17:16:53.065292Z,urllc,uesimtun1,188221,2647,201988,2835,2.469,0,1
2025-11-25T17:16:53.065292Z,mmtc,uesimtun2,197366,2723,222764,3335,2.599,0,1
2025-11-25T17:16:53.742469Z,embb,uesimtun0,198485,2720,226496,3424,0.674,0,1
2025-11-25T17:16:53.742469Z,urllc,uesimtun1,188386,2650,202232,2840,1.910,0,1
2025-11-25T17:16:53.742469Z,mmtc,uesimtun2,197531,2726,223008,3340,0.967,0,1
2025-11-25T17:16:53.993215Z,embb,uesimtun0,198650,2723,226740,3429,1.459,0,1
2025-11-25T17:16:53.993215Z,urllc,uesimtun1,188526,2653,202396,2843,0.936,0,1
2025-11-25T17:16:53.993215Z,mmtc,uesimtun2,197696,2729,223252,3345,0.876,0,1
2025-11-25T17:16:54.243304Z,embb,uesimtun0,198815,2726,226984,3434,86.207,0,1
2025-11-25T17:16:54.243304Z,urllc,uesimtun1,188666,2656,202560,2846,1.007,0,1
2025-11-25T17:16:54.243304Z,mmtc,uesimtun2,197861,2732,223496,3350,0.968,0,1
2025-11-25T17:16:54.493100Z,embb,uesimtun0,198980,2729,227228,3439,1.203,0,1
2025-11-25T17:16:54.493100Z,urllc,uesimtun1,188831,2659,202804,2851,1.067,0,1
2025-11-25T17:16:54.493100Z,mmtc,uesimtun2,198026,2735,223740,3355,0.998,0,1
2025-11-25T17:16:54.742780Z,embb,uesimtun0,199145,2732,227472,3444,1.226,0,1
2025-11-25T17:16:54.742780Z,urllc,uesimtun1,188996,2662,203048,2856,0.998,0,1
2025-11-25T17:16:54.742780Z,mmtc,uesimtun2,198191,2738,223984,3360,0.962,0,1
2025-11-25T17:16:54.993128Z,embb,uesimtun0,199310,2735,227716,3449,1.194,0,1
2025-11-25T17:16:54.993128Z,urllc,uesimtun1,189136,2665,203212,2859,0.933,0,1
2025-11-25T17:16:54.993128Z,mmtc,uesimtun2,198356,2741,224228,3365,0.998,0,1
2025-11-25T17:16:55.243052Z,embb,uesimtun0,199475,2738,227960,3454,26.969,0,1
2025-11-25T17:16:55.243052Z,urllc,uesimtun1,189276,2668,203376,2862,0.959,0,1
2025-11-25T17:16:55.243052Z,mmtc,uesimtun2,198521,2744,224472,3370,0.890,0,1
2025-11-25T17:16:55.492994Z,embb,uesimtun0,199640,2741,228204,3459,1.353,0,1
2025-11-25T17:16:55.492994Z,urllc,uesimtun1,189416,2671,203540,2865,0.933,0,1
2025-11-25T17:16:55.492994Z,mmtc,uesimtun2,198686,2747,224716,3375,0.907,0,1
2025-11-25T17:16:55.742867Z,embb,uesimtun0,199805,2744,228448,3464,1.247,0,1
2025-11-25T17:16:55.742867Z,urllc,uesimtun1,189556,2674,203704,2868,0.962,0,1
2025-11-25T17:16:55.742867Z,mmtc,uesimtun2,198851,2750,224960,3380,0.918,0,1
2025-11-25T17:16:55.992946Z,embb,uesimtun0,199970,2747,228692,3469,1.417,0,1
2025-11-25T17:16:55.992946Z,urllc,uesimtun1,189696,2677,203868,2871,0.932,0,1
2025-11-25T17:16:55.992946Z,mmtc,uesimtun2,199016,2753,225204,3385,0.997,0,1
2025-11-25T17:16:56.242858Z,embb,uesimtun0,200135,2750,228936,3474,87.461,0,1
2025-11-25T17:16:56.242858Z,urllc,uesimtun1,189836,2680,204032,2874,0.974,0,1
2025-11-25T17:16:56.242858Z,mmtc,uesimtun2,199181,2756,225448,3390,1.086,0,1
2025-11-25T17:16:56.492758Z,embb,uesimtun0,200300,2753,229180,3479,12.025,0,1
2025-11-25T17:16:56.492758Z,urllc,uesimtun1,189976,2683,204196,2877,0.939,0,1
2025-11-25T17:16:56.492758Z,mmtc,uesimtun2,199346,2759,225692,3395,0.992,0,1
2025-11-25T17:16:56.742808Z,embb,uesimtun0,200517,2757,229424,3484,1.335,0,1
2025-11-25T17:16:56.742808Z,urllc,uesimtun1,190140,2686,204360,2880,0.996,0,1
2025-11-25T17:16:56.742808Z,mmtc,uesimtun2,199510,2762,225856,3398,1.071,0,1
2025-11-25T17:16:56.993088Z,embb,uesimtun0,200682,2760,229668,3489,1.480,0,1
2025-11-25T17:16:56.993088Z,urllc,uesimtun1,190280,2689,204524,2883,1.023,0,1
2025-11-25T17:16:56.993088Z,mmtc,uesimtun2,199675,2765,226100,3403,1.043,0,1
2025-11-25T17:16:57.243299Z,embb,uesimtun0,200899,2764,229912,3494,,1,1
2025-11-25T17:16:57.243299Z,urllc,uesimtun1,190444,2692,204688,2886,,1,1
2025-11-25T17:16:57.243299Z,mmtc,uesimtun2,199787,2767,226264,3406,135.899,0,1
2025-11-25T17:16:57.783529Z,embb,uesimtun0,200959,2765,230012,3496,1.116,0,1
2025-11-25T17:16:57.783529Z,urllc,uesimtun1,190504,2693,204788,2888,1.008,0,1
2025-11-25T17:16:57.783529Z,mmtc,uesimtun2,199952,2770,226508,3411,1.034,0,1
2025-11-25T17:16:58.131258Z,embb,uesimtun0,201124,2768,230256,3501,2.757,0,1
2025-11-25T17:16:58.131258Z,urllc,uesimtun1,190644,2696,204952,2891,0.944,0,1
2025-11-25T17:16:58.131258Z,mmtc,uesimtun2,200117,2773,226752,3416,0.881,0,1
2025-11-25T17:16:58.284356Z,embb,uesimtun0,201289,2771,230500,3506,1.313,0,1
2025-11-25T17:16:58.284356Z,urllc,uesimtun1,190784,2699,205116,2894,1.038,0,1
2025-11-25T17:16:58.284356Z,mmtc,uesimtun2,200282,2776,226996,3421,1.013,0,1
2025-11-25T17:16:58.534157Z,embb,uesimtun0,201454,2774,230744,3511,,1,1
2025-11-25T17:16:58.534157Z,urllc,uesimtun1,190924,2702,205280,2897,,1,1
2025-11-25T17:16:58.534157Z,mmtc,uesimtun2,200447,2779,227240,3426,,1,1
2025-11-25T17:16:59.138909Z,embb,uesimtun0,201454,2774,230804,3512,,1,1
2025-11-25T17:16:59.138909Z,urllc,uesimtun1,190924,2702,205340,2898,20.316,0,1
2025-11-25T17:16:59.138909Z,mmtc,uesimtun2,200507,2780,227340,3428,,1,1
2025-11-25T17:16:59.530167Z,embb,uesimtun0,201574,2776,230944,3515,5.870,0,1
2025-11-25T17:16:59.530167Z,urllc,uesimtun1,191149,2706,205624,2904,1.061,0,1
2025-11-25T17:16:59.530167Z,mmtc,uesimtun2,200547,2781,227400,3429,0.895,0,1
2025-11-25T17:16:59.780817Z,embb,uesimtun0,201739,2779,231188,3520,1.278,0,1
2025-11-25T17:16:59.780817Z,urllc,uesimtun1,191289,2709,205788,2907,1.061,0,1
2025-11-25T17:16:59.780817Z,mmtc,uesimtun2,200712,2784,227644,3434,0.944,0,1
2025-11-25T17:17:00.030950Z,embb,uesimtun0,201956,2783,231432,3525,80.914,0,1
2025-11-25T17:17:00.030950Z,urllc,uesimtun1,191429,2712,205952,2910,1.237,0,1
2025-11-25T17:17:00.030950Z,mmtc,uesimtun2,200877,2787,227888,3439,1.114,0,1
2025-11-25T17:17:00.280443Z,embb,uesimtun0,202121,2786,231676,3530,1.395,0,1
2025-11-25T17:17:00.280443Z,urllc,uesimtun1,191569,2715,206116,2913,1.019,0,1
2025-11-25T17:17:00.280443Z,mmtc,uesimtun2,201042,2790,228132,3444,1.046,0,1
2025-11-25T17:17:00.530720Z,embb,uesimtun0,202286,2789,231920,3535,1.288,0,1
2025-11-25T17:17:00.530720Z,urllc,uesimtun1,191709,2718,206280,2916,1.101,0,1
2025-11-25T17:17:00.530720Z,mmtc,uesimtun2,201207,2793,228376,3449,1.109,0,1
2025-11-25T17:17:00.780926Z,embb,uesimtun0,202451,2792,232164,3540,1.560,0,1
2025-11-25T17:17:00.780926Z,urllc,uesimtun1,191849,2721,206444,2919,1.038,0,1
2025-11-25T17:17:00.780926Z,mmtc,uesimtun2,201372,2796,228620,3454,1.079,0,1
2025-11-25T17:17:01.031054Z,embb,uesimtun0,202616,2795,232408,3545,95.223,0,1
2025-11-25T17:17:01.031054Z,urllc,uesimtun1,191989,2724,206608,2922,1.067,0,1
2025-11-25T17:17:01.031054Z,mmtc,uesimtun2,201537,2799,228864,3459,0.967,0,1
2025-11-25T17:17:01.280526Z,embb,uesimtun0,202781,2798,232652,3550,1.333,0,1
2025-11-25T17:17:01.280526Z,urllc,uesimtun1,192129,2727,206772,2925,1.003,0,1
2025-11-25T17:17:01.280526Z,mmtc,uesimtun2,201702,2802,229108,3464,0.911,0,1
2025-11-25T17:17:01.530774Z,embb,uesimtun0,202946,2801,232896,3555,1.374,0,1
2025-11-25T17:17:01.530774Z,urllc,uesimtun1,192269,2730,206936,2928,0.937,0,1
2025-11-25T17:17:01.530774Z,mmtc,uesimtun2,201867,2805,229352,3469,0.987,0,1
2025-11-25T17:17:01.781086Z,embb,uesimtun0,203111,2804,233140,3560,1.330,0,1
2025-11-25T17:17:01.781086Z,urllc,uesimtun1,192409,2733,207100,2931,1.053,0,1
2025-11-25T17:17:01.781086Z,mmtc,uesimtun2,202032,2808,229596,3474,1.019,0,1
2025-11-25T17:17:02.030885Z,embb,uesimtun0,203276,2807,233384,3565,95.571,0,1
2025-11-25T17:17:02.030885Z,urllc,uesimtun1,192574,2736,207344,2936,1.132,0,1
2025-11-25T17:17:02.030885Z,mmtc,uesimtun2,202172,2811,229760,3477,0.968,0,1
2025-11-25T17:17:02.280511Z,embb,uesimtun0,203441,2810,233628,3570,6.221,0,1
2025-11-25T17:17:02.280511Z,urllc,uesimtun1,192714,2739,207508,2939,1.008,0,1
2025-11-25T17:17:02.280511Z,mmtc,uesimtun2,202337,2814,230004,3482,0.968,0,1
2025-11-25T17:17:02.530954Z,embb,uesimtun0,203606,2813,233872,3575,1.324,0,1
2025-11-25T17:17:02.530954Z,urllc,uesimtun1,192854,2742,207672,2942,1.085,0,1
2025-11-25T17:17:02.530954Z,mmtc,uesimtun2,202502,2817,230248,3487,1.020,0,1
2025-11-25T17:17:02.781059Z,embb,uesimtun0,203771,2816,234116,3580,1.260,0,1
2025-11-25T17:17:02.781059Z,urllc,uesimtun1,192994,2745,207836,2945,,1,1
2025-11-25T17:17:02.781059Z,mmtc,uesimtun2,202667,2820,230492,3492,0.982,0,1
2025-11-25T17:17:03.030532Z,embb,uesimtun0,203936,2819,234360,3585,76.268,0,1
2025-11-25T17:17:03.030532Z,urllc,uesimtun1,193034,2746,207896,2946,,1,1
2025-11-25T17:17:03.030532Z,mmtc,uesimtun2,202832,2823,230736,3497,1.089,0,1
2025-11-25T17:17:03.280725Z,embb,uesimtun0,204101,2822,234604,3590,1.449,0,1
2025-11-25T17:17:03.280725Z,urllc,uesimtun1,193074,2747,207956,2947,1.000,0,1
2025-11-25T17:17:03.280725Z,mmtc,uesimtun2,203049,2827,230980,3502,1.170,0,1
2025-11-25T17:17:03.531090Z,embb,uesimtun0,204266,2825,234848,3595,1.304,0,1
2025-11-25T17:17:03.531090Z,urllc,uesimtun1,193214,2750,208120,2950,1.013,0,1
2025-11-25T17:17:03.531090Z,mmtc,uesimtun2,203214,2830,231224,3507,1.029,0,1
2025-11-25T17:17:03.780647Z,embb,uesimtun0,204431,2828,235092,3600,1.428,0,1
2025-11-25T17:17:03.780647Z,urllc,uesimtun1,193354,2753,208284,2953,1.051,0,1
2025-11-25T17:17:03.780647Z,mmtc,uesimtun2,203379,2833,231468,3512,0.831,0,1
2025-11-25T17:17:04.030558Z,embb,uesimtun0,204596,2831,235336,3605,105.562,0,1
2025-11-25T17:17:04.030558Z,urllc,uesimtun1,193494,2756,208448,2956,2.947,0,1
2025-11-25T17:17:04.030558Z,mmtc,uesimtun2,203544,2836,231712,3517,1.129,0,1
2025-11-25T17:17:04.281096Z,embb,uesimtun0,204761,2834,235580,3610,5.338,0,1
2025-11-25T17:17:04.281096Z,urllc,uesimtun1,193659,2759,208692,2961,,1,1
2025-11-25T17:17:04.281096Z,mmtc,uesimtun2,203709,2839,231956,3522,1.018,0,1
2025-11-25T17:17:04.530855Z,embb,uesimtun0,204926,2837,235824,3615,1.459,0,1
2025-11-25T17:17:04.530855Z,urllc,uesimtun1,193699,2760,208752,2962,0.981,0,1
2025-11-25T17:17:04.530855Z,mmtc,uesimtun2,203874,2842,232200,3527,0.959,0,1
2025-11-25T17:17:04.780503Z,embb,uesimtun0,205091,2840,236068,3620,1.275,0,1
2025-11-25T17:17:04.780503Z,urllc,uesimtun1,193839,2763,208916,2965,1.034,0,1
2025-11-25T17:17:04.780503Z,mmtc,uesimtun2,204039,2845,232444,3532,0.915,0,1
2025-11-25T17:17:05.030590Z,embb,uesimtun0,205256,2843,236312,3625,100.192,0,1
2025-11-25T17:17:05.030590Z,urllc,uesimtun1,193979,2766,209080,2968,1.179,0,1
2025-11-25T17:17:05.030590Z,mmtc,uesimtun2,204204,2848,232688,3537,1.153,0,1
2025-11-25T17:17:05.280384Z,embb,uesimtun0,205421,2846,236556,3630,,1,1
2025-11-25T17:17:05.280384Z,urllc,uesimtun1,194144,2769,209324,2973,,1,1
2025-11-25T17:17:05.280384Z,mmtc,uesimtun2,204369,2851,232932,3542,9.734,0,1
2025-11-25T17:17:05.694188Z,embb,uesimtun0,205481,2847,236656,3632,1.016,0,1
2025-11-25T17:17:05.694188Z,urllc,uesimtun1,194204,2770,209424,2975,0.997,0,1
2025-11-25T17:17:05.694188Z,mmtc,uesimtun2,204534,2854,233176,3547,0.971,0,1
2025-11-25T17:17:05.944473Z,embb,uesimtun0,205646,2850,236900,3637,1.486,0,1
2025-11-25T17:17:05.944473Z,urllc,uesimtun1,194344,2773,209588,2978,1.072,0,1
2025-11-25T17:17:05.944473Z,mmtc,uesimtun2,204699,2857,233420,3552,0.895,0,1
2025-11-25T17:17:06.194556Z,embb,uesimtun0,205811,2853,237144,3642,102.535,0,1
2025-11-25T17:17:06.194556Z,urllc,uesimtun1,194484,2776,209752,2981,1.061,0,1
2025-11-25T17:17:06.194556Z,mmtc,uesimtun2,204864,2860,233664,3557,0.969,0,1
2025-11-25T17:17:06.444730Z,embb,uesimtun0,205976,2856,237388,3647,166.656,0,1
2025-11-25T17:17:06.444730Z,urllc,uesimtun1,194624,2779,209916,2984,1.351,0,1
2025-11-25T17:17:06.444730Z,mmtc,uesimtun2,205029,2863,233908,3562,0.999,0,1
2025-11-25T17:17:06.695191Z,embb,uesimtun0,206141,2859,237632,3652,1.142,0,1
2025-11-25T17:17:06.695191Z,urllc,uesimtun1,194789,2782,210160,2989,1.003,0,1
2025-11-25T17:17:06.695191Z,mmtc,uesimtun2,205169,2866,234072,3565,1.116,0,1
2025-11-25T17:17:06.944684Z,embb,uesimtun0,206306,2862,237876,3657,1.269,0,1
2025-11-25T17:17:06.944684Z,urllc,uesimtun1,194929,2785,210324,2992,1.052,0,1
2025-11-25T17:17:06.944684Z,mmtc,uesimtun2,205334,2869,234316,3570,1.021,0,1
2025-11-25T17:17:07.194438Z,embb,uesimtun0,206471,2865,238120,3662,72.418,0,1
2025-11-25T17:17:07.194438Z,urllc,uesimtun1,195069,2788,210488,2995,0.963,0,1
2025-11-25T17:17:07.194438Z,mmtc,uesimtun2,205499,2872,234560,3575,0.982,0,1
2025-11-25T17:17:07.444451Z,embb,uesimtun0,206636,2868,238364,3667,102.289,0,1
2025-11-25T17:17:07.444451Z,urllc,uesimtun1,195209,2791,210652,2998,1.055,0,1
2025-11-25T17:17:07.444451Z,mmtc,uesimtun2,205664,2875,234804,3580,1.101,0,1
2025-11-25T17:17:07.694447Z,embb,uesimtun0,206801,2871,238608,3672,1.321,0,1
2025-11-25T17:17:07.694447Z,urllc,uesimtun1,195349,2794,210816,3001,1.137,0,1
2025-11-25T17:17:07.694447Z,mmtc,uesimtun2,205829,2878,235048,3585,1.035,0,1
2025-11-25T17:17:07.944528Z,embb,uesimtun0,206966,2874,238852,3677,1.427,0,1
2025-11-25T17:17:07.944528Z,urllc,uesimtun1,195489,2797,210980,3004,1.013,0,1
2025-11-25T17:17:07.944528Z,mmtc,uesimtun2,205994,2881,235292,3590,1.152,0,1
2025-11-25T17:17:08.194817Z,embb,uesimtun0,207131,2877,239096,3682,132.942,0,1
2025-11-25T17:17:08.194817Z,urllc,uesimtun1,195629,2800,211144,3007,,1,1
2025-11-25T17:17:08.194817Z,mmtc,uesimtun2,206159,2884,235536,3595,1.464,0,1
2025-11-25T17:17:08.444838Z,embb,uesimtun0,207296,2880,239340,3687,21.260,0,1
2025-11-25T17:17:08.444838Z,urllc,uesimtun1,195669,2801,211204,3008,2.621,0,1
2025-11-25T17:17:08.444838Z,mmtc,uesimtun2,206324,2887,235780,3600,,1,1
2025-11-25T17:17:08.694891Z,embb,uesimtun0,207461,2883,239584,3692,1.366,0,1
2025-11-25T17:17:08.694891Z,urllc,uesimtun1,195834,2804,211448,3013,1.030,0,1
2025-11-25T17:17:08.694891Z,mmtc,uesimtun2,206364,2888,235840,3601,0.917,0,1
2025-11-25T17:17:08.944942Z,embb,uesimtun0,207626,2886,239828,3697,1.520,0,1
2025-11-25T17:17:08.944942Z,urllc,uesimtun1,195974,2807,211612,3016,1.018,0,1
2025-11-25T17:17:08.944942Z,mmtc,uesimtun2,206529,2891,236084,3606,0.952,0,1
2025-11-25T17:17:09.195181Z,embb,uesimtun0,207791,2889,240072,3702,,1,1
2025-11-25T17:17:09.195181Z,urllc,uesimtun1,196114,2810,211776,3019,153.606,0,1
2025-11-25T17:17:09.195181Z,mmtc,uesimtun2,206694,2894,236328,3611,0.885,0,1
2025-11-25T17:17:12.696326Z,embb,uesimtun0,207911,2891,240272,3706,4.036,0,1
2025-11-25T17:17:12.696326Z,urllc,uesimtun1,196279,2813,212020,3024,0.945,0,1
2025-11-25T17:17:12.696326Z,mmtc,uesimtun2,206834,2897,236492,3614,1.149,0,1
2025-11-25T17:17:12.946731Z,embb,uesimtun0,208076,2894,240516,3711,1.602,0,1
2025-11-25T17:17:12.946731Z,urllc,uesimtun1,196419,2816,212184,3027,0.970,0,1
2025-11-25T17:17:12.946731Z,mmtc,uesimtun2,206999,2900,236736,3619,0.934,0,1
2025-11-25T17:17:13.196983Z,embb,uesimtun0,208241,2897,240760,3716,1.417,0,1
2025-11-25T17:17:13.196983Z,urllc,uesimtun1,196559,2819,212348,3030,0.949,0,1
2025-11-25T17:17:13.196983Z,mmtc,uesimtun2,207164,2903,236980,3624,1.015,0,1
2025-11-25T17:17:13.446920Z,embb,uesimtun0,208406,2900,241004,3721,1.386,0,1
2025-11-25T17:17:13.446920Z,urllc,uesimtun1,196699,2822,212512,3033,,1,1
2025-11-25T17:17:13.446920Z,mmtc,uesimtun2,207329,2906,237224,3629,0.970,0,1
2025-11-25T17:17:13.696923Z,embb,uesimtun0,208571,2903,241248,3726,1.465,0,1
2025-11-25T17:17:13.696923Z,urllc,uesimtun1,196739,2823,212572,3034,,1,1
2025-11-25T17:17:13.696923Z,mmtc,uesimtun2,207494,2909,237468,3634,1.303,0,1
2025-11-25T17:17:13.946757Z,embb,uesimtun0,208736,2906,241492,3731,3.841,0,1
2025-11-25T17:17:13.946757Z,urllc,uesimtun1,196779,2824,212632,3035,0.963,0,1
2025-11-25T17:17:13.946757Z,mmtc,uesimtun2,207659,2912,237712,3639,1.066,0,1
2025-11-25T17:17:14.196724Z,embb,uesimtun0,208901,2909,241736,3736,1.301,0,1
2025-11-25T17:17:14.196724Z,urllc,uesimtun1,196919,2827,212796,3038,0.996,0,1
2025-11-25T17:17:14.196724Z,mmtc,uesimtun2,207824,2915,237956,3644,1.069,0,1
2025-11-25T17:17:14.446949Z,embb,uesimtun0,209066,2912,241980,3741,1.293,0,1
2025-11-25T17:17:14.446949Z,urllc,uesimtun1,197059,2830,212960,3041,0.931,0,1
2025-11-25T17:17:14.446949Z,mmtc,uesimtun2,207989,2918,238200,3649,0.884,0,1
2025-11-25T17:17:14.696732Z,embb,uesimtun0,209231,2915,242224,3746,1.455,0,1
2025-11-25T17:17:14.696732Z,urllc,uesimtun1,197199,2833,213124,3044,1.051,0,1
2025-11-25T17:17:14.696732Z,mmtc,uesimtun2,208154,2921,238444,3654,0.871,0,1
2025-11-25T17:17:14.946864Z,embb,uesimtun0,209396,2918,242468,3751,1.230,0,1
2025-11-25T17:17:14.946864Z,urllc,uesimtun1,197339,2836,213288,3047,0.992,0,1
2025-11-25T17:17:14.946864Z,mmtc,uesimtun2,208319,2924,238688,3659,,1,1
2025-11-25T17:17:15.196927Z,embb,uesimtun0,209561,2921,242712,3756,1.281,0,1
2025-11-25T17:17:15.196927Z,urllc,uesimtun1,197504,2839,213532,3052,1.048,0,1
2025-11-25T17:17:15.196927Z,mmtc,uesimtun2,208359,2925,238748,3660,0.998,0,1
2025-11-25T17:17:15.446883Z,embb,uesimtun0,209726,2924,242956,3761,1.228,0,1
2025-11-25T17:17:15.446883Z,urllc,uesimtun1,197644,2842,213696,3055,1.066,0,1
2025-11-25T17:17:15.446883Z,mmtc,uesimtun2,208524,2928,238992,3665,1.000,0,1
2025-11-25T17:17:15.696997Z,embb,uesimtun0,209891,2927,243200,3766,1.221,0,1
2025-11-25T17:17:15.696997Z,urllc,uesimtun1,197809,2845,213940,3060,,1,1
2025-11-25T17:17:15.696997Z,mmtc,uesimtun2,208664,2931,239156,3668,0.952,0,1
2025-11-25T17:17:15.946951Z,embb,uesimtun0,210056,2930,243444,3771,1.332,0,1
2025-11-25T17:17:15.946951Z,urllc,uesimtun1,197849,2846,214000,3061,1.005,0,1
2025-11-25T17:17:15.946951Z,mmtc,uesimtun2,208829,2934,239400,3673,1.062,0,1
2025-11-25T17:17:16.196690Z,embb,uesimtun0,210221,2933,243688,3776,1.295,0,1
2025-11-25T17:17:16.196690Z,urllc,uesimtun1,197989,2849,214164,3064,1.039,0,1
2025-11-25T17:17:16.196690Z,mmtc,uesimtun2,208994,2937,239644,3678,1.016,0,1
2025-11-25T17:17:16.447114Z,embb,uesimtun0,210386,2936,243932,3781,1.206,0,1
2025-11-25T17:17:16.447114Z,urllc,uesimtun1,198129,2852,214328,3067,1.025,0,1
2025-11-25T17:17:16.447114Z,mmtc,uesimtun2,209159,2940,239888,3683,0.950,0,1
2025-11-25T17:17:16.696653Z,embb,uesimtun0,210551,2939,244176,3786,1.218,0,1
2025-11-25T17:17:16.696653Z,urllc,uesimtun1,198269,2855,214492,3070,,1,1
2025-11-25T17:17:16.696653Z,mmtc,uesimtun2,209324,2943,240132,3688,0.975,0,1
2025-11-25T17:17:16.946956Z,embb,uesimtun0,210716,2942,244420,3791,1.281,0,1
2025-11-25T17:17:16.946956Z,urllc,uesimtun1,198309,2856,214552,3071,1.121,0,1
2025-11-25T17:17:16.946956Z,mmtc,uesimtun2,209489,2946,240376,3693,0.978,0,1
2025-11-25T17:17:17.196744Z,embb,uesimtun0,210881,2945,244664,3796,1.250,0,1
2025-11-25T17:17:17.196744Z,urllc,uesimtun1,198449,2859,214716,3074,,1,1
2025-11-25T17:17:17.196744Z,mmtc,uesimtun2,209654,2949,240620,3698,0.933,0,1
2025-11-25T17:17:17.446738Z,embb,uesimtun0,211046,2948,244908,3801,1.315,0,1
2025-11-25T17:17:17.446738Z,urllc,uesimtun1,198489,2860,214776,3075,0.996,0,1
2025-11-25T17:17:17.446738Z,mmtc,uesimtun2,209819,2952,240864,3703,0.916,0,1
2025-11-25T17:17:17.696873Z,embb,uesimtun0,211211,2951,245152,3806,3.515,0,1
2025-11-25T17:17:17.696873Z,urllc,uesimtun1,198629,2863,214940,3078,0.975,0,1
2025-11-25T17:17:17.696873Z,mmtc,uesimtun2,209984,2955,241108,3708,0.946,0,1
2025-11-25T17:17:17.947244Z,embb,uesimtun0,211376,2954,245396,3811,1.272,0,1
2025-11-25T17:17:17.947244Z,urllc,uesimtun1,198769,2866,215104,3081,1.073,0,1
2025-11-25T17:17:17.947244Z,mmtc,uesimtun2,210149,2958,241352,3713,0.977,0,1
2025-11-25T17:17:18.197151Z,embb,uesimtun0,211541,2957,245640,3816,1.499,0,1
2025-11-25T17:17:18.197151Z,urllc,uesimtun1,198909,2869,215268,3084,0.999,0,1
2025-11-25T17:17:18.197151Z,mmtc,uesimtun2,210314,2961,241596,3718,1.007,0,1
2025-11-25T17:17:18.446894Z,embb,uesimtun0,211706,2960,245884,3821,1.458,0,1
2025-11-25T17:17:18.446894Z,urllc,uesimtun1,199049,2872,215432,3087,1.050,0,1
2025-11-25T17:17:18.446894Z,mmtc,uesimtun2,210479,2964,241840,3723,1.045,0,1
2025-11-25T17:17:18.696583Z,embb,uesimtun0,211871,2963,246128,3826,1.269,0,1
2025-11-25T17:17:18.696583Z,urllc,uesimtun1,199189,2875,215596,3090,1.018,0,1
2025-11-25T17:17:18.696583Z,mmtc,uesimtun2,210644,2967,242084,3728,1.116,0,1
2025-11-25T17:17:18.946617Z,embb,uesimtun0,212036,2966,246372,3831,1.456,0,1
2025-11-25T17:17:18.946617Z,urllc,uesimtun1,199354,2878,215840,3095,1.040,0,1
2025-11-25T17:17:18.946617Z,mmtc,uesimtun2,210784,2970,242248,3731,0.927,0,1
2025-11-25T17:17:19.196897Z,embb,uesimtun0,212201,2969,246616,3836,1.235,0,1
2025-11-25T17:17:19.196897Z,urllc,uesimtun1,199494,2881,216004,3098,1.037,0,1
2025-11-25T17:17:19.196897Z,mmtc,uesimtun2,210949,2973,242492,3736,0.970,0,1
2025-11-25T17:17:19.446746Z,embb,uesimtun0,212366,2972,246860,3841,1.527,0,1
2025-11-25T17:17:19.446746Z,urllc,uesimtun1,199634,2884,216168,3101,1.060,0,1
2025-11-25T17:17:19.446746Z,mmtc,uesimtun2,211114,2976,242736,3741,0.964,0,1
2025-11-25T17:17:19.697128Z,embb,uesimtun0,212531,2975,247104,3846,153.448,0,1
2025-11-25T17:17:19.697128Z,urllc,uesimtun1,199774,2887,216332,3104,2.213,0,1
2025-11-25T17:17:19.697128Z,mmtc,uesimtun2,211279,2979,242980,3746,0.980,0,1
2025-11-25T17:17:19.946558Z,embb,uesimtun0,212696,2978,247348,3851,1.183,0,1
2025-11-25T17:17:19.946558Z,urllc,uesimtun1,199914,2890,216496,3107,0.988,0,1
2025-11-25T17:17:19.946558Z,mmtc,uesimtun2,211444,2982,243224,3751,1.016,0,1
2025-11-25T17:17:20.196677Z,embb,uesimtun0,212861,2981,247592,3856,1.380,0,1
2025-11-25T17:17:20.196677Z,urllc,uesimtun1,200054,2893,216660,3110,1.042,0,1
2025-11-25T17:17:20.196677Z,mmtc,uesimtun2,211609,2985,243468,3756,0.947,0,1
2025-11-25T17:17:20.447096Z,embb,uesimtun0,213026,2984,247836,3861,2.424,0,1
2025-11-25T17:17:20.447096Z,urllc,uesimtun1,200194,2896,216824,3113,1.574,0,1
2025-11-25T17:17:20.447096Z,mmtc,uesimtun2,211774,2988,243712,3761,0.973,0,1
2025-11-25T17:17:20.696791Z,embb,uesimtun0,213191,2987,248080,3866,2.771,0,1
2025-11-25T17:17:20.696791Z,urllc,uesimtun1,200334,2899,216988,3116,1.918,0,1
2025-11-25T17:17:20.696791Z,mmtc,uesimtun2,211939,2991,243956,3766,0.996,0,1
2025-11-25T17:17:20.946701Z,embb,uesimtun0,213356,2990,248324,3871,1.383,0,1
2025-11-25T17:17:20.946701Z,urllc,uesimtun1,200499,2902,217232,3121,1.061,0,1
2025-11-25T17:17:20.946701Z,mmtc,uesimtun2,212079,2994,244120,3769,0.834,0,1
2025-11-25T17:17:21.196669Z,embb,uesimtun0,213521,2993,248568,3876,1.455,0,1
2025-11-25T17:17:21.196669Z,urllc,uesimtun1,200639,2905,217396,3124,0.996,0,1
2025-11-25T17:17:21.196669Z,mmtc,uesimtun2,212244,2997,244364,3774,1.048,0,1
2025-11-25T17:17:21.446789Z,embb,uesimtun0,213686,2996,248812,3881,1.405,0,1
2025-11-25T17:17:21.446789Z,urllc,uesimtun1,200779,2908,217560,3127,1.109,0,1
2025-11-25T17:17:21.446789Z,mmtc,uesimtun2,212409,3000,244608,3779,0.958,0,1
2025-11-25T17:17:21.696828Z,embb,uesimtun0,213851,2999,249056,3886,1.382,0,1
2025-11-25T17:17:21.696828Z,urllc,uesimtun1,200944,2911,217804,3132,0.934,0,1
2025-11-25T17:17:21.696828Z,mmtc,uesimtun2,212574,3003,244852,3784,0.999,0,1
2025-11-25T17:17:21.946673Z,embb,uesimtun0,214016,3002,249300,3891,1.368,0,1
2025-11-25T17:17:21.946673Z,urllc,uesimtun1,201084,2914,217968,3135,0.971,0,1
2025-11-25T17:17:21.946673Z,mmtc,uesimtun2,212739,3006,245096,3789,1.061,0,1
2025-11-25T17:17:22.196862Z,embb,uesimtun0,214181,3005,249544,3896,1.218,0,1
2025-11-25T17:17:22.196862Z,urllc,uesimtun1,201224,2917,218132,3138,0.982,0,1
2025-11-25T17:17:22.196862Z,mmtc,uesimtun2,212904,3009,245340,3794,1.804,0,1
2025-11-25T17:17:22.446580Z,embb,uesimtun0,214346,3008,249788,3901,1.443,0,1
2025-11-25T17:17:22.446580Z,urllc,uesimtun1,201364,2920,218296,3141,1.037,0,1
2025-11-25T17:17:22.446580Z,mmtc,uesimtun2,213069,3012,245584,3799,0.985,0,1
2025-11-25T17:17:22.696916Z,embb,uesimtun0,214511,3011,250032,3906,1.297,0,1
2025-11-25T17:17:22.696916Z,urllc,uesimtun1,201529,2923,218540,3146,0.969,0,1
2025-11-25T17:17:22.696916Z,mmtc,uesimtun2,213234,3015,245828,3804,6.036,0,1
2025-11-25T17:17:22.946626Z,embb,uesimtun0,214676,3014,250276,3911,1.577,0,1
2025-11-25T17:17:22.946626Z,urllc,uesimtun1,201669,2926,218704,3149,0.983,0,1
2025-11-25T17:17:22.946626Z,mmtc,uesimtun2,213399,3018,246072,3809,1.051,0,1
2025-11-25T17:17:23.196672Z,embb,uesimtun0,214841,3017,250520,3916,1.524,0,1
2025-11-25T17:17:23.196672Z,urllc,uesimtun1,201809,2929,218868,3152,,1,1
2025-11-25T17:17:23.196672Z,mmtc,uesimtun2,213564,3021,246316,3814,0.943,0,1
2025-11-25T17:17:23.446901Z,embb,uesimtun0,215006,3020,250764,3921,1.372,0,1
2025-11-25T17:17:23.446901Z,urllc,uesimtun1,201849,2930,218928,3153,,1,1
2025-11-25T17:17:23.446901Z,mmtc,uesimtun2,213729,3024,246560,3819,0.970,0,1
2025-11-25T17:17:23.696786Z,embb,uesimtun0,215171,3023,251008,3926,1.386,0,1
2025-11-25T17:17:23.696786Z,urllc,uesimtun1,201889,2931,218988,3154,0.953,0,1
2025-11-25T17:17:23.696786Z,mmtc,uesimtun2,213894,3027,246804,3824,0.952,0,1
2025-11-25T17:17:23.946743Z,embb,uesimtun0,215336,3026,251252,3931,1.469,0,1
2025-11-25T17:17:23.946743Z,urllc,uesimtun1,202029,2934,219152,3157,1.247,0,1
2025-11-25T17:17:23.946743Z,mmtc,uesimtun2,214059,3030,247048,3829,,1,1
2025-11-25T17:17:24.197007Z,embb,uesimtun0,215501,3029,251496,3936,1.453,0,1
2025-11-25T17:17:24.197007Z,urllc,uesimtun1,202194,2937,219396,3162,,1,1
2025-11-25T17:17:24.197007Z,mmtc,uesimtun2,214099,3031,247108,3830,0.983,0,1
2025-11-25T17:17:24.446881Z,embb,uesimtun0,215666,3032,251740,3941,1.434,0,1
2025-11-25T17:17:24.446881Z,urllc,uesimtun1,202234,2938,219456,3163,1.227,0,1
2025-11-25T17:17:24.446881Z,mmtc,uesimtun2,214264,3034,247352,3835,1.031,0,1
2025-11-25T17:17:24.699696Z,embb,uesimtun0,215831,3035,251984,3946,1.798,0,1
2025-11-25T17:17:24.699696Z,urllc,uesimtun1,202399,2941,219700,3168,1.092,0,1
2025-11-25T17:17:24.699696Z,mmtc,uesimtun2,214429,3037,247596,3840,0.982,0,1
2025-11-25T17:17:24.947207Z,embb,uesimtun0,215996,3038,252228,3951,1.453,0,1
2025-11-25T17:17:24.947207Z,urllc,uesimtun1,202564,2944,219944,3173,1.033,0,1
2025-11-25T17:17:24.947207Z,mmtc,uesimtun2,214569,3040,247760,3843,1.021,0,1
2025-11-25T17:17:25.196932Z,embb,uesimtun0,216161,3041,252472,3956,1.433,0,1
2025-11-25T17:17:25.196932Z,urllc,uesimtun1,202704,2947,220108,3176,0.995,0,1
2025-11-25T17:17:25.196932Z,mmtc,uesimtun2,214734,3043,248004,3848,1.774,0,1
2025-11-25T17:17:25.446849Z,embb,uesimtun0,216326,3044,252716,3961,1.444,0,1
2025-11-25T17:17:25.446849Z,urllc,uesimtun1,202844,2950,220272,3179,1.099,0,1
2025-11-25T17:17:25.446849Z,mmtc,uesimtun2,214899,3046,248248,3853,0.994,0,1
2025-11-25T17:17:25.697037Z,embb,uesimtun0,216491,3047,252960,3966,1.570,0,1
2025-11-25T17:17:25.697037Z,urllc,uesimtun1,202984,2953,220436,3182,1.065,0,1
2025-11-25T17:17:25.697037Z,mmtc,uesimtun2,215064,3049,248492,3858,0.861,0,1
2025-11-25T17:17:25.946599Z,embb,uesimtun0,216656,3050,253204,3971,1.332,0,1
2025-11-25T17:17:25.946599Z,urllc,uesimtun1,203124,2956,220600,3185,1.415,0,1
2025-11-25T17:17:25.946599Z,mmtc,uesimtun2,215281,3053,248736,3863,1.017,0,1
2025-11-25T17:17:26.196681Z,embb,uesimtun0,216821,3053,253448,3976,1.530,0,1
2025-11-25T17:17:26.196681Z,urllc,uesimtun1,203289,2959,220844,3190,1.058,0,1
2025-11-25T17:17:26.196681Z,mmtc,uesimtun2,215421,3056,248900,3866,1.139,0,1
2025-11-25T17:17:26.446925Z,embb,uesimtun0,216986,3056,253692,3981,1.305,0,1
2025-11-25T17:17:26.446925Z,urllc,uesimtun1,203429,2962,221008,3193,1.005,0,1
2025-11-25T17:17:26.446925Z,mmtc,uesimtun2,215586,3059,249144,3871,0.911,0,1
2025-11-25T17:17:26.697352Z,embb,uesimtun0,217151,3059,253936,3986,1.406,0,1
2025-11-25T17:17:26.697352Z,urllc,uesimtun1,203569,2965,221172,3196,1.036,0,1
2025-11-25T17:17:26.697352Z,mmtc,uesimtun2,215751,3062,249388,3876,0.900,0,1
2025-11-25T17:17:26.947314Z,embb,uesimtun0,217316,3062,254180,3991,1.312,0,1
2025-11-25T17:17:26.947314Z,urllc,uesimtun1,203709,2968,221336,3199,1.005,0,1
2025-11-25T17:17:26.947314Z,mmtc,uesimtun2,215916,3065,249632,3881,0.952,0,1
2025-11-25T17:17:27.197580Z,embb,uesimtun0,217481,3065,254424,3996,1.349,0,1
2025-11-25T17:17:27.197580Z,urllc,uesimtun1,203849,2971,221500,3202,1.007,0,1
2025-11-25T17:17:27.197580Z,mmtc,uesimtun2,216081,3068,249876,3886,0.956,0,1
2025-11-25T17:17:27.446714Z,embb,uesimtun0,217646,3068,254668,4001,1.312,0,1
2025-11-25T17:17:27.446714Z,urllc,uesimtun1,203989,2974,221664,3205,1.091,0,1
2025-11-25T17:17:27.446714Z,mmtc,uesimtun2,216246,3071,250120,3891,1.046,0,1
2025-11-25T17:17:27.696899Z,embb,uesimtun0,217811,3071,254912,4006,1.413,0,1
2025-11-25T17:17:27.696899Z,urllc,uesimtun1,204154,2977,221908,3210,0.997,0,1
2025-11-25T17:17:27.696899Z,mmtc,uesimtun2,216411,3074,250364,3896,1.015,0,1
2025-11-25T17:17:27.947186Z,embb,uesimtun0,217976,3074,255156,4011,1.359,0,1
2025-11-25T17:17:27.947186Z,urllc,uesimtun1,204294,2980,222072,3213,1.082,0,1
2025-11-25T17:17:27.947186Z,mmtc,uesimtun2,216576,3077,250608,3901,1.200,0,1
2025-11-25T17:17:28.197174Z,embb,uesimtun0,218141,3077,255400,4016,1.326,0,1
2025-11-25T17:17:28.197174Z,urllc,uesimtun1,204459,2983,222316,3218,0.946,0,1
2025-11-25T17:17:28.197174Z,mmtc,uesimtun2,216741,3080,250852,3906,1.041,0,1
2025-11-25T17:17:28.447113Z,embb,uesimtun0,218306,3080,255644,4021,1.271,0,1
2025-11-25T17:17:28.447113Z,urllc,uesimtun1,204599,2986,222480,3221,0.999,0,1
2025-11-25T17:17:28.447113Z,mmtc,uesimtun2,216906,3083,251096,3911,0.890,0,1
2025-11-25T17:17:28.697114Z,embb,uesimtun0,218471,3083,255888,4026,1.351,0,1
2025-11-25T17:17:28.697114Z,urllc,uesimtun1,204739,2989,222644,3224,,1,1
2025-11-25T17:17:28.697114Z,mmtc,uesimtun2,217071,3086,251340,3916,0.963,0,1
2025-11-25T17:17:28.947569Z,embb,uesimtun0,218636,3086,256132,4031,1.455,0,1
2025-11-25T17:17:28.947569Z,urllc,uesimtun1,204779,2990,222704,3225,1.016,0,1
2025-11-25T17:17:28.947569Z,mmtc,uesimtun2,217236,3089,251584,3921,0.995,0,1
2025-11-25T17:17:29.197551Z,embb,uesimtun0,218801,3089,256376,4036,1.493,0,1
2025-11-25T17:17:29.197551Z,urllc,uesimtun1,204919,2993,222868,3228,1.001,0,1
2025-11-25T17:17:29.197551Z,mmtc,uesimtun2,217401,3092,251828,3926,1.005,0,1
2025-11-25T17:17:29.446849Z,embb,uesimtun0,218966,3092,256620,4041,1.525,0,1
2025-11-25T17:17:29.446849Z,urllc,uesimtun1,205059,2996,223032,3231,1.104,0,1
2025-11-25T17:17:29.446849Z,mmtc,uesimtun2,217566,3095,252072,3931,1.042,0,1
2025-11-25T17:17:29.696904Z,embb,uesimtun0,219131,3095,256864,4046,1.409,0,1
2025-11-25T17:17:29.696904Z,urllc,uesimtun1,205199,2999,223196,3234,1.086,0,1
2025-11-25T17:17:29.696904Z,mmtc,uesimtun2,217731,3098,252316,3936,0.905,0,1
2025-11-25T17:17:29.947577Z,embb,uesimtun0,219296,3098,257108,4051,1.350,0,1
2025-11-25T17:17:29.947577Z,urllc,uesimtun1,205339,3002,223360,3237,1.102,0,1
2025-11-25T17:17:29.947577Z,mmtc,uesimtun2,217896,3101,252560,3941,0.984,0,1
2025-11-25T17:17:30.196913Z,embb,uesimtun0,219461,3101,257352,4056,1.340,0,1
2025-11-25T17:17:30.196913Z,urllc,uesimtun1,205504,3005,223604,3242,1.134,0,1
2025-11-25T17:17:30.196913Z,mmtc,uesimtun2,218036,3104,252724,3944,1.036,0,1
2025-11-25T17:17:30.447090Z,embb,uesimtun0,219626,3104,257596,4061,1.395,0,1
2025-11-25T17:17:30.447090Z,urllc,uesimtun1,205669,3008,223848,3247,0.968,0,1
2025-11-25T17:17:30.447090Z,mmtc,uesimtun2,218201,3107,252968,3949,1.133,0,1
2025-11-25T17:17:30.697213Z,embb,uesimtun0,219791,3107,257840,4066,1.484,0,1
2025-11-25T17:17:30.697213Z,urllc,uesimtun1,205809,3011,224012,3250,1.015,0,1
2025-11-25T17:17:30.697213Z,mmtc,uesimtun2,218366,3110,253212,3954,1.039,0,1
2025-11-25T17:17:30.946834Z,embb,uesimtun0,219956,3110,258084,4071,1.422,0,1
2025-11-25T17:17:30.946834Z,urllc,uesimtun1,205949,3014,224176,3253,0.997,0,1
2025-11-25T17:17:30.946834Z,mmtc,uesimtun2,218531,3113,253456,3959,1.028,0,1
2025-11-25T17:17:31.196626Z,embb,uesimtun0,220121,3113,258328,4076,1.331,0,1
2025-11-25T17:17:31.196626Z,urllc,uesimtun1,206114,3017,224420,3258,1.005,0,1
2025-11-25T17:17:31.196626Z,mmtc,uesimtun2,218671,3116,253620,3962,0.928,0,1
2025-11-25T17:17:31.446616Z,embb,uesimtun0,220286,3116,258572,4081,1.199,0,1
2025-11-25T17:17:31.446616Z,urllc,uesimtun1,206254,3020,224584,3261,1.081,0,1
2025-11-25T17:17:31.446616Z,mmtc,uesimtun2,218836,3119,253864,3967,0.952,0,1
2025-11-25T17:17:31.696725Z,embb,uesimtun0,220451,3119,258816,4086,1.483,0,1
2025-11-25T17:17:31.696725Z,urllc,uesimtun1,206419,3023,224828,3266,0.966,0,1
2025-11-25T17:17:31.696725Z,mmtc,uesimtun2,218976,3122,254028,3970,0.978,0,1
2025-11-25T17:17:31.946637Z,embb,uesimtun0,220616,3122,259060,4091,1.346,0,1
2025-11-25T17:17:31.946637Z,urllc,uesimtun1,206559,3026,224992,3269,1.003,0,1
2025-11-25T17:17:31.946637Z,mmtc,uesimtun2,219141,3125,254272,3975,0.953,0,1
2025-11-25T17:17:32.196646Z,embb,uesimtun0,220781,3125,259304,4096,1.365,0,1
2025-11-25T17:17:32.196646Z,urllc,uesimtun1,206699,3029,225156,3272,0.982,0,1
2025-11-25T17:17:32.196646Z,mmtc,uesimtun2,219306,3128,254516,3980,0.907,0,1
2025-11-25T17:17:32.447062Z,embb,uesimtun0,220946,3128,259548,4101,1.522,0,1
2025-11-25T17:17:32.447062Z,urllc,uesimtun1,206839,3032,225320,3275,1.008,0,1
2025-11-25T17:17:32.447062Z,mmtc,uesimtun2,219471,3131,254760,3985,1.015,0,1
2025-11-25T17:17:32.697083Z,embb,uesimtun0,221111,3131,259792,4106,1.456,0,1
2025-11-25T17:17:32.697083Z,urllc,uesimtun1,206979,3035,225484,3278,0.970,0,1
2025-11-25T17:17:32.697083Z,mmtc,uesimtun2,219636,3134,255004,3990,0.883,0,1
2025-11-25T17:17:32.946783Z,embb,uesimtun0,221276,3134,260036,4111,1.350,0,1
2025-11-25T17:17:32.946783Z,urllc,uesimtun1,207119,3038,225648,3281,1.012,0,1
2025-11-25T17:17:32.946783Z,mmtc,uesimtun2,219801,3137,255248,3995,1.211,0,1
2025-11-25T17:17:33.196746Z,embb,uesimtun0,221441,3137,260280,4116,1.304,0,1
2025-11-25T17:17:33.196746Z,urllc,uesimtun1,207259,3041,225812,3284,1.050,0,1
2025-11-25T17:17:33.196746Z,mmtc,uesimtun2,220018,3141,255492,4000,1.089,0,1
2025-11-25T17:17:33.447066Z,embb,uesimtun0,221606,3140,260524,4121,1.260,0,1
2025-11-25T17:17:33.447066Z,urllc,uesimtun1,207399,3044,225976,3287,5.630,0,1
2025-11-25T17:17:33.447066Z,mmtc,uesimtun2,220183,3144,255736,4005,1.203,0,1
2025-11-25T17:17:33.696895Z,embb,uesimtun0,221771,3143,260768,4126,1.499,0,1
2025-11-25T17:17:33.696895Z,urllc,uesimtun1,207539,3047,226140,3290,1.225,0,1
2025-11-25T17:17:33.696895Z,mmtc,uesimtun2,220348,3147,255980,4010,0.886,0,1
2025-11-25T17:17:33.946701Z,embb,uesimtun0,221936,3146,261012,4131,1.327,0,1
2025-11-25T17:17:33.946701Z,urllc,uesimtun1,207679,3050,226304,3293,1.130,0,1
2025-11-25T17:17:33.946701Z,mmtc,uesimtun2,220513,3150,256224,4015,,1,1
2025-11-25T17:17:34.196994Z,embb,uesimtun0,222101,3149,261256,4136,1.408,0,1
2025-11-25T17:17:34.196994Z,urllc,uesimtun1,207844,3053,226548,3298,0.974,0,1
2025-11-25T17:17:34.196994Z,mmtc,uesimtun2,220553,3151,256284,4016,0.985,0,1
2025-11-25T17:17:34.447073Z,embb,uesimtun0,222266,3152,261500,4141,1.427,0,1
2025-11-25T17:17:34.447073Z,urllc,uesimtun1,207984,3056,226712,3301,1.058,0,1
2025-11-25T17:17:34.447073Z,mmtc,uesimtun2,220718,3154,256528,4021,1.112,0,1
2025-11-25T17:17:34.696745Z,embb,uesimtun0,222431,3155,261744,4146,1.574,0,1
2025-11-25T17:17:34.696745Z,urllc,uesimtun1,208124,3059,226876,3304,0.956,0,1
2025-11-25T17:17:34.696745Z,mmtc,uesimtun2,220883,3157,256772,4026,0.891,0,1
2025-11-25T17:17:34.947815Z,embb,uesimtun0,222596,3158,261988,4151,2.069,0,1
2025-11-25T17:17:34.947815Z,urllc,uesimtun1,208264,3062,227040,3307,0.958,0,1
2025-11-25T17:17:34.947815Z,mmtc,uesimtun2,221048,3160,257016,4031,1.564,0,1
2025-11-25T17:17:35.196951Z,embb,uesimtun0,222761,3161,262232,4156,1.554,0,1
2025-11-25T17:17:35.196951Z,urllc,uesimtun1,208429,3065,227284,3312,2.871,0,1
2025-11-25T17:17:35.196951Z,mmtc,uesimtun2,221188,3163,257180,4034,3.654,0,1
2025-11-25T17:17:35.446949Z,embb,uesimtun0,222926,3164,262476,4161,1.371,0,1
2025-11-25T17:17:35.446949Z,urllc,uesimtun1,208569,3068,227448,3315,0.874,0,1
2025-11-25T17:17:35.446949Z,mmtc,uesimtun2,221353,3166,257424,4039,0.897,0,1
2025-11-25T17:17:35.696852Z,embb,uesimtun0,223091,3167,262720,4166,1.397,0,1
2025-11-25T17:17:35.696852Z,urllc,uesimtun1,208709,3071,227612,3318,,1,1
2025-11-25T17:17:35.696852Z,mmtc,uesimtun2,221518,3169,257668,4044,0.921,0,1
2025-11-25T17:17:35.947442Z,embb,uesimtun0,223256,3170,262964,4171,1.336,0,1
2025-11-25T17:17:35.947442Z,urllc,uesimtun1,208749,3072,227672,3319,1.377,0,1
2025-11-25T17:17:35.947442Z,mmtc,uesimtun2,221683,3172,257912,4049,1.175,0,1
2025-11-25T17:17:36.196985Z,embb,uesimtun0,223421,3173,263208,4176,1.457,0,1
2025-11-25T17:17:36.196985Z,urllc,uesimtun1,208914,3075,227916,3324,1.044,0,1
2025-11-25T17:17:36.196985Z,mmtc,uesimtun2,221848,3175,258156,4054,1.019,0,1
2025-11-25T17:17:36.446842Z,embb,uesimtun0,223586,3176,263452,4181,1.498,0,1
2025-11-25T17:17:36.446842Z,urllc,uesimtun1,209054,3078,228080,3327,,1,1
2025-11-25T17:17:36.446842Z,mmtc,uesimtun2,222013,3178,258400,4059,0.953,0,1
2025-11-25T17:17:36.697054Z,embb,uesimtun0,223751,3179,263696,4186,1.381,0,1
2025-11-25T17:17:36.697054Z,urllc,uesimtun1,209094,3079,228140,3328,0.980,0,1
2025-11-25T17:17:36.697054Z,mmtc,uesimtun2,222178,3181,258644,4064,1.004,0,1
2025-11-25T17:17:36.946759Z,embb,uesimtun0,223916,3182,263940,4191,1.472,0,1
2025-11-25T17:17:36.946759Z,urllc,uesimtun1,209234,3082,228304,3331,,1,1
2025-11-25T17:17:36.946759Z,mmtc,uesimtun2,222343,3184,258888,4069,1.032,0,1
2025-11-25T17:17:37.197036Z,embb,uesimtun0,224081,3185,264184,4196,1.338,0,1
2025-11-25T17:17:37.197036Z,urllc,uesimtun1,209274,3083,228364,3332,4.863,0,1
2025-11-25T17:17:37.197036Z,mmtc,uesimtun2,222508,3187,259132,4074,1.107,0,1
2025-11-25T17:17:37.446882Z,embb,uesimtun0,224246,3188,264428,4201,1.289,0,1
2025-11-25T17:17:37.446882Z,urllc,uesimtun1,209414,3086,228528,3335,1.065,0,1
2025-11-25T17:17:37.446882Z,mmtc,uesimtun2,222673,3190,259376,4079,0.949,0,1
2025-11-25T17:17:37.696645Z,embb,uesimtun0,224411,3191,264672,4206,1.320,0,1
2025-11-25T17:17:37.696645Z,urllc,uesimtun1,209554,3089,228692,3338,1.178,0,1
2025-11-25T17:17:37.696645Z,mmtc,uesimtun2,222838,3193,259620,4084,1.045,0,1
2025-11-25T17:17:37.947392Z,embb,uesimtun0,224576,3194,264916,4211,3.995,0,1
2025-11-25T17:17:37.947392Z,urllc,uesimtun1,209719,3092,228936,3343,1.523,0,1
2025-11-25T17:17:37.947392Z,mmtc,uesimtun2,223003,3196,259864,4089,0.952,0,1
2025-11-25T17:17:38.196681Z,embb,uesimtun0,224741,3197,265160,4216,1.306,0,1
2025-11-25T17:17:38.196681Z,urllc,uesimtun1,209884,3095,229180,3348,1.146,0,1
2025-11-25T17:17:38.196681Z,mmtc,uesimtun2,223168,3199,260108,4094,1.048,0,1
2025-11-25T17:17:38.447124Z,embb,uesimtun0,224906,3200,265404,4221,1.484,0,1
2025-11-25T17:17:38.447124Z,urllc,uesimtun1,210024,3098,229344,3351,0.963,0,1
2025-11-25T17:17:38.447124Z,mmtc,uesimtun2,223333,3202,260352,4099,0.879,0,1
2025-11-25T17:17:38.697264Z,embb,uesimtun0,225071,3203,265648,4226,1.382,0,1
2025-11-25T17:17:38.697264Z,urllc,uesimtun1,210164,3101,229508,3354,1.197,0,1
2025-11-25T17:17:38.697264Z,mmtc,uesimtun2,223498,3205,260596,4104,1.205,0,1
2025-11-25T17:17:38.946787Z,embb,uesimtun0,225236,3206,265892,4231,1.217,0,1
2025-11-25T17:17:38.946787Z,urllc,uesimtun1,210304,3104,229672,3357,0.899,0,1
2025-11-25T17:17:38.946787Z,mmtc,uesimtun2,223663,3208,260840,4109,0.985,0,1
2025-11-25T17:17:39.196951Z,embb,uesimtun0,225401,3209,266136,4236,1.399,0,1
2025-11-25T17:17:39.196951Z,urllc,uesimtun1,210444,3107,229836,3360,1.068,0,1
2025-11-25T17:17:39.196951Z,mmtc,uesimtun2,223828,3211,261084,4114,1.221,0,1
2025-11-25T17:17:39.446663Z,embb,uesimtun0,225566,3212,266380,4241,1.405,0,1
2025-11-25T17:17:39.446663Z,urllc,uesimtun1,210584,3110,230000,3363,1.020,0,1
2025-11-25T17:17:39.446663Z,mmtc,uesimtun2,223993,3214,261328,4119,1.024,0,1
2025-11-25T17:17:39.697093Z,embb,uesimtun0,225731,3215,266624,4246,1.389,0,1
2025-11-25T17:17:39.697093Z,urllc,uesimtun1,210724,3113,230164,3366,0.986,0,1
2025-11-25T17:17:39.697093Z,mmtc,uesimtun2,224210,3218,261572,4124,0.959,0,1
2025-11-25T17:17:39.946910Z,embb,uesimtun0,225896,3218,266868,4251,1.508,0,1
2025-11-25T17:17:39.946910Z,urllc,uesimtun1,210864,3116,230328,3369,,1,1
2025-11-25T17:17:39.946910Z,mmtc,uesimtun2,224375,3221,261816,4129,1.020,0,1
2025-11-25T17:17:40.196791Z,embb,uesimtun0,226061,3221,267112,4256,1.399,0,1
2025-11-25T17:17:40.196791Z,urllc,uesimtun1,210904,3117,230388,3370,1.090,0,1
2025-11-25T17:17:40.196791Z,mmtc,uesimtun2,224540,3224,262060,4134,1.091,0,1
2025-11-25T17:17:40.446972Z,embb,uesimtun0,226226,3224,267356,4261,1.248,0,1
2025-11-25T17:17:40.446972Z,urllc,uesimtun1,211044,3120,230552,3373,1.087,0,1
2025-11-25T17:17:40.446972Z,mmtc,uesimtun2,224705,3227,262304,4139,1.074,0,1
2025-11-25T17:17:40.696801Z,embb,uesimtun0,226391,3227,267600,4266,1.428,0,1
2025-11-25T17:17:40.696801Z,urllc,uesimtun1,211209,3123,230796,3378,1.101,0,1
2025-11-25T17:17:40.696801Z,mmtc,uesimtun2,224870,3230,262548,4144,0.995,0,1
2025-11-25T17:17:40.947008Z,embb,uesimtun0,226556,3230,267844,4271,1.332,0,1
2025-11-25T17:17:40.947008Z,urllc,uesimtun1,211349,3126,230960,3381,1.052,0,1
2025-11-25T17:17:40.947008Z,mmtc,uesimtun2,225035,3233,262792,4149,1.074,0,1
2025-11-25T17:17:41.196805Z,embb,uesimtun0,226721,3233,268088,4276,1.395,0,1
2025-11-25T17:17:41.196805Z,urllc,uesimtun1,211489,3129,231124,3384,1.017,0,1
2025-11-25T17:17:41.196805Z,mmtc,uesimtun2,225200,3236,263036,4154,,1,1
2025-11-25T17:17:41.446932Z,embb,uesimtun0,226886,3236,268332,4281,1.292,0,1
2025-11-25T17:17:41.446932Z,urllc,uesimtun1,211654,3132,231368,3389,,1,1
2025-11-25T17:17:41.446932Z,mmtc,uesimtun2,225240,3237,263096,4155,1.042,0,1
2025-11-25T17:17:41.696728Z,embb,uesimtun0,227051,3239,268576,4286,6.035,0,1
2025-11-25T17:17:41.696728Z,urllc,uesimtun1,211694,3133,231428,3390,1.065,0,1
2025-11-25T17:17:41.696728Z,mmtc,uesimtun2,225405,3240,263340,4160,1.058,0,1
2025-11-25T17:17:41.946644Z,embb,uesimtun0,227216,3242,268820,4291,1.318,0,1
2025-11-25T17:17:41.946644Z,urllc,uesimtun1,211834,3136,231592,3393,1.008,0,1
2025-11-25T17:17:41.946644Z,mmtc,uesimtun2,225570,3243,263584,4165,1.177,0,1
2025-11-25T17:17:42.196766Z,embb,uesimtun0,227381,3245,269064,4296,1.368,0,1
2025-11-25T17:17:42.196766Z,urllc,uesimtun1,211974,3139,231756,3396,0.959,0,1
2025-11-25T17:17:42.196766Z,mmtc,uesimtun2,225735,3246,263828,4170,0.937,0,1
2025-11-25T17:17:42.446840Z,embb,uesimtun0,227546,3248,269308,4301,1.299,0,1
2025-11-25T17:17:42.446840Z,urllc,uesimtun1,212114,3142,231920,3399,0.990,0,1
2025-11-25T17:17:42.446840Z,mmtc,uesimtun2,225900,3249,264072,4175,0.982,0,1
2025-11-25T17:17:42.697589Z,embb,uesimtun0,227711,3251,269552,4306,1.297,0,1
2025-11-25T17:17:42.697589Z,urllc,uesimtun1,212254,3145,232084,3402,1.222,0,1
2025-11-25T17:17:42.697589Z,mmtc,uesimtun2,226117,3253,264316,4180,,1,1
2025-11-25T17:17:42.947045Z,embb,uesimtun0,227876,3254,269796,4311,1.385,0,1
2025-11-25T17:17:42.947045Z,urllc,uesimtun1,212419,3148,232328,3407,1.079,0,1
2025-11-25T17:17:42.947045Z,mmtc,uesimtun2,226157,3254,264376,4181,1.037,0,1
2025-11-25T17:17:43.197055Z,embb,uesimtun0,228041,3257,270040,4316,1.351,0,1
2025-11-25T17:17:43.197055Z,urllc,uesimtun1,212559,3151,232492,3410,1.068,0,1
2025-11-25T17:17:43.197055Z,mmtc,uesimtun2,226322,3257,264620,4186,1.096,0,1
2025-11-25T17:17:43.446692Z,embb,uesimtun0,228206,3260,270284,4321,1.273,0,1
2025-11-25T17:17:43.446692Z,urllc,uesimtun1,212699,3154,232656,3413,,1,1
2025-11-25T17:17:43.446692Z,mmtc,uesimtun2,226487,3260,264864,4191,0.983,0,1
2025-11-25T17:17:43.696733Z,embb,uesimtun0,228371,3263,270528,4326,1.477,0,1
2025-11-25T17:17:43.696733Z,urllc,uesimtun1,212739,3155,232716,3414,1.044,0,1
2025-11-25T17:17:43.696733Z,mmtc,uesimtun2,226704,3264,265108,4196,0.916,0,1
2025-11-25T17:17:43.947363Z,embb,uesimtun0,228536,3266,270772,4331,1.414,0,1
2025-11-25T17:17:43.947363Z,urllc,uesimtun1,212879,3158,232880,3417,1.072,0,1
2025-11-25T17:17:43.947363Z,mmtc,uesimtun2,226869,3267,265352,4201,1.066,0,1
2025-11-25T17:17:44.196785Z,embb,uesimtun0,228701,3269,271016,4336,1.362,0,1
2025-11-25T17:17:44.196785Z,urllc,uesimtun1,213019,3161,233044,3420,1.086,0,1
2025-11-25T17:17:44.196785Z,mmtc,uesimtun2,227034,3270,265596,4206,0.931,0,1
2025-11-25T17:17:44.446902Z,embb,uesimtun0,228866,3272,271260,4341,1.248,0,1
2025-11-25T17:17:44.446902Z,urllc,uesimtun1,213159,3164,233208,3423,0.987,0,1
2025-11-25T17:17:44.446902Z,mmtc,uesimtun2,227199,3273,265840,4211,1.009,0,1
2025-11-25T17:17:44.696761Z,embb,uesimtun0,229031,3275,271504,4346,1.324,0,1
2025-11-25T17:17:44.696761Z,urllc,uesimtun1,213299,3167,233372,3426,1.038,0,1
2025-11-25T17:17:44.696761Z,mmtc,uesimtun2,227416,3277,266084,4216,0.918,0,1
2025-11-25T17:17:44.946918Z,embb,uesimtun0,229196,3278,271748,4351,1.303,0,1
2025-11-25T17:17:44.946918Z,urllc,uesimtun1,213439,3170,233536,3429,0.935,0,1
2025-11-25T17:17:44.946918Z,mmtc,uesimtun2,227633,3281,266328,4221,0.884,0,1
2025-11-25T17:17:45.196911Z,embb,uesimtun0,229361,3281,271992,4356,1.388,0,1
2025-11-25T17:17:45.196911Z,urllc,uesimtun1,213579,3173,233700,3432,1.006,0,1
2025-11-25T17:17:45.196911Z,mmtc,uesimtun2,227798,3284,266572,4226,1.029,0,1
2025-11-25T17:17:45.447090Z,embb,uesimtun0,229526,3284,272236,4361,1.338,0,1
2025-11-25T17:17:45.447090Z,urllc,uesimtun1,213719,3176,233864,3435,1.018,0,1
2025-11-25T17:17:45.447090Z,mmtc,uesimtun2,227963,3287,266816,4231,0.999,0,1
2025-11-25T17:17:45.696799Z,embb,uesimtun0,229691,3287,272480,4366,1.332,0,1
2025-11-25T17:17:45.696799Z,urllc,uesimtun1,213859,3179,234028,3438,1.040,0,1
2025-11-25T17:17:45.696799Z,mmtc,uesimtun2,228128,3290,267060,4236,0.966,0,1
2025-11-25T17:17:45.946963Z,embb,uesimtun0,229856,3290,272724,4371,1.252,0,1
2025-11-25T17:17:45.946963Z,urllc,uesimtun1,213999,3182,234192,3441,,1,1
2025-11-25T17:17:45.946963Z,mmtc,uesimtun2,228293,3293,267304,4241,0.991,0,1
2025-11-25T17:17:46.196461Z,embb,uesimtun0,230021,3293,272968,4376,1.358,0,1
2025-11-25T17:17:46.196461Z,urllc,uesimtun1,214039,3183,234252,3442,0.911,0,1
2025-11-25T17:17:46.196461Z,mmtc,uesimtun2,228458,3296,267548,4246,0.914,0,1
2025-11-25T17:17:46.447395Z,embb,uesimtun0,230186,3296,273212,4381,1.343,0,1
2025-11-25T17:17:46.447395Z,urllc,uesimtun1,214179,3186,234416,3445,0.995,0,1
2025-11-25T17:17:46.447395Z,mmtc,uesimtun2,228623,3299,267792,4251,1.053,0,1
2025-11-25T17:17:46.697288Z,embb,uesimtun0,230351,3299,273456,4386,20.213,0,1
2025-11-25T17:17:46.697288Z,urllc,uesimtun1,214319,3189,234580,3448,,1,1
2025-11-25T17:17:46.697288Z,mmtc,uesimtun2,228788,3302,268036,4256,0.996,0,1
2025-11-25T17:17:46.946638Z,embb,uesimtun0,230516,3302,273700,4391,1.298,0,1
2025-11-25T17:17:46.946638Z,urllc,uesimtun1,214359,3190,234640,3449,0.975,0,1
2025-11-25T17:17:46.946638Z,mmtc,uesimtun2,228953,3305,268280,4261,0.908,0,1
2025-11-25T17:17:47.196803Z,embb,uesimtun0,230681,3305,273944,4396,1.348,0,1
2025-11-25T17:17:47.196803Z,urllc,uesimtun1,214499,3193,234804,3452,0.994,0,1
2025-11-25T17:17:47.196803Z,mmtc,uesimtun2,229118,3308,268524,4266,0.981,0,1
2025-11-25T17:17:47.446769Z,embb,uesimtun0,230846,3308,274188,4401,1.206,0,1
2025-11-25T17:17:47.446769Z,urllc,uesimtun1,214639,3196,234968,3455,0.905,0,1
2025-11-25T17:17:47.446769Z,mmtc,uesimtun2,229283,3311,268768,4271,0.962,0,1
2025-11-25T17:17:47.696788Z,embb,uesimtun0,231011,3311,274432,4406,1.309,0,1
2025-11-25T17:17:47.696788Z,urllc,uesimtun1,214779,3199,235132,3458,0.926,0,1
2025-11-25T17:17:47.696788Z,mmtc,uesimtun2,229448,3314,269012,4276,0.879,0,1
2025-11-25T17:17:47.946640Z,embb,uesimtun0,231176,3314,274676,4411,1.330,0,1
2025-11-25T17:17:47.946640Z,urllc,uesimtun1,214919,3202,235296,3461,1.111,0,1
2025-11-25T17:17:47.946640Z,mmtc,uesimtun2,229613,3317,269256,4281,0.978,0,1
2025-11-25T17:17:48.196762Z,embb,uesimtun0,231341,3317,274920,4416,1.388,0,1
2025-11-25T17:17:48.196762Z,urllc,uesimtun1,215084,3205,235540,3466,1.008,0,1
2025-11-25T17:17:48.196762Z,mmtc,uesimtun2,229753,3320,269420,4284,1.042,0,1
2025-11-25T17:17:48.447236Z,embb,uesimtun0,231506,3320,275164,4421,1.329,0,1
2025-11-25T17:17:48.447236Z,urllc,uesimtun1,215224,3208,235704,3469,1.044,0,1
2025-11-25T17:17:48.447236Z,mmtc,uesimtun2,229918,3323,269664,4289,0.993,0,1
2025-11-25T17:17:48.697328Z,embb,uesimtun0,231671,3323,275408,4426,1.284,0,1
2025-11-25T17:17:48.697328Z,urllc,uesimtun1,215389,3211,235948,3474,1.005,0,1
2025-11-25T17:17:48.697328Z,mmtc,uesimtun2,230058,3326,269828,4292,0.989,0,1
2025-11-25T17:17:48.947111Z,embb,uesimtun0,231836,3326,275652,4431,1.328,0,1
2025-11-25T17:17:48.947111Z,urllc,uesimtun1,215529,3214,236112,3477,,1,1
2025-11-25T17:17:48.947111Z,mmtc,uesimtun2,230223,3329,270072,4297,0.955,0,1
2025-11-25T17:17:49.196656Z,embb,uesimtun0,232001,3329,275896,4436,1.326,0,1
2025-11-25T17:17:49.196656Z,urllc,uesimtun1,215569,3215,236172,3478,,1,1
2025-11-25T17:17:49.196656Z,mmtc,uesimtun2,230388,3332,270316,4302,0.975,0,1
2025-11-25T17:17:49.447009Z,embb,uesimtun0,232166,3332,276140,4441,1.455,0,1
2025-11-25T17:17:49.447009Z,urllc,uesimtun1,215609,3216,236232,3479,1.014,0,1
2025-11-25T17:17:49.447009Z,mmtc,uesimtun2,230553,3335,270560,4307,,1,1
2025-11-25T17:17:49.697105Z,embb,uesimtun0,232331,3335,276384,4446,1.319,0,1
2025-11-25T17:17:49.697105Z,urllc,uesimtun1,215774,3219,236476,3484,1.025,0,1
2025-11-25T17:17:49.697105Z,mmtc,uesimtun2,230593,3336,270620,4308,1.004,0,1
2025-11-25T17:17:49.946815Z,embb,uesimtun0,232496,3338,276628,4451,1.446,0,1
2025-11-25T17:17:49.946815Z,urllc,uesimtun1,215914,3222,236640,3487,0.942,0,1
2025-11-25T17:17:49.946815Z,mmtc,uesimtun2,230758,3339,270864,4313,0.963,0,1
2025-11-25T17:17:50.196632Z,embb,uesimtun0,232661,3341,276872,4456,1.380,0,1
2025-11-25T17:17:50.196632Z,urllc,uesimtun1,216054,3225,236804,3490,1.047,0,1
2025-11-25T17:17:50.196632Z,mmtc,uesimtun2,230923,3342,271108,4318,0.903,0,1
2025-11-25T17:17:50.446750Z,embb,uesimtun0,232826,3344,277116,4461,1.267,0,1
2025-11-25T17:17:50.446750Z,urllc,uesimtun1,216194,3228,236968,3493,1.004,0,1
2025-11-25T17:17:50.446750Z,mmtc,uesimtun2,231088,3345,271352,4323,0.979,0,1
2025-11-25T17:17:50.696735Z,embb,uesimtun0,232991,3347,277360,4466,1.458,0,1
2025-11-25T17:17:50.696735Z,urllc,uesimtun1,216334,3231,237132,3496,1.088,0,1
2025-11-25T17:17:50.696735Z,mmtc,uesimtun2,231253,3348,271596,4328,1.033,0,1
2025-11-25T17:17:50.946877Z,embb,uesimtun0,233156,3350,277604,4471,1.342,0,1
2025-11-25T17:17:50.946877Z,urllc,uesimtun1,216474,3234,237296,3499,1.101,0,1
2025-11-25T17:17:50.946877Z,mmtc,uesimtun2,231418,3351,271840,4333,,1,1
2025-11-25T17:17:51.196894Z,embb,uesimtun0,233321,3353,277848,4476,1.409,0,1
2025-11-25T17:17:51.196894Z,urllc,uesimtun1,216639,3237,237540,3504,,1,1
2025-11-25T17:17:51.196894Z,mmtc,uesimtun2,231458,3352,271900,4334,1.006,0,1
2025-11-25T17:17:51.447086Z,embb,uesimtun0,233486,3356,278092,4481,1.442,0,1
2025-11-25T17:17:51.447086Z,urllc,uesimtun1,216679,3238,237600,3505,1.002,0,1
2025-11-25T17:17:51.447086Z,mmtc,uesimtun2,231623,3355,272144,4339,1.167,0,1
2025-11-25T17:17:51.697194Z,embb,uesimtun0,233651,3359,278336,4486,1.409,0,1
2025-11-25T17:17:51.697194Z,urllc,uesimtun1,216819,3241,237764,3508,0.988,0,1
2025-11-25T17:17:51.697194Z,mmtc,uesimtun2,231788,3358,272388,4344,5.261,0,1
2025-11-25T17:17:51.946636Z,embb,uesimtun0,233816,3362,278580,4491,1.430,0,1
2025-11-25T17:17:51.946636Z,urllc,uesimtun1,216959,3244,237928,3511,1.001,0,1
2025-11-25T17:17:51.946636Z,mmtc,uesimtun2,231953,3361,272632,4349,1.019,0,1
2025-11-25T17:17:52.196972Z,embb,uesimtun0,233981,3365,278824,4496,1.250,0,1
2025-11-25T17:17:52.196972Z,urllc,uesimtun1,217099,3247,238092,3514,0.964,0,1
2025-11-25T17:17:52.196972Z,mmtc,uesimtun2,232118,3364,272876,4354,0.918,0,1
2025-11-25T17:17:52.446863Z,embb,uesimtun0,234146,3368,279068,4501,1.398,0,1
2025-11-25T17:17:52.446863Z,urllc,uesimtun1,217239,3250,238256,3517,1.088,0,1
2025-11-25T17:17:52.446863Z,mmtc,uesimtun2,232283,3367,273120,4359,0.956,0,1
2025-11-25T17:17:52.697082Z,embb,uesimtun0,234311,3371,279312,4506,1.301,0,1
2025-11-25T17:17:52.697082Z,urllc,uesimtun1,217379,3253,238420,3520,1.262,0,1
2025-11-25T17:17:52.697082Z,mmtc,uesimtun2,232448,3370,273364,4364,1.000,0,1
2025-11-25T17:17:52.947040Z,embb,uesimtun0,234476,3374,279556,4511,1.328,0,1
2025-11-25T17:17:52.947040Z,urllc,uesimtun1,217519,3256,238584,3523,1.043,0,1
2025-11-25T17:17:52.947040Z,mmtc,uesimtun2,232613,3373,273608,4369,1.019,0,1
2025-11-25T17:17:53.197085Z,embb,uesimtun0,234641,3377,279800,4516,1.320,0,1
2025-11-25T17:17:53.197085Z,urllc,uesimtun1,217659,3259,238748,3526,0.922,0,1
2025-11-25T17:17:53.197085Z,mmtc,uesimtun2,232778,3376,273852,4374,0.826,0,1
2025-11-25T17:17:53.447022Z,embb,uesimtun0,234806,3380,280044,4521,1.165,0,1
2025-11-25T17:17:53.447022Z,urllc,uesimtun1,217799,3262,238912,3529,0.958,0,1
2025-11-25T17:17:53.447022Z,mmtc,uesimtun2,232943,3379,274096,4379,0.821,0,1
2025-11-25T17:17:53.696739Z,embb,uesimtun0,234971,3383,280288,4526,1.345,0,1
2025-11-25T17:17:53.696739Z,urllc,uesimtun1,217939,3265,239076,3532,0.941,0,1
2025-11-25T17:17:53.696739Z,mmtc,uesimtun2,233108,3382,274340,4384,0.980,0,1
2025-11-25T17:17:53.946650Z,embb,uesimtun0,235136,3386,280532,4531,1.340,0,1
2025-11-25T17:17:53.946650Z,urllc,uesimtun1,218079,3268,239240,3535,1.033,0,1
2025-11-25T17:17:53.946650Z,mmtc,uesimtun2,233273,3385,274584,4389,0.899,0,1
2025-11-25T17:17:54.196657Z,embb,uesimtun0,235301,3389,280776,4536,1.272,0,1
2025-11-25T17:17:54.196657Z,urllc,uesimtun1,218219,3271,239404,3538,1.031,0,1
2025-11-25T17:17:54.196657Z,mmtc,uesimtun2,233438,3388,274828,4394,2.801,0,1
2025-11-25T17:17:54.446995Z,embb,uesimtun0,235466,3392,281020,4541,1.269,0,1
2025-11-25T17:17:54.446995Z,urllc,uesimtun1,218359,3274,239568,3541,0.801,0,1
2025-11-25T17:17:54.446995Z,mmtc,uesimtun2,233603,3391,275072,4399,0.881,0,1
2025-11-25T17:17:54.697167Z,embb,uesimtun0,235631,3395,281264,4546,1.243,0,1
2025-11-25T17:17:54.697167Z,urllc,uesimtun1,218499,3277,239732,3544,0.962,0,1
2025-11-25T17:17:54.697167Z,mmtc,uesimtun2,233768,3394,275316,4404,0.847,0,1
2025-11-25T17:17:54.946998Z,embb,uesimtun0,235796,3398,281508,4551,1.318,0,1
2025-11-25T17:17:54.946998Z,urllc,uesimtun1,218639,3280,239896,3547,0.956,0,1
2025-11-25T17:17:54.946998Z,mmtc,uesimtun2,233933,3397,275560,4409,0.970,0,1
2025-11-25T17:17:55.196660Z,embb,uesimtun0,235961,3401,281752,4556,1.443,0,1
2025-11-25T17:17:55.196660Z,urllc,uesimtun1,218804,3283,240140,3552,1.069,0,1
2025-11-25T17:17:55.196660Z,mmtc,uesimtun2,234073,3400,275724,4412,0.889,0,1
2025-11-25T17:17:55.447231Z,embb,uesimtun0,236126,3404,281996,4561,1.321,0,1
2025-11-25T17:17:55.447231Z,urllc,uesimtun1,218944,3286,240304,3555,1.003,0,1
2025-11-25T17:17:55.447231Z,mmtc,uesimtun2,234238,3403,275968,4417,0.851,0,1
2025-11-25T17:17:55.697064Z,embb,uesimtun0,236291,3407,282240,4566,1.283,0,1
2025-11-25T17:17:55.697064Z,urllc,uesimtun1,219084,3289,240468,3558,0.994,0,1
2025-11-25T17:17:55.697064Z,mmtc,uesimtun2,234403,3406,276212,4422,0.971,0,1
2025-11-25T17:17:55.947082Z,embb,uesimtun0,236456,3410,282484,4571,1.269,0,1
2025-11-25T17:17:55.947082Z,urllc,uesimtun1,219224,3292,240632,3561,0.966,0,1
2025-11-25T17:17:55.947082Z,mmtc,uesimtun2,234568,3409,276456,4427,0.860,0,1
2025-11-25T17:17:56.196665Z,embb,uesimtun0,236621,3413,282728,4576,1.376,0,1
2025-11-25T17:17:56.196665Z,urllc,uesimtun1,219364,3295,240796,3564,1.023,0,1
2025-11-25T17:17:56.196665Z,mmtc,uesimtun2,234733,3412,276700,4432,1.039,0,1
2025-11-25T17:17:56.447026Z,embb,uesimtun0,236786,3416,282972,4581,1.255,0,1
2025-11-25T17:17:56.447026Z,urllc,uesimtun1,219504,3298,240960,3567,0.955,0,1
2025-11-25T17:17:56.447026Z,mmtc,uesimtun2,234898,3415,276944,4437,0.854,0,1
2025-11-25T17:17:56.696863Z,embb,uesimtun0,236951,3419,283216,4586,1.380,0,1
2025-11-25T17:17:56.696863Z,urllc,uesimtun1,219644,3301,241124,3570,0.994,0,1
2025-11-25T17:17:56.696863Z,mmtc,uesimtun2,235063,3418,277188,4442,0.926,0,1
2025-11-25T17:17:56.947065Z,embb,uesimtun0,237116,3422,283460,4591,1.220,0,1
2025-11-25T17:17:56.947065Z,urllc,uesimtun1,219784,3304,241288,3573,1.248,0,1
2025-11-25T17:17:56.947065Z,mmtc,uesimtun2,235228,3421,277432,4447,0.985,0,1
2025-11-25T17:17:57.196915Z,embb,uesimtun0,237281,3425,283704,4596,1.353,0,1
2025-11-25T17:17:57.196915Z,urllc,uesimtun1,219924,3307,241452,3576,1.011,0,1
2025-11-25T17:17:57.196915Z,mmtc,uesimtun2,235393,3424,277676,4452,0.903,0,1
2025-11-25T17:17:57.446689Z,embb,uesimtun0,237446,3428,283948,4601,3.620,0,1
2025-11-25T17:17:57.446689Z,urllc,uesimtun1,220064,3310,241616,3579,,1,1
2025-11-25T17:17:57.446689Z,mmtc,uesimtun2,235558,3427,277920,4457,0.978,0,1
2025-11-25T17:17:57.696867Z,embb,uesimtun0,237611,3431,284192,4606,1.376,0,1
2025-11-25T17:17:57.696867Z,urllc,uesimtun1,220104,3311,241676,3580,,1,1
2025-11-25T17:17:57.696867Z,mmtc,uesimtun2,235723,3430,278164,4462,1.035,0,1
2025-11-25T17:17:57.946706Z,embb,uesimtun0,237776,3434,284436,4611,1.304,0,1
2025-11-25T17:17:57.946706Z,urllc,uesimtun1,220144,3312,241736,3581,1.028,0,1
2025-11-25T17:17:57.946706Z,mmtc,uesimtun2,235888,3433,278408,4467,1.013,0,1
2025-11-25T17:17:58.196708Z,embb,uesimtun0,237941,3437,284680,4616,1.283,0,1
2025-11-25T17:17:58.196708Z,urllc,uesimtun1,220284,3315,241900,3584,0.984,0,1
2025-11-25T17:17:58.196708Z,mmtc,uesimtun2,236053,3436,278652,4472,1.036,0,1
2025-11-25T17:17:58.446766Z,embb,uesimtun0,238106,3440,284924,4621,1.319,0,1
2025-11-25T17:17:58.446766Z,urllc,uesimtun1,220424,3318,242064,3587,0.967,0,1
2025-11-25T17:17:58.446766Z,mmtc,uesimtun2,236218,3439,278896,4477,0.927,0,1
2025-11-25T17:17:58.696775Z,embb,uesimtun0,238271,3443,285168,4626,1.324,0,1
2025-11-25T17:17:58.696775Z,urllc,uesimtun1,220564,3321,242228,3590,,1,1
2025-11-25T17:17:58.696775Z,mmtc,uesimtun2,236383,3442,279140,4482,1.017,0,1
2025-11-25T17:17:58.946808Z,embb,uesimtun0,238436,3446,285412,4631,1.470,0,1
2025-11-25T17:17:58.946808Z,urllc,uesimtun1,220604,3322,242288,3591,1.085,0,1
2025-11-25T17:17:58.946808Z,mmtc,uesimtun2,236548,3445,279384,4487,1.079,0,1
2025-11-25T17:17:59.196958Z,embb,uesimtun0,238601,3449,285656,4636,1.490,0,1
2025-11-25T17:17:59.196958Z,urllc,uesimtun1,220769,3325,242532,3596,1.073,0,1
2025-11-25T17:17:59.196958Z,mmtc,uesimtun2,236688,3448,279548,4490,1.044,0,1
2025-11-25T17:17:59.446769Z,embb,uesimtun0,238766,3452,285900,4641,1.270,0,1
2025-11-25T17:17:59.446769Z,urllc,uesimtun1,220909,3328,242696,3599,1.129,0,1
2025-11-25T17:17:59.446769Z,mmtc,uesimtun2,236853,3451,279792,4495,1.102,0,1
2025-11-25T17:17:59.696789Z,embb,uesimtun0,238931,3455,286144,4646,1.391,0,1
2025-11-25T17:17:59.696789Z,urllc,uesimtun1,221049,3331,242860,3602,1.099,0,1
2025-11-25T17:17:59.696789Z,mmtc,uesimtun2,237018,3454,280036,4500,1.072,0,1
2025-11-25T17:17:59.947335Z,embb,uesimtun0,239096,3458,286388,4651,1.460,0,1
2025-11-25T17:17:59.947335Z,urllc,uesimtun1,221189,3334,243024,3605,,1,1
2025-11-25T17:17:59.947335Z,mmtc,uesimtun2,237183,3457,280280,4505,0.974,0,1
2025-11-25T17:18:00.196772Z,embb,uesimtun0,239261,3461,286632,4656,1.442,0,1
2025-11-25T17:18:00.196772Z,urllc,uesimtun1,221229,3335,243084,3606,0.986,0,1
2025-11-25T17:18:00.196772Z,mmtc,uesimtun2,237348,3460,280524,4510,1.113,0,1
2025-11-25T17:18:00.446950Z,embb,uesimtun0,239426,3464,286876,4661,1.345,0,1
2025-11-25T17:18:00.446950Z,urllc,uesimtun1,221369,3338,243248,3609,1.044,0,1
2025-11-25T17:18:00.446950Z,mmtc,uesimtun2,237513,3463,280768,4515,1.083,0,1
2025-11-25T17:18:00.696720Z,embb,uesimtun0,239591,3467,287120,4666,1.549,0,1
2025-11-25T17:18:00.696720Z,urllc,uesimtun1,221534,3341,243492,3614,,1,1
2025-11-25T17:18:00.696720Z,mmtc,uesimtun2,237678,3466,281012,4520,0.947,0,1
2025-11-25T17:18:00.947125Z,embb,uesimtun0,239756,3470,287364,4671,1.445,0,1
2025-11-25T17:18:00.947125Z,urllc,uesimtun1,221574,3342,243552,3615,,1,1
2025-11-25T17:18:00.947125Z,mmtc,uesimtun2,237843,3469,281256,4525,0.971,0,1
2025-11-25T17:18:01.196873Z,embb,uesimtun0,239921,3473,287608,4676,1.419,0,1
2025-11-25T17:18:01.196873Z,urllc,uesimtun1,221614,3343,243612,3616,0.995,0,1
2025-11-25T17:18:01.196873Z,mmtc,uesimtun2,238008,3472,281500,4530,1.124,0,1
2025-11-25T17:18:01.446609Z,embb,uesimtun0,240086,3476,287852,4681,1.411,0,1
2025-11-25T17:18:01.446609Z,urllc,uesimtun1,221754,3346,243776,3619,0.989,0,1
2025-11-25T17:18:01.446609Z,mmtc,uesimtun2,238173,3475,281744,4535,1.192,0,1
2025-11-25T17:18:01.696720Z,embb,uesimtun0,240251,3479,288096,4686,1.334,0,1
2025-11-25T17:18:01.696720Z,urllc,uesimtun1,221894,3349,243940,3622,1.094,0,1
2025-11-25T17:18:01.696720Z,mmtc,uesimtun2,238338,3478,281988,4540,0.957,0,1
2025-11-25T17:18:01.946923Z,embb,uesimtun0,240416,3482,288340,4691,1.274,0,1
2025-11-25T17:18:01.946923Z,urllc,uesimtun1,222034,3352,244104,3625,0.988,0,1
2025-11-25T17:18:01.946923Z,mmtc,uesimtun2,238503,3481,282232,4545,0.990,0,1
2025-11-25T17:18:02.197315Z,embb,uesimtun0,240581,3485,288584,4696,1.479,0,1
2025-11-25T17:18:02.197315Z,urllc,uesimtun1,222174,3355,244268,3628,1.160,0,1
2025-11-25T17:18:02.197315Z,mmtc,uesimtun2,238668,3484,282476,4550,1.073,0,1
2025-11-25T17:18:02.446909Z,embb,uesimtun0,240746,3488,288828,4701,1.361,0,1
2025-11-25T17:18:02.446909Z,urllc,uesimtun1,222339,3358,244512,3633,1.024,0,1
2025-11-25T17:18:02.446909Z,mmtc,uesimtun2,238833,3487,282720,4555,1.048,0,1
2025-11-25T17:18:02.696846Z,embb,uesimtun0,240911,3491,289072,4706,30.588,0,1
2025-11-25T17:18:02.696846Z,urllc,uesimtun1,222479,3361,244676,3636,,1,1
2025-11-25T17:18:02.696846Z,mmtc,uesimtun2,238998,3490,282964,4560,0.967,0,1
2025-11-25T17:18:02.946781Z,embb,uesimtun0,241076,3494,289316,4711,1.269,0,1
2025-11-25T17:18:02.946781Z,urllc,uesimtun1,222519,3362,244736,3637,,1,1
2025-11-25T17:18:02.946781Z,mmtc,uesimtun2,239163,3493,283208,4565,0.902,0,1
2025-11-25T17:18:03.197118Z,embb,uesimtun0,241241,3497,289560,4716,1.393,0,1
2025-11-25T17:18:03.197118Z,urllc,uesimtun1,222559,3363,244796,3638,,1,1
2025-11-25T17:18:03.197118Z,mmtc,uesimtun2,239328,3496,283452,4570,0.958,0,1
2025-11-25T17:18:03.447013Z,embb,uesimtun0,241406,3500,289804,4721,1.453,0,1
2025-11-25T17:18:03.447013Z,urllc,uesimtun1,222599,3364,244856,3639,1.015,0,1
2025-11-25T17:18:03.447013Z,mmtc,uesimtun2,239493,3499,283696,4575,1.027,0,1
2025-11-25T17:18:03.696881Z,embb,uesimtun0,241571,3503,290048,4726,1.376,0,1
2025-11-25T17:18:03.696881Z,urllc,uesimtun1,222739,3367,245020,3642,1.030,0,1
2025-11-25T17:18:03.696881Z,mmtc,uesimtun2,239658,3502,283940,4580,1.040,0,1
2025-11-25T17:18:03.947375Z,embb,uesimtun0,241736,3506,290292,4731,1.352,0,1
2025-11-25T17:18:03.947375Z,urllc,uesimtun1,222904,3370,245264,3647,0.973,0,1
2025-11-25T17:18:03.947375Z,mmtc,uesimtun2,239823,3505,284184,4585,0.963,0,1
2025-11-25T17:18:04.196650Z,embb,uesimtun0,241901,3509,290536,4736,1.259,0,1
2025-11-25T17:18:04.196650Z,urllc,uesimtun1,223044,3373,245428,3650,0.975,0,1
2025-11-25T17:18:04.196650Z,mmtc,uesimtun2,239988,3508,284428,4590,0.936,0,1
2025-11-25T17:18:04.446899Z,embb,uesimtun0,242066,3512,290780,4741,1.410,0,1
2025-11-25T17:18:04.446899Z,urllc,uesimtun1,223184,3376,245592,3653,,1,1
2025-11-25T17:18:04.446899Z,mmtc,uesimtun2,240153,3511,284672,4595,0.984,0,1
2025-11-25T17:18:04.696794Z,embb,uesimtun0,242231,3515,291024,4746,14.733,0,1
2025-11-25T17:18:04.696794Z,urllc,uesimtun1,223224,3377,245652,3654,,1,1
2025-11-25T17:18:04.696794Z,mmtc,uesimtun2,240318,3514,284916,4600,1.080,0,1
2025-11-25T17:18:04.946943Z,embb,uesimtun0,242396,3518,291268,4751,1.228,0,1
2025-11-25T17:18:04.946943Z,urllc,uesimtun1,223264,3378,245712,3655,1.077,0,1
2025-11-25T17:18:04.946943Z,mmtc,uesimtun2,240483,3517,285160,4605,0.923,0,1
2025-11-25T17:18:05.197480Z,embb,uesimtun0,242561,3521,291512,4756,1.424,0,1
2025-11-25T17:18:05.197480Z,urllc,uesimtun1,223404,3381,245876,3658,1.010,0,1
2025-11-25T17:18:05.197480Z,mmtc,uesimtun2,240648,3520,285404,4610,1.009,0,1
2025-11-25T17:18:05.446974Z,embb,uesimtun0,242726,3524,291756,4761,1.282,0,1
2025-11-25T17:18:05.446974Z,urllc,uesimtun1,223544,3384,246040,3661,0.968,0,1
2025-11-25T17:18:05.446974Z,mmtc,uesimtun2,240813,3523,285648,4615,1.009,0,1
2025-11-25T17:18:05.696822Z,embb,uesimtun0,242891,3527,292000,4766,,1,1
2025-11-25T17:18:05.696822Z,urllc,uesimtun1,223684,3387,246204,3664,65.880,0,1
2025-11-25T17:18:05.696822Z,mmtc,uesimtun2,240978,3526,285892,4620,1.232,0,1
2025-11-25T17:18:05.991900Z,embb,uesimtun0,242951,3528,292100,4768,0.923,0,1
2025-11-25T17:18:05.991900Z,urllc,uesimtun1,223849,3390,246448,3669,0.923,0,1
2025-11-25T17:18:05.991900Z,mmtc,uesimtun2,241143,3529,286136,4625,0.937,0,1
2025-11-25T17:18:06.242917Z,embb,uesimtun0,243116,3531,292344,4773,1.309,0,1
2025-11-25T17:18:06.242917Z,urllc,uesimtun1,224014,3393,246692,3674,1.071,0,1
2025-11-25T17:18:06.242917Z,mmtc,uesimtun2,241283,3532,286300,4628,0.895,0,1
2025-11-25T17:18:06.493018Z,embb,uesimtun0,243281,3534,292588,4778,1.374,0,1
2025-11-25T17:18:06.493018Z,urllc,uesimtun1,224154,3396,246856,3677,0.955,0,1
2025-11-25T17:18:06.493018Z,mmtc,uesimtun2,241448,3535,286544,4633,1.011,0,1
2025-11-25T17:18:06.742182Z,embb,uesimtun0,243446,3537,292832,4783,135.367,0,1
2025-11-25T17:18:06.742182Z,urllc,uesimtun1,224294,3399,247020,3680,,1,1
2025-11-25T17:18:06.742182Z,mmtc,uesimtun2,241613,3538,286788,4638,0.959,0,1
2025-11-25T17:18:06.992539Z,embb,uesimtun0,243611,3540,293076,4788,5.445,0,1
2025-11-25T17:18:06.992539Z,urllc,uesimtun1,224334,3400,247080,3681,1.090,0,1
2025-11-25T17:18:06.992539Z,mmtc,uesimtun2,241778,3541,287032,4643,0.963,0,1
2025-11-25T17:18:07.242191Z,embb,uesimtun0,243776,3543,293320,4793,1.314,0,1
2025-11-25T17:18:07.242191Z,urllc,uesimtun1,224474,3403,247244,3684,0.980,0,1
2025-11-25T17:18:07.242191Z,mmtc,uesimtun2,241943,3544,287276,4648,0.854,0,1
2025-11-25T17:18:07.492428Z,embb,uesimtun0,243941,3546,293564,4798,1.336,0,1
2025-11-25T17:18:07.492428Z,urllc,uesimtun1,224614,3406,247408,3687,0.888,0,1
2025-11-25T17:18:07.492428Z,mmtc,uesimtun2,242108,3547,287520,4653,1.119,0,1
2025-11-25T17:18:07.742626Z,embb,uesimtun0,244106,3549,293808,4803,155.227,0,1
2025-11-25T17:18:07.742626Z,urllc,uesimtun1,224754,3409,247572,3690,1.133,0,1
2025-11-25T17:18:07.742626Z,mmtc,uesimtun2,242273,3550,287764,4658,1.106,0,1
2025-11-25T17:18:07.992446Z,embb,uesimtun0,244271,3552,294052,4808,1.130,0,1
2025-11-25T17:18:07.992446Z,urllc,uesimtun1,224919,3412,247816,3695,0.995,0,1
2025-11-25T17:18:07.992446Z,mmtc,uesimtun2,242438,3553,288008,4663,0.912,0,1
2025-11-25T17:18:08.243157Z,embb,uesimtun0,244436,3555,294296,4813,1.428,0,1
2025-11-25T17:18:08.243157Z,urllc,uesimtun1,225059,3415,247980,3698,1.034,0,1
2025-11-25T17:18:08.243157Z,mmtc,uesimtun2,242603,3556,288252,4668,0.974,0,1
2025-11-25T17:18:08.492866Z,embb,uesimtun0,244601,3558,294540,4818,1.307,0,1
2025-11-25T17:18:08.492866Z,urllc,uesimtun1,225224,3418,248224,3703,0.982,0,1
2025-11-25T17:18:08.492866Z,mmtc,uesimtun2,242743,3559,288416,4671,1.111,0,1
2025-11-25T17:18:08.983517Z,embb,uesimtun0,244766,3561,294784,4823,45.515,0,1
2025-11-25T17:18:08.983517Z,urllc,uesimtun1,225364,3421,248388,3706,1.060,0,1
2025-11-25T17:18:08.983517Z,mmtc,uesimtun2,242908,3562,288660,4676,1.096,0,1
2025-11-25T17:18:09.033755Z,embb,uesimtun0,244931,3564,295028,4828,1.040,0,1
2025-11-25T17:18:09.033755Z,urllc,uesimtun1,225504,3424,248552,3709,0.982,0,1
2025-11-25T17:18:09.033755Z,mmtc,uesimtun2,243073,3565,288904,4681,0.927,0,1
2025-11-25T17:18:09.284756Z,embb,uesimtun0,245096,3567,295272,4833,1.512,0,1
2025-11-25T17:18:09.284756Z,urllc,uesimtun1,225644,3427,248716,3712,0.981,0,1
2025-11-25T17:18:09.284756Z,mmtc,uesimtun2,243238,3568,289148,4686,1.099,0,1
2025-11-25T17:18:09.534948Z,embb,uesimtun0,245261,3570,295516,4838,1.293,0,1
2025-11-25T17:18:09.534948Z,urllc,uesimtun1,225784,3430,248880,3715,1.060,0,1
2025-11-25T17:18:09.534948Z,mmtc,uesimtun2,243403,3571,289392,4691,0.896,0,1
2025-11-25T17:18:09.784059Z,embb,uesimtun0,245426,3573,295760,4843,1.304,0,1
2025-11-25T17:18:09.784059Z,urllc,uesimtun1,225924,3433,249044,3718,0.944,0,1
2025-11-25T17:18:09.784059Z,mmtc,uesimtun2,243568,3574,289636,4696,1.073,0,1
2025-11-25T17:18:10.034463Z,embb,uesimtun0,245591,3576,296004,4848,1.396,0,1
2025-11-25T17:18:10.034463Z,urllc,uesimtun1,226064,3436,249208,3721,1.030,0,1
2025-11-25T17:18:10.034463Z,mmtc,uesimtun2,243733,3577,289880,4701,1.154,0,1
2025-11-25T17:18:10.284810Z,embb,uesimtun0,245756,3579,296248,4853,1.392,0,1
2025-11-25T17:18:10.284810Z,urllc,uesimtun1,226204,3439,249372,3724,1.028,0,1
2025-11-25T17:18:10.284810Z,mmtc,uesimtun2,243898,3580,290124,4706,1.117,0,1
2025-11-25T17:18:10.534429Z,embb,uesimtun0,245921,3582,296492,4858,1.411,0,1
2025-11-25T17:18:10.534429Z,urllc,uesimtun1,226344,3442,249536,3727,1.273,0,1
2025-11-25T17:18:10.534429Z,mmtc,uesimtun2,244063,3583,290368,4711,1.100,0,1
2025-11-25T17:18:10.784929Z,embb,uesimtun0,246086,3585,296736,4863,1.382,0,1
2025-11-25T17:18:10.784929Z,urllc,uesimtun1,226484,3445,249700,3730,1.046,0,1
2025-11-25T17:18:10.784929Z,mmtc,uesimtun2,244228,3586,290612,4716,1.178,0,1
2025-11-25T17:18:11.033926Z,embb,uesimtun0,246251,3588,296980,4868,1.262,0,1
2025-11-25T17:18:11.033926Z,urllc,uesimtun1,226624,3448,249864,3733,1.060,0,1
2025-11-25T17:18:11.033926Z,mmtc,uesimtun2,244393,3589,290856,4721,0.912,0,1
2025-11-25T17:18:11.284053Z,embb,uesimtun0,246416,3591,297224,4873,1.325,0,1
2025-11-25T17:18:11.284053Z,urllc,uesimtun1,226764,3451,250028,3736,,1,1
2025-11-25T17:18:11.284053Z,mmtc,uesimtun2,244558,3592,291100,4726,0.947,0,1
2025-11-25T17:18:11.534473Z,embb,uesimtun0,246581,3594,297468,4878,1.334,0,1
2025-11-25T17:18:11.534473Z,urllc,uesimtun1,226804,3452,250088,3737,1.069,0,1
2025-11-25T17:18:11.534473Z,mmtc,uesimtun2,244723,3595,291344,4731,1.033,0,1
2025-11-25T17:18:11.784771Z,embb,uesimtun0,246746,3597,297712,4883,1.361,0,1
2025-11-25T17:18:11.784771Z,urllc,uesimtun1,226944,3455,250252,3740,0.980,0,1
2025-11-25T17:18:11.784771Z,mmtc,uesimtun2,244888,3598,291588,4736,0.969,0,1
2025-11-25T17:18:12.034096Z,embb,uesimtun0,246911,3600,297956,4888,1.376,0,1
2025-11-25T17:18:12.034096Z,urllc,uesimtun1,227084,3458,250416,3743,1.096,0,1
2025-11-25T17:18:12.034096Z,mmtc,uesimtun2,245053,3601,291832,4741,,1,1
2025-11-25T17:18:12.284801Z,embb,uesimtun0,247076,3603,298200,4893,1.340,0,1
2025-11-25T17:18:12.284801Z,urllc,uesimtun1,227249,3461,250660,3748,0.987,0,1
2025-11-25T17:18:12.284801Z,mmtc,uesimtun2,245093,3602,291892,4742,1.010,0,1
2025-11-25T17:18:12.534118Z,embb,uesimtun0,247241,3606,298444,4898,1.285,0,1
2025-11-25T17:18:12.534118Z,urllc,uesimtun1,227389,3464,250824,3751,1.029,0,1
2025-11-25T17:18:12.534118Z,mmtc,uesimtun2,245258,3605,292136,4747,1.019,0,1
2025-11-25T17:18:12.784572Z,embb,uesimtun0,247406,3609,298688,4903,1.310,0,1
2025-11-25T17:18:12.784572Z,urllc,uesimtun1,227529,3467,250988,3754,0.944,0,1
2025-11-25T17:18:12.784572Z,mmtc,uesimtun2,245423,3608,292380,4752,1.025,0,1
2025-11-25T17:18:13.034790Z,embb,uesimtun0,247571,3612,298932,4908,1.364,0,1
2025-11-25T17:18:13.034790Z,urllc,uesimtun1,227669,3470,251152,3757,1.027,0,1
2025-11-25T17:18:13.034790Z,mmtc,uesimtun2,245588,3611,292624,4757,1.039,0,1
2025-11-25T17:18:13.284144Z,embb,uesimtun0,247736,3615,299176,4913,1.283,0,1
2025-11-25T17:18:13.284144Z,urllc,uesimtun1,227809,3473,251316,3760,1.090,0,1
2025-11-25T17:18:13.284144Z,mmtc,uesimtun2,245753,3614,292868,4762,0.953,0,1
2025-11-25T17:18:13.534921Z,embb,uesimtun0,247901,3618,299420,4918,1.359,0,1
2025-11-25T17:18:13.534921Z,urllc,uesimtun1,227949,3476,251480,3763,0.987,0,1
2025-11-25T17:18:13.534921Z,mmtc,uesimtun2,245918,3617,293112,4767,1.136,0,1
2025-11-25T17:18:13.784079Z,embb,uesimtun0,248066,3621,299664,4923,1.382,0,1
2025-11-25T17:18:13.784079Z,urllc,uesimtun1,228089,3479,251644,3766,0.986,0,1
2025-11-25T17:18:13.784079Z,mmtc,uesimtun2,246083,3620,293356,4772,0.955,0,1
2025-11-25T17:18:14.034698Z,embb,uesimtun0,248231,3624,299908,4928,1.328,0,1
2025-11-25T17:18:14.034698Z,urllc,uesimtun1,228229,3482,251808,3769,1.212,0,1
2025-11-25T17:18:14.034698Z,mmtc,uesimtun2,246248,3623,293600,4777,0.907,0,1
2025-11-25T17:18:14.284142Z,embb,uesimtun0,248396,3627,300152,4933,1.342,0,1
2025-11-25T17:18:14.284142Z,urllc,uesimtun1,228369,3485,251972,3772,1.020,0,1
2025-11-25T17:18:14.284142Z,mmtc,uesimtun2,246413,3626,293844,4782,0.987,0,1
2025-11-25T17:18:14.534733Z,embb,uesimtun0,248561,3630,300396,4938,1.358,0,1
2025-11-25T17:18:14.534733Z,urllc,uesimtun1,228509,3488,252136,3775,1.209,0,1
2025-11-25T17:18:14.534733Z,mmtc,uesimtun2,246578,3629,294088,4787,1.081,0,1
2025-11-25T17:18:14.784686Z,embb,uesimtun0,248726,3633,300640,4943,1.300,0,1
2025-11-25T17:18:14.784686Z,urllc,uesimtun1,228649,3491,252300,3778,,1,1
2025-11-25T17:18:14.784686Z,mmtc,uesimtun2,246743,3632,294332,4792,0.945,0,1
2025-11-25T17:18:15.034098Z,embb,uesimtun0,248891,3636,300884,4948,1.359,0,1
2025-11-25T17:18:15.034098Z,urllc,uesimtun1,228689,3492,252360,3779,1.037,0,1
2025-11-25T17:18:15.034098Z,mmtc,uesimtun2,246908,3635,294576,4797,1.089,0,1
2025-11-25T17:18:15.284177Z,embb,uesimtun0,249056,3639,301128,4953,1.399,0,1
2025-11-25T17:18:15.284177Z,urllc,uesimtun1,228854,3495,252604,3784,1.007,0,1
2025-11-25T17:18:15.284177Z,mmtc,uesimtun2,247048,3638,294740,4800,1.104,0,1
2025-11-25T17:18:15.534680Z,embb,uesimtun0,249221,3642,301372,4958,1.511,0,1
2025-11-25T17:18:15.534680Z,urllc,uesimtun1,228994,3498,252768,3787,1.002,0,1
2025-11-25T17:18:15.534680Z,mmtc,uesimtun2,247213,3641,294984,4805,0.983,0,1
2025-11-25T17:18:15.785008Z,embb,uesimtun0,249386,3645,301616,4963,1.367,0,1
2025-11-25T17:18:15.785008Z,urllc,uesimtun1,229134,3501,252932,3790,1.003,0,1
2025-11-25T17:18:15.785008Z,mmtc,uesimtun2,247378,3644,295228,4810,0.937,0,1
2025-11-25T17:18:16.034098Z,embb,uesimtun0,249551,3648,301860,4968,1.498,0,1
2025-11-25T17:18:16.034098Z,urllc,uesimtun1,229274,3504,253096,3793,1.398,0,1
2025-11-25T17:18:16.034098Z,mmtc,uesimtun2,247543,3647,295472,4815,0.953,0,1
2025-11-25T17:18:16.284891Z,embb,uesimtun0,249716,3651,302104,4973,1.255,0,1
2025-11-25T17:18:16.284891Z,urllc,uesimtun1,229439,3507,253340,3798,,1,1
2025-11-25T17:18:16.284891Z,mmtc,uesimtun2,247683,3650,295636,4818,0.885,0,1
2025-11-25T17:18:16.534964Z,embb,uesimtun0,249881,3654,302348,4978,1.365,0,1
2025-11-25T17:18:16.534964Z,urllc,uesimtun1,229479,3508,253400,3799,0.972,0,1
2025-11-25T17:18:16.534964Z,mmtc,uesimtun2,247848,3653,295880,4823,1.244,0,1
2025-11-25T17:18:16.784355Z,embb,uesimtun0,250046,3657,302592,4983,1.302,0,1
2025-11-25T17:18:16.784355Z,urllc,uesimtun1,229644,3511,253644,3804,0.991,0,1
2025-11-25T17:18:16.784355Z,mmtc,uesimtun2,248013,3656,296124,4828,1.032,0,1
2025-11-25T17:18:17.034767Z,embb,uesimtun0,250211,3660,302836,4988,1.250,0,1
2025-11-25T17:18:17.034767Z,urllc,uesimtun1,229784,3514,253808,3807,,1,1
2025-11-25T17:18:17.034767Z,mmtc,uesimtun2,248178,3659,296368,4833,1.092,0,1
2025-11-25T17:18:17.284178Z,embb,uesimtun0,250376,3663,303080,4993,1.296,0,1
2025-11-25T17:18:17.284178Z,urllc,uesimtun1,229824,3515,253868,3808,,1,1
2025-11-25T17:18:17.284178Z,mmtc,uesimtun2,248343,3662,296612,4838,1.002,0,1
2025-11-25T17:18:17.534059Z,embb,uesimtun0,250541,3666,303324,4998,1.280,0,1
2025-11-25T17:18:17.534059Z,urllc,uesimtun1,229864,3516,253928,3809,0.958,0,1
2025-11-25T17:18:17.534059Z,mmtc,uesimtun2,248508,3665,296856,4843,0.984,0,1
2025-11-25T17:18:17.784064Z,embb,uesimtun0,250706,3669,303568,5003,1.404,0,1
2025-11-25T17:18:17.784064Z,urllc,uesimtun1,230004,3519,254092,3812,1.029,0,1
2025-11-25T17:18:17.784064Z,mmtc,uesimtun2,248673,3668,297100,4848,1.050,0,1
2025-11-25T17:18:18.034265Z,embb,uesimtun0,250871,3672,303812,5008,1.431,0,1
2025-11-25T17:18:18.034265Z,urllc,uesimtun1,230144,3522,254256,3815,1.108,0,1
2025-11-25T17:18:18.034265Z,mmtc,uesimtun2,248838,3671,297344,4853,,1,1
2025-11-25T17:18:18.284550Z,embb,uesimtun0,251036,3675,304056,5013,1.181,0,1
2025-11-25T17:18:18.284550Z,urllc,uesimtun1,230309,3525,254500,3820,0.921,0,1
2025-11-25T17:18:18.284550Z,mmtc,uesimtun2,248878,3672,297404,4854,1.053,0,1
2025-11-25T17:18:18.534202Z,embb,uesimtun0,251201,3678,304300,5018,1.404,0,1
2025-11-25T17:18:18.534202Z,urllc,uesimtun1,230474,3528,254744,3825,0.948,0,1
2025-11-25T17:18:18.534202Z,mmtc,uesimtun2,249018,3675,297568,4857,0.992,0,1
2025-11-25T17:18:18.784152Z,embb,uesimtun0,251366,3681,304544,5023,1.261,0,1
2025-11-25T17:18:18.784152Z,urllc,uesimtun1,230639,3531,254988,3830,1.039,0,1
2025-11-25T17:18:18.784152Z,mmtc,uesimtun2,249183,3678,297812,4862,1.106,0,1
2025-11-25T17:18:19.035021Z,embb,uesimtun0,251531,3684,304788,5028,1.444,0,1
2025-11-25T17:18:19.035021Z,urllc,uesimtun1,230804,3534,255232,3835,,1,1
2025-11-25T17:18:19.035021Z,mmtc,uesimtun2,249323,3681,297976,4865,0.995,0,1
2025-11-25T17:18:19.284324Z,embb,uesimtun0,251696,3687,305032,5033,1.325,0,1
2025-11-25T17:18:19.284324Z,urllc,uesimtun1,230844,3535,255292,3836,1.167,0,1
2025-11-25T17:18:19.284324Z,mmtc,uesimtun2,249488,3684,298220,4870,0.969,0,1
2025-11-25T17:18:19.534766Z,embb,uesimtun0,251861,3690,305276,5038,1.384,0,1
2025-11-25T17:18:19.534766Z,urllc,uesimtun1,231009,3538,255536,3841,0.966,0,1
2025-11-25T17:18:19.534766Z,mmtc,uesimtun2,249628,3687,298384,4873,0.938,0,1
2025-11-25T17:18:19.784855Z,embb,uesimtun0,252026,3693,305520,5043,1.282,0,1
2025-11-25T17:18:19.784855Z,urllc,uesimtun1,231149,3541,255700,3844,,1,1
2025-11-25T17:18:19.784855Z,mmtc,uesimtun2,249793,3690,298628,4878,1.010,0,1
2025-11-25T17:18:20.034605Z,embb,uesimtun0,252191,3696,305764,5048,1.252,0,1
2025-11-25T17:18:20.034605Z,urllc,uesimtun1,231189,3542,255760,3845,1.092,0,1
2025-11-25T17:18:20.034605Z,mmtc,uesimtun2,249958,3693,298872,4883,1.015,0,1
2025-11-25T17:18:20.284736Z,embb,uesimtun0,252356,3699,306008,5053,1.358,0,1
2025-11-25T17:18:20.284736Z,urllc,uesimtun1,231329,3545,255924,3848,1.012,0,1
2025-11-25T17:18:20.284736Z,mmtc,uesimtun2,250123,3696,299116,4888,1.068,0,1
2025-11-25T17:18:20.534461Z,embb,uesimtun0,252521,3702,306252,5058,1.305,0,1
2025-11-25T17:18:20.534461Z,urllc,uesimtun1,231469,3548,256088,3851,1.088,0,1
2025-11-25T17:18:20.534461Z,mmtc,uesimtun2,250288,3699,299360,4893,0.924,0,1
2025-11-25T17:18:20.785006Z,embb,uesimtun0,252686,3705,306496,5063,1.375,0,1
2025-11-25T17:18:20.785006Z,urllc,uesimtun1,231609,3551,256252,3854,,1,1
2025-11-25T17:18:20.785006Z,mmtc,uesimtun2,250453,3702,299604,4898,0.948,0,1
2025-11-25T17:18:21.034981Z,embb,uesimtun0,252851,3708,306740,5068,1.287,0,1
2025-11-25T17:18:21.034981Z,urllc,uesimtun1,231649,3552,256312,3855,0.979,0,1
2025-11-25T17:18:21.034981Z,mmtc,uesimtun2,250618,3705,299848,4903,0.964,0,1
2025-11-25T17:18:21.285794Z,embb,uesimtun0,253016,3711,306984,5073,1.250,0,1
2025-11-25T17:18:21.285794Z,urllc,uesimtun1,231789,3555,256476,3858,0.911,0,1
2025-11-25T17:18:21.285794Z,mmtc,uesimtun2,250783,3708,300092,4908,0.947,0,1
2025-11-25T17:18:21.534093Z,embb,uesimtun0,253181,3714,307228,5078,1.401,0,1
2025-11-25T17:18:21.534093Z,urllc,uesimtun1,231954,3558,256720,3863,1.048,0,1
2025-11-25T17:18:21.534093Z,mmtc,uesimtun2,250923,3711,300256,4911,1.009,0,1
2025-11-25T17:18:21.784898Z,embb,uesimtun0,253346,3717,307472,5083,1.291,0,1
2025-11-25T17:18:21.784898Z,urllc,uesimtun1,232094,3561,256884,3866,1.008,0,1
2025-11-25T17:18:21.784898Z,mmtc,uesimtun2,251088,3714,300500,4916,0.905,0,1
2025-11-25T17:18:22.034156Z,embb,uesimtun0,253511,3720,307716,5088,1.257,0,1
2025-11-25T17:18:22.034156Z,urllc,uesimtun1,232234,3564,257048,3869,0.969,0,1
2025-11-25T17:18:22.034156Z,mmtc,uesimtun2,251253,3717,300744,4921,0.992,0,1
2025-11-25T17:18:22.284224Z,embb,uesimtun0,253676,3723,307960,5093,1.210,0,1
2025-11-25T17:18:22.284224Z,urllc,uesimtun1,232374,3567,257212,3872,0.897,0,1
2025-11-25T17:18:22.284224Z,mmtc,uesimtun2,251418,3720,300988,4926,0.936,0,1
2025-11-25T17:18:22.534030Z,embb,uesimtun0,253841,3726,308204,5098,2.922,0,1
2025-11-25T17:18:22.534030Z,urllc,uesimtun1,232514,3570,257376,3875,1.285,0,1
2025-11-25T17:18:22.534030Z,mmtc,uesimtun2,251583,3723,301232,4931,1.051,0,1
2025-11-25T17:18:22.784253Z,embb,uesimtun0,254006,3729,308448,5103,1.306,0,1
2025-11-25T17:18:22.784253Z,urllc,uesimtun1,232679,3573,257620,3880,0.977,0,1
2025-11-25T17:18:22.784253Z,mmtc,uesimtun2,251723,3726,301396,4934,0.987,0,1
2025-11-25T17:18:23.034059Z,embb,uesimtun0,254171,3732,308692,5108,1.180,0,1
2025-11-25T17:18:23.034059Z,urllc,uesimtun1,232819,3576,257784,3883,1.003,0,1
2025-11-25T17:18:23.034059Z,mmtc,uesimtun2,251888,3729,301640,4939,1.082,0,1
2025-11-25T17:18:23.284275Z,embb,uesimtun0,254336,3735,308936,5113,1.380,0,1
2025-11-25T17:18:23.284275Z,urllc,uesimtun1,232959,3579,257948,3886,0.937,0,1
2025-11-25T17:18:23.284275Z,mmtc,uesimtun2,252053,3732,301884,4944,1.089,0,1
2025-11-25T17:18:23.534432Z,embb,uesimtun0,254501,3738,309180,5118,1.220,0,1
2025-11-25T17:18:23.534432Z,urllc,uesimtun1,233099,3582,258112,3889,0.928,0,1
2025-11-25T17:18:23.534432Z,mmtc,uesimtun2,252218,3735,302128,4949,0.984,0,1
2025-11-25T17:18:23.784215Z,embb,uesimtun0,254666,3741,309424,5123,1.784,0,1
2025-11-25T17:18:23.784215Z,urllc,uesimtun1,233239,3585,258276,3892,0.958,0,1
2025-11-25T17:18:23.784215Z,mmtc,uesimtun2,252383,3738,302372,4954,0.963,0,1
2025-11-25T17:18:24.034598Z,embb,uesimtun0,254831,3744,309668,5128,1.305,0,1
2025-11-25T17:18:24.034598Z,urllc,uesimtun1,233404,3588,258520,3897,1.048,0,1
2025-11-25T17:18:24.034598Z,mmtc,uesimtun2,252523,3741,302536,4957,0.907,0,1
2025-11-25T17:18:24.284739Z,embb,uesimtun0,254996,3747,309912,5133,1.357,0,1
2025-11-25T17:18:24.284739Z,urllc,uesimtun1,233544,3591,258684,3900,,1,1
2025-11-25T17:18:24.284739Z,mmtc,uesimtun2,252688,3744,302780,4962,0.979,0,1
2025-11-25T17:18:24.534161Z,embb,uesimtun0,255161,3750,310156,5138,1.316,0,1
2025-11-25T17:18:24.534161Z,urllc,uesimtun1,233584,3592,258744,3901,1.052,0,1
2025-11-25T17:18:24.534161Z,mmtc,uesimtun2,252853,3747,303024,4967,0.977,0,1
2025-11-25T17:18:24.784410Z,embb,uesimtun0,255326,3753,310400,5143,1.308,0,1
2025-11-25T17:18:24.784410Z,urllc,uesimtun1,233724,3595,258908,3904,0.975,0,1
2025-11-25T17:18:24.784410Z,mmtc,uesimtun2,253018,3750,303268,4972,0.947,0,1
2025-11-25T17:18:25.034172Z,embb,uesimtun0,255491,3756,310644,5148,1.341,0,1
2025-11-25T17:18:25.034172Z,urllc,uesimtun1,233864,3598,259072,3907,1.005,0,1
2025-11-25T17:18:25.034172Z,mmtc,uesimtun2,253183,3753,303512,4977,1.031,0,1
2025-11-25T17:18:25.284031Z,embb,uesimtun0,255656,3759,310888,5153,1.356,0,1
2025-11-25T17:18:25.284031Z,urllc,uesimtun1,234004,3601,259236,3910,,1,1
2025-11-25T17:18:25.284031Z,mmtc,uesimtun2,253348,3756,303756,4982,1.121,0,1
2025-11-25T17:18:25.534149Z,embb,uesimtun0,255821,3762,311132,5158,1.373,0,1
2025-11-25T17:18:25.534149Z,urllc,uesimtun1,234044,3602,259296,3911,0.959,0,1
2025-11-25T17:18:25.534149Z,mmtc,uesimtun2,253513,3759,304000,4987,1.081,0,1
2025-11-25T17:18:25.784437Z,embb,uesimtun0,255986,3765,311376,5163,1.294,0,1
2025-11-25T17:18:25.784437Z,urllc,uesimtun1,234184,3605,259460,3914,1.065,0,1
2025-11-25T17:18:25.784437Z,mmtc,uesimtun2,253678,3762,304244,4992,0.890,0,1
2025-11-25T17:18:26.034574Z,embb,uesimtun0,256151,3768,311620,5168,1.281,0,1
2025-11-25T17:18:26.034574Z,urllc,uesimtun1,234324,3608,259624,3917,1.082,0,1
2025-11-25T17:18:26.034574Z,mmtc,uesimtun2,253843,3765,304488,4997,0.972,0,1
2025-11-25T17:18:26.284065Z,embb,uesimtun0,256316,3771,311864,5173,1.403,0,1
2025-11-25T17:18:26.284065Z,urllc,uesimtun1,234464,3611,259788,3920,,1,1
2025-11-25T17:18:26.284065Z,mmtc,uesimtun2,254008,3768,304732,5002,1.036,0,1
2025-11-25T17:18:26.533975Z,embb,uesimtun0,256481,3774,312108,5178,1.267,0,1
2025-11-25T17:18:26.533975Z,urllc,uesimtun1,234504,3612,259848,3921,1.052,0,1
2025-11-25T17:18:26.533975Z,mmtc,uesimtun2,254173,3771,304976,5007,1.087,0,1
2025-11-25T17:18:26.784629Z,embb,uesimtun0,256646,3777,312352,5183,1.264,0,1
2025-11-25T17:18:26.784629Z,urllc,uesimtun1,234644,3615,260012,3924,1.041,0,1
2025-11-25T17:18:26.784629Z,mmtc,uesimtun2,254338,3774,305220,5012,1.050,0,1
2025-11-25T17:18:27.034651Z,embb,uesimtun0,256811,3780,312596,5188,1.207,0,1
2025-11-25T17:18:27.034651Z,urllc,uesimtun1,234784,3618,260176,3927,0.912,0,1
2025-11-25T17:18:27.034651Z,mmtc,uesimtun2,254503,3777,305464,5017,1.028,0,1
2025-11-25T17:18:27.284088Z,embb,uesimtun0,256976,3783,312840,5193,1.434,0,1
2025-11-25T17:18:27.284088Z,urllc,uesimtun1,234924,3621,260340,3930,,1,1
2025-11-25T17:18:27.284088Z,mmtc,uesimtun2,254668,3780,305708,5022,0.947,0,1
2025-11-25T17:18:27.534796Z,embb,uesimtun0,257141,3786,313084,5198,1.256,0,1
2025-11-25T17:18:27.534796Z,urllc,uesimtun1,234964,3622,260400,3931,0.945,0,1
2025-11-25T17:18:27.534796Z,mmtc,uesimtun2,254833,3783,305952,5027,0.959,0,1
2025-11-25T17:18:27.784704Z,embb,uesimtun0,257306,3789,313328,5203,1.196,0,1
2025-11-25T17:18:27.784704Z,urllc,uesimtun1,235104,3625,260564,3934,1.162,0,1
2025-11-25T17:18:27.784704Z,mmtc,uesimtun2,254998,3786,306196,5032,1.096,0,1
2025-11-25T17:18:28.034816Z,embb,uesimtun0,257471,3792,313572,5208,1.262,0,1
2025-11-25T17:18:28.034816Z,urllc,uesimtun1,235269,3628,260808,3939,1.218,0,1
2025-11-25T17:18:28.034816Z,mmtc,uesimtun2,255163,3789,306440,5037,0.973,0,1
2025-11-25T17:18:28.284781Z,embb,uesimtun0,257636,3795,313816,5213,1.294,0,1
2025-11-25T17:18:28.284781Z,urllc,uesimtun1,235409,3631,260972,3942,1.052,0,1
2025-11-25T17:18:28.284781Z,mmtc,uesimtun2,255328,3792,306684,5042,1.120,0,1
2025-11-25T17:18:28.534428Z,embb,uesimtun0,257801,3798,314060,5218,3.676,0,1
2025-11-25T17:18:28.534428Z,urllc,uesimtun1,235549,3634,261136,3945,,1,1
2025-11-25T17:18:28.534428Z,mmtc,uesimtun2,255493,3795,306928,5047,0.986,0,1
2025-11-25T17:18:28.784170Z,embb,uesimtun0,257966,3801,314304,5223,1.279,0,1
2025-11-25T17:18:28.784170Z,urllc,uesimtun1,235589,3635,261196,3946,,1,1
2025-11-25T17:18:28.784170Z,mmtc,uesimtun2,255658,3798,307172,5052,1.055,0,1
2025-11-25T17:18:29.034078Z,embb,uesimtun0,258131,3804,314548,5228,1.205,0,1
2025-11-25T17:18:29.034078Z,urllc,uesimtun1,235629,3636,261256,3947,1.057,0,1
2025-11-25T17:18:29.034078Z,mmtc,uesimtun2,255823,3801,307416,5057,0.945,0,1
2025-11-25T17:18:29.284110Z,embb,uesimtun0,258296,3807,314792,5233,1.269,0,1
2025-11-25T17:18:29.284110Z,urllc,uesimtun1,235769,3639,261420,3950,0.968,0,1
2025-11-25T17:18:29.284110Z,mmtc,uesimtun2,255988,3804,307660,5062,0.992,0,1
2025-11-25T17:18:29.534563Z,embb,uesimtun0,258461,3810,315036,5238,1.326,0,1
2025-11-25T17:18:29.534563Z,urllc,uesimtun1,235909,3642,261584,3953,,1,1
2025-11-25T17:18:29.534563Z,mmtc,uesimtun2,256153,3807,307904,5067,0.942,0,1
2025-11-25T17:18:29.784676Z,embb,uesimtun0,258626,3813,315280,5243,1.300,0,1
2025-11-25T17:18:29.784676Z,urllc,uesimtun1,235949,3643,261644,3954,1.037,0,1
2025-11-25T17:18:29.784676Z,mmtc,uesimtun2,256318,3810,308148,5072,1.011,0,1
2025-11-25T17:18:30.034125Z,embb,uesimtun0,258791,3816,315524,5248,1.326,0,1
2025-11-25T17:18:30.034125Z,urllc,uesimtun1,236089,3646,261808,3957,1.128,0,1
2025-11-25T17:18:30.034125Z,mmtc,uesimtun2,256483,3813,308392,5077,0.951,0,1
2025-11-25T17:18:30.284760Z,embb,uesimtun0,258956,3819,315768,5253,1.312,0,1
2025-11-25T17:18:30.284760Z,urllc,uesimtun1,236229,3649,261972,3960,,1,1
2025-11-25T17:18:30.284760Z,mmtc,uesimtun2,256648,3816,308636,5082,0.983,0,1
2025-11-25T17:18:30.534430Z,embb,uesimtun0,259121,3822,316012,5258,1.316,0,1
2025-11-25T17:18:30.534430Z,urllc,uesimtun1,236269,3650,262032,3961,1.017,0,1
2025-11-25T17:18:30.534430Z,mmtc,uesimtun2,256813,3819,308880,5087,1.148,0,1
2025-11-25T17:18:30.784714Z,embb,uesimtun0,259286,3825,316256,5263,1.348,0,1
2025-11-25T17:18:30.784714Z,urllc,uesimtun1,236409,3653,262196,3964,0.985,0,1
2025-11-25T17:18:30.784714Z,mmtc,uesimtun2,256978,3822,309124,5092,1.024,0,1
2025-11-25T17:18:31.034937Z,embb,uesimtun0,259451,3828,316500,5268,1.349,0,1
2025-11-25T17:18:31.034937Z,urllc,uesimtun1,236549,3656,262360,3967,,1,1
2025-11-25T17:18:31.034937Z,mmtc,uesimtun2,257143,3825,309368,5097,1.024,0,1
2025-11-25T17:18:31.284173Z,embb,uesimtun0,259616,3831,316744,5273,1.331,0,1
2025-11-25T17:18:31.284173Z,urllc,uesimtun1,236589,3657,262420,3968,1.020,0,1
2025-11-25T17:18:31.284173Z,mmtc,uesimtun2,257308,3828,309612,5102,1.061,0,1
2025-11-25T17:18:31.533916Z,embb,uesimtun0,259781,3834,316988,5278,1.299,0,1
2025-11-25T17:18:31.533916Z,urllc,uesimtun1,236729,3660,262584,3971,1.012,0,1
2025-11-25T17:18:31.533916Z,mmtc,uesimtun2,257473,3831,309856,5107,1.091,0,1
2025-11-25T17:18:31.784588Z,embb,uesimtun0,259946,3837,317232,5283,1.269,0,1
2025-11-25T17:18:31.784588Z,urllc,uesimtun1,236869,3663,262748,3974,1.050,0,1
2025-11-25T17:18:31.784588Z,mmtc,uesimtun2,257638,3834,310100,5112,0.962,0,1
2025-11-25T17:18:32.034104Z,embb,uesimtun0,260111,3840,317476,5288,1.265,0,1
2025-11-25T17:18:32.034104Z,urllc,uesimtun1,237009,3666,262912,3977,1.081,0,1
2025-11-25T17:18:32.034104Z,mmtc,uesimtun2,257803,3837,310344,5117,1.032,0,1
2025-11-25T17:18:32.284507Z,embb,uesimtun0,260276,3843,317720,5293,1.341,0,1
2025-11-25T17:18:32.284507Z,urllc,uesimtun1,237149,3669,263076,3980,,1,1
2025-11-25T17:18:32.284507Z,mmtc,uesimtun2,257968,3840,310588,5122,1.004,0,1
2025-11-25T17:18:32.534385Z,embb,uesimtun0,260441,3846,317964,5298,1.548,0,1
2025-11-25T17:18:32.534385Z,urllc,uesimtun1,237189,3670,263136,3981,1.118,0,1
2025-11-25T17:18:32.534385Z,mmtc,uesimtun2,258133,3843,310832,5127,1.023,0,1
2025-11-25T17:18:32.784255Z,embb,uesimtun0,260606,3849,318208,5303,1.296,0,1
2025-11-25T17:18:32.784255Z,urllc,uesimtun1,237354,3673,263380,3986,1.089,0,1
2025-11-25T17:18:32.784255Z,mmtc,uesimtun2,258298,3846,311076,5132,1.044,0,1
2025-11-25T17:18:33.034625Z,embb,uesimtun0,260771,3852,318452,5308,1.196,0,1
2025-11-25T17:18:33.034625Z,urllc,uesimtun1,237519,3676,263624,3991,1.091,0,1
2025-11-25T17:18:33.034625Z,mmtc,uesimtun2,258438,3849,311240,5135,0.926,0,1
2025-11-25T17:18:33.284489Z,embb,uesimtun0,260936,3855,318696,5313,1.403,0,1
2025-11-25T17:18:33.284489Z,urllc,uesimtun1,237659,3679,263788,3994,1.163,0,1
2025-11-25T17:18:33.284489Z,mmtc,uesimtun2,258603,3852,311484,5140,0.995,0,1
2025-11-25T17:18:33.534113Z,embb,uesimtun0,261101,3858,318940,5318,1.342,0,1
2025-11-25T17:18:33.534113Z,urllc,uesimtun1,237799,3682,263952,3997,1.002,0,1
2025-11-25T17:18:33.534113Z,mmtc,uesimtun2,258768,3855,311728,5145,1.127,0,1
2025-11-25T17:18:33.784107Z,embb,uesimtun0,261266,3861,319184,5323,1.325,0,1
2025-11-25T17:18:33.784107Z,urllc,uesimtun1,237964,3685,264196,4002,1.296,0,1
2025-11-25T17:18:33.784107Z,mmtc,uesimtun2,258933,3858,311972,5150,1.065,0,1
2025-11-25T17:18:34.034375Z,embb,uesimtun0,261431,3864,319428,5328,1.325,0,1
2025-11-25T17:18:34.034375Z,urllc,uesimtun1,238104,3688,264360,4005,0.999,0,1
2025-11-25T17:18:34.034375Z,mmtc,uesimtun2,259098,3861,312216,5155,0.982,0,1
2025-11-25T17:18:34.284663Z,embb,uesimtun0,261596,3867,319672,5333,1.310,0,1
2025-11-25T17:18:34.284663Z,urllc,uesimtun1,238244,3691,264524,4008,,1,1
2025-11-25T17:18:34.284663Z,mmtc,uesimtun2,259263,3864,312460,5160,0.989,0,1
2025-11-25T17:18:34.534492Z,embb,uesimtun0,261761,3870,319916,5338,1.356,0,1
2025-11-25T17:18:34.534492Z,urllc,uesimtun1,238284,3692,264584,4009,1.281,0,1
2025-11-25T17:18:34.534492Z,mmtc,uesimtun2,259428,3867,312704,5165,1.068,0,1
2025-11-25T17:18:34.784081Z,embb,uesimtun0,261926,3873,320160,5343,1.303,0,1
2025-11-25T17:18:34.784081Z,urllc,uesimtun1,238449,3695,264828,4014,1.067,0,1
2025-11-25T17:18:34.784081Z,mmtc,uesimtun2,259568,3870,312868,5168,1.016,0,1
2025-11-25T17:18:35.034450Z,embb,uesimtun0,262091,3876,320404,5348,1.366,0,1
2025-11-25T17:18:35.034450Z,urllc,uesimtun1,238614,3698,265072,4019,1.034,0,1
2025-11-25T17:18:35.034450Z,mmtc,uesimtun2,259708,3873,313032,5171,1.024,0,1
2025-11-25T17:18:35.284477Z,embb,uesimtun0,262256,3879,320648,5353,1.355,0,1
2025-11-25T17:18:35.284477Z,urllc,uesimtun1,238754,3701,265236,4022,1.204,0,1
2025-11-25T17:18:35.284477Z,mmtc,uesimtun2,259873,3876,313276,5176,,1,1
2025-11-25T17:18:35.535036Z,embb,uesimtun0,262421,3882,320892,5358,1.194,0,1
2025-11-25T17:18:35.535036Z,urllc,uesimtun1,238919,3704,265480,4027,0.926,0,1
2025-11-25T17:18:35.535036Z,mmtc,uesimtun2,259913,3877,313336,5177,0.825,0,1
2025-11-25T17:18:35.784167Z,embb,uesimtun0,262586,3885,321136,5363,1.288,0,1
2025-11-25T17:18:35.784167Z,urllc,uesimtun1,239059,3707,265644,4030,,1,1
2025-11-25T17:18:35.784167Z,mmtc,uesimtun2,260078,3880,313580,5182,0.903,0,1
2025-11-25T17:18:36.034296Z,embb,uesimtun0,262751,3888,321380,5368,1.259,0,1
2025-11-25T17:18:36.034296Z,urllc,uesimtun1,239099,3708,265704,4031,1.004,0,1
2025-11-25T17:18:36.034296Z,mmtc,uesimtun2,260243,3883,313824,5187,0.901,0,1
2025-11-25T17:18:36.284797Z,embb,uesimtun0,262916,3891,321624,5373,1.227,0,1
2025-11-25T17:18:36.284797Z,urllc,uesimtun1,239239,3711,265868,4034,1.009,0,1
2025-11-25T17:18:36.284797Z,mmtc,uesimtun2,260408,3886,314068,5192,0.870,0,1
2025-11-25T17:18:36.534947Z,embb,uesimtun0,263081,3894,321868,5378,1.455,0,1
2025-11-25T17:18:36.534947Z,urllc,uesimtun1,239379,3714,266032,4037,0.900,0,1
2025-11-25T17:18:36.534947Z,mmtc,uesimtun2,260573,3889,314312,5197,0.966,0,1
2025-11-25T17:18:36.784196Z,embb,uesimtun0,263246,3897,322112,5383,1.302,0,1
2025-11-25T17:18:36.784196Z,urllc,uesimtun1,239519,3717,266196,4040,0.946,0,1
2025-11-25T17:18:36.784196Z,mmtc,uesimtun2,260738,3892,314556,5202,1.055,0,1
2025-11-25T17:18:37.034535Z,embb,uesimtun0,263411,3900,322356,5388,1.177,0,1
2025-11-25T17:18:37.034535Z,urllc,uesimtun1,239684,3720,266440,4045,0.983,0,1
2025-11-25T17:18:37.034535Z,mmtc,uesimtun2,260903,3895,314800,5207,0.918,0,1
2025-11-25T17:18:37.284481Z,embb,uesimtun0,263576,3903,322600,5393,1.292,0,1
2025-11-25T17:18:37.284481Z,urllc,uesimtun1,239824,3723,266604,4048,1.122,0,1
2025-11-25T17:18:37.284481Z,mmtc,uesimtun2,261068,3898,315044,5212,1.339,0,1
2025-11-25T17:18:37.534734Z,embb,uesimtun0,263741,3906,322844,5398,1.264,0,1
2025-11-25T17:18:37.534734Z,urllc,uesimtun1,239964,3726,266768,4051,1.023,0,1
2025-11-25T17:18:37.534734Z,mmtc,uesimtun2,261233,3901,315288,5217,1.064,0,1
2025-11-25T17:18:37.784260Z,embb,uesimtun0,263906,3909,323088,5403,1.286,0,1
2025-11-25T17:18:37.784260Z,urllc,uesimtun1,240104,3729,266932,4054,0.993,0,1
2025-11-25T17:18:37.784260Z,mmtc,uesimtun2,261398,3904,315532,5222,0.972,0,1
2025-11-25T17:18:38.034416Z,embb,uesimtun0,264071,3912,323332,5408,1.320,0,1
2025-11-25T17:18:38.034416Z,urllc,uesimtun1,240269,3732,267176,4059,1.308,0,1
2025-11-25T17:18:38.034416Z,mmtc,uesimtun2,261563,3907,315776,5227,1.090,0,1
2025-11-25T17:18:38.284324Z,embb,uesimtun0,264236,3915,323576,5413,1.264,0,1
2025-11-25T17:18:38.284324Z,urllc,uesimtun1,240409,3735,267340,4062,1.040,0,1
2025-11-25T17:18:38.284324Z,mmtc,uesimtun2,261728,3910,316020,5232,1.115,0,1
2025-11-25T17:18:38.535019Z,embb,uesimtun0,264401,3918,323820,5418,1.302,0,1
2025-11-25T17:18:38.535019Z,urllc,uesimtun1,240549,3738,267504,4065,1.164,0,1
2025-11-25T17:18:38.535019Z,mmtc,uesimtun2,261893,3913,316264,5237,,1,1
2025-11-25T17:18:38.784708Z,embb,uesimtun0,264566,3921,324064,5423,1.173,0,1
2025-11-25T17:18:38.784708Z,urllc,uesimtun1,240714,3741,267748,4070,1.135,0,1
2025-11-25T17:18:38.784708Z,mmtc,uesimtun2,261933,3914,316324,5238,0.979,0,1
2025-11-25T17:18:39.034312Z,embb,uesimtun0,264731,3924,324308,5428,1.320,0,1
2025-11-25T17:18:39.034312Z,urllc,uesimtun1,240879,3744,267992,4075,0.979,0,1
2025-11-25T17:18:39.034312Z,mmtc,uesimtun2,262098,3917,316568,5243,1.087,0,1
2025-11-25T17:18:39.284400Z,embb,uesimtun0,264896,3927,324552,5433,1.340,0,1
2025-11-25T17:18:39.284400Z,urllc,uesimtun1,241019,3747,268156,4078,0.998,0,1
2025-11-25T17:18:39.284400Z,mmtc,uesimtun2,262263,3920,316812,5248,1.099,0,1
2025-11-25T17:18:39.534913Z,embb,uesimtun0,265061,3930,324796,5438,1.215,0,1
2025-11-25T17:18:39.534913Z,urllc,uesimtun1,241159,3750,268320,4081,0.991,0,1
2025-11-25T17:18:39.534913Z,mmtc,uesimtun2,262428,3923,317056,5253,0.886,0,1
2025-11-25T17:18:39.784142Z,embb,uesimtun0,265226,3933,325040,5443,1.268,0,1
2025-11-25T17:18:39.784142Z,urllc,uesimtun1,241299,3753,268484,4084,1.004,0,1
2025-11-25T17:18:39.784142Z,mmtc,uesimtun2,262593,3926,317300,5258,1.049,0,1
2025-11-25T17:18:40.034055Z,embb,uesimtun0,265391,3936,325284,5448,1.334,0,1
2025-11-25T17:18:40.034055Z,urllc,uesimtun1,241439,3756,268648,4087,1.009,0,1
2025-11-25T17:18:40.034055Z,mmtc,uesimtun2,262758,3929,317544,5263,0.985,0,1
2025-11-25T17:18:40.284573Z,embb,uesimtun0,265556,3939,325528,5453,1.320,0,1
2025-11-25T17:18:40.284573Z,urllc,uesimtun1,241579,3759,268812,4090,1.065,0,1
2025-11-25T17:18:40.284573Z,mmtc,uesimtun2,262975,3933,317788,5268,0.980,0,1
2025-11-25T17:18:40.534676Z,embb,uesimtun0,265721,3942,325772,5458,1.351,0,1
2025-11-25T17:18:40.534676Z,urllc,uesimtun1,241719,3762,268976,4093,1.012,0,1
2025-11-25T17:18:40.534676Z,mmtc,uesimtun2,263140,3936,318032,5273,1.015,0,1
2025-11-25T17:18:40.784040Z,embb,uesimtun0,265886,3945,326016,5463,1.260,0,1
2025-11-25T17:18:40.784040Z,urllc,uesimtun1,241859,3765,269140,4096,0.958,0,1
2025-11-25T17:18:40.784040Z,mmtc,uesimtun2,263305,3939,318276,5278,0.883,0,1
2025-11-25T17:18:41.034616Z,embb,uesimtun0,266051,3948,326260,5468,1.281,0,1
2025-11-25T17:18:41.034616Z,urllc,uesimtun1,241999,3768,269304,4099,0.953,0,1
2025-11-25T17:18:41.034616Z,mmtc,uesimtun2,263470,3942,318520,5283,1.175,0,1
2025-11-25T17:18:41.284790Z,embb,uesimtun0,266216,3951,326504,5473,1.259,0,1
2025-11-25T17:18:41.284790Z,urllc,uesimtun1,242139,3771,269468,4102,,1,1
2025-11-25T17:18:41.284790Z,mmtc,uesimtun2,263635,3945,318764,5288,0.936,0,1
2025-11-25T17:18:41.534860Z,embb,uesimtun0,266381,3954,326748,5478,1.271,0,1
2025-11-25T17:18:41.534860Z,urllc,uesimtun1,242179,3772,269528,4103,0.999,0,1
2025-11-25T17:18:41.534860Z,mmtc,uesimtun2,263800,3948,319008,5293,0.963,0,1
2025-11-25T17:18:41.784268Z,embb,uesimtun0,266546,3957,326992,5483,1.323,0,1
2025-11-25T17:18:41.784268Z,urllc,uesimtun1,242344,3775,269772,4108,1.025,0,1
2025-11-25T17:18:41.784268Z,mmtc,uesimtun2,263940,3951,319172,5296,0.924,0,1
2025-11-25T17:18:42.034518Z,embb,uesimtun0,266711,3960,327236,5488,1.260,0,1
2025-11-25T17:18:42.034518Z,urllc,uesimtun1,242484,3778,269936,4111,0.986,0,1
2025-11-25T17:18:42.034518Z,mmtc,uesimtun2,264105,3954,319416,5301,1.052,0,1
2025-11-25T17:18:42.284164Z,embb,uesimtun0,266876,3963,327480,5493,1.303,0,1
2025-11-25T17:18:42.284164Z,urllc,uesimtun1,242624,3781,270100,4114,0.826,0,1
2025-11-25T17:18:42.284164Z,mmtc,uesimtun2,264270,3957,319660,5306,1.176,0,1
2025-11-25T17:18:42.534306Z,embb,uesimtun0,267041,3966,327724,5498,1.186,0,1
2025-11-25T17:18:42.534306Z,urllc,uesimtun1,242789,3784,270344,4119,,1,1
2025-11-25T17:18:42.534306Z,mmtc,uesimtun2,264410,3960,319824,5309,0.983,0,1
2025-11-25T17:18:42.784123Z,embb,uesimtun0,267206,3969,327968,5503,1.184,0,1
2025-11-25T17:18:42.784123Z,urllc,uesimtun1,242829,3785,270404,4120,1.002,0,1
2025-11-25T17:18:42.784123Z,mmtc,uesimtun2,264575,3963,320068,5314,0.981,0,1
2025-11-25T17:18:43.034316Z,embb,uesimtun0,267371,3972,328212,5508,1.251,0,1
2025-11-25T17:18:43.034316Z,urllc,uesimtun1,242969,3788,270568,4123,1.104,0,1
2025-11-25T17:18:43.034316Z,mmtc,uesimtun2,264740,3966,320312,5319,0.983,0,1
2025-11-25T17:18:43.284520Z,embb,uesimtun0,267536,3975,328456,5513,1.263,0,1
2025-11-25T17:18:43.284520Z,urllc,uesimtun1,243109,3791,270732,4126,0.988,0,1
2025-11-25T17:18:43.284520Z,mmtc,uesimtun2,264905,3969,320556,5324,1.059,0,1
2025-11-25T17:18:43.534419Z,embb,uesimtun0,267701,3978,328700,5518,1.320,0,1
2025-11-25T17:18:43.534419Z,urllc,uesimtun1,243249,3794,270896,4129,1.183,0,1
2025-11-25T17:18:43.534419Z,mmtc,uesimtun2,265070,3972,320800,5329,1.045,0,1
2025-11-25T17:18:43.783964Z,embb,uesimtun0,267866,3981,328944,5523,1.273,0,1
2025-11-25T17:18:43.783964Z,urllc,uesimtun1,243389,3797,271060,4132,,1,1
2025-11-25T17:18:43.783964Z,mmtc,uesimtun2,265235,3975,321044,5334,0.988,0,1
2025-11-25T17:18:44.034113Z,embb,uesimtun0,268031,3984,329188,5528,1.355,0,1
2025-11-25T17:18:44.034113Z,urllc,uesimtun1,243429,3798,271120,4133,1.046,0,1
2025-11-25T17:18:44.034113Z,mmtc,uesimtun2,265400,3978,321288,5339,1.115,0,1
2025-11-25T17:18:44.284095Z,embb,uesimtun0,268196,3987,329432,5533,1.304,0,1
2025-11-25T17:18:44.284095Z,urllc,uesimtun1,243569,3801,271284,4136,0.933,0,1
2025-11-25T17:18:44.284095Z,mmtc,uesimtun2,265565,3981,321532,5344,1.091,0,1
2025-11-25T17:18:44.534051Z,embb,uesimtun0,268361,3990,329676,5538,1.275,0,1
2025-11-25T17:18:44.534051Z,urllc,uesimtun1,243709,3804,271448,4139,1.025,0,1
2025-11-25T17:18:44.534051Z,mmtc,uesimtun2,265730,3984,321776,5349,1.163,0,1
2025-11-25T17:18:44.784761Z,embb,uesimtun0,268526,3993,329920,5543,1.419,0,1
2025-11-25T17:18:44.784761Z,urllc,uesimtun1,243849,3807,271612,4142,1.079,0,1
2025-11-25T17:18:44.784761Z,mmtc,uesimtun2,265895,3987,322020,5354,0.998,0,1
2025-11-25T17:18:45.034745Z,embb,uesimtun0,268691,3996,330164,5548,1.309,0,1
2025-11-25T17:18:45.034745Z,urllc,uesimtun1,243989,3810,271776,4145,,1,1
2025-11-25T17:18:45.034745Z,mmtc,uesimtun2,266060,3990,322264,5359,0.994,0,1
2025-11-25T17:18:45.284504Z,embb,uesimtun0,268856,3999,330408,5553,1.289,0,1
2025-11-25T17:18:45.284504Z,urllc,uesimtun1,244029,3811,271836,4146,1.033,0,1
2025-11-25T17:18:45.284504Z,mmtc,uesimtun2,266225,3993,322508,5364,1.019,0,1
2025-11-25T17:18:45.534928Z,embb,uesimtun0,269021,4002,330652,5558,1.298,0,1
2025-11-25T17:18:45.534928Z,urllc,uesimtun1,244169,3814,272000,4149,1.012,0,1
2025-11-25T17:18:45.534928Z,mmtc,uesimtun2,266390,3996,322752,5369,0.960,0,1
2025-11-25T17:18:45.784018Z,embb,uesimtun0,269186,4005,330896,5563,1.348,0,1
2025-11-25T17:18:45.784018Z,urllc,uesimtun1,244309,3817,272164,4152,4.617,0,1
2025-11-25T17:18:45.784018Z,mmtc,uesimtun2,266555,3999,322996,5374,1.221,0,1
2025-11-25T17:18:46.034785Z,embb,uesimtun0,269351,4008,331140,5568,1.352,0,1
2025-11-25T17:18:46.034785Z,urllc,uesimtun1,244449,3820,272328,4155,1.020,0,1
2025-11-25T17:18:46.034785Z,mmtc,uesimtun2,266720,4002,323240,5379,1.042,0,1
2025-11-25T17:18:46.284766Z,embb,uesimtun0,269516,4011,331384,5573,1.282,0,1
2025-11-25T17:18:46.284766Z,urllc,uesimtun1,244589,3823,272492,4158,1.095,0,1
2025-11-25T17:18:46.284766Z,mmtc,uesimtun2,266885,4005,323484,5384,1.067,0,1
2025-11-25T17:18:46.534433Z,embb,uesimtun0,269681,4014,331628,5578,1.214,0,1
2025-11-25T17:18:46.534433Z,urllc,uesimtun1,244729,3826,272656,4161,1.130,0,1
2025-11-25T17:18:46.534433Z,mmtc,uesimtun2,267050,4008,323728,5389,1.097,0,1
2025-11-25T17:18:46.784071Z,embb,uesimtun0,269846,4017,331872,5583,1.430,0,1
2025-11-25T17:18:46.784071Z,urllc,uesimtun1,244869,3829,272820,4164,1.201,0,1
2025-11-25T17:18:46.784071Z,mmtc,uesimtun2,267215,4011,323972,5394,1.056,0,1
2025-11-25T17:18:47.034487Z,embb,uesimtun0,270011,4020,332116,5588,1.293,0,1
2025-11-25T17:18:47.034487Z,urllc,uesimtun1,245009,3832,272984,4167,1.174,0,1
2025-11-25T17:18:47.034487Z,mmtc,uesimtun2,267380,4014,324216,5399,1.129,0,1
2025-11-25T17:18:47.284829Z,embb,uesimtun0,270176,4023,332360,5593,1.272,0,1
2025-11-25T17:18:47.284829Z,urllc,uesimtun1,245149,3835,273148,4170,0.948,0,1
2025-11-25T17:18:47.284829Z,mmtc,uesimtun2,267545,4017,324460,5404,0.965,0,1
2025-11-25T17:18:47.534784Z,embb,uesimtun0,270341,4026,332604,5598,1.274,0,1
2025-11-25T17:18:47.534784Z,urllc,uesimtun1,245289,3838,273312,4173,0.914,0,1
2025-11-25T17:18:47.534784Z,mmtc,uesimtun2,267710,4020,324704,5409,0.957,0,1
2025-11-25T17:18:47.784240Z,embb,uesimtun0,270506,4029,332848,5603,1.319,0,1
2025-11-25T17:18:47.784240Z,urllc,uesimtun1,245429,3841,273476,4176,1.082,0,1
2025-11-25T17:18:47.784240Z,mmtc,uesimtun2,267875,4023,324948,5414,1.046,0,1
2025-11-25T17:18:48.034692Z,embb,uesimtun0,270671,4032,333092,5608,1.317,0,1
2025-11-25T17:18:48.034692Z,urllc,uesimtun1,245594,3844,273720,4181,1.237,0,1
2025-11-25T17:18:48.034692Z,mmtc,uesimtun2,268040,4026,325192,5419,0.973,0,1
2025-11-25T17:18:48.284061Z,embb,uesimtun0,270836,4035,333336,5613,1.308,0,1
2025-11-25T17:18:48.284061Z,urllc,uesimtun1,245734,3847,273884,4184,0.997,0,1
2025-11-25T17:18:48.284061Z,mmtc,uesimtun2,268205,4029,325436,5424,0.951,0,1
2025-11-25T17:18:48.534094Z,embb,uesimtun0,271001,4038,333580,5618,1.313,0,1
2025-11-25T17:18:48.534094Z,urllc,uesimtun1,245874,3850,274048,4187,1.011,0,1
2025-11-25T17:18:48.534094Z,mmtc,uesimtun2,268370,4032,325680,5429,0.870,0,1
2025-11-25T17:18:48.784969Z,embb,uesimtun0,271166,4041,333824,5623,1.271,0,1
2025-11-25T17:18:48.784969Z,urllc,uesimtun1,246014,3853,274212,4190,0.957,0,1
2025-11-25T17:18:48.784969Z,mmtc,uesimtun2,268535,4035,325924,5434,1.076,0,1
2025-11-25T17:18:49.034414Z,embb,uesimtun0,271331,4044,334068,5628,1.313,0,1
2025-11-25T17:18:49.034414Z,urllc,uesimtun1,246154,3856,274376,4193,1.020,0,1
2025-11-25T17:18:49.034414Z,mmtc,uesimtun2,268700,4038,326168,5439,0.877,0,1
2025-11-25T17:18:49.284348Z,embb,uesimtun0,271496,4047,334312,5633,1.159,0,1
2025-11-25T17:18:49.284348Z,urllc,uesimtun1,246294,3859,274540,4196,1.059,0,1
2025-11-25T17:18:49.284348Z,mmtc,uesimtun2,268865,4041,326412,5444,0.958,0,1
2025-11-25T17:18:49.534223Z,embb,uesimtun0,271661,4050,334556,5638,1.278,0,1
2025-11-25T17:18:49.534223Z,urllc,uesimtun1,246434,3862,274704,4199,0.935,0,1
2025-11-25T17:18:49.534223Z,mmtc,uesimtun2,269030,4044,326656,5449,0.887,0,1
2025-11-25T17:18:49.784690Z,embb,uesimtun0,271826,4053,334800,5643,1.237,0,1
2025-11-25T17:18:49.784690Z,urllc,uesimtun1,246574,3865,274868,4202,0.969,0,1
2025-11-25T17:18:49.784690Z,mmtc,uesimtun2,269195,4047,326900,5454,0.979,0,1
2025-11-25T17:18:50.034650Z,embb,uesimtun0,271991,4056,335044,5648,1.238,0,1
2025-11-25T17:18:50.034650Z,urllc,uesimtun1,246714,3868,275032,4205,1.041,0,1
2025-11-25T17:18:50.034650Z,mmtc,uesimtun2,269360,4050,327144,5459,0.911,0,1
2025-11-25T17:18:50.284292Z,embb,uesimtun0,272156,4059,335288,5653,1.242,0,1
2025-11-25T17:18:50.284292Z,urllc,uesimtun1,246854,3871,275196,4208,0.993,0,1
2025-11-25T17:18:50.284292Z,mmtc,uesimtun2,269525,4053,327388,5464,0.926,0,1
2025-11-25T17:18:50.534994Z,embb,uesimtun0,272321,4062,335532,5658,1.396,0,1
2025-11-25T17:18:50.534994Z,urllc,uesimtun1,246994,3874,275360,4211,,1,1
2025-11-25T17:18:50.534994Z,mmtc,uesimtun2,269690,4056,327632,5469,1.006,0,1
2025-11-25T17:18:50.785018Z,embb,uesimtun0,272486,4065,335776,5663,1.259,0,1
2025-11-25T17:18:50.785018Z,urllc,uesimtun1,247034,3875,275420,4212,0.930,0,1
2025-11-25T17:18:50.785018Z,mmtc,uesimtun2,269855,4059,327876,5474,0.949,0,1
2025-11-25T17:18:51.034970Z,embb,uesimtun0,272651,4068,336020,5668,1.264,0,1
2025-11-25T17:18:51.034970Z,urllc,uesimtun1,247174,3878,275584,4215,1.096,0,1
2025-11-25T17:18:51.034970Z,mmtc,uesimtun2,270020,4062,328120,5479,0.947,0,1
2025-11-25T17:18:51.284601Z,embb,uesimtun0,272816,4071,336264,5673,1.287,0,1
2025-11-25T17:18:51.284601Z,urllc,uesimtun1,247314,3881,275748,4218,1.127,0,1
2025-11-25T17:18:51.284601Z,mmtc,uesimtun2,270185,4065,328364,5484,1.045,0,1
2025-11-25T17:18:51.534074Z,embb,uesimtun0,272981,4074,336508,5678,1.377,0,1
2025-11-25T17:18:51.534074Z,urllc,uesimtun1,247454,3884,275912,4221,1.003,0,1
2025-11-25T17:18:51.534074Z,mmtc,uesimtun2,270350,4068,328608,5489,0.853,0,1
2025-11-25T17:18:51.784107Z,embb,uesimtun0,273146,4077,336752,5683,1.364,0,1
2025-11-25T17:18:51.784107Z,urllc,uesimtun1,247594,3887,276076,4224,0.970,0,1
2025-11-25T17:18:51.784107Z,mmtc,uesimtun2,270515,4071,328852,5494,1.017,0,1
2025-11-25T17:18:52.034033Z,embb,uesimtun0,273311,4080,336996,5688,1.306,0,1
2025-11-25T17:18:52.034033Z,urllc,uesimtun1,247734,3890,276240,4227,0.972,0,1
2025-11-25T17:18:52.034033Z,mmtc,uesimtun2,270680,4074,329096,5499,0.958,0,1
2025-11-25T17:18:52.284346Z,embb,uesimtun0,273476,4083,337240,5693,1.306,0,1
2025-11-25T17:18:52.284346Z,urllc,uesimtun1,247874,3893,276404,4230,0.965,0,1
2025-11-25T17:18:52.284346Z,mmtc,uesimtun2,270845,4077,329340,5504,1.096,0,1
2025-11-25T17:18:52.534844Z,embb,uesimtun0,273641,4086,337484,5698,1.278,0,1
2025-11-25T17:18:52.534844Z,urllc,uesimtun1,248014,3896,276568,4233,0.955,0,1
2025-11-25T17:18:52.534844Z,mmtc,uesimtun2,271010,4080,329584,5509,0.924,0,1
2025-11-25T17:18:52.784262Z,embb,uesimtun0,273806,4089,337728,5703,1.299,0,1
2025-11-25T17:18:52.784262Z,urllc,uesimtun1,248154,3899,276732,4236,,1,1
2025-11-25T17:18:52.784262Z,mmtc,uesimtun2,271175,4083,329828,5514,0.958,0,1
2025-11-25T17:18:53.034912Z,embb,uesimtun0,273971,4092,337972,5708,1.298,0,1
2025-11-25T17:18:53.034912Z,urllc,uesimtun1,248194,3900,276792,4237,0.998,0,1
2025-11-25T17:18:53.034912Z,mmtc,uesimtun2,271340,4086,330072,5519,0.973,0,1
2025-11-25T17:18:53.284409Z,embb,uesimtun0,274136,4095,338216,5713,1.239,0,1
2025-11-25T17:18:53.284409Z,urllc,uesimtun1,248334,3903,276956,4240,1.021,0,1
2025-11-25T17:18:53.284409Z,mmtc,uesimtun2,271505,4089,330316,5524,0.976,0,1
2025-11-25T17:18:53.534370Z,embb,uesimtun0,274301,4098,338460,5718,1.265,0,1
2025-11-25T17:18:53.534370Z,urllc,uesimtun1,248499,3906,277200,4245,0.939,0,1
2025-11-25T17:18:53.534370Z,mmtc,uesimtun2,271645,4092,330480,5527,1.034,0,1
2025-11-25T17:18:53.784108Z,embb,uesimtun0,274466,4101,338704,5723,1.202,0,1
2025-11-25T17:18:53.784108Z,urllc,uesimtun1,248664,3909,277444,4250,0.970,0,1
2025-11-25T17:18:53.784108Z,mmtc,uesimtun2,271810,4095,330724,5532,0.907,0,1
2025-11-25T17:18:54.034062Z,embb,uesimtun0,274631,4104,338948,5728,1.438,0,1
2025-11-25T17:18:54.034062Z,urllc,uesimtun1,248804,3912,277608,4253,1.042,0,1
2025-11-25T17:18:54.034062Z,mmtc,uesimtun2,271975,4098,330968,5537,0.981,0,1
2025-11-25T17:18:54.284528Z,embb,uesimtun0,274796,4107,339192,5733,1.389,0,1
2025-11-25T17:18:54.284528Z,urllc,uesimtun1,248944,3915,277772,4256,1.021,0,1
2025-11-25T17:18:54.284528Z,mmtc,uesimtun2,272140,4101,331212,5542,1.018,0,1
2025-11-25T17:18:54.534536Z,embb,uesimtun0,274961,4110,339436,5738,1.211,0,1
2025-11-25T17:18:54.534536Z,urllc,uesimtun1,249084,3918,277936,4259,1.306,0,1
2025-11-25T17:18:54.534536Z,mmtc,uesimtun2,272305,4104,331456,5547,0.860,0,1
2025-11-25T17:18:54.784320Z,embb,uesimtun0,275126,4113,339680,5743,1.328,0,1
2025-11-25T17:18:54.784320Z,urllc,uesimtun1,249224,3921,278100,4262,0.977,0,1
2025-11-25T17:18:54.784320Z,mmtc,uesimtun2,272470,4107,331700,5552,1.028,0,1
2025-11-25T17:18:55.034225Z,embb,uesimtun0,275291,4116,339924,5748,1.370,0,1
2025-11-25T17:18:55.034225Z,urllc,uesimtun1,249364,3924,278264,4265,1.107,0,1
2025-11-25T17:18:55.034225Z,mmtc,uesimtun2,272635,4110,331944,5557,1.019,0,1
2025-11-25T17:18:55.283804Z,embb,uesimtun0,275456,4119,340168,5753,1.291,0,1
2025-11-25T17:18:55.283804Z,urllc,uesimtun1,249504,3927,278428,4268,1.084,0,1
2025-11-25T17:18:55.283804Z,mmtc,uesimtun2,272800,4113,332188,5562,0.991,0,1
2025-11-25T17:18:55.534611Z,embb,uesimtun0,275621,4122,340412,5758,1.258,0,1
2025-11-25T17:18:55.534611Z,urllc,uesimtun1,249644,3930,278592,4271,1.104,0,1
2025-11-25T17:18:55.534611Z,mmtc,uesimtun2,272965,4116,332432,5567,1.051,0,1
2025-11-25T17:18:55.784131Z,embb,uesimtun0,275786,4125,340656,5763,1.270,0,1
2025-11-25T17:18:55.784131Z,urllc,uesimtun1,249809,3933,278836,4276,0.945,0,1
2025-11-25T17:18:55.784131Z,mmtc,uesimtun2,273105,4119,332596,5570,1.023,0,1
2025-11-25T17:18:56.034981Z,embb,uesimtun0,275951,4128,340900,5768,1.342,0,1
2025-11-25T17:18:56.034981Z,urllc,uesimtun1,249949,3936,279000,4279,1.164,0,1
2025-11-25T17:18:56.034981Z,mmtc,uesimtun2,273270,4122,332840,5575,1.009,0,1
2025-11-25T17:18:56.283848Z,embb,uesimtun0,276116,4131,341144,5773,4.321,0,1
2025-11-25T17:18:56.283848Z,urllc,uesimtun1,250089,3939,279164,4282,1.034,0,1
2025-11-25T17:18:56.283848Z,mmtc,uesimtun2,273435,4125,333084,5580,0.948,0,1
2025-11-25T17:18:56.534170Z,embb,uesimtun0,276281,4134,341388,5778,1.240,0,1
2025-11-25T17:18:56.534170Z,urllc,uesimtun1,250254,3942,279408,4287,1.013,0,1
2025-11-25T17:18:56.534170Z,mmtc,uesimtun2,273575,4128,333248,5583,0.959,0,1
2025-11-25T17:18:56.784145Z,embb,uesimtun0,276446,4137,341632,5783,1.364,0,1
2025-11-25T17:18:56.784145Z,urllc,uesimtun1,250419,3945,279652,4292,0.942,0,1
2025-11-25T17:18:56.784145Z,mmtc,uesimtun2,273715,4131,333412,5586,1.117,0,1
2025-11-25T17:18:57.035017Z,embb,uesimtun0,276611,4140,341876,5788,1.408,0,1
2025-11-25T17:18:57.035017Z,urllc,uesimtun1,250559,3948,279816,4295,1.128,0,1
2025-11-25T17:18:57.035017Z,mmtc,uesimtun2,273880,4134,333656,5591,1.023,0,1
2025-11-25T17:18:57.284682Z,embb,uesimtun0,276776,4143,342120,5793,1.209,0,1
2025-11-25T17:18:57.284682Z,urllc,uesimtun1,250699,3951,279980,4298,,1,1
2025-11-25T17:18:57.284682Z,mmtc,uesimtun2,274045,4137,333900,5596,0.973,0,1
2025-11-25T17:18:57.534791Z,embb,uesimtun0,276941,4146,342364,5798,1.265,0,1
2025-11-25T17:18:57.534791Z,urllc,uesimtun1,250739,3952,280040,4299,0.960,0,1
2025-11-25T17:18:57.534791Z,mmtc,uesimtun2,274210,4140,334144,5601,1.029,0,1
2025-11-25T17:18:57.784132Z,embb,uesimtun0,277106,4149,342608,5803,1.316,0,1
2025-11-25T17:18:57.784132Z,urllc,uesimtun1,250879,3955,280204,4302,,1,1
2025-11-25T17:18:57.784132Z,mmtc,uesimtun2,274375,4143,334388,5606,0.982,0,1
2025-11-25T17:18:58.034871Z,embb,uesimtun0,277271,4152,342852,5808,1.287,0,1
2025-11-25T17:18:58.034871Z,urllc,uesimtun1,250919,3956,280264,4303,1.057,0,1
2025-11-25T17:18:58.034871Z,mmtc,uesimtun2,274540,4146,334632,5611,1.008,0,1
2025-11-25T17:18:58.284999Z,embb,uesimtun0,277436,4155,343096,5813,1.212,0,1
2025-11-25T17:18:58.284999Z,urllc,uesimtun1,251059,3959,280428,4306,0.960,0,1
2025-11-25T17:18:58.284999Z,mmtc,uesimtun2,274705,4149,334876,5616,1.048,0,1
2025-11-25T17:18:58.534825Z,embb,uesimtun0,277601,4158,343340,5818,1.350,0,1
2025-11-25T17:18:58.534825Z,urllc,uesimtun1,251199,3962,280592,4309,1.071,0,1
2025-11-25T17:18:58.534825Z,mmtc,uesimtun2,274870,4152,335120,5621,0.972,0,1
2025-11-25T17:18:58.784222Z,embb,uesimtun0,277766,4161,343584,5823,1.350,0,1
2025-11-25T17:18:58.784222Z,urllc,uesimtun1,251339,3965,280756,4312,1.076,0,1
2025-11-25T17:18:58.784222Z,mmtc,uesimtun2,275087,4156,335364,5626,,1,1
2025-11-25T17:18:59.034804Z,embb,uesimtun0,277931,4164,343828,5828,1.280,0,1
2025-11-25T17:18:59.034804Z,urllc,uesimtun1,251504,3968,281000,4317,,1,1
2025-11-25T17:18:59.034804Z,mmtc,uesimtun2,275127,4157,335424,5627,1.030,0,1
2025-11-25T17:18:59.284229Z,embb,uesimtun0,278096,4167,344072,5833,1.319,0,1
2025-11-25T17:18:59.284229Z,urllc,uesimtun1,251544,3969,281060,4318,1.015,0,1
2025-11-25T17:18:59.284229Z,mmtc,uesimtun2,275292,4160,335668,5632,1.002,0,1
2025-11-25T17:18:59.534849Z,embb,uesimtun0,278261,4170,344316,5838,1.256,0,1
2025-11-25T17:18:59.534849Z,urllc,uesimtun1,251709,3972,281304,4323,0.989,0,1
2025-11-25T17:18:59.534849Z,mmtc,uesimtun2,275432,4163,335832,5635,1.068,0,1
2025-11-25T17:18:59.784190Z,embb,uesimtun0,278426,4173,344560,5843,1.258,0,1
2025-11-25T17:18:59.784190Z,urllc,uesimtun1,251849,3975,281468,4326,1.005,0,1
2025-11-25T17:18:59.784190Z,mmtc,uesimtun2,275597,4166,336076,5640,0.895,0,1
2025-11-25T17:19:00.034998Z,embb,uesimtun0,278591,4176,344804,5848,1.523,0,1
2025-11-25T17:19:00.034998Z,urllc,uesimtun1,251989,3978,281632,4329,,1,1
2025-11-25T17:19:00.034998Z,mmtc,uesimtun2,275762,4169,336320,5645,0.960,0,1
2025-11-25T17:19:00.284331Z,embb,uesimtun0,278756,4179,345048,5853,1.298,0,1
2025-11-25T17:19:00.284331Z,urllc,uesimtun1,252029,3979,281692,4330,1.009,0,1
2025-11-25T17:19:00.284331Z,mmtc,uesimtun2,275927,4172,336564,5650,1.061,0,1
2025-11-25T17:19:00.534530Z,embb,uesimtun0,278921,4182,345292,5858,1.322,0,1
2025-11-25T17:19:00.534530Z,urllc,uesimtun1,252169,3982,281856,4333,1.129,0,1
2025-11-25T17:19:00.534530Z,mmtc,uesimtun2,276092,4175,336808,5655,0.992,0,1
2025-11-25T17:19:00.784723Z,embb,uesimtun0,279086,4185,345536,5863,1.341,0,1
2025-11-25T17:19:00.784723Z,urllc,uesimtun1,252309,3985,282020,4336,1.048,0,1
2025-11-25T17:19:00.784723Z,mmtc,uesimtun2,276309,4179,337052,5660,0.934,0,1
2025-11-25T17:19:01.034871Z,embb,uesimtun0,279251,4188,345780,5868,1.320,0,1
2025-11-25T17:19:01.034871Z,urllc,uesimtun1,252474,3988,282264,4341,1.069,0,1
2025-11-25T17:19:01.034871Z,mmtc,uesimtun2,276449,4182,337216,5663,0.937,0,1
2025-11-25T17:19:01.284240Z,embb,uesimtun0,279416,4191,346024,5873,1.410,0,1
2025-11-25T17:19:01.284240Z,urllc,uesimtun1,252614,3991,282428,4344,0.964,0,1
2025-11-25T17:19:01.284240Z,mmtc,uesimtun2,276614,4185,337460,5668,0.996,0,1
2025-11-25T17:19:01.533911Z,embb,uesimtun0,279581,4194,346268,5878,1.233,0,1
2025-11-25T17:19:01.533911Z,urllc,uesimtun1,252754,3994,282592,4347,0.968,0,1
2025-11-25T17:19:01.533911Z,mmtc,uesimtun2,276779,4188,337704,5673,1.042,0,1
2025-11-25T17:19:01.784348Z,embb,uesimtun0,279746,4197,346512,5883,1.280,0,1
2025-11-25T17:19:01.784348Z,urllc,uesimtun1,252894,3997,282756,4350,1.079,0,1
2025-11-25T17:19:01.784348Z,mmtc,uesimtun2,276944,4191,337948,5678,0.964,0,1
2025-11-25T17:19:02.034620Z,embb,uesimtun0,279911,4200,346756,5888,1.289,0,1
2025-11-25T17:19:02.034620Z,urllc,uesimtun1,253034,4000,282920,4353,,1,1
2025-11-25T17:19:02.034620Z,mmtc,uesimtun2,277109,4194,338192,5683,1.045,0,1
2025-11-25T17:19:02.284489Z,embb,uesimtun0,280076,4203,347000,5893,1.277,0,1
2025-11-25T17:19:02.284489Z,urllc,uesimtun1,253074,4001,282980,4354,,1,1
2025-11-25T17:19:02.284489Z,mmtc,uesimtun2,277274,4197,338436,5688,1.066,0,1
2025-11-25T17:19:02.533856Z,embb,uesimtun0,280241,4206,347244,5898,1.237,0,1
2025-11-25T17:19:02.533856Z,urllc,uesimtun1,253114,4002,283040,4355,1.017,0,1
2025-11-25T17:19:02.533856Z,mmtc,uesimtun2,277439,4200,338680,5693,1.000,0,1
2025-11-25T17:19:02.784153Z,embb,uesimtun0,280406,4209,347488,5903,1.267,0,1
2025-11-25T17:19:02.784153Z,urllc,uesimtun1,253254,4005,283204,4358,1.124,0,1
2025-11-25T17:19:02.784153Z,mmtc,uesimtun2,277604,4203,338924,5698,1.239,0,1
2025-11-25T17:19:03.034245Z,embb,uesimtun0,280571,4212,347732,5908,1.269,0,1
2025-11-25T17:19:03.034245Z,urllc,uesimtun1,253394,4008,283368,4361,1.184,0,1
2025-11-25T17:19:03.034245Z,mmtc,uesimtun2,277769,4206,339168,5703,1.093,0,1
2025-11-25T17:19:03.284582Z,embb,uesimtun0,280736,4215,347976,5913,1.226,0,1
2025-11-25T17:19:03.284582Z,urllc,uesimtun1,253534,4011,283532,4364,1.070,0,1
2025-11-25T17:19:03.284582Z,mmtc,uesimtun2,277934,4209,339412,5708,0.985,0,1
2025-11-25T17:19:03.534213Z,embb,uesimtun0,280901,4218,348220,5918,1.345,0,1
2025-11-25T17:19:03.534213Z,urllc,uesimtun1,253674,4014,283696,4367,,1,1
2025-11-25T17:19:03.534213Z,mmtc,uesimtun2,278099,4212,339656,5713,1.021,0,1
2025-11-25T17:19:03.784096Z,embb,uesimtun0,281066,4221,348464,5923,1.290,0,1
2025-11-25T17:19:03.784096Z,urllc,uesimtun1,253714,4015,283756,4368,1.066,0,1
2025-11-25T17:19:03.784096Z,mmtc,uesimtun2,278264,4215,339900,5718,1.042,0,1
2025-11-25T17:19:04.034556Z,embb,uesimtun0,281231,4224,348708,5928,1.313,0,1
2025-11-25T17:19:04.034556Z,urllc,uesimtun1,253854,4018,283920,4371,1.014,0,1
2025-11-25T17:19:04.034556Z,mmtc,uesimtun2,278429,4218,340144,5723,1.013,0,1
2025-11-25T17:19:04.284772Z,embb,uesimtun0,281396,4227,348952,5933,1.195,0,1
2025-11-25T17:19:04.284772Z,urllc,uesimtun1,253994,4021,284084,4374,1.017,0,1
2025-11-25T17:19:04.284772Z,mmtc,uesimtun2,278594,4221,340388,5728,1.073,0,1
2025-11-25T17:19:04.534060Z,embb,uesimtun0,281561,4230,349196,5938,1.268,0,1
2025-11-25T17:19:04.534060Z,urllc,uesimtun1,254134,4024,284248,4377,0.951,0,1
2025-11-25T17:19:04.534060Z,mmtc,uesimtun2,278759,4224,340632,5733,0.881,0,1
2025-11-25T17:19:04.784992Z,embb,uesimtun0,281726,4233,349440,5943,1.133,0,1
2025-11-25T17:19:04.784992Z,urllc,uesimtun1,254274,4027,284412,4380,1.302,0,1
2025-11-25T17:19:04.784992Z,mmtc,uesimtun2,278924,4227,340876,5738,1.083,0,1
2025-11-25T17:19:05.034325Z,embb,uesimtun0,281891,4236,349684,5948,1.406,0,1
2025-11-25T17:19:05.034325Z,urllc,uesimtun1,254439,4030,284656,4385,0.996,0,1
2025-11-25T17:19:05.034325Z,mmtc,uesimtun2,279089,4230,341120,5743,0.935,0,1
2025-11-25T17:19:05.284596Z,embb,uesimtun0,282056,4239,349928,5953,1.244,0,1
2025-11-25T17:19:05.284596Z,urllc,uesimtun1,254579,4033,284820,4388,,1,1
2025-11-25T17:19:05.284596Z,mmtc,uesimtun2,279254,4233,341364,5748,1.004,0,1
2025-11-25T17:19:05.534592Z,embb,uesimtun0,282221,4242,350172,5958,1.366,0,1
2025-11-25T17:19:05.534592Z,urllc,uesimtun1,254619,4034,284880,4389,1.073,0,1
2025-11-25T17:19:05.534592Z,mmtc,uesimtun2,279419,4236,341608,5753,0.901,0,1
2025-11-25T17:19:05.784174Z,embb,uesimtun0,282386,4245,350416,5963,1.455,0,1
2025-11-25T17:19:05.784174Z,urllc,uesimtun1,254759,4037,285044,4392,1.105,0,1
2025-11-25T17:19:05.784174Z,mmtc,uesimtun2,279584,4239,341852,5758,1.049,0,1
2025-11-25T17:19:06.034678Z,embb,uesimtun0,282551,4248,350660,5968,1.349,0,1
2025-11-25T17:19:06.034678Z,urllc,uesimtun1,254899,4040,285208,4395,0.981,0,1
2025-11-25T17:19:06.034678Z,mmtc,uesimtun2,279749,4242,342096,5763,0.918,0,1
2025-11-25T17:19:06.284120Z,embb,uesimtun0,282716,4251,350904,5973,1.271,0,1
2025-11-25T17:19:06.284120Z,urllc,uesimtun1,255039,4043,285372,4398,0.979,0,1
2025-11-25T17:19:06.284120Z,mmtc,uesimtun2,279914,4245,342340,5768,1.107,0,1
2025-11-25T17:19:06.534470Z,embb,uesimtun0,282881,4254,351148,5978,1.351,0,1
2025-11-25T17:19:06.534470Z,urllc,uesimtun1,255179,4046,285536,4401,1.015,0,1
2025-11-25T17:19:06.534470Z,mmtc,uesimtun2,280079,4248,342584,5773,0.863,0,1
2025-11-25T17:19:06.784675Z,embb,uesimtun0,283046,4257,351392,5983,1.392,0,1
2025-11-25T17:19:06.784675Z,urllc,uesimtun1,255319,4049,285700,4404,0.996,0,1
2025-11-25T17:19:06.784675Z,mmtc,uesimtun2,280244,4251,342828,5778,0.947,0,1
2025-11-25T17:19:07.034210Z,embb,uesimtun0,283211,4260,351636,5988,1.340,0,1
2025-11-25T17:19:07.034210Z,urllc,uesimtun1,255459,4052,285864,4407,3.882,0,1
2025-11-25T17:19:07.034210Z,mmtc,uesimtun2,280409,4254,343072,5783,1.535,0,1
2025-11-25T17:19:07.284505Z,embb,uesimtun0,283376,4263,351880,5993,1.301,0,1
2025-11-25T17:19:07.284505Z,urllc,uesimtun1,255599,4055,286028,4410,0.964,0,1
2025-11-25T17:19:07.284505Z,mmtc,uesimtun2,280574,4257,343316,5788,1.175,0,1
2025-11-25T17:19:07.534524Z,embb,uesimtun0,283541,4266,352124,5998,1.243,0,1
2025-11-25T17:19:07.534524Z,urllc,uesimtun1,255739,4058,286192,4413,1.016,0,1
2025-11-25T17:19:07.534524Z,mmtc,uesimtun2,280739,4260,343560,5793,0.942,0,1
2025-11-25T17:19:07.784430Z,embb,uesimtun0,283706,4269,352368,6003,1.417,0,1
2025-11-25T17:19:07.784430Z,urllc,uesimtun1,255879,4061,286356,4416,1.140,0,1
2025-11-25T17:19:07.784430Z,mmtc,uesimtun2,280904,4263,343804,5798,1.242,0,1
2025-11-25T17:19:08.034548Z,embb,uesimtun0,283871,4272,352612,6008,1.438,0,1
2025-11-25T17:19:08.034548Z,urllc,uesimtun1,256019,4064,286520,4419,1.308,0,1
2025-11-25T17:19:08.034548Z,mmtc,uesimtun2,281069,4266,344048,5803,1.059,0,1
2025-11-25T17:19:08.284085Z,embb,uesimtun0,284036,4275,352856,6013,1.365,0,1
2025-11-25T17:19:08.284085Z,urllc,uesimtun1,256159,4067,286684,4422,1.115,0,1
2025-11-25T17:19:08.284085Z,mmtc,uesimtun2,281234,4269,344292,5808,1.202,0,1
2025-11-25T17:19:08.534826Z,embb,uesimtun0,284201,4278,353100,6018,1.261,0,1
2025-11-25T17:19:08.534826Z,urllc,uesimtun1,256299,4070,286848,4425,1.024,0,1
2025-11-25T17:19:08.534826Z,mmtc,uesimtun2,281399,4272,344536,5813,1.044,0,1
2025-11-25T17:19:08.784762Z,embb,uesimtun0,284366,4281,353344,6023,1.203,0,1
2025-11-25T17:19:08.784762Z,urllc,uesimtun1,256439,4073,287012,4428,1.059,0,1
2025-11-25T17:19:08.784762Z,mmtc,uesimtun2,281564,4275,344780,5818,1.079,0,1
2025-11-25T17:19:09.034999Z,embb,uesimtun0,284531,4284,353588,6028,1.330,0,1
2025-11-25T17:19:09.034999Z,urllc,uesimtun1,256579,4076,287176,4431,1.009,0,1
2025-11-25T17:19:09.034999Z,mmtc,uesimtun2,281729,4278,345024,5823,1.007,0,1
2025-11-25T17:19:09.284042Z,embb,uesimtun0,284696,4287,353832,6033,1.232,0,1
2025-11-25T17:19:09.284042Z,urllc,uesimtun1,256719,4079,287340,4434,1.096,0,1
2025-11-25T17:19:09.284042Z,mmtc,uesimtun2,281894,4281,345268,5828,1.027,0,1
2025-11-25T17:19:09.534059Z,embb,uesimtun0,284861,4290,354076,6038,5.213,0,1
2025-11-25T17:19:09.534059Z,urllc,uesimtun1,256859,4082,287504,4437,1.252,0,1
2025-11-25T17:19:09.534059Z,mmtc,uesimtun2,282059,4284,345512,5833,1.073,0,1
2025-11-25T17:19:09.784232Z,embb,uesimtun0,285026,4293,354320,6043,1.308,0,1
2025-11-25T17:19:09.784232Z,urllc,uesimtun1,257024,4085,287748,4442,,1,1
2025-11-25T17:19:09.784232Z,mmtc,uesimtun2,282224,4287,345756,5838,0.990,0,1
2025-11-25T17:19:10.034519Z,embb,uesimtun0,285191,4296,354564,6048,1.333,0,1
2025-11-25T17:19:10.034519Z,urllc,uesimtun1,257064,4086,287808,4443,1.055,0,1
2025-11-25T17:19:10.034519Z,mmtc,uesimtun2,282389,4290,346000,5843,1.198,0,1
2025-11-25T17:19:10.284399Z,embb,uesimtun0,285356,4299,354808,6053,1.400,0,1
2025-11-25T17:19:10.284399Z,urllc,uesimtun1,257204,4089,287972,4446,1.071,0,1
2025-11-25T17:19:10.284399Z,mmtc,uesimtun2,282554,4293,346244,5848,0.962,0,1
2025-11-25T17:19:10.534776Z,embb,uesimtun0,285521,4302,355052,6058,1.245,0,1
2025-11-25T17:19:10.534776Z,urllc,uesimtun1,257344,4092,288136,4449,,1,1
2025-11-25T17:19:10.534776Z,mmtc,uesimtun2,282719,4296,346488,5853,0.990,0,1
2025-11-25T17:19:10.784117Z,embb,uesimtun0,285686,4305,355296,6063,1.297,0,1
2025-11-25T17:19:10.784117Z,urllc,uesimtun1,257384,4093,288196,4450,1.105,0,1
2025-11-25T17:19:10.784117Z,mmtc,uesimtun2,282884,4299,346732,5858,1.097,0,1
2025-11-25T17:19:11.033781Z,embb,uesimtun0,285851,4308,355540,6068,1.379,0,1
2025-11-25T17:19:11.033781Z,urllc,uesimtun1,257524,4096,288360,4453,1.107,0,1
2025-11-25T17:19:11.033781Z,mmtc,uesimtun2,283049,4302,346976,5863,1.079,0,1
2025-11-25T17:19:11.284074Z,embb,uesimtun0,286016,4311,355784,6073,1.245,0,1
2025-11-25T17:19:11.284074Z,urllc,uesimtun1,257664,4099,288524,4456,1.084,0,1
2025-11-25T17:19:11.284074Z,mmtc,uesimtun2,283214,4305,347220,5868,1.089,0,1
2025-11-25T17:19:11.533983Z,embb,uesimtun0,286181,4314,356028,6078,1.554,0,1
2025-11-25T17:19:11.533983Z,urllc,uesimtun1,257804,4102,288688,4459,1.020,0,1
2025-11-25T17:19:11.533983Z,mmtc,uesimtun2,283379,4308,347464,5873,0.925,0,1
2025-11-25T17:19:11.784182Z,embb,uesimtun0,286346,4317,356272,6083,1.299,0,1
2025-11-25T17:19:11.784182Z,urllc,uesimtun1,257944,4105,288852,4462,1.005,0,1
2025-11-25T17:19:11.784182Z,mmtc,uesimtun2,283544,4311,347708,5878,1.161,0,1
2025-11-25T17:19:12.034721Z,embb,uesimtun0,286511,4320,356516,6088,1.110,0,1
2025-11-25T17:19:12.034721Z,urllc,uesimtun1,258084,4108,289016,4465,1.317,0,1
2025-11-25T17:19:12.034721Z,mmtc,uesimtun2,283709,4314,347952,5883,0.969,0,1
2025-11-25T17:19:12.284359Z,embb,uesimtun0,286676,4323,356760,6093,1.370,0,1
2025-11-25T17:19:12.284359Z,urllc,uesimtun1,258224,4111,289180,4468,1.033,0,1
2025-11-25T17:19:12.284359Z,mmtc,uesimtun2,283874,4317,348196,5888,1.199,0,1
2025-11-25T17:19:12.534272Z,embb,uesimtun0,286841,4326,357004,6098,1.268,0,1
2025-11-25T17:19:12.534272Z,urllc,uesimtun1,258389,4114,289424,4473,1.147,0,1
2025-11-25T17:19:12.534272Z,mmtc,uesimtun2,284039,4320,348440,5893,,1,1
2025-11-25T17:19:12.784060Z,embb,uesimtun0,287006,4329,357248,6103,1.236,0,1
2025-11-25T17:19:12.784060Z,urllc,uesimtun1,258554,4117,289668,4478,0.910,0,1
2025-11-25T17:19:12.784060Z,mmtc,uesimtun2,284079,4321,348500,5894,2.225,0,1
2025-11-25T17:19:13.034960Z,embb,uesimtun0,287171,4332,357492,6108,1.192,0,1
2025-11-25T17:19:13.034960Z,urllc,uesimtun1,258694,4120,289832,4481,0.936,0,1
2025-11-25T17:19:13.034960Z,mmtc,uesimtun2,284244,4324,348744,5899,0.968,0,1
2025-11-25T17:19:13.284161Z,embb,uesimtun0,287336,4335,357736,6113,1.249,0,1
2025-11-25T17:19:13.284161Z,urllc,uesimtun1,258834,4123,289996,4484,,1,1
2025-11-25T17:19:13.284161Z,mmtc,uesimtun2,284409,4327,348988,5904,0.908,0,1
2025-11-25T17:19:13.534801Z,embb,uesimtun0,287501,4338,357980,6118,1.250,0,1
2025-11-25T17:19:13.534801Z,urllc,uesimtun1,258874,4124,290056,4485,1.247,0,1
2025-11-25T17:19:13.534801Z,mmtc,uesimtun2,284574,4330,349232,5909,0.995,0,1
2025-11-25T17:19:13.784514Z,embb,uesimtun0,287666,4341,358224,6123,1.275,0,1
2025-11-25T17:19:13.784514Z,urllc,uesimtun1,259039,4127,290300,4490,0.989,0,1
2025-11-25T17:19:13.784514Z,mmtc,uesimtun2,284714,4333,349396,5912,1.224,0,1
2025-11-25T17:19:14.034290Z,embb,uesimtun0,287831,4344,358468,6128,1.354,0,1
2025-11-25T17:19:14.034290Z,urllc,uesimtun1,259179,4130,290464,4493,1.038,0,1
2025-11-25T17:19:14.034290Z,mmtc,uesimtun2,284879,4336,349640,5917,1.116,0,1
2025-11-25T17:19:14.284536Z,embb,uesimtun0,287996,4347,358712,6133,1.297,0,1
2025-11-25T17:19:14.284536Z,urllc,uesimtun1,259319,4133,290628,4496,0.951,0,1
2025-11-25T17:19:14.284536Z,mmtc,uesimtun2,285044,4339,349884,5922,0.962,0,1
2025-11-25T17:19:14.534423Z,embb,uesimtun0,288161,4350,358956,6138,1.256,0,1
2025-11-25T17:19:14.534423Z,urllc,uesimtun1,259459,4136,290792,4499,0.931,0,1
2025-11-25T17:19:14.534423Z,mmtc,uesimtun2,285209,4342,350128,5927,0.922,0,1
2025-11-25T17:19:14.784318Z,embb,uesimtun0,288326,4353,359200,6143,1.261,0,1
2025-11-25T17:19:14.784318Z,urllc,uesimtun1,259599,4139,290956,4502,0.919,0,1
2025-11-25T17:19:14.784318Z,mmtc,uesimtun2,285374,4345,350372,5932,1.026,0,1
2025-11-25T17:19:15.034960Z,embb,uesimtun0,288491,4356,359444,6148,1.293,0,1
2025-11-25T17:19:15.034960Z,urllc,uesimtun1,259739,4142,291120,4505,1.126,0,1
2025-11-25T17:19:15.034960Z,mmtc,uesimtun2,285539,4348,350616,5937,1.059,0,1
2025-11-25T17:19:15.284335Z,embb,uesimtun0,288656,4359,359688,6153,1.378,0,1
2025-11-25T17:19:15.284335Z,urllc,uesimtun1,259879,4145,291284,4508,0.916,0,1
2025-11-25T17:19:15.284335Z,mmtc,uesimtun2,285704,4351,350860,5942,0.940,0,1
2025-11-25T17:19:15.534917Z,embb,uesimtun0,288821,4362,359932,6158,1.255,0,1
2025-11-25T17:19:15.534917Z,urllc,uesimtun1,260019,4148,291448,4511,1.015,0,1
2025-11-25T17:19:15.534917Z,mmtc,uesimtun2,285869,4354,351104,5947,1.022,0,1
2025-11-25T17:19:15.784106Z,embb,uesimtun0,288986,4365,360176,6163,1.292,0,1
2025-11-25T17:19:15.784106Z,urllc,uesimtun1,260159,4151,291612,4514,0.934,0,1
2025-11-25T17:19:15.784106Z,mmtc,uesimtun2,286034,4357,351348,5952,1.014,0,1
2025-11-25T17:19:16.034166Z,embb,uesimtun0,289151,4368,360420,6168,1.325,0,1
2025-11-25T17:19:16.034166Z,urllc,uesimtun1,260299,4154,291776,4517,1.006,0,1
2025-11-25T17:19:16.034166Z,mmtc,uesimtun2,286251,4361,351592,5957,1.063,0,1
2025-11-25T17:19:16.284189Z,embb,uesimtun0,289316,4371,360664,6173,1.282,0,1
2025-11-25T17:19:16.284189Z,urllc,uesimtun1,260439,4157,291940,4520,0.907,0,1
2025-11-25T17:19:16.284189Z,mmtc,uesimtun2,286416,4364,351836,5962,1.123,0,1
2025-11-25T17:19:16.534308Z,embb,uesimtun0,289481,4374,360908,6178,1.269,0,1
2025-11-25T17:19:16.534308Z,urllc,uesimtun1,260579,4160,292104,4523,0.979,0,1
2025-11-25T17:19:16.534308Z,mmtc,uesimtun2,286581,4367,352080,5967,1.096,0,1
2025-11-25T17:19:16.784146Z,embb,uesimtun0,289646,4377,361152,6183,1.325,0,1
2025-11-25T17:19:16.784146Z,urllc,uesimtun1,260719,4163,292268,4526,1.067,0,1
2025-11-25T17:19:16.784146Z,mmtc,uesimtun2,286746,4370,352324,5972,1.053,0,1
2025-11-25T17:19:17.034335Z,embb,uesimtun0,289811,4380,361396,6188,1.276,0,1
2025-11-25T17:19:17.034335Z,urllc,uesimtun1,260859,4166,292432,4529,0.986,0,1
2025-11-25T17:19:17.034335Z,mmtc,uesimtun2,286911,4373,352568,5977,1.017,0,1
2025-11-25T17:19:17.284483Z,embb,uesimtun0,289976,4383,361640,6193,1.293,0,1
2025-11-25T17:19:17.284483Z,urllc,uesimtun1,260999,4169,292596,4532,,1,1
2025-11-25T17:19:17.284483Z,mmtc,uesimtun2,287076,4376,352812,5982,0.963,0,1
2025-11-25T17:19:17.534733Z,embb,uesimtun0,290141,4386,361884,6198,1.324,0,1
2025-11-25T17:19:17.534733Z,urllc,uesimtun1,261039,4170,292656,4533,1.088,0,1
2025-11-25T17:19:17.534733Z,mmtc,uesimtun2,287241,4379,353056,5987,1.093,0,1
2025-11-25T17:19:17.899124Z,embb,uesimtun0,290306,4389,362128,6203,39.069,0,1
2025-11-25T17:19:17.899124Z,urllc,uesimtun1,261179,4173,292820,4536,1.005,0,1
2025-11-25T17:19:17.899124Z,mmtc,uesimtun2,287406,4382,353300,5992,1.003,0,1
2025-11-25T17:19:18.034312Z,embb,uesimtun0,290471,4392,362372,6208,1.215,0,1
2025-11-25T17:19:18.034312Z,urllc,uesimtun1,261319,4176,292984,4539,1.064,0,1
2025-11-25T17:19:18.034312Z,mmtc,uesimtun2,287571,4385,353544,5997,1.187,0,1
2025-11-25T17:19:18.283864Z,embb,uesimtun0,290636,4395,362616,6213,1.235,0,1
2025-11-25T17:19:18.283864Z,urllc,uesimtun1,261459,4179,293148,4542,,1,1
2025-11-25T17:19:18.283864Z,mmtc,uesimtun2,287736,4388,353788,6002,1.090,0,1
2025-11-25T17:19:18.534293Z,embb,uesimtun0,290801,4398,362860,6218,1.283,0,1
2025-11-25T17:19:18.534293Z,urllc,uesimtun1,261499,4180,293208,4543,1.105,0,1
2025-11-25T17:19:18.534293Z,mmtc,uesimtun2,287901,4391,354032,6007,1.057,0,1
2025-11-25T17:19:18.784096Z,embb,uesimtun0,290966,4401,363104,6223,1.303,0,1
2025-11-25T17:19:18.784096Z,urllc,uesimtun1,261639,4183,293372,4546,1.071,0,1
2025-11-25T17:19:18.784096Z,mmtc,uesimtun2,288066,4394,354276,6012,0.958,0,1
2025-11-25T17:19:19.034454Z,embb,uesimtun0,291131,4404,363348,6228,1.285,0,1
2025-11-25T17:19:19.034454Z,urllc,uesimtun1,261804,4186,293616,4551,1.199,0,1
2025-11-25T17:19:19.034454Z,mmtc,uesimtun2,288206,4397,354440,6015,,1,1
2025-11-25T17:19:19.283939Z,embb,uesimtun0,291296,4407,363592,6233,1.253,0,1
2025-11-25T17:19:19.283939Z,urllc,uesimtun1,261969,4189,293860,4556,,1,1
2025-11-25T17:19:19.283939Z,mmtc,uesimtun2,288246,4398,354500,6016,1.006,0,1
2025-11-25T17:19:19.534604Z,embb,uesimtun0,291461,4410,363836,6238,1.280,0,1
2025-11-25T17:19:19.534604Z,urllc,uesimtun1,262009,4190,293920,4557,1.207,0,1
2025-11-25T17:19:19.534604Z,mmtc,uesimtun2,288411,4401,354744,6021,1.037,0,1
2025-11-25T17:19:19.784063Z,embb,uesimtun0,291626,4413,364080,6243,1.245,0,1
2025-11-25T17:19:19.784063Z,urllc,uesimtun1,262149,4193,294084,4560,0.944,0,1
2025-11-25T17:19:19.784063Z,mmtc,uesimtun2,288576,4404,354988,6026,0.972,0,1
2025-11-25T17:19:20.034767Z,embb,uesimtun0,291791,4416,364324,6248,1.307,0,1
2025-11-25T17:19:20.034767Z,urllc,uesimtun1,262289,4196,294248,4563,1.042,0,1
2025-11-25T17:19:20.034767Z,mmtc,uesimtun2,288741,4407,355232,6031,0.985,0,1
2025-11-25T17:19:20.284781Z,embb,uesimtun0,291956,4419,364568,6253,1.251,0,1
2025-11-25T17:19:20.284781Z,urllc,uesimtun1,262429,4199,294412,4566,0.909,0,1
2025-11-25T17:19:20.284781Z,mmtc,uesimtun2,288906,4410,355476,6036,0.948,0,1
2025-11-25T17:19:20.534659Z,embb,uesimtun0,292121,4422,364812,6258,1.258,0,1
2025-11-25T17:19:20.534659Z,urllc,uesimtun1,262569,4202,294576,4569,0.959,0,1
2025-11-25T17:19:20.534659Z,mmtc,uesimtun2,289071,4413,355720,6041,0.938,0,1
2025-11-25T17:19:20.784047Z,embb,uesimtun0,292286,4425,365056,6263,1.323,0,1
2025-11-25T17:19:20.784047Z,urllc,uesimtun1,262734,4205,294820,4574,0.871,0,1
2025-11-25T17:19:20.784047Z,mmtc,uesimtun2,289211,4416,355884,6044,1.074,0,1
2025-11-25T17:19:21.034338Z,embb,uesimtun0,292451,4428,365300,6268,1.258,0,1
2025-11-25T17:19:21.034338Z,urllc,uesimtun1,262874,4208,294984,4577,0.896,0,1
2025-11-25T17:19:21.034338Z,mmtc,uesimtun2,289376,4419,356128,6049,0.911,0,1
2025-11-25T17:19:21.284906Z,embb,uesimtun0,292616,4431,365544,6273,1.291,0,1
2025-11-25T17:19:21.284906Z,urllc,uesimtun1,263014,4211,295148,4580,0.947,0,1
2025-11-25T17:19:21.284906Z,mmtc,uesimtun2,289541,4422,356372,6054,1.186,0,1
2025-11-25T17:19:21.534705Z,embb,uesimtun0,292781,4434,365788,6278,1.433,0,1
2025-11-25T17:19:21.534705Z,urllc,uesimtun1,263154,4214,295312,4583,0.961,0,1
2025-11-25T17:19:21.534705Z,mmtc,uesimtun2,289706,4425,356616,6059,0.959,0,1
2025-11-25T17:19:21.784202Z,embb,uesimtun0,292946,4437,366032,6283,1.220,0,1
2025-11-25T17:19:21.784202Z,urllc,uesimtun1,263294,4217,295476,4586,,1,1
2025-11-25T17:19:21.784202Z,mmtc,uesimtun2,289871,4428,356860,6064,1.050,0,1
2025-11-25T17:19:22.034154Z,embb,uesimtun0,293111,4440,366276,6288,1.160,0,1
2025-11-25T17:19:22.034154Z,urllc,uesimtun1,263334,4218,295536,4587,1.030,0,1
2025-11-25T17:19:22.034154Z,mmtc,uesimtun2,290036,4431,357104,6069,0.961,0,1
2025-11-25T17:19:22.284082Z,embb,uesimtun0,293276,4443,366520,6293,1.388,0,1
2025-11-25T17:19:22.284082Z,urllc,uesimtun1,263474,4221,295700,4590,0.929,0,1
2025-11-25T17:19:22.284082Z,mmtc,uesimtun2,290201,4434,357348,6074,0.947,0,1
2025-11-25T17:19:22.534480Z,embb,uesimtun0,293441,4446,366764,6298,1.264,0,1
2025-11-25T17:19:22.534480Z,urllc,uesimtun1,263614,4224,295864,4593,,1,1
2025-11-25T17:19:22.534480Z,mmtc,uesimtun2,290366,4437,357592,6079,1.076,0,1
2025-11-25T17:19:22.784312Z,embb,uesimtun0,293606,4449,367008,6303,1.348,0,1
2025-11-25T17:19:22.784312Z,urllc,uesimtun1,263654,4225,295924,4594,1.037,0,1
2025-11-25T17:19:22.784312Z,mmtc,uesimtun2,290583,4441,357836,6084,1.088,0,1
2025-11-25T17:19:23.034599Z,embb,uesimtun0,293771,4452,367252,6308,1.266,0,1
2025-11-25T17:19:23.034599Z,urllc,uesimtun1,263794,4228,296088,4597,,1,1
2025-11-25T17:19:23.034599Z,mmtc,uesimtun2,290748,4444,358080,6089,0.950,0,1
2025-11-25T17:19:23.284767Z,embb,uesimtun0,293936,4455,367496,6313,1.292,0,1
2025-11-25T17:19:23.284767Z,urllc,uesimtun1,263834,4229,296148,4598,,1,1
2025-11-25T17:19:23.284767Z,mmtc,uesimtun2,290913,4447,358324,6094,1.124,0,1
2025-11-25T17:19:23.534246Z,embb,uesimtun0,294101,4458,367740,6318,1.354,0,1
2025-11-25T17:19:23.534246Z,urllc,uesimtun1,263874,4230,296208,4599,1.019,0,1
2025-11-25T17:19:23.534246Z,mmtc,uesimtun2,291078,4450,358568,6099,1.019,0,1
2025-11-25T17:19:23.784745Z,embb,uesimtun0,294266,4461,367984,6323,1.250,0,1
2025-11-25T17:19:23.784745Z,urllc,uesimtun1,264014,4233,296372,4602,1.140,0,1
2025-11-25T17:19:23.784745Z,mmtc,uesimtun2,291243,4453,358812,6104,0.818,0,1
2025-11-25T17:19:24.035000Z,embb,uesimtun0,294431,4464,368228,6328,1.278,0,1
2025-11-25T17:19:24.035000Z,urllc,uesimtun1,264154,4236,296536,4605,1.074,0,1
2025-11-25T17:19:24.035000Z,mmtc,uesimtun2,291408,4456,359056,6109,1.034,0,1
2025-11-25T17:19:24.284628Z,embb,uesimtun0,294596,4467,368472,6333,1.342,0,1
2025-11-25T17:19:24.284628Z,urllc,uesimtun1,264294,4239,296700,4608,1.004,0,1
2025-11-25T17:19:24.284628Z,mmtc,uesimtun2,291573,4459,359300,6114,1.068,0,1
2025-11-25T17:19:24.534381Z,embb,uesimtun0,294761,4470,368716,6338,2.265,0,1
2025-11-25T17:19:24.534381Z,urllc,uesimtun1,264459,4242,296944,4613,0.971,0,1
2025-11-25T17:19:24.534381Z,mmtc,uesimtun2,291713,4462,359464,6117,1.102,0,1
2025-11-25T17:19:24.784083Z,embb,uesimtun0,294926,4473,368960,6343,1.268,0,1
2025-11-25T17:19:24.784083Z,urllc,uesimtun1,264599,4245,297108,4616,0.940,0,1
2025-11-25T17:19:24.784083Z,mmtc,uesimtun2,291878,4465,359708,6122,0.859,0,1
2025-11-25T17:19:25.034927Z,embb,uesimtun0,295091,4476,369204,6348,1.292,0,1
2025-11-25T17:19:25.034927Z,urllc,uesimtun1,264739,4248,297272,4619,1.065,0,1
2025-11-25T17:19:25.034927Z,mmtc,uesimtun2,292043,4468,359952,6127,1.074,0,1
2025-11-25T17:19:25.284126Z,embb,uesimtun0,295256,4479,369448,6353,1.291,0,1
2025-11-25T17:19:25.284126Z,urllc,uesimtun1,264879,4251,297436,4622,1.015,0,1
2025-11-25T17:19:25.284126Z,mmtc,uesimtun2,292208,4471,360196,6132,1.002,0,1
2025-11-25T17:19:25.534963Z,embb,uesimtun0,295421,4482,369692,6358,1.271,0,1
2025-11-25T17:19:25.534963Z,urllc,uesimtun1,265019,4254,297600,4625,1.039,0,1
2025-11-25T17:19:25.534963Z,mmtc,uesimtun2,292373,4474,360440,6137,0.974,0,1
2025-11-25T17:19:25.784647Z,embb,uesimtun0,295586,4485,369936,6363,1.301,0,1
2025-11-25T17:19:25.784647Z,urllc,uesimtun1,265159,4257,297764,4628,1.025,0,1
2025-11-25T17:19:25.784647Z,mmtc,uesimtun2,292538,4477,360684,6142,1.056,0,1
2025-11-25T17:19:26.034546Z,embb,uesimtun0,295751,4488,370180,6368,1.285,0,1
2025-11-25T17:19:26.034546Z,urllc,uesimtun1,265299,4260,297928,4631,1.071,0,1
2025-11-25T17:19:26.034546Z,mmtc,uesimtun2,292703,4480,360928,6147,1.090,0,1
2025-11-25T17:19:26.284717Z,embb,uesimtun0,295916,4491,370424,6373,1.233,0,1
2025-11-25T17:19:26.284717Z,urllc,uesimtun1,265464,4263,298172,4636,0.993,0,1
2025-11-25T17:19:26.284717Z,mmtc,uesimtun2,292868,4483,361172,6152,0.889,0,1
2025-11-25T17:19:26.534700Z,embb,uesimtun0,296081,4494,370668,6378,1.279,0,1
2025-11-25T17:19:26.534700Z,urllc,uesimtun1,265604,4266,298336,4639,0.961,0,1
2025-11-25T17:19:26.534700Z,mmtc,uesimtun2,293033,4486,361416,6157,0.994,0,1
2025-11-25T17:19:26.784279Z,embb,uesimtun0,296246,4497,370912,6383,1.392,0,1
2025-11-25T17:19:26.784279Z,urllc,uesimtun1,265769,4269,298580,4644,,1,1
2025-11-25T17:19:26.784279Z,mmtc,uesimtun2,293173,4489,361580,6160,0.989,0,1
2025-11-25T17:19:27.034643Z,embb,uesimtun0,296411,4500,371156,6388,1.317,0,1
2025-11-25T17:19:27.034643Z,urllc,uesimtun1,265809,4270,298640,4645,1.081,0,1
2025-11-25T17:19:27.034643Z,mmtc,uesimtun2,293338,4492,361824,6165,1.017,0,1
2025-11-25T17:19:27.284035Z,embb,uesimtun0,296576,4503,371400,6393,1.331,0,1
2025-11-25T17:19:27.284035Z,urllc,uesimtun1,265974,4273,298884,4650,1.078,0,1
2025-11-25T17:19:27.284035Z,mmtc,uesimtun2,293478,4495,361988,6168,1.014,0,1
2025-11-25T17:19:27.534840Z,embb,uesimtun0,296741,4506,371644,6398,1.255,0,1
2025-11-25T17:19:27.534840Z,urllc,uesimtun1,266114,4276,299048,4653,1.047,0,1
2025-11-25T17:19:27.534840Z,mmtc,uesimtun2,293643,4498,362232,6173,0.908,0,1
2025-11-25T17:19:27.784156Z,embb,uesimtun0,296906,4509,371888,6403,1.320,0,1
2025-11-25T17:19:27.784156Z,urllc,uesimtun1,266254,4279,299212,4656,,1,1
2025-11-25T17:19:27.784156Z,mmtc,uesimtun2,293860,4502,362476,6178,1.003,0,1
2025-11-25T17:19:28.034362Z,embb,uesimtun0,297071,4512,372132,6408,1.329,0,1
2025-11-25T17:19:28.034362Z,urllc,uesimtun1,266294,4280,299272,4657,1.011,0,1
2025-11-25T17:19:28.034362Z,mmtc,uesimtun2,294025,4505,362720,6183,0.997,0,1
2025-11-25T17:19:28.284991Z,embb,uesimtun0,297236,4515,372376,6413,1.340,0,1
2025-11-25T17:19:28.284991Z,urllc,uesimtun1,266434,4283,299436,4660,1.131,0,1
2025-11-25T17:19:28.284991Z,mmtc,uesimtun2,294190,4508,362964,6188,1.029,0,1
2025-11-25T17:19:28.534682Z,embb,uesimtun0,297453,4519,372620,6418,1.270,0,1
2025-11-25T17:19:28.534682Z,urllc,uesimtun1,266574,4286,299600,4663,1.049,0,1
2025-11-25T17:19:28.534682Z,mmtc,uesimtun2,294355,4511,363208,6193,1.043,0,1
2025-11-25T17:19:28.784269Z,embb,uesimtun0,297618,4522,372864,6423,1.272,0,1
2025-11-25T17:19:28.784269Z,urllc,uesimtun1,266714,4289,299764,4666,0.955,0,1
2025-11-25T17:19:28.784269Z,mmtc,uesimtun2,294520,4514,363452,6198,1.125,0,1
2025-11-25T17:19:29.034367Z,embb,uesimtun0,297783,4525,373108,6428,1.135,0,1
2025-11-25T17:19:29.034367Z,urllc,uesimtun1,266854,4292,299928,4669,1.145,0,1
2025-11-25T17:19:29.034367Z,mmtc,uesimtun2,294685,4517,363696,6203,0.976,0,1
2025-11-25T17:19:29.284403Z,embb,uesimtun0,297948,4528,373352,6433,1.351,0,1
2025-11-25T17:19:29.284403Z,urllc,uesimtun1,266994,4295,300092,4672,,1,1
2025-11-25T17:19:29.284403Z,mmtc,uesimtun2,294902,4521,363940,6208,0.930,0,1
2025-11-25T17:19:29.534503Z,embb,uesimtun0,298113,4531,373596,6438,1.241,0,1
2025-11-25T17:19:29.534503Z,urllc,uesimtun1,267034,4296,300152,4673,1.020,0,1
2025-11-25T17:19:29.534503Z,mmtc,uesimtun2,295067,4524,364184,6213,0.945,0,1
2025-11-25T17:19:29.784163Z,embb,uesimtun0,298278,4534,373840,6443,1.296,0,1
2025-11-25T17:19:29.784163Z,urllc,uesimtun1,267174,4299,300316,4676,,1,1
2025-11-25T17:19:29.784163Z,mmtc,uesimtun2,295284,4528,364428,6218,1.014,0,1
2025-11-25T17:19:30.034296Z,embb,uesimtun0,298443,4537,374084,6448,1.226,0,1
2025-11-25T17:19:30.034296Z,urllc,uesimtun1,267214,4300,300376,4677,1.026,0,1
2025-11-25T17:19:30.034296Z,mmtc,uesimtun2,295449,4531,364672,6223,0.879,0,1
2025-11-25T17:19:30.284842Z,embb,uesimtun0,298608,4540,374328,6453,1.182,0,1
2025-11-25T17:19:30.284842Z,urllc,uesimtun1,267354,4303,300540,4680,1.023,0,1
2025-11-25T17:19:30.284842Z,mmtc,uesimtun2,295614,4534,364916,6228,0.847,0,1
2025-11-25T17:19:30.534657Z,embb,uesimtun0,298773,4543,374572,6458,1.261,0,1
2025-11-25T17:19:30.534657Z,urllc,uesimtun1,267519,4306,300784,4685,0.953,0,1
2025-11-25T17:19:30.534657Z,mmtc,uesimtun2,295754,4537,365080,6231,0.940,0,1
2025-11-25T17:19:30.784074Z,embb,uesimtun0,298938,4546,374816,6463,1.297,0,1
2025-11-25T17:19:30.784074Z,urllc,uesimtun1,267659,4309,300948,4688,0.870,0,1
2025-11-25T17:19:30.784074Z,mmtc,uesimtun2,295919,4540,365324,6236,0.890,0,1
2025-11-25T17:19:31.034825Z,embb,uesimtun0,299103,4549,375060,6468,1.209,0,1
2025-11-25T17:19:31.034825Z,urllc,uesimtun1,267799,4312,301112,4691,1.012,0,1
2025-11-25T17:19:31.034825Z,mmtc,uesimtun2,296084,4543,365568,6241,0.935,0,1
2025-11-25T17:19:31.284094Z,embb,uesimtun0,299268,4552,375304,6473,1.304,0,1
2025-11-25T17:19:31.284094Z,urllc,uesimtun1,267964,4315,301356,4696,1.104,0,1
2025-11-25T17:19:31.284094Z,mmtc,uesimtun2,296249,4546,365812,6246,0.992,0,1
2025-11-25T17:19:31.534938Z,embb,uesimtun0,299433,4555,375548,6478,1.276,0,1
2025-11-25T17:19:31.534938Z,urllc,uesimtun1,268104,4318,301520,4699,0.927,0,1
2025-11-25T17:19:31.534938Z,mmtc,uesimtun2,296414,4549,366056,6251,0.954,0,1
2025-11-25T17:19:31.784310Z,embb,uesimtun0,299598,4558,375792,6483,1.273,0,1
2025-11-25T17:19:31.784310Z,urllc,uesimtun1,268244,4321,301684,4702,,1,1
2025-11-25T17:19:31.784310Z,mmtc,uesimtun2,296579,4552,366300,6256,1.018,0,1
2025-11-25T17:19:32.034851Z,embb,uesimtun0,299763,4561,376036,6488,1.231,0,1
2025-11-25T17:19:32.034851Z,urllc,uesimtun1,268284,4322,301744,4703,1.050,0,1
2025-11-25T17:19:32.034851Z,mmtc,uesimtun2,296744,4555,366544,6261,0.907,0,1
2025-11-25T17:19:32.284661Z,embb,uesimtun0,299928,4564,376280,6493,1.280,0,1
2025-11-25T17:19:32.284661Z,urllc,uesimtun1,268424,4325,301908,4706,1.049,0,1
2025-11-25T17:19:32.284661Z,mmtc,uesimtun2,296909,4558,366788,6266,0.991,0,1
2025-11-25T17:19:32.535021Z,embb,uesimtun0,300093,4567,376524,6498,1.361,0,1
2025-11-25T17:19:32.535021Z,urllc,uesimtun1,268564,4328,302072,4709,,1,1
2025-11-25T17:19:32.535021Z,mmtc,uesimtun2,297074,4561,367032,6271,0.942,0,1
2025-11-25T17:19:32.784262Z,embb,uesimtun0,300258,4570,376768,6503,1.312,0,1
2025-11-25T17:19:32.784262Z,urllc,uesimtun1,268604,4329,302132,4710,,1,1
2025-11-25T17:19:32.784262Z,mmtc,uesimtun2,297239,4564,367276,6276,0.973,0,1
2025-11-25T17:19:33.034943Z,embb,uesimtun0,300423,4573,377012,6508,1.252,0,1
2025-11-25T17:19:33.034943Z,urllc,uesimtun1,268644,4330,302192,4711,0.965,0,1
2025-11-25T17:19:33.034943Z,mmtc,uesimtun2,297404,4567,367520,6281,1.068,0,1
2025-11-25T17:19:33.284675Z,embb,uesimtun0,300588,4576,377256,6513,1.273,0,1
2025-11-25T17:19:33.284675Z,urllc,uesimtun1,268784,4333,302356,4714,1.022,0,1
2025-11-25T17:19:33.284675Z,mmtc,uesimtun2,297569,4570,367764,6286,0.851,0,1
2025-11-25T17:19:33.534666Z,embb,uesimtun0,300753,4579,377500,6518,1.292,0,1
2025-11-25T17:19:33.534666Z,urllc,uesimtun1,268924,4336,302520,4717,1.026,0,1
2025-11-25T17:19:33.534666Z,mmtc,uesimtun2,297734,4573,368008,6291,,1,1
2025-11-25T17:19:33.784384Z,embb,uesimtun0,300918,4582,377744,6523,1.339,0,1
2025-11-25T17:19:33.784384Z,urllc,uesimtun1,269089,4339,302764,4722,2.199,0,1
2025-11-25T17:19:33.784384Z,mmtc,uesimtun2,297774,4574,368068,6292,,1,1
2025-11-25T17:19:34.034604Z,embb,uesimtun0,301083,4585,377988,6528,1.177,0,1
2025-11-25T17:19:34.034604Z,urllc,uesimtun1,269254,4342,303008,4727,1.054,0,1
2025-11-25T17:19:34.034604Z,mmtc,uesimtun2,297814,4575,368128,6293,0.967,0,1
2025-11-25T17:19:34.283866Z,embb,uesimtun0,301248,4588,378232,6533,1.316,0,1
2025-11-25T17:19:34.283866Z,urllc,uesimtun1,269394,4345,303172,4730,0.979,0,1
2025-11-25T17:19:34.283866Z,mmtc,uesimtun2,297979,4578,368372,6298,1.034,0,1
2025-11-25T17:19:34.534246Z,embb,uesimtun0,301413,4591,378476,6538,1.275,0,1
2025-11-25T17:19:34.534246Z,urllc,uesimtun1,269534,4348,303336,4733,1.021,0,1
2025-11-25T17:19:34.534246Z,mmtc,uesimtun2,298144,4581,368616,6303,0.875,0,1
2025-11-25T17:19:34.784129Z,embb,uesimtun0,301578,4594,378720,6543,1.276,0,1
2025-11-25T17:19:34.784129Z,urllc,uesimtun1,269674,4351,303500,4736,1.045,0,1
2025-11-25T17:19:34.784129Z,mmtc,uesimtun2,298309,4584,368860,6308,1.036,0,1
2025-11-25T17:19:35.034764Z,embb,uesimtun0,301743,4597,378964,6548,1.269,0,1
2025-11-25T17:19:35.034764Z,urllc,uesimtun1,269814,4354,303664,4739,1.111,0,1
2025-11-25T17:19:35.034764Z,mmtc,uesimtun2,298474,4587,369104,6313,1.018,0,1
2025-11-25T17:19:35.284198Z,embb,uesimtun0,301908,4600,379208,6553,1.391,0,1
2025-11-25T17:19:35.284198Z,urllc,uesimtun1,269954,4357,303828,4742,1.096,0,1
2025-11-25T17:19:35.284198Z,mmtc,uesimtun2,298639,4590,369348,6318,1.006,0,1
2025-11-25T17:19:35.534797Z,embb,uesimtun0,302073,4603,379452,6558,1.233,0,1
2025-11-25T17:19:35.534797Z,urllc,uesimtun1,270094,4360,303992,4745,0.993,0,1
2025-11-25T17:19:35.534797Z,mmtc,uesimtun2,298804,4593,369592,6323,1.029,0,1
2025-11-25T17:19:35.784114Z,embb,uesimtun0,302238,4606,379696,6563,1.245,0,1
2025-11-25T17:19:35.784114Z,urllc,uesimtun1,270234,4363,304156,4748,,1,1
2025-11-25T17:19:35.784114Z,mmtc,uesimtun2,298969,4596,369836,6328,1.010,0,1
2025-11-25T17:19:36.034696Z,embb,uesimtun0,302403,4609,379940,6568,1.330,0,1
2025-11-25T17:19:36.034696Z,urllc,uesimtun1,270274,4364,304216,4749,1.095,0,1
2025-11-25T17:19:36.034696Z,mmtc,uesimtun2,299134,4599,370080,6333,0.858,0,1
2025-11-25T17:19:36.284502Z,embb,uesimtun0,302568,4612,380184,6573,1.344,0,1
2025-11-25T17:19:36.284502Z,urllc,uesimtun1,270439,4367,304460,4754,,1,1
2025-11-25T17:19:36.284502Z,mmtc,uesimtun2,299274,4602,370244,6336,0.995,0,1
2025-11-25T17:19:36.534553Z,embb,uesimtun0,302733,4615,380428,6578,1.354,0,1
2025-11-25T17:19:36.534553Z,urllc,uesimtun1,270479,4368,304520,4755,1.044,0,1
2025-11-25T17:19:36.534553Z,mmtc,uesimtun2,299439,4605,370488,6341,1.003,0,1
2025-11-25T17:19:36.784882Z,embb,uesimtun0,302898,4618,380672,6583,1.347,0,1
2025-11-25T17:19:36.784882Z,urllc,uesimtun1,270619,4371,304684,4758,1.062,0,1
2025-11-25T17:19:36.784882Z,mmtc,uesimtun2,299604,4608,370732,6346,0.995,0,1
2025-11-25T17:19:37.034757Z,embb,uesimtun0,303063,4621,380916,6588,1.290,0,1
2025-11-25T17:19:37.034757Z,urllc,uesimtun1,270759,4374,304848,4761,1.002,0,1
2025-11-25T17:19:37.034757Z,mmtc,uesimtun2,299769,4611,370976,6351,0.985,0,1
2025-11-25T17:19:37.284817Z,embb,uesimtun0,303228,4624,381160,6593,1.261,0,1
2025-11-25T17:19:37.284817Z,urllc,uesimtun1,270899,4377,305012,4764,1.125,0,1
2025-11-25T17:19:37.284817Z,mmtc,uesimtun2,299934,4614,371220,6356,1.265,0,1
2025-11-25T17:19:37.534798Z,embb,uesimtun0,303393,4627,381404,6598,1.243,0,1
2025-11-25T17:19:37.534798Z,urllc,uesimtun1,271039,4380,305176,4767,0.966,0,1
2025-11-25T17:19:37.534798Z,mmtc,uesimtun2,300099,4617,371464,6361,1.070,0,1
2025-11-25T17:19:37.784192Z,embb,uesimtun0,303558,4630,381648,6603,1.304,0,1
2025-11-25T17:19:37.784192Z,urllc,uesimtun1,271179,4383,305340,4770,0.960,0,1
2025-11-25T17:19:37.784192Z,mmtc,uesimtun2,300264,4620,371708,6366,1.059,0,1
2025-11-25T17:19:38.034170Z,embb,uesimtun0,303723,4633,381892,6608,1.364,0,1
2025-11-25T17:19:38.034170Z,urllc,uesimtun1,271319,4386,305504,4773,1.087,0,1
2025-11-25T17:19:38.034170Z,mmtc,uesimtun2,300429,4623,371952,6371,1.043,0,1
2025-11-25T17:19:38.284081Z,embb,uesimtun0,303888,4636,382136,6613,1.294,0,1
2025-11-25T17:19:38.284081Z,urllc,uesimtun1,271459,4389,305668,4776,0.989,0,1
2025-11-25T17:19:38.284081Z,mmtc,uesimtun2,300594,4626,372196,6376,1.065,0,1
2025-11-25T17:19:38.535023Z,embb,uesimtun0,304053,4639,382380,6618,1.407,0,1
2025-11-25T17:19:38.535023Z,urllc,uesimtun1,271599,4392,305832,4779,0.998,0,1
2025-11-25T17:19:38.535023Z,mmtc,uesimtun2,300759,4629,372440,6381,1.088,0,1
2025-11-25T17:19:38.784194Z,embb,uesimtun0,304218,4642,382624,6623,1.333,0,1
2025-11-25T17:19:38.784194Z,urllc,uesimtun1,271739,4395,305996,4782,0.935,0,1
2025-11-25T17:19:38.784194Z,mmtc,uesimtun2,300924,4632,372684,6386,1.006,0,1
2025-11-25T17:19:39.034237Z,embb,uesimtun0,304383,4645,382868,6628,1.312,0,1
2025-11-25T17:19:39.034237Z,urllc,uesimtun1,271879,4398,306160,4785,1.004,0,1
2025-11-25T17:19:39.034237Z,mmtc,uesimtun2,301089,4635,372928,6391,1.053,0,1
2025-11-25T17:19:39.284790Z,embb,uesimtun0,304548,4648,383112,6633,1.349,0,1
2025-11-25T17:19:39.284790Z,urllc,uesimtun1,272019,4401,306324,4788,1.012,0,1
2025-11-25T17:19:39.284790Z,mmtc,uesimtun2,301254,4638,373172,6396,1.070,0,1
2025-11-25T17:19:39.534028Z,embb,uesimtun0,304713,4651,383356,6638,1.287,0,1
2025-11-25T17:19:39.534028Z,urllc,uesimtun1,272159,4404,306488,4791,0.945,0,1
2025-11-25T17:19:39.534028Z,mmtc,uesimtun2,301419,4641,373416,6401,1.054,0,1
2025-11-25T17:19:39.784951Z,embb,uesimtun0,304878,4654,383600,6643,1.364,0,1
2025-11-25T17:19:39.784951Z,urllc,uesimtun1,272299,4407,306652,4794,,1,1
2025-11-25T17:19:39.784951Z,mmtc,uesimtun2,301584,4644,373660,6406,1.006,0,1
2025-11-25T17:19:40.034114Z,embb,uesimtun0,305043,4657,383844,6648,1.296,0,1
2025-11-25T17:19:40.034114Z,urllc,uesimtun1,272339,4408,306712,4795,1.056,0,1
2025-11-25T17:19:40.034114Z,mmtc,uesimtun2,301749,4647,373904,6411,1.037,0,1
2025-11-25T17:19:40.284085Z,embb,uesimtun0,305208,4660,384088,6653,1.322,0,1
2025-11-25T17:19:40.284085Z,urllc,uesimtun1,272479,4411,306876,4798,1.035,0,1
2025-11-25T17:19:40.284085Z,mmtc,uesimtun2,301914,4650,374148,6416,1.026,0,1
2025-11-25T17:19:40.534640Z,embb,uesimtun0,305373,4663,384332,6658,1.300,0,1
2025-11-25T17:19:40.534640Z,urllc,uesimtun1,272619,4414,307040,4801,1.040,0,1
2025-11-25T17:19:40.534640Z,mmtc,uesimtun2,302079,4653,374392,6421,1.014,0,1
2025-11-25T17:19:40.784173Z,embb,uesimtun0,305538,4666,384576,6663,1.306,0,1
2025-11-25T17:19:40.784173Z,urllc,uesimtun1,272759,4417,307204,4804,0.984,0,1
2025-11-25T17:19:40.784173Z,mmtc,uesimtun2,302244,4656,374636,6426,1.016,0,1
2025-11-25T17:19:41.034730Z,embb,uesimtun0,305703,4669,384820,6668,1.225,0,1
2025-11-25T17:19:41.034730Z,urllc,uesimtun1,272899,4420,307368,4807,0.983,0,1
2025-11-25T17:19:41.034730Z,mmtc,uesimtun2,302409,4659,374880,6431,1.023,0,1
2025-11-25T17:19:41.284750Z,embb,uesimtun0,305868,4672,385064,6673,1.201,0,1
2025-11-25T17:19:41.284750Z,urllc,uesimtun1,273039,4423,307532,4810,1.083,0,1
2025-11-25T17:19:41.284750Z,mmtc,uesimtun2,302574,4662,375124,6436,0.968,0,1
2025-11-25T17:19:41.534612Z,embb,uesimtun0,306033,4675,385308,6678,1.266,0,1
2025-11-25T17:19:41.534612Z,urllc,uesimtun1,273179,4426,307696,4813,0.956,0,1
2025-11-25T17:19:41.534612Z,mmtc,uesimtun2,302739,4665,375368,6441,0.968,0,1
2025-11-25T17:19:41.784585Z,embb,uesimtun0,306198,4678,385552,6683,166.681,0,1
2025-11-25T17:19:41.784585Z,urllc,uesimtun1,273319,4429,307860,4816,1.155,0,1
2025-11-25T17:19:41.784585Z,mmtc,uesimtun2,302956,4669,375612,6446,,1,1
2025-11-25T17:19:42.034177Z,embb,uesimtun0,306363,4681,385796,6688,1.062,0,1
2025-11-25T17:19:42.034177Z,urllc,uesimtun1,273484,4432,308104,4821,1.041,0,1
2025-11-25T17:19:42.034177Z,mmtc,uesimtun2,302996,4670,375672,6447,0.910,0,1
2025-11-25T17:19:42.284775Z,embb,uesimtun0,306528,4684,386040,6693,1.254,0,1
2025-11-25T17:19:42.284775Z,urllc,uesimtun1,273624,4435,308268,4824,,1,1
2025-11-25T17:19:42.284775Z,mmtc,uesimtun2,303161,4673,375916,6452,0.922,0,1
2025-11-25T17:19:42.534810Z,embb,uesimtun0,306693,4687,386284,6698,1.268,0,1
2025-11-25T17:19:42.534810Z,urllc,uesimtun1,273664,4436,308328,4825,0.885,0,1
2025-11-25T17:19:42.534810Z,mmtc,uesimtun2,303326,4676,376160,6457,0.842,0,1
2025-11-25T17:19:42.784847Z,embb,uesimtun0,306858,4690,386528,6703,113.367,0,1
2025-11-25T17:19:42.784847Z,urllc,uesimtun1,273804,4439,308492,4828,,1,1
2025-11-25T17:19:42.784847Z,mmtc,uesimtun2,303491,4679,376404,6462,0.909,0,1
2025-11-25T17:19:43.035272Z,embb,uesimtun0,307023,4693,386772,6708,1.384,0,1
2025-11-25T17:19:43.035272Z,urllc,uesimtun1,273844,4440,308552,4829,0.976,0,1
2025-11-25T17:19:43.035272Z,mmtc,uesimtun2,303656,4682,376648,6467,0.908,0,1
2025-11-25T17:19:43.284389Z,embb,uesimtun0,307188,4696,387016,6713,1.269,0,1
2025-11-25T17:19:43.284389Z,urllc,uesimtun1,273984,4443,308716,4832,0.975,0,1
2025-11-25T17:19:43.284389Z,mmtc,uesimtun2,303821,4685,376892,6472,0.950,0,1
2025-11-25T17:19:43.534917Z,embb,uesimtun0,307353,4699,387260,6718,1.271,0,1
2025-11-25T17:19:43.534917Z,urllc,uesimtun1,274124,4446,308880,4835,,1,1
2025-11-25T17:19:43.534917Z,mmtc,uesimtun2,304038,4689,377136,6477,0.944,0,1
2025-11-25T17:19:43.784407Z,embb,uesimtun0,307518,4702,387504,6723,,1,1
2025-11-25T17:19:43.784407Z,urllc,uesimtun1,274164,4447,308940,4836,123.463,0,1
2025-11-25T17:19:43.784407Z,mmtc,uesimtun2,304203,4692,377380,6482,1.127,0,1
2025-11-25T17:19:44.111840Z,embb,uesimtun0,307578,4703,387604,6725,1.143,0,1
2025-11-25T17:19:44.111840Z,urllc,uesimtun1,274329,4450,309184,4841,1.087,0,1
2025-11-25T17:19:44.111840Z,mmtc,uesimtun2,304343,4695,377544,6485,0.952,0,1
2025-11-25T17:19:44.362208Z,embb,uesimtun0,307743,4706,387848,6730,1.549,0,1
2025-11-25T17:19:44.362208Z,urllc,uesimtun1,274494,4453,309428,4846,,1,1
2025-11-25T17:19:44.362208Z,mmtc,uesimtun2,304483,4698,377708,6488,0.924,0,1
2025-11-25T17:19:44.612884Z,embb,uesimtun0,307908,4709,388092,6735,,1,1
2025-11-25T17:19:44.612884Z,urllc,uesimtun1,274534,4454,309488,4847,51.098,0,1
2025-11-25T17:19:44.612884Z,mmtc,uesimtun2,304648,4701,377952,6493,1.218,0,1
2025-11-25T17:19:44.880849Z,embb,uesimtun0,307968,4710,388192,6737,1.009,0,1
2025-11-25T17:19:44.880849Z,urllc,uesimtun1,274699,4457,309732,4852,0.934,0,1
2025-11-25T17:19:44.880849Z,mmtc,uesimtun2,304813,4704,378196,6498,0.944,0,1
2025-11-25T17:19:45.131377Z,embb,uesimtun0,308133,4713,388436,6742,1.372,0,1
2025-11-25T17:19:45.131377Z,urllc,uesimtun1,274839,4460,309896,4855,,1,1
2025-11-25T17:19:45.131377Z,mmtc,uesimtun2,304978,4707,378440,6503,0.978,0,1
2025-11-25T17:19:45.381416Z,embb,uesimtun0,308298,4716,388680,6747,1.471,0,1
2025-11-25T17:19:45.381416Z,urllc,uesimtun1,274879,4461,309956,4856,1.060,0,1
2025-11-25T17:19:45.381416Z,mmtc,uesimtun2,305143,4710,378684,6508,0.905,0,1
2025-11-25T17:19:45.631714Z,embb,uesimtun0,308463,4719,388924,6752,,1,1
2025-11-25T17:19:45.631714Z,urllc,uesimtun1,275019,4464,310120,4859,21.696,0,1
2025-11-25T17:19:45.631714Z,mmtc,uesimtun2,305308,4713,378928,6513,1.004,0,1
2025-11-25T17:19:46.097415Z,embb,uesimtun0,308523,4720,389024,6754,1.037,0,1
2025-11-25T17:19:46.097415Z,urllc,uesimtun1,275184,4467,310364,4864,1.026,0,1
2025-11-25T17:19:46.097415Z,mmtc,uesimtun2,305448,4716,379092,6516,0.974,0,1
2025-11-25T17:19:46.347842Z,embb,uesimtun0,308740,4724,389268,6759,1.278,0,1
2025-11-25T17:19:46.347842Z,urllc,uesimtun1,275324,4470,310528,4867,1.035,0,1
2025-11-25T17:19:46.347842Z,mmtc,uesimtun2,305665,4720,379336,6521,1.041,0,1
2025-11-25T17:19:46.597969Z,embb,uesimtun0,308905,4727,389512,6764,,1,1
2025-11-25T17:19:46.597969Z,urllc,uesimtun1,275489,4473,310772,4872,87.198,0,1
2025-11-25T17:19:46.597969Z,mmtc,uesimtun2,305830,4723,379580,6526,1.137,0,1
2025-11-25T17:19:47.040485Z,embb,uesimtun0,308965,4728,389612,6766,1.154,0,1
2025-11-25T17:19:47.040485Z,urllc,uesimtun1,275654,4476,311016,4877,1.148,0,1
2025-11-25T17:19:47.040485Z,mmtc,uesimtun2,305970,4726,379744,6529,1.169,0,1
2025-11-25T17:19:47.291470Z,embb,uesimtun0,309130,4731,389856,6771,1.259,0,1
2025-11-25T17:19:47.291470Z,urllc,uesimtun1,275794,4479,311180,4880,,1,1
2025-11-25T17:19:47.291470Z,mmtc,uesimtun2,306135,4729,379988,6534,0.979,0,1
2025-11-25T17:19:47.540957Z,embb,uesimtun0,309295,4734,390100,6776,1.283,0,1
2025-11-25T17:19:47.540957Z,urllc,uesimtun1,275834,4480,311240,4881,1.018,0,1
2025-11-25T17:19:47.540957Z,mmtc,uesimtun2,306300,4732,380232,6539,0.929,0,1
2025-11-25T17:19:47.791076Z,embb,uesimtun0,309460,4737,390344,6781,,1,1
2025-11-25T17:19:47.791076Z,urllc,uesimtun1,275974,4483,311404,4884,3.011,0,1
2025-11-25T17:19:47.791076Z,mmtc,uesimtun2,306465,4735,380476,6544,1.073,0,1
2025-11-25T17:19:48.040964Z,embb,uesimtun0,309520,4738,390444,6783,1.089,0,1
2025-11-25T17:19:48.040964Z,urllc,uesimtun1,276139,4486,311648,4889,1.024,0,1
2025-11-25T17:19:48.040964Z,mmtc,uesimtun2,306605,4738,380640,6547,0.930,0,1
2025-11-25T17:19:48.290859Z,embb,uesimtun0,309685,4741,390688,6788,1.268,0,1
2025-11-25T17:19:48.290859Z,urllc,uesimtun1,276279,4489,311812,4892,1.070,0,1
2025-11-25T17:19:48.290859Z,mmtc,uesimtun2,306770,4741,380884,6552,1.020,0,1
2025-11-25T17:19:48.541727Z,embb,uesimtun0,309850,4744,390932,6793,1.287,0,1
2025-11-25T17:19:48.541727Z,urllc,uesimtun1,276419,4492,311976,4895,,1,1
2025-11-25T17:19:48.541727Z,mmtc,uesimtun2,306935,4744,381128,6557,0.962,0,1
2025-11-25T17:19:49.054088Z,embb,uesimtun0,310015,4747,391176,6798,3.671,0,1
2025-11-25T17:19:49.054088Z,urllc,uesimtun1,276459,4493,312036,4896,1.220,0,1
2025-11-25T17:19:49.054088Z,mmtc,uesimtun2,307100,4747,381372,6562,1.105,0,1
2025-11-25T17:19:49.062997Z,embb,uesimtun0,310180,4750,391420,6803,1.054,0,1
2025-11-25T17:19:49.062997Z,urllc,uesimtun1,276599,4496,312200,4899,1.122,0,1
2025-11-25T17:19:49.062997Z,mmtc,uesimtun2,307265,4750,381616,6567,1.089,0,1
2025-11-25T17:19:49.313278Z,embb,uesimtun0,310345,4753,391664,6808,1.312,0,1
2025-11-25T17:19:49.313278Z,urllc,uesimtun1,276739,4499,312364,4902,1.017,0,1
2025-11-25T17:19:49.313278Z,mmtc,uesimtun2,307430,4753,381860,6572,0.879,0,1
2025-11-25T17:19:49.564146Z,embb,uesimtun0,310510,4756,391908,6813,1.287,0,1
2025-11-25T17:19:49.564146Z,urllc,uesimtun1,276879,4502,312528,4905,0.996,0,1
2025-11-25T17:19:49.564146Z,mmtc,uesimtun2,307595,4756,382104,6577,1.050,0,1
2025-11-25T17:19:49.813757Z,embb,uesimtun0,310675,4759,392152,6818,1.279,0,1
2025-11-25T17:19:49.813757Z,urllc,uesimtun1,277019,4505,312692,4908,0.959,0,1
2025-11-25T17:19:49.813757Z,mmtc,uesimtun2,307760,4759,382348,6582,0.985,0,1
2025-11-25T17:19:50.063857Z,embb,uesimtun0,310840,4762,392396,6823,1.254,0,1
2025-11-25T17:19:50.063857Z,urllc,uesimtun1,277159,4508,312856,4911,1.126,0,1
2025-11-25T17:19:50.063857Z,mmtc,uesimtun2,307925,4762,382592,6587,1.178,0,1
2025-11-25T17:19:50.313414Z,embb,uesimtun0,311005,4765,392640,6828,1.317,0,1
2025-11-25T17:19:50.313414Z,urllc,uesimtun1,277376,4512,313100,4916,0.934,0,1
2025-11-25T17:19:50.313414Z,mmtc,uesimtun2,308090,4765,382836,6592,0.943,0,1
2025-11-25T17:19:50.563783Z,embb,uesimtun0,311170,4768,392884,6833,1.334,0,1
2025-11-25T17:19:50.563783Z,urllc,uesimtun1,277516,4515,313264,4919,1.083,0,1
2025-11-25T17:19:50.563783Z,mmtc,uesimtun2,308255,4768,383080,6597,1.243,0,1
2025-11-25T17:19:50.814217Z,embb,uesimtun0,311335,4771,393128,6838,1.337,0,1
2025-11-25T17:19:50.814217Z,urllc,uesimtun1,277681,4518,313508,4924,1.064,0,1
2025-11-25T17:19:50.814217Z,mmtc,uesimtun2,308395,4771,383244,6600,1.141,0,1
2025-11-25T17:19:51.063798Z,embb,uesimtun0,311500,4774,393372,6843,1.271,0,1
2025-11-25T17:19:51.063798Z,urllc,uesimtun1,277821,4521,313672,4927,1.065,0,1
2025-11-25T17:19:51.063798Z,mmtc,uesimtun2,308560,4774,383488,6605,1.067,0,1
2025-11-25T17:19:51.313301Z,embb,uesimtun0,311665,4777,393616,6848,1.283,0,1
2025-11-25T17:19:51.313301Z,urllc,uesimtun1,277961,4524,313836,4930,,1,1
2025-11-25T17:19:51.313301Z,mmtc,uesimtun2,308725,4777,383732,6610,0.987,0,1
2025-11-25T17:19:51.564004Z,embb,uesimtun0,311830,4780,393860,6853,1.441,0,1
2025-11-25T17:19:51.564004Z,urllc,uesimtun1,278001,4525,313896,4931,,1,1
2025-11-25T17:19:51.564004Z,mmtc,uesimtun2,308890,4780,383976,6615,1.136,0,1
2025-11-25T17:19:51.814258Z,embb,uesimtun0,311995,4783,394104,6858,1.313,0,1
2025-11-25T17:19:51.814258Z,urllc,uesimtun1,278041,4526,313956,4932,0.978,0,1
2025-11-25T17:19:51.814258Z,mmtc,uesimtun2,309055,4783,384220,6620,1.074,0,1
2025-11-25T17:19:52.063918Z,embb,uesimtun0,312160,4786,394348,6863,1.281,0,1
2025-11-25T17:19:52.063918Z,urllc,uesimtun1,278206,4529,314200,4937,1.022,0,1
2025-11-25T17:19:52.063918Z,mmtc,uesimtun2,309220,4786,384464,6625,1.140,0,1
2025-11-25T17:19:52.313947Z,embb,uesimtun0,312325,4789,394592,6868,1.235,0,1
2025-11-25T17:19:52.313947Z,urllc,uesimtun1,278346,4532,314364,4940,0.880,0,1
2025-11-25T17:19:52.313947Z,mmtc,uesimtun2,309385,4789,384708,6630,0.927,0,1
2025-11-25T17:19:52.563663Z,embb,uesimtun0,312490,4792,394836,6873,1.469,0,1
2025-11-25T17:19:52.563663Z,urllc,uesimtun1,278486,4535,314528,4943,0.988,0,1
2025-11-25T17:19:52.563663Z,mmtc,uesimtun2,309550,4792,384952,6635,1.381,0,1
2025-11-25T17:19:52.813460Z,embb,uesimtun0,312655,4795,395080,6878,1.301,0,1
2025-11-25T17:19:52.813460Z,urllc,uesimtun1,278626,4538,314692,4946,0.938,0,1
2025-11-25T17:19:52.813460Z,mmtc,uesimtun2,309715,4795,385196,6640,1.023,0,1
2025-11-25T17:19:53.063893Z,embb,uesimtun0,312820,4798,395324,6883,1.359,0,1
2025-11-25T17:19:53.063893Z,urllc,uesimtun1,278766,4541,314856,4949,0.998,0,1
2025-11-25T17:19:53.063893Z,mmtc,uesimtun2,309880,4798,385440,6645,0.976,0,1
2025-11-25T17:19:53.313954Z,embb,uesimtun0,312985,4801,395568,6888,1.230,0,1
2025-11-25T17:19:53.313954Z,urllc,uesimtun1,278906,4544,315020,4952,1.063,0,1
2025-11-25T17:19:53.313954Z,mmtc,uesimtun2,310045,4801,385684,6650,0.917,0,1
2025-11-25T17:19:53.563837Z,embb,uesimtun0,313150,4804,395812,6893,1.328,0,1
2025-11-25T17:19:53.563837Z,urllc,uesimtun1,279046,4547,315184,4955,1.014,0,1
2025-11-25T17:19:53.563837Z,mmtc,uesimtun2,310210,4804,385928,6655,1.278,0,1
2025-11-25T17:19:53.866945Z,embb,uesimtun0,313315,4807,396056,6898,13.861,0,1
2025-11-25T17:19:53.866945Z,urllc,uesimtun1,279211,4550,315428,4960,1.012,0,1
2025-11-25T17:19:53.866945Z,mmtc,uesimtun2,310375,4807,386172,6660,0.927,0,1
2025-11-25T17:19:54.063701Z,embb,uesimtun0,313480,4810,396300,6903,1.220,0,1
2025-11-25T17:19:54.063701Z,urllc,uesimtun1,279351,4553,315592,4963,1.135,0,1
2025-11-25T17:19:54.063701Z,mmtc,uesimtun2,310540,4810,386416,6665,0.927,0,1
2025-11-25T17:19:54.313316Z,embb,uesimtun0,313645,4813,396544,6908,1.302,0,1
2025-11-25T17:19:54.313316Z,urllc,uesimtun1,279516,4556,315836,4968,0.990,0,1
2025-11-25T17:19:54.313316Z,mmtc,uesimtun2,310680,4813,386580,6668,0.960,0,1
2025-11-25T17:19:54.563422Z,embb,uesimtun0,313810,4816,396788,6913,1.324,0,1
2025-11-25T17:19:54.563422Z,urllc,uesimtun1,279656,4559,316000,4971,,1,1
2025-11-25T17:19:54.563422Z,mmtc,uesimtun2,310845,4816,386824,6673,0.972,0,1
2025-11-25T17:19:55.029139Z,embb,uesimtun0,313975,4819,397032,6918,1.362,0,1
2025-11-25T17:19:55.029139Z,urllc,uesimtun1,279696,4560,316060,4972,1.260,0,1
2025-11-25T17:19:55.029139Z,mmtc,uesimtun2,311010,4819,387068,6678,0.993,0,1
2025-11-25T17:19:55.063313Z,embb,uesimtun0,314140,4822,397276,6923,1.260,0,1
2025-11-25T17:19:55.063313Z,urllc,uesimtun1,279836,4563,316224,4975,0.986,0,1
2025-11-25T17:19:55.063313Z,mmtc,uesimtun2,311175,4822,387312,6683,0.926,0,1
2025-11-25T17:19:55.314076Z,embb,uesimtun0,314305,4825,397520,6928,1.284,0,1
2025-11-25T17:19:55.314076Z,urllc,uesimtun1,279976,4566,316388,4978,1.055,0,1
2025-11-25T17:19:55.314076Z,mmtc,uesimtun2,311340,4825,387556,6688,0.956,0,1
2025-11-25T17:19:55.564274Z,embb,uesimtun0,314470,4828,397764,6933,1.257,0,1
2025-11-25T17:19:55.564274Z,urllc,uesimtun1,280116,4569,316552,4981,0.995,0,1
2025-11-25T17:19:55.564274Z,mmtc,uesimtun2,311505,4828,387800,6693,1.049,0,1
2025-11-25T17:19:55.814280Z,embb,uesimtun0,314635,4831,398008,6938,1.266,0,1
2025-11-25T17:19:55.814280Z,urllc,uesimtun1,280256,4572,316716,4984,0.918,0,1
2025-11-25T17:19:55.814280Z,mmtc,uesimtun2,311670,4831,388044,6698,0.999,0,1
2025-11-25T17:19:56.064233Z,embb,uesimtun0,314800,4834,398252,6943,1.272,0,1
2025-11-25T17:19:56.064233Z,urllc,uesimtun1,280396,4575,316880,4987,1.002,0,1
2025-11-25T17:19:56.064233Z,mmtc,uesimtun2,311835,4834,388288,6703,1.082,0,1
2025-11-25T17:19:56.314003Z,embb,uesimtun0,314965,4837,398496,6948,1.295,0,1
2025-11-25T17:19:56.314003Z,urllc,uesimtun1,280536,4578,317044,4990,1.079,0,1
2025-11-25T17:19:56.314003Z,mmtc,uesimtun2,312000,4837,388532,6708,1.076,0,1
2025-11-25T17:19:56.563755Z,embb,uesimtun0,315130,4840,398740,6953,1.275,0,1
2025-11-25T17:19:56.563755Z,urllc,uesimtun1,280676,4581,317208,4993,,1,1
2025-11-25T17:19:56.563755Z,mmtc,uesimtun2,312165,4840,388776,6713,0.932,0,1
2025-11-25T17:19:56.813776Z,embb,uesimtun0,315295,4843,398984,6958,1.238,0,1
2025-11-25T17:19:56.813776Z,urllc,uesimtun1,280716,4582,317268,4994,,1,1
2025-11-25T17:19:56.813776Z,mmtc,uesimtun2,312330,4843,389020,6718,1.040,0,1
2025-11-25T17:19:57.063312Z,embb,uesimtun0,315460,4846,399228,6963,1.281,0,1
2025-11-25T17:19:57.063312Z,urllc,uesimtun1,280756,4583,317328,4995,1.061,0,1
2025-11-25T17:19:57.063312Z,mmtc,uesimtun2,312495,4846,389264,6723,,1,1
2025-11-25T17:19:57.313795Z,embb,uesimtun0,315625,4849,399472,6968,1.235,0,1
2025-11-25T17:19:57.313795Z,urllc,uesimtun1,280921,4586,317572,5000,1.024,0,1
2025-11-25T17:19:57.313795Z,mmtc,uesimtun2,312535,4847,389324,6724,1.146,0,1
2025-11-25T17:19:57.563857Z,embb,uesimtun0,315790,4852,399716,6973,1.240,0,1
2025-11-25T17:19:57.563857Z,urllc,uesimtun1,281061,4589,317736,5003,1.104,0,1
2025-11-25T17:19:57.563857Z,mmtc,uesimtun2,312700,4850,389568,6729,0.957,0,1
2025-11-25T17:19:57.813735Z,embb,uesimtun0,315955,4855,399960,6978,1.227,0,1
2025-11-25T17:19:57.813735Z,urllc,uesimtun1,281201,4592,317900,5006,0.976,0,1
2025-11-25T17:19:57.813735Z,mmtc,uesimtun2,312865,4853,389812,6734,1.156,0,1
2025-11-25T17:19:58.063489Z,embb,uesimtun0,316120,4858,400204,6983,1.214,0,1
2025-11-25T17:19:58.063489Z,urllc,uesimtun1,281341,4595,318064,5009,1.086,0,1
2025-11-25T17:19:58.063489Z,mmtc,uesimtun2,313030,4856,390056,6739,1.045,0,1
2025-11-25T17:19:58.313554Z,embb,uesimtun0,316285,4861,400448,6988,1.300,0,1
2025-11-25T17:19:58.313554Z,urllc,uesimtun1,281481,4598,318228,5012,0.918,0,1
2025-11-25T17:19:58.313554Z,mmtc,uesimtun2,313195,4859,390300,6744,1.034,0,1
2025-11-25T17:19:58.564016Z,embb,uesimtun0,316450,4864,400692,6993,1.398,0,1
2025-11-25T17:19:58.564016Z,urllc,uesimtun1,281621,4601,318392,5015,,1,1
2025-11-25T17:19:58.564016Z,mmtc,uesimtun2,313360,4862,390544,6749,0.966,0,1
2025-11-25T17:19:58.813802Z,embb,uesimtun0,316667,4868,400936,6998,1.272,0,1
2025-11-25T17:19:58.813802Z,urllc,uesimtun1,281661,4602,318452,5016,,1,1
2025-11-25T17:19:58.813802Z,mmtc,uesimtun2,313525,4865,390788,6754,0.934,0,1
2025-11-25T17:19:59.063935Z,embb,uesimtun0,316832,4871,401180,7003,1.267,0,1
2025-11-25T17:19:59.063935Z,urllc,uesimtun1,281701,4603,318512,5017,1.014,0,1
2025-11-25T17:19:59.063935Z,mmtc,uesimtun2,313690,4868,391032,6759,0.801,0,1
2025-11-25T17:19:59.314030Z,embb,uesimtun0,316997,4874,401424,7008,1.288,0,1
2025-11-25T17:19:59.314030Z,urllc,uesimtun1,281841,4606,318676,5020,1.056,0,1
2025-11-25T17:19:59.314030Z,mmtc,uesimtun2,313855,4871,391276,6764,1.025,0,1
2025-11-25T17:19:59.563564Z,embb,uesimtun0,317162,4877,401668,7013,1.306,0,1
2025-11-25T17:19:59.563564Z,urllc,uesimtun1,282006,4609,318920,5025,1.011,0,1
2025-11-25T17:19:59.563564Z,mmtc,uesimtun2,314020,4874,391520,6769,0.919,0,1
2025-11-25T17:19:59.813607Z,embb,uesimtun0,317327,4880,401912,7018,1.328,0,1
2025-11-25T17:19:59.813607Z,urllc,uesimtun1,282146,4612,319084,5028,1.251,0,1
2025-11-25T17:19:59.813607Z,mmtc,uesimtun2,314185,4877,391764,6774,1.045,0,1
2025-11-25T17:20:00.063681Z,embb,uesimtun0,317492,4883,402156,7023,1.337,0,1
2025-11-25T17:20:00.063681Z,urllc,uesimtun1,282286,4615,319248,5031,1.112,0,1
2025-11-25T17:20:00.063681Z,mmtc,uesimtun2,314402,4881,392008,6779,0.962,0,1
2025-11-25T17:20:00.313554Z,embb,uesimtun0,317657,4886,402400,7028,1.251,0,1
2025-11-25T17:20:00.313554Z,urllc,uesimtun1,282426,4618,319412,5034,,1,1
2025-11-25T17:20:00.313554Z,mmtc,uesimtun2,314567,4884,392252,6784,0.965,0,1
2025-11-25T17:20:00.563745Z,embb,uesimtun0,317822,4889,402644,7033,1.674,0,1
2025-11-25T17:20:00.563745Z,urllc,uesimtun1,282466,4619,319472,5035,1.058,0,1
2025-11-25T17:20:00.563745Z,mmtc,uesimtun2,314732,4887,392496,6789,1.006,0,1
2025-11-25T17:20:00.813712Z,embb,uesimtun0,317987,4892,402888,7038,17.776,0,1
2025-11-25T17:20:00.813712Z,urllc,uesimtun1,282606,4622,319636,5038,0.897,0,1
2025-11-25T17:20:00.813712Z,mmtc,uesimtun2,314897,4890,392740,6794,1.009,0,1
2025-11-25T17:20:01.063657Z,embb,uesimtun0,318152,4895,403132,7043,1.216,0,1
2025-11-25T17:20:01.063657Z,urllc,uesimtun1,282746,4625,319800,5041,0.979,0,1
2025-11-25T17:20:01.063657Z,mmtc,uesimtun2,315062,4893,392984,6799,0.988,0,1
2025-11-25T17:20:01.313901Z,embb,uesimtun0,318317,4898,403376,7048,1.187,0,1
2025-11-25T17:20:01.313901Z,urllc,uesimtun1,282886,4628,319964,5044,1.081,0,1
2025-11-25T17:20:01.313901Z,mmtc,uesimtun2,315227,4896,393228,6804,1.082,0,1
2025-11-25T17:20:01.563762Z,embb,uesimtun0,318482,4901,403620,7053,1.278,0,1
2025-11-25T17:20:01.563762Z,urllc,uesimtun1,283026,4631,320128,5047,0.997,0,1
2025-11-25T17:20:01.563762Z,mmtc,uesimtun2,315392,4899,393472,6809,1.131,0,1
2025-11-25T17:20:01.813811Z,embb,uesimtun0,318647,4904,403864,7058,1.225,0,1
2025-11-25T17:20:01.813811Z,urllc,uesimtun1,283166,4634,320292,5050,1.022,0,1
2025-11-25T17:20:01.813811Z,mmtc,uesimtun2,315557,4902,393716,6814,0.967,0,1
2025-11-25T17:20:02.064205Z,embb,uesimtun0,318812,4907,404108,7063,1.323,0,1
2025-11-25T17:20:02.064205Z,urllc,uesimtun1,283306,4637,320456,5053,0.960,0,1
2025-11-25T17:20:02.064205Z,mmtc,uesimtun2,315722,4905,393960,6819,0.986,0,1
2025-11-25T17:20:02.313991Z,embb,uesimtun0,318977,4910,404352,7068,1.253,0,1
2025-11-25T17:20:02.313991Z,urllc,uesimtun1,283446,4640,320620,5056,1.038,0,1
2025-11-25T17:20:02.313991Z,mmtc,uesimtun2,315887,4908,394204,6824,1.080,0,1
2025-11-25T17:20:02.563148Z,embb,uesimtun0,319142,4913,404596,7073,1.306,0,1
2025-11-25T17:20:02.563148Z,urllc,uesimtun1,283586,4643,320784,5059,1.073,0,1
2025-11-25T17:20:02.563148Z,mmtc,uesimtun2,316052,4911,394448,6829,1.059,0,1
2025-11-25T17:20:02.813395Z,embb,uesimtun0,319307,4916,404840,7078,9.556,0,1
2025-11-25T17:20:02.813395Z,urllc,uesimtun1,283726,4646,320948,5062,0.973,0,1
2025-11-25T17:20:02.813395Z,mmtc,uesimtun2,316217,4914,394692,6834,0.907,0,1
2025-11-25T17:20:03.063995Z,embb,uesimtun0,319472,4919,405084,7083,1.302,0,1
2025-11-25T17:20:03.063995Z,urllc,uesimtun1,283866,4649,321112,5065,1.022,0,1
2025-11-25T17:20:03.063995Z,mmtc,uesimtun2,316382,4917,394936,6839,0.922,0,1
2025-11-25T17:20:03.314090Z,embb,uesimtun0,319637,4922,405328,7088,1.179,0,1
2025-11-25T17:20:03.314090Z,urllc,uesimtun1,284006,4652,321276,5068,1.096,0,1
2025-11-25T17:20:03.314090Z,mmtc,uesimtun2,316547,4920,395180,6844,1.090,0,1
2025-11-25T17:20:03.563125Z,embb,uesimtun0,319802,4925,405572,7093,1.332,0,1
2025-11-25T17:20:03.563125Z,urllc,uesimtun1,284146,4655,321440,5071,1.119,0,1
2025-11-25T17:20:03.563125Z,mmtc,uesimtun2,316712,4923,395424,6849,1.021,0,1
2025-11-25T17:20:03.813826Z,embb,uesimtun0,319967,4928,405816,7098,18.935,0,1
2025-11-25T17:20:03.813826Z,urllc,uesimtun1,284286,4658,321604,5074,,1,1
2025-11-25T17:20:03.813826Z,mmtc,uesimtun2,316877,4926,395668,6854,1.011,0,1
2025-11-25T17:20:04.063746Z,embb,uesimtun0,320132,4931,406060,7103,1.216,0,1
2025-11-25T17:20:04.063746Z,urllc,uesimtun1,284326,4659,321664,5075,1.096,0,1
2025-11-25T17:20:04.063746Z,mmtc,uesimtun2,317042,4929,395912,6859,1.094,0,1
2025-11-25T17:20:04.313286Z,embb,uesimtun0,320297,4934,406304,7108,1.276,0,1
2025-11-25T17:20:04.313286Z,urllc,uesimtun1,284491,4662,321908,5080,1.146,0,1
2025-11-25T17:20:04.313286Z,mmtc,uesimtun2,317182,4932,396076,6862,0.949,0,1
2025-11-25T17:20:04.563848Z,embb,uesimtun0,320462,4937,406548,7113,1.445,0,1
2025-11-25T17:20:04.563848Z,urllc,uesimtun1,284631,4665,322072,5083,1.324,0,1
2025-11-25T17:20:04.563848Z,mmtc,uesimtun2,317347,4935,396320,6867,1.194,0,1
2025-11-25T17:20:04.813348Z,embb,uesimtun0,320627,4940,406792,7118,14.548,0,1
2025-11-25T17:20:04.813348Z,urllc,uesimtun1,284796,4668,322316,5088,,1,1
2025-11-25T17:20:04.813348Z,mmtc,uesimtun2,317487,4938,396484,6870,0.962,0,1
2025-11-25T17:20:05.063357Z,embb,uesimtun0,320792,4943,407036,7123,1.322,0,1
2025-11-25T17:20:05.063357Z,urllc,uesimtun1,284836,4669,322376,5089,1.023,0,1
2025-11-25T17:20:05.063357Z,mmtc,uesimtun2,317652,4941,396728,6875,1.004,0,1
2025-11-25T17:20:05.313373Z,embb,uesimtun0,320957,4946,407280,7128,1.304,0,1
2025-11-25T17:20:05.313373Z,urllc,uesimtun1,284976,4672,322540,5092,0.974,0,1
2025-11-25T17:20:05.313373Z,mmtc,uesimtun2,317817,4944,396972,6880,0.970,0,1
2025-11-25T17:20:05.564144Z,embb,uesimtun0,321122,4949,407524,7133,1.351,0,1
2025-11-25T17:20:05.564144Z,urllc,uesimtun1,285116,4675,322704,5095,1.041,0,1
2025-11-25T17:20:05.564144Z,mmtc,uesimtun2,317982,4947,397216,6885,1.339,0,1
2025-11-25T17:20:05.813292Z,embb,uesimtun0,321287,4952,407768,7138,84.140,0,1
2025-11-25T17:20:05.813292Z,urllc,uesimtun1,285256,4678,322868,5098,0.993,0,1
2025-11-25T17:20:05.813292Z,mmtc,uesimtun2,318147,4950,397460,6890,0.964,0,1
2025-11-25T17:20:06.063551Z,embb,uesimtun0,321452,4955,408012,7143,1.151,0,1
2025-11-25T17:20:06.063551Z,urllc,uesimtun1,285396,4681,323032,5101,,1,1
2025-11-25T17:20:06.063551Z,mmtc,uesimtun2,318312,4953,397704,6895,0.965,0,1
2025-11-25T17:20:06.313731Z,embb,uesimtun0,321617,4958,408256,7148,1.236,0,1
2025-11-25T17:20:06.313731Z,urllc,uesimtun1,285436,4682,323092,5102,1.150,0,1
2025-11-25T17:20:06.313731Z,mmtc,uesimtun2,318477,4956,397948,6900,1.014,0,1
2025-11-25T17:20:06.564151Z,embb,uesimtun0,321782,4961,408500,7153,1.434,0,1
2025-11-25T17:20:06.564151Z,urllc,uesimtun1,285576,4685,323256,5105,0.987,0,1
2025-11-25T17:20:06.564151Z,mmtc,uesimtun2,318642,4959,398192,6905,1.018,0,1
2025-11-25T17:20:06.813751Z,embb,uesimtun0,321947,4964,408744,7158,1.438,0,1
2025-11-25T17:20:06.813751Z,urllc,uesimtun1,285741,4688,323500,5110,1.303,0,1
2025-11-25T17:20:06.813751Z,mmtc,uesimtun2,318782,4962,398356,6908,0.911,0,1
2025-11-25T17:20:07.063591Z,embb,uesimtun0,322112,4967,408988,7163,1.284,0,1
2025-11-25T17:20:07.063591Z,urllc,uesimtun1,285881,4691,323664,5113,1.102,0,1
2025-11-25T17:20:07.063591Z,mmtc,uesimtun2,318947,4965,398600,6913,1.352,0,1
2025-11-25T17:20:07.313528Z,embb,uesimtun0,322277,4970,409232,7168,1.206,0,1
2025-11-25T17:20:07.313528Z,urllc,uesimtun1,286021,4694,323828,5116,1.072,0,1
2025-11-25T17:20:07.313528Z,mmtc,uesimtun2,319112,4968,398844,6918,1.171,0,1
2025-11-25T17:20:07.563291Z,embb,uesimtun0,322442,4973,409476,7173,1.425,0,1
2025-11-25T17:20:07.563291Z,urllc,uesimtun1,286186,4697,324072,5121,1.035,0,1
2025-11-25T17:20:07.563291Z,mmtc,uesimtun2,319277,4971,399088,6923,1.022,0,1
2025-11-25T17:20:07.813343Z,embb,uesimtun0,322607,4976,409720,7178,1.298,0,1
2025-11-25T17:20:07.813343Z,urllc,uesimtun1,286326,4700,324236,5124,1.075,0,1
2025-11-25T17:20:07.813343Z,mmtc,uesimtun2,319442,4974,399332,6928,0.913,0,1
2025-11-25T17:20:08.063780Z,embb,uesimtun0,322772,4979,409964,7183,1.252,0,1
2025-11-25T17:20:08.063780Z,urllc,uesimtun1,286466,4703,324400,5127,0.932,0,1
2025-11-25T17:20:08.063780Z,mmtc,uesimtun2,319607,4977,399576,6933,1.039,0,1
2025-11-25T17:20:08.313814Z,embb,uesimtun0,322937,4982,410208,7188,1.232,0,1
2025-11-25T17:20:08.313814Z,urllc,uesimtun1,286606,4706,324564,5130,0.919,0,1
2025-11-25T17:20:08.313814Z,mmtc,uesimtun2,319772,4980,399820,6938,1.051,0,1
2025-11-25T17:20:08.563504Z,embb,uesimtun0,323102,4985,410452,7193,1.290,0,1
2025-11-25T17:20:08.563504Z,urllc,uesimtun1,286746,4709,324728,5133,0.944,0,1
2025-11-25T17:20:08.563504Z,mmtc,uesimtun2,319937,4983,400064,6943,1.020,0,1
2025-11-25T17:20:08.813879Z,embb,uesimtun0,323267,4988,410696,7198,5.791,0,1
2025-11-25T17:20:08.813879Z,urllc,uesimtun1,286886,4712,324892,5136,,1,1
2025-11-25T17:20:08.813879Z,mmtc,uesimtun2,320102,4986,400308,6948,0.918,0,1
2025-11-25T17:20:09.064039Z,embb,uesimtun0,323432,4991,410940,7203,1.249,0,1
2025-11-25T17:20:09.064039Z,urllc,uesimtun1,286926,4713,324952,5137,0.927,0,1
2025-11-25T17:20:09.064039Z,mmtc,uesimtun2,320267,4989,400552,6953,1.003,0,1
2025-11-25T17:20:09.313790Z,embb,uesimtun0,323597,4994,411184,7208,1.253,0,1
2025-11-25T17:20:09.313790Z,urllc,uesimtun1,287066,4716,325116,5140,0.975,0,1
2025-11-25T17:20:09.313790Z,mmtc,uesimtun2,320432,4992,400796,6958,1.017,0,1
2025-11-25T17:20:09.564000Z,embb,uesimtun0,323762,4997,411428,7213,1.307,0,1
2025-11-25T17:20:09.564000Z,urllc,uesimtun1,287206,4719,325280,5143,0.984,0,1
2025-11-25T17:20:09.564000Z,mmtc,uesimtun2,320597,4995,401040,6963,,1,1
2025-11-25T17:20:09.813399Z,embb,uesimtun0,323927,5000,411672,7218,1.278,0,1
2025-11-25T17:20:09.813399Z,urllc,uesimtun1,287371,4722,325524,5148,,1,1
2025-11-25T17:20:09.813399Z,mmtc,uesimtun2,320637,4996,401100,6964,0.976,0,1
2025-11-25T17:20:10.063930Z,embb,uesimtun0,324092,5003,411916,7223,1.340,0,1
2025-11-25T17:20:10.063930Z,urllc,uesimtun1,287411,4723,325584,5149,0.946,0,1
2025-11-25T17:20:10.063930Z,mmtc,uesimtun2,320802,4999,401344,6969,1.013,0,1
2025-11-25T17:20:10.313636Z,embb,uesimtun0,324257,5006,412160,7228,1.306,0,1
2025-11-25T17:20:10.313636Z,urllc,uesimtun1,287551,4726,325748,5152,0.934,0,1
2025-11-25T17:20:10.313636Z,mmtc,uesimtun2,320967,5002,401588,6974,0.993,0,1
2025-11-25T17:20:10.564032Z,embb,uesimtun0,324422,5009,412404,7233,1.295,0,1
2025-11-25T17:20:10.564032Z,urllc,uesimtun1,287691,4729,325912,5155,0.993,0,1
2025-11-25T17:20:10.564032Z,mmtc,uesimtun2,321132,5005,401832,6979,1.059,0,1
2025-11-25T17:20:10.813287Z,embb,uesimtun0,324587,5012,412648,7238,1.264,0,1
2025-11-25T17:20:10.813287Z,urllc,uesimtun1,287831,4732,326076,5158,0.995,0,1
2025-11-25T17:20:10.813287Z,mmtc,uesimtun2,321297,5008,402076,6984,0.923,0,1
2025-11-25T17:20:11.063576Z,embb,uesimtun0,324752,5015,412892,7243,1.302,0,1
2025-11-25T17:20:11.063576Z,urllc,uesimtun1,287971,4735,326240,5161,0.889,0,1
2025-11-25T17:20:11.063576Z,mmtc,uesimtun2,321462,5011,402320,6989,1.026,0,1
2025-11-25T17:20:11.313876Z,embb,uesimtun0,324917,5018,413136,7248,1.186,0,1
2025-11-25T17:20:11.313876Z,urllc,uesimtun1,288111,4738,326404,5164,1.000,0,1
2025-11-25T17:20:11.313876Z,mmtc,uesimtun2,321627,5014,402564,6994,1.058,0,1
2025-11-25T17:20:11.563630Z,embb,uesimtun0,325082,5021,413380,7253,1.352,0,1
2025-11-25T17:20:11.563630Z,urllc,uesimtun1,288251,4741,326568,5167,0.856,0,1
2025-11-25T17:20:11.563630Z,mmtc,uesimtun2,321792,5017,402808,6999,0.850,0,1
2025-11-25T17:20:11.814146Z,embb,uesimtun0,325247,5024,413624,7258,1.270,0,1
2025-11-25T17:20:11.814146Z,urllc,uesimtun1,288391,4744,326732,5170,0.921,0,1
2025-11-25T17:20:11.814146Z,mmtc,uesimtun2,322009,5021,403052,7004,1.001,0,1
2025-11-25T17:20:12.063464Z,embb,uesimtun0,325412,5027,413868,7263,1.243,0,1
2025-11-25T17:20:12.063464Z,urllc,uesimtun1,288531,4747,326896,5173,1.008,0,1
2025-11-25T17:20:12.063464Z,mmtc,uesimtun2,322174,5024,403296,7009,1.101,0,1
2025-11-25T17:20:12.313919Z,embb,uesimtun0,325577,5030,414112,7268,1.292,0,1
2025-11-25T17:20:12.313919Z,urllc,uesimtun1,288671,4750,327060,5176,1.058,0,1
2025-11-25T17:20:12.313919Z,mmtc,uesimtun2,322339,5027,403540,7014,1.017,0,1
2025-11-25T17:20:12.563529Z,embb,uesimtun0,325742,5033,414356,7273,1.307,0,1
2025-11-25T17:20:12.563529Z,urllc,uesimtun1,288811,4753,327224,5179,1.119,0,1
2025-11-25T17:20:12.563529Z,mmtc,uesimtun2,322504,5030,403784,7019,1.182,0,1
2025-11-25T17:20:12.813318Z,embb,uesimtun0,325907,5036,414600,7278,1.300,0,1
2025-11-25T17:20:12.813318Z,urllc,uesimtun1,288951,4756,327388,5182,0.927,0,1
2025-11-25T17:20:12.813318Z,mmtc,uesimtun2,322669,5033,404028,7024,1.073,0,1
2025-11-25T17:20:13.064071Z,embb,uesimtun0,326072,5039,414844,7283,1.231,0,1
2025-11-25T17:20:13.064071Z,urllc,uesimtun1,289091,4759,327552,5185,1.015,0,1
2025-11-25T17:20:13.064071Z,mmtc,uesimtun2,322834,5036,404272,7029,1.108,0,1
2025-11-25T17:20:13.314073Z,embb,uesimtun0,326237,5042,415088,7288,1.295,0,1
2025-11-25T17:20:13.314073Z,urllc,uesimtun1,289231,4762,327716,5188,0.929,0,1
2025-11-25T17:20:13.314073Z,mmtc,uesimtun2,322999,5039,404516,7034,1.112,0,1
2025-11-25T17:20:13.563354Z,embb,uesimtun0,326402,5045,415332,7293,1.312,0,1
2025-11-25T17:20:13.563354Z,urllc,uesimtun1,289371,4765,327880,5191,,1,1
2025-11-25T17:20:13.563354Z,mmtc,uesimtun2,323164,5042,404760,7039,1.129,0,1
2025-11-25T17:20:13.813860Z,embb,uesimtun0,326567,5048,415576,7298,1.290,0,1
2025-11-25T17:20:13.813860Z,urllc,uesimtun1,289411,4766,327940,5192,0.990,0,1
2025-11-25T17:20:13.813860Z,mmtc,uesimtun2,323329,5045,405004,7044,1.015,0,1
2025-11-25T17:20:14.064242Z,embb,uesimtun0,326732,5051,415820,7303,1.261,0,1
2025-11-25T17:20:14.064242Z,urllc,uesimtun1,289551,4769,328104,5195,1.056,0,1
2025-11-25T17:20:14.064242Z,mmtc,uesimtun2,323494,5048,405248,7049,1.020,0,1
2025-11-25T17:20:14.313644Z,embb,uesimtun0,326897,5054,416064,7308,1.302,0,1
2025-11-25T17:20:14.313644Z,urllc,uesimtun1,289691,4772,328268,5198,0.896,0,1
2025-11-25T17:20:14.313644Z,mmtc,uesimtun2,323659,5051,405492,7054,1.079,0,1
2025-11-25T17:20:14.563652Z,embb,uesimtun0,327062,5057,416308,7313,1.292,0,1
2025-11-25T17:20:14.563652Z,urllc,uesimtun1,289831,4775,328432,5201,1.058,0,1
2025-11-25T17:20:14.563652Z,mmtc,uesimtun2,323876,5055,405736,7059,1.146,0,1
2025-11-25T17:20:14.814129Z,embb,uesimtun0,327227,5060,416552,7318,1.307,0,1
2025-11-25T17:20:14.814129Z,urllc,uesimtun1,289971,4778,328596,5204,1.025,0,1
2025-11-25T17:20:14.814129Z,mmtc,uesimtun2,324041,5058,405980,7064,0.939,0,1
2025-11-25T17:20:15.064015Z,embb,uesimtun0,327392,5063,416796,7323,1.285,0,1
2025-11-25T17:20:15.064015Z,urllc,uesimtun1,290111,4781,328760,5207,0.968,0,1
2025-11-25T17:20:15.064015Z,mmtc,uesimtun2,324206,5061,406224,7069,0.956,0,1
2025-11-25T17:20:15.313785Z,embb,uesimtun0,327557,5066,417040,7328,1.246,0,1
2025-11-25T17:20:15.313785Z,urllc,uesimtun1,290251,4784,328924,5210,1.029,0,1
2025-11-25T17:20:15.313785Z,mmtc,uesimtun2,324371,5064,406468,7074,1.082,0,1
2025-11-25T17:20:15.563477Z,embb,uesimtun0,327722,5069,417284,7333,1.175,0,1
2025-11-25T17:20:15.563477Z,urllc,uesimtun1,290416,4787,329168,5215,0.930,0,1
2025-11-25T17:20:15.563477Z,mmtc,uesimtun2,324536,5067,406712,7079,1.007,0,1
2025-11-25T17:20:15.813897Z,embb,uesimtun0,327887,5072,417528,7338,3.611,0,1
2025-11-25T17:20:15.813897Z,urllc,uesimtun1,290556,4790,329332,5218,0.955,0,1
2025-11-25T17:20:15.813897Z,mmtc,uesimtun2,324701,5070,406956,7084,1.063,0,1
2025-11-25T17:20:16.063827Z,embb,uesimtun0,328052,5075,417772,7343,1.272,0,1
2025-11-25T17:20:16.063827Z,urllc,uesimtun1,290696,4793,329496,5221,,1,1
2025-11-25T17:20:16.063827Z,mmtc,uesimtun2,324866,5073,407200,7089,1.044,0,1
2025-11-25T17:20:16.313484Z,embb,uesimtun0,328217,5078,418016,7348,1.267,0,1
2025-11-25T17:20:16.313484Z,urllc,uesimtun1,290736,4794,329556,5222,1.037,0,1
2025-11-25T17:20:16.313484Z,mmtc,uesimtun2,325031,5076,407444,7094,0.965,0,1
2025-11-25T17:20:16.563448Z,embb,uesimtun0,328382,5081,418260,7353,1.321,0,1
2025-11-25T17:20:16.563448Z,urllc,uesimtun1,290876,4797,329720,5225,0.964,0,1
2025-11-25T17:20:16.563448Z,mmtc,uesimtun2,325196,5079,407688,7099,0.985,0,1
2025-11-25T17:20:16.813695Z,embb,uesimtun0,328547,5084,418504,7358,1.368,0,1
2025-11-25T17:20:16.813695Z,urllc,uesimtun1,291016,4800,329884,5228,0.995,0,1
2025-11-25T17:20:16.813695Z,mmtc,uesimtun2,325361,5082,407932,7104,0.856,0,1
2025-11-25T17:20:17.063277Z,embb,uesimtun0,328712,5087,418748,7363,1.376,0,1
2025-11-25T17:20:17.063277Z,urllc,uesimtun1,291156,4803,330048,5231,1.143,0,1
2025-11-25T17:20:17.063277Z,mmtc,uesimtun2,325526,5085,408176,7109,0.946,0,1
2025-11-25T17:20:17.314283Z,embb,uesimtun0,328877,5090,418992,7368,1.294,0,1
2025-11-25T17:20:17.314283Z,urllc,uesimtun1,291296,4806,330212,5234,,1,1
2025-11-25T17:20:17.314283Z,mmtc,uesimtun2,325691,5088,408420,7114,1.043,0,1
2025-11-25T17:20:17.563967Z,embb,uesimtun0,329042,5093,419236,7373,1.215,0,1
2025-11-25T17:20:17.563967Z,urllc,uesimtun1,291336,4807,330272,5235,1.086,0,1
2025-11-25T17:20:17.563967Z,mmtc,uesimtun2,325856,5091,408664,7119,0.971,0,1
2025-11-25T17:20:17.813223Z,embb,uesimtun0,329207,5096,419480,7378,1.271,0,1
2025-11-25T17:20:17.813223Z,urllc,uesimtun1,291476,4810,330436,5238,,1,1
2025-11-25T17:20:17.813223Z,mmtc,uesimtun2,326021,5094,408908,7124,1.004,0,1
2025-11-25T17:20:18.063715Z,embb,uesimtun0,329372,5099,419724,7383,1.306,0,1
2025-11-25T17:20:18.063715Z,urllc,uesimtun1,291516,4811,330496,5239,0.945,0,1
2025-11-25T17:20:18.063715Z,mmtc,uesimtun2,326186,5097,409152,7129,1.073,0,1
2025-11-25T17:20:18.314015Z,embb,uesimtun0,329537,5102,419968,7388,1.367,0,1
2025-11-25T17:20:18.314015Z,urllc,uesimtun1,291681,4814,330740,5244,0.945,0,1
2025-11-25T17:20:18.314015Z,mmtc,uesimtun2,326326,5100,409316,7132,0.950,0,1
2025-11-25T17:20:18.563572Z,embb,uesimtun0,329702,5105,420212,7393,1.277,0,1
2025-11-25T17:20:18.563572Z,urllc,uesimtun1,291821,4817,330904,5247,,1,1
2025-11-25T17:20:18.563572Z,mmtc,uesimtun2,326491,5103,409560,7137,1.042,0,1
2025-11-25T17:20:18.813903Z,embb,uesimtun0,329867,5108,420456,7398,1.308,0,1
2025-11-25T17:20:18.813903Z,urllc,uesimtun1,291861,4818,330964,5248,1.051,0,1
2025-11-25T17:20:18.813903Z,mmtc,uesimtun2,326708,5107,409804,7142,0.967,0,1
2025-11-25T17:20:19.063402Z,embb,uesimtun0,330032,5111,420700,7403,1.255,0,1
2025-11-25T17:20:19.063402Z,urllc,uesimtun1,292001,4821,331128,5251,1.102,0,1
2025-11-25T17:20:19.063402Z,mmtc,uesimtun2,326873,5110,410048,7147,0.970,0,1
2025-11-25T17:20:19.313653Z,embb,uesimtun0,330197,5114,420944,7408,1.383,0,1
2025-11-25T17:20:19.313653Z,urllc,uesimtun1,292141,4824,331292,5254,1.046,0,1
2025-11-25T17:20:19.313653Z,mmtc,uesimtun2,327038,5113,410292,7152,1.209,0,1
2025-11-25T17:20:19.563478Z,embb,uesimtun0,330362,5117,421188,7413,1.287,0,1
2025-11-25T17:20:19.563478Z,urllc,uesimtun1,292281,4827,331456,5257,1.043,0,1
2025-11-25T17:20:19.563478Z,mmtc,uesimtun2,327203,5116,410536,7157,0.902,0,1
2025-11-25T17:20:19.814140Z,embb,uesimtun0,330527,5120,421432,7418,1.444,0,1
2025-11-25T17:20:19.814140Z,urllc,uesimtun1,292421,4830,331620,5260,1.243,0,1
2025-11-25T17:20:19.814140Z,mmtc,uesimtun2,327368,5119,410780,7162,1.045,0,1
2025-11-25T17:20:20.063383Z,embb,uesimtun0,330692,5123,421676,7423,1.334,0,1
2025-11-25T17:20:20.063383Z,urllc,uesimtun1,292561,4833,331784,5263,,1,1
2025-11-25T17:20:20.063383Z,mmtc,uesimtun2,327585,5123,411024,7167,0.971,0,1
2025-11-25T17:20:20.313802Z,embb,uesimtun0,330857,5126,421920,7428,1.262,0,1
2025-11-25T17:20:20.313802Z,urllc,uesimtun1,292601,4834,331844,5264,1.090,0,1
2025-11-25T17:20:20.313802Z,mmtc,uesimtun2,327750,5126,411268,7172,1.097,0,1
2025-11-25T17:20:20.563940Z,embb,uesimtun0,331022,5129,422164,7433,1.350,0,1
2025-11-25T17:20:20.563940Z,urllc,uesimtun1,292741,4837,332008,5267,1.019,0,1
2025-11-25T17:20:20.563940Z,mmtc,uesimtun2,327915,5129,411512,7177,0.973,0,1
2025-11-25T17:20:20.813288Z,embb,uesimtun0,331187,5132,422408,7438,1.235,0,1
2025-11-25T17:20:20.813288Z,urllc,uesimtun1,292881,4840,332172,5270,,1,1
2025-11-25T17:20:20.813288Z,mmtc,uesimtun2,328080,5132,411756,7182,1.037,0,1
2025-11-25T17:20:21.063327Z,embb,uesimtun0,331352,5135,422652,7443,1.343,0,1
2025-11-25T17:20:21.063327Z,urllc,uesimtun1,292921,4841,332232,5271,0.967,0,1
2025-11-25T17:20:21.063327Z,mmtc,uesimtun2,328245,5135,412000,7187,1.124,0,1
2025-11-25T17:20:21.313499Z,embb,uesimtun0,331517,5138,422896,7448,1.475,0,1
2025-11-25T17:20:21.313499Z,urllc,uesimtun1,293061,4844,332396,5274,,1,1
2025-11-25T17:20:21.313499Z,mmtc,uesimtun2,328410,5138,412244,7192,1.351,0,1
2025-11-25T17:20:21.564133Z,embb,uesimtun0,331682,5141,423140,7453,1.379,0,1
2025-11-25T17:20:21.564133Z,urllc,uesimtun1,293101,4845,332456,5275,1.081,0,1
2025-11-25T17:20:21.564133Z,mmtc,uesimtun2,328575,5141,412488,7197,1.084,0,1
2025-11-25T17:20:21.813377Z,embb,uesimtun0,331847,5144,423384,7458,1.262,0,1
2025-11-25T17:20:21.813377Z,urllc,uesimtun1,293241,4848,332620,5278,1.027,0,1
2025-11-25T17:20:21.813377Z,mmtc,uesimtun2,328740,5144,412732,7202,1.030,0,1
2025-11-25T17:20:22.063960Z,embb,uesimtun0,332012,5147,423628,7463,1.292,0,1
2025-11-25T17:20:22.063960Z,urllc,uesimtun1,293381,4851,332784,5281,1.087,0,1
2025-11-25T17:20:22.063960Z,mmtc,uesimtun2,328905,5147,412976,7207,1.008,0,1
2025-11-25T17:20:22.314128Z,embb,uesimtun0,332177,5150,423872,7468,1.216,0,1
2025-11-25T17:20:22.314128Z,urllc,uesimtun1,293521,4854,332948,5284,,1,1
2025-11-25T17:20:22.314128Z,mmtc,uesimtun2,329070,5150,413220,7212,1.149,0,1
2025-11-25T17:20:22.563739Z,embb,uesimtun0,332342,5153,424116,7473,1.312,0,1
2025-11-25T17:20:22.563739Z,urllc,uesimtun1,293561,4855,333008,5285,1.101,0,1
2025-11-25T17:20:22.563739Z,mmtc,uesimtun2,329235,5153,413464,7217,1.046,0,1
2025-11-25T17:20:22.813274Z,embb,uesimtun0,332507,5156,424360,7478,1.231,0,1
2025-11-25T17:20:22.813274Z,urllc,uesimtun1,293701,4858,333172,5288,,1,1
2025-11-25T17:20:22.813274Z,mmtc,uesimtun2,329452,5157,413708,7222,1.114,0,1
2025-11-25T17:20:23.063942Z,embb,uesimtun0,332672,5159,424604,7483,1.229,0,1
2025-11-25T17:20:23.063942Z,urllc,uesimtun1,293741,4859,333232,5289,1.091,0,1
2025-11-25T17:20:23.063942Z,mmtc,uesimtun2,329617,5160,413952,7227,0.992,0,1
2025-11-25T17:20:23.313908Z,embb,uesimtun0,332837,5162,424848,7488,1.216,0,1
2025-11-25T17:20:23.313908Z,urllc,uesimtun1,293881,4862,333396,5292,1.046,0,1
2025-11-25T17:20:23.313908Z,mmtc,uesimtun2,329782,5163,414196,7232,1.050,0,1
2025-11-25T17:20:23.563967Z,embb,uesimtun0,333002,5165,425092,7493,1.398,0,1
2025-11-25T17:20:23.563967Z,urllc,uesimtun1,294021,4865,333560,5295,1.148,0,1
2025-11-25T17:20:23.563967Z,mmtc,uesimtun2,329947,5166,414440,7237,1.034,0,1
2025-11-25T17:20:23.813281Z,embb,uesimtun0,333167,5168,425336,7498,1.297,0,1
2025-11-25T17:20:23.813281Z,urllc,uesimtun1,294161,4868,333724,5298,1.012,0,1
2025-11-25T17:20:23.813281Z,mmtc,uesimtun2,330112,5169,414684,7242,0.951,0,1
2025-11-25T17:20:24.063968Z,embb,uesimtun0,333332,5171,425580,7503,1.289,0,1
2025-11-25T17:20:24.063968Z,urllc,uesimtun1,294301,4871,333888,5301,0.979,0,1
2025-11-25T17:20:24.063968Z,mmtc,uesimtun2,330277,5172,414928,7247,1.159,0,1
2025-11-25T17:20:24.313663Z,embb,uesimtun0,333497,5174,425824,7508,1.241,0,1
2025-11-25T17:20:24.313663Z,urllc,uesimtun1,294441,4874,334052,5304,0.926,0,1
2025-11-25T17:20:24.313663Z,mmtc,uesimtun2,330442,5175,415172,7252,1.092,0,1
2025-11-25T17:20:24.563899Z,embb,uesimtun0,333662,5177,426068,7513,1.255,0,1
2025-11-25T17:20:24.563899Z,urllc,uesimtun1,294581,4877,334216,5307,1.122,0,1
2025-11-25T17:20:24.563899Z,mmtc,uesimtun2,330607,5178,415416,7257,1.118,0,1
2025-11-25T17:20:24.813539Z,embb,uesimtun0,333827,5180,426312,7518,1.284,0,1
2025-11-25T17:20:24.813539Z,urllc,uesimtun1,294746,4880,334460,5312,0.993,0,1
2025-11-25T17:20:24.813539Z,mmtc,uesimtun2,330747,5181,415580,7260,0.978,0,1
2025-11-25T17:20:25.063822Z,embb,uesimtun0,333992,5183,426556,7523,1.337,0,1
2025-11-25T17:20:25.063822Z,urllc,uesimtun1,294886,4883,334624,5315,,1,1
2025-11-25T17:20:25.063822Z,mmtc,uesimtun2,330912,5184,415824,7265,1.093,0,1
2025-11-25T17:20:25.313902Z,embb,uesimtun0,334157,5186,426800,7528,1.262,0,1
2025-11-25T17:20:25.313902Z,urllc,uesimtun1,294926,4884,334684,5316,1.051,0,1
2025-11-25T17:20:25.313902Z,mmtc,uesimtun2,331077,5187,416068,7270,1.056,0,1
2025-11-25T17:20:25.564189Z,embb,uesimtun0,334322,5189,427044,7533,1.274,0,1
2025-11-25T17:20:25.564189Z,urllc,uesimtun1,295066,4887,334848,5319,0.990,0,1
2025-11-25T17:20:25.564189Z,mmtc,uesimtun2,331242,5190,416312,7275,1.131,0,1
2025-11-25T17:20:25.813651Z,embb,uesimtun0,334487,5192,427288,7538,1.264,0,1
2025-11-25T17:20:25.813651Z,urllc,uesimtun1,295231,4890,335092,5324,1.018,0,1
2025-11-25T17:20:25.813651Z,mmtc,uesimtun2,331382,5193,416476,7278,0.960,0,1
2025-11-25T17:20:26.063366Z,embb,uesimtun0,334652,5195,427532,7543,1.364,0,1
2025-11-25T17:20:26.063366Z,urllc,uesimtun1,295371,4893,335256,5327,1.015,0,1
2025-11-25T17:20:26.063366Z,mmtc,uesimtun2,331547,5196,416720,7283,1.081,0,1
2025-11-25T17:20:26.314179Z,embb,uesimtun0,334817,5198,427776,7548,1.240,0,1
2025-11-25T17:20:26.314179Z,urllc,uesimtun1,295511,4896,335420,5330,1.060,0,1
2025-11-25T17:20:26.314179Z,mmtc,uesimtun2,331712,5199,416964,7288,1.078,0,1
2025-11-25T17:20:26.563776Z,embb,uesimtun0,334982,5201,428020,7553,1.291,0,1
2025-11-25T17:20:26.563776Z,urllc,uesimtun1,295651,4899,335584,5333,1.009,0,1
2025-11-25T17:20:26.563776Z,mmtc,uesimtun2,331877,5202,417208,7293,1.076,0,1
2025-11-25T17:20:26.814053Z,embb,uesimtun0,335147,5204,428264,7558,1.246,0,1
2025-11-25T17:20:26.814053Z,urllc,uesimtun1,295791,4902,335748,5336,0.997,0,1
2025-11-25T17:20:26.814053Z,mmtc,uesimtun2,332042,5205,417452,7298,0.964,0,1
2025-11-25T17:20:27.063052Z,embb,uesimtun0,335312,5207,428508,7563,1.409,0,1
2025-11-25T17:20:27.063052Z,urllc,uesimtun1,295931,4905,335912,5339,0.871,0,1
2025-11-25T17:20:27.063052Z,mmtc,uesimtun2,332207,5208,417696,7303,1.027,0,1
2025-11-25T17:20:27.314051Z,embb,uesimtun0,335477,5210,428752,7568,1.227,0,1
2025-11-25T17:20:27.314051Z,urllc,uesimtun1,296071,4908,336076,5342,1.031,0,1
2025-11-25T17:20:27.314051Z,mmtc,uesimtun2,332372,5211,417940,7308,0.945,0,1
2025-11-25T17:20:27.563849Z,embb,uesimtun0,335642,5213,428996,7573,1.310,0,1
2025-11-25T17:20:27.563849Z,urllc,uesimtun1,296211,4911,336240,5345,1.126,0,1
2025-11-25T17:20:27.563849Z,mmtc,uesimtun2,332537,5214,418184,7313,0.939,0,1
2025-11-25T17:20:27.813283Z,embb,uesimtun0,335807,5216,429240,7578,1.259,0,1
2025-11-25T17:20:27.813283Z,urllc,uesimtun1,296376,4914,336484,5350,1.045,0,1
2025-11-25T17:20:27.813283Z,mmtc,uesimtun2,332677,5217,418348,7316,1.008,0,1
2025-11-25T17:20:28.063464Z,embb,uesimtun0,335972,5219,429484,7583,1.294,0,1
2025-11-25T17:20:28.063464Z,urllc,uesimtun1,296516,4917,336648,5353,0.973,0,1
2025-11-25T17:20:28.063464Z,mmtc,uesimtun2,332842,5220,418592,7321,1.113,0,1
2025-11-25T17:20:28.313944Z,embb,uesimtun0,336137,5222,429728,7588,3.954,0,1
2025-11-25T17:20:28.313944Z,urllc,uesimtun1,296656,4920,336812,5356,,1,1
2025-11-25T17:20:28.313944Z,mmtc,uesimtun2,333007,5223,418836,7326,0.897,0,1
2025-11-25T17:20:28.564243Z,embb,uesimtun0,336302,5225,429972,7593,1.340,0,1
2025-11-25T17:20:28.564243Z,urllc,uesimtun1,296696,4921,336872,5357,1.023,0,1
2025-11-25T17:20:28.564243Z,mmtc,uesimtun2,333172,5226,419080,7331,1.046,0,1
2025-11-25T17:20:28.813506Z,embb,uesimtun0,336467,5228,430216,7598,1.283,0,1
2025-11-25T17:20:28.813506Z,urllc,uesimtun1,296836,4924,337036,5360,,1,1
2025-11-25T17:20:28.813506Z,mmtc,uesimtun2,333337,5229,419324,7336,0.916,0,1
2025-11-25T17:20:29.063177Z,embb,uesimtun0,336632,5231,430460,7603,1.309,0,1
2025-11-25T17:20:29.063177Z,urllc,uesimtun1,296876,4925,337096,5361,,1,1
2025-11-25T17:20:29.063177Z,mmtc,uesimtun2,333502,5232,419568,7341,1.124,0,1
2025-11-25T17:20:29.313865Z,embb,uesimtun0,336797,5234,430704,7608,1.224,0,1
2025-11-25T17:20:29.313865Z,urllc,uesimtun1,296916,4926,337156,5362,,1,1
2025-11-25T17:20:29.313865Z,mmtc,uesimtun2,333667,5235,419812,7346,0.972,0,1
2025-11-25T17:20:29.563677Z,embb,uesimtun0,336962,5237,430948,7613,1.352,0,1
2025-11-25T17:20:29.563677Z,urllc,uesimtun1,296956,4927,337216,5363,,1,1
2025-11-25T17:20:29.563677Z,mmtc,uesimtun2,333832,5238,420056,7351,0.977,0,1
2025-11-25T17:20:29.813523Z,embb,uesimtun0,337127,5240,431192,7618,1.226,0,1
2025-11-25T17:20:29.813523Z,urllc,uesimtun1,296996,4928,337276,5364,1.012,0,1
2025-11-25T17:20:29.813523Z,mmtc,uesimtun2,333997,5241,420300,7356,1.098,0,1
2025-11-25T17:20:30.063975Z,embb,uesimtun0,337292,5243,431436,7623,1.290,0,1
2025-11-25T17:20:30.063975Z,urllc,uesimtun1,297161,4931,337520,5369,1.093,0,1
2025-11-25T17:20:30.063975Z,mmtc,uesimtun2,334162,5244,420544,7361,0.960,0,1
2025-11-25T17:20:30.314141Z,embb,uesimtun0,337457,5246,431680,7628,1.167,0,1
2025-11-25T17:20:30.314141Z,urllc,uesimtun1,297301,4934,337684,5372,0.981,0,1
2025-11-25T17:20:30.314141Z,mmtc,uesimtun2,334327,5247,420788,7366,1.002,0,1
2025-11-25T17:20:30.564187Z,embb,uesimtun0,337622,5249,431924,7633,1.494,0,1
2025-11-25T17:20:30.564187Z,urllc,uesimtun1,297441,4937,337848,5375,1.040,0,1
2025-11-25T17:20:30.564187Z,mmtc,uesimtun2,334492,5250,421032,7371,1.144,0,1
2025-11-25T17:20:30.813123Z,embb,uesimtun0,337787,5252,432168,7638,1.341,0,1
2025-11-25T17:20:30.813123Z,urllc,uesimtun1,297581,4940,338012,5378,0.999,0,1
2025-11-25T17:20:30.813123Z,mmtc,uesimtun2,334657,5253,421276,7376,1.008,0,1
2025-11-25T17:20:31.064208Z,embb,uesimtun0,337952,5255,432412,7643,1.385,0,1
2025-11-25T17:20:31.064208Z,urllc,uesimtun1,297721,4943,338176,5381,,1,1
2025-11-25T17:20:31.064208Z,mmtc,uesimtun2,334822,5256,421520,7381,0.985,0,1
2025-11-25T17:20:31.313414Z,embb,uesimtun0,338117,5258,432656,7648,1.245,0,1
2025-11-25T17:20:31.313414Z,urllc,uesimtun1,297761,4944,338236,5382,,1,1
2025-11-25T17:20:31.313414Z,mmtc,uesimtun2,334987,5259,421764,7386,1.018,0,1
2025-11-25T17:20:31.563699Z,embb,uesimtun0,338282,5261,432900,7653,1.371,0,1
2025-11-25T17:20:31.563699Z,urllc,uesimtun1,297801,4945,338296,5383,1.111,0,1
2025-11-25T17:20:31.563699Z,mmtc,uesimtun2,335152,5262,422008,7391,0.833,0,1
2025-11-25T17:20:31.813676Z,embb,uesimtun0,338447,5264,433144,7658,5.051,0,1
2025-11-25T17:20:31.813676Z,urllc,uesimtun1,297941,4948,338460,5386,1.282,0,1
2025-11-25T17:20:31.813676Z,mmtc,uesimtun2,335317,5265,422252,7396,0.956,0,1
2025-11-25T17:20:32.063447Z,embb,uesimtun0,338612,5267,433388,7663,1.330,0,1
2025-11-25T17:20:32.063447Z,urllc,uesimtun1,298081,4951,338624,5389,1.026,0,1
2025-11-25T17:20:32.063447Z,mmtc,uesimtun2,335482,5268,422496,7401,,1,1
2025-11-25T17:20:32.313729Z,embb,uesimtun0,338777,5270,433632,7668,1.261,0,1
2025-11-25T17:20:32.313729Z,urllc,uesimtun1,298246,4954,338868,5394,1.090,0,1
2025-11-25T17:20:32.313729Z,mmtc,uesimtun2,335522,5269,422556,7402,1.060,0,1
2025-11-25T17:20:32.563668Z,embb,uesimtun0,338942,5273,433876,7673,1.262,0,1
2025-11-25T17:20:32.563668Z,urllc,uesimtun1,298386,4957,339032,5397,1.056,0,1
2025-11-25T17:20:32.563668Z,mmtc,uesimtun2,335687,5272,422800,7407,1.220,0,1
2025-11-25T17:20:32.813661Z,embb,uesimtun0,339107,5276,434120,7678,1.310,0,1
2025-11-25T17:20:32.813661Z,urllc,uesimtun1,298526,4960,339196,5400,1.070,0,1
2025-11-25T17:20:32.813661Z,mmtc,uesimtun2,335904,5276,423044,7412,1.175,0,1
2025-11-25T17:20:33.063362Z,embb,uesimtun0,339272,5279,434364,7683,1.374,0,1
2025-11-25T17:20:33.063362Z,urllc,uesimtun1,298666,4963,339360,5403,1.062,0,1
2025-11-25T17:20:33.063362Z,mmtc,uesimtun2,336069,5279,423288,7417,1.116,0,1
2025-11-25T17:20:33.313448Z,embb,uesimtun0,339437,5282,434608,7688,1.260,0,1
2025-11-25T17:20:33.313448Z,urllc,uesimtun1,298831,4966,339604,5408,1.067,0,1
2025-11-25T17:20:33.313448Z,mmtc,uesimtun2,336234,5282,423532,7422,1.184,0,1
2025-11-25T17:20:33.564129Z,embb,uesimtun0,339602,5285,434852,7693,1.279,0,1
2025-11-25T17:20:33.564129Z,urllc,uesimtun1,298971,4969,339768,5411,1.067,0,1
2025-11-25T17:20:33.564129Z,mmtc,uesimtun2,336399,5285,423776,7427,1.193,0,1
2025-11-25T17:20:33.813747Z,embb,uesimtun0,339767,5288,435096,7698,1.267,0,1
2025-11-25T17:20:33.813747Z,urllc,uesimtun1,299136,4972,340012,5416,1.103,0,1
2025-11-25T17:20:33.813747Z,mmtc,uesimtun2,336564,5288,424020,7432,1.000,0,1
2025-11-25T17:20:34.064074Z,embb,uesimtun0,339932,5291,435340,7703,1.271,0,1
2025-11-25T17:20:34.064074Z,urllc,uesimtun1,299276,4975,340176,5419,,1,1
2025-11-25T17:20:34.064074Z,mmtc,uesimtun2,336729,5291,424264,7437,1.026,0,1
2025-11-25T17:20:34.313957Z,embb,uesimtun0,340097,5294,435584,7708,1.273,0,1
2025-11-25T17:20:34.313957Z,urllc,uesimtun1,299316,4976,340236,5420,1.054,0,1
2025-11-25T17:20:34.313957Z,mmtc,uesimtun2,336894,5294,424508,7442,1.132,0,1
2025-11-25T17:20:34.563317Z,embb,uesimtun0,340262,5297,435828,7713,1.434,0,1
2025-11-25T17:20:34.563317Z,urllc,uesimtun1,299456,4979,340400,5423,0.970,0,1
2025-11-25T17:20:34.563317Z,mmtc,uesimtun2,337059,5297,424752,7447,0.976,0,1
2025-11-25T17:20:34.814143Z,embb,uesimtun0,340427,5300,436072,7718,1.236,0,1
2025-11-25T17:20:34.814143Z,urllc,uesimtun1,299596,4982,340564,5426,0.945,0,1
2025-11-25T17:20:34.814143Z,mmtc,uesimtun2,337224,5300,424996,7452,0.996,0,1
2025-11-25T17:20:35.064086Z,embb,uesimtun0,340592,5303,436316,7723,1.319,0,1
2025-11-25T17:20:35.064086Z,urllc,uesimtun1,299736,4985,340728,5429,0.970,0,1
2025-11-25T17:20:35.064086Z,mmtc,uesimtun2,337389,5303,425240,7457,1.023,0,1
2025-11-25T17:20:35.313533Z,embb,uesimtun0,340757,5306,436560,7728,1.283,0,1
2025-11-25T17:20:35.313533Z,urllc,uesimtun1,299876,4988,340892,5432,0.952,0,1
2025-11-25T17:20:35.313533Z,mmtc,uesimtun2,337606,5307,425484,7462,0.954,0,1
2025-11-25T17:20:35.563445Z,embb,uesimtun0,340922,5309,436804,7733,1.310,0,1
2025-11-25T17:20:35.563445Z,urllc,uesimtun1,300016,4991,341056,5435,,1,1
2025-11-25T17:20:35.563445Z,mmtc,uesimtun2,337771,5310,425728,7467,1.008,0,1
2025-11-25T17:20:35.813295Z,embb,uesimtun0,341087,5312,437048,7738,1.278,0,1
2025-11-25T17:20:35.813295Z,urllc,uesimtun1,300056,4992,341116,5436,1.023,0,1
2025-11-25T17:20:35.813295Z,mmtc,uesimtun2,337936,5313,425972,7472,1.016,0,1
2025-11-25T17:20:36.064058Z,embb,uesimtun0,341252,5315,437292,7743,1.288,0,1
2025-11-25T17:20:36.064058Z,urllc,uesimtun1,300221,4995,341360,5441,0.989,0,1
2025-11-25T17:20:36.064058Z,mmtc,uesimtun2,338076,5316,426136,7475,1.032,0,1
2025-11-25T17:20:36.314132Z,embb,uesimtun0,341417,5318,437536,7748,1.261,0,1
2025-11-25T17:20:36.314132Z,urllc,uesimtun1,300361,4998,341524,5444,,1,1
2025-11-25T17:20:36.314132Z,mmtc,uesimtun2,338241,5319,426380,7480,1.006,0,1
2025-11-25T17:20:36.563738Z,embb,uesimtun0,341582,5321,437780,7753,1.530,0,1
2025-11-25T17:20:36.563738Z,urllc,uesimtun1,300401,4999,341584,5445,1.023,0,1
2025-11-25T17:20:36.563738Z,mmtc,uesimtun2,338406,5322,426624,7485,1.106,0,1
2025-11-25T17:20:36.814134Z,embb,uesimtun0,341747,5324,438024,7758,1.276,0,1
2025-11-25T17:20:36.814134Z,urllc,uesimtun1,300541,5002,341748,5448,1.064,0,1
2025-11-25T17:20:36.814134Z,mmtc,uesimtun2,338571,5325,426868,7490,0.977,0,1
2025-11-25T17:20:37.063972Z,embb,uesimtun0,341912,5327,438268,7763,1.306,0,1
2025-11-25T17:20:37.063972Z,urllc,uesimtun1,300681,5005,341912,5451,1.018,0,1
2025-11-25T17:20:37.063972Z,mmtc,uesimtun2,338736,5328,427112,7495,0.944,0,1
2025-11-25T17:20:37.313603Z,embb,uesimtun0,342077,5330,438512,7768,1.266,0,1
2025-11-25T17:20:37.313603Z,urllc,uesimtun1,300821,5008,342076,5454,0.997,0,1
2025-11-25T17:20:37.313603Z,mmtc,uesimtun2,338901,5331,427356,7500,0.994,0,1
2025-11-25T17:20:37.563379Z,embb,uesimtun0,342242,5333,438756,7773,1.406,0,1
2025-11-25T17:20:37.563379Z,urllc,uesimtun1,300961,5011,342240,5457,1.081,0,1
2025-11-25T17:20:37.563379Z,mmtc,uesimtun2,339066,5334,427600,7505,1.055,0,1
2025-11-25T17:20:37.813426Z,embb,uesimtun0,342407,5336,439000,7778,1.261,0,1
2025-11-25T17:20:37.813426Z,urllc,uesimtun1,301101,5014,342404,5460,0.951,0,1
2025-11-25T17:20:37.813426Z,mmtc,uesimtun2,339231,5337,427844,7510,1.224,0,1
2025-11-25T17:20:38.063703Z,embb,uesimtun0,342572,5339,439244,7783,1.323,0,1
2025-11-25T17:20:38.063703Z,urllc,uesimtun1,301241,5017,342568,5463,0.953,0,1
2025-11-25T17:20:38.063703Z,mmtc,uesimtun2,339396,5340,428088,7515,1.035,0,1
2025-11-25T17:20:38.313277Z,embb,uesimtun0,342737,5342,439488,7788,1.243,0,1
2025-11-25T17:20:38.313277Z,urllc,uesimtun1,301381,5020,342732,5466,,1,1
2025-11-25T17:20:38.313277Z,mmtc,uesimtun2,339561,5343,428332,7520,1.000,0,1
2025-11-25T17:20:38.563646Z,embb,uesimtun0,342902,5345,439732,7793,1.279,0,1
2025-11-25T17:20:38.563646Z,urllc,uesimtun1,301421,5021,342792,5467,5.079,0,1
2025-11-25T17:20:38.563646Z,mmtc,uesimtun2,339726,5346,428576,7525,1.149,0,1
2025-11-25T17:20:38.814092Z,embb,uesimtun0,343067,5348,439976,7798,1.234,0,1
2025-11-25T17:20:38.814092Z,urllc,uesimtun1,301586,5024,343036,5472,0.941,0,1
2025-11-25T17:20:38.814092Z,mmtc,uesimtun2,339891,5349,428820,7530,0.967,0,1
2025-11-25T17:20:39.063843Z,embb,uesimtun0,343232,5351,440220,7803,1.253,0,1
2025-11-25T17:20:39.063843Z,urllc,uesimtun1,301726,5027,343200,5475,1.008,0,1
2025-11-25T17:20:39.063843Z,mmtc,uesimtun2,340056,5352,429064,7535,0.987,0,1
2025-11-25T17:20:39.313580Z,embb,uesimtun0,343397,5354,440464,7808,1.211,0,1
2025-11-25T17:20:39.313580Z,urllc,uesimtun1,301866,5030,343364,5478,1.050,0,1
2025-11-25T17:20:39.313580Z,mmtc,uesimtun2,340273,5356,429308,7540,1.009,0,1
2025-11-25T17:20:39.563916Z,embb,uesimtun0,343562,5357,440708,7813,1.258,0,1
2025-11-25T17:20:39.563916Z,urllc,uesimtun1,302006,5033,343528,5481,1.167,0,1
2025-11-25T17:20:39.563916Z,mmtc,uesimtun2,340438,5359,429552,7545,1.025,0,1
2025-11-25T17:20:39.813900Z,embb,uesimtun0,343727,5360,440952,7818,1.240,0,1
2025-11-25T17:20:39.813900Z,urllc,uesimtun1,302146,5036,343692,5484,,1,1
2025-11-25T17:20:39.813900Z,mmtc,uesimtun2,340603,5362,429796,7550,1.094,0,1
2025-11-25T17:20:40.063873Z,embb,uesimtun0,343892,5363,441196,7823,1.339,0,1
2025-11-25T17:20:40.063873Z,urllc,uesimtun1,302186,5037,343752,5485,1.078,0,1
2025-11-25T17:20:40.063873Z,mmtc,uesimtun2,340768,5365,430040,7555,1.078,0,1
2025-11-25T17:20:40.313812Z,embb,uesimtun0,344057,5366,441440,7828,1.276,0,1
2025-11-25T17:20:40.313812Z,urllc,uesimtun1,302326,5040,343916,5488,1.134,0,1
2025-11-25T17:20:40.313812Z,mmtc,uesimtun2,340933,5368,430284,7560,1.024,0,1
2025-11-25T17:20:40.564264Z,embb,uesimtun0,344222,5369,441684,7833,1.288,0,1
2025-11-25T17:20:40.564264Z,urllc,uesimtun1,302491,5043,344160,5493,,1,1
2025-11-25T17:20:40.564264Z,mmtc,uesimtun2,341073,5371,430448,7563,1.000,0,1
2025-11-25T17:20:40.814109Z,embb,uesimtun0,344387,5372,441928,7838,22.450,0,1
2025-11-25T17:20:40.814109Z,urllc,uesimtun1,302531,5044,344220,5494,1.303,0,1
2025-11-25T17:20:40.814109Z,mmtc,uesimtun2,341238,5374,430692,7568,1.042,0,1
2025-11-25T17:20:41.063375Z,embb,uesimtun0,344552,5375,442172,7843,1.371,0,1
2025-11-25T17:20:41.063375Z,urllc,uesimtun1,302671,5047,344384,5497,0.989,0,1
2025-11-25T17:20:41.063375Z,mmtc,uesimtun2,341403,5377,430936,7573,0.888,0,1
2025-11-25T17:20:41.313873Z,embb,uesimtun0,344717,5378,442416,7848,1.305,0,1
2025-11-25T17:20:41.313873Z,urllc,uesimtun1,302811,5050,344548,5500,,1,1
2025-11-25T17:20:41.313873Z,mmtc,uesimtun2,341568,5380,431180,7578,0.977,0,1
2025-11-25T17:20:41.563614Z,embb,uesimtun0,344882,5381,442660,7853,1.290,0,1
2025-11-25T17:20:41.563614Z,urllc,uesimtun1,302851,5051,344608,5501,1.082,0,1
2025-11-25T17:20:41.563614Z,mmtc,uesimtun2,341733,5383,431424,7583,,1,1
2025-11-25T17:20:41.814070Z,embb,uesimtun0,345047,5384,442904,7858,1.276,0,1
2025-11-25T17:20:41.814070Z,urllc,uesimtun1,303016,5054,344852,5506,1.021,0,1
2025-11-25T17:20:41.814070Z,mmtc,uesimtun2,341773,5384,431484,7584,1.160,0,1
2025-11-25T17:20:42.063992Z,embb,uesimtun0,345212,5387,443148,7863,1.319,0,1
2025-11-25T17:20:42.063992Z,urllc,uesimtun1,303156,5057,345016,5509,1.161,0,1
2025-11-25T17:20:42.063992Z,mmtc,uesimtun2,341938,5387,431728,7589,1.009,0,1
2025-11-25T17:20:42.313792Z,embb,uesimtun0,345377,5390,443392,7868,1.305,0,1
2025-11-25T17:20:42.313792Z,urllc,uesimtun1,303296,5060,345180,5512,1.018,0,1
2025-11-25T17:20:42.313792Z,mmtc,uesimtun2,342103,5390,431972,7594,1.013,0,1
2025-11-25T17:20:42.563469Z,embb,uesimtun0,345542,5393,443636,7873,1.256,0,1
2025-11-25T17:20:42.563469Z,urllc,uesimtun1,303436,5063,345344,5515,0.923,0,1
2025-11-25T17:20:42.563469Z,mmtc,uesimtun2,342268,5393,432216,7599,0.968,0,1
2025-11-25T17:20:42.813421Z,embb,uesimtun0,345707,5396,443880,7878,1.248,0,1
2025-11-25T17:20:42.813421Z,urllc,uesimtun1,303576,5066,345508,5518,1.031,0,1
2025-11-25T17:20:42.813421Z,mmtc,uesimtun2,342433,5396,432460,7604,0.941,0,1
2025-11-25T17:20:43.063839Z,embb,uesimtun0,345872,5399,444124,7883,1.240,0,1
2025-11-25T17:20:43.063839Z,urllc,uesimtun1,303716,5069,345672,5521,1.013,0,1
2025-11-25T17:20:43.063839Z,mmtc,uesimtun2,342598,5399,432704,7609,0.995,0,1
2025-11-25T17:20:43.313287Z,embb,uesimtun0,346037,5402,444368,7888,1.267,0,1
2025-11-25T17:20:43.313287Z,urllc,uesimtun1,303856,5072,345836,5524,1.098,0,1
2025-11-25T17:20:43.313287Z,mmtc,uesimtun2,342763,5402,432948,7614,1.007,0,1
2025-11-25T17:20:43.563713Z,embb,uesimtun0,346202,5405,444612,7893,1.212,0,1
2025-11-25T17:20:43.563713Z,urllc,uesimtun1,304021,5075,346080,5529,,1,1
2025-11-25T17:20:43.563713Z,mmtc,uesimtun2,342903,5405,433112,7617,1.037,0,1
2025-11-25T17:20:43.813144Z,embb,uesimtun0,346367,5408,444856,7898,1.367,0,1
2025-11-25T17:20:43.813144Z,urllc,uesimtun1,304061,5076,346140,5530,1.104,0,1
2025-11-25T17:20:43.813144Z,mmtc,uesimtun2,343068,5408,433356,7622,0.987,0,1
2025-11-25T17:20:44.064232Z,embb,uesimtun0,346532,5411,445100,7903,1.366,0,1
2025-11-25T17:20:44.064232Z,urllc,uesimtun1,304201,5079,346304,5533,1.231,0,1
2025-11-25T17:20:44.064232Z,mmtc,uesimtun2,343233,5411,433600,7627,1.447,0,1
2025-11-25T17:20:44.313324Z,embb,uesimtun0,346697,5414,445344,7908,1.236,0,1
2025-11-25T17:20:44.313324Z,urllc,uesimtun1,304366,5082,346548,5538,0.984,0,1
2025-11-25T17:20:44.313324Z,mmtc,uesimtun2,343398,5414,433844,7632,0.901,0,1
2025-11-25T17:20:44.563291Z,embb,uesimtun0,346862,5417,445588,7913,1.345,0,1
2025-11-25T17:20:44.563291Z,urllc,uesimtun1,304506,5085,346712,5541,1.065,0,1
2025-11-25T17:20:44.563291Z,mmtc,uesimtun2,343563,5417,434088,7637,1.171,0,1
2025-11-25T17:20:44.813408Z,embb,uesimtun0,347027,5420,445832,7918,1.409,0,1
2025-11-25T17:20:44.813408Z,urllc,uesimtun1,304646,5088,346876,5544,0.944,0,1
2025-11-25T17:20:44.813408Z,mmtc,uesimtun2,343728,5420,434332,7642,1.060,0,1
2025-11-25T17:20:45.063613Z,embb,uesimtun0,347192,5423,446076,7923,1.263,0,1
2025-11-25T17:20:45.063613Z,urllc,uesimtun1,304786,5091,347040,5547,1.070,0,1
2025-11-25T17:20:45.063613Z,mmtc,uesimtun2,343893,5423,434576,7647,1.087,0,1
2025-11-25T17:20:45.313783Z,embb,uesimtun0,347357,5426,446320,7928,1.243,0,1
2025-11-25T17:20:45.313783Z,urllc,uesimtun1,304926,5094,347204,5550,1.177,0,1
2025-11-25T17:20:45.313783Z,mmtc,uesimtun2,344058,5426,434820,7652,,1,1
2025-11-25T17:20:45.563678Z,embb,uesimtun0,347522,5429,446564,7933,1.228,0,1
2025-11-25T17:20:45.563678Z,urllc,uesimtun1,305091,5097,347448,5555,1.081,0,1
2025-11-25T17:20:45.563678Z,mmtc,uesimtun2,344098,5427,434880,7653,1.025,0,1
2025-11-25T17:20:45.813962Z,embb,uesimtun0,347687,5432,446808,7938,1.286,0,1
2025-11-25T17:20:45.813962Z,urllc,uesimtun1,305231,5100,347612,5558,1.091,0,1
2025-11-25T17:20:45.813962Z,mmtc,uesimtun2,344263,5430,435124,7658,1.011,0,1
2025-11-25T17:20:46.063781Z,embb,uesimtun0,347852,5435,447052,7943,1.273,0,1
2025-11-25T17:20:46.063781Z,urllc,uesimtun1,305396,5103,347856,5563,1.047,0,1
2025-11-25T17:20:46.063781Z,mmtc,uesimtun2,344403,5433,435288,7661,1.017,0,1
2025-11-25T17:20:46.314041Z,embb,uesimtun0,348017,5438,447296,7948,1.235,0,1
2025-11-25T17:20:46.314041Z,urllc,uesimtun1,305536,5106,348020,5566,0.981,0,1
2025-11-25T17:20:46.314041Z,mmtc,uesimtun2,344568,5436,435532,7666,0.789,0,1
2025-11-25T17:20:46.563650Z,embb,uesimtun0,348182,5441,447540,7953,1.290,0,1
2025-11-25T17:20:46.563650Z,urllc,uesimtun1,305676,5109,348184,5569,1.025,0,1
2025-11-25T17:20:46.563650Z,mmtc,uesimtun2,344733,5439,435776,7671,0.984,0,1
2025-11-25T17:20:46.813785Z,embb,uesimtun0,348347,5444,447784,7958,1.310,0,1
2025-11-25T17:20:46.813785Z,urllc,uesimtun1,305816,5112,348348,5572,1.181,0,1
2025-11-25T17:20:46.813785Z,mmtc,uesimtun2,344898,5442,436020,7676,1.213,0,1
2025-11-25T17:20:47.064187Z,embb,uesimtun0,348512,5447,448028,7963,1.362,0,1
2025-11-25T17:20:47.064187Z,urllc,uesimtun1,305956,5115,348512,5575,0.993,0,1
2025-11-25T17:20:47.064187Z,mmtc,uesimtun2,345063,5445,436264,7681,1.054,0,1
2025-11-25T17:20:47.313811Z,embb,uesimtun0,348677,5450,448272,7968,1.433,0,1
2025-11-25T17:20:47.313811Z,urllc,uesimtun1,306096,5118,348676,5578,0.925,0,1
2025-11-25T17:20:47.313811Z,mmtc,uesimtun2,345228,5448,436508,7686,1.101,0,1
2025-11-25T17:20:47.563425Z,embb,uesimtun0,348842,5453,448516,7973,1.318,0,1
2025-11-25T17:20:47.563425Z,urllc,uesimtun1,306236,5121,348840,5581,1.078,0,1
2025-11-25T17:20:47.563425Z,mmtc,uesimtun2,345393,5451,436752,7691,0.931,0,1
2025-11-25T17:20:47.813798Z,embb,uesimtun0,349007,5456,448760,7978,66.485,0,1
2025-11-25T17:20:47.813798Z,urllc,uesimtun1,306376,5124,349004,5584,0.926,0,1
2025-11-25T17:20:47.813798Z,mmtc,uesimtun2,345558,5454,436996,7696,1.126,0,1
2025-11-25T17:20:48.063806Z,embb,uesimtun0,349172,5459,449004,7983,1.225,0,1
2025-11-25T17:20:48.063806Z,urllc,uesimtun1,306516,5127,349168,5587,1.043,0,1
2025-11-25T17:20:48.063806Z,mmtc,uesimtun2,345723,5457,437240,7701,1.034,0,1
2025-11-25T17:20:48.314162Z,embb,uesimtun0,349337,5462,449248,7988,1.247,0,1
2025-11-25T17:20:48.314162Z,urllc,uesimtun1,306656,5130,349332,5590,1.056,0,1
2025-11-25T17:20:48.314162Z,mmtc,uesimtun2,345888,5460,437484,7706,1.013,0,1
2025-11-25T17:20:48.563971Z,embb,uesimtun0,349502,5465,449492,7993,1.331,0,1
2025-11-25T17:20:48.563971Z,urllc,uesimtun1,306796,5133,349496,5593,1.067,0,1
2025-11-25T17:20:48.563971Z,mmtc,uesimtun2,346053,5463,437728,7711,0.951,0,1
2025-11-25T17:20:48.814164Z,embb,uesimtun0,349667,5468,449736,7998,1.213,0,1
2025-11-25T17:20:48.814164Z,urllc,uesimtun1,306936,5136,349660,5596,1.004,0,1
2025-11-25T17:20:48.814164Z,mmtc,uesimtun2,346218,5466,437972,7716,0.916,0,1
2025-11-25T17:20:49.063352Z,embb,uesimtun0,349832,5471,449980,8003,1.282,0,1
2025-11-25T17:20:49.063352Z,urllc,uesimtun1,307076,5139,349824,5599,0.998,0,1
2025-11-25T17:20:49.063352Z,mmtc,uesimtun2,346383,5469,438216,7721,0.989,0,1
2025-11-25T17:20:49.313027Z,embb,uesimtun0,349997,5474,450224,8008,1.277,0,1
2025-11-25T17:20:49.313027Z,urllc,uesimtun1,307241,5142,350068,5604,1.047,0,1
2025-11-25T17:20:49.313027Z,mmtc,uesimtun2,346523,5472,438380,7724,0.877,0,1
2025-11-25T17:20:49.563527Z,embb,uesimtun0,350162,5477,450468,8013,1.328,0,1
2025-11-25T17:20:49.563527Z,urllc,uesimtun1,307381,5145,350232,5607,0.978,0,1
2025-11-25T17:20:49.563527Z,mmtc,uesimtun2,346688,5475,438624,7729,1.202,0,1
2025-11-25T17:20:49.813654Z,embb,uesimtun0,350327,5480,450712,8018,1.317,0,1
2025-11-25T17:20:49.813654Z,urllc,uesimtun1,307521,5148,350396,5610,1.039,0,1
2025-11-25T17:20:49.813654Z,mmtc,uesimtun2,346853,5478,438868,7734,0.987,0,1
2025-11-25T17:20:50.063957Z,embb,uesimtun0,350492,5483,450956,8023,1.360,0,1
2025-11-25T17:20:50.063957Z,urllc,uesimtun1,307661,5151,350560,5613,1.124,0,1
2025-11-25T17:20:50.063957Z,mmtc,uesimtun2,347018,5481,439112,7739,1.036,0,1
2025-11-25T17:20:50.314098Z,embb,uesimtun0,350657,5486,451200,8028,1.312,0,1
2025-11-25T17:20:50.314098Z,urllc,uesimtun1,307801,5154,350724,5616,0.929,0,1
2025-11-25T17:20:50.314098Z,mmtc,uesimtun2,347183,5484,439356,7744,0.986,0,1
2025-11-25T17:20:50.563329Z,embb,uesimtun0,350822,5489,451444,8033,1.333,0,1
2025-11-25T17:20:50.563329Z,urllc,uesimtun1,307941,5157,350888,5619,0.973,0,1
2025-11-25T17:20:50.563329Z,mmtc,uesimtun2,347348,5487,439600,7749,1.116,0,1
2025-11-25T17:20:50.813328Z,embb,uesimtun0,350987,5492,451688,8038,1.298,0,1
2025-11-25T17:20:50.813328Z,urllc,uesimtun1,308081,5160,351052,5622,1.059,0,1
2025-11-25T17:20:50.813328Z,mmtc,uesimtun2,347513,5490,439844,7754,1.138,0,1
2025-11-25T17:20:51.063690Z,embb,uesimtun0,351152,5495,451932,8043,1.282,0,1
2025-11-25T17:20:51.063690Z,urllc,uesimtun1,308246,5163,351296,5627,1.049,0,1
2025-11-25T17:20:51.063690Z,mmtc,uesimtun2,347678,5493,440088,7759,0.974,0,1
2025-11-25T17:20:51.313455Z,embb,uesimtun0,351317,5498,452176,8048,1.186,0,1
2025-11-25T17:20:51.313455Z,urllc,uesimtun1,308386,5166,351460,5630,1.010,0,1
2025-11-25T17:20:51.313455Z,mmtc,uesimtun2,347843,5496,440332,7764,0.959,0,1
2025-11-25T17:20:51.564090Z,embb,uesimtun0,351482,5501,452420,8053,1.360,0,1
2025-11-25T17:20:51.564090Z,urllc,uesimtun1,308526,5169,351624,5633,0.972,0,1
2025-11-25T17:20:51.564090Z,mmtc,uesimtun2,348008,5499,440576,7769,1.029,0,1
2025-11-25T17:20:51.813284Z,embb,uesimtun0,351647,5504,452664,8058,1.241,0,1
2025-11-25T17:20:51.813284Z,urllc,uesimtun1,308666,5172,351788,5636,0.994,0,1
2025-11-25T17:20:51.813284Z,mmtc,uesimtun2,348173,5502,440820,7774,1.023,0,1
2025-11-25T17:20:52.063873Z,embb,uesimtun0,351812,5507,452908,8063,1.509,0,1
2025-11-25T17:20:52.063873Z,urllc,uesimtun1,308806,5175,351952,5639,1.072,0,1
2025-11-25T17:20:52.063873Z,mmtc,uesimtun2,348338,5505,441064,7779,1.044,0,1
2025-11-25T17:20:52.313474Z,embb,uesimtun0,351977,5510,453152,8068,1.306,0,1
2025-11-25T17:20:52.313474Z,urllc,uesimtun1,308946,5178,352116,5642,1.042,0,1
2025-11-25T17:20:52.313474Z,mmtc,uesimtun2,348503,5508,441308,7784,1.060,0,1
2025-11-25T17:20:52.563758Z,embb,uesimtun0,352142,5513,453396,8073,1.269,0,1
2025-11-25T17:20:52.563758Z,urllc,uesimtun1,309086,5181,352280,5645,1.004,0,1
2025-11-25T17:20:52.563758Z,mmtc,uesimtun2,348668,5511,441552,7789,0.944,0,1
2025-11-25T17:20:52.813781Z,embb,uesimtun0,352307,5516,453640,8078,,1,1
2025-11-25T17:20:52.813781Z,urllc,uesimtun1,309226,5184,352444,5648,46.795,0,1
2025-11-25T17:20:52.813781Z,mmtc,uesimtun2,348833,5514,441796,7794,1.738,0,1
2025-11-25T17:20:53.065267Z,embb,uesimtun0,352367,5517,453740,8080,1.070,0,1
2025-11-25T17:20:53.065267Z,urllc,uesimtun1,309391,5187,352688,5653,0.909,0,1
2025-11-25T17:20:53.065267Z,mmtc,uesimtun2,348973,5517,441960,7797,0.994,0,1
2025-11-25T17:20:53.316200Z,embb,uesimtun0,352532,5520,453984,8085,1.291,0,1
2025-11-25T17:20:53.316200Z,urllc,uesimtun1,309531,5190,352852,5656,1.021,0,1
2025-11-25T17:20:53.316200Z,mmtc,uesimtun2,349138,5520,442204,7802,0.825,0,1
2025-11-25T17:20:53.565554Z,embb,uesimtun0,352697,5523,454228,8090,1.297,0,1
2025-11-25T17:20:53.565554Z,urllc,uesimtun1,309671,5193,353016,5659,0.997,0,1
2025-11-25T17:20:53.565554Z,mmtc,uesimtun2,349355,5524,442448,7807,1.107,0,1
2025-11-25T17:20:53.815823Z,embb,uesimtun0,352862,5526,454472,8095,104.641,0,1
2025-11-25T17:20:53.815823Z,urllc,uesimtun1,309811,5196,353180,5662,0.954,0,1
2025-11-25T17:20:53.815823Z,mmtc,uesimtun2,349520,5527,442692,7812,0.975,0,1
2025-11-25T17:20:54.066107Z,embb,uesimtun0,353027,5529,454716,8100,1.203,0,1
2025-11-25T17:20:54.066107Z,urllc,uesimtun1,309951,5199,353344,5665,1.007,0,1
2025-11-25T17:20:54.066107Z,mmtc,uesimtun2,349737,5531,442936,7817,0.997,0,1
2025-11-25T17:20:54.316115Z,embb,uesimtun0,353192,5532,454960,8105,1.328,0,1
2025-11-25T17:20:54.316115Z,urllc,uesimtun1,310091,5202,353508,5668,1.086,0,1
2025-11-25T17:20:54.316115Z,mmtc,uesimtun2,349902,5534,443180,7822,1.074,0,1
2025-11-25T17:20:54.565952Z,embb,uesimtun0,353357,5535,455204,8110,1.379,0,1
2025-11-25T17:20:54.565952Z,urllc,uesimtun1,310231,5205,353672,5671,0.948,0,1
2025-11-25T17:20:54.565952Z,mmtc,uesimtun2,350067,5537,443424,7827,0.901,0,1
2025-11-25T17:20:54.815984Z,embb,uesimtun0,353522,5538,455448,8115,1.269,0,1
2025-11-25T17:20:54.815984Z,urllc,uesimtun1,310371,5208,353836,5674,1.201,0,1
2025-11-25T17:20:54.815984Z,mmtc,uesimtun2,350232,5540,443668,7832,,1,1
2025-11-25T17:20:55.065594Z,embb,uesimtun0,353687,5541,455692,8120,1.271,0,1
2025-11-25T17:20:55.065594Z,urllc,uesimtun1,310536,5211,354080,5679,1.004,0,1
2025-11-25T17:20:55.065594Z,mmtc,uesimtun2,350272,5541,443728,7833,1.091,0,1
2025-11-25T17:20:55.316259Z,embb,uesimtun0,353852,5544,455936,8125,1.320,0,1
2025-11-25T17:20:55.316259Z,urllc,uesimtun1,310676,5214,354244,5682,1.047,0,1
2025-11-25T17:20:55.316259Z,mmtc,uesimtun2,350437,5544,443972,7838,0.849,0,1
2025-11-25T17:20:55.566165Z,embb,uesimtun0,354017,5547,456180,8130,1.354,0,1
2025-11-25T17:20:55.566165Z,urllc,uesimtun1,310816,5217,354408,5685,0.985,0,1
2025-11-25T17:20:55.566165Z,mmtc,uesimtun2,350654,5548,444216,7843,1.046,0,1
2025-11-25T17:20:55.815837Z,embb,uesimtun0,354182,5550,456424,8135,1.278,0,1
2025-11-25T17:20:55.815837Z,urllc,uesimtun1,310956,5220,354572,5688,0.959,0,1
2025-11-25T17:20:55.815837Z,mmtc,uesimtun2,350819,5551,444460,7848,0.902,0,1
2025-11-25T17:20:56.066193Z,embb,uesimtun0,354347,5553,456668,8140,1.243,0,1
2025-11-25T17:20:56.066193Z,urllc,uesimtun1,311096,5223,354736,5691,0.934,0,1
2025-11-25T17:20:56.066193Z,mmtc,uesimtun2,350984,5554,444704,7853,1.067,0,1
2025-11-25T17:20:56.316251Z,embb,uesimtun0,354512,5556,456912,8145,1.424,0,1
2025-11-25T17:20:56.316251Z,urllc,uesimtun1,311236,5226,354900,5694,1.062,0,1
2025-11-25T17:20:56.316251Z,mmtc,uesimtun2,351149,5557,444948,7858,0.977,0,1
2025-11-25T17:20:56.566215Z,embb,uesimtun0,354677,5559,457156,8150,1.382,0,1
2025-11-25T17:20:56.566215Z,urllc,uesimtun1,311376,5229,355064,5697,0.908,0,1
2025-11-25T17:20:56.566215Z,mmtc,uesimtun2,351314,5560,445192,7863,0.934,0,1
2025-11-25T17:20:56.815661Z,embb,uesimtun0,354842,5562,457400,8155,1.143,0,1
2025-11-25T17:20:56.815661Z,urllc,uesimtun1,311516,5232,355228,5700,0.920,0,1
2025-11-25T17:20:56.815661Z,mmtc,uesimtun2,351479,5563,445436,7868,0.951,0,1
2025-11-25T17:20:57.066356Z,embb,uesimtun0,355007,5565,457644,8160,1.347,0,1
2025-11-25T17:20:57.066356Z,urllc,uesimtun1,311656,5235,355392,5703,0.986,0,1
2025-11-25T17:20:57.066356Z,mmtc,uesimtun2,351644,5566,445680,7873,0.968,0,1
2025-11-25T17:20:57.316339Z,embb,uesimtun0,355172,5568,457888,8165,1.333,0,1
2025-11-25T17:20:57.316339Z,urllc,uesimtun1,311796,5238,355556,5706,1.064,0,1
2025-11-25T17:20:57.316339Z,mmtc,uesimtun2,351809,5569,445924,7878,1.023,0,1
2025-11-25T17:20:57.565853Z,embb,uesimtun0,355337,5571,458132,8170,2.454,0,1
2025-11-25T17:20:57.565853Z,urllc,uesimtun1,311936,5241,355720,5709,1.297,0,1
2025-11-25T17:20:57.565853Z,mmtc,uesimtun2,352026,5573,446168,7883,1.046,0,1
2025-11-25T17:20:57.816026Z,embb,uesimtun0,355502,5574,458376,8175,1.347,0,1
2025-11-25T17:20:57.816026Z,urllc,uesimtun1,312076,5244,355884,5712,0.961,0,1
2025-11-25T17:20:57.816026Z,mmtc,uesimtun2,352191,5576,446412,7888,0.972,0,1
2025-11-25T17:20:58.065992Z,embb,uesimtun0,355667,5577,458620,8180,1.405,0,1
2025-11-25T17:20:58.065992Z,urllc,uesimtun1,312216,5247,356048,5715,,1,1
2025-11-25T17:20:58.065992Z,mmtc,uesimtun2,352356,5579,446656,7893,0.958,0,1
2025-11-25T17:20:58.315683Z,embb,uesimtun0,355884,5581,458864,8185,1.363,0,1
2025-11-25T17:20:58.315683Z,urllc,uesimtun1,312256,5248,356108,5716,0.945,0,1
2025-11-25T17:20:58.315683Z,mmtc,uesimtun2,352521,5582,446900,7898,1.113,0,1
2025-11-25T17:20:58.565648Z,embb,uesimtun0,356049,5584,459108,8190,1.316,0,1
2025-11-25T17:20:58.565648Z,urllc,uesimtun1,312396,5251,356272,5719,1.009,0,1
2025-11-25T17:20:58.565648Z,mmtc,uesimtun2,352686,5585,447144,7903,0.933,0,1
2025-11-25T17:20:58.815872Z,embb,uesimtun0,356214,5587,459352,8195,1.339,0,1
2025-11-25T17:20:58.815872Z,urllc,uesimtun1,312536,5254,356436,5722,1.950,0,1
2025-11-25T17:20:58.815872Z,mmtc,uesimtun2,352851,5588,447388,7908,1.194,0,1
2025-11-25T17:20:59.066309Z,embb,uesimtun0,356379,5590,459596,8200,1.274,0,1
2025-11-25T17:20:59.066309Z,urllc,uesimtun1,312676,5257,356600,5725,0.993,0,1
2025-11-25T17:20:59.066309Z,mmtc,uesimtun2,353016,5591,447632,7913,1.102,0,1
2025-11-25T17:20:59.316160Z,embb,uesimtun0,356544,5593,459840,8205,1.276,0,1
2025-11-25T17:20:59.316160Z,urllc,uesimtun1,312816,5260,356764,5728,1.025,0,1
2025-11-25T17:20:59.316160Z,mmtc,uesimtun2,353181,5594,447876,7918,1.145,0,1
2025-11-25T17:20:59.566521Z,embb,uesimtun0,356709,5596,460084,8210,1.357,0,1
2025-11-25T17:20:59.566521Z,urllc,uesimtun1,312956,5263,356928,5731,1.089,0,1
2025-11-25T17:20:59.566521Z,mmtc,uesimtun2,353346,5597,448120,7923,1.179,0,1
2025-11-25T17:20:59.815683Z,embb,uesimtun0,356874,5599,460328,8215,1.336,0,1
2025-11-25T17:20:59.815683Z,urllc,uesimtun1,313096,5266,357092,5734,1.127,0,1
2025-11-25T17:20:59.815683Z,mmtc,uesimtun2,353511,5600,448364,7928,1.004,0,1
2025-11-25T17:21:00.066248Z,embb,uesimtun0,357039,5602,460572,8220,1.382,0,1
2025-11-25T17:21:00.066248Z,urllc,uesimtun1,313236,5269,357256,5737,0.996,0,1
2025-11-25T17:21:00.066248Z,mmtc,uesimtun2,353728,5604,448608,7933,0.993,0,1
2025-11-25T17:21:00.315884Z,embb,uesimtun0,357204,5605,460816,8225,1.331,0,1
2025-11-25T17:21:00.315884Z,urllc,uesimtun1,313376,5272,357420,5740,,1,1
2025-11-25T17:21:00.315884Z,mmtc,uesimtun2,353893,5607,448852,7938,1.013,0,1
2025-11-25T17:21:00.566545Z,embb,uesimtun0,357369,5608,461060,8230,1.523,0,1
2025-11-25T17:21:00.566545Z,urllc,uesimtun1,313416,5273,357480,5741,0.960,0,1
2025-11-25T17:21:00.566545Z,mmtc,uesimtun2,354058,5610,449096,7943,1.003,0,1
2025-11-25T17:21:00.815963Z,embb,uesimtun0,357534,5611,461304,8235,1.437,0,1
2025-11-25T17:21:00.815963Z,urllc,uesimtun1,313556,5276,357644,5744,1.032,0,1
2025-11-25T17:21:00.815963Z,mmtc,uesimtun2,354223,5613,449340,7948,0.898,0,1
2025-11-25T17:21:01.065546Z,embb,uesimtun0,357699,5614,461548,8240,1.330,0,1
2025-11-25T17:21:01.065546Z,urllc,uesimtun1,313696,5279,357808,5747,1.075,0,1
2025-11-25T17:21:01.065546Z,mmtc,uesimtun2,354388,5616,449584,7953,0.990,0,1
2025-11-25T17:21:01.315642Z,embb,uesimtun0,357864,5617,461792,8245,1.467,0,1
2025-11-25T17:21:01.315642Z,urllc,uesimtun1,313861,5282,358052,5752,1.131,0,1
2025-11-25T17:21:01.315642Z,mmtc,uesimtun2,354528,5619,449748,7956,1.021,0,1
2025-11-25T17:21:01.565714Z,embb,uesimtun0,358029,5620,462036,8250,1.273,0,1
2025-11-25T17:21:01.565714Z,urllc,uesimtun1,314001,5285,358216,5755,1.090,0,1
2025-11-25T17:21:01.565714Z,mmtc,uesimtun2,354693,5622,449992,7961,1.025,0,1
2025-11-25T17:21:01.816376Z,embb,uesimtun0,358194,5623,462280,8255,1.340,0,1
2025-11-25T17:21:01.816376Z,urllc,uesimtun1,314141,5288,358380,5758,0.949,0,1
2025-11-25T17:21:01.816376Z,mmtc,uesimtun2,354858,5625,450236,7966,0.993,0,1
2025-11-25T17:21:02.065743Z,embb,uesimtun0,358359,5626,462524,8260,1.262,0,1
2025-11-25T17:21:02.065743Z,urllc,uesimtun1,314281,5291,358544,5761,,1,1
2025-11-25T17:21:02.065743Z,mmtc,uesimtun2,355023,5628,450480,7971,1.079,0,1
2025-11-25T17:21:02.316136Z,embb,uesimtun0,358524,5629,462768,8265,1.398,0,1
2025-11-25T17:21:02.316136Z,urllc,uesimtun1,314321,5292,358604,5762,1.077,0,1
2025-11-25T17:21:02.316136Z,mmtc,uesimtun2,355188,5631,450724,7976,0.978,0,1
2025-11-25T17:21:02.565975Z,embb,uesimtun0,358689,5632,463012,8270,1.281,0,1
2025-11-25T17:21:02.565975Z,urllc,uesimtun1,314461,5295,358768,5765,,1,1
2025-11-25T17:21:02.565975Z,mmtc,uesimtun2,355353,5634,450968,7981,1.111,0,1
2025-11-25T17:21:02.816311Z,embb,uesimtun0,358854,5635,463256,8275,1.305,0,1
2025-11-25T17:21:02.816311Z,urllc,uesimtun1,314501,5296,358828,5766,0.955,0,1
2025-11-25T17:21:02.816311Z,mmtc,uesimtun2,355518,5637,451212,7986,1.560,0,1
2025-11-25T17:21:03.066248Z,embb,uesimtun0,359019,5638,463500,8280,1.302,0,1
2025-11-25T17:21:03.066248Z,urllc,uesimtun1,314641,5299,358992,5769,1.038,0,1
2025-11-25T17:21:03.066248Z,mmtc,uesimtun2,355683,5640,451456,7991,1.036,0,1
2025-11-25T17:21:03.316191Z,embb,uesimtun0,359184,5641,463744,8285,1.371,0,1
2025-11-25T17:21:03.316191Z,urllc,uesimtun1,314781,5302,359156,5772,5.278,0,1
2025-11-25T17:21:03.316191Z,mmtc,uesimtun2,355848,5643,451700,7996,1.097,0,1
2025-11-25T17:21:03.566233Z,embb,uesimtun0,359349,5644,463988,8290,1.433,0,1
2025-11-25T17:21:03.566233Z,urllc,uesimtun1,314921,5305,359320,5775,,1,1
2025-11-25T17:21:03.566233Z,mmtc,uesimtun2,356013,5646,451944,8001,1.125,0,1
2025-11-25T17:21:03.815587Z,embb,uesimtun0,359514,5647,464232,8295,1.226,0,1
2025-11-25T17:21:03.815587Z,urllc,uesimtun1,314961,5306,359380,5776,,1,1
2025-11-25T17:21:03.815587Z,mmtc,uesimtun2,356178,5649,452188,8006,0.988,0,1
2025-11-25T17:21:04.066303Z,embb,uesimtun0,359679,5650,464476,8300,1.361,0,1
2025-11-25T17:21:04.066303Z,urllc,uesimtun1,315001,5307,359440,5777,0.972,0,1
2025-11-25T17:21:04.066303Z,mmtc,uesimtun2,356343,5652,452432,8011,0.835,0,1
2025-11-25T17:21:04.316242Z,embb,uesimtun0,359844,5653,464720,8305,1.336,0,1
2025-11-25T17:21:04.316242Z,urllc,uesimtun1,315141,5310,359604,5780,0.974,0,1
2025-11-25T17:21:04.316242Z,mmtc,uesimtun2,356508,5655,452676,8016,0.967,0,1
2025-11-25T17:21:04.566532Z,embb,uesimtun0,360009,5656,464964,8310,1.415,0,1
2025-11-25T17:21:04.566532Z,urllc,uesimtun1,315281,5313,359768,5783,0.960,0,1
2025-11-25T17:21:04.566532Z,mmtc,uesimtun2,356673,5658,452920,8021,1.090,0,1
2025-11-25T17:21:04.816021Z,embb,uesimtun0,360174,5659,465208,8315,1.255,0,1
2025-11-25T17:21:04.816021Z,urllc,uesimtun1,315421,5316,359932,5786,,1,1
2025-11-25T17:21:04.816021Z,mmtc,uesimtun2,356838,5661,453164,8026,1.041,0,1
2025-11-25T17:21:05.065848Z,embb,uesimtun0,360339,5662,465452,8320,1.358,0,1
2025-11-25T17:21:05.065848Z,urllc,uesimtun1,315461,5317,359992,5787,,1,1
2025-11-25T17:21:05.065848Z,mmtc,uesimtun2,357003,5664,453408,8031,1.053,0,1
2025-11-25T17:21:05.316078Z,embb,uesimtun0,360504,5665,465696,8325,1.302,0,1
2025-11-25T17:21:05.316078Z,urllc,uesimtun1,315501,5318,360052,5788,,1,1
2025-11-25T17:21:05.316078Z,mmtc,uesimtun2,357168,5667,453652,8036,0.938,0,1
2025-11-25T17:21:05.565572Z,embb,uesimtun0,360669,5668,465940,8330,1.422,0,1
2025-11-25T17:21:05.565572Z,urllc,uesimtun1,315541,5319,360112,5789,1.030,0,1
2025-11-25T17:21:05.565572Z,mmtc,uesimtun2,357333,5670,453896,8041,0.926,0,1
2025-11-25T17:21:05.815974Z,embb,uesimtun0,360834,5671,466184,8335,1.299,0,1
2025-11-25T17:21:05.815974Z,urllc,uesimtun1,315681,5322,360276,5792,0.997,0,1
2025-11-25T17:21:05.815974Z,mmtc,uesimtun2,357498,5673,454140,8046,1.440,0,1
2025-11-25T17:21:06.065726Z,embb,uesimtun0,360999,5674,466428,8340,1.388,0,1
2025-11-25T17:21:06.065726Z,urllc,uesimtun1,315821,5325,360440,5795,0.999,0,1
2025-11-25T17:21:06.065726Z,mmtc,uesimtun2,357663,5676,454384,8051,1.030,0,1
2025-11-25T17:21:06.315694Z,embb,uesimtun0,361164,5677,466672,8345,1.276,0,1
2025-11-25T17:21:06.315694Z,urllc,uesimtun1,315961,5328,360604,5798,,1,1
2025-11-25T17:21:06.315694Z,mmtc,uesimtun2,357828,5679,454628,8056,0.999,0,1
2025-11-25T17:21:06.566489Z,embb,uesimtun0,361329,5680,466916,8350,1.607,0,1
2025-11-25T17:21:06.566489Z,urllc,uesimtun1,316001,5329,360664,5799,,1,1
2025-11-25T17:21:06.566489Z,mmtc,uesimtun2,357993,5682,454872,8061,1.123,0,1
2025-11-25T17:21:06.815633Z,embb,uesimtun0,361494,5683,467160,8355,1.319,0,1
2025-11-25T17:21:06.815633Z,urllc,uesimtun1,316041,5330,360724,5800,1.054,0,1
2025-11-25T17:21:06.815633Z,mmtc,uesimtun2,358158,5685,455116,8066,0.952,0,1
2025-11-25T17:21:07.065620Z,embb,uesimtun0,361659,5686,467404,8360,1.343,0,1
2025-11-25T17:21:07.065620Z,urllc,uesimtun1,316181,5333,360888,5803,0.968,0,1
2025-11-25T17:21:07.065620Z,mmtc,uesimtun2,358323,5688,455360,8071,1.075,0,1
2025-11-25T17:21:07.315599Z,embb,uesimtun0,361824,5689,467648,8365,1.330,0,1
2025-11-25T17:21:07.315599Z,urllc,uesimtun1,316346,5336,361132,5808,1.201,0,1
2025-11-25T17:21:07.315599Z,mmtc,uesimtun2,358488,5691,455604,8076,1.083,0,1
2025-11-25T17:21:07.565641Z,embb,uesimtun0,361989,5692,467892,8370,1.221,0,1
2025-11-25T17:21:07.565641Z,urllc,uesimtun1,316486,5339,361296,5811,0.986,0,1
2025-11-25T17:21:07.565641Z,mmtc,uesimtun2,358653,5694,455848,8081,0.908,0,1
2025-11-25T17:21:07.815583Z,embb,uesimtun0,362154,5695,468136,8375,1.370,0,1
2025-11-25T17:21:07.815583Z,urllc,uesimtun1,316626,5342,361460,5814,,1,1
2025-11-25T17:21:07.815583Z,mmtc,uesimtun2,358818,5697,456092,8086,1.002,0,1
2025-11-25T17:21:08.066067Z,embb,uesimtun0,362319,5698,468380,8380,1.397,0,1
2025-11-25T17:21:08.066067Z,urllc,uesimtun1,316666,5343,361520,5815,1.065,0,1
2025-11-25T17:21:08.066067Z,mmtc,uesimtun2,358983,5700,456336,8091,0.981,0,1
2025-11-25T17:21:08.316242Z,embb,uesimtun0,362484,5701,468624,8385,1.513,0,1
2025-11-25T17:21:08.316242Z,urllc,uesimtun1,316806,5346,361684,5818,1.054,0,1
2025-11-25T17:21:08.316242Z,mmtc,uesimtun2,359148,5703,456580,8096,0.966,0,1
2025-11-25T17:21:08.565841Z,embb,uesimtun0,362649,5704,468868,8390,1.279,0,1
2025-11-25T17:21:08.565841Z,urllc,uesimtun1,316946,5349,361848,5821,1.205,0,1
2025-11-25T17:21:08.565841Z,mmtc,uesimtun2,359313,5706,456824,8101,,1,1
2025-11-25T17:21:08.816041Z,embb,uesimtun0,362814,5707,469112,8395,1.330,0,1
2025-11-25T17:21:08.816041Z,urllc,uesimtun1,317111,5352,362092,5826,1.038,0,1
2025-11-25T17:21:08.816041Z,mmtc,uesimtun2,359353,5707,456884,8102,,1,1
2025-11-25T17:21:09.066519Z,embb,uesimtun0,362979,5710,469356,8400,1.326,0,1
2025-11-25T17:21:09.066519Z,urllc,uesimtun1,317276,5355,362336,5831,1.056,0,1
2025-11-25T17:21:09.066519Z,mmtc,uesimtun2,359393,5708,456944,8103,1.079,0,1
2025-11-25T17:21:09.316340Z,embb,uesimtun0,363144,5713,469600,8405,1.305,0,1
2025-11-25T17:21:09.316340Z,urllc,uesimtun1,317441,5358,362580,5836,1.167,0,1
2025-11-25T17:21:09.316340Z,mmtc,uesimtun2,359533,5711,457108,8106,1.177,0,1
2025-11-25T17:21:09.566422Z,embb,uesimtun0,363309,5716,469844,8410,1.269,0,1
2025-11-25T17:21:09.566422Z,urllc,uesimtun1,317606,5361,362824,5841,,1,1
2025-11-25T17:21:09.566422Z,mmtc,uesimtun2,359698,5714,457352,8111,0.978,0,1
2025-11-25T17:21:09.815667Z,embb,uesimtun0,363474,5719,470088,8415,1.292,0,1
2025-11-25T17:21:09.815667Z,urllc,uesimtun1,317646,5362,362884,5842,1.292,0,1
2025-11-25T17:21:09.815667Z,mmtc,uesimtun2,359863,5717,457596,8116,1.152,0,1
2025-11-25T17:21:10.065957Z,embb,uesimtun0,363639,5722,470332,8420,1.472,0,1
2025-11-25T17:21:10.065957Z,urllc,uesimtun1,317786,5365,363048,5845,1.067,0,1
2025-11-25T17:21:10.065957Z,mmtc,uesimtun2,360080,5721,457840,8121,1.178,0,1
2025-11-25T17:21:10.316466Z,embb,uesimtun0,363804,5725,470576,8425,1.410,0,1
2025-11-25T17:21:10.316466Z,urllc,uesimtun1,317951,5368,363292,5850,0.955,0,1
2025-11-25T17:21:10.316466Z,mmtc,uesimtun2,360245,5724,458084,8126,0.932,0,1
2025-11-25T17:21:10.565917Z,embb,uesimtun0,363969,5728,470820,8430,1.292,0,1
2025-11-25T17:21:10.565917Z,urllc,uesimtun1,318091,5371,363456,5853,1.063,0,1
2025-11-25T17:21:10.565917Z,mmtc,uesimtun2,360410,5727,458328,8131,1.060,0,1
2025-11-25T17:21:10.815484Z,embb,uesimtun0,364134,5731,471064,8435,1.255,0,1
2025-11-25T17:21:10.815484Z,urllc,uesimtun1,318231,5374,363620,5856,1.007,0,1
2025-11-25T17:21:10.815484Z,mmtc,uesimtun2,360575,5730,458572,8136,1.083,0,1
2025-11-25T17:21:11.065914Z,embb,uesimtun0,364299,5734,471308,8440,1.231,0,1
2025-11-25T17:21:11.065914Z,urllc,uesimtun1,318371,5377,363784,5859,1.081,0,1
2025-11-25T17:21:11.065914Z,mmtc,uesimtun2,360740,5733,458816,8141,0.989,0,1
2025-11-25T17:21:11.316357Z,embb,uesimtun0,364464,5737,471552,8445,1.342,0,1
2025-11-25T17:21:11.316357Z,urllc,uesimtun1,318536,5380,364028,5864,1.040,0,1
2025-11-25T17:21:11.316357Z,mmtc,uesimtun2,360905,5736,459060,8146,0.992,0,1
2025-11-25T17:21:11.565970Z,embb,uesimtun0,364629,5740,471796,8450,1.218,0,1
2025-11-25T17:21:11.565970Z,urllc,uesimtun1,318676,5383,364192,5867,1.090,0,1
2025-11-25T17:21:11.565970Z,mmtc,uesimtun2,361070,5739,459304,8151,0.931,0,1
2025-11-25T17:21:11.815916Z,embb,uesimtun0,364794,5743,472040,8455,1.237,0,1
2025-11-25T17:21:11.815916Z,urllc,uesimtun1,318816,5386,364356,5870,1.018,0,1
2025-11-25T17:21:11.815916Z,mmtc,uesimtun2,361235,5742,459548,8156,0.979,0,1
2025-11-25T17:21:12.066234Z,embb,uesimtun0,364959,5746,472284,8460,1.361,0,1
2025-11-25T17:21:12.066234Z,urllc,uesimtun1,318956,5389,364520,5873,0.967,0,1
2025-11-25T17:21:12.066234Z,mmtc,uesimtun2,361400,5745,459792,8161,0.864,0,1
2025-11-25T17:21:12.315580Z,embb,uesimtun0,365124,5749,472528,8465,1.183,0,1
2025-11-25T17:21:12.315580Z,urllc,uesimtun1,319096,5392,364684,5876,0.928,0,1
2025-11-25T17:21:12.315580Z,mmtc,uesimtun2,361565,5748,460036,8166,0.976,0,1
2025-11-25T17:21:12.565782Z,embb,uesimtun0,365289,5752,472772,8470,1.228,0,1
2025-11-25T17:21:12.565782Z,urllc,uesimtun1,319236,5395,364848,5879,,1,1
2025-11-25T17:21:12.565782Z,mmtc,uesimtun2,361730,5751,460280,8171,1.095,0,1
2025-11-25T17:21:12.815786Z,embb,uesimtun0,365454,5755,473016,8475,3.767,0,1
2025-11-25T17:21:12.815786Z,urllc,uesimtun1,319276,5396,364908,5880,1.204,0,1
2025-11-25T17:21:12.815786Z,mmtc,uesimtun2,361895,5754,460524,8176,1.151,0,1
2025-11-25T17:21:13.065751Z,embb,uesimtun0,365619,5758,473260,8480,1.249,0,1
2025-11-25T17:21:13.065751Z,urllc,uesimtun1,319416,5399,365072,5883,1.113,0,1
2025-11-25T17:21:13.065751Z,mmtc,uesimtun2,362060,5757,460768,8181,1.024,0,1
2025-11-25T17:21:13.315657Z,embb,uesimtun0,365784,5761,473504,8485,1.214,0,1
2025-11-25T17:21:13.315657Z,urllc,uesimtun1,319556,5402,365236,5886,1.000,0,1
2025-11-25T17:21:13.315657Z,mmtc,uesimtun2,362225,5760,461012,8186,1.249,0,1
2025-11-25T17:21:13.565730Z,embb,uesimtun0,365949,5764,473748,8490,1.288,0,1
2025-11-25T17:21:13.565730Z,urllc,uesimtun1,319696,5405,365400,5889,,1,1
2025-11-25T17:21:13.565730Z,mmtc,uesimtun2,362390,5763,461256,8191,0.994,0,1
2025-11-25T17:21:13.815652Z,embb,uesimtun0,366114,5767,473992,8495,1.333,0,1
2025-11-25T17:21:13.815652Z,urllc,uesimtun1,319736,5406,365460,5890,1.052,0,1
2025-11-25T17:21:13.815652Z,mmtc,uesimtun2,362555,5766,461500,8196,1.133,0,1
2025-11-25T17:21:14.065873Z,embb,uesimtun0,366279,5770,474236,8500,1.305,0,1
2025-11-25T17:21:14.065873Z,urllc,uesimtun1,319876,5409,365624,5893,1.045,0,1
2025-11-25T17:21:14.065873Z,mmtc,uesimtun2,362720,5769,461744,8201,1.055,0,1
2025-11-25T17:21:14.316486Z,embb,uesimtun0,366444,5773,474480,8505,1.273,0,1
2025-11-25T17:21:14.316486Z,urllc,uesimtun1,320016,5412,365788,5896,0.963,0,1
2025-11-25T17:21:14.316486Z,mmtc,uesimtun2,362885,5772,461988,8206,0.995,0,1
2025-11-25T17:21:14.565716Z,embb,uesimtun0,366609,5776,474724,8510,1.310,0,1
2025-11-25T17:21:14.565716Z,urllc,uesimtun1,320156,5415,365952,5899,,1,1
2025-11-25T17:21:14.565716Z,mmtc,uesimtun2,363050,5775,462232,8211,1.026,0,1
2025-11-25T17:21:14.815446Z,embb,uesimtun0,366774,5779,474968,8515,1.350,0,1
2025-11-25T17:21:14.815446Z,urllc,uesimtun1,320196,5416,366012,5900,1.038,0,1
2025-11-25T17:21:14.815446Z,mmtc,uesimtun2,363215,5778,462476,8216,1.005,0,1
2025-11-25T17:21:15.066529Z,embb,uesimtun0,366939,5782,475212,8520,1.288,0,1
2025-11-25T17:21:15.066529Z,urllc,uesimtun1,320336,5419,366176,5903,1.088,0,1
2025-11-25T17:21:15.066529Z,mmtc,uesimtun2,363380,5781,462720,8221,1.135,0,1
2025-11-25T17:21:15.315714Z,embb,uesimtun0,367104,5785,475456,8525,1.292,0,1
2025-11-25T17:21:15.315714Z,urllc,uesimtun1,320476,5422,366340,5906,1.057,0,1
2025-11-25T17:21:15.315714Z,mmtc,uesimtun2,363545,5784,462964,8226,1.054,0,1
2025-11-25T17:21:15.566465Z,embb,uesimtun0,367269,5788,475700,8530,1.235,0,1
2025-11-25T17:21:15.566465Z,urllc,uesimtun1,320616,5425,366504,5909,1.088,0,1
2025-11-25T17:21:15.566465Z,mmtc,uesimtun2,363710,5787,463208,8231,1.007,0,1
2025-11-25T17:21:15.816459Z,embb,uesimtun0,367434,5791,475944,8535,1.328,0,1
2025-11-25T17:21:15.816459Z,urllc,uesimtun1,320756,5428,366668,5912,0.985,0,1
2025-11-25T17:21:15.816459Z,mmtc,uesimtun2,363875,5790,463452,8236,1.006,0,1
2025-11-25T17:21:16.065736Z,embb,uesimtun0,367599,5794,476188,8540,1.382,0,1
2025-11-25T17:21:16.065736Z,urllc,uesimtun1,320896,5431,366832,5915,1.109,0,1
2025-11-25T17:21:16.065736Z,mmtc,uesimtun2,364040,5793,463696,8241,1.103,0,1
2025-11-25T17:21:16.315990Z,embb,uesimtun0,367764,5797,476432,8545,1.261,0,1
2025-11-25T17:21:16.315990Z,urllc,uesimtun1,321036,5434,366996,5918,0.999,0,1
2025-11-25T17:21:16.315990Z,mmtc,uesimtun2,364205,5796,463940,8246,0.914,0,1
2025-11-25T17:21:16.566147Z,embb,uesimtun0,367929,5800,476676,8550,1.329,0,1
2025-11-25T17:21:16.566147Z,urllc,uesimtun1,321176,5437,367160,5921,1.082,0,1
2025-11-25T17:21:16.566147Z,mmtc,uesimtun2,364370,5799,464184,8251,1.011,0,1
2025-11-25T17:21:16.815908Z,embb,uesimtun0,368094,5803,476920,8555,23.717,0,1
2025-11-25T17:21:16.815908Z,urllc,uesimtun1,321316,5440,367324,5924,,1,1
2025-11-25T17:21:16.815908Z,mmtc,uesimtun2,364535,5802,464428,8256,0.963,0,1
2025-11-25T17:21:17.065567Z,embb,uesimtun0,368259,5806,477164,8560,1.250,0,1
2025-11-25T17:21:17.065567Z,urllc,uesimtun1,321356,5441,367384,5925,1.013,0,1
2025-11-25T17:21:17.065567Z,mmtc,uesimtun2,364700,5805,464672,8261,0.926,0,1
2025-11-25T17:21:17.316506Z,embb,uesimtun0,368424,5809,477408,8565,1.326,0,1
2025-11-25T17:21:17.316506Z,urllc,uesimtun1,321496,5444,367548,5928,0.999,0,1
2025-11-25T17:21:17.316506Z,mmtc,uesimtun2,364865,5808,464916,8266,0.963,0,1
2025-11-25T17:21:17.566142Z,embb,uesimtun0,368589,5812,477652,8570,1.288,0,1
2025-11-25T17:21:17.566142Z,urllc,uesimtun1,321636,5447,367712,5931,0.930,0,1
2025-11-25T17:21:17.566142Z,mmtc,uesimtun2,365030,5811,465160,8271,1.158,0,1
2025-11-25T17:21:17.815585Z,embb,uesimtun0,368754,5815,477896,8575,1.368,0,1
2025-11-25T17:21:17.815585Z,urllc,uesimtun1,321776,5450,367876,5934,1.033,0,1
2025-11-25T17:21:17.815585Z,mmtc,uesimtun2,365195,5814,465404,8276,1.130,0,1
2025-11-25T17:21:18.066341Z,embb,uesimtun0,368919,5818,478140,8580,1.302,0,1
2025-11-25T17:21:18.066341Z,urllc,uesimtun1,321916,5453,368040,5937,0.976,0,1
2025-11-25T17:21:18.066341Z,mmtc,uesimtun2,365360,5817,465648,8281,1.014,0,1
2025-11-25T17:21:18.315857Z,embb,uesimtun0,369084,5821,478384,8585,1.308,0,1
2025-11-25T17:21:18.315857Z,urllc,uesimtun1,322056,5456,368204,5940,1.210,0,1
2025-11-25T17:21:18.315857Z,mmtc,uesimtun2,365525,5820,465892,8286,1.032,0,1
2025-11-25T17:21:18.565917Z,embb,uesimtun0,369249,5824,478628,8590,1.368,0,1
2025-11-25T17:21:18.565917Z,urllc,uesimtun1,322196,5459,368368,5943,1.035,0,1
2025-11-25T17:21:18.565917Z,mmtc,uesimtun2,365690,5823,466136,8291,1.075,0,1
2025-11-25T17:21:18.815654Z,embb,uesimtun0,369414,5827,478872,8595,1.247,0,1
2025-11-25T17:21:18.815654Z,urllc,uesimtun1,322336,5462,368532,5946,1.179,0,1
2025-11-25T17:21:18.815654Z,mmtc,uesimtun2,365855,5826,466380,8296,1.184,0,1
2025-11-25T17:21:19.066393Z,embb,uesimtun0,369579,5830,479116,8600,1.389,0,1
2025-11-25T17:21:19.066393Z,urllc,uesimtun1,322501,5465,368776,5951,1.118,0,1
2025-11-25T17:21:19.066393Z,mmtc,uesimtun2,366020,5829,466624,8301,1.340,0,1
2025-11-25T17:21:19.316063Z,embb,uesimtun0,369744,5833,479360,8605,1.336,0,1
2025-11-25T17:21:19.316063Z,urllc,uesimtun1,322641,5468,368940,5954,1.148,0,1
2025-11-25T17:21:19.316063Z,mmtc,uesimtun2,366185,5832,466868,8306,1.013,0,1
2025-11-25T17:21:19.566263Z,embb,uesimtun0,369909,5836,479604,8610,1.418,0,1
2025-11-25T17:21:19.566263Z,urllc,uesimtun1,322806,5471,369184,5959,1.048,0,1
2025-11-25T17:21:19.566263Z,mmtc,uesimtun2,366325,5835,467032,8309,0.956,0,1
2025-11-25T17:21:19.815693Z,embb,uesimtun0,370074,5839,479848,8615,1.503,0,1
2025-11-25T17:21:19.815693Z,urllc,uesimtun1,322946,5474,369348,5962,0.967,0,1
2025-11-25T17:21:19.815693Z,mmtc,uesimtun2,366490,5838,467276,8314,0.904,0,1
2025-11-25T17:21:20.065899Z,embb,uesimtun0,370239,5842,480092,8620,1.448,0,1
2025-11-25T17:21:20.065899Z,urllc,uesimtun1,323086,5477,369512,5965,,1,1
2025-11-25T17:21:20.065899Z,mmtc,uesimtun2,366655,5841,467520,8319,0.888,0,1
2025-11-25T17:21:20.315642Z,embb,uesimtun0,370404,5845,480336,8625,1.418,0,1
2025-11-25T17:21:20.315642Z,urllc,uesimtun1,323126,5478,369572,5966,1.061,0,1
2025-11-25T17:21:20.315642Z,mmtc,uesimtun2,366820,5844,467764,8324,0.950,0,1
2025-11-25T17:21:20.566026Z,embb,uesimtun0,370569,5848,480580,8630,1.432,0,1
2025-11-25T17:21:20.566026Z,urllc,uesimtun1,323266,5481,369736,5969,1.031,0,1
2025-11-25T17:21:20.566026Z,mmtc,uesimtun2,367037,5848,468008,8329,0.957,0,1
2025-11-25T17:21:20.815706Z,embb,uesimtun0,370734,5851,480824,8635,1.432,0,1
2025-11-25T17:21:20.815706Z,urllc,uesimtun1,323406,5484,369900,5972,,1,1
2025-11-25T17:21:20.815706Z,mmtc,uesimtun2,367202,5851,468252,8334,1.053,0,1
2025-11-25T17:21:21.066096Z,embb,uesimtun0,370899,5854,481068,8640,1.462,0,1
2025-11-25T17:21:21.066096Z,urllc,uesimtun1,323446,5485,369960,5973,1.003,0,1
2025-11-25T17:21:21.066096Z,mmtc,uesimtun2,367367,5854,468496,8339,1.033,0,1
2025-11-25T17:21:21.315569Z,embb,uesimtun0,371064,5857,481312,8645,1.305,0,1
2025-11-25T17:21:21.315569Z,urllc,uesimtun1,323586,5488,370124,5976,1.136,0,1
2025-11-25T17:21:21.315569Z,mmtc,uesimtun2,367532,5857,468740,8344,1.047,0,1
2025-11-25T17:21:21.565732Z,embb,uesimtun0,371229,5860,481556,8650,1.387,0,1
2025-11-25T17:21:21.565732Z,urllc,uesimtun1,323726,5491,370288,5979,1.042,0,1
2025-11-25T17:21:21.565732Z,mmtc,uesimtun2,367697,5860,468984,8349,0.968,0,1
2025-11-25T17:21:21.816045Z,embb,uesimtun0,371394,5863,481800,8655,1.434,0,1
2025-11-25T17:21:21.816045Z,urllc,uesimtun1,323866,5494,370452,5982,1.087,0,1
2025-11-25T17:21:21.816045Z,mmtc,uesimtun2,367862,5863,469228,8354,1.002,0,1
2025-11-25T17:21:22.065834Z,embb,uesimtun0,371559,5866,482044,8660,1.407,0,1
2025-11-25T17:21:22.065834Z,urllc,uesimtun1,324006,5497,370616,5985,1.136,0,1
2025-11-25T17:21:22.065834Z,mmtc,uesimtun2,368027,5866,469472,8359,1.203,0,1
2025-11-25T17:21:22.315768Z,embb,uesimtun0,371724,5869,482288,8665,1.236,0,1
2025-11-25T17:21:22.315768Z,urllc,uesimtun1,324146,5500,370780,5988,0.978,0,1
2025-11-25T17:21:22.315768Z,mmtc,uesimtun2,368192,5869,469716,8364,1.017,0,1
2025-11-25T17:21:22.565332Z,embb,uesimtun0,371889,5872,482532,8670,1.402,0,1
2025-11-25T17:21:22.565332Z,urllc,uesimtun1,324286,5503,370944,5991,1.016,0,1
2025-11-25T17:21:22.565332Z,mmtc,uesimtun2,368357,5872,469960,8369,1.072,0,1
2025-11-25T17:21:22.815819Z,embb,uesimtun0,372054,5875,482776,8675,1.469,0,1
2025-11-25T17:21:22.815819Z,urllc,uesimtun1,324426,5506,371108,5994,,1,1
2025-11-25T17:21:22.815819Z,mmtc,uesimtun2,368522,5875,470204,8374,0.994,0,1
2025-11-25T17:21:23.065937Z,embb,uesimtun0,372219,5878,483020,8680,1.245,0,1
2025-11-25T17:21:23.065937Z,urllc,uesimtun1,324466,5507,371168,5995,,1,1
2025-11-25T17:21:23.065937Z,mmtc,uesimtun2,368687,5878,470448,8379,0.979,0,1
2025-11-25T17:21:23.315689Z,embb,uesimtun0,372384,5881,483264,8685,1.662,0,1
2025-11-25T17:21:23.315689Z,urllc,uesimtun1,324506,5508,371228,5996,1.164,0,1
2025-11-25T17:21:23.315689Z,mmtc,uesimtun2,368852,5881,470692,8384,,1,1
2025-11-25T17:21:23.565724Z,embb,uesimtun0,372549,5884,483508,8690,1.456,0,1
2025-11-25T17:21:23.565724Z,urllc,uesimtun1,324671,5511,371472,6001,1.210,0,1
2025-11-25T17:21:23.565724Z,mmtc,uesimtun2,368892,5882,470752,8385,1.282,0,1
2025-11-25T17:21:23.816316Z,embb,uesimtun0,372714,5887,483752,8695,3.395,0,1
2025-11-25T17:21:23.816316Z,urllc,uesimtun1,324836,5514,371716,6006,1.002,0,1
2025-11-25T17:21:23.816316Z,mmtc,uesimtun2,369032,5885,470916,8388,1.210,0,1
2025-11-25T17:21:24.066193Z,embb,uesimtun0,372879,5890,483996,8700,1.524,0,1
2025-11-25T17:21:24.066193Z,urllc,uesimtun1,324976,5517,371880,6009,,1,1
2025-11-25T17:21:24.066193Z,mmtc,uesimtun2,369197,5888,471160,8393,0.955,0,1
2025-11-25T17:21:24.316195Z,embb,uesimtun0,373044,5893,484240,8705,1.516,0,1
2025-11-25T17:21:24.316195Z,urllc,uesimtun1,325016,5518,371940,6010,1.030,0,1
2025-11-25T17:21:24.316195Z,mmtc,uesimtun2,369362,5891,471404,8398,1.080,0,1
2025-11-25T17:21:24.566478Z,embb,uesimtun0,373209,5896,484484,8710,1.532,0,1
2025-11-25T17:21:24.566478Z,urllc,uesimtun1,325181,5521,372184,6015,1.067,0,1
2025-11-25T17:21:24.566478Z,mmtc,uesimtun2,369527,5894,471648,8403,1.016,0,1
2025-11-25T17:21:24.815858Z,embb,uesimtun0,373374,5899,484728,8715,1.539,0,1
2025-11-25T17:21:24.815858Z,urllc,uesimtun1,325321,5524,372348,6018,1.071,0,1
2025-11-25T17:21:24.815858Z,mmtc,uesimtun2,369692,5897,471892,8408,1.166,0,1
2025-11-25T17:21:25.065580Z,embb,uesimtun0,373539,5902,484972,8720,1.309,0,1
2025-11-25T17:21:25.065580Z,urllc,uesimtun1,325486,5527,372592,6023,1.086,0,1
2025-11-25T17:21:25.065580Z,mmtc,uesimtun2,369857,5900,472136,8413,1.005,0,1
2025-11-25T17:21:25.316174Z,embb,uesimtun0,373704,5905,485216,8725,1.339,0,1
2025-11-25T17:21:25.316174Z,urllc,uesimtun1,325626,5530,372756,6026,1.109,0,1
2025-11-25T17:21:25.316174Z,mmtc,uesimtun2,370022,5903,472380,8418,0.927,0,1
2025-11-25T17:21:25.565728Z,embb,uesimtun0,373869,5908,485460,8730,1.311,0,1
2025-11-25T17:21:25.565728Z,urllc,uesimtun1,325766,5533,372920,6029,1.035,0,1
2025-11-25T17:21:25.565728Z,mmtc,uesimtun2,370187,5906,472624,8423,1.087,0,1
2025-11-25T17:21:25.816742Z,embb,uesimtun0,374034,5911,485704,8735,1.401,0,1
2025-11-25T17:21:25.816742Z,urllc,uesimtun1,325906,5536,373084,6032,1.056,0,1
2025-11-25T17:21:25.816742Z,mmtc,uesimtun2,370352,5909,472868,8428,0.997,0,1
2025-11-25T17:21:26.066309Z,embb,uesimtun0,374199,5914,485948,8740,1.566,0,1
2025-11-25T17:21:26.066309Z,urllc,uesimtun1,326046,5539,373248,6035,6.057,0,1
2025-11-25T17:21:26.066309Z,mmtc,uesimtun2,370569,5913,473112,8433,1.024,0,1
2025-11-25T17:21:26.315695Z,embb,uesimtun0,374364,5917,486192,8745,1.570,0,1
2025-11-25T17:21:26.315695Z,urllc,uesimtun1,326186,5542,373412,6038,0.824,0,1
2025-11-25T17:21:26.315695Z,mmtc,uesimtun2,370734,5916,473356,8438,1.117,0,1
2025-11-25T17:21:26.565485Z,embb,uesimtun0,374529,5920,486436,8750,1.484,0,1
2025-11-25T17:21:26.565485Z,urllc,uesimtun1,326326,5545,373576,6041,1.134,0,1
2025-11-25T17:21:26.565485Z,mmtc,uesimtun2,370899,5919,473600,8443,1.479,0,1
2025-11-25T17:21:26.815705Z,embb,uesimtun0,374694,5923,486680,8755,1.421,0,1
2025-11-25T17:21:26.815705Z,urllc,uesimtun1,326466,5548,373740,6044,1.041,0,1
2025-11-25T17:21:26.815705Z,mmtc,uesimtun2,371064,5922,473844,8448,1.234,0,1
2025-11-25T17:21:27.065807Z,embb,uesimtun0,374859,5926,486924,8760,1.601,0,1
2025-11-25T17:21:27.065807Z,urllc,uesimtun1,326606,5551,373904,6047,0.913,0,1
2025-11-25T17:21:27.065807Z,mmtc,uesimtun2,371229,5925,474088,8453,1.008,0,1
2025-11-25T17:21:27.315930Z,embb,uesimtun0,375024,5929,487168,8765,1.521,0,1
2025-11-25T17:21:27.315930Z,urllc,uesimtun1,326771,5554,374148,6052,1.067,0,1
2025-11-25T17:21:27.315930Z,mmtc,uesimtun2,371369,5928,474252,8456,1.067,0,1
2025-11-25T17:21:27.565775Z,embb,uesimtun0,375189,5932,487412,8770,1.409,0,1
2025-11-25T17:21:27.565775Z,urllc,uesimtun1,326911,5557,374312,6055,0.978,0,1
2025-11-25T17:21:27.565775Z,mmtc,uesimtun2,371534,5931,474496,8461,0.986,0,1
2025-11-25T17:21:27.815798Z,embb,uesimtun0,375354,5935,487656,8775,1.510,0,1
2025-11-25T17:21:27.815798Z,urllc,uesimtun1,327051,5560,374476,6058,1.035,0,1
2025-11-25T17:21:27.815798Z,mmtc,uesimtun2,371699,5934,474740,8466,0.957,0,1
2025-11-25T17:21:28.066116Z,embb,uesimtun0,375519,5938,487900,8780,1.442,0,1
2025-11-25T17:21:28.066116Z,urllc,uesimtun1,327191,5563,374640,6061,1.338,0,1
2025-11-25T17:21:28.066116Z,mmtc,uesimtun2,371864,5937,474984,8471,1.327,0,1
2025-11-25T17:21:28.315611Z,embb,uesimtun0,375684,5941,488144,8785,1.382,0,1
2025-11-25T17:21:28.315611Z,urllc,uesimtun1,327331,5566,374804,6064,1.012,0,1
2025-11-25T17:21:28.315611Z,mmtc,uesimtun2,372029,5940,475228,8476,0.945,0,1
2025-11-25T17:21:28.568561Z,embb,uesimtun0,375849,5944,488388,8790,1.496,0,1
2025-11-25T17:21:28.568561Z,urllc,uesimtun1,327471,5569,374968,6067,1.006,0,1
2025-11-25T17:21:28.568561Z,mmtc,uesimtun2,372194,5943,475472,8481,1.012,0,1
2025-11-25T17:21:28.815989Z,embb,uesimtun0,376014,5947,488632,8795,4.046,0,1
2025-11-25T17:21:28.815989Z,urllc,uesimtun1,327611,5572,375132,6070,0.963,0,1
2025-11-25T17:21:28.815989Z,mmtc,uesimtun2,372359,5946,475716,8486,1.136,0,1
2025-11-25T17:21:29.065642Z,embb,uesimtun0,376179,5950,488876,8800,1.534,0,1
2025-11-25T17:21:29.065642Z,urllc,uesimtun1,327751,5575,375296,6073,,1,1
2025-11-25T17:21:29.065642Z,mmtc,uesimtun2,372524,5949,475960,8491,0.994,0,1
2025-11-25T17:21:29.315662Z,embb,uesimtun0,376344,5953,489120,8805,1.589,0,1
2025-11-25T17:21:29.315662Z,urllc,uesimtun1,327791,5576,375356,6074,,1,1
2025-11-25T17:21:29.315662Z,mmtc,uesimtun2,372689,5952,476204,8496,3.024,0,1
2025-11-25T17:21:29.566389Z,embb,uesimtun0,376509,5956,489364,8810,1.569,0,1
2025-11-25T17:21:29.566389Z,urllc,uesimtun1,327831,5577,375416,6075,1.043,0,1
2025-11-25T17:21:29.566389Z,mmtc,uesimtun2,372854,5955,476448,8501,0.921,0,1
2025-11-25T17:21:29.816248Z,embb,uesimtun0,376674,5959,489608,8815,4.693,0,1
2025-11-25T17:21:29.816248Z,urllc,uesimtun1,327971,5580,375580,6078,,1,1
2025-11-25T17:21:29.816248Z,mmtc,uesimtun2,373019,5958,476692,8506,1.039,0,1
2025-11-25T17:21:30.065918Z,embb,uesimtun0,376839,5962,489852,8820,1.513,0,1
2025-11-25T17:21:30.065918Z,urllc,uesimtun1,328011,5581,375640,6079,,1,1
2025-11-25T17:21:30.065918Z,mmtc,uesimtun2,373184,5961,476936,8511,0.997,0,1
2025-11-25T17:21:30.315563Z,embb,uesimtun0,377004,5965,490096,8825,1.302,0,1
2025-11-25T17:21:30.315563Z,urllc,uesimtun1,328051,5582,375700,6080,1.022,0,1
2025-11-25T17:21:30.315563Z,mmtc,uesimtun2,373349,5964,477180,8516,1.338,0,1
2025-11-25T17:21:30.565796Z,embb,uesimtun0,377169,5968,490340,8830,1.524,0,1
2025-11-25T17:21:30.565796Z,urllc,uesimtun1,328191,5585,375864,6083,1.176,0,1
2025-11-25T17:21:30.565796Z,mmtc,uesimtun2,373514,5967,477424,8521,1.216,0,1
2025-11-25T17:21:30.816427Z,embb,uesimtun0,377334,5971,490584,8835,1.544,0,1
2025-11-25T17:21:30.816427Z,urllc,uesimtun1,328356,5588,376108,6088,0.923,0,1
2025-11-25T17:21:30.816427Z,mmtc,uesimtun2,373679,5970,477668,8526,0.923,0,1
2025-11-25T17:21:31.065730Z,embb,uesimtun0,377499,5974,490828,8840,1.555,0,1
2025-11-25T17:21:31.065730Z,urllc,uesimtun1,328496,5591,376272,6091,0.936,0,1
2025-11-25T17:21:31.065730Z,mmtc,uesimtun2,373844,5973,477912,8531,1.067,0,1
2025-11-25T17:21:31.315616Z,embb,uesimtun0,377664,5977,491072,8845,1.577,0,1
2025-11-25T17:21:31.315616Z,urllc,uesimtun1,328636,5594,376436,6094,0.957,0,1
2025-11-25T17:21:31.315616Z,mmtc,uesimtun2,374009,5976,478156,8536,3.520,0,1
2025-11-25T17:21:31.565680Z,embb,uesimtun0,377829,5980,491316,8850,1.615,0,1
2025-11-25T17:21:31.565680Z,urllc,uesimtun1,328776,5597,376600,6097,1.091,0,1
2025-11-25T17:21:31.565680Z,mmtc,uesimtun2,374226,5980,478400,8541,0.953,0,1
2025-11-25T17:21:31.816191Z,embb,uesimtun0,377994,5983,491560,8855,1.315,0,1
2025-11-25T17:21:31.816191Z,urllc,uesimtun1,328916,5600,376764,6100,0.942,0,1
2025-11-25T17:21:31.816191Z,mmtc,uesimtun2,374391,5983,478644,8546,4.632,0,1
2025-11-25T17:21:32.066516Z,embb,uesimtun0,378159,5986,491804,8860,1.451,0,1
2025-11-25T17:21:32.066516Z,urllc,uesimtun1,329056,5603,376928,6103,,1,1
2025-11-25T17:21:32.066516Z,mmtc,uesimtun2,374608,5987,478888,8551,1.037,0,1
2025-11-25T17:21:32.315723Z,embb,uesimtun0,378324,5989,492048,8865,1.574,0,1
2025-11-25T17:21:32.315723Z,urllc,uesimtun1,329096,5604,376988,6104,1.019,0,1
2025-11-25T17:21:32.315723Z,mmtc,uesimtun2,374773,5990,479132,8556,0.973,0,1
2025-11-25T17:21:32.565833Z,embb,uesimtun0,378489,5992,492292,8870,1.367,0,1
2025-11-25T17:21:32.565833Z,urllc,uesimtun1,329236,5607,377152,6107,,1,1
2025-11-25T17:21:32.565833Z,mmtc,uesimtun2,374938,5993,479376,8561,0.932,0,1
2025-11-25T17:21:32.816091Z,embb,uesimtun0,378654,5995,492536,8875,1.206,0,1
2025-11-25T17:21:32.816091Z,urllc,uesimtun1,329276,5608,377212,6108,,1,1
2025-11-25T17:21:32.816091Z,mmtc,uesimtun2,375103,5996,479620,8566,0.972,0,1
2025-11-25T17:21:33.065876Z,embb,uesimtun0,378819,5998,492780,8880,1.486,0,1
2025-11-25T17:21:33.065876Z,urllc,uesimtun1,329316,5609,377272,6109,1.017,0,1
2025-11-25T17:21:33.065876Z,mmtc,uesimtun2,375268,5999,479864,8571,0.960,0,1
2025-11-25T17:21:33.315938Z,embb,uesimtun0,378984,6001,493024,8885,1.337,0,1
2025-11-25T17:21:33.315938Z,urllc,uesimtun1,329456,5612,377436,6112,,1,1
2025-11-25T17:21:33.315938Z,mmtc,uesimtun2,375433,6002,480108,8576,1.056,0,1
2025-11-25T17:21:33.565627Z,embb,uesimtun0,379149,6004,493268,8890,1.437,0,1
2025-11-25T17:21:33.565627Z,urllc,uesimtun1,329496,5613,377496,6113,1.070,0,1
2025-11-25T17:21:33.565627Z,mmtc,uesimtun2,375598,6005,480352,8581,1.107,0,1
2025-11-25T17:21:33.815965Z,embb,uesimtun0,379314,6007,493512,8895,4.245,0,1
2025-11-25T17:21:33.815965Z,urllc,uesimtun1,329636,5616,377660,6116,1.024,0,1
2025-11-25T17:21:33.815965Z,mmtc,uesimtun2,375763,6008,480596,8586,0.891,0,1
2025-11-25T17:21:34.066519Z,embb,uesimtun0,379479,6010,493756,8900,1.289,0,1
2025-11-25T17:21:34.066519Z,urllc,uesimtun1,329776,5619,377824,6119,0.947,0,1
2025-11-25T17:21:34.066519Z,mmtc,uesimtun2,375928,6011,480840,8591,0.893,0,1
2025-11-25T17:21:34.315727Z,embb,uesimtun0,379644,6013,494000,8905,1.359,0,1
2025-11-25T17:21:34.315727Z,urllc,uesimtun1,329916,5622,377988,6122,0.960,0,1
2025-11-25T17:21:34.315727Z,mmtc,uesimtun2,376093,6014,481084,8596,1.100,0,1
2025-11-25T17:21:34.565718Z,embb,uesimtun0,379809,6016,494244,8910,1.461,0,1
2025-11-25T17:21:34.565718Z,urllc,uesimtun1,330056,5625,378152,6125,1.057,0,1
2025-11-25T17:21:34.565718Z,mmtc,uesimtun2,376258,6017,481328,8601,1.174,0,1
2025-11-25T17:21:34.815565Z,embb,uesimtun0,379974,6019,494488,8915,13.963,0,1
2025-11-25T17:21:34.815565Z,urllc,uesimtun1,330196,5628,378316,6128,1.207,0,1
2025-11-25T17:21:34.815565Z,mmtc,uesimtun2,376423,6020,481572,8606,1.089,0,1
2025-11-25T17:21:35.065947Z,embb,uesimtun0,380139,6022,494732,8920,1.550,0,1
2025-11-25T17:21:35.065947Z,urllc,uesimtun1,330336,5631,378480,6131,1.236,0,1
2025-11-25T17:21:35.065947Z,mmtc,uesimtun2,376588,6023,481816,8611,0.881,0,1
2025-11-25T17:21:35.315573Z,embb,uesimtun0,380304,6025,494976,8925,1.635,0,1
2025-11-25T17:21:35.315573Z,urllc,uesimtun1,330476,5634,378644,6134,1.028,0,1
2025-11-25T17:21:35.315573Z,mmtc,uesimtun2,376753,6026,482060,8616,0.992,0,1
2025-11-25T17:21:35.566289Z,embb,uesimtun0,380469,6028,495220,8930,1.475,0,1
2025-11-25T17:21:35.566289Z,urllc,uesimtun1,330616,5637,378808,6137,1.146,0,1
2025-11-25T17:21:35.566289Z,mmtc,uesimtun2,376918,6029,482304,8621,0.972,0,1
2025-11-25T17:21:35.815622Z,embb,uesimtun0,380634,6031,495464,8935,46.448,0,1
2025-11-25T17:21:35.815622Z,urllc,uesimtun1,330756,5640,378972,6140,,1,1
2025-11-25T17:21:35.815622Z,mmtc,uesimtun2,377083,6032,482548,8626,1.680,0,1
2025-11-25T17:21:36.067546Z,embb,uesimtun0,380799,6034,495708,8940,1.082,0,1
2025-11-25T17:21:36.067546Z,urllc,uesimtun1,330756,5640,379032,6141,1.152,0,1
2025-11-25T17:21:36.067546Z,mmtc,uesimtun2,377248,6035,482792,8631,1.019,0,1
2025-11-25T17:21:36.318329Z,embb,uesimtun0,380964,6037,495952,8945,1.587,0,1
2025-11-25T17:21:36.318329Z,urllc,uesimtun1,330921,5643,379276,6146,1.007,0,1
2025-11-25T17:21:36.318329Z,mmtc,uesimtun2,377413,6038,483036,8636,1.040,0,1
2025-11-25T17:21:36.568384Z,embb,uesimtun0,381129,6040,496196,8950,1.509,0,1
2025-11-25T17:21:36.568384Z,urllc,uesimtun1,331061,5646,379440,6149,1.078,0,1
2025-11-25T17:21:36.568384Z,mmtc,uesimtun2,377578,6041,483280,8641,0.950,0,1
2025-11-25T17:21:36.818119Z,embb,uesimtun0,381294,6043,496440,8955,1.252,0,1
2025-11-25T17:21:36.818119Z,urllc,uesimtun1,331201,5649,379604,6152,1.078,0,1
2025-11-25T17:21:36.818119Z,mmtc,uesimtun2,377743,6044,483524,8646,1.066,0,1
2025-11-25T17:21:37.067931Z,embb,uesimtun0,381459,6046,496684,8960,1.233,0,1
2025-11-25T17:21:37.067931Z,urllc,uesimtun1,331341,5652,379768,6155,1.036,0,1
2025-11-25T17:21:37.067931Z,mmtc,uesimtun2,377908,6047,483768,8651,0.980,0,1
2025-11-25T17:21:37.318330Z,embb,uesimtun0,381624,6049,496928,8965,1.533,0,1
2025-11-25T17:21:37.318330Z,urllc,uesimtun1,331481,5655,379932,6158,1.030,0,1
2025-11-25T17:21:37.318330Z,mmtc,uesimtun2,378125,6051,484012,8656,1.081,0,1
2025-11-25T17:21:37.567901Z,embb,uesimtun0,381789,6052,497172,8970,1.496,0,1
2025-11-25T17:21:37.567901Z,urllc,uesimtun1,331621,5658,380096,6161,,1,1
2025-11-25T17:21:37.567901Z,mmtc,uesimtun2,378290,6054,484256,8661,1.073,0,1
2025-11-25T17:21:37.818060Z,embb,uesimtun0,381954,6055,497416,8975,1.335,0,1
2025-11-25T17:21:37.818060Z,urllc,uesimtun1,331661,5659,380156,6162,1.107,0,1
2025-11-25T17:21:37.818060Z,mmtc,uesimtun2,378455,6057,484500,8666,4.304,0,1
2025-11-25T17:21:38.068012Z,embb,uesimtun0,382119,6058,497660,8980,1.525,0,1
2025-11-25T17:21:38.068012Z,urllc,uesimtun1,331801,5662,380320,6165,0.987,0,1
2025-11-25T17:21:38.068012Z,mmtc,uesimtun2,378620,6060,484744,8671,0.960,0,1
2025-11-25T17:21:38.317933Z,embb,uesimtun0,382284,6061,497904,8985,1.582,0,1
2025-11-25T17:21:38.317933Z,urllc,uesimtun1,331941,5665,380484,6168,1.069,0,1
2025-11-25T17:21:38.317933Z,mmtc,uesimtun2,378785,6063,484988,8676,1.282,0,1
2025-11-25T17:21:38.567900Z,embb,uesimtun0,382449,6064,498148,8990,1.483,0,1
2025-11-25T17:21:38.567900Z,urllc,uesimtun1,332081,5668,380648,6171,0.995,0,1
2025-11-25T17:21:38.567900Z,mmtc,uesimtun2,378950,6066,485232,8681,0.937,0,1
2025-11-25T17:21:38.818074Z,embb,uesimtun0,382614,6067,498392,8995,1.556,0,1
2025-11-25T17:21:38.818074Z,urllc,uesimtun1,332221,5671,380812,6174,0.986,0,1
2025-11-25T17:21:38.818074Z,mmtc,uesimtun2,379115,6069,485476,8686,0.949,0,1
2025-11-25T17:21:39.068593Z,embb,uesimtun0,382779,6070,498636,9000,1.591,0,1
2025-11-25T17:21:39.068593Z,urllc,uesimtun1,332361,5674,380976,6177,,1,1
2025-11-25T17:21:39.068593Z,mmtc,uesimtun2,379280,6072,485720,8691,4.487,0,1
2025-11-25T17:21:39.318021Z,embb,uesimtun0,382944,6073,498880,9005,1.240,0,1
2025-11-25T17:21:39.318021Z,urllc,uesimtun1,332401,5675,381036,6178,1.084,0,1
2025-11-25T17:21:39.318021Z,mmtc,uesimtun2,379445,6075,485964,8696,1.111,0,1
2025-11-25T17:21:39.567830Z,embb,uesimtun0,383109,6076,499124,9010,1.347,0,1
2025-11-25T17:21:39.567830Z,urllc,uesimtun1,332541,5678,381200,6181,1.098,0,1
2025-11-25T17:21:39.567830Z,mmtc,uesimtun2,379610,6078,486208,8701,1.025,0,1
2025-11-25T17:21:39.818102Z,embb,uesimtun0,383274,6079,499368,9015,1.538,0,1
2025-11-25T17:21:39.818102Z,urllc,uesimtun1,332681,5681,381364,6184,1.028,0,1
2025-11-25T17:21:39.818102Z,mmtc,uesimtun2,379775,6081,486452,8706,1.046,0,1
2025-11-25T17:21:40.067850Z,embb,uesimtun0,383439,6082,499612,9020,1.626,0,1
2025-11-25T17:21:40.067850Z,urllc,uesimtun1,332821,5684,381528,6187,1.086,0,1
2025-11-25T17:21:40.067850Z,mmtc,uesimtun2,379940,6084,486696,8711,1.158,0,1
2025-11-25T17:21:40.317923Z,embb,uesimtun0,383604,6085,499856,9025,1.264,0,1
2025-11-25T17:21:40.317923Z,urllc,uesimtun1,332961,5687,381692,6190,1.053,0,1
2025-11-25T17:21:40.317923Z,mmtc,uesimtun2,380105,6087,486940,8716,1.132,0,1
2025-11-25T17:21:40.568617Z,embb,uesimtun0,383769,6088,500100,9030,1.281,0,1
2025-11-25T17:21:40.568617Z,urllc,uesimtun1,333101,5690,381856,6193,0.998,0,1
2025-11-25T17:21:40.568617Z,mmtc,uesimtun2,380270,6090,487184,8721,1.024,0,1
2025-11-25T17:21:41.290920Z,embb,uesimtun0,383934,6091,500344,9035,49.364,0,1
2025-11-25T17:21:41.290920Z,urllc,uesimtun1,333241,5693,382020,6196,,1,1
2025-11-25T17:21:41.290920Z,mmtc,uesimtun2,380435,6093,487428,8726,1.267,0,1
2025-11-25T17:21:41.345470Z,embb,uesimtun0,384099,6094,500588,9040,1.001,0,1
2025-11-25T17:21:41.345470Z,urllc,uesimtun1,333281,5694,382080,6197,0.905,0,1
2025-11-25T17:21:41.345470Z,mmtc,uesimtun2,380600,6096,487672,8731,0.980,0,1
2025-11-25T17:21:41.595997Z,embb,uesimtun0,384264,6097,500832,9045,1.514,0,1
2025-11-25T17:21:41.595997Z,urllc,uesimtun1,333421,5697,382244,6200,0.984,0,1
2025-11-25T17:21:41.595997Z,mmtc,uesimtun2,380765,6099,487916,8736,0.934,0,1
2025-11-25T17:21:41.845876Z,embb,uesimtun0,384429,6100,501076,9050,1.312,0,1
2025-11-25T17:21:41.845876Z,urllc,uesimtun1,333561,5700,382408,6203,0.984,0,1
2025-11-25T17:21:41.845876Z,mmtc,uesimtun2,380930,6102,488160,8741,0.967,0,1
2025-11-25T17:21:42.096262Z,embb,uesimtun0,384594,6103,501320,9055,1.266,0,1
2025-11-25T17:21:42.096262Z,urllc,uesimtun1,333701,5703,382572,6206,1.034,0,1
2025-11-25T17:21:42.096262Z,mmtc,uesimtun2,381095,6105,488404,8746,0.968,0,1
2025-11-25T17:21:42.345769Z,embb,uesimtun0,384759,6106,501564,9060,1.292,0,1
2025-11-25T17:21:42.345769Z,urllc,uesimtun1,333841,5706,382736,6209,1.169,0,1
2025-11-25T17:21:42.345769Z,mmtc,uesimtun2,381260,6108,488648,8751,1.266,0,1
2025-11-25T17:21:42.595893Z,embb,uesimtun0,384924,6109,501808,9065,1.438,0,1
2025-11-25T17:21:42.595893Z,urllc,uesimtun1,334006,5709,382980,6214,1.009,0,1
2025-11-25T17:21:42.595893Z,mmtc,uesimtun2,381400,6111,488812,8754,0.985,0,1
2025-11-25T17:21:42.845880Z,embb,uesimtun0,385089,6112,502052,9070,1.585,0,1
2025-11-25T17:21:42.845880Z,urllc,uesimtun1,334146,5712,383144,6217,1.016,0,1
2025-11-25T17:21:42.845880Z,mmtc,uesimtun2,381565,6114,489056,8759,0.951,0,1
2025-11-25T17:21:43.096313Z,embb,uesimtun0,385254,6115,502296,9075,1.264,0,1
2025-11-25T17:21:43.096313Z,urllc,uesimtun1,334286,5715,383308,6220,0.974,0,1
2025-11-25T17:21:43.096313Z,mmtc,uesimtun2,381730,6117,489300,8764,0.996,0,1
2025-11-25T17:21:43.345902Z,embb,uesimtun0,385419,6118,502540,9080,1.296,0,1
2025-11-25T17:21:43.345902Z,urllc,uesimtun1,334426,5718,383472,6223,1.026,0,1
2025-11-25T17:21:43.345902Z,mmtc,uesimtun2,381895,6120,489544,8769,1.084,0,1
2025-11-25T17:21:43.596178Z,embb,uesimtun0,385584,6121,502784,9085,1.439,0,1
2025-11-25T17:21:43.596178Z,urllc,uesimtun1,334566,5721,383636,6226,0.937,0,1
2025-11-25T17:21:43.596178Z,mmtc,uesimtun2,382060,6123,489788,8774,0.979,0,1
2025-11-25T17:21:43.845775Z,embb,uesimtun0,385749,6124,503028,9090,1.210,0,1
2025-11-25T17:21:43.845775Z,urllc,uesimtun1,334706,5724,383800,6229,0.900,0,1
2025-11-25T17:21:43.845775Z,mmtc,uesimtun2,382225,6126,490032,8779,0.932,0,1
2025-11-25T17:21:44.095938Z,embb,uesimtun0,385914,6127,503272,9095,1.259,0,1
2025-11-25T17:21:44.095938Z,urllc,uesimtun1,334846,5727,383964,6232,0.954,0,1
2025-11-25T17:21:44.095938Z,mmtc,uesimtun2,382390,6129,490276,8784,0.968,0,1
2025-11-25T17:21:44.345880Z,embb,uesimtun0,386079,6130,503516,9100,1.218,0,1
2025-11-25T17:21:44.345880Z,urllc,uesimtun1,334986,5730,384128,6235,0.935,0,1
2025-11-25T17:21:44.345880Z,mmtc,uesimtun2,382555,6132,490520,8789,6.324,0,1
2025-11-25T17:21:44.596021Z,embb,uesimtun0,386244,6133,503760,9105,1.535,0,1
2025-11-25T17:21:44.596021Z,urllc,uesimtun1,335126,5733,384292,6238,1.175,0,1
2025-11-25T17:21:44.596021Z,mmtc,uesimtun2,382720,6135,490764,8794,0.885,0,1
2025-11-25T17:21:44.845767Z,embb,uesimtun0,386409,6136,504004,9110,1.347,0,1
2025-11-25T17:21:44.845767Z,urllc,uesimtun1,335266,5736,384456,6241,0.947,0,1
2025-11-25T17:21:44.845767Z,mmtc,uesimtun2,382885,6138,491008,8799,1.205,0,1
2025-11-25T17:21:45.096059Z,embb,uesimtun0,386574,6139,504248,9115,1.473,0,1
2025-11-25T17:21:45.096059Z,urllc,uesimtun1,335406,5739,384620,6244,0.906,0,1
2025-11-25T17:21:45.096059Z,mmtc,uesimtun2,383050,6141,491252,8804,0.974,0,1
2025-11-25T17:21:45.345968Z,embb,uesimtun0,386739,6142,504492,9120,1.448,0,1
2025-11-25T17:21:45.345968Z,urllc,uesimtun1,335546,5742,384784,6247,,1,1
2025-11-25T17:21:45.345968Z,mmtc,uesimtun2,383215,6144,491496,8809,0.979,0,1
2025-11-25T17:21:45.595853Z,embb,uesimtun0,386904,6145,504736,9125,1.343,0,1
2025-11-25T17:21:45.595853Z,urllc,uesimtun1,335586,5743,384844,6248,0.904,0,1
2025-11-25T17:21:45.595853Z,mmtc,uesimtun2,383380,6147,491740,8814,1.139,0,1
2025-11-25T17:21:45.846169Z,embb,uesimtun0,387069,6148,504980,9130,,1,1
2025-11-25T17:21:45.846169Z,urllc,uesimtun1,335726,5746,385008,6251,53.133,0,1
2025-11-25T17:21:45.846169Z,mmtc,uesimtun2,383545,6150,491984,8819,,1,1
2025-11-25T17:21:46.103883Z,embb,uesimtun0,387129,6149,505080,9132,1.045,0,1
2025-11-25T17:21:46.103883Z,urllc,uesimtun1,335891,5749,385252,6256,0.896,0,1
2025-11-25T17:21:46.103883Z,mmtc,uesimtun2,383585,6151,492044,8820,0.906,0,1
2025-11-25T17:21:46.353924Z,embb,uesimtun0,387294,6152,505324,9137,1.263,0,1
2025-11-25T17:21:46.353924Z,urllc,uesimtun1,336031,5752,385416,6259,0.906,0,1
2025-11-25T17:21:46.353924Z,mmtc,uesimtun2,383750,6154,492288,8825,0.947,0,1
2025-11-25T17:21:46.604378Z,embb,uesimtun0,387459,6155,505568,9142,1.527,0,1
2025-11-25T17:21:46.604378Z,urllc,uesimtun1,336171,5755,385580,6262,1.210,0,1
2025-11-25T17:21:46.604378Z,mmtc,uesimtun2,383915,6157,492532,8830,0.929,0,1
2025-11-25T17:21:46.854711Z,embb,uesimtun0,387624,6158,505812,9147,1.421,0,1
2025-11-25T17:21:46.854711Z,urllc,uesimtun1,336311,5758,385744,6265,0.982,0,1
2025-11-25T17:21:46.854711Z,mmtc,uesimtun2,384080,6160,492776,8835,0.918,0,1
2025-11-25T17:21:47.106807Z,embb,uesimtun0,387789,6161,506056,9152,1.657,0,1
2025-11-25T17:21:47.106807Z,urllc,uesimtun1,336451,5761,385908,6268,1.146,0,1
2025-11-25T17:21:47.106807Z,mmtc,uesimtun2,384245,6163,493020,8840,0.805,0,1
2025-11-25T17:21:47.354148Z,embb,uesimtun0,387954,6164,506300,9157,4.609,0,1
2025-11-25T17:21:47.354148Z,urllc,uesimtun1,336616,5764,386152,6273,,1,1
2025-11-25T17:21:47.354148Z,mmtc,uesimtun2,384385,6166,493184,8843,1.002,0,1
2025-11-25T17:21:47.604215Z,embb,uesimtun0,388119,6167,506544,9162,1.514,0,1
2025-11-25T17:21:47.604215Z,urllc,uesimtun1,336656,5765,386212,6274,0.922,0,1
2025-11-25T17:21:47.604215Z,mmtc,uesimtun2,384550,6169,493428,8848,0.929,0,1
2025-11-25T17:21:47.854652Z,embb,uesimtun0,388284,6170,506788,9167,1.547,0,1
2025-11-25T17:21:47.854652Z,urllc,uesimtun1,336796,5768,386376,6277,,1,1
2025-11-25T17:21:47.854652Z,mmtc,uesimtun2,384715,6172,493672,8853,1.038,0,1
2025-11-25T17:21:48.105031Z,embb,uesimtun0,388449,6173,507032,9172,1.451,0,1
2025-11-25T17:21:48.105031Z,urllc,uesimtun1,336836,5769,386436,6278,0.984,0,1
2025-11-25T17:21:48.105031Z,mmtc,uesimtun2,384880,6175,493916,8858,0.858,0,1
2025-11-25T17:21:48.354569Z,embb,uesimtun0,388614,6176,507276,9177,1.689,0,1
2025-11-25T17:21:48.354569Z,urllc,uesimtun1,336976,5772,386600,6281,0.943,0,1
2025-11-25T17:21:48.354569Z,mmtc,uesimtun2,385045,6178,494160,8863,1.070,0,1
2025-11-25T17:21:48.604373Z,embb,uesimtun0,388779,6179,507520,9182,1.391,0,1
2025-11-25T17:21:48.604373Z,urllc,uesimtun1,337116,5775,386764,6284,,1,1
2025-11-25T17:21:48.604373Z,mmtc,uesimtun2,385210,6181,494404,8868,0.977,0,1
2025-11-25T17:21:48.854487Z,embb,uesimtun0,388944,6182,507764,9187,1.321,0,1
2025-11-25T17:21:48.854487Z,urllc,uesimtun1,337156,5776,386824,6285,5.302,0,1
2025-11-25T17:21:48.854487Z,mmtc,uesimtun2,385375,6184,494648,8873,,1,1
2025-11-25T17:21:49.104579Z,embb,uesimtun0,389109,6185,508008,9192,1.207,0,1
2025-11-25T17:21:49.104579Z,urllc,uesimtun1,337321,5779,387068,6290,0.957,0,1
2025-11-25T17:21:49.104579Z,mmtc,uesimtun2,385415,6185,494708,8874,0.874,0,1
2025-11-25T17:21:49.354433Z,embb,uesimtun0,389274,6188,508252,9197,1.278,0,1
2025-11-25T17:21:49.354433Z,urllc,uesimtun1,337461,5782,387232,6293,1.195,0,1
2025-11-25T17:21:49.354433Z,mmtc,uesimtun2,385580,6188,494952,8879,1.050,0,1
2025-11-25T17:21:49.604786Z,embb,uesimtun0,389439,6191,508496,9202,1.328,0,1
2025-11-25T17:21:49.604786Z,urllc,uesimtun1,337626,5785,387476,6298,0.942,0,1
2025-11-25T17:21:49.604786Z,mmtc,uesimtun2,385720,6191,495116,8882,1.113,0,1
2025-11-25T17:21:49.854603Z,embb,uesimtun0,389604,6194,508740,9207,1.290,0,1
2025-11-25T17:21:49.854603Z,urllc,uesimtun1,337766,5788,387640,6301,0.951,0,1
2025-11-25T17:21:49.854603Z,mmtc,uesimtun2,385885,6194,495360,8887,1.227,0,1
2025-11-25T17:21:50.104575Z,embb,uesimtun0,389769,6197,508984,9212,1.401,0,1
2025-11-25T17:21:50.104575Z,urllc,uesimtun1,337906,5791,387804,6304,1.082,0,1
2025-11-25T17:21:50.104575Z,mmtc,uesimtun2,386050,6197,495604,8892,0.998,0,1
2025-11-25T17:21:50.354568Z,embb,uesimtun0,389934,6200,509228,9217,1.305,0,1
2025-11-25T17:21:50.354568Z,urllc,uesimtun1,338046,5794,387968,6307,1.089,0,1
2025-11-25T17:21:50.354568Z,mmtc,uesimtun2,386215,6200,495848,8897,1.088,0,1
2025-11-25T17:21:50.604341Z,embb,uesimtun0,390099,6203,509472,9222,1.404,0,1
2025-11-25T17:21:50.604341Z,urllc,uesimtun1,338186,5797,388132,6310,0.942,0,1
2025-11-25T17:21:50.604341Z,mmtc,uesimtun2,386380,6203,496092,8902,0.887,0,1
2025-11-25T17:21:50.854759Z,embb,uesimtun0,390264,6206,509716,9227,1.288,0,1
2025-11-25T17:21:50.854759Z,urllc,uesimtun1,338326,5800,388296,6313,0.946,0,1
2025-11-25T17:21:50.854759Z,mmtc,uesimtun2,386545,6206,496336,8907,0.949,0,1
2025-11-25T17:21:51.105312Z,embb,uesimtun0,390429,6209,509960,9232,1.417,0,1
2025-11-25T17:21:51.105312Z,urllc,uesimtun1,338466,5803,388460,6316,0.958,0,1
2025-11-25T17:21:51.105312Z,mmtc,uesimtun2,386710,6209,496580,8912,0.952,0,1
2025-11-25T17:21:51.354361Z,embb,uesimtun0,390594,6212,510204,9237,1.303,0,1
2025-11-25T17:21:51.354361Z,urllc,uesimtun1,338606,5806,388624,6319,,1,1
2025-11-25T17:21:51.354361Z,mmtc,uesimtun2,386875,6212,496824,8917,1.092,0,1
2025-11-25T17:21:51.604592Z,embb,uesimtun0,390759,6215,510448,9242,1.431,0,1
2025-11-25T17:21:51.604592Z,urllc,uesimtun1,338646,5807,388684,6320,0.999,0,1
2025-11-25T17:21:51.604592Z,mmtc,uesimtun2,387040,6215,497068,8922,1.008,0,1
2025-11-25T17:21:51.854152Z,embb,uesimtun0,390924,6218,510692,9247,1.275,0,1
2025-11-25T17:21:51.854152Z,urllc,uesimtun1,338786,5810,388848,6323,1.014,0,1
2025-11-25T17:21:51.854152Z,mmtc,uesimtun2,387205,6218,497312,8927,1.047,0,1
2025-11-25T17:21:52.105001Z,embb,uesimtun0,391089,6221,510936,9252,1.292,0,1
2025-11-25T17:21:52.105001Z,urllc,uesimtun1,338926,5813,389012,6326,1.046,0,1
2025-11-25T17:21:52.105001Z,mmtc,uesimtun2,387370,6221,497556,8932,1.013,0,1
2025-11-25T17:21:52.354373Z,embb,uesimtun0,391254,6224,511180,9257,1.240,0,1
2025-11-25T17:21:52.354373Z,urllc,uesimtun1,339066,5816,389176,6329,1.051,0,1
2025-11-25T17:21:52.354373Z,mmtc,uesimtun2,387535,6224,497800,8937,1.063,0,1
2025-11-25T17:21:52.604479Z,embb,uesimtun0,391419,6227,511424,9262,1.385,0,1
2025-11-25T17:21:52.604479Z,urllc,uesimtun1,339206,5819,389340,6332,1.186,0,1
2025-11-25T17:21:52.604479Z,mmtc,uesimtun2,387700,6227,498044,8942,,1,1
2025-11-25T17:21:52.854457Z,embb,uesimtun0,391584,6230,511668,9267,1.459,0,1
2025-11-25T17:21:52.854457Z,urllc,uesimtun1,339371,5822,389584,6337,0.992,0,1
2025-11-25T17:21:52.854457Z,mmtc,uesimtun2,387800,6229,498156,8944,0.999,0,1
2025-11-25T17:21:53.104245Z,embb,uesimtun0,391749,6233,511912,9272,1.368,0,1
2025-11-25T17:21:53.104245Z,urllc,uesimtun1,339511,5825,389748,6340,1.072,0,1
2025-11-25T17:21:53.104245Z,mmtc,uesimtun2,387965,6232,498400,8949,1.168,0,1
2025-11-25T17:21:53.354545Z,embb,uesimtun0,391914,6236,512156,9277,1.278,0,1
2025-11-25T17:21:53.354545Z,urllc,uesimtun1,339676,5828,389992,6345,1.095,0,1
2025-11-25T17:21:53.354545Z,mmtc,uesimtun2,388130,6235,498644,8954,1.004,0,1
2025-11-25T17:21:53.604204Z,embb,uesimtun0,392079,6239,512400,9282,1.403,0,1
2025-11-25T17:21:53.604204Z,urllc,uesimtun1,339816,5831,390156,6348,1.029,0,1
2025-11-25T17:21:53.604204Z,mmtc,uesimtun2,388295,6238,498888,8959,1.057,0,1
2025-11-25T17:21:53.854250Z,embb,uesimtun0,392244,6242,512644,9287,1.311,0,1
2025-11-25T17:21:53.854250Z,urllc,uesimtun1,339956,5834,390320,6351,0.967,0,1
2025-11-25T17:21:53.854250Z,mmtc,uesimtun2,388460,6241,499132,8964,0.986,0,1
2025-11-25T17:21:54.104679Z,embb,uesimtun0,392409,6245,512888,9292,1.326,0,1
2025-11-25T17:21:54.104679Z,urllc,uesimtun1,340096,5837,390484,6354,1.088,0,1
2025-11-25T17:21:54.104679Z,mmtc,uesimtun2,388625,6244,499376,8969,0.959,0,1
2025-11-25T17:21:54.354518Z,embb,uesimtun0,392574,6248,513132,9297,1.286,0,1
2025-11-25T17:21:54.354518Z,urllc,uesimtun1,340236,5840,390648,6357,0.983,0,1
2025-11-25T17:21:54.354518Z,mmtc,uesimtun2,388790,6247,499620,8974,0.995,0,1
2025-11-25T17:21:54.604179Z,embb,uesimtun0,392739,6251,513376,9302,1.325,0,1
2025-11-25T17:21:54.604179Z,urllc,uesimtun1,340376,5843,390812,6360,1.026,0,1
2025-11-25T17:21:54.604179Z,mmtc,uesimtun2,388955,6250,499864,8979,0.994,0,1
2025-11-25T17:21:54.854096Z,embb,uesimtun0,392904,6254,513620,9307,1.302,0,1
2025-11-25T17:21:54.854096Z,urllc,uesimtun1,340516,5846,390976,6363,0.968,0,1
2025-11-25T17:21:54.854096Z,mmtc,uesimtun2,389120,6253,500108,8984,1.021,0,1
2025-11-25T17:21:55.104366Z,embb,uesimtun0,393069,6257,513864,9312,1.325,0,1
2025-11-25T17:21:55.104366Z,urllc,uesimtun1,340656,5849,391140,6366,0.964,0,1
2025-11-25T17:21:55.104366Z,mmtc,uesimtun2,389285,6256,500352,8989,1.036,0,1
2025-11-25T17:21:55.354194Z,embb,uesimtun0,393234,6260,514108,9317,1.360,0,1
2025-11-25T17:21:55.354194Z,urllc,uesimtun1,340796,5852,391304,6369,,1,1
2025-11-25T17:21:55.354194Z,mmtc,uesimtun2,389450,6259,500596,8994,1.004,0,1
2025-11-25T17:21:55.604213Z,embb,uesimtun0,393399,6263,514352,9322,1.375,0,1
2025-11-25T17:21:55.604213Z,urllc,uesimtun1,340836,5853,391364,6370,0.951,0,1
2025-11-25T17:21:55.604213Z,mmtc,uesimtun2,389615,6262,500840,8999,0.909,0,1
2025-11-25T17:21:55.854329Z,embb,uesimtun0,393564,6266,514596,9327,1.255,0,1
2025-11-25T17:21:55.854329Z,urllc,uesimtun1,340976,5856,391528,6373,1.057,0,1
2025-11-25T17:21:55.854329Z,mmtc,uesimtun2,389780,6265,501084,9004,0.927,0,1
2025-11-25T17:21:56.104215Z,embb,uesimtun0,393729,6269,514840,9332,1.348,0,1
2025-11-25T17:21:56.104215Z,urllc,uesimtun1,341141,5859,391772,6378,,1,1
2025-11-25T17:21:56.104215Z,mmtc,uesimtun2,389920,6268,501248,9007,1.002,0,1
2025-11-25T17:21:56.355073Z,embb,uesimtun0,393894,6272,515084,9337,1.321,0,1
2025-11-25T17:21:56.355073Z,urllc,uesimtun1,341181,5860,391832,6379,1.041,0,1
2025-11-25T17:21:56.355073Z,mmtc,uesimtun2,390085,6271,501492,9012,1.002,0,1
2025-11-25T17:21:56.604386Z,embb,uesimtun0,394059,6275,515328,9342,1.377,0,1
2025-11-25T17:21:56.604386Z,urllc,uesimtun1,341321,5863,391996,6382,0.974,0,1
2025-11-25T17:21:56.604386Z,mmtc,uesimtun2,390250,6274,501736,9017,1.010,0,1
2025-11-25T17:21:56.854421Z,embb,uesimtun0,394224,6278,515572,9347,125.301,0,1
2025-11-25T17:21:56.854421Z,urllc,uesimtun1,341461,5866,392160,6385,1.151,0,1
2025-11-25T17:21:56.854421Z,mmtc,uesimtun2,390415,6277,501980,9022,1.120,0,1
2025-11-25T17:21:57.104725Z,embb,uesimtun0,394389,6281,515816,9352,1.231,0,1
2025-11-25T17:21:57.104725Z,urllc,uesimtun1,341626,5869,392404,6390,1.040,0,1
2025-11-25T17:21:57.104725Z,mmtc,uesimtun2,390580,6280,502224,9027,1.125,0,1
2025-11-25T17:21:57.354646Z,embb,uesimtun0,394554,6284,516060,9357,1.420,0,1
2025-11-25T17:21:57.354646Z,urllc,uesimtun1,341766,5872,392568,6393,,1,1
2025-11-25T17:21:57.354646Z,mmtc,uesimtun2,390745,6283,502468,9032,0.962,0,1
2025-11-25T17:21:57.604569Z,embb,uesimtun0,394719,6287,516304,9362,1.283,0,1
2025-11-25T17:21:57.604569Z,urllc,uesimtun1,341806,5873,392628,6394,0.987,0,1
2025-11-25T17:21:57.604569Z,mmtc,uesimtun2,390910,6286,502712,9037,1.087,0,1
2025-11-25T17:21:57.854373Z,embb,uesimtun0,394884,6290,516548,9367,1.364,0,1
2025-11-25T17:21:57.854373Z,urllc,uesimtun1,341946,5876,392792,6397,1.018,0,1
2025-11-25T17:21:57.854373Z,mmtc,uesimtun2,391075,6289,502956,9042,1.074,0,1
2025-11-25T17:21:58.104435Z,embb,uesimtun0,395049,6293,516792,9372,1.457,0,1
2025-11-25T17:21:58.104435Z,urllc,uesimtun1,342086,5879,392956,6400,1.038,0,1
2025-11-25T17:21:58.104435Z,mmtc,uesimtun2,391240,6292,503200,9047,1.022,0,1
2025-11-25T17:21:58.354666Z,embb,uesimtun0,395214,6296,517036,9377,1.260,0,1
2025-11-25T17:21:58.354666Z,urllc,uesimtun1,342226,5882,393120,6403,1.285,0,1
2025-11-25T17:21:58.354666Z,mmtc,uesimtun2,391405,6295,503444,9052,1.020,0,1
2025-11-25T17:21:58.604663Z,embb,uesimtun0,395379,6299,517280,9382,1.239,0,1
2025-11-25T17:21:58.604663Z,urllc,uesimtun1,342366,5885,393284,6406,0.921,0,1
2025-11-25T17:21:58.604663Z,mmtc,uesimtun2,391570,6298,503688,9057,1.022,0,1
2025-11-25T17:21:58.881322Z,embb,uesimtun0,395544,6302,517524,9387,1.400,0,1
2025-11-25T17:21:58.881322Z,urllc,uesimtun1,342506,5888,393448,6409,1.011,0,1
2025-11-25T17:21:58.881322Z,mmtc,uesimtun2,391735,6301,503932,9062,1.344,0,1
2025-11-25T17:21:59.104899Z,embb,uesimtun0,395709,6305,517768,9392,1.374,0,1
2025-11-25T17:21:59.104899Z,urllc,uesimtun1,342646,5891,393612,6412,1.086,0,1
2025-11-25T17:21:59.104899Z,mmtc,uesimtun2,391900,6304,504176,9067,0.972,0,1
2025-11-25T17:21:59.354188Z,embb,uesimtun0,395874,6308,518012,9397,1.257,0,1
2025-11-25T17:21:59.354188Z,urllc,uesimtun1,342786,5894,393776,6415,1.072,0,1
2025-11-25T17:21:59.354188Z,mmtc,uesimtun2,392065,6307,504420,9072,0.929,0,1
2025-11-25T17:21:59.604606Z,embb,uesimtun0,396039,6311,518256,9402,1.254,0,1
2025-11-25T17:21:59.604606Z,urllc,uesimtun1,342926,5897,393940,6418,1.009,0,1
2025-11-25T17:21:59.604606Z,mmtc,uesimtun2,392230,6310,504664,9077,1.003,0,1
2025-11-25T17:21:59.854725Z,embb,uesimtun0,396204,6314,518500,9407,1.254,0,1
2025-11-25T17:21:59.854725Z,urllc,uesimtun1,343066,5900,394104,6421,1.144,0,1
2025-11-25T17:21:59.854725Z,mmtc,uesimtun2,392395,6313,504908,9082,1.024,0,1
2025-11-25T17:22:00.104623Z,embb,uesimtun0,396369,6317,518744,9412,1.546,0,1
2025-11-25T17:22:00.104623Z,urllc,uesimtun1,343206,5903,394268,6424,1.070,0,1
2025-11-25T17:22:00.104623Z,mmtc,uesimtun2,392560,6316,505152,9087,1.057,0,1
2025-11-25T17:22:00.354436Z,embb,uesimtun0,396534,6320,518988,9417,1.287,0,1
2025-11-25T17:22:00.354436Z,urllc,uesimtun1,343346,5906,394432,6427,0.972,0,1
2025-11-25T17:22:00.354436Z,mmtc,uesimtun2,392725,6319,505396,9092,1.089,0,1
2025-11-25T17:22:00.604864Z,embb,uesimtun0,396699,6323,519232,9422,1.529,0,1
2025-11-25T17:22:00.604864Z,urllc,uesimtun1,343486,5909,394596,6430,0.990,0,1
2025-11-25T17:22:00.604864Z,mmtc,uesimtun2,392890,6322,505640,9097,1.050,0,1
2025-11-25T17:22:00.854280Z,embb,uesimtun0,396864,6326,519476,9427,1.292,0,1
2025-11-25T17:22:00.854280Z,urllc,uesimtun1,343626,5912,394760,6433,0.991,0,1
2025-11-25T17:22:00.854280Z,mmtc,uesimtun2,393055,6325,505884,9102,1.040,0,1
2025-11-25T17:22:01.104354Z,embb,uesimtun0,397029,6329,519720,9432,1.466,0,1
2025-11-25T17:22:01.104354Z,urllc,uesimtun1,343766,5915,394924,6436,,1,1
2025-11-25T17:22:01.104354Z,mmtc,uesimtun2,393220,6328,506128,9107,1.000,0,1
2025-11-25T17:22:01.354242Z,embb,uesimtun0,397194,6332,519964,9437,1.315,0,1
2025-11-25T17:22:01.354242Z,urllc,uesimtun1,343806,5916,394984,6437,0.982,0,1
2025-11-25T17:22:01.354242Z,mmtc,uesimtun2,393385,6331,506372,9112,1.046,0,1
2025-11-25T17:22:01.604243Z,embb,uesimtun0,397359,6335,520208,9442,1.367,0,1
2025-11-25T17:22:01.604243Z,urllc,uesimtun1,343946,5919,395148,6440,,1,1
2025-11-25T17:22:01.604243Z,mmtc,uesimtun2,393550,6334,506616,9117,13.300,0,1
2025-11-25T17:22:01.854305Z,embb,uesimtun0,397524,6338,520452,9447,1.114,0,1
2025-11-25T17:22:01.854305Z,urllc,uesimtun1,343946,5919,395208,6441,0.955,0,1
2025-11-25T17:22:01.854305Z,mmtc,uesimtun2,393715,6337,506860,9122,0.992,0,1
2025-11-25T17:22:02.104175Z,embb,uesimtun0,397689,6341,520696,9452,1.380,0,1
2025-11-25T17:22:02.104175Z,urllc,uesimtun1,344086,5922,395372,6444,1.052,0,1
2025-11-25T17:22:02.104175Z,mmtc,uesimtun2,393880,6340,507104,9127,1.061,0,1
2025-11-25T17:22:02.354177Z,embb,uesimtun0,397854,6344,520940,9457,1.356,0,1
2025-11-25T17:22:02.354177Z,urllc,uesimtun1,344251,5925,395616,6449,1.043,0,1
2025-11-25T17:22:02.354177Z,mmtc,uesimtun2,394020,6343,507268,9130,1.009,0,1
2025-11-25T17:22:02.604491Z,embb,uesimtun0,398019,6347,521184,9462,1.452,0,1
2025-11-25T17:22:02.604491Z,urllc,uesimtun1,344391,5928,395780,6452,0.973,0,1
2025-11-25T17:22:02.604491Z,mmtc,uesimtun2,394185,6346,507512,9135,1.019,0,1
2025-11-25T17:22:02.854371Z,embb,uesimtun0,398184,6350,521428,9467,1.376,0,1
2025-11-25T17:22:02.854371Z,urllc,uesimtun1,344556,5931,396024,6457,1.019,0,1
2025-11-25T17:22:02.854371Z,mmtc,uesimtun2,394350,6349,507756,9140,1.167,0,1
2025-11-25T17:22:03.104187Z,embb,uesimtun0,398349,6353,521672,9472,1.415,0,1
2025-11-25T17:22:03.104187Z,urllc,uesimtun1,344696,5934,396188,6460,1.040,0,1
2025-11-25T17:22:03.104187Z,mmtc,uesimtun2,394515,6352,508000,9145,0.996,0,1
2025-11-25T17:22:03.354592Z,embb,uesimtun0,398514,6356,521916,9477,1.267,0,1
2025-11-25T17:22:03.354592Z,urllc,uesimtun1,344861,5937,396432,6465,1.047,0,1
2025-11-25T17:22:03.354592Z,mmtc,uesimtun2,394655,6355,508164,9148,1.069,0,1
2025-11-25T17:22:03.605097Z,embb,uesimtun0,398679,6359,522160,9482,1.381,0,1
2025-11-25T17:22:03.605097Z,urllc,uesimtun1,345001,5940,396596,6468,0.995,0,1
2025-11-25T17:22:03.605097Z,mmtc,uesimtun2,394820,6358,508408,9153,0.917,0,1
2025-11-25T17:22:03.854827Z,embb,uesimtun0,398844,6362,522404,9487,1.232,0,1
2025-11-25T17:22:03.854827Z,urllc,uesimtun1,345141,5943,396760,6471,1.041,0,1
2025-11-25T17:22:03.854827Z,mmtc,uesimtun2,394985,6361,508652,9158,0.981,0,1
2025-11-25T17:22:04.104361Z,embb,uesimtun0,399009,6365,522648,9492,1.445,0,1
2025-11-25T17:22:04.104361Z,urllc,uesimtun1,345281,5946,396924,6474,1.035,0,1
2025-11-25T17:22:04.104361Z,mmtc,uesimtun2,395150,6364,508896,9163,1.021,0,1
2025-11-25T17:22:04.355045Z,embb,uesimtun0,399174,6368,522892,9497,1.360,0,1
2025-11-25T17:22:04.355045Z,urllc,uesimtun1,345446,5949,397168,6479,,1,1
2025-11-25T17:22:04.355045Z,mmtc,uesimtun2,395290,6367,509060,9166,1.093,0,1
2025-11-25T17:22:04.604217Z,embb,uesimtun0,399339,6371,523136,9502,1.423,0,1
2025-11-25T17:22:04.604217Z,urllc,uesimtun1,345486,5950,397228,6480,,1,1
2025-11-25T17:22:04.604217Z,mmtc,uesimtun2,395455,6370,509304,9171,1.102,0,1
2025-11-25T17:22:04.854241Z,embb,uesimtun0,399504,6374,523380,9507,1.362,0,1
2025-11-25T17:22:04.854241Z,urllc,uesimtun1,345526,5951,397288,6481,1.071,0,1
2025-11-25T17:22:04.854241Z,mmtc,uesimtun2,395620,6373,509548,9176,0.945,0,1
2025-11-25T17:22:05.104929Z,embb,uesimtun0,399669,6377,523624,9512,1.325,0,1
2025-11-25T17:22:05.104929Z,urllc,uesimtun1,345666,5954,397452,6484,0.983,0,1
2025-11-25T17:22:05.104929Z,mmtc,uesimtun2,395785,6376,509792,9181,0.904,0,1
2025-11-25T17:22:05.354597Z,embb,uesimtun0,399834,6380,523868,9517,1.231,0,1
2025-11-25T17:22:05.354597Z,urllc,uesimtun1,345806,5957,397616,6487,,1,1
2025-11-25T17:22:05.354597Z,mmtc,uesimtun2,395950,6379,510036,9186,1.011,0,1
2025-11-25T17:22:05.605015Z,embb,uesimtun0,399999,6383,524112,9522,1.251,0,1
2025-11-25T17:22:05.605015Z,urllc,uesimtun1,345846,5958,397676,6488,1.193,0,1
2025-11-25T17:22:05.605015Z,mmtc,uesimtun2,396115,6382,510280,9191,1.029,0,1
2025-11-25T17:22:05.854498Z,embb,uesimtun0,400164,6386,524356,9527,1.397,0,1
2025-11-25T17:22:05.854498Z,urllc,uesimtun1,345986,5961,397840,6491,1.087,0,1
2025-11-25T17:22:05.854498Z,mmtc,uesimtun2,396280,6385,510524,9196,,1,1
2025-11-25T17:22:06.104781Z,embb,uesimtun0,400329,6389,524600,9532,1.306,0,1
2025-11-25T17:22:06.104781Z,urllc,uesimtun1,346151,5964,398084,6496,1.048,0,1
2025-11-25T17:22:06.104781Z,mmtc,uesimtun2,396320,6386,510584,9197,1.219,0,1
2025-11-25T17:22:06.354284Z,embb,uesimtun0,400494,6392,524844,9537,1.371,0,1
2025-11-25T17:22:06.354284Z,urllc,uesimtun1,346291,5967,398248,6499,1.066,0,1
2025-11-25T17:22:06.354284Z,mmtc,uesimtun2,396485,6389,510828,9202,1.041,0,1
2025-11-25T17:22:06.604640Z,embb,uesimtun0,400659,6395,525088,9542,1.448,0,1
2025-11-25T17:22:06.604640Z,urllc,uesimtun1,346431,5970,398412,6502,,1,1
2025-11-25T17:22:06.604640Z,mmtc,uesimtun2,396650,6392,511072,9207,1.044,0,1
2025-11-25T17:22:06.854258Z,embb,uesimtun0,400824,6398,525332,9547,1.284,0,1
2025-11-25T17:22:06.854258Z,urllc,uesimtun1,346471,5971,398472,6503,,1,1
2025-11-25T17:22:06.854258Z,mmtc,uesimtun2,396867,6396,511316,9212,0.937,0,1
2025-11-25T17:22:07.104345Z,embb,uesimtun0,400989,6401,525576,9552,1.271,0,1
2025-11-25T17:22:07.104345Z,urllc,uesimtun1,346511,5972,398532,6504,1.007,0,1
2025-11-25T17:22:07.104345Z,mmtc,uesimtun2,397032,6399,511560,9217,0.965,0,1
2025-11-25T17:22:07.354599Z,embb,uesimtun0,401154,6404,525820,9557,1.256,0,1
2025-11-25T17:22:07.354599Z,urllc,uesimtun1,346676,5975,398776,6509,0.933,0,1
2025-11-25T17:22:07.354599Z,mmtc,uesimtun2,397197,6402,511804,9222,0.967,0,1
2025-11-25T17:22:07.604327Z,embb,uesimtun0,401319,6407,526064,9562,1.282,0,1
2025-11-25T17:22:07.604327Z,urllc,uesimtun1,346816,5978,398940,6512,0.980,0,1
2025-11-25T17:22:07.604327Z,mmtc,uesimtun2,397362,6405,512048,9227,0.985,0,1
2025-11-25T17:22:07.854270Z,embb,uesimtun0,401484,6410,526308,9567,5.227,0,1
2025-11-25T17:22:07.854270Z,urllc,uesimtun1,346956,5981,399104,6515,1.057,0,1
2025-11-25T17:22:07.854270Z,mmtc,uesimtun2,397527,6408,512292,9232,0.963,0,1
2025-11-25T17:22:08.104311Z,embb,uesimtun0,401649,6413,526552,9572,1.431,0,1
2025-11-25T17:22:08.104311Z,urllc,uesimtun1,347096,5984,399268,6518,1.013,0,1
2025-11-25T17:22:08.104311Z,mmtc,uesimtun2,397692,6411,512536,9237,0.951,0,1
2025-11-25T17:22:08.354421Z,embb,uesimtun0,401814,6416,526796,9577,1.393,0,1
2025-11-25T17:22:08.354421Z,urllc,uesimtun1,347236,5987,399432,6521,1.066,0,1
2025-11-25T17:22:08.354421Z,mmtc,uesimtun2,397909,6415,512820,9243,1.062,0,1
2025-11-25T17:22:08.604334Z,embb,uesimtun0,401979,6419,527040,9582,1.340,0,1
2025-11-25T17:22:08.604334Z,urllc,uesimtun1,347376,5990,399596,6524,1.003,0,1
2025-11-25T17:22:08.604334Z,mmtc,uesimtun2,398074,6418,513064,9248,0.969,0,1
2025-11-25T17:22:08.854450Z,embb,uesimtun0,402144,6422,527284,9587,1.351,0,1
2025-11-25T17:22:08.854450Z,urllc,uesimtun1,347516,5993,399760,6527,1.031,0,1
2025-11-25T17:22:08.854450Z,mmtc,uesimtun2,398239,6421,513308,9253,0.934,0,1
2025-11-25T17:22:09.104184Z,embb,uesimtun0,402309,6425,527528,9592,1.330,0,1
2025-11-25T17:22:09.104184Z,urllc,uesimtun1,347656,5996,399924,6530,,1,1
2025-11-25T17:22:09.104184Z,mmtc,uesimtun2,398404,6424,513552,9258,0.997,0,1
2025-11-25T17:22:09.354312Z,embb,uesimtun0,402474,6428,527772,9597,1.434,0,1
2025-11-25T17:22:09.354312Z,urllc,uesimtun1,347696,5997,399984,6531,0.966,0,1
2025-11-25T17:22:09.354312Z,mmtc,uesimtun2,398569,6427,513796,9263,0.994,0,1
2025-11-25T17:22:09.604766Z,embb,uesimtun0,402639,6431,528016,9602,1.308,0,1
2025-11-25T17:22:09.604766Z,urllc,uesimtun1,347836,6000,400148,6534,1.014,0,1
2025-11-25T17:22:09.604766Z,mmtc,uesimtun2,398734,6430,514040,9268,0.993,0,1
2025-11-25T17:22:09.854400Z,embb,uesimtun0,402804,6434,528260,9607,1.356,0,1
2025-11-25T17:22:09.854400Z,urllc,uesimtun1,347976,6003,400312,6537,1.039,0,1
2025-11-25T17:22:09.854400Z,mmtc,uesimtun2,398899,6433,514284,9273,1.120,0,1
2025-11-25T17:22:10.104347Z,embb,uesimtun0,402969,6437,528504,9612,1.451,0,1
2025-11-25T17:22:10.104347Z,urllc,uesimtun1,348116,6006,400476,6540,1.073,0,1
2025-11-25T17:22:10.104347Z,mmtc,uesimtun2,399064,6436,514528,9278,1.040,0,1
2025-11-25T17:22:10.354404Z,embb,uesimtun0,403134,6440,528748,9617,1.438,0,1
2025-11-25T17:22:10.354404Z,urllc,uesimtun1,348256,6009,400640,6543,,1,1
2025-11-25T17:22:10.354404Z,mmtc,uesimtun2,399229,6439,514772,9283,1.085,0,1
2025-11-25T17:22:10.604289Z,embb,uesimtun0,403299,6443,528992,9622,1.427,0,1
2025-11-25T17:22:10.604289Z,urllc,uesimtun1,348296,6010,400700,6544,1.307,0,1
2025-11-25T17:22:10.604289Z,mmtc,uesimtun2,399394,6442,515016,9288,1.472,0,1
2025-11-25T17:22:10.854325Z,embb,uesimtun0,403464,6446,529236,9627,1.328,0,1
2025-11-25T17:22:10.854325Z,urllc,uesimtun1,348436,6013,400864,6547,,1,1
2025-11-25T17:22:10.854325Z,mmtc,uesimtun2,399559,6445,515260,9293,1.032,0,1
2025-11-25T17:22:11.104242Z,embb,uesimtun0,403629,6449,529480,9632,1.460,0,1
2025-11-25T17:22:11.104242Z,urllc,uesimtun1,348476,6014,400924,6548,,1,1
2025-11-25T17:22:11.104242Z,mmtc,uesimtun2,399724,6448,515504,9298,0.995,0,1
2025-11-25T17:22:11.354259Z,embb,uesimtun0,403794,6452,529724,9637,1.357,0,1
2025-11-25T17:22:11.354259Z,urllc,uesimtun1,348516,6015,400984,6549,1.037,0,1
2025-11-25T17:22:11.354259Z,mmtc,uesimtun2,399889,6451,515748,9303,1.084,0,1
2025-11-25T17:22:11.604853Z,embb,uesimtun0,403959,6455,529968,9642,1.342,0,1
2025-11-25T17:22:11.604853Z,urllc,uesimtun1,348656,6018,401148,6552,1.583,0,1
2025-11-25T17:22:11.604853Z,mmtc,uesimtun2,400054,6454,515992,9308,1.102,0,1
2025-11-25T17:22:11.854276Z,embb,uesimtun0,404124,6458,530212,9647,1.354,0,1
2025-11-25T17:22:11.854276Z,urllc,uesimtun1,348821,6021,401392,6557,1.061,0,1
2025-11-25T17:22:11.854276Z,mmtc,uesimtun2,400219,6457,516236,9313,1.080,0,1
2025-11-25T17:22:12.104811Z,embb,uesimtun0,404289,6461,530456,9652,1.286,0,1
2025-11-25T17:22:12.104811Z,urllc,uesimtun1,348961,6024,401556,6560,,1,1
2025-11-25T17:22:12.104811Z,mmtc,uesimtun2,400384,6460,516480,9318,0.983,0,1
2025-11-25T17:22:12.354244Z,embb,uesimtun0,404454,6464,530700,9657,1.545,0,1
2025-11-25T17:22:12.354244Z,urllc,uesimtun1,349001,6025,401616,6561,1.047,0,1
2025-11-25T17:22:12.354244Z,mmtc,uesimtun2,400549,6463,516724,9323,0.926,0,1
2025-11-25T17:22:12.604652Z,embb,uesimtun0,404619,6467,530944,9662,1.355,0,1
2025-11-25T17:22:12.604652Z,urllc,uesimtun1,349141,6028,401780,6564,0.951,0,1
2025-11-25T17:22:12.604652Z,mmtc,uesimtun2,400714,6466,516968,9328,0.877,0,1
2025-11-25T17:22:12.854815Z,embb,uesimtun0,404784,6470,531188,9667,4.204,0,1
2025-11-25T17:22:12.854815Z,urllc,uesimtun1,349281,6031,401944,6567,1.087,0,1
2025-11-25T17:22:12.854815Z,mmtc,uesimtun2,400879,6469,517212,9333,0.932,0,1
2025-11-25T17:22:13.104503Z,embb,uesimtun0,404949,6473,531432,9672,1.353,0,1
2025-11-25T17:22:13.104503Z,urllc,uesimtun1,349421,6034,402108,6570,0.973,0,1
2025-11-25T17:22:13.104503Z,mmtc,uesimtun2,401044,6472,517456,9338,1.048,0,1
2025-11-25T17:22:13.354563Z,embb,uesimtun0,405114,6476,531676,9677,1.367,0,1
2025-11-25T17:22:13.354563Z,urllc,uesimtun1,349561,6037,402272,6573,1.025,0,1
2025-11-25T17:22:13.354563Z,mmtc,uesimtun2,401209,6475,517700,9343,1.065,0,1
2025-11-25T17:22:13.604601Z,embb,uesimtun0,405279,6479,531920,9682,1.390,0,1
2025-11-25T17:22:13.604601Z,urllc,uesimtun1,349726,6040,402516,6578,1.024,0,1
2025-11-25T17:22:13.604601Z,mmtc,uesimtun2,401349,6478,517864,9346,0.949,0,1
2025-11-25T17:22:13.854783Z,embb,uesimtun0,405444,6482,532164,9687,1.503,0,1
2025-11-25T17:22:13.854783Z,urllc,uesimtun1,349866,6043,402680,6581,1.208,0,1
2025-11-25T17:22:13.854783Z,mmtc,uesimtun2,401514,6481,518108,9351,0.871,0,1
2025-11-25T17:22:14.104784Z,embb,uesimtun0,405609,6485,532408,9692,1.379,0,1
2025-11-25T17:22:14.104784Z,urllc,uesimtun1,350006,6046,402844,6584,1.073,0,1
2025-11-25T17:22:14.104784Z,mmtc,uesimtun2,401679,6484,518352,9356,1.039,0,1
2025-11-25T17:22:14.354899Z,embb,uesimtun0,405774,6488,532652,9697,1.348,0,1
2025-11-25T17:22:14.354899Z,urllc,uesimtun1,350146,6049,403008,6587,1.097,0,1
2025-11-25T17:22:14.354899Z,mmtc,uesimtun2,401844,6487,518596,9361,1.179,0,1
2025-11-25T17:22:14.604235Z,embb,uesimtun0,405939,6491,532896,9702,1.385,0,1
2025-11-25T17:22:14.604235Z,urllc,uesimtun1,350286,6052,403172,6590,1.045,0,1
2025-11-25T17:22:14.604235Z,mmtc,uesimtun2,402009,6490,518840,9366,1.047,0,1
2025-11-25T17:22:14.854696Z,embb,uesimtun0,406104,6494,533140,9707,2.201,0,1
2025-11-25T17:22:14.854696Z,urllc,uesimtun1,350426,6055,403336,6593,1.219,0,1
2025-11-25T17:22:14.854696Z,mmtc,uesimtun2,402174,6493,519084,9371,1.020,0,1
2025-11-25T17:22:15.104196Z,embb,uesimtun0,406269,6497,533384,9712,1.310,0,1
2025-11-25T17:22:15.104196Z,urllc,uesimtun1,350566,6058,403500,6596,0.965,0,1
2025-11-25T17:22:15.104196Z,mmtc,uesimtun2,402339,6496,519328,9376,0.963,0,1
2025-11-25T17:22:15.354376Z,embb,uesimtun0,406434,6500,533628,9717,1.323,0,1
2025-11-25T17:22:15.354376Z,urllc,uesimtun1,350706,6061,403664,6599,1.094,0,1
2025-11-25T17:22:15.354376Z,mmtc,uesimtun2,402504,6499,519572,9381,0.935,0,1
2025-11-25T17:22:15.605042Z,embb,uesimtun0,406599,6503,533872,9722,1.376,0,1
2025-11-25T17:22:15.605042Z,urllc,uesimtun1,350846,6064,403828,6602,0.962,0,1
2025-11-25T17:22:15.605042Z,mmtc,uesimtun2,402669,6502,519816,9386,1.007,0,1
2025-11-25T17:22:15.855132Z,embb,uesimtun0,406764,6506,534116,9727,1.305,0,1
2025-11-25T17:22:15.855132Z,urllc,uesimtun1,350986,6067,403992,6605,0.893,0,1
2025-11-25T17:22:15.855132Z,mmtc,uesimtun2,402834,6505,520060,9391,1.018,0,1
2025-11-25T17:22:16.104291Z,embb,uesimtun0,406929,6509,534360,9732,1.553,0,1
2025-11-25T17:22:16.104291Z,urllc,uesimtun1,351126,6070,404156,6608,0.940,0,1
2025-11-25T17:22:16.104291Z,mmtc,uesimtun2,402999,6508,520304,9396,1.081,0,1
2025-11-25T17:22:16.354450Z,embb,uesimtun0,407094,6512,534604,9737,1.382,0,1
2025-11-25T17:22:16.354450Z,urllc,uesimtun1,351266,6073,404320,6611,1.210,0,1
2025-11-25T17:22:16.354450Z,mmtc,uesimtun2,403164,6511,520548,9401,0.957,0,1
2025-11-25T17:22:16.604351Z,embb,uesimtun0,407259,6515,534848,9742,1.376,0,1
2025-11-25T17:22:16.604351Z,urllc,uesimtun1,351406,6076,404484,6614,,1,1
2025-11-25T17:22:16.604351Z,mmtc,uesimtun2,403329,6514,520792,9406,1.186,0,1
2025-11-25T17:22:16.854825Z,embb,uesimtun0,407424,6518,535092,9747,1.336,0,1
2025-11-25T17:22:16.854825Z,urllc,uesimtun1,351446,6077,404544,6615,1.086,0,1
2025-11-25T17:22:16.854825Z,mmtc,uesimtun2,403494,6517,521036,9411,1.011,0,1
2025-11-25T17:22:17.104817Z,embb,uesimtun0,407589,6521,535336,9752,1.414,0,1
2025-11-25T17:22:17.104817Z,urllc,uesimtun1,351586,6080,404708,6618,1.156,0,1
2025-11-25T17:22:17.104817Z,mmtc,uesimtun2,403659,6520,521280,9416,0.978,0,1
2025-11-25T17:22:17.354527Z,embb,uesimtun0,407754,6524,535580,9757,1.348,0,1
2025-11-25T17:22:17.354527Z,urllc,uesimtun1,351726,6083,404872,6621,1.355,0,1
2025-11-25T17:22:17.354527Z,mmtc,uesimtun2,403824,6523,521524,9421,0.993,0,1
2025-11-25T17:22:17.605151Z,embb,uesimtun0,407919,6527,535824,9762,1.288,0,1
2025-11-25T17:22:17.605151Z,urllc,uesimtun1,351943,6087,405116,6626,0.890,0,1
2025-11-25T17:22:17.605151Z,mmtc,uesimtun2,403964,6526,521688,9424,0.931,0,1
2025-11-25T17:22:17.854485Z,embb,uesimtun0,408084,6530,536068,9767,1.429,0,1
2025-11-25T17:22:17.854485Z,urllc,uesimtun1,352083,6090,405280,6629,1.224,0,1
2025-11-25T17:22:17.854485Z,mmtc,uesimtun2,404181,6530,521932,9429,0.962,0,1
2025-11-25T17:22:18.104566Z,embb,uesimtun0,408249,6533,536312,9772,1.272,0,1
2025-11-25T17:22:18.104566Z,urllc,uesimtun1,352248,6093,405524,6634,1.109,0,1
2025-11-25T17:22:18.104566Z,mmtc,uesimtun2,404321,6533,522096,9432,1.088,0,1
2025-11-25T17:22:18.354955Z,embb,uesimtun0,408414,6536,536556,9777,1.315,0,1
2025-11-25T17:22:18.354955Z,urllc,uesimtun1,352413,6096,405768,6639,1.155,0,1
2025-11-25T17:22:18.354955Z,mmtc,uesimtun2,404486,6536,522340,9437,0.984,0,1
2025-11-25T17:22:18.604776Z,embb,uesimtun0,408579,6539,536800,9782,1.283,0,1
2025-11-25T17:22:18.604776Z,urllc,uesimtun1,352553,6099,405932,6642,0.990,0,1
2025-11-25T17:22:18.604776Z,mmtc,uesimtun2,404703,6540,522584,9442,0.915,0,1
2025-11-25T17:22:18.854676Z,embb,uesimtun0,408744,6542,537044,9787,1.282,0,1
2025-11-25T17:22:18.854676Z,urllc,uesimtun1,352693,6102,406096,6645,1.262,0,1
2025-11-25T17:22:18.854676Z,mmtc,uesimtun2,404868,6543,522828,9447,0.941,0,1
2025-11-25T17:22:19.104509Z,embb,uesimtun0,408909,6545,537288,9792,1.444,0,1
2025-11-25T17:22:19.104509Z,urllc,uesimtun1,352833,6105,406260,6648,1.029,0,1
2025-11-25T17:22:19.104509Z,mmtc,uesimtun2,405033,6546,523072,9452,1.113,0,1
2025-11-25T17:22:19.354498Z,embb,uesimtun0,409074,6548,537532,9797,1.411,0,1
2025-11-25T17:22:19.354498Z,urllc,uesimtun1,352973,6108,406424,6651,1.185,0,1
2025-11-25T17:22:19.354498Z,mmtc,uesimtun2,405198,6549,523316,9457,1.072,0,1
2025-11-25T17:22:19.604257Z,embb,uesimtun0,409239,6551,537776,9802,1.325,0,1
2025-11-25T17:22:19.604257Z,urllc,uesimtun1,353138,6111,406668,6656,0.901,0,1
2025-11-25T17:22:19.604257Z,mmtc,uesimtun2,405363,6552,523560,9462,0.980,0,1
2025-11-25T17:22:19.854472Z,embb,uesimtun0,409404,6554,538020,9807,1.358,0,1
2025-11-25T17:22:19.854472Z,urllc,uesimtun1,353278,6114,406832,6659,1.081,0,1
2025-11-25T17:22:19.854472Z,mmtc,uesimtun2,405580,6556,523804,9467,0.905,0,1
2025-11-25T17:22:20.104756Z,embb,uesimtun0,409569,6557,538264,9812,1.370,0,1
2025-11-25T17:22:20.104756Z,urllc,uesimtun1,353418,6117,406996,6662,1.075,0,1
2025-11-25T17:22:20.104756Z,mmtc,uesimtun2,405745,6559,524048,9472,0.998,0,1
2025-11-25T17:22:20.354258Z,embb,uesimtun0,409734,6560,538508,9817,1.360,0,1
2025-11-25T17:22:20.354258Z,urllc,uesimtun1,353558,6120,407160,6665,,1,1
2025-11-25T17:22:20.354258Z,mmtc,uesimtun2,405910,6562,524292,9477,1.024,0,1
2025-11-25T17:22:20.604882Z,embb,uesimtun0,409899,6563,538752,9822,1.268,0,1
2025-11-25T17:22:20.604882Z,urllc,uesimtun1,353598,6121,407220,6666,1.036,0,1
2025-11-25T17:22:20.604882Z,mmtc,uesimtun2,406075,6565,524536,9482,1.087,0,1
2025-11-25T17:22:20.854770Z,embb,uesimtun0,410064,6566,538996,9827,1.387,0,1
2025-11-25T17:22:20.854770Z,urllc,uesimtun1,353738,6124,407384,6669,1.093,0,1
2025-11-25T17:22:20.854770Z,mmtc,uesimtun2,406292,6569,524780,9487,0.888,0,1
2025-11-25T17:22:21.104238Z,embb,uesimtun0,410229,6569,539240,9832,1.366,0,1
2025-11-25T17:22:21.104238Z,urllc,uesimtun1,353878,6127,407548,6672,,1,1
2025-11-25T17:22:21.104238Z,mmtc,uesimtun2,406457,6572,525024,9492,0.994,0,1
2025-11-25T17:22:21.354487Z,embb,uesimtun0,410394,6572,539484,9837,1.276,0,1
2025-11-25T17:22:21.354487Z,urllc,uesimtun1,353918,6128,407608,6673,1.176,0,1
2025-11-25T17:22:21.354487Z,mmtc,uesimtun2,406622,6575,525268,9497,1.157,0,1
2025-11-25T17:22:21.604656Z,embb,uesimtun0,410559,6575,539728,9842,1.418,0,1
2025-11-25T17:22:21.604656Z,urllc,uesimtun1,354058,6131,407772,6676,0.992,0,1
2025-11-25T17:22:21.604656Z,mmtc,uesimtun2,406787,6578,525512,9502,0.903,0,1
2025-11-25T17:22:21.854722Z,embb,uesimtun0,410724,6578,539972,9847,1.349,0,1
2025-11-25T17:22:21.854722Z,urllc,uesimtun1,354198,6134,407936,6679,,1,1
2025-11-25T17:22:21.854722Z,mmtc,uesimtun2,406952,6581,525756,9507,0.937,0,1
2025-11-25T17:22:22.104272Z,embb,uesimtun0,410889,6581,540216,9852,1.354,0,1
2025-11-25T17:22:22.104272Z,urllc,uesimtun1,354238,6135,407996,6680,1.061,0,1
2025-11-25T17:22:22.104272Z,mmtc,uesimtun2,407117,6584,526000,9512,0.955,0,1
2025-11-25T17:22:22.354606Z,embb,uesimtun0,411054,6584,540460,9857,1.305,0,1
2025-11-25T17:22:22.354606Z,urllc,uesimtun1,354378,6138,408160,6683,1.281,0,1
2025-11-25T17:22:22.354606Z,mmtc,uesimtun2,407334,6588,526244,9517,,1,1
2025-11-25T17:22:22.604277Z,embb,uesimtun0,411219,6587,540704,9862,1.489,0,1
2025-11-25T17:22:22.604277Z,urllc,uesimtun1,354543,6141,408404,6688,0.964,0,1
2025-11-25T17:22:22.604277Z,mmtc,uesimtun2,407374,6589,526304,9518,1.123,0,1
2025-11-25T17:22:22.854434Z,embb,uesimtun0,411384,6590,540948,9867,1.432,0,1
2025-11-25T17:22:22.854434Z,urllc,uesimtun1,354683,6144,408568,6691,1.138,0,1
2025-11-25T17:22:22.854434Z,mmtc,uesimtun2,407539,6592,526548,9523,1.000,0,1
2025-11-25T17:22:23.105022Z,embb,uesimtun0,411549,6593,541192,9872,1.292,0,1
2025-11-25T17:22:23.105022Z,urllc,uesimtun1,354823,6147,408732,6694,,1,1
2025-11-25T17:22:23.105022Z,mmtc,uesimtun2,407704,6595,526792,9528,1.016,0,1
2025-11-25T17:22:23.354560Z,embb,uesimtun0,411714,6596,541436,9877,1.446,0,1
2025-11-25T17:22:23.354560Z,urllc,uesimtun1,354863,6148,408792,6695,,1,1
2025-11-25T17:22:23.354560Z,mmtc,uesimtun2,407869,6598,527036,9533,1.102,0,1
2025-11-25T17:22:23.604476Z,embb,uesimtun0,411879,6599,541680,9882,1.283,0,1
2025-11-25T17:22:23.604476Z,urllc,uesimtun1,354903,6149,408852,6696,,1,1
2025-11-25T17:22:23.604476Z,mmtc,uesimtun2,408034,6601,527280,9538,0.979,0,1
2025-11-25T17:22:23.854350Z,embb,uesimtun0,412044,6602,541924,9887,1.557,0,1
2025-11-25T17:22:23.854350Z,urllc,uesimtun1,354943,6150,408912,6697,1.065,0,1
2025-11-25T17:22:23.854350Z,mmtc,uesimtun2,408199,6604,527524,9543,0.871,0,1
2025-11-25T17:22:24.104225Z,embb,uesimtun0,412209,6605,542168,9892,1.349,0,1
2025-11-25T17:22:24.104225Z,urllc,uesimtun1,355083,6153,409076,6700,1.157,0,1
2025-11-25T17:22:24.104225Z,mmtc,uesimtun2,408364,6607,527768,9548,1.176,0,1
2025-11-25T17:22:24.355035Z,embb,uesimtun0,412374,6608,542412,9897,1.446,0,1
2025-11-25T17:22:24.355035Z,urllc,uesimtun1,355223,6156,409240,6703,,1,1
2025-11-25T17:22:24.355035Z,mmtc,uesimtun2,408529,6610,528012,9553,1.087,0,1
2025-11-25T17:22:24.604453Z,embb,uesimtun0,412539,6611,542656,9902,1.354,0,1
2025-11-25T17:22:24.604453Z,urllc,uesimtun1,355263,6157,409300,6704,1.026,0,1
2025-11-25T17:22:24.604453Z,mmtc,uesimtun2,408694,6613,528256,9558,1.153,0,1
2025-11-25T17:22:24.854176Z,embb,uesimtun0,412704,6614,542900,9907,1.287,0,1
2025-11-25T17:22:24.854176Z,urllc,uesimtun1,355403,6160,409464,6707,1.012,0,1
2025-11-25T17:22:24.854176Z,mmtc,uesimtun2,408859,6616,528500,9563,0.905,0,1
2025-11-25T17:22:25.104644Z,embb,uesimtun0,412869,6617,543144,9912,1.331,0,1
2025-11-25T17:22:25.104644Z,urllc,uesimtun1,355543,6163,409628,6710,1.015,0,1
2025-11-25T17:22:25.104644Z,mmtc,uesimtun2,409024,6619,528744,9568,1.127,0,1
2025-11-25T17:22:25.354419Z,embb,uesimtun0,413034,6620,543388,9917,1.300,0,1
2025-11-25T17:22:25.354419Z,urllc,uesimtun1,355683,6166,409792,6713,0.987,0,1
2025-11-25T17:22:25.354419Z,mmtc,uesimtun2,409189,6622,528988,9573,1.029,0,1
2025-11-25T17:22:25.604485Z,embb,uesimtun0,413199,6623,543632,9922,1.462,0,1
2025-11-25T17:22:25.604485Z,urllc,uesimtun1,355823,6169,409956,6716,1.012,0,1
2025-11-25T17:22:25.604485Z,mmtc,uesimtun2,409354,6625,529232,9578,0.950,0,1
2025-11-25T17:22:25.854943Z,embb,uesimtun0,413364,6626,543876,9927,1.334,0,1
2025-11-25T17:22:25.854943Z,urllc,uesimtun1,355963,6172,410120,6719,1.021,0,1
2025-11-25T17:22:25.854943Z,mmtc,uesimtun2,409519,6628,529476,9583,0.891,0,1
2025-11-25T17:22:26.105088Z,embb,uesimtun0,413529,6629,544120,9932,1.310,0,1
2025-11-25T17:22:26.105088Z,urllc,uesimtun1,356103,6175,410284,6722,1.116,0,1
2025-11-25T17:22:26.105088Z,mmtc,uesimtun2,409684,6631,529720,9588,1.102,0,1
2025-11-25T17:22:26.354496Z,embb,uesimtun0,413694,6632,544364,9937,1.361,0,1
2025-11-25T17:22:26.354496Z,urllc,uesimtun1,356268,6178,410528,6727,,1,1
2025-11-25T17:22:26.354496Z,mmtc,uesimtun2,409824,6634,529884,9591,1.025,0,1
2025-11-25T17:22:26.604671Z,embb,uesimtun0,413859,6635,544608,9942,1.352,0,1
2025-11-25T17:22:26.604671Z,urllc,uesimtun1,356308,6179,410588,6728,1.065,0,1
2025-11-25T17:22:26.604671Z,mmtc,uesimtun2,409989,6637,530128,9596,1.113,0,1
2025-11-25T17:22:26.854630Z,embb,uesimtun0,414024,6638,544852,9947,1.363,0,1
2025-11-25T17:22:26.854630Z,urllc,uesimtun1,356448,6182,410752,6731,0.935,0,1
2025-11-25T17:22:26.854630Z,mmtc,uesimtun2,410154,6640,530372,9601,1.060,0,1
2025-11-25T17:22:27.104772Z,embb,uesimtun0,414189,6641,545096,9952,1.389,0,1
2025-11-25T17:22:27.104772Z,urllc,uesimtun1,356588,6185,410916,6734,,1,1
2025-11-25T17:22:27.104772Z,mmtc,uesimtun2,410319,6643,530616,9606,1.098,0,1
2025-11-25T17:22:27.354271Z,embb,uesimtun0,414354,6644,545340,9957,1.395,0,1
2025-11-25T17:22:27.354271Z,urllc,uesimtun1,356628,6186,410976,6735,,1,1
2025-11-25T17:22:27.354271Z,mmtc,uesimtun2,410484,6646,530860,9611,1.120,0,1
2025-11-25T17:22:27.604552Z,embb,uesimtun0,414519,6647,545584,9962,1.486,0,1
2025-11-25T17:22:27.604552Z,urllc,uesimtun1,356668,6187,411036,6736,,1,1
2025-11-25T17:22:27.604552Z,mmtc,uesimtun2,410649,6649,531104,9616,1.020,0,1
2025-11-25T17:22:27.854318Z,embb,uesimtun0,414684,6650,545828,9967,1.300,0,1
2025-11-25T17:22:27.854318Z,urllc,uesimtun1,356708,6188,411096,6737,1.066,0,1
2025-11-25T17:22:27.854318Z,mmtc,uesimtun2,410814,6652,531348,9621,0.888,0,1
2025-11-25T17:22:28.104783Z,embb,uesimtun0,414849,6653,546072,9972,1.303,0,1
2025-11-25T17:22:28.104783Z,urllc,uesimtun1,356848,6191,411260,6740,0.994,0,1
2025-11-25T17:22:28.104783Z,mmtc,uesimtun2,410979,6655,531592,9626,0.960,0,1
2025-11-25T17:22:28.354186Z,embb,uesimtun0,415014,6656,546316,9977,1.306,0,1
2025-11-25T17:22:28.354186Z,urllc,uesimtun1,356988,6194,411424,6743,1.008,0,1
2025-11-25T17:22:28.354186Z,mmtc,uesimtun2,411144,6658,531836,9631,0.903,0,1
2025-11-25T17:22:28.604504Z,embb,uesimtun0,415179,6659,546560,9982,1.418,0,1
2025-11-25T17:22:28.604504Z,urllc,uesimtun1,357128,6197,411588,6746,,1,1
2025-11-25T17:22:28.604504Z,mmtc,uesimtun2,411309,6661,532080,9636,1.148,0,1
2025-11-25T17:22:28.854262Z,embb,uesimtun0,415344,6662,546804,9987,1.260,0,1
2025-11-25T17:22:28.854262Z,urllc,uesimtun1,357168,6198,411648,6747,1.018,0,1
2025-11-25T17:22:28.854262Z,mmtc,uesimtun2,411474,6664,532324,9641,0.865,0,1
2025-11-25T17:22:29.104613Z,embb,uesimtun0,415509,6665,547048,9992,5.517,0,1
2025-11-25T17:22:29.104613Z,urllc,uesimtun1,357308,6201,411812,6750,,1,1
2025-11-25T17:22:29.104613Z,mmtc,uesimtun2,411639,6667,532568,9646,0.980,0,1
2025-11-25T17:22:29.354518Z,embb,uesimtun0,415674,6668,547292,9997,1.435,0,1
2025-11-25T17:22:29.354518Z,urllc,uesimtun1,357348,6202,411872,6751,1.044,0,1
2025-11-25T17:22:29.354518Z,mmtc,uesimtun2,411804,6670,532812,9651,1.175,0,1
2025-11-25T17:22:29.604678Z,embb,uesimtun0,415839,6671,547536,10002,1.288,0,1
2025-11-25T17:22:29.604678Z,urllc,uesimtun1,357488,6205,412036,6754,0.878,0,1
2025-11-25T17:22:29.604678Z,mmtc,uesimtun2,411969,6673,533056,9656,0.952,0,1
2025-11-25T17:22:29.855137Z,embb,uesimtun0,416004,6674,547780,10007,1.372,0,1
2025-11-25T17:22:29.855137Z,urllc,uesimtun1,357628,6208,412200,6757,1.006,0,1
2025-11-25T17:22:29.855137Z,mmtc,uesimtun2,412134,6676,533300,9661,1.023,0,1
2025-11-25T17:22:30.104220Z,embb,uesimtun0,416169,6677,548024,10012,1.331,0,1
2025-11-25T17:22:30.104220Z,urllc,uesimtun1,357768,6211,412364,6760,1.004,0,1
2025-11-25T17:22:30.104220Z,mmtc,uesimtun2,412299,6679,533544,9666,1.024,0,1
2025-11-25T17:22:30.354640Z,embb,uesimtun0,416334,6680,548268,10017,4.384,0,1
2025-11-25T17:22:30.354640Z,urllc,uesimtun1,357933,6214,412608,6765,1.076,0,1
2025-11-25T17:22:30.354640Z,mmtc,uesimtun2,412439,6682,533708,9669,1.173,0,1
2025-11-25T17:22:30.604204Z,embb,uesimtun0,416499,6683,548512,10022,1.370,0,1
2025-11-25T17:22:30.604204Z,urllc,uesimtun1,358073,6217,412772,6768,0.997,0,1
2025-11-25T17:22:30.604204Z,mmtc,uesimtun2,412604,6685,533952,9674,0.940,0,1
2025-11-25T17:22:30.854195Z,embb,uesimtun0,416664,6686,548756,10027,1.269,0,1
2025-11-25T17:22:30.854195Z,urllc,uesimtun1,358213,6220,412936,6771,,1,1
2025-11-25T17:22:30.854195Z,mmtc,uesimtun2,412821,6689,534196,9679,1.029,0,1
2025-11-25T17:22:31.104172Z,embb,uesimtun0,416829,6689,549000,10032,1.445,0,1
2025-11-25T17:22:31.104172Z,urllc,uesimtun1,358253,6221,412996,6772,1.078,0,1
2025-11-25T17:22:31.104172Z,mmtc,uesimtun2,412986,6692,534440,9684,1.013,0,1
2025-11-25T17:22:31.354234Z,embb,uesimtun0,416994,6692,549244,10037,1.398,0,1
2025-11-25T17:22:31.354234Z,urllc,uesimtun1,358393,6224,413160,6775,1.096,0,1
2025-11-25T17:22:31.354234Z,mmtc,uesimtun2,413151,6695,534684,9689,5.415,0,1
2025-11-25T17:22:31.604436Z,embb,uesimtun0,417159,6695,549488,10042,1.277,0,1
2025-11-25T17:22:31.604436Z,urllc,uesimtun1,358610,6228,413444,6781,0.997,0,1
2025-11-25T17:22:31.604436Z,mmtc,uesimtun2,413316,6698,534928,9694,0.977,0,1
2025-11-25T17:22:31.853952Z,embb,uesimtun0,417324,6698,549732,10047,1.394,0,1
2025-11-25T17:22:31.853952Z,urllc,uesimtun1,358750,6231,413608,6784,1.054,0,1
2025-11-25T17:22:31.853952Z,mmtc,uesimtun2,413481,6701,535172,9699,1.156,0,1
2025-11-25T17:22:32.104729Z,embb,uesimtun0,417489,6701,549976,10052,1.313,0,1
2025-11-25T17:22:32.104729Z,urllc,uesimtun1,358915,6234,413852,6789,1.048,0,1
2025-11-25T17:22:32.104729Z,mmtc,uesimtun2,413646,6704,535416,9704,1.094,0,1
2025-11-25T17:22:32.354295Z,embb,uesimtun0,417654,6704,550220,10057,1.273,0,1
2025-11-25T17:22:32.354295Z,urllc,uesimtun1,359055,6237,414016,6792,1.097,0,1
2025-11-25T17:22:32.354295Z,mmtc,uesimtun2,413811,6707,535660,9709,1.035,0,1
2025-11-25T17:22:32.604482Z,embb,uesimtun0,417819,6707,550464,10062,1.278,0,1
2025-11-25T17:22:32.604482Z,urllc,uesimtun1,359195,6240,414180,6795,0.963,0,1
2025-11-25T17:22:32.604482Z,mmtc,uesimtun2,413976,6710,535904,9714,1.076,0,1
2025-11-25T17:22:32.854634Z,embb,uesimtun0,417984,6710,550708,10067,1.321,0,1
2025-11-25T17:22:32.854634Z,urllc,uesimtun1,359335,6243,414344,6798,1.019,0,1
2025-11-25T17:22:32.854634Z,mmtc,uesimtun2,414141,6713,536148,9719,1.027,0,1
2025-11-25T17:22:33.104365Z,embb,uesimtun0,418149,6713,550952,10072,1.261,0,1
2025-11-25T17:22:33.104365Z,urllc,uesimtun1,359475,6246,414508,6801,0.926,0,1
2025-11-25T17:22:33.104365Z,mmtc,uesimtun2,414306,6716,536392,9724,0.887,0,1
2025-11-25T17:22:33.354171Z,embb,uesimtun0,418314,6716,551196,10077,1.289,0,1
2025-11-25T17:22:33.354171Z,urllc,uesimtun1,359615,6249,414672,6804,0.888,0,1
2025-11-25T17:22:33.354171Z,mmtc,uesimtun2,414471,6719,536636,9729,0.999,0,1
2025-11-25T17:22:33.604465Z,embb,uesimtun0,418479,6719,551440,10082,1.346,0,1
2025-11-25T17:22:33.604465Z,urllc,uesimtun1,359755,6252,414836,6807,0.983,0,1
2025-11-25T17:22:33.604465Z,mmtc,uesimtun2,414636,6722,536880,9734,0.952,0,1
2025-11-25T17:22:33.854778Z,embb,uesimtun0,418644,6722,551684,10087,1.229,0,1
2025-11-25T17:22:33.854778Z,urllc,uesimtun1,359920,6255,415080,6812,0.970,0,1
2025-11-25T17:22:33.854778Z,mmtc,uesimtun2,414776,6725,537044,9737,0.940,0,1
2025-11-25T17:22:34.104175Z,embb,uesimtun0,418809,6725,551928,10092,1.422,0,1
2025-11-25T17:22:34.104175Z,urllc,uesimtun1,360060,6258,415244,6815,1.006,0,1
2025-11-25T17:22:34.104175Z,mmtc,uesimtun2,414941,6728,537288,9742,0.958,0,1
2025-11-25T17:22:34.354230Z,embb,uesimtun0,418974,6728,552172,10097,1.341,0,1
2025-11-25T17:22:34.354230Z,urllc,uesimtun1,360200,6261,415408,6818,1.128,0,1
2025-11-25T17:22:34.354230Z,mmtc,uesimtun2,415106,6731,537532,9747,1.178,0,1
2025-11-25T17:22:34.604883Z,embb,uesimtun0,419139,6731,552416,10102,1.278,0,1
2025-11-25T17:22:34.604883Z,urllc,uesimtun1,360340,6264,415572,6821,1.045,0,1
2025-11-25T17:22:34.604883Z,mmtc,uesimtun2,415271,6734,537776,9752,0.853,0,1
2025-11-25T17:22:34.856237Z,embb,uesimtun0,419304,6734,552660,10107,1.366,0,1
2025-11-25T17:22:34.856237Z,urllc,uesimtun1,360480,6267,415736,6824,1.004,0,1
2025-11-25T17:22:34.856237Z,mmtc,uesimtun2,415488,6738,538020,9757,1.024,0,1
2025-11-25T17:22:35.105010Z,embb,uesimtun0,419469,6737,552904,10112,1.337,0,1
2025-11-25T17:22:35.105010Z,urllc,uesimtun1,360620,6270,415900,6827,1.104,0,1
2025-11-25T17:22:35.105010Z,mmtc,uesimtun2,415653,6741,538264,9762,0.903,0,1
2025-11-25T17:22:35.354571Z,embb,uesimtun0,419634,6740,553148,10117,1.294,0,1
2025-11-25T17:22:35.354571Z,urllc,uesimtun1,360760,6273,416064,6830,0.988,0,1
2025-11-25T17:22:35.354571Z,mmtc,uesimtun2,415818,6744,538508,9767,0.896,0,1
2025-11-25T17:22:35.604229Z,embb,uesimtun0,419799,6743,553392,10122,1.216,0,1
2025-11-25T17:22:35.604229Z,urllc,uesimtun1,360900,6276,416228,6833,0.995,0,1
2025-11-25T17:22:35.604229Z,mmtc,uesimtun2,415983,6747,538752,9772,1.121,0,1
2025-11-25T17:22:35.854621Z,embb,uesimtun0,419964,6746,553636,10127,1.292,0,1
2025-11-25T17:22:35.854621Z,urllc,uesimtun1,361040,6279,416392,6836,1.011,0,1
2025-11-25T17:22:35.854621Z,mmtc,uesimtun2,416200,6751,538996,9777,1.024,0,1
2025-11-25T17:22:36.104713Z,embb,uesimtun0,420129,6749,553880,10132,1.474,0,1
2025-11-25T17:22:36.104713Z,urllc,uesimtun1,361180,6282,416556,6839,1.080,0,1
2025-11-25T17:22:36.104713Z,mmtc,uesimtun2,416365,6754,539240,9782,0.967,0,1
2025-11-25T17:22:36.354901Z,embb,uesimtun0,420294,6752,554124,10137,1.325,0,1
2025-11-25T17:22:36.354901Z,urllc,uesimtun1,361320,6285,416720,6842,0.949,0,1
2025-11-25T17:22:36.354901Z,mmtc,uesimtun2,416530,6757,539484,9787,0.909,0,1
2025-11-25T17:22:36.604345Z,embb,uesimtun0,420459,6755,554368,10142,1.463,0,1
2025-11-25T17:22:36.604345Z,urllc,uesimtun1,361460,6288,416884,6845,0.983,0,1
2025-11-25T17:22:36.604345Z,mmtc,uesimtun2,416695,6760,539728,9792,1.072,0,1
2025-11-25T17:22:36.854220Z,embb,uesimtun0,420624,6758,554612,10147,1.354,0,1
2025-11-25T17:22:36.854220Z,urllc,uesimtun1,361600,6291,417048,6848,0.915,0,1
2025-11-25T17:22:36.854220Z,mmtc,uesimtun2,416860,6763,539972,9797,0.890,0,1
2025-11-25T17:22:37.104300Z,embb,uesimtun0,420789,6761,554856,10152,1.420,0,1
2025-11-25T17:22:37.104300Z,urllc,uesimtun1,361740,6294,417212,6851,1.091,0,1
2025-11-25T17:22:37.104300Z,mmtc,uesimtun2,417077,6767,540216,9802,1.014,0,1
2025-11-25T17:22:37.354762Z,embb,uesimtun0,420954,6764,555100,10157,1.333,0,1
2025-11-25T17:22:37.354762Z,urllc,uesimtun1,361880,6297,417376,6854,0.975,0,1
2025-11-25T17:22:37.354762Z,mmtc,uesimtun2,417242,6770,540460,9807,0.946,0,1
2025-11-25T17:22:37.604757Z,embb,uesimtun0,421119,6767,555344,10162,1.312,0,1
2025-11-25T17:22:37.604757Z,urllc,uesimtun1,362020,6300,417540,6857,,1,1
2025-11-25T17:22:37.604757Z,mmtc,uesimtun2,417407,6773,540704,9812,0.973,0,1
2025-11-25T17:22:37.854297Z,embb,uesimtun0,421284,6770,555588,10167,1.355,0,1
2025-11-25T17:22:37.854297Z,urllc,uesimtun1,362060,6301,417600,6858,0.938,0,1
2025-11-25T17:22:37.854297Z,mmtc,uesimtun2,417572,6776,540948,9817,0.899,0,1
2025-11-25T17:22:38.104398Z,embb,uesimtun0,421449,6773,555832,10172,1.374,0,1
2025-11-25T17:22:38.104398Z,urllc,uesimtun1,362200,6304,417764,6861,0.997,0,1
2025-11-25T17:22:38.104398Z,mmtc,uesimtun2,417737,6779,541192,9822,0.853,0,1
2025-11-25T17:22:38.354975Z,embb,uesimtun0,421614,6776,556076,10177,1.322,0,1
2025-11-25T17:22:38.354975Z,urllc,uesimtun1,362340,6307,417928,6864,0.999,0,1
2025-11-25T17:22:38.354975Z,mmtc,uesimtun2,417902,6782,541436,9827,1.013,0,1
2025-11-25T17:22:38.604729Z,embb,uesimtun0,421779,6779,556320,10182,1.219,0,1
2025-11-25T17:22:38.604729Z,urllc,uesimtun1,362480,6310,418092,6867,0.911,0,1
2025-11-25T17:22:38.604729Z,mmtc,uesimtun2,418067,6785,541680,9832,0.990,0,1
2025-11-25T17:22:38.854357Z,embb,uesimtun0,421944,6782,556564,10187,1.215,0,1
2025-11-25T17:22:38.854357Z,urllc,uesimtun1,362620,6313,418256,6870,,1,1
2025-11-25T17:22:38.854357Z,mmtc,uesimtun2,418232,6788,541924,9837,0.953,0,1
2025-11-25T17:22:39.105133Z,embb,uesimtun0,422109,6785,556808,10192,1.234,0,1
2025-11-25T17:22:39.105133Z,urllc,uesimtun1,362660,6314,418316,6871,0.883,0,1
2025-11-25T17:22:39.105133Z,mmtc,uesimtun2,418397,6791,542168,9842,1.048,0,1
2025-11-25T17:22:39.354306Z,embb,uesimtun0,422274,6788,557052,10197,1.246,0,1
2025-11-25T17:22:39.354306Z,urllc,uesimtun1,362800,6317,418480,6874,0.925,0,1
2025-11-25T17:22:39.354306Z,mmtc,uesimtun2,418562,6794,542412,9847,1.035,0,1
2025-11-25T17:22:39.604919Z,embb,uesimtun0,422439,6791,557296,10202,1.311,0,1
2025-11-25T17:22:39.604919Z,urllc,uesimtun1,362965,6320,418724,6879,0.978,0,1
2025-11-25T17:22:39.604919Z,mmtc,uesimtun2,418727,6797,542656,9852,0.929,0,1
2025-11-25T17:22:39.854513Z,embb,uesimtun0,422604,6794,557540,10207,1.255,0,1
2025-11-25T17:22:39.854513Z,urllc,uesimtun1,363105,6323,418888,6882,0.978,0,1
2025-11-25T17:22:39.854513Z,mmtc,uesimtun2,418892,6800,542900,9857,1.014,0,1
2025-11-25T17:22:40.105028Z,embb,uesimtun0,422769,6797,557784,10212,1.294,0,1
2025-11-25T17:22:40.105028Z,urllc,uesimtun1,363245,6326,419052,6885,0.930,0,1
2025-11-25T17:22:40.105028Z,mmtc,uesimtun2,419057,6803,543144,9862,0.963,0,1
2025-11-25T17:22:40.354401Z,embb,uesimtun0,422934,6800,558028,10217,1.302,0,1
2025-11-25T17:22:40.354401Z,urllc,uesimtun1,363385,6329,419216,6888,1.075,0,1
2025-11-25T17:22:40.354401Z,mmtc,uesimtun2,419222,6806,543388,9867,1.146,0,1
2025-11-25T17:22:40.604436Z,embb,uesimtun0,423099,6803,558272,10222,1.305,0,1
2025-11-25T17:22:40.604436Z,urllc,uesimtun1,363525,6332,419380,6891,1.022,0,1
2025-11-25T17:22:40.604436Z,mmtc,uesimtun2,419387,6809,543632,9872,0.895,0,1
2025-11-25T17:22:40.854431Z,embb,uesimtun0,423264,6806,558516,10227,4.759,0,1
2025-11-25T17:22:40.854431Z,urllc,uesimtun1,363665,6335,419544,6894,1.077,0,1
2025-11-25T17:22:40.854431Z,mmtc,uesimtun2,419552,6812,543876,9877,0.858,0,1
2025-11-25T17:22:41.104756Z,embb,uesimtun0,423429,6809,558760,10232,1.336,0,1
2025-11-25T17:22:41.104756Z,urllc,uesimtun1,363805,6338,419708,6897,0.986,0,1
2025-11-25T17:22:41.104756Z,mmtc,uesimtun2,419769,6816,544120,9882,1.128,0,1
2025-11-25T17:22:41.354596Z,embb,uesimtun0,423594,6812,559004,10237,1.266,0,1
2025-11-25T17:22:41.354596Z,urllc,uesimtun1,363945,6341,419872,6900,0.893,0,1
2025-11-25T17:22:41.354596Z,mmtc,uesimtun2,419986,6820,544364,9887,0.975,0,1
2025-11-25T17:22:41.604628Z,embb,uesimtun0,423759,6815,559248,10242,1.244,0,1
2025-11-25T17:22:41.604628Z,urllc,uesimtun1,364085,6344,420036,6903,0.951,0,1
2025-11-25T17:22:41.604628Z,mmtc,uesimtun2,420203,6824,544608,9892,0.975,0,1
2025-11-25T17:22:41.854462Z,embb,uesimtun0,423924,6818,559492,10247,1.257,0,1
2025-11-25T17:22:41.854462Z,urllc,uesimtun1,364225,6347,420200,6906,0.949,0,1
2025-11-25T17:22:41.854462Z,mmtc,uesimtun2,420368,6827,544852,9897,0.952,0,1
2025-11-25T17:22:42.104242Z,embb,uesimtun0,424089,6821,559736,10252,1.410,0,1
2025-11-25T17:22:42.104242Z,urllc,uesimtun1,364365,6350,420364,6909,,1,1
2025-11-25T17:22:42.104242Z,mmtc,uesimtun2,420533,6830,545096,9902,0.998,0,1
2025-11-25T17:22:42.354357Z,embb,uesimtun0,424254,6824,559980,10257,1.307,0,1
2025-11-25T17:22:42.354357Z,urllc,uesimtun1,364405,6351,420424,6910,0.995,0,1
2025-11-25T17:22:42.354357Z,mmtc,uesimtun2,420698,6833,545340,9907,0.871,0,1
2025-11-25T17:22:42.604195Z,embb,uesimtun0,424419,6827,560224,10262,1.358,0,1
2025-11-25T17:22:42.604195Z,urllc,uesimtun1,364545,6354,420588,6913,1.042,0,1
2025-11-25T17:22:42.604195Z,mmtc,uesimtun2,420863,6836,545584,9912,0.997,0,1
2025-11-25T17:22:42.854330Z,embb,uesimtun0,424584,6830,560468,10267,1.292,0,1
2025-11-25T17:22:42.854330Z,urllc,uesimtun1,364685,6357,420752,6916,0.996,0,1
2025-11-25T17:22:42.854330Z,mmtc,uesimtun2,421028,6839,545828,9917,0.827,0,1
2025-11-25T17:22:43.104226Z,embb,uesimtun0,424749,6833,560712,10272,5.013,0,1
2025-11-25T17:22:43.104226Z,urllc,uesimtun1,364825,6360,420916,6919,1.089,0,1
2025-11-25T17:22:43.104226Z,mmtc,uesimtun2,421193,6842,546072,9922,0.858,0,1
2025-11-25T17:22:43.354443Z,embb,uesimtun0,424914,6836,560956,10277,1.244,0,1
2025-11-25T17:22:43.354443Z,urllc,uesimtun1,364965,6363,421080,6922,0.949,0,1
2025-11-25T17:22:43.354443Z,mmtc,uesimtun2,421358,6845,546316,9927,1.058,0,1
2025-11-25T17:22:43.604646Z,embb,uesimtun0,425079,6839,561200,10282,1.253,0,1
2025-11-25T17:22:43.604646Z,urllc,uesimtun1,365105,6366,421244,6925,,1,1
2025-11-25T17:22:43.604646Z,mmtc,uesimtun2,421523,6848,546560,9932,0.988,0,1
2025-11-25T17:22:43.854173Z,embb,uesimtun0,425244,6842,561444,10287,1.312,0,1
2025-11-25T17:22:43.854173Z,urllc,uesimtun1,365145,6367,421304,6926,1.029,0,1
2025-11-25T17:22:43.854173Z,mmtc,uesimtun2,421688,6851,546804,9937,0.942,0,1
2025-11-25T17:22:44.104321Z,embb,uesimtun0,425409,6845,561688,10292,1.280,0,1
2025-11-25T17:22:44.104321Z,urllc,uesimtun1,365285,6370,421468,6929,1.108,0,1
2025-11-25T17:22:44.104321Z,mmtc,uesimtun2,421905,6855,547048,9942,1.070,0,1
2025-11-25T17:22:44.354582Z,embb,uesimtun0,425574,6848,561932,10297,1.327,0,1
2025-11-25T17:22:44.354582Z,urllc,uesimtun1,365450,6373,421712,6934,,1,1
2025-11-25T17:22:44.354582Z,mmtc,uesimtun2,422070,6858,547292,9947,1.033,0,1
2025-11-25T17:22:44.604515Z,embb,uesimtun0,425739,6851,562176,10302,1.314,0,1
2025-11-25T17:22:44.604515Z,urllc,uesimtun1,365490,6374,421772,6935,,1,1
2025-11-25T17:22:44.604515Z,mmtc,uesimtun2,422235,6861,547536,9952,1.041,0,1
2025-11-25T17:22:44.854619Z,embb,uesimtun0,425904,6854,562420,10307,1.289,0,1
2025-11-25T17:22:44.854619Z,urllc,uesimtun1,365530,6375,421832,6936,0.990,0,1
2025-11-25T17:22:44.854619Z,mmtc,uesimtun2,422400,6864,547780,9957,0.902,0,1
2025-11-25T17:22:45.104233Z,embb,uesimtun0,426069,6857,562664,10312,1.354,0,1
2025-11-25T17:22:45.104233Z,urllc,uesimtun1,365670,6378,421996,6939,1.165,0,1
2025-11-25T17:22:45.104233Z,mmtc,uesimtun2,422565,6867,548024,9962,1.030,0,1
2025-11-25T17:22:45.354616Z,embb,uesimtun0,426234,6860,562908,10317,1.349,0,1
2025-11-25T17:22:45.354616Z,urllc,uesimtun1,365810,6381,422160,6942,1.050,0,1
2025-11-25T17:22:45.354616Z,mmtc,uesimtun2,422730,6870,548268,9967,0.856,0,1
2025-11-25T17:22:45.605641Z,embb,uesimtun0,426399,6863,563152,10322,1.277,0,1
2025-11-25T17:22:45.605641Z,urllc,uesimtun1,365950,6384,422324,6945,1.006,0,1
2025-11-25T17:22:45.605641Z,mmtc,uesimtun2,422895,6873,548512,9972,1.064,0,1
2025-11-25T17:22:45.854474Z,embb,uesimtun0,426564,6866,563396,10327,1.315,0,1
2025-11-25T17:22:45.854474Z,urllc,uesimtun1,366090,6387,422488,6948,0.920,0,1
2025-11-25T17:22:45.854474Z,mmtc,uesimtun2,423060,6876,548756,9977,0.932,0,1
2025-11-25T17:22:46.104494Z,embb,uesimtun0,426729,6869,563640,10332,1.360,0,1
2025-11-25T17:22:46.104494Z,urllc,uesimtun1,366230,6390,422652,6951,1.064,0,1
2025-11-25T17:22:46.104494Z,mmtc,uesimtun2,423225,6879,549000,9982,1.090,0,1
2025-11-25T17:22:46.354794Z,embb,uesimtun0,426894,6872,563884,10337,1.350,0,1
2025-11-25T17:22:46.354794Z,urllc,uesimtun1,366370,6393,422816,6954,1.015,0,1
2025-11-25T17:22:46.354794Z,mmtc,uesimtun2,423390,6882,549244,9987,1.098,0,1
2025-11-25T17:22:46.604278Z,embb,uesimtun0,427059,6875,564128,10342,1.270,0,1
2025-11-25T17:22:46.604278Z,urllc,uesimtun1,366535,6396,423060,6959,1.087,0,1
2025-11-25T17:22:46.604278Z,mmtc,uesimtun2,423530,6885,549408,9990,1.051,0,1
2025-11-25T17:22:46.854388Z,embb,uesimtun0,427224,6878,564372,10347,1.288,0,1
2025-11-25T17:22:46.854388Z,urllc,uesimtun1,366675,6399,423224,6962,1.071,0,1
2025-11-25T17:22:46.854388Z,mmtc,uesimtun2,423695,6888,549652,9995,1.134,0,1
2025-11-25T17:22:47.104248Z,embb,uesimtun0,427389,6881,564616,10352,1.353,0,1
2025-11-25T17:22:47.104248Z,urllc,uesimtun1,366815,6402,423388,6965,1.034,0,1
2025-11-25T17:22:47.104248Z,mmtc,uesimtun2,423860,6891,549896,10000,,1,1
2025-11-25T17:22:47.354310Z,embb,uesimtun0,427554,6884,564860,10357,1.345,0,1
2025-11-25T17:22:47.354310Z,urllc,uesimtun1,366980,6405,423632,6970,,1,1
2025-11-25T17:22:47.354310Z,mmtc,uesimtun2,423900,6892,549956,10001,0.976,0,1
2025-11-25T17:22:47.604314Z,embb,uesimtun0,427719,6887,565104,10362,1.277,0,1
2025-11-25T17:22:47.604314Z,urllc,uesimtun1,367020,6406,423692,6971,0.979,0,1
2025-11-25T17:22:47.604314Z,mmtc,uesimtun2,424065,6895,550200,10006,0.936,0,1
2025-11-25T17:22:48.070992Z,embb,uesimtun0,427884,6890,565348,10367,4.210,0,1
2025-11-25T17:22:48.070992Z,urllc,uesimtun1,367160,6409,423856,6974,1.035,0,1
2025-11-25T17:22:48.070992Z,mmtc,uesimtun2,424230,6898,550444,10011,1.001,0,1
2025-11-25T17:22:48.104308Z,embb,uesimtun0,428049,6893,565592,10372,1.155,0,1
2025-11-25T17:22:48.104308Z,urllc,uesimtun1,367300,6412,424020,6977,0.933,0,1
2025-11-25T17:22:48.104308Z,mmtc,uesimtun2,424395,6901,550688,10016,1.087,0,1
2025-11-25T17:22:48.354303Z,embb,uesimtun0,428214,6896,565836,10377,1.387,0,1
2025-11-25T17:22:48.354303Z,urllc,uesimtun1,367440,6415,424184,6980,0.950,0,1
2025-11-25T17:22:48.354303Z,mmtc,uesimtun2,424560,6904,550932,10021,1.093,0,1
2025-11-25T17:22:48.604612Z,embb,uesimtun0,428379,6899,566080,10382,1.328,0,1
2025-11-25T17:22:48.604612Z,urllc,uesimtun1,367605,6418,424428,6985,0.990,0,1
2025-11-25T17:22:48.604612Z,mmtc,uesimtun2,424725,6907,551176,10026,1.029,0,1
2025-11-25T17:22:48.854529Z,embb,uesimtun0,428544,6902,566324,10387,1.261,0,1
2025-11-25T17:22:48.854529Z,urllc,uesimtun1,367745,6421,424592,6988,0.961,0,1
2025-11-25T17:22:48.854529Z,mmtc,uesimtun2,424890,6910,551420,10031,0.996,0,1
2025-11-25T17:22:49.104846Z,embb,uesimtun0,428709,6905,566568,10392,1.228,0,1
2025-11-25T17:22:49.104846Z,urllc,uesimtun1,367885,6424,424756,6991,1.153,0,1
2025-11-25T17:22:49.104846Z,mmtc,uesimtun2,425055,6913,551664,10036,0.946,0,1
2025-11-25T17:22:49.354670Z,embb,uesimtun0,428874,6908,566812,10397,1.264,0,1
2025-11-25T17:22:49.354670Z,urllc,uesimtun1,368025,6427,424920,6994,1.045,0,1
2025-11-25T17:22:49.354670Z,mmtc,uesimtun2,425220,6916,551908,10041,1.224,0,1
2025-11-25T17:22:49.604621Z,embb,uesimtun0,429039,6911,567056,10402,1.204,0,1
2025-11-25T17:22:49.604621Z,urllc,uesimtun1,368165,6430,425084,6997,,1,1
2025-11-25T17:22:49.604621Z,mmtc,uesimtun2,425385,6919,552152,10046,0.975,0,1
2025-11-25T17:22:49.854901Z,embb,uesimtun0,429204,6914,567300,10407,1.285,0,1
2025-11-25T17:22:49.854901Z,urllc,uesimtun1,368205,6431,425144,6998,,1,1
2025-11-25T17:22:49.854901Z,mmtc,uesimtun2,425550,6922,552396,10051,0.992,0,1
2025-11-25T17:22:50.104941Z,embb,uesimtun0,429369,6917,567544,10412,1.308,0,1
2025-11-25T17:22:50.104941Z,urllc,uesimtun1,368245,6432,425204,6999,0.959,0,1
2025-11-25T17:22:50.104941Z,mmtc,uesimtun2,425767,6926,552640,10056,0.888,0,1
2025-11-25T17:22:50.354297Z,embb,uesimtun0,429534,6920,567788,10417,1.208,0,1
2025-11-25T17:22:50.354297Z,urllc,uesimtun1,368385,6435,425368,7002,0.916,0,1
2025-11-25T17:22:50.354297Z,mmtc,uesimtun2,425932,6929,552884,10061,0.857,0,1
2025-11-25T17:22:50.604469Z,embb,uesimtun0,429699,6923,568032,10422,1.230,0,1
2025-11-25T17:22:50.604469Z,urllc,uesimtun1,368525,6438,425532,7005,0.955,0,1
2025-11-25T17:22:50.604469Z,mmtc,uesimtun2,426097,6932,553128,10066,0.863,0,1
2025-11-25T17:22:50.854617Z,embb,uesimtun0,429864,6926,568276,10427,1.164,0,1
2025-11-25T17:22:50.854617Z,urllc,uesimtun1,368665,6441,425696,7008,0.931,0,1
2025-11-25T17:22:50.854617Z,mmtc,uesimtun2,426262,6935,553372,10071,1.029,0,1
2025-11-25T17:22:51.104558Z,embb,uesimtun0,430029,6929,568520,10432,1.276,0,1
2025-11-25T17:22:51.104558Z,urllc,uesimtun1,368805,6444,425860,7011,,1,1
2025-11-25T17:22:51.104558Z,mmtc,uesimtun2,426427,6938,553616,10076,0.958,0,1
2025-11-25T17:22:51.354319Z,embb,uesimtun0,430194,6932,568764,10437,1.360,0,1
2025-11-25T17:22:51.354319Z,urllc,uesimtun1,368845,6445,425920,7012,1.042,0,1
2025-11-25T17:22:51.354319Z,mmtc,uesimtun2,426592,6941,553860,10081,0.974,0,1
2025-11-25T17:22:51.604598Z,embb,uesimtun0,430359,6935,569008,10442,1.272,0,1
2025-11-25T17:22:51.604598Z,urllc,uesimtun1,368985,6448,426084,7015,0.992,0,1
2025-11-25T17:22:51.604598Z,mmtc,uesimtun2,426757,6944,554104,10086,0.978,0,1
2025-11-25T17:22:51.854598Z,embb,uesimtun0,430524,6938,569252,10447,1.193,0,1
2025-11-25T17:22:51.854598Z,urllc,uesimtun1,369125,6451,426248,7018,0.981,0,1
2025-11-25T17:22:51.854598Z,mmtc,uesimtun2,426922,6947,554348,10091,0.886,0,1
2025-11-25T17:22:52.104514Z,embb,uesimtun0,430689,6941,569496,10452,1.276,0,1
2025-11-25T17:22:52.104514Z,urllc,uesimtun1,369265,6454,426412,7021,0.898,0,1
2025-11-25T17:22:52.104514Z,mmtc,uesimtun2,427087,6950,554592,10096,1.055,0,1
2025-11-25T17:22:52.354410Z,embb,uesimtun0,430854,6944,569740,10457,1.239,0,1
2025-11-25T17:22:52.354410Z,urllc,uesimtun1,369405,6457,426576,7024,1.021,0,1
2025-11-25T17:22:52.354410Z,mmtc,uesimtun2,427252,6953,554836,10101,0.869,0,1
2025-11-25T17:22:52.604582Z,embb,uesimtun0,431019,6947,569984,10462,1.239,0,1
2025-11-25T17:22:52.604582Z,urllc,uesimtun1,369545,6460,426740,7027,0.936,0,1
2025-11-25T17:22:52.604582Z,mmtc,uesimtun2,427417,6956,555080,10106,0.988,0,1
2025-11-25T17:22:52.854270Z,embb,uesimtun0,431184,6950,570228,10467,5.781,0,1
2025-11-25T17:22:52.854270Z,urllc,uesimtun1,369685,6463,426904,7030,0.981,0,1
2025-11-25T17:22:52.854270Z,mmtc,uesimtun2,427582,6959,555324,10111,0.920,0,1
2025-11-25T17:22:53.105022Z,embb,uesimtun0,431349,6953,570472,10472,1.318,0,1
2025-11-25T17:22:53.105022Z,urllc,uesimtun1,369825,6466,427068,7033,0.908,0,1
2025-11-25T17:22:53.105022Z,mmtc,uesimtun2,427747,6962,555568,10116,0.996,0,1
2025-11-25T17:22:53.354231Z,embb,uesimtun0,431514,6956,570716,10477,1.299,0,1
2025-11-25T17:22:53.354231Z,urllc,uesimtun1,369965,6469,427232,7036,0.975,0,1
2025-11-25T17:22:53.354231Z,mmtc,uesimtun2,427912,6965,555812,10121,0.940,0,1
2025-11-25T17:22:53.604647Z,embb,uesimtun0,431679,6959,570960,10482,1.272,0,1
2025-11-25T17:22:53.604647Z,urllc,uesimtun1,370105,6472,427396,7039,0.924,0,1
2025-11-25T17:22:53.604647Z,mmtc,uesimtun2,428077,6968,556056,10126,0.936,0,1
2025-11-25T17:22:53.854425Z,embb,uesimtun0,431844,6962,571204,10487,1.284,0,1
2025-11-25T17:22:53.854425Z,urllc,uesimtun1,370245,6475,427560,7042,,1,1
2025-11-25T17:22:53.854425Z,mmtc,uesimtun2,428242,6971,556300,10131,0.879,0,1
2025-11-25T17:22:54.104434Z,embb,uesimtun0,432009,6965,571448,10492,1.380,0,1
2025-11-25T17:22:54.104434Z,urllc,uesimtun1,370285,6476,427620,7043,1.016,0,1
2025-11-25T17:22:54.104434Z,mmtc,uesimtun2,428407,6974,556544,10136,1.153,0,1
2025-11-25T17:22:54.354343Z,embb,uesimtun0,432174,6968,571692,10497,1.247,0,1
2025-11-25T17:22:54.354343Z,urllc,uesimtun1,370425,6479,427784,7046,0.907,0,1
2025-11-25T17:22:54.354343Z,mmtc,uesimtun2,428572,6977,556788,10141,1.202,0,1
2025-11-25T17:22:54.604479Z,embb,uesimtun0,432339,6971,571936,10502,1.239,0,1
2025-11-25T17:22:54.604479Z,urllc,uesimtun1,370565,6482,427948,7049,0.901,0,1
2025-11-25T17:22:54.604479Z,mmtc,uesimtun2,428737,6980,557032,10146,0.916,0,1
2025-11-25T17:22:54.854663Z,embb,uesimtun0,432504,6974,572180,10507,1.302,0,1
2025-11-25T17:22:54.854663Z,urllc,uesimtun1,370705,6485,428112,7052,0.979,0,1
2025-11-25T17:22:54.854663Z,mmtc,uesimtun2,428902,6983,557276,10151,0.881,0,1
2025-11-25T17:22:55.104886Z,embb,uesimtun0,432669,6977,572424,10512,1.233,0,1
2025-11-25T17:22:55.104886Z,urllc,uesimtun1,370845,6488,428276,7055,0.917,0,1
2025-11-25T17:22:55.104886Z,mmtc,uesimtun2,429067,6986,557520,10156,0.893,0,1
2025-11-25T17:22:55.354531Z,embb,uesimtun0,432834,6980,572668,10517,1.319,0,1
2025-11-25T17:22:55.354531Z,urllc,uesimtun1,370985,6491,428440,7058,1.075,0,1
2025-11-25T17:22:55.354531Z,mmtc,uesimtun2,429232,6989,557764,10161,1.014,0,1
2025-11-25T17:22:55.604541Z,embb,uesimtun0,432999,6983,572912,10522,1.301,0,1
2025-11-25T17:22:55.604541Z,urllc,uesimtun1,371125,6494,428604,7061,1.018,0,1
2025-11-25T17:22:55.604541Z,mmtc,uesimtun2,429397,6992,558008,10166,0.906,0,1
2025-11-25T17:22:55.854214Z,embb,uesimtun0,433164,6986,573156,10527,1.252,0,1
2025-11-25T17:22:55.854214Z,urllc,uesimtun1,371290,6497,428848,7066,0.877,0,1
2025-11-25T17:22:55.854214Z,mmtc,uesimtun2,429537,6995,558172,10169,0.979,0,1
2025-11-25T17:22:56.105094Z,embb,uesimtun0,433329,6989,573400,10532,1.303,0,1
2025-11-25T17:22:56.105094Z,urllc,uesimtun1,371430,6500,429012,7069,0.862,0,1
2025-11-25T17:22:56.105094Z,mmtc,uesimtun2,429702,6998,558416,10174,0.912,0,1
2025-11-25T17:22:56.354194Z,embb,uesimtun0,433494,6992,573644,10537,1.339,0,1
2025-11-25T17:22:56.354194Z,urllc,uesimtun1,371570,6503,429176,7072,0.956,0,1
2025-11-25T17:22:56.354194Z,mmtc,uesimtun2,429867,7001,558660,10179,1.056,0,1
2025-11-25T17:22:56.604685Z,embb,uesimtun0,433659,6995,573888,10542,1.299,0,1
2025-11-25T17:22:56.604685Z,urllc,uesimtun1,371710,6506,429340,7075,0.961,0,1
2025-11-25T17:22:56.604685Z,mmtc,uesimtun2,430032,7004,558904,10184,0.895,0,1
2025-11-25T17:22:56.854336Z,embb,uesimtun0,433824,6998,574132,10547,1.334,0,1
2025-11-25T17:22:56.854336Z,urllc,uesimtun1,371850,6509,429504,7078,1.027,0,1
2025-11-25T17:22:56.854336Z,mmtc,uesimtun2,430249,7008,559148,10189,1.016,0,1
2025-11-25T17:22:57.104581Z,embb,uesimtun0,433989,7001,574376,10552,1.318,0,1
2025-11-25T17:22:57.104581Z,urllc,uesimtun1,371990,6512,429668,7081,1.006,0,1
2025-11-25T17:22:57.104581Z,mmtc,uesimtun2,430414,7011,559392,10194,1.028,0,1
2025-11-25T17:22:57.354314Z,embb,uesimtun0,434154,7004,574620,10557,1.295,0,1
2025-11-25T17:22:57.354314Z,urllc,uesimtun1,372130,6515,429832,7084,1.047,0,1
2025-11-25T17:22:57.354314Z,mmtc,uesimtun2,430579,7014,559636,10199,0.908,0,1
2025-11-25T17:22:57.604923Z,embb,uesimtun0,434319,7007,574864,10562,1.278,0,1
2025-11-25T17:22:57.604923Z,urllc,uesimtun1,372270,6518,429996,7087,,1,1
2025-11-25T17:22:57.604923Z,mmtc,uesimtun2,430744,7017,559880,10204,0.979,0,1
2025-11-25T17:22:57.854439Z,embb,uesimtun0,434484,7010,575108,10567,1.299,0,1
2025-11-25T17:22:57.854439Z,urllc,uesimtun1,372310,6519,430056,7088,0.901,0,1
2025-11-25T17:22:57.854439Z,mmtc,uesimtun2,430909,7020,560124,10209,1.082,0,1
2025-11-25T17:22:58.104700Z,embb,uesimtun0,434649,7013,575352,10572,1.300,0,1
2025-11-25T17:22:58.104700Z,urllc,uesimtun1,372450,6522,430220,7091,1.010,0,1
2025-11-25T17:22:58.104700Z,mmtc,uesimtun2,431074,7023,560368,10214,0.999,0,1
2025-11-25T17:22:58.354183Z,embb,uesimtun0,434814,7016,575596,10577,1.356,0,1
2025-11-25T17:22:58.354183Z,urllc,uesimtun1,372590,6525,430384,7094,1.037,0,1
2025-11-25T17:22:58.354183Z,mmtc,uesimtun2,431239,7026,560612,10219,,1,1
2025-11-25T17:22:58.604765Z,embb,uesimtun0,434979,7019,575840,10582,1.251,0,1
2025-11-25T17:22:58.604765Z,urllc,uesimtun1,372755,6528,430628,7099,1.090,0,1
2025-11-25T17:22:58.604765Z,mmtc,uesimtun2,431279,7027,560672,10220,1.089,0,1
2025-11-25T17:22:58.854656Z,embb,uesimtun0,435144,7022,576084,10587,1.234,0,1
2025-11-25T17:22:58.854656Z,urllc,uesimtun1,372920,6531,430872,7104,,1,1
2025-11-25T17:22:58.854656Z,mmtc,uesimtun2,431444,7030,560916,10225,1.003,0,1
2025-11-25T17:22:59.104290Z,embb,uesimtun0,435309,7025,576328,10592,1.354,0,1
2025-11-25T17:22:59.104290Z,urllc,uesimtun1,372960,6532,430932,7105,,1,1
2025-11-25T17:22:59.104290Z,mmtc,uesimtun2,431609,7033,561160,10230,0.924,0,1
2025-11-25T17:22:59.354223Z,embb,uesimtun0,435474,7028,576572,10597,1.380,0,1
2025-11-25T17:22:59.354223Z,urllc,uesimtun1,373000,6533,430992,7106,,1,1
2025-11-25T17:22:59.354223Z,mmtc,uesimtun2,431774,7036,561404,10235,1.043,0,1
2025-11-25T17:22:59.604036Z,embb,uesimtun0,435639,7031,576816,10602,1.262,0,1
2025-11-25T17:22:59.604036Z,urllc,uesimtun1,373040,6534,431052,7107,0.960,0,1
2025-11-25T17:22:59.604036Z,mmtc,uesimtun2,431939,7039,561648,10240,1.014,0,1
2025-11-25T17:22:59.854471Z,embb,uesimtun0,435804,7034,577060,10607,1.240,0,1
2025-11-25T17:22:59.854471Z,urllc,uesimtun1,373180,6537,431216,7110,0.954,0,1
2025-11-25T17:22:59.854471Z,mmtc,uesimtun2,432156,7043,561892,10245,0.910,0,1
2025-11-25T17:23:00.104728Z,embb,uesimtun0,435969,7037,577304,10612,1.436,0,1
2025-11-25T17:23:00.104728Z,urllc,uesimtun1,373320,6540,431380,7113,1.028,0,1
2025-11-25T17:23:00.104728Z,mmtc,uesimtun2,432321,7046,562136,10250,0.920,0,1
2025-11-25T17:23:00.354472Z,embb,uesimtun0,436134,7040,577548,10617,1.338,0,1
2025-11-25T17:23:00.354472Z,urllc,uesimtun1,373460,6543,431544,7116,1.031,0,1
2025-11-25T17:23:00.354472Z,mmtc,uesimtun2,432486,7049,562380,10255,0.927,0,1
2025-11-25T17:23:00.604684Z,embb,uesimtun0,436299,7043,577792,10622,1.471,0,1
2025-11-25T17:23:00.604684Z,urllc,uesimtun1,373600,6546,431708,7119,1.076,0,1
2025-11-25T17:23:00.604684Z,mmtc,uesimtun2,432651,7052,562624,10260,1.366,0,1
2025-11-25T17:23:00.854399Z,embb,uesimtun0,436464,7046,578036,10627,1.256,0,1
2025-11-25T17:23:00.854399Z,urllc,uesimtun1,373740,6549,431872,7122,0.968,0,1
2025-11-25T17:23:00.854399Z,mmtc,uesimtun2,432816,7055,562868,10265,1.000,0,1
2025-11-25T17:23:01.104725Z,embb,uesimtun0,436629,7049,578280,10632,1.289,0,1
2025-11-25T17:23:01.104725Z,urllc,uesimtun1,373880,6552,432036,7125,0.913,0,1
2025-11-25T17:23:01.104725Z,mmtc,uesimtun2,432981,7058,563112,10270,0.931,0,1
2025-11-25T17:23:01.354371Z,embb,uesimtun0,436794,7052,578524,10637,1.319,0,1
2025-11-25T17:23:01.354371Z,urllc,uesimtun1,374020,6555,432200,7128,5.285,0,1
2025-11-25T17:23:01.354371Z,mmtc,uesimtun2,433146,7061,563356,10275,0.953,0,1
2025-11-25T17:23:01.604595Z,embb,uesimtun0,436959,7055,578768,10642,1.310,0,1
2025-11-25T17:23:01.604595Z,urllc,uesimtun1,374160,6558,432364,7131,0.925,0,1
2025-11-25T17:23:01.604595Z,mmtc,uesimtun2,433311,7064,563600,10280,1.023,0,1
2025-11-25T17:23:01.854483Z,embb,uesimtun0,437124,7058,579012,10647,1.195,0,1
2025-11-25T17:23:01.854483Z,urllc,uesimtun1,374300,6561,432528,7134,0.941,0,1
2025-11-25T17:23:01.854483Z,mmtc,uesimtun2,433476,7067,563844,10285,0.788,0,1
2025-11-25T17:23:02.104941Z,embb,uesimtun0,437289,7061,579256,10652,1.334,0,1
2025-11-25T17:23:02.104941Z,urllc,uesimtun1,374440,6564,432692,7137,0.910,0,1
2025-11-25T17:23:02.104941Z,mmtc,uesimtun2,433641,7070,564088,10290,0.890,0,1
2025-11-25T17:23:02.355119Z,embb,uesimtun0,437454,7064,579500,10657,1.328,0,1
2025-11-25T17:23:02.355119Z,urllc,uesimtun1,374580,6567,432856,7140,1.143,0,1
2025-11-25T17:23:02.355119Z,mmtc,uesimtun2,433806,7073,564332,10295,0.906,0,1
2025-11-25T17:23:02.604322Z,embb,uesimtun0,437619,7067,579744,10662,1.481,0,1
2025-11-25T17:23:02.604322Z,urllc,uesimtun1,374720,6570,433020,7143,0.993,0,1
2025-11-25T17:23:02.604322Z,mmtc,uesimtun2,433971,7076,564576,10300,1.097,0,1
2025-11-25T17:23:02.854117Z,embb,uesimtun0,437784,7070,579988,10667,25.543,0,1
2025-11-25T17:23:02.854117Z,urllc,uesimtun1,374860,6573,433184,7146,,1,1
2025-11-25T17:23:02.854117Z,mmtc,uesimtun2,434136,7079,564820,10305,0.976,0,1
2025-11-25T17:23:03.104570Z,embb,uesimtun0,437949,7073,580232,10672,1.244,0,1
2025-11-25T17:23:03.104570Z,urllc,uesimtun1,374900,6574,433244,7147,0.989,0,1
2025-11-25T17:23:03.104570Z,mmtc,uesimtun2,434301,7082,565064,10310,0.903,0,1
2025-11-25T17:23:03.354503Z,embb,uesimtun0,438114,7076,580476,10677,1.294,0,1
2025-11-25T17:23:03.354503Z,urllc,uesimtun1,375040,6577,433408,7150,1.036,0,1
2025-11-25T17:23:03.354503Z,mmtc,uesimtun2,434466,7085,565308,10315,1.092,0,1
2025-11-25T17:23:03.604762Z,embb,uesimtun0,438279,7079,580720,10682,1.274,0,1
2025-11-25T17:23:03.604762Z,urllc,uesimtun1,375180,6580,433572,7153,1.016,0,1
2025-11-25T17:23:03.604762Z,mmtc,uesimtun2,434631,7088,565552,10320,0.986,0,1
2025-11-25T17:23:03.854460Z,embb,uesimtun0,438444,7082,580964,10687,1.277,0,1
2025-11-25T17:23:03.854460Z,urllc,uesimtun1,375320,6583,433736,7156,,1,1
2025-11-25T17:23:03.854460Z,mmtc,uesimtun2,434796,7091,565796,10325,1.016,0,1
2025-11-25T17:23:04.104381Z,embb,uesimtun0,438609,7085,581208,10692,1.240,0,1
2025-11-25T17:23:04.104381Z,urllc,uesimtun1,375360,6584,433796,7157,1.078,0,1
2025-11-25T17:23:04.104381Z,mmtc,uesimtun2,434961,7094,566040,10330,0.913,0,1
2025-11-25T17:23:04.355132Z,embb,uesimtun0,438774,7088,581452,10697,1.432,0,1
2025-11-25T17:23:04.355132Z,urllc,uesimtun1,375500,6587,433960,7160,1.087,0,1
2025-11-25T17:23:04.355132Z,mmtc,uesimtun2,435126,7097,566284,10335,1.033,0,1
2025-11-25T17:23:04.604391Z,embb,uesimtun0,438939,7091,581696,10702,1.314,0,1
2025-11-25T17:23:04.604391Z,urllc,uesimtun1,375640,6590,434124,7163,,1,1
2025-11-25T17:23:04.604391Z,mmtc,uesimtun2,435291,7100,566528,10340,1.015,0,1
2025-11-25T17:23:04.855162Z,embb,uesimtun0,439104,7094,581940,10707,1.513,0,1
2025-11-25T17:23:04.855162Z,urllc,uesimtun1,375680,6591,434184,7164,,1,1
2025-11-25T17:23:04.855162Z,mmtc,uesimtun2,435456,7103,566772,10345,0.948,0,1
2025-11-25T17:23:05.104230Z,embb,uesimtun0,439269,7097,582184,10712,1.539,0,1
2025-11-25T17:23:05.104230Z,urllc,uesimtun1,375720,6592,434244,7165,1.028,0,1
2025-11-25T17:23:05.104230Z,mmtc,uesimtun2,435621,7106,567016,10350,1.043,0,1
2025-11-25T17:23:05.354445Z,embb,uesimtun0,439434,7100,582428,10717,1.325,0,1
2025-11-25T17:23:05.354445Z,urllc,uesimtun1,375860,6595,434408,7168,1.026,0,1
2025-11-25T17:23:05.354445Z,mmtc,uesimtun2,435786,7109,567260,10355,0.961,0,1
2025-11-25T17:23:05.604346Z,embb,uesimtun0,439599,7103,582672,10722,1.554,0,1
2025-11-25T17:23:05.604346Z,urllc,uesimtun1,376000,6598,434572,7171,1.056,0,1
2025-11-25T17:23:05.604346Z,mmtc,uesimtun2,435951,7112,567504,10360,1.135,0,1
2025-11-25T17:23:05.854253Z,embb,uesimtun0,439764,7106,582916,10727,1.406,0,1
2025-11-25T17:23:05.854253Z,urllc,uesimtun1,376140,6601,434736,7174,1.007,0,1
2025-11-25T17:23:05.854253Z,mmtc,uesimtun2,436116,7115,567748,10365,1.094,0,1
2025-11-25T17:23:06.104214Z,embb,uesimtun0,439929,7109,583160,10732,1.411,0,1
2025-11-25T17:23:06.104214Z,urllc,uesimtun1,376280,6604,434900,7177,1.043,0,1
2025-11-25T17:23:06.104214Z,mmtc,uesimtun2,436281,7118,567992,10370,0.932,0,1
2025-11-25T17:23:06.354488Z,embb,uesimtun0,440094,7112,583404,10737,1.255,0,1
2025-11-25T17:23:06.354488Z,urllc,uesimtun1,376420,6607,435064,7180,1.027,0,1
2025-11-25T17:23:06.354488Z,mmtc,uesimtun2,436446,7121,568236,10375,0.974,0,1
2025-11-25T17:23:06.604940Z,embb,uesimtun0,440259,7115,583648,10742,1.315,0,1
2025-11-25T17:23:06.604940Z,urllc,uesimtun1,376560,6610,435228,7183,0.964,0,1
2025-11-25T17:23:06.604940Z,mmtc,uesimtun2,436611,7124,568480,10380,1.036,0,1
2025-11-25T17:23:06.854322Z,embb,uesimtun0,440424,7118,583892,10747,1.426,0,1
2025-11-25T17:23:06.854322Z,urllc,uesimtun1,376700,6613,435392,7186,0.999,0,1
2025-11-25T17:23:06.854322Z,mmtc,uesimtun2,436776,7127,568724,10385,0.903,0,1
2025-11-25T17:23:07.104917Z,embb,uesimtun0,440589,7121,584136,10752,3.281,0,1
2025-11-25T17:23:07.104917Z,urllc,uesimtun1,376865,6616,435636,7191,1.086,0,1
2025-11-25T17:23:07.104917Z,mmtc,uesimtun2,436916,7130,568888,10388,1.037,0,1
2025-11-25T17:23:07.354529Z,embb,uesimtun0,440754,7124,584380,10757,1.303,0,1
2025-11-25T17:23:07.354529Z,urllc,uesimtun1,377030,6619,435880,7196,1.102,0,1
2025-11-25T17:23:07.354529Z,mmtc,uesimtun2,437056,7133,569052,10391,0.891,0,1
2025-11-25T17:23:07.604839Z,embb,uesimtun0,440919,7127,584624,10762,1.341,0,1
2025-11-25T17:23:07.604839Z,urllc,uesimtun1,377195,6622,436124,7201,0.964,0,1
2025-11-25T17:23:07.604839Z,mmtc,uesimtun2,437196,7136,569216,10394,0.854,0,1
2025-11-25T17:23:07.854280Z,embb,uesimtun0,441084,7130,584868,10767,1.268,0,1
2025-11-25T17:23:07.854280Z,urllc,uesimtun1,377335,6625,436288,7204,1.014,0,1
2025-11-25T17:23:07.854280Z,mmtc,uesimtun2,437361,7139,569460,10399,0.930,0,1
2025-11-25T17:23:08.104604Z,embb,uesimtun0,441249,7133,585112,10772,1.240,0,1
2025-11-25T17:23:08.104604Z,urllc,uesimtun1,377475,6628,436452,7207,0.921,0,1
2025-11-25T17:23:08.104604Z,mmtc,uesimtun2,437526,7142,569704,10404,0.848,0,1
2025-11-25T17:23:08.354580Z,embb,uesimtun0,441414,7136,585356,10777,1.351,0,1
2025-11-25T17:23:08.354580Z,urllc,uesimtun1,377615,6631,436616,7210,1.045,0,1
2025-11-25T17:23:08.354580Z,mmtc,uesimtun2,437691,7145,569948,10409,1.034,0,1
2025-11-25T17:23:08.604429Z,embb,uesimtun0,441579,7139,585600,10782,1.250,0,1
2025-11-25T17:23:08.604429Z,urllc,uesimtun1,377755,6634,436780,7213,,1,1
2025-11-25T17:23:08.604429Z,mmtc,uesimtun2,437856,7148,570192,10414,0.973,0,1
2025-11-25T17:23:08.854809Z,embb,uesimtun0,441744,7142,585844,10787,,1,1
2025-11-25T17:23:08.854809Z,urllc,uesimtun1,377795,6635,436840,7214,59.517,0,1
2025-11-25T17:23:08.854809Z,mmtc,uesimtun2,438021,7151,570436,10419,1.027,0,1
2025-11-25T17:23:09.118299Z,embb,uesimtun0,441804,7143,585944,10789,0.988,0,1
2025-11-25T17:23:09.118299Z,urllc,uesimtun1,377960,6638,437084,7219,0.969,0,1
2025-11-25T17:23:09.118299Z,mmtc,uesimtun2,438186,7154,570680,10424,0.864,0,1
2025-11-25T17:23:09.368939Z,embb,uesimtun0,441969,7146,586188,10794,1.321,0,1
2025-11-25T17:23:09.368939Z,urllc,uesimtun1,378100,6641,437248,7222,1.026,0,1
2025-11-25T17:23:09.368939Z,mmtc,uesimtun2,438351,7157,570924,10429,0.952,0,1
2025-11-25T17:23:09.618906Z,embb,uesimtun0,442134,7149,586432,10799,1.514,0,1
2025-11-25T17:23:09.618906Z,urllc,uesimtun1,378240,6644,437412,7225,1.025,0,1
2025-11-25T17:23:09.618906Z,mmtc,uesimtun2,438568,7161,571168,10434,1.072,0,1
2025-11-25T17:23:09.869315Z,embb,uesimtun0,442299,7152,586676,10804,1.313,0,1
2025-11-25T17:23:09.869315Z,urllc,uesimtun1,378380,6647,437576,7228,1.021,0,1
2025-11-25T17:23:09.869315Z,mmtc,uesimtun2,438733,7164,571412,10439,0.905,0,1
2025-11-25T17:23:10.118960Z,embb,uesimtun0,442464,7155,586920,10809,1.527,0,1
2025-11-25T17:23:10.118960Z,urllc,uesimtun1,378520,6650,437740,7231,1.019,0,1
2025-11-25T17:23:10.118960Z,mmtc,uesimtun2,438898,7167,571656,10444,1.127,0,1
2025-11-25T17:23:10.368435Z,embb,uesimtun0,442629,7158,587164,10814,1.488,0,1
2025-11-25T17:23:10.368435Z,urllc,uesimtun1,378660,6653,437904,7234,,1,1
2025-11-25T17:23:10.368435Z,mmtc,uesimtun2,439063,7170,571900,10449,1.321,0,1
2025-11-25T17:23:10.619098Z,embb,uesimtun0,442794,7161,587408,10819,1.309,0,1
2025-11-25T17:23:10.619098Z,urllc,uesimtun1,378700,6654,437964,7235,1.083,0,1
2025-11-25T17:23:10.619098Z,mmtc,uesimtun2,439228,7173,572144,10454,0.891,0,1
2025-11-25T17:23:10.868610Z,embb,uesimtun0,442959,7164,587652,10824,1.257,0,1
2025-11-25T17:23:10.868610Z,urllc,uesimtun1,378840,6657,438128,7238,0.962,0,1
2025-11-25T17:23:10.868610Z,mmtc,uesimtun2,439393,7176,572388,10459,0.902,0,1
2025-11-25T17:23:11.118987Z,embb,uesimtun0,443124,7167,587896,10829,1.254,0,1
2025-11-25T17:23:11.118987Z,urllc,uesimtun1,378980,6660,438292,7241,1.119,0,1
2025-11-25T17:23:11.118987Z,mmtc,uesimtun2,439558,7179,572632,10464,0.974,0,1
2025-11-25T17:23:11.368831Z,embb,uesimtun0,443289,7170,588140,10834,1.387,0,1
2025-11-25T17:23:11.368831Z,urllc,uesimtun1,379120,6663,438456,7244,1.058,0,1
2025-11-25T17:23:11.368831Z,mmtc,uesimtun2,439723,7182,572876,10469,0.988,0,1
2025-11-25T17:23:11.619356Z,embb,uesimtun0,443454,7173,588384,10839,1.298,0,1
2025-11-25T17:23:11.619356Z,urllc,uesimtun1,379260,6666,438620,7247,1.091,0,1
2025-11-25T17:23:11.619356Z,mmtc,uesimtun2,439940,7186,573120,10474,0.947,0,1
2025-11-25T17:23:11.869146Z,embb,uesimtun0,443619,7176,588628,10844,1.251,0,1
2025-11-25T17:23:11.869146Z,urllc,uesimtun1,379400,6669,438784,7250,0.949,0,1
2025-11-25T17:23:11.869146Z,mmtc,uesimtun2,440105,7189,573364,10479,0.952,0,1
2025-11-25T17:23:12.118895Z,embb,uesimtun0,443784,7179,588872,10849,1.218,0,1
2025-11-25T17:23:12.118895Z,urllc,uesimtun1,379540,6672,438948,7253,1.045,0,1
2025-11-25T17:23:12.118895Z,mmtc,uesimtun2,440270,7192,573608,10484,1.157,0,1
2025-11-25T17:23:12.369121Z,embb,uesimtun0,443949,7182,589116,10854,1.252,0,1
2025-11-25T17:23:12.369121Z,urllc,uesimtun1,379680,6675,439112,7256,1.034,0,1
2025-11-25T17:23:12.369121Z,mmtc,uesimtun2,440435,7195,573852,10489,1.071,0,1
2025-11-25T17:23:12.618950Z,embb,uesimtun0,444114,7185,589360,10859,1.260,0,1
2025-11-25T17:23:12.618950Z,urllc,uesimtun1,379820,6678,439276,7259,1.111,0,1
2025-11-25T17:23:12.618950Z,mmtc,uesimtun2,440600,7198,574096,10494,1.023,0,1
2025-11-25T17:23:12.869115Z,embb,uesimtun0,444279,7188,589604,10864,1.339,0,1
2025-11-25T17:23:12.869115Z,urllc,uesimtun1,379960,6681,439440,7262,0.957,0,1
2025-11-25T17:23:12.869115Z,mmtc,uesimtun2,440765,7201,574340,10499,0.976,0,1
2025-11-25T17:23:13.119106Z,embb,uesimtun0,444444,7191,589848,10869,1.269,0,1
2025-11-25T17:23:13.119106Z,urllc,uesimtun1,380100,6684,439604,7265,,1,1
2025-11-25T17:23:13.119106Z,mmtc,uesimtun2,440982,7205,574584,10504,0.984,0,1
2025-11-25T17:23:13.368776Z,embb,uesimtun0,444609,7194,590092,10874,1.327,0,1
2025-11-25T17:23:13.368776Z,urllc,uesimtun1,380140,6685,439664,7266,0.993,0,1
2025-11-25T17:23:13.368776Z,mmtc,uesimtun2,441147,7208,574828,10509,1.154,0,1
2025-11-25T17:23:13.618883Z,embb,uesimtun0,444774,7197,590336,10879,1.309,0,1
2025-11-25T17:23:13.618883Z,urllc,uesimtun1,380280,6688,439828,7269,1.130,0,1
2025-11-25T17:23:13.618883Z,mmtc,uesimtun2,441312,7211,575072,10514,0.981,0,1
2025-11-25T17:23:13.869314Z,embb,uesimtun0,444939,7200,590580,10884,1.306,0,1
2025-11-25T17:23:13.869314Z,urllc,uesimtun1,380420,6691,439992,7272,1.011,0,1
2025-11-25T17:23:13.869314Z,mmtc,uesimtun2,441477,7214,575316,10519,0.953,0,1
2025-11-25T17:23:14.118849Z,embb,uesimtun0,445104,7203,590824,10889,1.361,0,1
2025-11-25T17:23:14.118849Z,urllc,uesimtun1,380560,6694,440156,7275,1.043,0,1
2025-11-25T17:23:14.118849Z,mmtc,uesimtun2,441642,7217,575560,10524,1.051,0,1
2025-11-25T17:23:14.369442Z,embb,uesimtun0,445269,7206,591068,10894,1.278,0,1
2025-11-25T17:23:14.369442Z,urllc,uesimtun1,380700,6697,440320,7278,1.040,0,1
2025-11-25T17:23:14.369442Z,mmtc,uesimtun2,441807,7220,575804,10529,0.945,0,1
2025-11-25T17:23:14.618606Z,embb,uesimtun0,445434,7209,591312,10899,1.261,0,1
2025-11-25T17:23:14.618606Z,urllc,uesimtun1,380840,6700,440484,7281,1.101,0,1
2025-11-25T17:23:14.618606Z,mmtc,uesimtun2,441972,7223,576048,10534,0.967,0,1
2025-11-25T17:23:14.869052Z,embb,uesimtun0,445599,7212,591556,10904,1.271,0,1
2025-11-25T17:23:14.869052Z,urllc,uesimtun1,380980,6703,440648,7284,0.983,0,1
2025-11-25T17:23:14.869052Z,mmtc,uesimtun2,442137,7226,576292,10539,0.982,0,1
2025-11-25T17:23:15.118912Z,embb,uesimtun0,445764,7215,591800,10909,1.373,0,1
2025-11-25T17:23:15.118912Z,urllc,uesimtun1,381120,6706,440812,7287,1.004,0,1
2025-11-25T17:23:15.118912Z,mmtc,uesimtun2,442302,7229,576536,10544,0.958,0,1
2025-11-25T17:23:15.368578Z,embb,uesimtun0,445929,7218,592044,10914,1.270,0,1
2025-11-25T17:23:15.368578Z,urllc,uesimtun1,381260,6709,440976,7290,1.010,0,1
2025-11-25T17:23:15.368578Z,mmtc,uesimtun2,442467,7232,576780,10549,1.095,0,1
2025-11-25T17:23:15.618924Z,embb,uesimtun0,446094,7221,592288,10919,1.254,0,1
2025-11-25T17:23:15.618924Z,urllc,uesimtun1,381400,6712,441140,7293,1.177,0,1
2025-11-25T17:23:15.618924Z,mmtc,uesimtun2,442632,7235,577024,10554,,1,1
2025-11-25T17:23:15.869290Z,embb,uesimtun0,446259,7224,592532,10924,1.263,0,1
2025-11-25T17:23:15.869290Z,urllc,uesimtun1,381565,6715,441384,7298,1.062,0,1
2025-11-25T17:23:15.869290Z,mmtc,uesimtun2,442672,7236,577084,10555,1.031,0,1
2025-11-25T17:23:16.119081Z,embb,uesimtun0,446424,7227,592776,10929,1.240,0,1
2025-11-25T17:23:16.119081Z,urllc,uesimtun1,381705,6718,441548,7301,,1,1
2025-11-25T17:23:16.119081Z,mmtc,uesimtun2,442889,7240,577328,10560,0.965,0,1
2025-11-25T17:23:16.369241Z,embb,uesimtun0,446589,7230,593020,10934,1.368,0,1
2025-11-25T17:23:16.369241Z,urllc,uesimtun1,381745,6719,441608,7302,1.011,0,1
2025-11-25T17:23:16.369241Z,mmtc,uesimtun2,443054,7243,577572,10565,1.074,0,1
2025-11-25T17:23:16.619459Z,embb,uesimtun0,446754,7233,593264,10939,1.307,0,1
2025-11-25T17:23:16.619459Z,urllc,uesimtun1,381885,6722,441772,7305,1.050,0,1
2025-11-25T17:23:16.619459Z,mmtc,uesimtun2,443219,7246,577816,10570,1.135,0,1
2025-11-25T17:23:16.868540Z,embb,uesimtun0,446919,7236,593508,10944,1.296,0,1
2025-11-25T17:23:16.868540Z,urllc,uesimtun1,382025,6725,441936,7308,1.020,0,1
2025-11-25T17:23:16.868540Z,mmtc,uesimtun2,443384,7249,578060,10575,0.936,0,1
2025-11-25T17:23:17.119304Z,embb,uesimtun0,447084,7239,593752,10949,1.336,0,1
2025-11-25T17:23:17.119304Z,urllc,uesimtun1,382165,6728,442100,7311,1.161,0,1
2025-11-25T17:23:17.119304Z,mmtc,uesimtun2,443601,7253,578304,10580,0.994,0,1
2025-11-25T17:23:17.369189Z,embb,uesimtun0,447249,7242,593996,10954,1.390,0,1
2025-11-25T17:23:17.369189Z,urllc,uesimtun1,382305,6731,442264,7314,,1,1
2025-11-25T17:23:17.369189Z,mmtc,uesimtun2,443766,7256,578548,10585,1.093,0,1
2025-11-25T17:23:17.618732Z,embb,uesimtun0,447414,7245,594240,10959,1.338,0,1
2025-11-25T17:23:17.618732Z,urllc,uesimtun1,382345,6732,442324,7315,1.113,0,1
2025-11-25T17:23:17.618732Z,mmtc,uesimtun2,443931,7259,578792,10590,1.136,0,1
2025-11-25T17:23:17.868436Z,embb,uesimtun0,447579,7248,594484,10964,1.379,0,1
2025-11-25T17:23:17.868436Z,urllc,uesimtun1,382485,6735,442488,7318,1.118,0,1
2025-11-25T17:23:17.868436Z,mmtc,uesimtun2,444148,7263,579036,10595,1.073,0,1
2025-11-25T17:23:18.118610Z,embb,uesimtun0,447744,7251,594728,10969,1.228,0,1
2025-11-25T17:23:18.118610Z,urllc,uesimtun1,382625,6738,442652,7321,1.071,0,1
2025-11-25T17:23:18.118610Z,mmtc,uesimtun2,444313,7266,579280,10600,0.998,0,1
2025-11-25T17:23:18.368641Z,embb,uesimtun0,447909,7254,594972,10974,1.259,0,1
2025-11-25T17:23:18.368641Z,urllc,uesimtun1,382790,6741,442896,7326,1.014,0,1
2025-11-25T17:23:18.368641Z,mmtc,uesimtun2,444478,7269,579524,10605,1.113,0,1
2025-11-25T17:23:18.618792Z,embb,uesimtun0,448074,7257,595216,10979,1.241,0,1
2025-11-25T17:23:18.618792Z,urllc,uesimtun1,382930,6744,443060,7329,0.955,0,1
2025-11-25T17:23:18.618792Z,mmtc,uesimtun2,444643,7272,579768,10610,1.077,0,1
2025-11-25T17:23:18.869568Z,embb,uesimtun0,448239,7260,595460,10984,1.219,0,1
2025-11-25T17:23:18.869568Z,urllc,uesimtun1,383070,6747,443224,7332,,1,1
2025-11-25T17:23:18.869568Z,mmtc,uesimtun2,444808,7275,580012,10615,1.000,0,1
2025-11-25T17:23:19.118700Z,embb,uesimtun0,448404,7263,595704,10989,1.260,0,1
2025-11-25T17:23:19.118700Z,urllc,uesimtun1,383110,6748,443284,7333,1.113,0,1
2025-11-25T17:23:19.118700Z,mmtc,uesimtun2,444973,7278,580256,10620,,1,1
2025-11-25T17:23:19.368877Z,embb,uesimtun0,448569,7266,595948,10994,1.251,0,1
2025-11-25T17:23:19.368877Z,urllc,uesimtun1,383275,6751,443528,7338,1.153,0,1
2025-11-25T17:23:19.368877Z,mmtc,uesimtun2,445013,7279,580316,10621,0.993,0,1
2025-11-25T17:23:19.618959Z,embb,uesimtun0,448734,7269,596192,10999,1.243,0,1
2025-11-25T17:23:19.618959Z,urllc,uesimtun1,383440,6754,443772,7343,,1,1
2025-11-25T17:23:19.618959Z,mmtc,uesimtun2,445153,7282,580480,10624,0.968,0,1
2025-11-25T17:23:19.868650Z,embb,uesimtun0,448899,7272,596436,11004,1.186,0,1
2025-11-25T17:23:19.868650Z,urllc,uesimtun1,383480,6755,443832,7344,0.966,0,1
2025-11-25T17:23:19.868650Z,mmtc,uesimtun2,445318,7285,580724,10629,0.900,0,1
2025-11-25T17:23:20.118593Z,embb,uesimtun0,449064,7275,596680,11009,1.289,0,1
2025-11-25T17:23:20.118593Z,urllc,uesimtun1,383620,6758,443996,7347,0.981,0,1
2025-11-25T17:23:20.118593Z,mmtc,uesimtun2,445483,7288,580968,10634,1.039,0,1
2025-11-25T17:23:20.368857Z,embb,uesimtun0,449229,7278,596924,11014,1.261,0,1
2025-11-25T17:23:20.368857Z,urllc,uesimtun1,383760,6761,444160,7350,0.926,0,1
2025-11-25T17:23:20.368857Z,mmtc,uesimtun2,445648,7291,581212,10639,0.902,0,1
2025-11-25T17:23:20.618714Z,embb,uesimtun0,449394,7281,597168,11019,1.286,0,1
2025-11-25T17:23:20.618714Z,urllc,uesimtun1,383900,6764,444324,7353,,1,1
2025-11-25T17:23:20.618714Z,mmtc,uesimtun2,445813,7294,581456,10644,0.983,0,1
2025-11-25T17:23:20.868736Z,embb,uesimtun0,449559,7284,597412,11024,1.293,0,1
2025-11-25T17:23:20.868736Z,urllc,uesimtun1,383940,6765,444384,7354,0.973,0,1
2025-11-25T17:23:20.868736Z,mmtc,uesimtun2,445978,7297,581700,10649,0.942,0,1
2025-11-25T17:23:21.119066Z,embb,uesimtun0,449724,7287,597656,11029,1.281,0,1
2025-11-25T17:23:21.119066Z,urllc,uesimtun1,384080,6768,444548,7357,,1,1
2025-11-25T17:23:21.119066Z,mmtc,uesimtun2,446143,7300,581944,10654,1.045,0,1
2025-11-25T17:23:21.368965Z,embb,uesimtun0,449889,7290,597900,11034,1.318,0,1
2025-11-25T17:23:21.368965Z,urllc,uesimtun1,384120,6769,444608,7358,1.649,0,1
2025-11-25T17:23:21.368965Z,mmtc,uesimtun2,446308,7303,582188,10659,1.502,0,1
2025-11-25T17:23:21.618722Z,embb,uesimtun0,450054,7293,598144,11039,1.335,0,1
2025-11-25T17:23:21.618722Z,urllc,uesimtun1,384285,6772,444852,7363,1.070,0,1
2025-11-25T17:23:21.618722Z,mmtc,uesimtun2,446448,7306,582352,10662,1.322,0,1
2025-11-25T17:23:21.869095Z,embb,uesimtun0,450219,7296,598388,11044,1.213,0,1
2025-11-25T17:23:21.869095Z,urllc,uesimtun1,384425,6775,445016,7366,0.959,0,1
2025-11-25T17:23:21.869095Z,mmtc,uesimtun2,446613,7309,582596,10667,0.990,0,1
2025-11-25T17:23:22.118858Z,embb,uesimtun0,450384,7299,598632,11049,1.219,0,1
2025-11-25T17:23:22.118858Z,urllc,uesimtun1,384590,6778,445260,7371,1.045,0,1
2025-11-25T17:23:22.118858Z,mmtc,uesimtun2,446753,7312,582760,10670,1.011,0,1
2025-11-25T17:23:22.368951Z,embb,uesimtun0,450549,7302,598876,11054,1.262,0,1
2025-11-25T17:23:22.368951Z,urllc,uesimtun1,384730,6781,445424,7374,0.963,0,1
2025-11-25T17:23:22.368951Z,mmtc,uesimtun2,446918,7315,583004,10675,0.966,0,1
2025-11-25T17:23:22.618954Z,embb,uesimtun0,450714,7305,599120,11059,1.307,0,1
2025-11-25T17:23:22.618954Z,urllc,uesimtun1,384870,6784,445588,7377,,1,1
2025-11-25T17:23:22.618954Z,mmtc,uesimtun2,447083,7318,583248,10680,4.208,0,1
2025-11-25T17:23:22.868899Z,embb,uesimtun0,450879,7308,599364,11064,1.275,0,1
2025-11-25T17:23:22.868899Z,urllc,uesimtun1,384910,6785,445648,7378,0.915,0,1
2025-11-25T17:23:22.868899Z,mmtc,uesimtun2,447248,7321,583492,10685,1.076,0,1
2025-11-25T17:23:23.118697Z,embb,uesimtun0,451044,7311,599608,11069,1.213,0,1
2025-11-25T17:23:23.118697Z,urllc,uesimtun1,385050,6788,445812,7381,1.199,0,1
2025-11-25T17:23:23.118697Z,mmtc,uesimtun2,447413,7324,583736,10690,0.941,0,1
2025-11-25T17:23:23.369054Z,embb,uesimtun0,451209,7314,599852,11074,1.354,0,1
2025-11-25T17:23:23.369054Z,urllc,uesimtun1,385215,6791,446056,7386,0.940,0,1
2025-11-25T17:23:23.369054Z,mmtc,uesimtun2,447553,7327,583900,10693,1.144,0,1
2025-11-25T17:23:23.619271Z,embb,uesimtun0,451374,7317,600096,11079,1.289,0,1
2025-11-25T17:23:23.619271Z,urllc,uesimtun1,385355,6794,446220,7389,1.041,0,1
2025-11-25T17:23:23.619271Z,mmtc,uesimtun2,447718,7330,584144,10698,0.928,0,1
2025-11-25T17:23:23.868726Z,embb,uesimtun0,451539,7320,600340,11084,1.311,0,1
2025-11-25T17:23:23.868726Z,urllc,uesimtun1,385495,6797,446384,7392,1.044,0,1
2025-11-25T17:23:23.868726Z,mmtc,uesimtun2,447883,7333,584388,10703,0.917,0,1
2025-11-25T17:23:24.118778Z,embb,uesimtun0,451704,7323,600584,11089,1.205,0,1
2025-11-25T17:23:24.118778Z,urllc,uesimtun1,385635,6800,446548,7395,,1,1
2025-11-25T17:23:24.118778Z,mmtc,uesimtun2,448048,7336,584632,10708,1.002,0,1
2025-11-25T17:23:24.368952Z,embb,uesimtun0,451869,7326,600828,11094,1.321,0,1
2025-11-25T17:23:24.368952Z,urllc,uesimtun1,385675,6801,446608,7396,0.941,0,1
2025-11-25T17:23:24.368952Z,mmtc,uesimtun2,448213,7339,584876,10713,0.921,0,1
2025-11-25T17:23:24.618975Z,embb,uesimtun0,452034,7329,601072,11099,1.244,0,1
2025-11-25T17:23:24.618975Z,urllc,uesimtun1,385815,6804,446772,7399,1.065,0,1
2025-11-25T17:23:24.618975Z,mmtc,uesimtun2,448378,7342,585120,10718,0.989,0,1
2025-11-25T17:23:24.868691Z,embb,uesimtun0,452199,7332,601316,11104,1.300,0,1
2025-11-25T17:23:24.868691Z,urllc,uesimtun1,385955,6807,446936,7402,0.991,0,1
2025-11-25T17:23:24.868691Z,mmtc,uesimtun2,448543,7345,585364,10723,1.071,0,1
2025-11-25T17:23:25.118846Z,embb,uesimtun0,452364,7335,601560,11109,1.235,0,1
2025-11-25T17:23:25.118846Z,urllc,uesimtun1,386095,6810,447100,7405,1.024,0,1
2025-11-25T17:23:25.118846Z,mmtc,uesimtun2,448708,7348,585608,10728,1.062,0,1
2025-11-25T17:23:25.368723Z,embb,uesimtun0,452529,7338,601804,11114,1.316,0,1
2025-11-25T17:23:25.368723Z,urllc,uesimtun1,386260,6813,447344,7410,0.983,0,1
2025-11-25T17:23:25.368723Z,mmtc,uesimtun2,448848,7351,585772,10731,0.882,0,1
2025-11-25T17:23:25.618680Z,embb,uesimtun0,452694,7341,602048,11119,1.299,0,1
2025-11-25T17:23:25.618680Z,urllc,uesimtun1,386400,6816,447508,7413,1.009,0,1
2025-11-25T17:23:25.618680Z,mmtc,uesimtun2,449013,7354,586016,10736,0.993,0,1
2025-11-25T17:23:25.868695Z,embb,uesimtun0,452859,7344,602292,11124,1.292,0,1
2025-11-25T17:23:25.868695Z,urllc,uesimtun1,386540,6819,447672,7416,1.038,0,1
2025-11-25T17:23:25.868695Z,mmtc,uesimtun2,449178,7357,586260,10741,0.973,0,1
2025-11-25T17:23:26.118960Z,embb,uesimtun0,453024,7347,602536,11129,1.282,0,1
2025-11-25T17:23:26.118960Z,urllc,uesimtun1,386680,6822,447836,7419,1.099,0,1
2025-11-25T17:23:26.118960Z,mmtc,uesimtun2,449343,7360,586504,10746,1.037,0,1
2025-11-25T17:23:26.369013Z,embb,uesimtun0,453189,7350,602780,11134,1.287,0,1
2025-11-25T17:23:26.369013Z,urllc,uesimtun1,386845,6825,448080,7424,1.018,0,1
2025-11-25T17:23:26.369013Z,mmtc,uesimtun2,449483,7363,586668,10749,1.146,0,1
2025-11-25T17:23:26.618930Z,embb,uesimtun0,453406,7354,603024,11139,1.271,0,1
2025-11-25T17:23:26.618930Z,urllc,uesimtun1,386985,6828,448244,7427,1.111,0,1
2025-11-25T17:23:26.618930Z,mmtc,uesimtun2,449648,7366,586912,10754,0.876,0,1
2025-11-25T17:23:26.868749Z,embb,uesimtun0,453571,7357,603268,11144,1.314,0,1
2025-11-25T17:23:26.868749Z,urllc,uesimtun1,387125,6831,448408,7430,1.013,0,1
2025-11-25T17:23:26.868749Z,mmtc,uesimtun2,449813,7369,587156,10759,0.973,0,1
2025-11-25T17:23:27.118686Z,embb,uesimtun0,453736,7360,603512,11149,1.332,0,1
2025-11-25T17:23:27.118686Z,urllc,uesimtun1,387265,6834,448572,7433,2.092,0,1
2025-11-25T17:23:27.118686Z,mmtc,uesimtun2,449978,7372,587400,10764,1.054,0,1
2025-11-25T17:23:27.369012Z,embb,uesimtun0,453901,7363,603756,11154,1.434,0,1
2025-11-25T17:23:27.369012Z,urllc,uesimtun1,387405,6837,448736,7436,1.038,0,1
2025-11-25T17:23:27.369012Z,mmtc,uesimtun2,450143,7375,587644,10769,0.987,0,1
2025-11-25T17:23:27.618627Z,embb,uesimtun0,454066,7366,604000,11159,1.280,0,1
2025-11-25T17:23:27.618627Z,urllc,uesimtun1,387545,6840,448900,7439,1.095,0,1
2025-11-25T17:23:27.618627Z,mmtc,uesimtun2,450308,7378,587888,10774,1.032,0,1
2025-11-25T17:23:27.869213Z,embb,uesimtun0,454231,7369,604244,11164,1.244,0,1
2025-11-25T17:23:27.869213Z,urllc,uesimtun1,387710,6843,449144,7444,,1,1
2025-11-25T17:23:27.869213Z,mmtc,uesimtun2,450448,7381,588052,10777,1.000,0,1
2025-11-25T17:23:28.118726Z,embb,uesimtun0,454396,7372,604488,11169,1.234,0,1
2025-11-25T17:23:28.118726Z,urllc,uesimtun1,387750,6844,449204,7445,1.095,0,1
2025-11-25T17:23:28.118726Z,mmtc,uesimtun2,450613,7384,588296,10782,1.335,0,1
2025-11-25T17:23:28.368920Z,embb,uesimtun0,454561,7375,604732,11174,1.305,0,1
2025-11-25T17:23:28.368920Z,urllc,uesimtun1,387890,6847,449368,7448,,1,1
2025-11-25T17:23:28.368920Z,mmtc,uesimtun2,450778,7387,588540,10787,0.984,0,1
2025-11-25T17:23:28.619453Z,embb,uesimtun0,454726,7378,604976,11179,1.389,0,1
2025-11-25T17:23:28.619453Z,urllc,uesimtun1,387930,6848,449428,7449,1.056,0,1
2025-11-25T17:23:28.619453Z,mmtc,uesimtun2,450943,7390,588784,10792,1.091,0,1
2025-11-25T17:23:28.869446Z,embb,uesimtun0,454891,7381,605220,11184,1.289,0,1
2025-11-25T17:23:28.869446Z,urllc,uesimtun1,388095,6851,449672,7454,1.018,0,1
2025-11-25T17:23:28.869446Z,mmtc,uesimtun2,451108,7393,589028,10797,0.918,0,1
2025-11-25T17:23:29.118805Z,embb,uesimtun0,455056,7384,605464,11189,1.246,0,1
2025-11-25T17:23:29.118805Z,urllc,uesimtun1,388235,6854,449836,7457,1.044,0,1
2025-11-25T17:23:29.118805Z,mmtc,uesimtun2,451273,7396,589272,10802,1.016,0,1
2025-11-25T17:23:29.368742Z,embb,uesimtun0,455221,7387,605708,11194,1.283,0,1
2025-11-25T17:23:29.368742Z,urllc,uesimtun1,388452,6858,450080,7462,1.104,0,1
2025-11-25T17:23:29.368742Z,mmtc,uesimtun2,451413,7399,589436,10805,0.949,0,1
2025-11-25T17:23:29.619321Z,embb,uesimtun0,455386,7390,605952,11199,1.377,0,1
2025-11-25T17:23:29.619321Z,urllc,uesimtun1,388592,6861,450244,7465,0.984,0,1
2025-11-25T17:23:29.619321Z,mmtc,uesimtun2,451578,7402,589680,10810,1.209,0,1
2025-11-25T17:23:29.869379Z,embb,uesimtun0,455551,7393,606196,11204,1.292,0,1
2025-11-25T17:23:29.869379Z,urllc,uesimtun1,388757,6864,450488,7470,0.984,0,1
2025-11-25T17:23:29.869379Z,mmtc,uesimtun2,451718,7405,589844,10813,0.924,0,1
2025-11-25T17:23:30.118704Z,embb,uesimtun0,455716,7396,606440,11209,1.244,0,1
2025-11-25T17:23:30.118704Z,urllc,uesimtun1,388897,6867,450652,7473,0.998,0,1
2025-11-25T17:23:30.118704Z,mmtc,uesimtun2,451883,7408,590088,10818,1.035,0,1
2025-11-25T17:23:30.368856Z,embb,uesimtun0,455881,7399,606684,11214,1.253,0,1
2025-11-25T17:23:30.368856Z,urllc,uesimtun1,389037,6870,450816,7476,1.041,0,1
2025-11-25T17:23:30.368856Z,mmtc,uesimtun2,452048,7411,590332,10823,0.990,0,1
2025-11-25T17:23:30.619269Z,embb,uesimtun0,456046,7402,606928,11219,1.317,0,1
2025-11-25T17:23:30.619269Z,urllc,uesimtun1,389177,6873,450980,7479,1.117,0,1
2025-11-25T17:23:30.619269Z,mmtc,uesimtun2,452265,7415,590576,10828,1.367,0,1
2025-11-25T17:23:30.869452Z,embb,uesimtun0,456211,7405,607172,11224,1.292,0,1
2025-11-25T17:23:30.869452Z,urllc,uesimtun1,389317,6876,451144,7482,1.057,0,1
2025-11-25T17:23:30.869452Z,mmtc,uesimtun2,452430,7418,590820,10833,1.107,0,1
2025-11-25T17:23:31.118962Z,embb,uesimtun0,456376,7408,607416,11229,1.202,0,1
2025-11-25T17:23:31.118962Z,urllc,uesimtun1,389457,6879,451308,7485,0.958,0,1
2025-11-25T17:23:31.118962Z,mmtc,uesimtun2,452595,7421,591064,10838,1.090,0,1
2025-11-25T17:23:31.369051Z,embb,uesimtun0,456541,7411,607660,11234,1.258,0,1
2025-11-25T17:23:31.369051Z,urllc,uesimtun1,389597,6882,451472,7488,1.035,0,1
2025-11-25T17:23:31.369051Z,mmtc,uesimtun2,452760,7424,591308,10843,0.968,0,1
2025-11-25T17:23:31.618490Z,embb,uesimtun0,456706,7414,607904,11239,1.256,0,1
2025-11-25T17:23:31.618490Z,urllc,uesimtun1,389737,6885,451636,7491,1.013,0,1
2025-11-25T17:23:31.618490Z,mmtc,uesimtun2,452925,7427,591552,10848,1.084,0,1
2025-11-25T17:23:31.868776Z,embb,uesimtun0,456871,7417,608148,11244,1.275,0,1
2025-11-25T17:23:31.868776Z,urllc,uesimtun1,389877,6888,451800,7494,1.015,0,1
2025-11-25T17:23:31.868776Z,mmtc,uesimtun2,453090,7430,591796,10853,1.009,0,1
2025-11-25T17:23:32.118734Z,embb,uesimtun0,457036,7420,608440,11250,1.205,0,1
2025-11-25T17:23:32.118734Z,urllc,uesimtun1,390017,6891,451964,7497,0.937,0,1
2025-11-25T17:23:32.118734Z,mmtc,uesimtun2,453255,7433,592040,10858,1.034,0,1
2025-11-25T17:23:32.369110Z,embb,uesimtun0,457201,7423,608684,11255,1.274,0,1
2025-11-25T17:23:32.369110Z,urllc,uesimtun1,390157,6894,452128,7500,0.933,0,1
2025-11-25T17:23:32.369110Z,mmtc,uesimtun2,453420,7436,592284,10863,1.061,0,1
2025-11-25T17:23:32.619006Z,embb,uesimtun0,457366,7426,608928,11260,1.276,0,1
2025-11-25T17:23:32.619006Z,urllc,uesimtun1,390322,6897,452372,7505,1.002,0,1
2025-11-25T17:23:32.619006Z,mmtc,uesimtun2,453560,7439,592448,10866,1.213,0,1
2025-11-25T17:23:32.869238Z,embb,uesimtun0,457531,7429,609172,11265,1.280,0,1
2025-11-25T17:23:32.869238Z,urllc,uesimtun1,390462,6900,452536,7508,0.992,0,1
2025-11-25T17:23:32.869238Z,mmtc,uesimtun2,453725,7442,592692,10871,0.989,0,1
2025-11-25T17:23:33.118847Z,embb,uesimtun0,457696,7432,609416,11270,1.290,0,1
2025-11-25T17:23:33.118847Z,urllc,uesimtun1,390602,6903,452700,7511,1.029,0,1
2025-11-25T17:23:33.118847Z,mmtc,uesimtun2,453890,7445,592936,10876,0.965,0,1
2025-11-25T17:23:33.369261Z,embb,uesimtun0,457861,7435,609660,11275,1.387,0,1
2025-11-25T17:23:33.369261Z,urllc,uesimtun1,390742,6906,452864,7514,0.977,0,1
2025-11-25T17:23:33.369261Z,mmtc,uesimtun2,454055,7448,593180,10881,0.954,0,1
2025-11-25T17:23:33.618669Z,embb,uesimtun0,458026,7438,609904,11280,1.343,0,1
2025-11-25T17:23:33.618669Z,urllc,uesimtun1,390882,6909,453028,7517,1.092,0,1
2025-11-25T17:23:33.618669Z,mmtc,uesimtun2,454220,7451,593424,10886,0.916,0,1
2025-11-25T17:23:33.869352Z,embb,uesimtun0,458191,7441,610148,11285,1.243,0,1
2025-11-25T17:23:33.869352Z,urllc,uesimtun1,391022,6912,453192,7520,1.009,0,1
2025-11-25T17:23:33.869352Z,mmtc,uesimtun2,454385,7454,593668,10891,0.984,0,1
2025-11-25T17:23:34.118812Z,embb,uesimtun0,458356,7444,610392,11290,1.287,0,1
2025-11-25T17:23:34.118812Z,urllc,uesimtun1,391162,6915,453356,7523,1.064,0,1
2025-11-25T17:23:34.118812Z,mmtc,uesimtun2,454550,7457,593912,10896,0.968,0,1
2025-11-25T17:23:34.369001Z,embb,uesimtun0,458521,7447,610636,11295,1.394,0,1
2025-11-25T17:23:34.369001Z,urllc,uesimtun1,391302,6918,453520,7526,0.937,0,1
2025-11-25T17:23:34.369001Z,mmtc,uesimtun2,454715,7460,594156,10901,0.947,0,1
2025-11-25T17:23:34.618931Z,embb,uesimtun0,458686,7450,610880,11300,1.282,0,1
2025-11-25T17:23:34.618931Z,urllc,uesimtun1,391442,6921,453684,7529,1.050,0,1
2025-11-25T17:23:34.618931Z,mmtc,uesimtun2,454880,7463,594400,10906,1.094,0,1
2025-11-25T17:23:34.868957Z,embb,uesimtun0,458851,7453,611124,11305,31.797,0,1
2025-11-25T17:23:34.868957Z,urllc,uesimtun1,391582,6924,453848,7532,0.968,0,1
2025-11-25T17:23:34.868957Z,mmtc,uesimtun2,455045,7466,594644,10911,0.959,0,1
2025-11-25T17:23:35.118662Z,embb,uesimtun0,459016,7456,611368,11310,1.284,0,1
2025-11-25T17:23:35.118662Z,urllc,uesimtun1,391722,6927,454012,7535,,1,1
2025-11-25T17:23:35.118662Z,mmtc,uesimtun2,455210,7469,594888,10916,0.979,0,1
2025-11-25T17:23:35.369373Z,embb,uesimtun0,459181,7459,611612,11315,1.251,0,1
2025-11-25T17:23:35.369373Z,urllc,uesimtun1,391762,6928,454072,7536,0.916,0,1
2025-11-25T17:23:35.369373Z,mmtc,uesimtun2,455375,7472,595132,10921,0.912,0,1
2025-11-25T17:23:35.618481Z,embb,uesimtun0,459346,7462,611856,11320,4.591,0,1
2025-11-25T17:23:35.618481Z,urllc,uesimtun1,391902,6931,454236,7539,1.204,0,1
2025-11-25T17:23:35.618481Z,mmtc,uesimtun2,455540,7475,595376,10926,1.153,0,1
2025-11-25T17:23:35.869334Z,embb,uesimtun0,459511,7465,612100,11325,1.271,0,1
2025-11-25T17:23:35.869334Z,urllc,uesimtun1,392067,6934,454480,7544,0.934,0,1
2025-11-25T17:23:35.869334Z,mmtc,uesimtun2,455705,7478,595620,10931,1.055,0,1
2025-11-25T17:23:36.118773Z,embb,uesimtun0,459676,7468,612344,11330,1.312,0,1
2025-11-25T17:23:36.118773Z,urllc,uesimtun1,392207,6937,454644,7547,1.013,0,1
2025-11-25T17:23:36.118773Z,mmtc,uesimtun2,455870,7481,595864,10936,0.997,0,1
2025-11-25T17:23:36.369015Z,embb,uesimtun0,459841,7471,612588,11335,1.269,0,1
2025-11-25T17:23:36.369015Z,urllc,uesimtun1,392347,6940,454808,7550,1.020,0,1
2025-11-25T17:23:36.369015Z,mmtc,uesimtun2,456035,7484,596108,10941,1.215,0,1
2025-11-25T17:23:36.618641Z,embb,uesimtun0,460006,7474,612832,11340,1.354,0,1
2025-11-25T17:23:36.618641Z,urllc,uesimtun1,392487,6943,454972,7553,1.145,0,1
2025-11-25T17:23:36.618641Z,mmtc,uesimtun2,456200,7487,596352,10946,1.029,0,1
2025-11-25T17:23:36.869545Z,embb,uesimtun0,460171,7477,613076,11345,1.319,0,1
2025-11-25T17:23:36.869545Z,urllc,uesimtun1,392627,6946,455136,7556,1.067,0,1
2025-11-25T17:23:36.869545Z,mmtc,uesimtun2,456365,7490,596596,10951,1.198,0,1
2025-11-25T17:23:37.118809Z,embb,uesimtun0,460336,7480,613320,11350,1.217,0,1
2025-11-25T17:23:37.118809Z,urllc,uesimtun1,392767,6949,455300,7559,1.201,0,1
2025-11-25T17:23:37.118809Z,mmtc,uesimtun2,456530,7493,596840,10956,,1,1
2025-11-25T17:23:37.368676Z,embb,uesimtun0,460501,7483,613564,11355,1.237,0,1
2025-11-25T17:23:37.368676Z,urllc,uesimtun1,392932,6952,455544,7564,1.013,0,1
2025-11-25T17:23:37.368676Z,mmtc,uesimtun2,456570,7494,596900,10957,1.106,0,1
2025-11-25T17:23:37.618718Z,embb,uesimtun0,460666,7486,613808,11360,1.236,0,1
2025-11-25T17:23:37.618718Z,urllc,uesimtun1,393072,6955,455708,7567,1.043,0,1
2025-11-25T17:23:37.618718Z,mmtc,uesimtun2,456735,7497,597144,10962,0.973,0,1
2025-11-25T17:23:37.869438Z,embb,uesimtun0,460831,7489,614052,11365,1.351,0,1
2025-11-25T17:23:37.869438Z,urllc,uesimtun1,393212,6958,455872,7570,0.946,0,1
2025-11-25T17:23:37.869438Z,mmtc,uesimtun2,456900,7500,597388,10967,1.028,0,1
2025-11-25T17:23:38.118988Z,embb,uesimtun0,460996,7492,614296,11370,1.278,0,1
2025-11-25T17:23:38.118988Z,urllc,uesimtun1,393352,6961,456036,7573,1.063,0,1
2025-11-25T17:23:38.118988Z,mmtc,uesimtun2,457065,7503,597632,10972,0.982,0,1
2025-11-25T17:23:38.369388Z,embb,uesimtun0,461161,7495,614540,11375,1.381,0,1
2025-11-25T17:23:38.369388Z,urllc,uesimtun1,393492,6964,456200,7576,1.115,0,1
2025-11-25T17:23:38.369388Z,mmtc,uesimtun2,457230,7506,597876,10977,0.906,0,1
2025-11-25T17:23:38.619474Z,embb,uesimtun0,461326,7498,614784,11380,1.233,0,1
2025-11-25T17:23:38.619474Z,urllc,uesimtun1,393632,6967,456364,7579,0.983,0,1
2025-11-25T17:23:38.619474Z,mmtc,uesimtun2,457395,7509,598120,10982,1.004,0,1
2025-11-25T17:23:38.869362Z,embb,uesimtun0,461491,7501,615028,11385,1.273,0,1
2025-11-25T17:23:38.869362Z,urllc,uesimtun1,393772,6970,456528,7582,0.947,0,1
2025-11-25T17:23:38.869362Z,mmtc,uesimtun2,457560,7512,598364,10987,0.904,0,1
2025-11-25T17:23:39.118804Z,embb,uesimtun0,461656,7504,615272,11390,1.328,0,1
2025-11-25T17:23:39.118804Z,urllc,uesimtun1,393912,6973,456692,7585,1.061,0,1
2025-11-25T17:23:39.118804Z,mmtc,uesimtun2,457725,7515,598608,10992,1.047,0,1
2025-11-25T17:23:39.368581Z,embb,uesimtun0,461821,7507,615516,11395,1.332,0,1
2025-11-25T17:23:39.368581Z,urllc,uesimtun1,394052,6976,456856,7588,,1,1
2025-11-25T17:23:39.368581Z,mmtc,uesimtun2,457890,7518,598852,10997,0.990,0,1
2025-11-25T17:23:39.618627Z,embb,uesimtun0,461986,7510,615760,11400,1.252,0,1
2025-11-25T17:23:39.618627Z,urllc,uesimtun1,394092,6977,456916,7589,0.860,0,1
2025-11-25T17:23:39.618627Z,mmtc,uesimtun2,458055,7521,599096,11002,0.953,0,1
2025-11-25T17:23:39.869046Z,embb,uesimtun0,462151,7513,616004,11405,1.319,0,1
2025-11-25T17:23:39.869046Z,urllc,uesimtun1,394232,6980,457080,7592,1.131,0,1
2025-11-25T17:23:39.869046Z,mmtc,uesimtun2,458220,7524,599340,11007,1.098,0,1
2025-11-25T17:23:40.119347Z,embb,uesimtun0,462316,7516,616248,11410,1.253,0,1
2025-11-25T17:23:40.119347Z,urllc,uesimtun1,394397,6983,457324,7597,1.043,0,1
2025-11-25T17:23:40.119347Z,mmtc,uesimtun2,458360,7527,599504,11010,0.950,0,1
2025-11-25T17:23:40.369039Z,embb,uesimtun0,462481,7519,616492,11415,1.391,0,1
2025-11-25T17:23:40.369039Z,urllc,uesimtun1,394537,6986,457488,7600,1.046,0,1
2025-11-25T17:23:40.369039Z,mmtc,uesimtun2,458525,7530,599748,11015,1.114,0,1
2025-11-25T17:23:40.619236Z,embb,uesimtun0,462646,7522,616736,11420,1.287,0,1
2025-11-25T17:23:40.619236Z,urllc,uesimtun1,394677,6989,457652,7603,1.065,0,1
2025-11-25T17:23:40.619236Z,mmtc,uesimtun2,458690,7533,599992,11020,0.962,0,1
2025-11-25T17:23:40.868837Z,embb,uesimtun0,462811,7525,616980,11425,1.334,0,1
2025-11-25T17:23:40.868837Z,urllc,uesimtun1,394817,6992,457816,7606,1.039,0,1
2025-11-25T17:23:40.868837Z,mmtc,uesimtun2,458855,7536,600236,11025,0.936,0,1
2025-11-25T17:23:41.118593Z,embb,uesimtun0,462976,7528,617224,11430,1.260,0,1
2025-11-25T17:23:41.118593Z,urllc,uesimtun1,394957,6995,457980,7609,0.986,0,1
2025-11-25T17:23:41.118593Z,mmtc,uesimtun2,459020,7539,600480,11030,0.948,0,1
2025-11-25T17:23:41.368909Z,embb,uesimtun0,463141,7531,617468,11435,1.422,0,1
2025-11-25T17:23:41.368909Z,urllc,uesimtun1,395097,6998,458144,7612,1.111,0,1
2025-11-25T17:23:41.368909Z,mmtc,uesimtun2,459185,7542,600724,11035,0.919,0,1
2025-11-25T17:23:41.619142Z,embb,uesimtun0,463306,7534,617712,11440,1.343,0,1
2025-11-25T17:23:41.619142Z,urllc,uesimtun1,395262,7001,458388,7617,1.031,0,1
2025-11-25T17:23:41.619142Z,mmtc,uesimtun2,459325,7545,600888,11038,0.992,0,1
2025-11-25T17:23:41.869102Z,embb,uesimtun0,463471,7537,617956,11445,1.255,0,1
2025-11-25T17:23:41.869102Z,urllc,uesimtun1,395402,7004,458552,7620,0.966,0,1
2025-11-25T17:23:41.869102Z,mmtc,uesimtun2,459490,7548,601132,11043,1.051,0,1
2025-11-25T17:23:42.118689Z,embb,uesimtun0,463636,7540,618200,11450,1.282,0,1
2025-11-25T17:23:42.118689Z,urllc,uesimtun1,395542,7007,458716,7623,1.027,0,1
2025-11-25T17:23:42.118689Z,mmtc,uesimtun2,459655,7551,601376,11048,1.082,0,1
2025-11-25T17:23:42.368925Z,embb,uesimtun0,463801,7543,618444,11455,1.365,0,1
2025-11-25T17:23:42.368925Z,urllc,uesimtun1,395682,7010,458880,7626,1.028,0,1
2025-11-25T17:23:42.368925Z,mmtc,uesimtun2,459820,7554,601620,11053,1.061,0,1
2025-11-25T17:23:42.618773Z,embb,uesimtun0,463966,7546,618688,11460,1.244,0,1
2025-11-25T17:23:42.618773Z,urllc,uesimtun1,395847,7013,459124,7631,0.964,0,1
2025-11-25T17:23:42.618773Z,mmtc,uesimtun2,459985,7557,601864,11058,0.917,0,1
2025-11-25T17:23:42.868755Z,embb,uesimtun0,464131,7549,618932,11465,7.850,0,1
2025-11-25T17:23:42.868755Z,urllc,uesimtun1,395987,7016,459288,7634,0.966,0,1
2025-11-25T17:23:42.868755Z,mmtc,uesimtun2,460150,7560,602108,11063,0.862,0,1
2025-11-25T17:23:43.119787Z,embb,uesimtun0,464296,7552,619176,11470,1.306,0,1
2025-11-25T17:23:43.119787Z,urllc,uesimtun1,396127,7019,459452,7637,1.143,0,1
2025-11-25T17:23:43.119787Z,mmtc,uesimtun2,460315,7563,602352,11068,0.978,0,1
2025-11-25T17:23:43.368628Z,embb,uesimtun0,464461,7555,619420,11475,1.219,0,1
2025-11-25T17:23:43.368628Z,urllc,uesimtun1,396267,7022,459616,7640,1.008,0,1
2025-11-25T17:23:43.368628Z,mmtc,uesimtun2,460480,7566,602596,11073,1.018,0,1
2025-11-25T17:23:43.619524Z,embb,uesimtun0,464626,7558,619664,11480,1.217,0,1
2025-11-25T17:23:43.619524Z,urllc,uesimtun1,396407,7025,459780,7643,1.010,0,1
2025-11-25T17:23:43.619524Z,mmtc,uesimtun2,460645,7569,602840,11078,1.020,0,1
2025-11-25T17:23:43.868927Z,embb,uesimtun0,464791,7561,619908,11485,1.308,0,1
2025-11-25T17:23:43.868927Z,urllc,uesimtun1,396547,7028,459944,7646,,1,1
2025-11-25T17:23:43.868927Z,mmtc,uesimtun2,460810,7572,603084,11083,0.911,0,1
2025-11-25T17:23:44.119536Z,embb,uesimtun0,464956,7564,620152,11490,1.350,0,1
2025-11-25T17:23:44.119536Z,urllc,uesimtun1,396587,7029,460004,7647,1.266,0,1
2025-11-25T17:23:44.119536Z,mmtc,uesimtun2,460975,7575,603328,11088,1.026,0,1
2025-11-25T17:23:44.368994Z,embb,uesimtun0,465121,7567,620396,11495,1.280,0,1
2025-11-25T17:23:44.368994Z,urllc,uesimtun1,396752,7032,460248,7652,0.963,0,1
2025-11-25T17:23:44.368994Z,mmtc,uesimtun2,461140,7578,603572,11093,0.858,0,1
2025-11-25T17:23:44.618722Z,embb,uesimtun0,465286,7570,620640,11500,1.277,0,1
2025-11-25T17:23:44.618722Z,urllc,uesimtun1,396892,7035,460412,7655,,1,1
2025-11-25T17:23:44.618722Z,mmtc,uesimtun2,461305,7581,603816,11098,0.968,0,1
2025-11-25T17:23:44.868668Z,embb,uesimtun0,465451,7573,620884,11505,1.573,0,1
2025-11-25T17:23:44.868668Z,urllc,uesimtun1,396932,7036,460472,7656,1.078,0,1
2025-11-25T17:23:44.868668Z,mmtc,uesimtun2,461470,7584,604060,11103,0.917,0,1
2025-11-25T17:23:45.118581Z,embb,uesimtun0,465616,7576,621128,11510,1.259,0,1
2025-11-25T17:23:45.118581Z,urllc,uesimtun1,397072,7039,460636,7659,0.894,0,1
2025-11-25T17:23:45.118581Z,mmtc,uesimtun2,461635,7587,604304,11108,0.948,0,1
2025-11-25T17:23:45.369526Z,embb,uesimtun0,465781,7579,621372,11515,1.324,0,1
2025-11-25T17:23:45.369526Z,urllc,uesimtun1,397212,7042,460800,7662,0.984,0,1
2025-11-25T17:23:45.369526Z,mmtc,uesimtun2,461800,7590,604548,11113,0.934,0,1
2025-11-25T17:23:45.618907Z,embb,uesimtun0,465946,7582,621616,11520,1.313,0,1
2025-11-25T17:23:45.618907Z,urllc,uesimtun1,397352,7045,460964,7665,1.001,0,1
2025-11-25T17:23:45.618907Z,mmtc,uesimtun2,461965,7593,604792,11118,1.019,0,1
2025-11-25T17:23:45.868953Z,embb,uesimtun0,466111,7585,621860,11525,13.347,0,1
2025-11-25T17:23:45.868953Z,urllc,uesimtun1,397492,7048,461128,7668,1.008,0,1
2025-11-25T17:23:45.868953Z,mmtc,uesimtun2,462130,7596,605036,11123,1.019,0,1
2025-11-25T17:23:46.118721Z,embb,uesimtun0,466276,7588,622104,11530,1.279,0,1
2025-11-25T17:23:46.118721Z,urllc,uesimtun1,397632,7051,461292,7671,0.988,0,1
2025-11-25T17:23:46.118721Z,mmtc,uesimtun2,462295,7599,605280,11128,1.134,0,1
2025-11-25T17:23:46.369408Z,embb,uesimtun0,466441,7591,622348,11535,1.250,0,1
2025-11-25T17:23:46.369408Z,urllc,uesimtun1,397797,7054,461536,7676,0.905,0,1
2025-11-25T17:23:46.369408Z,mmtc,uesimtun2,462460,7602,605524,11133,0.968,0,1
2025-11-25T17:23:46.618689Z,embb,uesimtun0,466606,7594,622592,11540,1.245,0,1
2025-11-25T17:23:46.618689Z,urllc,uesimtun1,397937,7057,461700,7679,,1,1
2025-11-25T17:23:46.618689Z,mmtc,uesimtun2,462625,7605,605768,11138,0.979,0,1
2025-11-25T17:23:46.868807Z,embb,uesimtun0,466771,7597,622836,11545,1.283,0,1
2025-11-25T17:23:46.868807Z,urllc,uesimtun1,397977,7058,461760,7680,0.992,0,1
2025-11-25T17:23:46.868807Z,mmtc,uesimtun2,462790,7608,606012,11143,1.010,0,1
2025-11-25T17:23:47.118862Z,embb,uesimtun0,466936,7600,623080,11550,1.296,0,1
2025-11-25T17:23:47.118862Z,urllc,uesimtun1,398117,7061,461924,7683,1.052,0,1
2025-11-25T17:23:47.118862Z,mmtc,uesimtun2,462955,7611,606256,11148,0.926,0,1
2025-11-25T17:23:47.368664Z,embb,uesimtun0,467101,7603,623324,11555,1.254,0,1
2025-11-25T17:23:47.368664Z,urllc,uesimtun1,398282,7064,462168,7688,0.959,0,1
2025-11-25T17:23:47.368664Z,mmtc,uesimtun2,463095,7614,606420,11151,0.943,0,1
2025-11-25T17:23:47.619434Z,embb,uesimtun0,467266,7606,623568,11560,1.299,0,1
2025-11-25T17:23:47.619434Z,urllc,uesimtun1,398422,7067,462332,7691,1.027,0,1
2025-11-25T17:23:47.619434Z,mmtc,uesimtun2,463260,7617,606664,11156,1.097,0,1
2025-11-25T17:23:47.868605Z,embb,uesimtun0,467431,7609,623812,11565,1.323,0,1
2025-11-25T17:23:47.868605Z,urllc,uesimtun1,398562,7070,462496,7694,0.965,0,1
2025-11-25T17:23:47.868605Z,mmtc,uesimtun2,463425,7620,606908,11161,0.957,0,1
2025-11-25T17:23:48.118661Z,embb,uesimtun0,467596,7612,624056,11570,1.367,0,1
2025-11-25T17:23:48.118661Z,urllc,uesimtun1,398702,7073,462660,7697,0.906,0,1
2025-11-25T17:23:48.118661Z,mmtc,uesimtun2,463590,7623,607152,11166,0.904,0,1
2025-11-25T17:23:48.368685Z,embb,uesimtun0,467761,7615,624300,11575,1.376,0,1
2025-11-25T17:23:48.368685Z,urllc,uesimtun1,398842,7076,462824,7700,,1,1
2025-11-25T17:23:48.368685Z,mmtc,uesimtun2,463755,7626,607396,11171,1.039,0,1
2025-11-25T17:23:48.619487Z,embb,uesimtun0,467926,7618,624544,11580,1.263,0,1
2025-11-25T17:23:48.619487Z,urllc,uesimtun1,398882,7077,462884,7701,0.964,0,1
2025-11-25T17:23:48.619487Z,mmtc,uesimtun2,463920,7629,607640,11176,1.008,0,1
2025-11-25T17:23:48.868782Z,embb,uesimtun0,468091,7621,624788,11585,1.235,0,1
2025-11-25T17:23:48.868782Z,urllc,uesimtun1,399022,7080,463048,7704,1.028,0,1
2025-11-25T17:23:48.868782Z,mmtc,uesimtun2,464085,7632,607884,11181,0.955,0,1
2025-11-25T17:23:49.118743Z,embb,uesimtun0,468256,7624,625032,11590,1.330,0,1
2025-11-25T17:23:49.118743Z,urllc,uesimtun1,399162,7083,463212,7707,0.938,0,1
2025-11-25T17:23:49.118743Z,mmtc,uesimtun2,464250,7635,608128,11186,1.026,0,1
2025-11-25T17:23:49.368736Z,embb,uesimtun0,468421,7627,625276,11595,1.323,0,1
2025-11-25T17:23:49.368736Z,urllc,uesimtun1,399302,7086,463376,7710,1.082,0,1
2025-11-25T17:23:49.368736Z,mmtc,uesimtun2,464415,7638,608372,11191,0.955,0,1
2025-11-25T17:23:49.618787Z,embb,uesimtun0,468586,7630,625520,11600,1.269,0,1
2025-11-25T17:23:49.618787Z,urllc,uesimtun1,399467,7089,463620,7715,0.993,0,1
2025-11-25T17:23:49.618787Z,mmtc,uesimtun2,464555,7641,608536,11194,1.185,0,1
2025-11-25T17:23:49.868694Z,embb,uesimtun0,468751,7633,625764,11605,7.626,0,1
2025-11-25T17:23:49.868694Z,urllc,uesimtun1,399607,7092,463784,7718,1.093,0,1
2025-11-25T17:23:49.868694Z,mmtc,uesimtun2,464772,7645,608780,11199,0.939,0,1
2025-11-25T17:23:50.118822Z,embb,uesimtun0,468916,7636,626008,11610,1.290,0,1
2025-11-25T17:23:50.118822Z,urllc,uesimtun1,399747,7095,463948,7721,1.016,0,1
2025-11-25T17:23:50.118822Z,mmtc,uesimtun2,464989,7649,609024,11204,0.957,0,1
2025-11-25T17:23:50.368732Z,embb,uesimtun0,469081,7639,626252,11615,1.339,0,1
2025-11-25T17:23:50.368732Z,urllc,uesimtun1,399887,7098,464112,7724,0.911,0,1
2025-11-25T17:23:50.368732Z,mmtc,uesimtun2,465154,7652,609268,11209,1.067,0,1
2025-11-25T17:23:50.618881Z,embb,uesimtun0,469246,7642,626496,11620,1.273,0,1
2025-11-25T17:23:50.618881Z,urllc,uesimtun1,400027,7101,464276,7727,1.027,0,1
2025-11-25T17:23:50.618881Z,mmtc,uesimtun2,465319,7655,609512,11214,0.920,0,1
2025-11-25T17:23:50.868702Z,embb,uesimtun0,469411,7645,626740,11625,1.221,0,1
2025-11-25T17:23:50.868702Z,urllc,uesimtun1,400167,7104,464440,7730,1.006,0,1
2025-11-25T17:23:50.868702Z,mmtc,uesimtun2,465484,7658,609756,11219,0.874,0,1
2025-11-25T17:23:51.118844Z,embb,uesimtun0,469576,7648,626984,11630,1.227,0,1
2025-11-25T17:23:51.118844Z,urllc,uesimtun1,400307,7107,464604,7733,1.050,0,1
2025-11-25T17:23:51.118844Z,mmtc,uesimtun2,465701,7662,610000,11224,0.955,0,1
2025-11-25T17:23:51.368669Z,embb,uesimtun0,469741,7651,627228,11635,1.441,0,1
2025-11-25T17:23:51.368669Z,urllc,uesimtun1,400447,7110,464768,7736,2.236,0,1
2025-11-25T17:23:51.368669Z,mmtc,uesimtun2,465866,7665,610244,11229,1.592,0,1
2025-11-25T17:23:51.618869Z,embb,uesimtun0,469906,7654,627472,11640,1.262,0,1
2025-11-25T17:23:51.618869Z,urllc,uesimtun1,400587,7113,464932,7739,0.968,0,1
2025-11-25T17:23:51.618869Z,mmtc,uesimtun2,466031,7668,610488,11234,0.892,0,1
2025-11-25T17:23:51.869556Z,embb,uesimtun0,470071,7657,627716,11645,1.221,0,1
2025-11-25T17:23:51.869556Z,urllc,uesimtun1,400727,7116,465096,7742,1.006,0,1
2025-11-25T17:23:51.869556Z,mmtc,uesimtun2,466248,7672,610732,11239,0.950,0,1
2025-11-25T17:23:52.118733Z,embb,uesimtun0,470236,7660,627960,11650,1.246,0,1
2025-11-25T17:23:52.118733Z,urllc,uesimtun1,400867,7119,465260,7745,0.921,0,1
2025-11-25T17:23:52.118733Z,mmtc,uesimtun2,466465,7676,610976,11244,0.870,0,1
2025-11-25T17:23:52.369081Z,embb,uesimtun0,470401,7663,628204,11655,1.298,0,1
2025-11-25T17:23:52.369081Z,urllc,uesimtun1,401007,7122,465424,7748,1.136,0,1
2025-11-25T17:23:52.369081Z,mmtc,uesimtun2,466682,7680,611220,11249,1.066,0,1
2025-11-25T17:23:52.618827Z,embb,uesimtun0,470566,7666,628448,11660,1.268,0,1
2025-11-25T17:23:52.618827Z,urllc,uesimtun1,401172,7125,465668,7753,,1,1
2025-11-25T17:23:52.618827Z,mmtc,uesimtun2,466822,7683,611384,11252,0.998,0,1
2025-11-25T17:23:52.868907Z,embb,uesimtun0,470731,7669,628692,11665,1.202,0,1
2025-11-25T17:23:52.868907Z,urllc,uesimtun1,401212,7126,465728,7754,0.965,0,1
2025-11-25T17:23:52.868907Z,mmtc,uesimtun2,466987,7686,611628,11257,0.942,0,1
2025-11-25T17:23:53.119139Z,embb,uesimtun0,470896,7672,628936,11670,1.307,0,1
2025-11-25T17:23:53.119139Z,urllc,uesimtun1,401352,7129,465892,7757,1.030,0,1
2025-11-25T17:23:53.119139Z,mmtc,uesimtun2,467152,7689,611872,11262,1.001,0,1
2025-11-25T17:23:53.369013Z,embb,uesimtun0,471061,7675,629180,11675,1.505,0,1
2025-11-25T17:23:53.369013Z,urllc,uesimtun1,401517,7132,466136,7762,1.150,0,1
2025-11-25T17:23:53.369013Z,mmtc,uesimtun2,467317,7692,612116,11267,0.984,0,1
2025-11-25T17:23:53.618748Z,embb,uesimtun0,471226,7678,629424,11680,1.309,0,1
2025-11-25T17:23:53.618748Z,urllc,uesimtun1,401657,7135,466300,7765,,1,1
2025-11-25T17:23:53.618748Z,mmtc,uesimtun2,467482,7695,612360,11272,1.096,0,1
2025-11-25T17:23:53.868850Z,embb,uesimtun0,471391,7681,629668,11685,1.244,0,1
2025-11-25T17:23:53.868850Z,urllc,uesimtun1,401697,7136,466360,7766,1.095,0,1
2025-11-25T17:23:53.868850Z,mmtc,uesimtun2,467647,7698,612604,11277,1.033,0,1
2025-11-25T17:23:54.118863Z,embb,uesimtun0,471556,7684,629912,11690,1.269,0,1
2025-11-25T17:23:54.118863Z,urllc,uesimtun1,401837,7139,466524,7769,0.998,0,1
2025-11-25T17:23:54.118863Z,mmtc,uesimtun2,467812,7701,612848,11282,0.938,0,1
2025-11-25T17:23:54.368570Z,embb,uesimtun0,471721,7687,630156,11695,1.237,0,1
2025-11-25T17:23:54.368570Z,urllc,uesimtun1,401977,7142,466688,7772,,1,1
2025-11-25T17:23:54.368570Z,mmtc,uesimtun2,467977,7704,613092,11287,0.924,0,1
2025-11-25T17:23:54.618953Z,embb,uesimtun0,471886,7690,630400,11700,1.209,0,1
2025-11-25T17:23:54.618953Z,urllc,uesimtun1,402017,7143,466748,7773,1.017,0,1
2025-11-25T17:23:54.618953Z,mmtc,uesimtun2,468142,7707,613336,11292,0.903,0,1
2025-11-25T17:23:54.868828Z,embb,uesimtun0,472051,7693,630644,11705,1.278,0,1
2025-11-25T17:23:54.868828Z,urllc,uesimtun1,402157,7146,466912,7776,0.986,0,1
2025-11-25T17:23:54.868828Z,mmtc,uesimtun2,468307,7710,613580,11297,0.952,0,1
2025-11-25T17:23:55.119204Z,embb,uesimtun0,472216,7696,630888,11710,1.317,0,1
2025-11-25T17:23:55.119204Z,urllc,uesimtun1,402297,7149,467076,7779,0.983,0,1
2025-11-25T17:23:55.119204Z,mmtc,uesimtun2,468472,7713,613824,11302,0.992,0,1
2025-11-25T17:23:55.369310Z,embb,uesimtun0,472381,7699,631132,11715,1.302,0,1
2025-11-25T17:23:55.369310Z,urllc,uesimtun1,402437,7152,467240,7782,,1,1
2025-11-25T17:23:55.369310Z,mmtc,uesimtun2,468637,7716,614068,11307,1.004,0,1
2025-11-25T17:23:55.619159Z,embb,uesimtun0,472546,7702,631376,11720,1.253,0,1
2025-11-25T17:23:55.619159Z,urllc,uesimtun1,402477,7153,467300,7783,1.024,0,1
2025-11-25T17:23:55.619159Z,mmtc,uesimtun2,468802,7719,614312,11312,0.901,0,1
2025-11-25T17:23:55.869517Z,embb,uesimtun0,472711,7705,631620,11725,1.145,0,1
2025-11-25T17:23:55.869517Z,urllc,uesimtun1,402617,7156,467464,7786,0.952,0,1
2025-11-25T17:23:55.869517Z,mmtc,uesimtun2,469019,7723,614556,11317,0.942,0,1
2025-11-25T17:23:56.119120Z,embb,uesimtun0,472876,7708,631864,11730,1.235,0,1
2025-11-25T17:23:56.119120Z,urllc,uesimtun1,402757,7159,467628,7789,0.959,0,1
2025-11-25T17:23:56.119120Z,mmtc,uesimtun2,469184,7726,614800,11322,0.951,0,1
2025-11-25T17:23:56.369417Z,embb,uesimtun0,473041,7711,632108,11735,1.182,0,1
2025-11-25T17:23:56.369417Z,urllc,uesimtun1,402897,7162,467792,7792,0.966,0,1
2025-11-25T17:23:56.369417Z,mmtc,uesimtun2,469349,7729,615044,11327,0.959,0,1
2025-11-25T17:23:56.618589Z,embb,uesimtun0,473206,7714,632352,11740,1.260,0,1
2025-11-25T17:23:56.618589Z,urllc,uesimtun1,403037,7165,467956,7795,,1,1
2025-11-25T17:23:56.618589Z,mmtc,uesimtun2,469566,7733,615288,11332,0.932,0,1
2025-11-25T17:23:56.868619Z,embb,uesimtun0,473371,7717,632596,11745,1.249,0,1
2025-11-25T17:23:56.868619Z,urllc,uesimtun1,403077,7166,468016,7796,0.988,0,1
2025-11-25T17:23:56.868619Z,mmtc,uesimtun2,469731,7736,615532,11337,0.925,0,1
2025-11-25T17:23:57.118844Z,embb,uesimtun0,473536,7720,632840,11750,1.306,0,1
2025-11-25T17:23:57.118844Z,urllc,uesimtun1,403217,7169,468180,7799,1.030,0,1
2025-11-25T17:23:57.118844Z,mmtc,uesimtun2,469948,7740,615776,11342,0.840,0,1
2025-11-25T17:23:57.368674Z,embb,uesimtun0,473701,7723,633084,11755,1.225,0,1
2025-11-25T17:23:57.368674Z,urllc,uesimtun1,403357,7172,468344,7802,,1,1
2025-11-25T17:23:57.368674Z,mmtc,uesimtun2,470113,7743,616020,11347,0.952,0,1
2025-11-25T17:23:57.618909Z,embb,uesimtun0,473866,7726,633328,11760,1.219,0,1
2025-11-25T17:23:57.618909Z,urllc,uesimtun1,403397,7173,468404,7803,1.041,0,1
2025-11-25T17:23:57.618909Z,mmtc,uesimtun2,470278,7746,616264,11352,0.988,0,1
2025-11-25T17:23:57.868741Z,embb,uesimtun0,474031,7729,633572,11765,1.225,0,1
2025-11-25T17:23:57.868741Z,urllc,uesimtun1,403537,7176,468568,7806,1.104,0,1
2025-11-25T17:23:57.868741Z,mmtc,uesimtun2,470443,7749,616508,11357,1.081,0,1
2025-11-25T17:23:58.118835Z,embb,uesimtun0,474196,7732,633816,11770,1.309,0,1
2025-11-25T17:23:58.118835Z,urllc,uesimtun1,403677,7179,468732,7809,,1,1
2025-11-25T17:23:58.118835Z,mmtc,uesimtun2,470608,7752,616752,11362,0.957,0,1
2025-11-25T17:23:58.368643Z,embb,uesimtun0,474361,7735,634060,11775,1.247,0,1
2025-11-25T17:23:58.368643Z,urllc,uesimtun1,403717,7180,468792,7810,,1,1
2025-11-25T17:23:58.368643Z,mmtc,uesimtun2,470773,7755,616996,11367,1.037,0,1
2025-11-25T17:23:58.618838Z,embb,uesimtun0,474526,7738,634304,11780,1.268,0,1
2025-11-25T17:23:58.618838Z,urllc,uesimtun1,403757,7181,468852,7811,1.190,0,1
2025-11-25T17:23:58.618838Z,mmtc,uesimtun2,470938,7758,617240,11372,1.036,0,1
2025-11-25T17:23:58.869324Z,embb,uesimtun0,474691,7741,634548,11785,1.252,0,1
2025-11-25T17:23:58.869324Z,urllc,uesimtun1,403922,7184,469096,7816,0.976,0,1
2025-11-25T17:23:58.869324Z,mmtc,uesimtun2,471078,7761,617404,11375,0.961,0,1
2025-11-25T17:23:59.118928Z,embb,uesimtun0,474856,7744,634792,11790,1.310,0,1
2025-11-25T17:23:59.118928Z,urllc,uesimtun1,404062,7187,469260,7819,0.956,0,1
2025-11-25T17:23:59.118928Z,mmtc,uesimtun2,471243,7764,617648,11380,0.973,0,1
2025-11-25T17:23:59.369412Z,embb,uesimtun0,475021,7747,635036,11795,1.283,0,1
2025-11-25T17:23:59.369412Z,urllc,uesimtun1,404202,7190,469424,7822,,1,1
2025-11-25T17:23:59.369412Z,mmtc,uesimtun2,471408,7767,617892,11385,0.984,0,1
2025-11-25T17:23:59.618887Z,embb,uesimtun0,475186,7750,635280,11800,1.310,0,1
2025-11-25T17:23:59.618887Z,urllc,uesimtun1,404242,7191,469484,7823,0.907,0,1
2025-11-25T17:23:59.618887Z,mmtc,uesimtun2,471573,7770,618136,11390,0.885,0,1
2025-11-25T17:23:59.869397Z,embb,uesimtun0,475351,7753,635524,11805,1.277,0,1
2025-11-25T17:23:59.869397Z,urllc,uesimtun1,404382,7194,469648,7826,1.011,0,1
2025-11-25T17:23:59.869397Z,mmtc,uesimtun2,471738,7773,618380,11395,0.972,0,1
2025-11-25T17:24:00.119037Z,embb,uesimtun0,475516,7756,635768,11810,1.565,0,1
2025-11-25T17:24:00.119037Z,urllc,uesimtun1,404522,7197,469812,7829,1.039,0,1
2025-11-25T17:24:00.119037Z,mmtc,uesimtun2,471903,7776,618624,11400,0.902,0,1
2025-11-25T17:24:00.368826Z,embb,uesimtun0,475681,7759,636012,11815,1.347,0,1
2025-11-25T17:24:00.368826Z,urllc,uesimtun1,404662,7200,469976,7832,,1,1
2025-11-25T17:24:00.368826Z,mmtc,uesimtun2,472068,7779,618868,11405,0.950,0,1
2025-11-25T17:24:00.619193Z,embb,uesimtun0,475846,7762,636256,11820,1.514,0,1
2025-11-25T17:24:00.619193Z,urllc,uesimtun1,404702,7201,470036,7833,1.030,0,1
2025-11-25T17:24:00.619193Z,mmtc,uesimtun2,472233,7782,619112,11410,1.145,0,1
2025-11-25T17:24:00.869264Z,embb,uesimtun0,476011,7765,636500,11825,1.352,0,1
2025-11-25T17:24:00.869264Z,urllc,uesimtun1,404842,7204,470200,7836,1.045,0,1
2025-11-25T17:24:00.869264Z,mmtc,uesimtun2,472398,7785,619356,11415,1.077,0,1
2025-11-25T17:24:01.118693Z,embb,uesimtun0,476176,7768,636744,11830,1.305,0,1
2025-11-25T17:24:01.118693Z,urllc,uesimtun1,404982,7207,470364,7839,0.934,0,1
2025-11-25T17:24:01.118693Z,mmtc,uesimtun2,472563,7788,619600,11420,0.975,0,1
2025-11-25T17:24:01.368603Z,embb,uesimtun0,476341,7771,636988,11835,1.315,0,1
2025-11-25T17:24:01.368603Z,urllc,uesimtun1,405122,7210,470528,7842,0.962,0,1
2025-11-25T17:24:01.368603Z,mmtc,uesimtun2,472728,7791,619844,11425,0.936,0,1
2025-11-25T17:24:01.618964Z,embb,uesimtun0,476506,7774,637232,11840,1.303,0,1
2025-11-25T17:24:01.618964Z,urllc,uesimtun1,405262,7213,470692,7845,1.073,0,1
2025-11-25T17:24:01.618964Z,mmtc,uesimtun2,472893,7794,620088,11430,0.897,0,1
2025-11-25T17:24:01.868545Z,embb,uesimtun0,476671,7777,637476,11845,1.222,0,1
2025-11-25T17:24:01.868545Z,urllc,uesimtun1,405402,7216,470856,7848,0.973,0,1
2025-11-25T17:24:01.868545Z,mmtc,uesimtun2,473058,7797,620332,11435,0.990,0,1
2025-11-25T17:24:02.118652Z,embb,uesimtun0,476836,7780,637720,11850,1.309,0,1
2025-11-25T17:24:02.118652Z,urllc,uesimtun1,405542,7219,471020,7851,0.967,0,1
2025-11-25T17:24:02.118652Z,mmtc,uesimtun2,473223,7800,620576,11440,1.017,0,1
2025-11-25T17:24:02.368741Z,embb,uesimtun0,477001,7783,637964,11855,1.298,0,1
2025-11-25T17:24:02.368741Z,urllc,uesimtun1,405682,7222,471184,7854,0.962,0,1
2025-11-25T17:24:02.368741Z,mmtc,uesimtun2,473388,7803,620820,11445,1.190,0,1
2025-11-25T17:24:02.618948Z,embb,uesimtun0,477166,7786,638208,11860,1.327,0,1
2025-11-25T17:24:02.618948Z,urllc,uesimtun1,405822,7225,471348,7857,1.049,0,1
2025-11-25T17:24:02.618948Z,mmtc,uesimtun2,473553,7806,621064,11450,1.083,0,1
2025-11-25T17:24:02.868668Z,embb,uesimtun0,477331,7789,638452,11865,1.243,0,1
2025-11-25T17:24:02.868668Z,urllc,uesimtun1,405962,7228,471512,7860,1.092,0,1
2025-11-25T17:24:02.868668Z,mmtc,uesimtun2,473718,7809,621308,11455,0.987,0,1
2025-11-25T17:24:03.119349Z,embb,uesimtun0,477496,7792,638696,11870,1.288,0,1
2025-11-25T17:24:03.119349Z,urllc,uesimtun1,406102,7231,471676,7863,1.035,0,1
2025-11-25T17:24:03.119349Z,mmtc,uesimtun2,473883,7812,621552,11460,0.935,0,1
2025-11-25T17:24:03.369293Z,embb,uesimtun0,477661,7795,638940,11875,1.274,0,1
2025-11-25T17:24:03.369293Z,urllc,uesimtun1,406242,7234,471840,7866,1.174,0,1
2025-11-25T17:24:03.369293Z,mmtc,uesimtun2,474048,7815,621796,11465,1.087,0,1
2025-11-25T17:24:03.619073Z,embb,uesimtun0,477826,7798,639184,11880,1.358,0,1
2025-11-25T17:24:03.619073Z,urllc,uesimtun1,406407,7237,472084,7871,0.972,0,1
2025-11-25T17:24:03.619073Z,mmtc,uesimtun2,474213,7818,622040,11470,1.107,0,1
2025-11-25T17:24:03.869017Z,embb,uesimtun0,477991,7801,639428,11885,11.075,0,1
2025-11-25T17:24:03.869017Z,urllc,uesimtun1,406547,7240,472248,7874,1.033,0,1
2025-11-25T17:24:03.869017Z,mmtc,uesimtun2,474378,7821,622284,11475,1.022,0,1
2025-11-25T17:24:04.118863Z,embb,uesimtun0,478156,7804,639672,11890,1.312,0,1
2025-11-25T17:24:04.118863Z,urllc,uesimtun1,406687,7243,472412,7877,0.986,0,1
2025-11-25T17:24:04.118863Z,mmtc,uesimtun2,474543,7824,622528,11480,0.888,0,1
2025-11-25T17:24:04.369477Z,embb,uesimtun0,478321,7807,639916,11895,1.288,0,1
2025-11-25T17:24:04.369477Z,urllc,uesimtun1,406827,7246,472576,7880,1.021,0,1
2025-11-25T17:24:04.369477Z,mmtc,uesimtun2,474708,7827,622772,11485,0.988,0,1
2025-11-25T17:24:04.618885Z,embb,uesimtun0,478486,7810,640160,11900,1.226,0,1
2025-11-25T17:24:04.618885Z,urllc,uesimtun1,406992,7249,472820,7885,0.995,0,1
2025-11-25T17:24:04.618885Z,mmtc,uesimtun2,474873,7830,623016,11490,1.010,0,1
2025-11-25T17:24:04.869317Z,embb,uesimtun0,478651,7813,640404,11905,1.683,0,1
2025-11-25T17:24:04.869317Z,urllc,uesimtun1,407132,7252,472984,7888,,1,1
2025-11-25T17:24:04.869317Z,mmtc,uesimtun2,475038,7833,623260,11495,1.034,0,1
2025-11-25T17:24:05.118969Z,embb,uesimtun0,478816,7816,640648,11910,1.291,0,1
2025-11-25T17:24:05.118969Z,urllc,uesimtun1,407172,7253,473044,7889,1.056,0,1
2025-11-25T17:24:05.118969Z,mmtc,uesimtun2,475203,7836,623504,11500,1.002,0,1
2025-11-25T17:24:05.369170Z,embb,uesimtun0,478981,7819,640892,11915,1.274,0,1
2025-11-25T17:24:05.369170Z,urllc,uesimtun1,407312,7256,473208,7892,,1,1
2025-11-25T17:24:05.369170Z,mmtc,uesimtun2,475368,7839,623748,11505,0.993,0,1
2025-11-25T17:24:05.618949Z,embb,uesimtun0,479146,7822,641136,11920,1.205,0,1
2025-11-25T17:24:05.618949Z,urllc,uesimtun1,407352,7257,473268,7893,0.996,0,1
2025-11-25T17:24:05.618949Z,mmtc,uesimtun2,475533,7842,623992,11510,0.981,0,1
2025-11-25T17:24:05.868820Z,embb,uesimtun0,479311,7825,641380,11925,1.309,0,1
2025-11-25T17:24:05.868820Z,urllc,uesimtun1,407492,7260,473432,7896,1.061,0,1
2025-11-25T17:24:05.868820Z,mmtc,uesimtun2,475698,7845,624236,11515,0.958,0,1
2025-11-25T17:24:06.118995Z,embb,uesimtun0,479476,7828,641624,11930,1.297,0,1
2025-11-25T17:24:06.118995Z,urllc,uesimtun1,407632,7263,473596,7899,1.016,0,1
2025-11-25T17:24:06.118995Z,mmtc,uesimtun2,475863,7848,624480,11520,1.031,0,1
2025-11-25T17:24:06.368916Z,embb,uesimtun0,479641,7831,641868,11935,1.251,0,1
2025-11-25T17:24:06.368916Z,urllc,uesimtun1,407772,7266,473760,7902,1.227,0,1
2025-11-25T17:24:06.368916Z,mmtc,uesimtun2,476028,7851,624724,11525,1.436,0,1
2025-11-25T17:24:06.618925Z,embb,uesimtun0,479806,7834,642112,11940,1.375,0,1
2025-11-25T17:24:06.618925Z,urllc,uesimtun1,407912,7269,473924,7905,,1,1
2025-11-25T17:24:06.618925Z,mmtc,uesimtun2,476193,7854,624968,11530,0.937,0,1
2025-11-25T17:24:06.869458Z,embb,uesimtun0,479971,7837,642356,11945,29.876,0,1
2025-11-25T17:24:06.869458Z,urllc,uesimtun1,407952,7270,473984,7906,1.004,0,1
2025-11-25T17:24:06.869458Z,mmtc,uesimtun2,476358,7857,625212,11535,0.997,0,1
2025-11-25T17:24:07.118490Z,embb,uesimtun0,480136,7840,642600,11950,1.379,0,1
2025-11-25T17:24:07.118490Z,urllc,uesimtun1,408092,7273,474148,7909,1.039,0,1
2025-11-25T17:24:07.118490Z,mmtc,uesimtun2,476575,7861,625456,11540,0.949,0,1
2025-11-25T17:24:07.369092Z,embb,uesimtun0,480301,7843,642844,11955,1.280,0,1
2025-11-25T17:24:07.369092Z,urllc,uesimtun1,408232,7276,474312,7912,0.992,0,1
2025-11-25T17:24:07.369092Z,mmtc,uesimtun2,476740,7864,625700,11545,0.950,0,1
2025-11-25T17:24:07.618980Z,embb,uesimtun0,480466,7846,643088,11960,1.323,0,1
2025-11-25T17:24:07.618980Z,urllc,uesimtun1,408372,7279,474476,7915,1.029,0,1
2025-11-25T17:24:07.618980Z,mmtc,uesimtun2,476905,7867,625944,11550,,1,1
2025-11-25T17:24:07.868726Z,embb,uesimtun0,480683,7850,643332,11965,26.211,0,1
2025-11-25T17:24:07.868726Z,urllc,uesimtun1,408537,7282,474720,7920,0.994,0,1
2025-11-25T17:24:07.868726Z,mmtc,uesimtun2,476945,7868,626004,11551,0.834,0,1
2025-11-25T17:24:08.118612Z,embb,uesimtun0,480848,7853,643576,11970,1.370,0,1
2025-11-25T17:24:08.118612Z,urllc,uesimtun1,408677,7285,474884,7923,1.109,0,1
2025-11-25T17:24:08.118612Z,mmtc,uesimtun2,477110,7871,626248,11556,0.898,0,1
2025-11-25T17:24:08.368857Z,embb,uesimtun0,481013,7856,643820,11975,1.212,0,1
2025-11-25T17:24:08.368857Z,urllc,uesimtun1,408817,7288,475048,7926,1.154,0,1
2025-11-25T17:24:08.368857Z,mmtc,uesimtun2,477275,7874,626492,11561,1.093,0,1
2025-11-25T17:24:08.619533Z,embb,uesimtun0,481178,7859,644064,11980,1.256,0,1
2025-11-25T17:24:08.619533Z,urllc,uesimtun1,408957,7291,475212,7929,1.072,0,1
2025-11-25T17:24:08.619533Z,mmtc,uesimtun2,477440,7877,626736,11566,0.955,0,1
2025-11-25T17:24:08.868791Z,embb,uesimtun0,481343,7862,644308,11985,20.942,0,1
2025-11-25T17:24:08.868791Z,urllc,uesimtun1,409097,7294,475376,7932,1.067,0,1
2025-11-25T17:24:08.868791Z,mmtc,uesimtun2,477605,7880,626980,11571,0.988,0,1
2025-11-25T17:24:09.118907Z,embb,uesimtun0,481508,7865,644552,11990,1.315,0,1
2025-11-25T17:24:09.118907Z,urllc,uesimtun1,409237,7297,475540,7935,0.984,0,1
2025-11-25T17:24:09.118907Z,mmtc,uesimtun2,477770,7883,627224,11576,1.025,0,1
2025-11-25T17:24:09.368801Z,embb,uesimtun0,481673,7868,644796,11995,1.256,0,1
2025-11-25T17:24:09.368801Z,urllc,uesimtun1,409377,7300,475704,7938,1.196,0,1
2025-11-25T17:24:09.368801Z,mmtc,uesimtun2,477935,7886,627468,11581,1.062,0,1
2025-11-25T17:24:09.619067Z,embb,uesimtun0,481838,7871,645040,12000,1.343,0,1
2025-11-25T17:24:09.619067Z,urllc,uesimtun1,409542,7303,475948,7943,1.063,0,1
2025-11-25T17:24:09.619067Z,mmtc,uesimtun2,478075,7889,627632,11584,0.921,0,1
2025-11-25T17:24:09.869315Z,embb,uesimtun0,482003,7874,645284,12005,10.730,0,1
2025-11-25T17:24:09.869315Z,urllc,uesimtun1,409682,7306,476112,7946,0.954,0,1
2025-11-25T17:24:09.869315Z,mmtc,uesimtun2,478240,7892,627876,11589,0.912,0,1
2025-11-25T17:24:10.118659Z,embb,uesimtun0,482168,7877,645528,12010,3.110,0,1
2025-11-25T17:24:10.118659Z,urllc,uesimtun1,409822,7309,476276,7949,1.090,0,1
2025-11-25T17:24:10.118659Z,mmtc,uesimtun2,478405,7895,628120,11594,1.008,0,1
2025-11-25T17:24:10.369476Z,embb,uesimtun0,482333,7880,645772,12015,1.293,0,1
2025-11-25T17:24:10.369476Z,urllc,uesimtun1,409987,7312,476520,7954,0.952,0,1
2025-11-25T17:24:10.369476Z,mmtc,uesimtun2,478570,7898,628364,11599,1.127,0,1
2025-11-25T17:24:10.619161Z,embb,uesimtun0,482498,7883,646016,12020,1.281,0,1
2025-11-25T17:24:10.619161Z,urllc,uesimtun1,410127,7315,476684,7957,1.033,0,1
2025-11-25T17:24:10.619161Z,mmtc,uesimtun2,478735,7901,628608,11604,0.915,0,1
2025-11-25T17:24:10.869528Z,embb,uesimtun0,482663,7886,646260,12025,15.175,0,1
2025-11-25T17:24:10.869528Z,urllc,uesimtun1,410267,7318,476848,7960,0.980,0,1
2025-11-25T17:24:10.869528Z,mmtc,uesimtun2,478900,7904,628852,11609,1.043,0,1
2025-11-25T17:24:11.118488Z,embb,uesimtun0,482828,7889,646504,12030,1.312,0,1
2025-11-25T17:24:11.118488Z,urllc,uesimtun1,410407,7321,477012,7963,1.062,0,1
2025-11-25T17:24:11.118488Z,mmtc,uesimtun2,479065,7907,629096,11614,1.079,0,1
2025-11-25T17:24:11.369220Z,embb,uesimtun0,482993,7892,646748,12035,1.322,0,1
2025-11-25T17:24:11.369220Z,urllc,uesimtun1,410547,7324,477176,7966,1.044,0,1
2025-11-25T17:24:11.369220Z,mmtc,uesimtun2,479230,7910,629340,11619,0.937,0,1
2025-11-25T17:24:11.618897Z,embb,uesimtun0,483158,7895,646992,12040,1.523,0,1
2025-11-25T17:24:11.618897Z,urllc,uesimtun1,410687,7327,477340,7969,1.224,0,1
2025-11-25T17:24:11.618897Z,mmtc,uesimtun2,479395,7913,629584,11624,1.188,0,1
2025-11-25T17:24:11.869490Z,embb,uesimtun0,483323,7898,647236,12045,20.798,0,1
2025-11-25T17:24:11.869490Z,urllc,uesimtun1,410827,7330,477504,7972,1.102,0,1
2025-11-25T17:24:11.869490Z,mmtc,uesimtun2,479560,7916,629828,11629,1.071,0,1
2025-11-25T17:24:12.118992Z,embb,uesimtun0,483488,7901,647480,12050,1.166,0,1
2025-11-25T17:24:12.118992Z,urllc,uesimtun1,410967,7333,477668,7975,1.091,0,1
2025-11-25T17:24:12.118992Z,mmtc,uesimtun2,479725,7919,630072,11634,1.098,0,1
2025-11-25T17:24:12.369296Z,embb,uesimtun0,483653,7904,647724,12055,1.361,0,1
2025-11-25T17:24:12.369296Z,urllc,uesimtun1,411107,7336,477832,7978,,1,1
2025-11-25T17:24:12.369296Z,mmtc,uesimtun2,479890,7922,630316,11639,0.981,0,1
2025-11-25T17:24:12.619430Z,embb,uesimtun0,483818,7907,647968,12060,1.288,0,1
2025-11-25T17:24:12.619430Z,urllc,uesimtun1,411147,7337,477892,7979,1.104,0,1
2025-11-25T17:24:12.619430Z,mmtc,uesimtun2,480055,7925,630560,11644,1.045,0,1
2025-11-25T17:24:12.868822Z,embb,uesimtun0,483983,7910,648212,12065,1.296,0,1
2025-11-25T17:24:12.868822Z,urllc,uesimtun1,411287,7340,478056,7982,1.017,0,1
2025-11-25T17:24:12.868822Z,mmtc,uesimtun2,480220,7928,630804,11649,1.071,0,1
2025-11-25T17:24:13.118873Z,embb,uesimtun0,484148,7913,648456,12070,1.282,0,1
2025-11-25T17:24:13.118873Z,urllc,uesimtun1,411427,7343,478220,7985,1.093,0,1
2025-11-25T17:24:13.118873Z,mmtc,uesimtun2,480385,7931,631048,11654,0.880,0,1
2025-11-25T17:24:13.368903Z,embb,uesimtun0,484313,7916,648700,12075,1.259,0,1
2025-11-25T17:24:13.368903Z,urllc,uesimtun1,411567,7346,478384,7988,1.023,0,1
2025-11-25T17:24:13.368903Z,mmtc,uesimtun2,480550,7934,631292,11659,1.004,0,1
2025-11-25T17:24:13.619046Z,embb,uesimtun0,484478,7919,648944,12080,1.472,0,1
2025-11-25T17:24:13.619046Z,urllc,uesimtun1,411707,7349,478548,7991,1.029,0,1
2025-11-25T17:24:13.619046Z,mmtc,uesimtun2,480715,7937,631536,11664,0.893,0,1
2025-11-25T17:24:13.869216Z,embb,uesimtun0,484643,7922,649188,12085,1.307,0,1
2025-11-25T17:24:13.869216Z,urllc,uesimtun1,411847,7352,478712,7994,1.042,0,1
2025-11-25T17:24:13.869216Z,mmtc,uesimtun2,480880,7940,631780,11669,1.042,0,1
2025-11-25T17:24:14.118977Z,embb,uesimtun0,484808,7925,649432,12090,1.242,0,1
2025-11-25T17:24:14.118977Z,urllc,uesimtun1,411987,7355,478876,7997,1.018,0,1
2025-11-25T17:24:14.118977Z,mmtc,uesimtun2,481045,7943,632024,11674,1.091,0,1
2025-11-25T17:24:14.369169Z,embb,uesimtun0,484973,7928,649676,12095,1.282,0,1
2025-11-25T17:24:14.369169Z,urllc,uesimtun1,412127,7358,479040,8000,1.008,0,1
2025-11-25T17:24:14.369169Z,mmtc,uesimtun2,481210,7946,632268,11679,0.968,0,1
2025-11-25T17:24:14.618845Z,embb,uesimtun0,485138,7931,649920,12100,1.237,0,1
2025-11-25T17:24:14.618845Z,urllc,uesimtun1,412267,7361,479204,8003,,1,1
2025-11-25T17:24:14.618845Z,mmtc,uesimtun2,481375,7949,632512,11684,1.000,0,1
2025-11-25T17:24:14.869440Z,embb,uesimtun0,485303,7934,650164,12105,10.354,0,1
2025-11-25T17:24:14.869440Z,urllc,uesimtun1,412307,7362,479264,8004,1.098,0,1
2025-11-25T17:24:14.869440Z,mmtc,uesimtun2,481540,7952,632756,11689,0.919,0,1
2025-11-25T17:24:15.119027Z,embb,uesimtun0,485468,7937,650408,12110,1.246,0,1
2025-11-25T17:24:15.119027Z,urllc,uesimtun1,412447,7365,479428,8007,,1,1
2025-11-25T17:24:15.119027Z,mmtc,uesimtun2,481705,7955,633000,11694,1.050,0,1
2025-11-25T17:24:15.369447Z,embb,uesimtun0,485633,7940,650652,12115,1.298,0,1
2025-11-25T17:24:15.369447Z,urllc,uesimtun1,412487,7366,479488,8008,0.933,0,1
2025-11-25T17:24:15.369447Z,mmtc,uesimtun2,481870,7958,633244,11699,1.034,0,1
2025-11-25T17:24:15.619143Z,embb,uesimtun0,485798,7943,650896,12120,1.257,0,1
2025-11-25T17:24:15.619143Z,urllc,uesimtun1,412627,7369,479652,8011,1.120,0,1
2025-11-25T17:24:15.619143Z,mmtc,uesimtun2,482035,7961,633488,11704,0.987,0,1
2025-11-25T17:24:15.868742Z,embb,uesimtun0,485963,7946,651140,12125,1.354,0,1
2025-11-25T17:24:15.868742Z,urllc,uesimtun1,412792,7372,479896,8016,1.078,0,1
2025-11-25T17:24:15.868742Z,mmtc,uesimtun2,482200,7964,633732,11709,1.096,0,1
2025-11-25T17:24:16.119516Z,embb,uesimtun0,486128,7949,651384,12130,1.257,0,1
2025-11-25T17:24:16.119516Z,urllc,uesimtun1,412932,7375,480060,8019,1.150,0,1
2025-11-25T17:24:16.119516Z,mmtc,uesimtun2,482365,7967,633976,11714,1.014,0,1
2025-11-25T17:24:16.369105Z,embb,uesimtun0,486293,7952,651628,12135,1.295,0,1
2025-11-25T17:24:16.369105Z,urllc,uesimtun1,413097,7378,480304,8024,0.935,0,1
2025-11-25T17:24:16.369105Z,mmtc,uesimtun2,482505,7970,634140,11717,0.897,0,1
2025-11-25T17:24:16.618883Z,embb,uesimtun0,486458,7955,651872,12140,1.283,0,1
2025-11-25T17:24:16.618883Z,urllc,uesimtun1,413237,7381,480468,8027,0.957,0,1
2025-11-25T17:24:16.618883Z,mmtc,uesimtun2,482670,7973,634384,11722,0.897,0,1
2025-11-25T17:24:16.869319Z,embb,uesimtun0,486623,7958,652116,12145,1.292,0,1
2025-11-25T17:24:16.869319Z,urllc,uesimtun1,413377,7384,480632,8030,,1,1
2025-11-25T17:24:16.869319Z,mmtc,uesimtun2,482835,7976,634628,11727,1.015,0,1
2025-11-25T17:24:17.118823Z,embb,uesimtun0,486788,7961,652360,12150,1.250,0,1
2025-11-25T17:24:17.118823Z,urllc,uesimtun1,413417,7385,480692,8031,4.679,0,1
2025-11-25T17:24:17.118823Z,mmtc,uesimtun2,483000,7979,634872,11732,1.717,0,1
2025-11-25T17:24:17.369340Z,embb,uesimtun0,486953,7964,652604,12155,1.406,0,1
2025-11-25T17:24:17.369340Z,urllc,uesimtun1,413557,7388,480856,8034,0.972,0,1
2025-11-25T17:24:17.369340Z,mmtc,uesimtun2,483165,7982,635116,11737,1.097,0,1
2025-11-25T17:24:17.618965Z,embb,uesimtun0,487118,7967,652848,12160,1.248,0,1
2025-11-25T17:24:17.618965Z,urllc,uesimtun1,413697,7391,481020,8037,1.374,0,1
2025-11-25T17:24:17.618965Z,mmtc,uesimtun2,483330,7985,635360,11742,,1,1
2025-11-25T17:24:17.869339Z,embb,uesimtun0,487283,7970,653092,12165,10.813,0,1
2025-11-25T17:24:17.869339Z,urllc,uesimtun1,413862,7394,481264,8042,0.915,0,1
2025-11-25T17:24:17.869339Z,mmtc,uesimtun2,483370,7986,635420,11743,1.069,0,1
2025-11-25T17:24:18.118933Z,embb,uesimtun0,487448,7973,653336,12170,1.293,0,1
2025-11-25T17:24:18.118933Z,urllc,uesimtun1,414002,7397,481428,8045,1.031,0,1
2025-11-25T17:24:18.118933Z,mmtc,uesimtun2,483535,7989,635664,11748,0.984,0,1
2025-11-25T17:24:18.369131Z,embb,uesimtun0,487613,7976,653580,12175,1.297,0,1
2025-11-25T17:24:18.369131Z,urllc,uesimtun1,414142,7400,481592,8048,1.019,0,1
2025-11-25T17:24:18.369131Z,mmtc,uesimtun2,483700,7992,635908,11753,0.969,0,1
2025-11-25T17:24:18.618944Z,embb,uesimtun0,487778,7979,653824,12180,1.265,0,1
2025-11-25T17:24:18.618944Z,urllc,uesimtun1,414282,7403,481756,8051,1.024,0,1
2025-11-25T17:24:18.618944Z,mmtc,uesimtun2,483865,7995,636152,11758,1.046,0,1
2025-11-25T17:24:18.868729Z,embb,uesimtun0,487943,7982,654068,12185,11.047,0,1
2025-11-25T17:24:18.868729Z,urllc,uesimtun1,414422,7406,481920,8054,,1,1
2025-11-25T17:24:18.868729Z,mmtc,uesimtun2,484030,7998,636396,11763,1.055,0,1
2025-11-25T17:24:19.118854Z,embb,uesimtun0,488108,7985,654312,12190,1.307,0,1
2025-11-25T17:24:19.118854Z,urllc,uesimtun1,414462,7407,481980,8055,1.032,0,1
2025-11-25T17:24:19.118854Z,mmtc,uesimtun2,484195,8001,636640,11768,1.044,0,1
2025-11-25T17:24:19.368565Z,embb,uesimtun0,488273,7988,654556,12195,1.306,0,1
2025-11-25T17:24:19.368565Z,urllc,uesimtun1,414602,7410,482144,8058,,1,1
2025-11-25T17:24:19.368565Z,mmtc,uesimtun2,484360,8004,636884,11773,1.056,0,1
2025-11-25T17:24:19.618661Z,embb,uesimtun0,488438,7991,654800,12200,3.358,0,1
2025-11-25T17:24:19.618661Z,urllc,uesimtun1,414642,7411,482204,8059,0.989,0,1
2025-11-25T17:24:19.618661Z,mmtc,uesimtun2,484525,8007,637128,11778,0.922,0,1
2025-11-25T17:24:19.869450Z,embb,uesimtun0,488603,7994,655044,12205,1.210,0,1
2025-11-25T17:24:19.869450Z,urllc,uesimtun1,414782,7414,482368,8062,,1,1
2025-11-25T17:24:19.869450Z,mmtc,uesimtun2,484690,8010,637372,11783,0.932,0,1
2025-11-25T17:24:20.118788Z,embb,uesimtun0,488768,7997,655288,12210,1.248,0,1
2025-11-25T17:24:20.118788Z,urllc,uesimtun1,414822,7415,482428,8063,1.088,0,1
2025-11-25T17:24:20.118788Z,mmtc,uesimtun2,484855,8013,637616,11788,0.835,0,1
2025-11-25T17:24:20.369347Z,embb,uesimtun0,488933,8000,655532,12215,1.351,0,1
2025-11-25T17:24:20.369347Z,urllc,uesimtun1,414962,7418,482592,8066,,1,1
2025-11-25T17:24:20.369347Z,mmtc,uesimtun2,485020,8016,637860,11793,1.087,0,1
2025-11-25T17:24:20.618602Z,embb,uesimtun0,489098,8003,655776,12220,1.370,0,1
2025-11-25T17:24:20.618602Z,urllc,uesimtun1,415002,7419,482652,8067,1.039,0,1
2025-11-25T17:24:20.618602Z,mmtc,uesimtun2,485185,8019,638104,11798,0.986,0,1
2025-11-25T17:24:20.869317Z,embb,uesimtun0,489263,8006,656020,12225,10.168,0,1
2025-11-25T17:24:20.869317Z,urllc,uesimtun1,415142,7422,482816,8070,0.887,0,1
2025-11-25T17:24:20.869317Z,mmtc,uesimtun2,485350,8022,638348,11803,0.981,0,1
2025-11-25T17:24:21.119004Z,embb,uesimtun0,489428,8009,656264,12230,1.256,0,1
2025-11-25T17:24:21.119004Z,urllc,uesimtun1,415282,7425,482980,8073,1.007,0,1
2025-11-25T17:24:21.119004Z,mmtc,uesimtun2,485515,8025,638592,11808,0.958,0,1
2025-11-25T17:24:21.369408Z,embb,uesimtun0,489593,8012,656508,12235,1.328,0,1
2025-11-25T17:24:21.369408Z,urllc,uesimtun1,415422,7428,483144,8076,1.048,0,1
2025-11-25T17:24:21.369408Z,mmtc,uesimtun2,485680,8028,638836,11813,1.237,0,1
2025-11-25T17:24:21.618630Z,embb,uesimtun0,489758,8015,656752,12240,1.339,0,1
2025-11-25T17:24:21.618630Z,urllc,uesimtun1,415562,7431,483308,8079,1.047,0,1
2025-11-25T17:24:21.618630Z,mmtc,uesimtun2,485897,8032,639080,11818,1.157,0,1
2025-11-25T17:24:21.871885Z,embb,uesimtun0,489923,8018,656996,12245,8.064,0,1
2025-11-25T17:24:21.871885Z,urllc,uesimtun1,415702,7434,483472,8082,,1,1
2025-11-25T17:24:21.871885Z,mmtc,uesimtun2,486062,8035,639324,11823,1.020,0,1
2025-11-25T17:24:22.118886Z,embb,uesimtun0,490088,8021,657240,12250,1.238,0,1
2025-11-25T17:24:22.118886Z,urllc,uesimtun1,415742,7435,483532,8083,1.090,0,1
2025-11-25T17:24:22.118886Z,mmtc,uesimtun2,486227,8038,639568,11828,0.899,0,1
2025-11-25T17:24:22.368589Z,embb,uesimtun0,490253,8024,657484,12255,1.321,0,1
2025-11-25T17:24:22.368589Z,urllc,uesimtun1,415882,7438,483696,8086,,1,1
2025-11-25T17:24:22.368589Z,mmtc,uesimtun2,486392,8041,639812,11833,1.064,0,1
2025-11-25T17:24:22.618680Z,embb,uesimtun0,490418,8027,657728,12260,1.259,0,1
2025-11-25T17:24:22.618680Z,urllc,uesimtun1,415922,7439,483756,8087,1.005,0,1
2025-11-25T17:24:22.618680Z,mmtc,uesimtun2,486557,8044,640056,11838,1.049,0,1
2025-11-25T17:24:22.868642Z,embb,uesimtun0,490583,8030,657972,12265,25.954,0,1
2025-11-25T17:24:22.868642Z,urllc,uesimtun1,416062,7442,483920,8090,0.960,0,1
2025-11-25T17:24:22.868642Z,mmtc,uesimtun2,486722,8047,640300,11843,0.984,0,1
2025-11-25T17:24:23.119202Z,embb,uesimtun0,490748,8033,658216,12270,1.323,0,1
2025-11-25T17:24:23.119202Z,urllc,uesimtun1,416202,7445,484084,8093,1.012,0,1
2025-11-25T17:24:23.119202Z,mmtc,uesimtun2,486887,8050,640544,11848,1.026,0,1
2025-11-25T17:24:23.368853Z,embb,uesimtun0,490913,8036,658460,12275,1.272,0,1
2025-11-25T17:24:23.368853Z,urllc,uesimtun1,416342,7448,484248,8096,1.069,0,1
2025-11-25T17:24:23.368853Z,mmtc,uesimtun2,487052,8053,640788,11853,0.828,0,1
2025-11-25T17:24:23.619336Z,embb,uesimtun0,491078,8039,658704,12280,1.319,0,1
2025-11-25T17:24:23.619336Z,urllc,uesimtun1,416482,7451,484412,8099,,1,1
2025-11-25T17:24:23.619336Z,mmtc,uesimtun2,487217,8056,641032,11858,1.048,0,1
2025-11-25T17:24:23.868831Z,embb,uesimtun0,491243,8042,658948,12285,1.236,0,1
2025-11-25T17:24:23.868831Z,urllc,uesimtun1,416522,7452,484472,8100,0.967,0,1
2025-11-25T17:24:23.868831Z,mmtc,uesimtun2,487382,8059,641276,11863,1.005,0,1
2025-11-25T17:24:24.118586Z,embb,uesimtun0,491408,8045,659192,12290,1.239,0,1
2025-11-25T17:24:24.118586Z,urllc,uesimtun1,416662,7455,484636,8103,1.092,0,1
2025-11-25T17:24:24.118586Z,mmtc,uesimtun2,487547,8062,641520,11868,0.955,0,1
2025-11-25T17:24:24.368584Z,embb,uesimtun0,491573,8048,659436,12295,1.391,0,1
2025-11-25T17:24:24.368584Z,urllc,uesimtun1,416802,7458,484800,8106,1.270,0,1
2025-11-25T17:24:24.368584Z,mmtc,uesimtun2,487712,8065,641764,11873,0.893,0,1
2025-11-25T17:24:24.618985Z,embb,uesimtun0,491738,8051,659680,12300,1.331,0,1
2025-11-25T17:24:24.618985Z,urllc,uesimtun1,416942,7461,484964,8109,1.027,0,1
2025-11-25T17:24:24.618985Z,mmtc,uesimtun2,487877,8068,642008,11878,1.087,0,1
2025-11-25T17:24:24.869320Z,embb,uesimtun0,491903,8054,659924,12305,10.218,0,1
2025-11-25T17:24:24.869320Z,urllc,uesimtun1,417082,7464,485128,8112,0.926,0,1
2025-11-25T17:24:24.869320Z,mmtc,uesimtun2,488042,8071,642252,11883,0.922,0,1
2025-11-25T17:24:25.118616Z,embb,uesimtun0,492068,8057,660168,12310,1.346,0,1
2025-11-25T17:24:25.118616Z,urllc,uesimtun1,417222,7467,485292,8115,,1,1
2025-11-25T17:24:25.118616Z,mmtc,uesimtun2,488207,8074,642496,11888,0.993,0,1
2025-11-25T17:24:25.369415Z,embb,uesimtun0,492233,8060,660412,12315,1.294,0,1
2025-11-25T17:24:25.369415Z,urllc,uesimtun1,417262,7468,485352,8116,0.998,0,1
2025-11-25T17:24:25.369415Z,mmtc,uesimtun2,488372,8077,642740,11893,1.069,0,1
2025-11-25T17:24:25.618946Z,embb,uesimtun0,492398,8063,660656,12320,1.356,0,1
2025-11-25T17:24:25.618946Z,urllc,uesimtun1,417427,7471,485596,8121,0.948,0,1
2025-11-25T17:24:25.618946Z,mmtc,uesimtun2,488512,8080,642904,11896,1.031,0,1
2025-11-25T17:24:25.868798Z,embb,uesimtun0,492563,8066,660900,12325,11.727,0,1
2025-11-25T17:24:25.868798Z,urllc,uesimtun1,417567,7474,485760,8124,,1,1
2025-11-25T17:24:25.868798Z,mmtc,uesimtun2,488677,8083,643148,11901,0.949,0,1
2025-11-25T17:24:26.118678Z,embb,uesimtun0,492728,8069,661144,12330,1.311,0,1
2025-11-25T17:24:26.118678Z,urllc,uesimtun1,417607,7475,485820,8125,0.978,0,1
2025-11-25T17:24:26.118678Z,mmtc,uesimtun2,488842,8086,643392,11906,1.043,0,1
2025-11-25T17:24:26.369353Z,embb,uesimtun0,492893,8072,661388,12335,1.295,0,1
2025-11-25T17:24:26.369353Z,urllc,uesimtun1,417747,7478,485984,8128,1.086,0,1
2025-11-25T17:24:26.369353Z,mmtc,uesimtun2,489007,8089,643636,11911,0.947,0,1
2025-11-25T17:24:26.619044Z,embb,uesimtun0,493058,8075,661632,12340,1.415,0,1
2025-11-25T17:24:26.619044Z,urllc,uesimtun1,417887,7481,486148,8131,,1,1
2025-11-25T17:24:26.619044Z,mmtc,uesimtun2,489172,8092,643880,11916,1.072,0,1
2025-11-25T17:24:26.869145Z,embb,uesimtun0,493223,8078,661876,12345,5.606,0,1
2025-11-25T17:24:26.869145Z,urllc,uesimtun1,417927,7482,486208,8132,0.991,0,1
2025-11-25T17:24:26.869145Z,mmtc,uesimtun2,489337,8095,644124,11921,1.002,0,1
2025-11-25T17:24:27.118769Z,embb,uesimtun0,493388,8081,662120,12350,1.369,0,1
2025-11-25T17:24:27.118769Z,urllc,uesimtun1,418067,7485,486372,8135,0.962,0,1
2025-11-25T17:24:27.118769Z,mmtc,uesimtun2,489502,8098,644368,11926,1.090,0,1
2025-11-25T17:24:27.368724Z,embb,uesimtun0,493553,8084,662364,12355,1.264,0,1
2025-11-25T17:24:27.368724Z,urllc,uesimtun1,418207,7488,486536,8138,0.951,0,1
2025-11-25T17:24:27.368724Z,mmtc,uesimtun2,489667,8101,644612,11931,1.011,0,1
2025-11-25T17:24:27.618868Z,embb,uesimtun0,493718,8087,662608,12360,1.292,0,1
2025-11-25T17:24:27.618868Z,urllc,uesimtun1,418347,7491,486700,8141,1.239,0,1
2025-11-25T17:24:27.618868Z,mmtc,uesimtun2,489832,8104,644856,11936,1.040,0,1
2025-11-25T17:24:27.868913Z,embb,uesimtun0,493883,8090,662852,12365,1.476,0,1
2025-11-25T17:24:27.868913Z,urllc,uesimtun1,418512,7494,486944,8146,1.006,0,1
2025-11-25T17:24:27.868913Z,mmtc,uesimtun2,489972,8107,645020,11939,0.914,0,1
2025-11-25T17:24:28.119058Z,embb,uesimtun0,494048,8093,663096,12370,1.291,0,1
2025-11-25T17:24:28.119058Z,urllc,uesimtun1,418652,7497,487108,8149,3.645,0,1
2025-11-25T17:24:28.119058Z,mmtc,uesimtun2,490137,8110,645264,11944,1.897,0,1
2025-11-25T17:24:28.368617Z,embb,uesimtun0,494213,8096,663340,12375,1.292,0,1
2025-11-25T17:24:28.368617Z,urllc,uesimtun1,418792,7500,487272,8152,0.973,0,1
2025-11-25T17:24:28.368617Z,mmtc,uesimtun2,490302,8113,645508,11949,0.993,0,1
2025-11-25T17:24:28.619068Z,embb,uesimtun0,494378,8099,663584,12380,1.278,0,1
2025-11-25T17:24:28.619068Z,urllc,uesimtun1,418932,7503,487436,8155,1.013,0,1
2025-11-25T17:24:28.619068Z,mmtc,uesimtun2,490467,8116,645752,11954,0.962,0,1
2025-11-25T17:24:28.868736Z,embb,uesimtun0,494543,8102,663828,12385,11.047,0,1
2025-11-25T17:24:28.868736Z,urllc,uesimtun1,419072,7506,487600,8158,1.075,0,1
2025-11-25T17:24:28.868736Z,mmtc,uesimtun2,490632,8119,645996,11959,1.044,0,1
2025-11-25T17:24:29.119270Z,embb,uesimtun0,494708,8105,664072,12390,1.306,0,1
2025-11-25T17:24:29.119270Z,urllc,uesimtun1,419212,7509,487764,8161,0.875,0,1
2025-11-25T17:24:29.119270Z,mmtc,uesimtun2,490797,8122,646240,11964,0.870,0,1
2025-11-25T17:24:29.369436Z,embb,uesimtun0,494873,8108,664316,12395,1.320,0,1
2025-11-25T17:24:29.369436Z,urllc,uesimtun1,419352,7512,487928,8164,1.073,0,1
2025-11-25T17:24:29.369436Z,mmtc,uesimtun2,490962,8125,646484,11969,0.997,0,1
2025-11-25T17:24:29.619469Z,embb,uesimtun0,495038,8111,664560,12400,1.277,0,1
2025-11-25T17:24:29.619469Z,urllc,uesimtun1,419492,7515,488092,8167,1.009,0,1
2025-11-25T17:24:29.619469Z,mmtc,uesimtun2,491127,8128,646728,11974,0.962,0,1
2025-11-25T17:24:29.868393Z,embb,uesimtun0,495203,8114,664804,12405,11.540,0,1
2025-11-25T17:24:29.868393Z,urllc,uesimtun1,419632,7518,488256,8170,1.018,0,1
2025-11-25T17:24:29.868393Z,mmtc,uesimtun2,491292,8131,646972,11979,0.988,0,1
2025-11-25T17:24:30.118960Z,embb,uesimtun0,495368,8117,665048,12410,2.972,0,1
2025-11-25T17:24:30.118960Z,urllc,uesimtun1,419772,7521,488420,8173,1.053,0,1
2025-11-25T17:24:30.118960Z,mmtc,uesimtun2,491457,8134,647216,11984,1.068,0,1
2025-11-25T17:24:30.368674Z,embb,uesimtun0,495533,8120,665292,12415,1.326,0,1
2025-11-25T17:24:30.368674Z,urllc,uesimtun1,419912,7524,488584,8176,1.073,0,1
2025-11-25T17:24:30.368674Z,mmtc,uesimtun2,491622,8137,647460,11989,0.933,0,1
2025-11-25T17:24:30.619064Z,embb,uesimtun0,495698,8123,665536,12420,1.319,0,1
2025-11-25T17:24:30.619064Z,urllc,uesimtun1,420052,7527,488748,8179,1.055,0,1
2025-11-25T17:24:30.619064Z,mmtc,uesimtun2,491787,8140,647704,11994,0.943,0,1
2025-11-25T17:24:30.868637Z,embb,uesimtun0,495863,8126,665780,12425,20.906,0,1
2025-11-25T17:24:30.868637Z,urllc,uesimtun1,420192,7530,488912,8182,0.972,0,1
2025-11-25T17:24:30.868637Z,mmtc,uesimtun2,491952,8143,647948,11999,0.853,0,1
2025-11-25T17:24:31.118895Z,embb,uesimtun0,496028,8129,666024,12430,1.261,0,1
2025-11-25T17:24:31.118895Z,urllc,uesimtun1,420332,7533,489076,8185,0.967,0,1
2025-11-25T17:24:31.118895Z,mmtc,uesimtun2,492117,8146,648192,12004,0.953,0,1
2025-11-25T17:24:31.368764Z,embb,uesimtun0,496193,8132,666268,12435,1.306,0,1
2025-11-25T17:24:31.368764Z,urllc,uesimtun1,420472,7536,489240,8188,1.018,0,1
2025-11-25T17:24:31.368764Z,mmtc,uesimtun2,492282,8149,648436,12009,1.105,0,1
2025-11-25T17:24:31.618701Z,embb,uesimtun0,496358,8135,666512,12440,1.312,0,1
2025-11-25T17:24:31.618701Z,urllc,uesimtun1,420612,7539,489404,8191,,1,1
2025-11-25T17:24:31.618701Z,mmtc,uesimtun2,492447,8152,648680,12014,1.034,0,1
2025-11-25T17:24:31.869137Z,embb,uesimtun0,496523,8138,666756,12445,10.652,0,1
2025-11-25T17:24:31.869137Z,urllc,uesimtun1,420652,7540,489464,8192,0.942,0,1
2025-11-25T17:24:31.869137Z,mmtc,uesimtun2,492612,8155,648924,12019,1.015,0,1
2025-11-25T17:24:32.118869Z,embb,uesimtun0,496688,8141,667000,12450,1.252,0,1
2025-11-25T17:24:32.118869Z,urllc,uesimtun1,420792,7543,489628,8195,0.967,0,1
2025-11-25T17:24:32.118869Z,mmtc,uesimtun2,492777,8158,649168,12024,0.827,0,1
2025-11-25T17:24:32.369256Z,embb,uesimtun0,496853,8144,667244,12455,1.265,0,1
2025-11-25T17:24:32.369256Z,urllc,uesimtun1,420932,7546,489792,8198,1.133,0,1
2025-11-25T17:24:32.369256Z,mmtc,uesimtun2,492942,8161,649412,12029,0.967,0,1
2025-11-25T17:24:32.618863Z,embb,uesimtun0,497018,8147,667488,12460,1.304,0,1
2025-11-25T17:24:32.618863Z,urllc,uesimtun1,421097,7549,490036,8203,1.106,0,1
2025-11-25T17:24:32.618863Z,mmtc,uesimtun2,493082,8164,649576,12032,1.106,0,1
2025-11-25T17:24:32.869223Z,embb,uesimtun0,497183,8150,667732,12465,10.437,0,1
2025-11-25T17:24:32.869223Z,urllc,uesimtun1,421237,7552,490200,8206,1.019,0,1
2025-11-25T17:24:32.869223Z,mmtc,uesimtun2,493247,8167,649820,12037,0.993,0,1
2025-11-25T17:24:33.118602Z,embb,uesimtun0,497348,8153,667976,12470,1.330,0,1
2025-11-25T17:24:33.118602Z,urllc,uesimtun1,421377,7555,490364,8209,0.959,0,1
2025-11-25T17:24:33.118602Z,mmtc,uesimtun2,493412,8170,650064,12042,0.890,0,1
2025-11-25T17:24:33.369073Z,embb,uesimtun0,497513,8156,668220,12475,1.374,0,1
2025-11-25T17:24:33.369073Z,urllc,uesimtun1,421517,7558,490528,8212,1.003,0,1
2025-11-25T17:24:33.369073Z,mmtc,uesimtun2,493577,8173,650308,12047,1.014,0,1
2025-11-25T17:24:33.618991Z,embb,uesimtun0,497678,8159,668464,12480,1.294,0,1
2025-11-25T17:24:33.618991Z,urllc,uesimtun1,421657,7561,490692,8215,1.173,0,1
2025-11-25T17:24:33.618991Z,mmtc,uesimtun2,493742,8176,650552,12052,0.979,0,1
2025-11-25T17:24:33.868631Z,embb,uesimtun0,497843,8162,668708,12485,11.541,0,1
2025-11-25T17:24:33.868631Z,urllc,uesimtun1,421797,7564,490856,8218,1.014,0,1
2025-11-25T17:24:33.868631Z,mmtc,uesimtun2,493907,8179,650796,12057,0.971,0,1
2025-11-25T17:24:34.118880Z,embb,uesimtun0,498008,8165,668952,12490,1.211,0,1
2025-11-25T17:24:34.118880Z,urllc,uesimtun1,421937,7567,491020,8221,1.107,0,1
2025-11-25T17:24:34.118880Z,mmtc,uesimtun2,494072,8182,651040,12062,0.969,0,1
2025-11-25T17:24:34.368460Z,embb,uesimtun0,498173,8168,669196,12495,1.411,0,1
2025-11-25T17:24:34.368460Z,urllc,uesimtun1,422077,7570,491184,8224,1.087,0,1
2025-11-25T17:24:34.368460Z,mmtc,uesimtun2,494237,8185,651284,12067,1.078,0,1
2025-11-25T17:24:34.618909Z,embb,uesimtun0,498338,8171,669440,12500,1.410,0,1
2025-11-25T17:24:34.618909Z,urllc,uesimtun1,422217,7573,491348,8227,0.928,0,1
2025-11-25T17:24:34.618909Z,mmtc,uesimtun2,494402,8188,651528,12072,1.204,0,1
2025-11-25T17:24:34.868731Z,embb,uesimtun0,498503,8174,669684,12505,1.419,0,1
2025-11-25T17:24:34.868731Z,urllc,uesimtun1,422357,7576,491512,8230,1.061,0,1
2025-11-25T17:24:34.868731Z,mmtc,uesimtun2,494567,8191,651772,12077,0.902,0,1
2025-11-25T17:24:35.118792Z,embb,uesimtun0,498668,8177,669928,12510,1.513,0,1
2025-11-25T17:24:35.118792Z,urllc,uesimtun1,422497,7579,491676,8233,,1,1
2025-11-25T17:24:35.118792Z,mmtc,uesimtun2,494732,8194,652016,12082,0.954,0,1
2025-11-25T17:24:35.368786Z,embb,uesimtun0,498833,8180,670172,12515,1.322,0,1
2025-11-25T17:24:35.368786Z,urllc,uesimtun1,422537,7580,491736,8234,1.039,0,1
2025-11-25T17:24:35.368786Z,mmtc,uesimtun2,494897,8197,652260,12087,1.108,0,1
2025-11-25T17:24:35.619330Z,embb,uesimtun0,498998,8183,670416,12520,1.521,0,1
2025-11-25T17:24:35.619330Z,urllc,uesimtun1,422677,7583,491900,8237,1.040,0,1
2025-11-25T17:24:35.619330Z,mmtc,uesimtun2,495062,8200,652504,12092,0.959,0,1
2025-11-25T17:24:35.869274Z,embb,uesimtun0,499163,8186,670660,12525,10.388,0,1
2025-11-25T17:24:35.869274Z,urllc,uesimtun1,422817,7586,492064,8240,1.048,0,1
2025-11-25T17:24:35.869274Z,mmtc,uesimtun2,495227,8203,652748,12097,0.988,0,1
2025-11-25T17:24:36.119497Z,embb,uesimtun0,499328,8189,670904,12530,1.434,0,1
2025-11-25T17:24:36.119497Z,urllc,uesimtun1,422957,7589,492228,8243,1.056,0,1
2025-11-25T17:24:36.119497Z,mmtc,uesimtun2,495392,8206,652992,12102,0.968,0,1
2025-11-25T17:24:36.368600Z,embb,uesimtun0,499493,8192,671148,12535,1.323,0,1
2025-11-25T17:24:36.368600Z,urllc,uesimtun1,423097,7592,492392,8246,1.190,0,1
2025-11-25T17:24:36.368600Z,mmtc,uesimtun2,495557,8209,653236,12107,2.352,0,1
2025-11-25T17:24:36.619047Z,embb,uesimtun0,499658,8195,671392,12540,1.468,0,1
2025-11-25T17:24:36.619047Z,urllc,uesimtun1,423237,7595,492556,8249,1.009,0,1
2025-11-25T17:24:36.619047Z,mmtc,uesimtun2,495722,8212,653480,12112,0.885,0,1
2025-11-25T17:24:36.869255Z,embb,uesimtun0,499823,8198,671636,12545,20.193,0,1
2025-11-25T17:24:36.869255Z,urllc,uesimtun1,423377,7598,492720,8252,,1,1
2025-11-25T17:24:36.869255Z,mmtc,uesimtun2,495887,8215,653724,12117,1.086,0,1
2025-11-25T17:24:37.118555Z,embb,uesimtun0,499988,8201,671880,12550,1.231,0,1
2025-11-25T17:24:37.118555Z,urllc,uesimtun1,423417,7599,492780,8253,1.001,0,1
2025-11-25T17:24:37.118555Z,mmtc,uesimtun2,496052,8218,653968,12122,0.910,0,1
2025-11-25T17:24:37.368853Z,embb,uesimtun0,500153,8204,672124,12555,1.301,0,1
2025-11-25T17:24:37.368853Z,urllc,uesimtun1,423557,7602,492944,8256,,1,1
2025-11-25T17:24:37.368853Z,mmtc,uesimtun2,496217,8221,654212,12127,1.036,0,1
2025-11-25T17:24:37.619163Z,embb,uesimtun0,500318,8207,672368,12560,1.351,0,1
2025-11-25T17:24:37.619163Z,urllc,uesimtun1,423597,7603,493004,8257,1.150,0,1
2025-11-25T17:24:37.619163Z,mmtc,uesimtun2,496382,8224,654456,12132,1.110,0,1
2025-11-25T17:24:37.869257Z,embb,uesimtun0,500483,8210,672612,12565,11.040,0,1
2025-11-25T17:24:37.869257Z,urllc,uesimtun1,423737,7606,493168,8260,0.997,0,1
2025-11-25T17:24:37.869257Z,mmtc,uesimtun2,496547,8227,654700,12137,0.903,0,1
2025-11-25T17:24:38.119200Z,embb,uesimtun0,500648,8213,672856,12570,1.291,0,1
2025-11-25T17:24:38.119200Z,urllc,uesimtun1,423877,7609,493332,8263,,1,1
2025-11-25T17:24:38.119200Z,mmtc,uesimtun2,496712,8230,654944,12142,1.027,0,1
2025-11-25T17:24:38.369143Z,embb,uesimtun0,500813,8216,673100,12575,1.291,0,1
2025-11-25T17:24:38.369143Z,urllc,uesimtun1,423917,7610,493392,8264,1.115,0,1
2025-11-25T17:24:38.369143Z,mmtc,uesimtun2,496877,8233,655188,12147,1.019,0,1
2025-11-25T17:24:38.618940Z,embb,uesimtun0,500978,8219,673344,12580,1.222,0,1
2025-11-25T17:24:38.618940Z,urllc,uesimtun1,424082,7613,493636,8269,1.204,0,1
2025-11-25T17:24:38.618940Z,mmtc,uesimtun2,497042,8236,655432,12152,0.960,0,1
2025-11-25T17:24:38.869399Z,embb,uesimtun0,501143,8222,673588,12585,30.259,0,1
2025-11-25T17:24:38.869399Z,urllc,uesimtun1,424247,7616,493880,8274,,1,1
2025-11-25T17:24:38.869399Z,mmtc,uesimtun2,497182,8239,655596,12155,0.984,0,1
2025-11-25T17:24:39.118750Z,embb,uesimtun0,501308,8225,673832,12590,1.295,0,1
2025-11-25T17:24:39.118750Z,urllc,uesimtun1,424287,7617,493940,8275,1.004,0,1
2025-11-25T17:24:39.118750Z,mmtc,uesimtun2,497347,8242,655840,12160,1.222,0,1
2025-11-25T17:24:39.369464Z,embb,uesimtun0,501473,8228,674076,12595,1.275,0,1
2025-11-25T17:24:39.369464Z,urllc,uesimtun1,424427,7620,494104,8278,1.014,0,1
2025-11-25T17:24:39.369464Z,mmtc,uesimtun2,497512,8245,656084,12165,1.086,0,1
2025-11-25T17:24:39.619013Z,embb,uesimtun0,501638,8231,674320,12600,1.676,0,1
2025-11-25T17:24:39.619013Z,urllc,uesimtun1,424592,7623,494348,8283,1.036,0,1
2025-11-25T17:24:39.619013Z,mmtc,uesimtun2,497652,8248,656248,12168,0.793,0,1
2025-11-25T17:24:39.868589Z,embb,uesimtun0,501803,8234,674564,12605,11.583,0,1
2025-11-25T17:24:39.868589Z,urllc,uesimtun1,424732,7626,494512,8286,0.999,0,1
2025-11-25T17:24:39.868589Z,mmtc,uesimtun2,497817,8251,656492,12173,1.018,0,1
2025-11-25T17:24:40.118976Z,embb,uesimtun0,501968,8237,674808,12610,1.256,0,1
2025-11-25T17:24:40.118976Z,urllc,uesimtun1,424872,7629,494676,8289,1.020,0,1
2025-11-25T17:24:40.118976Z,mmtc,uesimtun2,497982,8254,656736,12178,1.097,0,1
2025-11-25T17:24:40.368913Z,embb,uesimtun0,502133,8240,675052,12615,1.313,0,1
2025-11-25T17:24:40.368913Z,urllc,uesimtun1,425012,7632,494840,8292,0.966,0,1
2025-11-25T17:24:40.368913Z,mmtc,uesimtun2,498147,8257,656980,12183,0.965,0,1
2025-11-25T17:24:40.618679Z,embb,uesimtun0,502298,8243,675296,12620,1.352,0,1
2025-11-25T17:24:40.618679Z,urllc,uesimtun1,425152,7635,495004,8295,1.069,0,1
2025-11-25T17:24:40.618679Z,mmtc,uesimtun2,498312,8260,657224,12188,0.976,0,1
2025-11-25T17:24:40.869347Z,embb,uesimtun0,502463,8246,675540,12625,30.546,0,1
2025-11-25T17:24:40.869347Z,urllc,uesimtun1,425292,7638,495168,8298,1.040,0,1
2025-11-25T17:24:40.869347Z,mmtc,uesimtun2,498477,8263,657468,12193,1.051,0,1
2025-11-25T17:24:41.119045Z,embb,uesimtun0,502628,8249,675784,12630,1.254,0,1
2025-11-25T17:24:41.119045Z,urllc,uesimtun1,425457,7641,495412,8303,1.082,0,1
2025-11-25T17:24:41.119045Z,mmtc,uesimtun2,498617,8266,657632,12196,1.045,0,1
2025-11-25T17:24:41.369007Z,embb,uesimtun0,502793,8252,676028,12635,1.259,0,1
2025-11-25T17:24:41.369007Z,urllc,uesimtun1,425597,7644,495576,8306,,1,1
2025-11-25T17:24:41.369007Z,mmtc,uesimtun2,498782,8269,657876,12201,1.102,0,1
2025-11-25T17:24:41.618841Z,embb,uesimtun0,502958,8255,676272,12640,1.323,0,1
2025-11-25T17:24:41.618841Z,urllc,uesimtun1,425637,7645,495636,8307,1.104,0,1
2025-11-25T17:24:41.618841Z,mmtc,uesimtun2,498947,8272,658120,12206,0.997,0,1
2025-11-25T17:24:41.869370Z,embb,uesimtun0,503123,8258,676516,12645,10.842,0,1
2025-11-25T17:24:41.869370Z,urllc,uesimtun1,425777,7648,495800,8310,,1,1
2025-11-25T17:24:41.869370Z,mmtc,uesimtun2,499112,8275,658364,12211,0.970,0,1
2025-11-25T17:24:42.118905Z,embb,uesimtun0,503288,8261,676760,12650,1.245,0,1
2025-11-25T17:24:42.118905Z,urllc,uesimtun1,425817,7649,495860,8311,1.058,0,1
2025-11-25T17:24:42.118905Z,mmtc,uesimtun2,499277,8278,658608,12216,1.004,0,1
2025-11-25T17:24:42.368675Z,embb,uesimtun0,503453,8264,677004,12655,1.378,0,1
2025-11-25T17:24:42.368675Z,urllc,uesimtun1,425957,7652,496024,8314,,1,1
2025-11-25T17:24:42.368675Z,mmtc,uesimtun2,499442,8281,658852,12221,1.075,0,1
2025-11-25T17:24:42.618833Z,embb,uesimtun0,503618,8267,677248,12660,1.279,0,1
2025-11-25T17:24:42.618833Z,urllc,uesimtun1,425997,7653,496084,8315,0.979,0,1
2025-11-25T17:24:42.618833Z,mmtc,uesimtun2,499607,8284,659096,12226,0.957,0,1
2025-11-25T17:24:42.868831Z,embb,uesimtun0,503783,8270,677492,12665,20.886,0,1
2025-11-25T17:24:42.868831Z,urllc,uesimtun1,426137,7656,496248,8318,1.024,0,1
2025-11-25T17:24:42.868831Z,mmtc,uesimtun2,499772,8287,659340,12231,0.989,0,1
2025-11-25T17:24:43.119011Z,embb,uesimtun0,503948,8273,677736,12670,1.211,0,1
2025-11-25T17:24:43.119011Z,urllc,uesimtun1,426277,7659,496412,8321,1.120,0,1
2025-11-25T17:24:43.119011Z,mmtc,uesimtun2,499937,8290,659584,12236,0.826,0,1
2025-11-25T17:24:43.369003Z,embb,uesimtun0,504113,8276,677980,12675,1.231,0,1
2025-11-25T17:24:43.369003Z,urllc,uesimtun1,426417,7662,496576,8324,,1,1
2025-11-25T17:24:43.369003Z,mmtc,uesimtun2,500102,8293,659828,12241,1.078,0,1
2025-11-25T17:24:43.618629Z,embb,uesimtun0,504278,8279,678224,12680,1.245,0,1
2025-11-25T17:24:43.618629Z,urllc,uesimtun1,426457,7663,496636,8325,1.022,0,1
2025-11-25T17:24:43.618629Z,mmtc,uesimtun2,500267,8296,660072,12246,0.928,0,1
2025-11-25T17:24:43.869204Z,embb,uesimtun0,504443,8282,678468,12685,11.055,0,1
2025-11-25T17:24:43.869204Z,urllc,uesimtun1,426597,7666,496800,8328,1.188,0,1
2025-11-25T17:24:43.869204Z,mmtc,uesimtun2,500432,8299,660316,12251,1.080,0,1
2025-11-25T17:24:44.119441Z,embb,uesimtun0,504608,8285,678712,12690,1.478,0,1
2025-11-25T17:24:44.119441Z,urllc,uesimtun1,426762,7669,497044,8333,0.993,0,1
2025-11-25T17:24:44.119441Z,mmtc,uesimtun2,500597,8302,660560,12256,0.954,0,1
2025-11-25T17:24:44.368858Z,embb,uesimtun0,504773,8288,678956,12695,1.345,0,1
2025-11-25T17:24:44.368858Z,urllc,uesimtun1,426902,7672,497208,8336,0.987,0,1
2025-11-25T17:24:44.368858Z,mmtc,uesimtun2,500762,8305,660804,12261,1.101,0,1
2025-11-25T17:24:44.618897Z,embb,uesimtun0,504938,8291,679200,12700,1.281,0,1
2025-11-25T17:24:44.618897Z,urllc,uesimtun1,427042,7675,497372,8339,1.017,0,1
2025-11-25T17:24:44.618897Z,mmtc,uesimtun2,500927,8308,661048,12266,0.974,0,1
2025-11-25T17:24:44.869480Z,embb,uesimtun0,505103,8294,679444,12705,30.622,0,1
2025-11-25T17:24:44.869480Z,urllc,uesimtun1,427182,7678,497536,8342,1.104,0,1
2025-11-25T17:24:44.869480Z,mmtc,uesimtun2,501092,8311,661292,12271,1.048,0,1
2025-11-25T17:24:45.118893Z,embb,uesimtun0,505268,8297,679688,12710,1.277,0,1
2025-11-25T17:24:45.118893Z,urllc,uesimtun1,427322,7681,497700,8345,1.089,0,1
2025-11-25T17:24:45.118893Z,mmtc,uesimtun2,501257,8314,661536,12276,0.966,0,1
2025-11-25T17:24:45.368806Z,embb,uesimtun0,505433,8300,679932,12715,1.292,0,1
2025-11-25T17:24:45.368806Z,urllc,uesimtun1,427462,7684,497864,8348,1.043,0,1
2025-11-25T17:24:45.368806Z,mmtc,uesimtun2,501422,8317,661780,12281,0.992,0,1
2025-11-25T17:24:45.619029Z,embb,uesimtun0,505598,8303,680176,12720,1.316,0,1
2025-11-25T17:24:45.619029Z,urllc,uesimtun1,427602,7687,498028,8351,1.052,0,1
2025-11-25T17:24:45.619029Z,mmtc,uesimtun2,501587,8320,662024,12286,0.962,0,1
2025-11-25T17:24:45.869311Z,embb,uesimtun0,505763,8306,680420,12725,10.745,0,1
2025-11-25T17:24:45.869311Z,urllc,uesimtun1,427742,7690,498192,8354,5.802,0,1
2025-11-25T17:24:45.869311Z,mmtc,uesimtun2,501752,8323,662268,12291,1.151,0,1
2025-11-25T17:24:46.118837Z,embb,uesimtun0,505980,8310,680704,12731,1.340,0,1
2025-11-25T17:24:46.118837Z,urllc,uesimtun1,427882,7693,498356,8357,0.957,0,1
2025-11-25T17:24:46.118837Z,mmtc,uesimtun2,501917,8326,662512,12296,0.949,0,1
2025-11-25T17:24:46.368902Z,embb,uesimtun0,506145,8313,680948,12736,1.239,0,1
2025-11-25T17:24:46.368902Z,urllc,uesimtun1,428022,7696,498520,8360,1.101,0,1
2025-11-25T17:24:46.368902Z,mmtc,uesimtun2,502082,8329,662756,12301,1.107,0,1
2025-11-25T17:24:46.618442Z,embb,uesimtun0,506310,8316,681192,12741,1.286,0,1
2025-11-25T17:24:46.618442Z,urllc,uesimtun1,428162,7699,498684,8363,1.004,0,1
2025-11-25T17:24:46.618442Z,mmtc,uesimtun2,502247,8332,663000,12306,1.030,0,1
2025-11-25T17:24:46.869328Z,embb,uesimtun0,506475,8319,681436,12746,30.682,0,1
2025-11-25T17:24:46.869328Z,urllc,uesimtun1,428302,7702,498848,8366,1.014,0,1
2025-11-25T17:24:46.869328Z,mmtc,uesimtun2,502412,8335,663244,12311,1.073,0,1
2025-11-25T17:24:47.118700Z,embb,uesimtun0,506640,8322,681680,12751,5.363,0,1
2025-11-25T17:24:47.118700Z,urllc,uesimtun1,428442,7705,499012,8369,1.045,0,1
2025-11-25T17:24:47.118700Z,mmtc,uesimtun2,502577,8338,663488,12316,1.147,0,1
2025-11-25T17:24:47.369153Z,embb,uesimtun0,506805,8325,681924,12756,1.331,0,1
2025-11-25T17:24:47.369153Z,urllc,uesimtun1,428607,7708,499256,8374,1.027,0,1
2025-11-25T17:24:47.369153Z,mmtc,uesimtun2,502717,8341,663652,12319,1.029,0,1
2025-11-25T17:24:47.619193Z,embb,uesimtun0,506970,8328,682168,12761,1.329,0,1
2025-11-25T17:24:47.619193Z,urllc,uesimtun1,428747,7711,499420,8377,0.980,0,1
2025-11-25T17:24:47.619193Z,mmtc,uesimtun2,502882,8344,663896,12324,0.987,0,1
2025-11-25T17:24:47.868876Z,embb,uesimtun0,507135,8331,682412,12766,1.454,0,1
2025-11-25T17:24:47.868876Z,urllc,uesimtun1,428912,7714,499664,8382,,1,1
2025-11-25T17:24:47.868876Z,mmtc,uesimtun2,503022,8347,664060,12327,0.993,0,1
2025-11-25T17:24:48.118528Z,embb,uesimtun0,507300,8334,682656,12771,1.270,0,1
2025-11-25T17:24:48.118528Z,urllc,uesimtun1,428952,7715,499724,8383,1.009,0,1
2025-11-25T17:24:48.118528Z,mmtc,uesimtun2,503187,8350,664304,12332,0.885,0,1
2025-11-25T17:24:48.369516Z,embb,uesimtun0,507465,8337,682900,12776,1.307,0,1
2025-11-25T17:24:48.369516Z,urllc,uesimtun1,429092,7718,499888,8386,1.114,0,1
2025-11-25T17:24:48.369516Z,mmtc,uesimtun2,503352,8353,664548,12337,0.984,0,1
2025-11-25T17:24:48.619000Z,embb,uesimtun0,507630,8340,683144,12781,1.330,0,1
2025-11-25T17:24:48.619000Z,urllc,uesimtun1,429232,7721,500052,8389,0.978,0,1
2025-11-25T17:24:48.619000Z,mmtc,uesimtun2,503517,8356,664792,12342,0.895,0,1
2025-11-25T17:24:48.869537Z,embb,uesimtun0,507795,8343,683388,12786,10.105,0,1
2025-11-25T17:24:48.869537Z,urllc,uesimtun1,429372,7724,500216,8392,0.979,0,1
2025-11-25T17:24:48.869537Z,mmtc,uesimtun2,503682,8359,665036,12347,1.001,0,1
2025-11-25T17:24:49.119048Z,embb,uesimtun0,507960,8346,683632,12791,1.245,0,1
2025-11-25T17:24:49.119048Z,urllc,uesimtun1,429512,7727,500380,8395,1.063,0,1
2025-11-25T17:24:49.119048Z,mmtc,uesimtun2,503847,8362,665280,12352,1.094,0,1
2025-11-25T17:24:49.368970Z,embb,uesimtun0,508125,8349,683876,12796,1.262,0,1
2025-11-25T17:24:49.368970Z,urllc,uesimtun1,429652,7730,500544,8398,,1,1
2025-11-25T17:24:49.368970Z,mmtc,uesimtun2,504012,8365,665524,12357,1.057,0,1
2025-11-25T17:24:49.619071Z,embb,uesimtun0,508290,8352,684120,12801,1.332,0,1
2025-11-25T17:24:49.619071Z,urllc,uesimtun1,429692,7731,500604,8399,,1,1
2025-11-25T17:24:49.619071Z,mmtc,uesimtun2,504177,8368,665768,12362,1.001,0,1
2025-11-25T17:24:49.869444Z,embb,uesimtun0,508455,8355,684364,12806,30.983,0,1
2025-11-25T17:24:49.869444Z,urllc,uesimtun1,429732,7732,500664,8400,1.018,0,1
2025-11-25T17:24:49.869444Z,mmtc,uesimtun2,504342,8371,666012,12367,0.926,0,1
2025-11-25T17:24:50.118948Z,embb,uesimtun0,508620,8358,684608,12811,1.333,0,1
2025-11-25T17:24:50.118948Z,urllc,uesimtun1,429872,7735,500828,8403,,1,1
2025-11-25T17:24:50.118948Z,mmtc,uesimtun2,504507,8374,666256,12372,1.020,0,1
2025-11-25T17:24:50.368852Z,embb,uesimtun0,508785,8361,684852,12816,1.262,0,1
2025-11-25T17:24:50.368852Z,urllc,uesimtun1,429912,7736,500888,8404,0.992,0,1
2025-11-25T17:24:50.368852Z,mmtc,uesimtun2,504672,8377,666500,12377,0.939,0,1
2025-11-25T17:24:50.618666Z,embb,uesimtun0,508950,8364,685096,12821,1.476,0,1
2025-11-25T17:24:50.618666Z,urllc,uesimtun1,430052,7739,501052,8407,1.007,0,1
2025-11-25T17:24:50.618666Z,mmtc,uesimtun2,504837,8380,666744,12382,0.881,0,1
2025-11-25T17:24:50.868756Z,embb,uesimtun0,509115,8367,685340,12826,10.796,0,1
2025-11-25T17:24:50.868756Z,urllc,uesimtun1,430192,7742,501216,8410,1.029,0,1
2025-11-25T17:24:50.868756Z,mmtc,uesimtun2,505002,8383,666988,12387,,1,1
2025-11-25T17:24:51.118786Z,embb,uesimtun0,509280,8370,685584,12831,1.773,0,1
2025-11-25T17:24:51.118786Z,urllc,uesimtun1,430357,7745,501460,8415,1.185,0,1
2025-11-25T17:24:51.118786Z,mmtc,uesimtun2,505042,8384,667048,12388,0.956,0,1
2025-11-25T17:24:51.369513Z,embb,uesimtun0,509445,8373,685828,12836,1.286,0,1
2025-11-25T17:24:51.369513Z,urllc,uesimtun1,430522,7748,501704,8420,1.086,0,1
2025-11-25T17:24:51.369513Z,mmtc,uesimtun2,505182,8387,667212,12391,1.138,0,1
2025-11-25T17:24:51.619196Z,embb,uesimtun0,509610,8376,686072,12841,1.412,0,1
2025-11-25T17:24:51.619196Z,urllc,uesimtun1,430662,7751,501868,8423,1.173,0,1
2025-11-25T17:24:51.619196Z,mmtc,uesimtun2,505347,8390,667456,12396,0.908,0,1
2025-11-25T17:24:51.868933Z,embb,uesimtun0,509775,8379,686316,12846,5.689,0,1
2025-11-25T17:24:51.868933Z,urllc,uesimtun1,430827,7754,502112,8428,0.946,0,1
2025-11-25T17:24:51.868933Z,mmtc,uesimtun2,505487,8393,667620,12399,0.882,0,1
2025-11-25T17:24:52.118967Z,embb,uesimtun0,509940,8382,686560,12851,1.353,0,1
2025-11-25T17:24:52.118967Z,urllc,uesimtun1,430967,7757,502276,8431,0.983,0,1
2025-11-25T17:24:52.118967Z,mmtc,uesimtun2,505652,8396,667864,12404,0.907,0,1
2025-11-25T17:24:52.368831Z,embb,uesimtun0,510105,8385,686804,12856,1.303,0,1
2025-11-25T17:24:52.368831Z,urllc,uesimtun1,431107,7760,502440,8434,1.094,0,1
2025-11-25T17:24:52.368831Z,mmtc,uesimtun2,505817,8399,668108,12409,0.892,0,1
2025-11-25T17:24:52.618801Z,embb,uesimtun0,510270,8388,687048,12861,1.330,0,1
2025-11-25T17:24:52.618801Z,urllc,uesimtun1,431247,7763,502604,8437,1.031,0,1
2025-11-25T17:24:52.618801Z,mmtc,uesimtun2,506034,8403,668352,12414,1.023,0,1
2025-11-25T17:24:52.868989Z,embb,uesimtun0,510435,8391,687292,12866,20.306,0,1
2025-11-25T17:24:52.868989Z,urllc,uesimtun1,431387,7766,502768,8440,0.962,0,1
2025-11-25T17:24:52.868989Z,mmtc,uesimtun2,506199,8406,668596,12419,0.959,0,1
2025-11-25T17:24:53.118857Z,embb,uesimtun0,510652,8395,687536,12871,1.241,0,1
2025-11-25T17:24:53.118857Z,urllc,uesimtun1,431527,7769,502932,8443,,1,1
2025-11-25T17:24:53.118857Z,mmtc,uesimtun2,506364,8409,668840,12424,1.011,0,1
2025-11-25T17:24:53.368902Z,embb,uesimtun0,510817,8398,687780,12876,1.271,0,1
2025-11-25T17:24:53.368902Z,urllc,uesimtun1,431567,7770,502992,8444,0.978,0,1
2025-11-25T17:24:53.368902Z,mmtc,uesimtun2,506529,8412,669084,12429,0.922,0,1
2025-11-25T17:24:53.618707Z,embb,uesimtun0,510982,8401,688024,12881,1.372,0,1
2025-11-25T17:24:53.618707Z,urllc,uesimtun1,431707,7773,503156,8447,1.005,0,1
2025-11-25T17:24:53.618707Z,mmtc,uesimtun2,506694,8415,669328,12434,1.276,0,1
2025-11-25T17:24:53.869535Z,embb,uesimtun0,511147,8404,688268,12886,15.191,0,1
2025-11-25T17:24:53.869535Z,urllc,uesimtun1,431847,7776,503320,8450,1.019,0,1
2025-11-25T17:24:53.869535Z,mmtc,uesimtun2,506859,8418,669572,12439,1.172,0,1
2025-11-25T17:24:54.118892Z,embb,uesimtun0,511312,8407,688512,12891,1.366,0,1
2025-11-25T17:24:54.118892Z,urllc,uesimtun1,431987,7779,503484,8453,1.175,0,1
2025-11-25T17:24:54.118892Z,mmtc,uesimtun2,507024,8421,669816,12444,0.913,0,1
2025-11-25T17:24:54.368899Z,embb,uesimtun0,511477,8410,688756,12896,1.244,0,1
2025-11-25T17:24:54.368899Z,urllc,uesimtun1,432127,7782,503648,8456,1.054,0,1
2025-11-25T17:24:54.368899Z,mmtc,uesimtun2,507189,8424,670060,12449,1.017,0,1
2025-11-25T17:24:54.619015Z,embb,uesimtun0,511642,8413,689000,12901,1.305,0,1
2025-11-25T17:24:54.619015Z,urllc,uesimtun1,432292,7785,503892,8461,1.054,0,1
2025-11-25T17:24:54.619015Z,mmtc,uesimtun2,507329,8427,670224,12452,1.095,0,1
2025-11-25T17:24:54.869371Z,embb,uesimtun0,511807,8416,689244,12906,10.600,0,1
2025-11-25T17:24:54.869371Z,urllc,uesimtun1,432432,7788,504056,8464,1.071,0,1
2025-11-25T17:24:54.869371Z,mmtc,uesimtun2,507494,8430,670468,12457,1.131,0,1
2025-11-25T17:24:55.120775Z,embb,uesimtun0,511972,8419,689488,12911,1.338,0,1
2025-11-25T17:24:55.120775Z,urllc,uesimtun1,432572,7791,504220,8467,,1,1
2025-11-25T17:24:55.120775Z,mmtc,uesimtun2,507659,8433,670712,12462,0.995,0,1
2025-11-25T17:24:55.369566Z,embb,uesimtun0,512137,8422,689732,12916,1.222,0,1
2025-11-25T17:24:55.369566Z,urllc,uesimtun1,432612,7792,504280,8468,,1,1
2025-11-25T17:24:55.369566Z,mmtc,uesimtun2,507824,8436,670956,12467,0.961,0,1
2025-11-25T17:24:55.619183Z,embb,uesimtun0,512302,8425,689976,12921,1.303,0,1
2025-11-25T17:24:55.619183Z,urllc,uesimtun1,432652,7793,504340,8469,1.027,0,1
2025-11-25T17:24:55.619183Z,mmtc,uesimtun2,507989,8439,671200,12472,0.888,0,1
2025-11-25T17:24:55.869291Z,embb,uesimtun0,512467,8428,690220,12926,10.878,0,1
2025-11-25T17:24:55.869291Z,urllc,uesimtun1,432792,7796,504504,8472,1.046,0,1
2025-11-25T17:24:55.869291Z,mmtc,uesimtun2,508154,8442,671444,12477,1.109,0,1
2025-11-25T17:24:56.119009Z,embb,uesimtun0,512632,8431,690464,12931,1.249,0,1
2025-11-25T17:24:56.119009Z,urllc,uesimtun1,432932,7799,504668,8475,0.960,0,1
2025-11-25T17:24:56.119009Z,mmtc,uesimtun2,508319,8445,671688,12482,1.041,0,1
2025-11-25T17:24:56.368756Z,embb,uesimtun0,512797,8434,690708,12936,1.287,0,1
2025-11-25T17:24:56.368756Z,urllc,uesimtun1,433072,7802,504832,8478,0.935,0,1
2025-11-25T17:24:56.368756Z,mmtc,uesimtun2,508484,8448,671932,12487,0.991,0,1
2025-11-25T17:24:56.618758Z,embb,uesimtun0,512962,8437,690952,12941,1.303,0,1
2025-11-25T17:24:56.618758Z,urllc,uesimtun1,433212,7805,504996,8481,0.964,0,1
2025-11-25T17:24:56.618758Z,mmtc,uesimtun2,508701,8452,672176,12492,0.984,0,1
2025-11-25T17:24:56.868442Z,embb,uesimtun0,513127,8440,691196,12946,31.544,0,1
2025-11-25T17:24:56.868442Z,urllc,uesimtun1,433352,7808,505160,8484,1.130,0,1
2025-11-25T17:24:56.868442Z,mmtc,uesimtun2,508918,8456,672420,12497,1.172,0,1
2025-11-25T17:24:57.119140Z,embb,uesimtun0,513292,8443,691440,12951,1.242,0,1
2025-11-25T17:24:57.119140Z,urllc,uesimtun1,433517,7811,505404,8489,0.931,0,1
2025-11-25T17:24:57.119140Z,mmtc,uesimtun2,509083,8459,672664,12502,0.989,0,1
2025-11-25T17:24:57.368974Z,embb,uesimtun0,513457,8446,691684,12956,1.213,0,1
2025-11-25T17:24:57.368974Z,urllc,uesimtun1,433657,7814,505568,8492,0.943,0,1
2025-11-25T17:24:57.368974Z,mmtc,uesimtun2,509248,8462,672908,12507,1.036,0,1
2025-11-25T17:24:57.619189Z,embb,uesimtun0,513622,8449,691928,12961,1.258,0,1
2025-11-25T17:24:57.619189Z,urllc,uesimtun1,433797,7817,505732,8495,1.258,0,1
2025-11-25T17:24:57.619189Z,mmtc,uesimtun2,509413,8465,673152,12512,0.953,0,1
2025-11-25T17:24:57.868592Z,embb,uesimtun0,513787,8452,692172,12966,12.693,0,1
2025-11-25T17:24:57.868592Z,urllc,uesimtun1,433937,7820,505896,8498,1.154,0,1
2025-11-25T17:24:57.868592Z,mmtc,uesimtun2,509578,8468,673396,12517,5.100,0,1
2025-11-25T17:24:58.118948Z,embb,uesimtun0,513952,8455,692416,12971,1.250,0,1
2025-11-25T17:24:58.118948Z,urllc,uesimtun1,434077,7823,506060,8501,0.995,0,1
2025-11-25T17:24:58.118948Z,mmtc,uesimtun2,509743,8471,673640,12522,0.881,0,1
2025-11-25T17:24:58.368640Z,embb,uesimtun0,514117,8458,692660,12976,1.235,0,1
2025-11-25T17:24:58.368640Z,urllc,uesimtun1,434217,7826,506224,8504,0.932,0,1
2025-11-25T17:24:58.368640Z,mmtc,uesimtun2,509908,8474,673884,12527,1.209,0,1
2025-11-25T17:24:58.618875Z,embb,uesimtun0,514282,8461,692904,12981,1.251,0,1
2025-11-25T17:24:58.618875Z,urllc,uesimtun1,434357,7829,506388,8507,0.938,0,1
2025-11-25T17:24:58.618875Z,mmtc,uesimtun2,510073,8477,674128,12532,0.909,0,1
2025-11-25T17:24:58.869544Z,embb,uesimtun0,514447,8464,693148,12986,10.172,0,1
2025-11-25T17:24:58.869544Z,urllc,uesimtun1,434497,7832,506552,8510,0.875,0,1
2025-11-25T17:24:58.869544Z,mmtc,uesimtun2,510238,8480,674372,12537,0.928,0,1
2025-11-25T17:24:59.118859Z,embb,uesimtun0,514612,8467,693392,12991,1.396,0,1
2025-11-25T17:24:59.118859Z,urllc,uesimtun1,434637,7835,506716,8513,0.936,0,1
2025-11-25T17:24:59.118859Z,mmtc,uesimtun2,510403,8483,674616,12542,0.941,0,1
2025-11-25T17:24:59.369393Z,embb,uesimtun0,514777,8470,693636,12996,1.271,0,1
2025-11-25T17:24:59.369393Z,urllc,uesimtun1,434777,7838,506880,8516,1.029,0,1
2025-11-25T17:24:59.369393Z,mmtc,uesimtun2,510568,8486,674860,12547,0.854,0,1
2025-11-25T17:24:59.619391Z,embb,uesimtun0,514942,8473,693880,13001,1.265,0,1
2025-11-25T17:24:59.619391Z,urllc,uesimtun1,434917,7841,507044,8519,1.153,0,1
2025-11-25T17:24:59.619391Z,mmtc,uesimtun2,510733,8489,675104,12552,1.122,0,1
2025-11-25T17:24:59.868598Z,embb,uesimtun0,515107,8476,694124,13006,31.875,0,1
2025-11-25T17:24:59.868598Z,urllc,uesimtun1,435057,7844,507208,8522,0.961,0,1
2025-11-25T17:24:59.868598Z,mmtc,uesimtun2,510898,8492,675348,12557,1.072,0,1
2025-11-25T17:25:00.119086Z,embb,uesimtun0,515272,8479,694368,13011,1.589,0,1
2025-11-25T17:25:00.119086Z,urllc,uesimtun1,435197,7847,507372,8525,1.030,0,1
2025-11-25T17:25:00.119086Z,mmtc,uesimtun2,511063,8495,675592,12562,0.841,0,1
2025-11-25T17:25:00.368829Z,embb,uesimtun0,515437,8482,694612,13016,1.347,0,1
2025-11-25T17:25:00.368829Z,urllc,uesimtun1,435337,7850,507536,8528,,1,1
2025-11-25T17:25:00.368829Z,mmtc,uesimtun2,511228,8498,675836,12567,1.045,0,1
2025-11-25T17:25:00.618800Z,embb,uesimtun0,515602,8485,694856,13021,1.631,0,1
2025-11-25T17:25:00.618800Z,urllc,uesimtun1,435377,7851,507596,8529,1.121,0,1
2025-11-25T17:25:00.618800Z,mmtc,uesimtun2,511393,8501,676080,12572,1.137,0,1
2025-11-25T17:25:00.869559Z,embb,uesimtun0,515767,8488,695100,13026,29.692,0,1
2025-11-25T17:25:00.869559Z,urllc,uesimtun1,435517,7854,507760,8532,1.014,0,1
2025-11-25T17:25:00.869559Z,mmtc,uesimtun2,511558,8504,676324,12577,0.998,0,1
2025-11-25T17:25:01.118900Z,embb,uesimtun0,515932,8491,695344,13031,1.371,0,1
2025-11-25T17:25:01.118900Z,urllc,uesimtun1,435657,7857,507924,8535,1.044,0,1
2025-11-25T17:25:01.118900Z,mmtc,uesimtun2,511723,8507,676568,12582,0.952,0,1
2025-11-25T17:25:01.368955Z,embb,uesimtun0,516097,8494,695588,13036,1.354,0,1
2025-11-25T17:25:01.368955Z,urllc,uesimtun1,435797,7860,508088,8538,1.009,0,1
2025-11-25T17:25:01.368955Z,mmtc,uesimtun2,511888,8510,676812,12587,0.934,0,1
2025-11-25T17:25:01.619157Z,embb,uesimtun0,516262,8497,695832,13041,1.287,0,1
2025-11-25T17:25:01.619157Z,urllc,uesimtun1,435937,7863,508252,8541,,1,1
2025-11-25T17:25:01.619157Z,mmtc,uesimtun2,512105,8514,677056,12592,1.055,0,1
2025-11-25T17:25:01.869007Z,embb,uesimtun0,516427,8500,696076,13046,,1,1
2025-11-25T17:25:01.869007Z,urllc,uesimtun1,435977,7864,508312,8542,25.325,0,1
2025-11-25T17:25:01.869007Z,mmtc,uesimtun2,512270,8517,677300,12597,1.091,0,1
2025-11-25T17:25:02.118859Z,embb,uesimtun0,516487,8501,696176,13048,1.132,0,1
2025-11-25T17:25:02.118859Z,urllc,uesimtun1,436142,7867,508556,8547,1.057,0,1
2025-11-25T17:25:02.118859Z,mmtc,uesimtun2,512410,8520,677464,12600,0.919,0,1
2025-11-25T17:25:02.368808Z,embb,uesimtun0,516652,8504,696420,13053,1.304,0,1
2025-11-25T17:25:02.368808Z,urllc,uesimtun1,436282,7870,508720,8550,,1,1
2025-11-25T17:25:02.368808Z,mmtc,uesimtun2,512575,8523,677708,12605,1.042,0,1
2025-11-25T17:25:02.619374Z,embb,uesimtun0,516817,8507,696664,13058,1.292,0,1
2025-11-25T17:25:02.619374Z,urllc,uesimtun1,436322,7871,508780,8551,1.016,0,1
2025-11-25T17:25:02.619374Z,mmtc,uesimtun2,512740,8526,677952,12610,0.905,0,1
2025-11-25T17:25:02.868787Z,embb,uesimtun0,516982,8510,696908,13063,,1,1
2025-11-25T17:25:02.868787Z,urllc,uesimtun1,436462,7874,508944,8554,51.430,0,1
2025-11-25T17:25:02.868787Z,mmtc,uesimtun2,512905,8529,678196,12615,1.066,0,1
2025-11-25T17:25:03.123985Z,embb,uesimtun0,517042,8511,697008,13065,1.139,0,1
2025-11-25T17:25:03.123985Z,urllc,uesimtun1,436627,7877,509188,8559,1.054,0,1
2025-11-25T17:25:03.123985Z,mmtc,uesimtun2,513070,8532,678440,12620,0.982,0,1
2025-11-25T17:25:03.374123Z,embb,uesimtun0,517207,8514,697252,13070,1.349,0,1
2025-11-25T17:25:03.374123Z,urllc,uesimtun1,436767,7880,509352,8562,1.062,0,1
2025-11-25T17:25:03.374123Z,mmtc,uesimtun2,513287,8536,678684,12625,0.926,0,1
2025-11-25T17:25:03.624673Z,embb,uesimtun0,517372,8517,697496,13075,1.200,0,1
2025-11-25T17:25:03.624673Z,urllc,uesimtun1,436907,7883,509516,8565,0.959,0,1
2025-11-25T17:25:03.624673Z,mmtc,uesimtun2,513452,8539,678928,12630,0.963,0,1
2025-11-25T17:25:03.874639Z,embb,uesimtun0,517537,8520,697740,13080,,1,1
2025-11-25T17:25:03.874639Z,urllc,uesimtun1,437047,7886,509680,8568,24.623,0,1
2025-11-25T17:25:03.874639Z,mmtc,uesimtun2,513617,8542,679172,12635,1.231,0,1
2025-11-25T17:25:04.124574Z,embb,uesimtun0,517597,8521,697840,13082,1.238,0,1
2025-11-25T17:25:04.124574Z,urllc,uesimtun1,437212,7889,509924,8573,1.019,0,1
2025-11-25T17:25:04.124574Z,mmtc,uesimtun2,513782,8545,679416,12640,1.061,0,1
2025-11-25T17:25:04.374406Z,embb,uesimtun0,517762,8524,698084,13087,1.384,0,1
2025-11-25T17:25:04.374406Z,urllc,uesimtun1,437352,7892,510088,8576,1.028,0,1
2025-11-25T17:25:04.374406Z,mmtc,uesimtun2,513947,8548,679660,12645,1.045,0,1
2025-11-25T17:25:04.624788Z,embb,uesimtun0,517927,8527,698328,13092,1.194,0,1
2025-11-25T17:25:04.624788Z,urllc,uesimtun1,437517,7895,510332,8581,0.956,0,1
2025-11-25T17:25:04.624788Z,mmtc,uesimtun2,514087,8551,679824,12648,1.009,0,1
2025-11-25T17:25:04.874951Z,embb,uesimtun0,518092,8530,698572,13097,4.827,0,1
2025-11-25T17:25:04.874951Z,urllc,uesimtun1,437657,7898,510496,8584,0.955,0,1
2025-11-25T17:25:04.874951Z,mmtc,uesimtun2,514252,8554,680068,12653,1.039,0,1
2025-11-25T17:25:05.124349Z,embb,uesimtun0,518257,8533,698816,13102,1.396,0,1
2025-11-25T17:25:05.124349Z,urllc,uesimtun1,437797,7901,510660,8587,,1,1
2025-11-25T17:25:05.124349Z,mmtc,uesimtun2,514417,8557,680312,12658,1.239,0,1
2025-11-25T17:25:05.374326Z,embb,uesimtun0,518422,8536,699060,13107,1.177,0,1
2025-11-25T17:25:05.374326Z,urllc,uesimtun1,437837,7902,510720,8588,0.935,0,1
2025-11-25T17:25:05.374326Z,mmtc,uesimtun2,514582,8560,680556,12663,0.884,0,1
2025-11-25T17:25:05.625226Z,embb,uesimtun0,518587,8539,699304,13112,1.231,0,1
2025-11-25T17:25:05.625226Z,urllc,uesimtun1,437977,7905,510884,8591,0.929,0,1
2025-11-25T17:25:05.625226Z,mmtc,uesimtun2,514747,8563,680800,12668,0.944,0,1
2025-11-25T17:25:05.874618Z,embb,uesimtun0,518752,8542,699548,13117,25.122,0,1
2025-11-25T17:25:05.874618Z,urllc,uesimtun1,438117,7908,511048,8594,0.960,0,1
2025-11-25T17:25:05.874618Z,mmtc,uesimtun2,514912,8566,681044,12673,0.883,0,1
2025-11-25T17:25:06.124551Z,embb,uesimtun0,518917,8545,699792,13122,1.240,0,1
2025-11-25T17:25:06.124551Z,urllc,uesimtun1,438257,7911,511212,8597,1.006,0,1
2025-11-25T17:25:06.124551Z,mmtc,uesimtun2,515077,8569,681288,12678,0.884,0,1
2025-11-25T17:25:06.374276Z,embb,uesimtun0,519082,8548,700036,13127,1.576,0,1
2025-11-25T17:25:06.374276Z,urllc,uesimtun1,438397,7914,511376,8600,1.315,0,1
2025-11-25T17:25:06.374276Z,mmtc,uesimtun2,515242,8572,681532,12683,1.283,0,1
2025-11-25T17:25:06.625194Z,embb,uesimtun0,519247,8551,700280,13132,1.376,0,1
2025-11-25T17:25:06.625194Z,urllc,uesimtun1,438562,7917,511620,8605,0.977,0,1
2025-11-25T17:25:06.625194Z,mmtc,uesimtun2,515382,8575,681696,12686,0.993,0,1
2025-11-25T17:25:06.874644Z,embb,uesimtun0,519412,8554,700524,13137,24.845,0,1
2025-11-25T17:25:06.874644Z,urllc,uesimtun1,438702,7920,511784,8608,1.048,0,1
2025-11-25T17:25:06.874644Z,mmtc,uesimtun2,515547,8578,681940,12691,1.000,0,1
2025-11-25T17:25:07.124833Z,embb,uesimtun0,519577,8557,700768,13142,1.266,0,1
2025-11-25T17:25:07.124833Z,urllc,uesimtun1,438842,7923,511948,8611,1.029,0,1
2025-11-25T17:25:07.124833Z,mmtc,uesimtun2,515712,8581,682184,12696,0.930,0,1
2025-11-25T17:25:07.375093Z,embb,uesimtun0,519742,8560,701012,13147,1.274,0,1
2025-11-25T17:25:07.375093Z,urllc,uesimtun1,438982,7926,512112,8614,0.957,0,1
2025-11-25T17:25:07.375093Z,mmtc,uesimtun2,515877,8584,682428,12701,0.955,0,1
2025-11-25T17:25:07.625107Z,embb,uesimtun0,519907,8563,701256,13152,1.266,0,1
2025-11-25T17:25:07.625107Z,urllc,uesimtun1,439122,7929,512276,8617,0.835,0,1
2025-11-25T17:25:07.625107Z,mmtc,uesimtun2,516042,8587,682672,12706,0.976,0,1
2025-11-25T17:25:07.874986Z,embb,uesimtun0,520072,8566,701500,13157,4.926,0,1
2025-11-25T17:25:07.874986Z,urllc,uesimtun1,439287,7932,512520,8622,0.998,0,1
2025-11-25T17:25:07.874986Z,mmtc,uesimtun2,516207,8590,682916,12711,0.971,0,1
2025-11-25T17:25:08.125006Z,embb,uesimtun0,520237,8569,701744,13162,1.298,0,1
2025-11-25T17:25:08.125006Z,urllc,uesimtun1,439427,7935,512684,8625,0.935,0,1
2025-11-25T17:25:08.125006Z,mmtc,uesimtun2,516372,8593,683160,12716,0.958,0,1
2025-11-25T17:25:08.374510Z,embb,uesimtun0,520402,8572,701988,13167,1.232,0,1
2025-11-25T17:25:08.374510Z,urllc,uesimtun1,439567,7938,512848,8628,0.965,0,1
2025-11-25T17:25:08.374510Z,mmtc,uesimtun2,516537,8596,683404,12721,0.896,0,1
2025-11-25T17:25:08.624997Z,embb,uesimtun0,520567,8575,702232,13172,1.272,0,1
2025-11-25T17:25:08.624997Z,urllc,uesimtun1,439707,7941,513012,8631,1.056,0,1
2025-11-25T17:25:08.624997Z,mmtc,uesimtun2,516702,8599,683648,12726,0.946,0,1
2025-11-25T17:25:08.874308Z,embb,uesimtun0,520732,8578,702476,13177,15.387,0,1
2025-11-25T17:25:08.874308Z,urllc,uesimtun1,439847,7944,513176,8634,,1,1
2025-11-25T17:25:08.874308Z,mmtc,uesimtun2,516867,8602,683892,12731,0.900,0,1
2025-11-25T17:25:09.125004Z,embb,uesimtun0,520897,8581,702720,13182,1.300,0,1
2025-11-25T17:25:09.125004Z,urllc,uesimtun1,439887,7945,513236,8635,1.027,0,1
2025-11-25T17:25:09.125004Z,mmtc,uesimtun2,517032,8605,684136,12736,1.004,0,1
2025-11-25T17:25:09.374515Z,embb,uesimtun0,521062,8584,702964,13187,1.276,0,1
2025-11-25T17:25:09.374515Z,urllc,uesimtun1,440027,7948,513400,8638,0.966,0,1
2025-11-25T17:25:09.374515Z,mmtc,uesimtun2,517197,8608,684380,12741,1.025,0,1
2025-11-25T17:25:09.625114Z,embb,uesimtun0,521227,8587,703208,13192,1.288,0,1
2025-11-25T17:25:09.625114Z,urllc,uesimtun1,440167,7951,513564,8641,0.927,0,1
2025-11-25T17:25:09.625114Z,mmtc,uesimtun2,517362,8611,684624,12746,0.885,0,1
2025-11-25T17:25:09.874634Z,embb,uesimtun0,521392,8590,703452,13197,25.093,0,1
2025-11-25T17:25:09.874634Z,urllc,uesimtun1,440307,7954,513728,8644,0.937,0,1
2025-11-25T17:25:09.874634Z,mmtc,uesimtun2,517527,8614,684868,12751,0.895,0,1
2025-11-25T17:25:10.124785Z,embb,uesimtun0,521557,8593,703696,13202,2.465,0,1
2025-11-25T17:25:10.124785Z,urllc,uesimtun1,440447,7957,513892,8647,1.616,0,1
2025-11-25T17:25:10.124785Z,mmtc,uesimtun2,517692,8617,685112,12756,0.941,0,1
2025-11-25T17:25:10.374437Z,embb,uesimtun0,521722,8596,703940,13207,1.197,0,1
2025-11-25T17:25:10.374437Z,urllc,uesimtun1,440587,7960,514104,8651,,1,1
2025-11-25T17:25:10.374437Z,mmtc,uesimtun2,517857,8620,685356,12761,0.942,0,1
2025-11-25T17:25:10.624852Z,embb,uesimtun0,521887,8599,704184,13212,1.247,0,1
2025-11-25T17:25:10.624852Z,urllc,uesimtun1,440627,7961,514164,8652,1.059,0,1
2025-11-25T17:25:10.624852Z,mmtc,uesimtun2,518022,8623,685600,12766,1.029,0,1
2025-11-25T17:25:10.874682Z,embb,uesimtun0,522052,8602,704428,13217,25.080,0,1
2025-11-25T17:25:10.874682Z,urllc,uesimtun1,440767,7964,514328,8655,1.070,0,1
2025-11-25T17:25:10.874682Z,mmtc,uesimtun2,518187,8626,685844,12771,1.043,0,1
2025-11-25T17:25:11.124278Z,embb,uesimtun0,522217,8605,704672,13222,1.379,0,1
2025-11-25T17:25:11.124278Z,urllc,uesimtun1,440907,7967,514492,8658,0.995,0,1
2025-11-25T17:25:11.124278Z,mmtc,uesimtun2,518352,8629,686088,12776,1.152,0,1
2025-11-25T17:25:11.374738Z,embb,uesimtun0,522382,8608,704916,13227,1.266,0,1
2025-11-25T17:25:11.374738Z,urllc,uesimtun1,441047,7970,514656,8661,1.059,0,1
2025-11-25T17:25:11.374738Z,mmtc,uesimtun2,518517,8632,686332,12781,0.973,0,1
2025-11-25T17:25:11.624439Z,embb,uesimtun0,522547,8611,705160,13232,1.278,0,1
2025-11-25T17:25:11.624439Z,urllc,uesimtun1,441187,7973,514820,8664,0.993,0,1
2025-11-25T17:25:11.624439Z,mmtc,uesimtun2,518682,8635,686576,12786,1.237,0,1
2025-11-25T17:25:11.875165Z,embb,uesimtun0,522712,8614,705404,13237,15.137,0,1
2025-11-25T17:25:11.875165Z,urllc,uesimtun1,441327,7976,514984,8667,1.022,0,1
2025-11-25T17:25:11.875165Z,mmtc,uesimtun2,518847,8638,686820,12791,0.967,0,1
2025-11-25T17:25:12.124071Z,embb,uesimtun0,522877,8617,705648,13242,1.294,0,1
2025-11-25T17:25:12.124071Z,urllc,uesimtun1,441467,7979,515148,8670,1.021,0,1
2025-11-25T17:25:12.124071Z,mmtc,uesimtun2,519012,8641,687064,12796,1.055,0,1
2025-11-25T17:25:12.374087Z,embb,uesimtun0,523042,8620,705892,13247,1.313,0,1
2025-11-25T17:25:12.374087Z,urllc,uesimtun1,441607,7982,515312,8673,0.984,0,1
2025-11-25T17:25:12.374087Z,mmtc,uesimtun2,519177,8644,687308,12801,1.030,0,1
2025-11-25T17:25:12.624970Z,embb,uesimtun0,523207,8623,706136,13252,1.289,0,1
2025-11-25T17:25:12.624970Z,urllc,uesimtun1,441747,7985,515476,8676,0.962,0,1
2025-11-25T17:25:12.624970Z,mmtc,uesimtun2,519342,8647,687552,12806,0.988,0,1
2025-11-25T17:25:12.874949Z,embb,uesimtun0,523372,8626,706380,13257,14.576,0,1
2025-11-25T17:25:12.874949Z,urllc,uesimtun1,441887,7988,515640,8679,,1,1
2025-11-25T17:25:12.874949Z,mmtc,uesimtun2,519559,8651,687796,12811,0.977,0,1
2025-11-25T17:25:13.124829Z,embb,uesimtun0,523537,8629,706624,13262,1.359,0,1
2025-11-25T17:25:13.124829Z,urllc,uesimtun1,441927,7989,515700,8680,0.963,0,1
2025-11-25T17:25:13.124829Z,mmtc,uesimtun2,519724,8654,688040,12816,1.086,0,1
2025-11-25T17:25:13.375006Z,embb,uesimtun0,523702,8632,706868,13267,1.274,0,1
2025-11-25T17:25:13.375006Z,urllc,uesimtun1,442067,7992,515864,8683,1.055,0,1
2025-11-25T17:25:13.375006Z,mmtc,uesimtun2,519889,8657,688284,12821,0.924,0,1
2025-11-25T17:25:13.625130Z,embb,uesimtun0,523867,8635,707112,13272,1.276,0,1
2025-11-25T17:25:13.625130Z,urllc,uesimtun1,442207,7995,516028,8686,0.995,0,1
2025-11-25T17:25:13.625130Z,mmtc,uesimtun2,520054,8660,688528,12826,1.218,0,1
2025-11-25T17:25:13.874307Z,embb,uesimtun0,524032,8638,707356,13277,26.041,0,1
2025-11-25T17:25:13.874307Z,urllc,uesimtun1,442347,7998,516192,8689,,1,1
2025-11-25T17:25:13.874307Z,mmtc,uesimtun2,520219,8663,688772,12831,0.923,0,1
2025-11-25T17:25:14.124819Z,embb,uesimtun0,524197,8641,707600,13282,1.371,0,1
2025-11-25T17:25:14.124819Z,urllc,uesimtun1,442387,7999,516252,8690,1.030,0,1
2025-11-25T17:25:14.124819Z,mmtc,uesimtun2,520384,8666,689016,12836,0.876,0,1
2025-11-25T17:25:14.374950Z,embb,uesimtun0,524362,8644,707844,13287,1.236,0,1
2025-11-25T17:25:14.374950Z,urllc,uesimtun1,442527,8002,516416,8693,0.993,0,1
2025-11-25T17:25:14.374950Z,mmtc,uesimtun2,520549,8669,689260,12841,0.987,0,1
2025-11-25T17:25:14.624582Z,embb,uesimtun0,524527,8647,708088,13292,1.231,0,1
2025-11-25T17:25:14.624582Z,urllc,uesimtun1,442667,8005,516580,8696,0.957,0,1
2025-11-25T17:25:14.624582Z,mmtc,uesimtun2,520714,8672,689504,12846,1.041,0,1
2025-11-25T17:25:14.874862Z,embb,uesimtun0,524692,8650,708332,13297,10.166,0,1
2025-11-25T17:25:14.874862Z,urllc,uesimtun1,442807,8008,516744,8699,0.976,0,1
2025-11-25T17:25:14.874862Z,mmtc,uesimtun2,520879,8675,689748,12851,0.975,0,1
2025-11-25T17:25:15.124370Z,embb,uesimtun0,524857,8653,708576,13302,1.349,0,1
2025-11-25T17:25:15.124370Z,urllc,uesimtun1,442947,8011,516908,8702,1.093,0,1
2025-11-25T17:25:15.124370Z,mmtc,uesimtun2,521044,8678,689992,12856,,1,1
2025-11-25T17:25:15.374408Z,embb,uesimtun0,525022,8656,708820,13307,1.218,0,1
2025-11-25T17:25:15.374408Z,urllc,uesimtun1,443112,8014,517152,8707,0.974,0,1
2025-11-25T17:25:15.374408Z,mmtc,uesimtun2,521084,8679,690052,12857,0.986,0,1
2025-11-25T17:25:15.625046Z,embb,uesimtun0,525187,8659,709064,13312,1.225,0,1
2025-11-25T17:25:15.625046Z,urllc,uesimtun1,443252,8017,517316,8710,1.039,0,1
2025-11-25T17:25:15.625046Z,mmtc,uesimtun2,521249,8682,690296,12862,1.013,0,1
2025-11-25T17:25:15.874812Z,embb,uesimtun0,525352,8662,709308,13317,25.376,0,1
2025-11-25T17:25:15.874812Z,urllc,uesimtun1,443392,8020,517480,8713,1.211,0,1
2025-11-25T17:25:15.874812Z,mmtc,uesimtun2,521414,8685,690540,12867,1.221,0,1
2025-11-25T17:25:16.125016Z,embb,uesimtun0,525517,8665,709552,13322,1.191,0,1
2025-11-25T17:25:16.125016Z,urllc,uesimtun1,443557,8023,517724,8718,1.102,0,1
2025-11-25T17:25:16.125016Z,mmtc,uesimtun2,521554,8688,690704,12870,1.018,0,1
2025-11-25T17:25:16.374955Z,embb,uesimtun0,525682,8668,709796,13327,1.276,0,1
2025-11-25T17:25:16.374955Z,urllc,uesimtun1,443697,8026,517888,8721,1.076,0,1
2025-11-25T17:25:16.374955Z,mmtc,uesimtun2,521719,8691,690948,12875,0.927,0,1
2025-11-25T17:25:16.624916Z,embb,uesimtun0,525847,8671,710040,13332,1.287,0,1
2025-11-25T17:25:16.624916Z,urllc,uesimtun1,443837,8029,518052,8724,1.036,0,1
2025-11-25T17:25:16.624916Z,mmtc,uesimtun2,521884,8694,691192,12880,1.070,0,1
2025-11-25T17:25:16.874917Z,embb,uesimtun0,526012,8674,710284,13337,14.344,0,1
2025-11-25T17:25:16.874917Z,urllc,uesimtun1,443977,8032,518216,8727,0.959,0,1
2025-11-25T17:25:16.874917Z,mmtc,uesimtun2,522049,8697,691436,12885,0.876,0,1
2025-11-25T17:25:17.125087Z,embb,uesimtun0,526177,8677,710528,13342,1.333,0,1
2025-11-25T17:25:17.125087Z,urllc,uesimtun1,444117,8035,518380,8730,,1,1
2025-11-25T17:25:17.125087Z,mmtc,uesimtun2,522214,8700,691680,12890,1.015,0,1
2025-11-25T17:25:17.374322Z,embb,uesimtun0,526342,8680,710772,13347,1.249,0,1
2025-11-25T17:25:17.374322Z,urllc,uesimtun1,444157,8036,518440,8731,0.982,0,1
2025-11-25T17:25:17.374322Z,mmtc,uesimtun2,522379,8703,691924,12895,0.972,0,1
2025-11-25T17:25:17.624505Z,embb,uesimtun0,526507,8683,711016,13352,1.193,0,1
2025-11-25T17:25:17.624505Z,urllc,uesimtun1,444297,8039,518604,8734,0.926,0,1
2025-11-25T17:25:17.624505Z,mmtc,uesimtun2,522544,8706,692168,12900,0.956,0,1
2025-11-25T17:25:17.981970Z,embb,uesimtun0,526672,8686,711260,13357,1.350,0,1
2025-11-25T17:25:17.981970Z,urllc,uesimtun1,444437,8042,518768,8737,0.906,0,1
2025-11-25T17:25:17.981970Z,mmtc,uesimtun2,522709,8709,692412,12905,0.919,0,1
2025-11-25T17:25:18.124731Z,embb,uesimtun0,526837,8689,711504,13362,1.158,0,1
2025-11-25T17:25:18.124731Z,urllc,uesimtun1,444577,8045,518932,8740,1.043,0,1
2025-11-25T17:25:18.124731Z,mmtc,uesimtun2,522874,8712,692656,12910,1.060,0,1
2025-11-25T17:25:18.375252Z,embb,uesimtun0,527002,8692,711748,13367,1.268,0,1
2025-11-25T17:25:18.375252Z,urllc,uesimtun1,444717,8048,519096,8743,0.994,0,1
2025-11-25T17:25:18.375252Z,mmtc,uesimtun2,523039,8715,692900,12915,0.970,0,1
2025-11-25T17:25:18.625049Z,embb,uesimtun0,527167,8695,711992,13372,1.305,0,1
2025-11-25T17:25:18.625049Z,urllc,uesimtun1,444857,8051,519260,8746,1.043,0,1
2025-11-25T17:25:18.625049Z,mmtc,uesimtun2,523204,8718,693144,12920,0.987,0,1
2025-11-25T17:25:18.875050Z,embb,uesimtun0,527332,8698,712236,13377,14.612,0,1
2025-11-25T17:25:18.875050Z,urllc,uesimtun1,444997,8054,519424,8749,,1,1
2025-11-25T17:25:18.875050Z,mmtc,uesimtun2,523369,8721,693388,12925,0.976,0,1
2025-11-25T17:25:19.125040Z,embb,uesimtun0,527497,8701,712480,13382,1.224,0,1
2025-11-25T17:25:19.125040Z,urllc,uesimtun1,445037,8055,519484,8750,1.015,0,1
2025-11-25T17:25:19.125040Z,mmtc,uesimtun2,523534,8724,693632,12930,0.957,0,1
2025-11-25T17:25:19.374988Z,embb,uesimtun0,527662,8704,712724,13387,1.334,0,1
2025-11-25T17:25:19.374988Z,urllc,uesimtun1,445177,8058,519648,8753,1.023,0,1
2025-11-25T17:25:19.374988Z,mmtc,uesimtun2,523699,8727,693876,12935,1.064,0,1
2025-11-25T17:25:19.624314Z,embb,uesimtun0,527827,8707,712968,13392,1.191,0,1
2025-11-25T17:25:19.624314Z,urllc,uesimtun1,445342,8061,519892,8758,0.897,0,1
2025-11-25T17:25:19.624314Z,mmtc,uesimtun2,523864,8730,694120,12940,0.887,0,1
2025-11-25T17:25:19.874662Z,embb,uesimtun0,527992,8710,713212,13397,186.797,0,1
2025-11-25T17:25:19.874662Z,urllc,uesimtun1,445482,8064,520056,8761,1.951,0,1
2025-11-25T17:25:19.874662Z,mmtc,uesimtun2,524029,8733,694364,12945,1.252,0,1
2025-11-25T17:25:20.124260Z,embb,uesimtun0,528157,8713,713456,13402,1.137,0,1
2025-11-25T17:25:20.124260Z,urllc,uesimtun1,445622,8067,520220,8764,0.989,0,1
2025-11-25T17:25:20.124260Z,mmtc,uesimtun2,524194,8736,694608,12950,0.930,0,1
2025-11-25T17:25:20.374318Z,embb,uesimtun0,528322,8716,713700,13407,1.210,0,1
2025-11-25T17:25:20.374318Z,urllc,uesimtun1,445762,8070,520384,8767,0.887,0,1
2025-11-25T17:25:20.374318Z,mmtc,uesimtun2,524359,8739,694852,12955,0.877,0,1
2025-11-25T17:25:20.624563Z,embb,uesimtun0,528487,8719,713944,13412,1.193,0,1
2025-11-25T17:25:20.624563Z,urllc,uesimtun1,445902,8073,520548,8770,0.973,0,1
2025-11-25T17:25:20.624563Z,mmtc,uesimtun2,524576,8743,695096,12960,0.947,0,1
2025-11-25T17:25:20.876712Z,embb,uesimtun0,528652,8722,714188,13417,22.713,0,1
2025-11-25T17:25:20.876712Z,urllc,uesimtun1,446042,8076,520712,8773,1.061,0,1
2025-11-25T17:25:20.876712Z,mmtc,uesimtun2,524741,8746,695340,12965,0.910,0,1
2025-11-25T17:25:21.124310Z,embb,uesimtun0,528817,8725,714432,13422,1.336,0,1
2025-11-25T17:25:21.124310Z,urllc,uesimtun1,446182,8079,520876,8776,0.970,0,1
2025-11-25T17:25:21.124310Z,mmtc,uesimtun2,524906,8749,695584,12970,1.020,0,1
2025-11-25T17:25:21.374794Z,embb,uesimtun0,528982,8728,714676,13427,1.510,0,1
2025-11-25T17:25:21.374794Z,urllc,uesimtun1,446322,8082,521040,8779,1.024,0,1
2025-11-25T17:25:21.374794Z,mmtc,uesimtun2,525071,8752,695828,12975,0.955,0,1
2025-11-25T17:25:21.625007Z,embb,uesimtun0,529147,8731,714920,13432,1.203,0,1
2025-11-25T17:25:21.625007Z,urllc,uesimtun1,446462,8085,521204,8782,1.055,0,1
2025-11-25T17:25:21.625007Z,mmtc,uesimtun2,525236,8755,696072,12980,0.955,0,1
2025-11-25T17:25:21.874643Z,embb,uesimtun0,529312,8734,715164,13437,25.037,0,1
2025-11-25T17:25:21.874643Z,urllc,uesimtun1,446602,8088,521368,8785,1.032,0,1
2025-11-25T17:25:21.874643Z,mmtc,uesimtun2,525401,8758,696316,12985,1.098,0,1
2025-11-25T17:25:22.124421Z,embb,uesimtun0,529477,8737,715408,13442,1.304,0,1
2025-11-25T17:25:22.124421Z,urllc,uesimtun1,446742,8091,521532,8788,0.935,0,1
2025-11-25T17:25:22.124421Z,mmtc,uesimtun2,525566,8761,696560,12990,1.052,0,1
2025-11-25T17:25:22.374121Z,embb,uesimtun0,529642,8740,715652,13447,1.315,0,1
2025-11-25T17:25:22.374121Z,urllc,uesimtun1,446882,8094,521696,8791,0.995,0,1
2025-11-25T17:25:22.374121Z,mmtc,uesimtun2,525731,8764,696804,12995,1.076,0,1
2025-11-25T17:25:22.625102Z,embb,uesimtun0,529807,8743,715896,13452,1.230,0,1
2025-11-25T17:25:22.625102Z,urllc,uesimtun1,447022,8097,521860,8794,0.889,0,1
2025-11-25T17:25:22.625102Z,mmtc,uesimtun2,525896,8767,697048,13000,0.907,0,1
2025-11-25T17:25:22.875043Z,embb,uesimtun0,529972,8746,716140,13457,26.916,0,1
2025-11-25T17:25:22.875043Z,urllc,uesimtun1,447162,8100,522024,8797,1.206,0,1
2025-11-25T17:25:22.875043Z,mmtc,uesimtun2,526061,8770,697292,13005,0.950,0,1
2025-11-25T17:25:23.124974Z,embb,uesimtun0,530137,8749,716384,13462,1.267,0,1
2025-11-25T17:25:23.124974Z,urllc,uesimtun1,447327,8103,522268,8802,,1,1
2025-11-25T17:25:23.124974Z,mmtc,uesimtun2,526201,8773,697456,13008,0.960,0,1
2025-11-25T17:25:23.374898Z,embb,uesimtun0,530302,8752,716628,13467,1.197,0,1
2025-11-25T17:25:23.374898Z,urllc,uesimtun1,447367,8104,522328,8803,1.025,0,1
2025-11-25T17:25:23.374898Z,mmtc,uesimtun2,526366,8776,697700,13013,1.021,0,1
2025-11-25T17:25:23.624770Z,embb,uesimtun0,530467,8755,716872,13472,1.162,0,1
2025-11-25T17:25:23.624770Z,urllc,uesimtun1,447507,8107,522492,8806,1.182,0,1
2025-11-25T17:25:23.624770Z,mmtc,uesimtun2,526531,8779,697944,13018,0.949,0,1
2025-11-25T17:25:23.875252Z,embb,uesimtun0,530632,8758,717116,13477,24.978,0,1
2025-11-25T17:25:23.875252Z,urllc,uesimtun1,447672,8110,522736,8811,1.009,0,1
2025-11-25T17:25:23.875252Z,mmtc,uesimtun2,526696,8782,698188,13023,1.027,0,1
2025-11-25T17:25:24.124799Z,embb,uesimtun0,530797,8761,717360,13482,1.252,0,1
2025-11-25T17:25:24.124799Z,urllc,uesimtun1,447812,8113,522900,8814,1.014,0,1
2025-11-25T17:25:24.124799Z,mmtc,uesimtun2,526861,8785,698432,13028,0.937,0,1
2025-11-25T17:25:24.374271Z,embb,uesimtun0,530962,8764,717604,13487,1.353,0,1
2025-11-25T17:25:24.374271Z,urllc,uesimtun1,447952,8116,523064,8817,,1,1
2025-11-25T17:25:24.374271Z,mmtc,uesimtun2,527026,8788,698676,13033,0.932,0,1
2025-11-25T17:25:24.624388Z,embb,uesimtun0,531127,8767,717848,13492,1.274,0,1
2025-11-25T17:25:24.624388Z,urllc,uesimtun1,447992,8117,523124,8818,0.941,0,1
2025-11-25T17:25:24.624388Z,mmtc,uesimtun2,527191,8791,698920,13038,1.037,0,1
2025-11-25T17:25:24.874407Z,embb,uesimtun0,531292,8770,718092,13497,25.430,0,1
2025-11-25T17:25:24.874407Z,urllc,uesimtun1,448132,8120,523288,8821,1.009,0,1
2025-11-25T17:25:24.874407Z,mmtc,uesimtun2,527356,8794,699164,13043,0.913,0,1
2025-11-25T17:25:25.124232Z,embb,uesimtun0,531457,8773,718336,13502,1.371,0,1
2025-11-25T17:25:25.124232Z,urllc,uesimtun1,448272,8123,523452,8824,1.014,0,1
2025-11-25T17:25:25.124232Z,mmtc,uesimtun2,527521,8797,699408,13048,0.966,0,1
2025-11-25T17:25:25.374917Z,embb,uesimtun0,531622,8776,718580,13507,1.281,0,1
2025-11-25T17:25:25.374917Z,urllc,uesimtun1,448412,8126,523616,8827,1.118,0,1
2025-11-25T17:25:25.374917Z,mmtc,uesimtun2,527686,8800,699652,13053,0.958,0,1
2025-11-25T17:25:25.625212Z,embb,uesimtun0,531787,8779,718824,13512,1.264,0,1
2025-11-25T17:25:25.625212Z,urllc,uesimtun1,448552,8129,523780,8830,0.992,0,1
2025-11-25T17:25:25.625212Z,mmtc,uesimtun2,527851,8803,699896,13058,0.981,0,1
2025-11-25T17:25:25.874332Z,embb,uesimtun0,531952,8782,719068,13517,52.561,0,1
2025-11-25T17:25:25.874332Z,urllc,uesimtun1,448692,8132,523944,8833,,1,1
2025-11-25T17:25:25.874332Z,mmtc,uesimtun2,528016,8806,700140,13063,0.920,0,1
2025-11-25T17:25:26.124462Z,embb,uesimtun0,532117,8785,719312,13522,1.359,0,1
2025-11-25T17:25:26.124462Z,urllc,uesimtun1,448732,8133,524004,8834,,1,1
2025-11-25T17:25:26.124462Z,mmtc,uesimtun2,528181,8809,700384,13068,0.953,0,1
2025-11-25T17:25:26.374517Z,embb,uesimtun0,532282,8788,719556,13527,1.287,0,1
2025-11-25T17:25:26.374517Z,urllc,uesimtun1,448772,8134,524064,8835,0.946,0,1
2025-11-25T17:25:26.374517Z,mmtc,uesimtun2,528346,8812,700628,13073,0.936,0,1
2025-11-25T17:25:26.624652Z,embb,uesimtun0,532447,8791,719800,13532,1.165,0,1
2025-11-25T17:25:26.624652Z,urllc,uesimtun1,448912,8137,524228,8838,0.935,0,1
2025-11-25T17:25:26.624652Z,mmtc,uesimtun2,528511,8815,700872,13078,0.948,0,1
2025-11-25T17:25:26.874284Z,embb,uesimtun0,532612,8794,720044,13537,22.676,0,1
2025-11-25T17:25:26.874284Z,urllc,uesimtun1,449052,8140,524392,8841,1.035,0,1
2025-11-25T17:25:26.874284Z,mmtc,uesimtun2,528676,8818,701116,13083,,1,1
2025-11-25T17:25:27.124833Z,embb,uesimtun0,532777,8797,720288,13542,1.420,0,1
2025-11-25T17:25:27.124833Z,urllc,uesimtun1,449217,8143,524636,8846,1.077,0,1
2025-11-25T17:25:27.124833Z,mmtc,uesimtun2,528716,8819,701176,13084,0.887,0,1
2025-11-25T17:25:27.375054Z,embb,uesimtun0,532942,8800,720532,13547,1.398,0,1
2025-11-25T17:25:27.375054Z,urllc,uesimtun1,449357,8146,524800,8849,1.014,0,1
2025-11-25T17:25:27.375054Z,mmtc,uesimtun2,528881,8822,701420,13089,0.909,0,1
2025-11-25T17:25:27.624522Z,embb,uesimtun0,533107,8803,720776,13552,1.222,0,1
2025-11-25T17:25:27.624522Z,urllc,uesimtun1,449497,8149,524964,8852,0.942,0,1
2025-11-25T17:25:27.624522Z,mmtc,uesimtun2,529046,8825,701664,13094,1.016,0,1
2025-11-25T17:25:27.875251Z,embb,uesimtun0,533272,8806,721020,13557,22.009,0,1
2025-11-25T17:25:27.875251Z,urllc,uesimtun1,449637,8152,525128,8855,0.888,0,1
2025-11-25T17:25:27.875251Z,mmtc,uesimtun2,529211,8828,701908,13099,0.928,0,1
2025-11-25T17:25:28.124445Z,embb,uesimtun0,533437,8809,721264,13562,1.273,0,1
2025-11-25T17:25:28.124445Z,urllc,uesimtun1,449777,8155,525292,8858,1.034,0,1
2025-11-25T17:25:28.124445Z,mmtc,uesimtun2,529376,8831,702152,13104,1.021,0,1
2025-11-25T17:25:28.374426Z,embb,uesimtun0,533602,8812,721508,13567,1.313,0,1
2025-11-25T17:25:28.374426Z,urllc,uesimtun1,449917,8158,525456,8861,1.042,0,1
2025-11-25T17:25:28.374426Z,mmtc,uesimtun2,529541,8834,702396,13109,0.895,0,1
2025-11-25T17:25:28.624049Z,embb,uesimtun0,533767,8815,721752,13572,1.271,0,1
2025-11-25T17:25:28.624049Z,urllc,uesimtun1,450057,8161,525620,8864,1.010,0,1
2025-11-25T17:25:28.624049Z,mmtc,uesimtun2,529706,8837,702640,13114,0.957,0,1
2025-11-25T17:25:28.874896Z,embb,uesimtun0,533932,8818,721996,13577,21.676,0,1
2025-11-25T17:25:28.874896Z,urllc,uesimtun1,450197,8164,525784,8867,3.058,0,1
2025-11-25T17:25:28.874896Z,mmtc,uesimtun2,529871,8840,702884,13119,1.093,0,1
2025-11-25T17:25:29.124844Z,embb,uesimtun0,534097,8821,722240,13582,1.294,0,1
2025-11-25T17:25:29.124844Z,urllc,uesimtun1,450362,8167,526028,8872,0.896,0,1
2025-11-25T17:25:29.124844Z,mmtc,uesimtun2,530036,8843,703128,13124,1.017,0,1
2025-11-25T17:25:29.374470Z,embb,uesimtun0,534262,8824,722484,13587,1.264,0,1
2025-11-25T17:25:29.374470Z,urllc,uesimtun1,450502,8170,526192,8875,0.935,0,1
2025-11-25T17:25:29.374470Z,mmtc,uesimtun2,530201,8846,703372,13129,1.081,0,1
2025-11-25T17:25:29.624804Z,embb,uesimtun0,534427,8827,722728,13592,1.198,0,1
2025-11-25T17:25:29.624804Z,urllc,uesimtun1,450642,8173,526356,8878,0.956,0,1
2025-11-25T17:25:29.624804Z,mmtc,uesimtun2,530366,8849,703616,13134,1.085,0,1
2025-11-25T17:25:29.874569Z,embb,uesimtun0,534592,8830,722972,13597,23.446,0,1
2025-11-25T17:25:29.874569Z,urllc,uesimtun1,450782,8176,526520,8881,,1,1
2025-11-25T17:25:29.874569Z,mmtc,uesimtun2,530531,8852,703860,13139,0.955,0,1
2025-11-25T17:25:30.125230Z,embb,uesimtun0,534757,8833,723216,13602,1.408,0,1
2025-11-25T17:25:30.125230Z,urllc,uesimtun1,450822,8177,526580,8882,1.016,0,1
2025-11-25T17:25:30.125230Z,mmtc,uesimtun2,530696,8855,704104,13144,0.999,0,1
2025-11-25T17:25:30.374983Z,embb,uesimtun0,534922,8836,723460,13607,1.267,0,1
2025-11-25T17:25:30.374983Z,urllc,uesimtun1,450962,8180,526744,8885,0.971,0,1
2025-11-25T17:25:30.374983Z,mmtc,uesimtun2,530861,8858,704348,13149,0.911,0,1
2025-11-25T17:25:30.624830Z,embb,uesimtun0,535087,8839,723704,13612,1.250,0,1
2025-11-25T17:25:30.624830Z,urllc,uesimtun1,451102,8183,526908,8888,1.016,0,1
2025-11-25T17:25:30.624830Z,mmtc,uesimtun2,531078,8862,704592,13154,1.006,0,1
2025-11-25T17:25:30.878151Z,embb,uesimtun0,535252,8842,723948,13617,12.900,0,1
2025-11-25T17:25:30.878151Z,urllc,uesimtun1,451242,8186,527072,8891,,1,1
2025-11-25T17:25:30.878151Z,mmtc,uesimtun2,531243,8865,704836,13159,0.920,0,1
2025-11-25T17:25:31.124759Z,embb,uesimtun0,535417,8845,724192,13622,1.255,0,1
2025-11-25T17:25:31.124759Z,urllc,uesimtun1,451282,8187,527132,8892,0.994,0,1
2025-11-25T17:25:31.124759Z,mmtc,uesimtun2,531408,8868,705080,13164,1.014,0,1
2025-11-25T17:25:31.374489Z,embb,uesimtun0,535582,8848,724436,13627,1.280,0,1
2025-11-25T17:25:31.374489Z,urllc,uesimtun1,451422,8190,527296,8895,1.089,0,1
2025-11-25T17:25:31.374489Z,mmtc,uesimtun2,531573,8871,705324,13169,1.087,0,1
2025-11-25T17:25:31.624430Z,embb,uesimtun0,535747,8851,724680,13632,1.207,0,1
2025-11-25T17:25:31.624430Z,urllc,uesimtun1,451587,8193,527540,8900,0.928,0,1
2025-11-25T17:25:31.624430Z,mmtc,uesimtun2,531738,8874,705568,13174,0.963,0,1
2025-11-25T17:25:31.874475Z,embb,uesimtun0,535912,8854,724924,13637,32.540,0,1
2025-11-25T17:25:31.874475Z,urllc,uesimtun1,451727,8196,527704,8903,,1,1
2025-11-25T17:25:31.874475Z,mmtc,uesimtun2,531903,8877,705812,13179,0.999,0,1
2025-11-25T17:25:32.124506Z,embb,uesimtun0,536077,8857,725168,13642,1.253,0,1
2025-11-25T17:25:32.124506Z,urllc,uesimtun1,451767,8197,527764,8904,,1,1
2025-11-25T17:25:32.124506Z,mmtc,uesimtun2,532068,8880,706056,13184,0.932,0,1
2025-11-25T17:25:32.374047Z,embb,uesimtun0,536242,8860,725412,13647,1.299,0,1
2025-11-25T17:25:32.374047Z,urllc,uesimtun1,451807,8198,527824,8905,,1,1
2025-11-25T17:25:32.374047Z,mmtc,uesimtun2,532233,8883,706300,13189,0.963,0,1
2025-11-25T17:25:32.625229Z,embb,uesimtun0,536407,8863,725656,13652,1.307,0,1
2025-11-25T17:25:32.625229Z,urllc,uesimtun1,451847,8199,527884,8906,1.034,0,1
2025-11-25T17:25:32.625229Z,mmtc,uesimtun2,532398,8886,706544,13194,0.941,0,1
2025-11-25T17:25:32.874344Z,embb,uesimtun0,536572,8866,725900,13657,22.091,0,1
2025-11-25T17:25:32.874344Z,urllc,uesimtun1,452012,8202,528128,8911,0.935,0,1
2025-11-25T17:25:32.874344Z,mmtc,uesimtun2,532538,8889,706708,13197,0.969,0,1
2025-11-25T17:25:33.124878Z,embb,uesimtun0,536737,8869,726144,13662,1.305,0,1
2025-11-25T17:25:33.124878Z,urllc,uesimtun1,452152,8205,528292,8914,,1,1
2025-11-25T17:25:33.124878Z,mmtc,uesimtun2,532703,8892,706952,13202,0.981,0,1
2025-11-25T17:25:33.374448Z,embb,uesimtun0,536902,8872,726388,13667,1.287,0,1
2025-11-25T17:25:33.374448Z,urllc,uesimtun1,452192,8206,528352,8915,4.627,0,1
2025-11-25T17:25:33.374448Z,mmtc,uesimtun2,532920,8896,707196,13207,0.962,0,1
2025-11-25T17:25:33.624394Z,embb,uesimtun0,537067,8875,726632,13672,1.247,0,1
2025-11-25T17:25:33.624394Z,urllc,uesimtun1,452332,8209,528516,8918,0.970,0,1
2025-11-25T17:25:33.624394Z,mmtc,uesimtun2,533085,8899,707440,13212,0.988,0,1
2025-11-25T17:25:33.874552Z,embb,uesimtun0,537232,8878,726876,13677,42.328,0,1
2025-11-25T17:25:33.874552Z,urllc,uesimtun1,452472,8212,528680,8921,1.050,0,1
2025-11-25T17:25:33.874552Z,mmtc,uesimtun2,533250,8902,707684,13217,0.954,0,1
2025-11-25T17:25:34.124802Z,embb,uesimtun0,537397,8881,727120,13682,1.211,0,1
2025-11-25T17:25:34.124802Z,urllc,uesimtun1,452612,8215,528844,8924,0.953,0,1
2025-11-25T17:25:34.124802Z,mmtc,uesimtun2,533415,8905,707928,13222,1.050,0,1
2025-11-25T17:25:34.374417Z,embb,uesimtun0,537562,8884,727364,13687,1.396,0,1
2025-11-25T17:25:34.374417Z,urllc,uesimtun1,452752,8218,529008,8927,0.923,0,1
2025-11-25T17:25:34.374417Z,mmtc,uesimtun2,533580,8908,708172,13227,1.070,0,1
2025-11-25T17:25:34.624407Z,embb,uesimtun0,537727,8887,727608,13692,1.296,0,1
2025-11-25T17:25:34.624407Z,urllc,uesimtun1,452892,8221,529172,8930,1.008,0,1
2025-11-25T17:25:34.624407Z,mmtc,uesimtun2,533745,8911,708416,13232,0.989,0,1
2025-11-25T17:25:34.874545Z,embb,uesimtun0,537892,8890,727852,13697,22.258,0,1
2025-11-25T17:25:34.874545Z,urllc,uesimtun1,453032,8224,529336,8933,,1,1
2025-11-25T17:25:34.874545Z,mmtc,uesimtun2,533910,8914,708660,13237,0.955,0,1
2025-11-25T17:25:35.124302Z,embb,uesimtun0,538057,8893,728096,13702,1.369,0,1
2025-11-25T17:25:35.124302Z,urllc,uesimtun1,453072,8225,529396,8934,1.235,0,1
2025-11-25T17:25:35.124302Z,mmtc,uesimtun2,534075,8917,708904,13242,1.098,0,1
2025-11-25T17:25:35.374754Z,embb,uesimtun0,538222,8896,728340,13707,1.246,0,1
2025-11-25T17:25:35.374754Z,urllc,uesimtun1,453237,8228,529640,8939,,1,1
2025-11-25T17:25:35.374754Z,mmtc,uesimtun2,534240,8920,709148,13247,0.988,0,1
2025-11-25T17:25:35.624346Z,embb,uesimtun0,538387,8899,728584,13712,1.259,0,1
2025-11-25T17:25:35.624346Z,urllc,uesimtun1,453277,8229,529700,8940,0.998,0,1
2025-11-25T17:25:35.624346Z,mmtc,uesimtun2,534405,8923,709392,13252,0.954,0,1
2025-11-25T17:25:35.874625Z,embb,uesimtun0,538552,8902,728828,13717,22.358,0,1
2025-11-25T17:25:35.874625Z,urllc,uesimtun1,453417,8232,529864,8943,0.964,0,1
2025-11-25T17:25:35.874625Z,mmtc,uesimtun2,534570,8926,709636,13257,0.966,0,1
2025-11-25T17:25:36.124737Z,embb,uesimtun0,538717,8905,729072,13722,1.277,0,1
2025-11-25T17:25:36.124737Z,urllc,uesimtun1,453582,8235,530108,8948,1.009,0,1
2025-11-25T17:25:36.124737Z,mmtc,uesimtun2,534710,8929,709800,13260,0.908,0,1
2025-11-25T17:25:36.374459Z,embb,uesimtun0,538882,8908,729316,13727,1.426,0,1
2025-11-25T17:25:36.374459Z,urllc,uesimtun1,453722,8238,530272,8951,1.023,0,1
2025-11-25T17:25:36.374459Z,mmtc,uesimtun2,534875,8932,710044,13265,1.218,0,1
2025-11-25T17:25:36.624609Z,embb,uesimtun0,539047,8911,729560,13732,1.299,0,1
2025-11-25T17:25:36.624609Z,urllc,uesimtun1,453862,8241,530436,8954,0.998,0,1
2025-11-25T17:25:36.624609Z,mmtc,uesimtun2,535040,8935,710288,13270,1.106,0,1
2025-11-25T17:25:36.875127Z,embb,uesimtun0,539212,8914,729804,13737,21.648,0,1
2025-11-25T17:25:36.875127Z,urllc,uesimtun1,454002,8244,530600,8957,0.936,0,1
2025-11-25T17:25:36.875127Z,mmtc,uesimtun2,535205,8938,710532,13275,1.035,0,1
2025-11-25T17:25:37.124886Z,embb,uesimtun0,539377,8917,730048,13742,1.241,0,1
2025-11-25T17:25:37.124886Z,urllc,uesimtun1,454142,8247,530764,8960,,1,1
2025-11-25T17:25:37.124886Z,mmtc,uesimtun2,535370,8941,710776,13280,4.540,0,1
2025-11-25T17:25:37.374974Z,embb,uesimtun0,539542,8920,730292,13747,1.294,0,1
2025-11-25T17:25:37.374974Z,urllc,uesimtun1,454182,8248,530824,8961,1.083,0,1
2025-11-25T17:25:37.374974Z,mmtc,uesimtun2,535535,8944,711020,13285,1.061,0,1
2025-11-25T17:25:37.624308Z,embb,uesimtun0,539707,8923,730536,13752,1.252,0,1
2025-11-25T17:25:37.624308Z,urllc,uesimtun1,454322,8251,530988,8964,0.968,0,1
2025-11-25T17:25:37.624308Z,mmtc,uesimtun2,535700,8947,711264,13290,1.173,0,1
2025-11-25T17:25:37.874540Z,embb,uesimtun0,539872,8926,730780,13757,35.722,0,1
2025-11-25T17:25:37.874540Z,urllc,uesimtun1,454462,8254,531152,8967,1.028,0,1
2025-11-25T17:25:37.874540Z,mmtc,uesimtun2,535865,8950,711508,13295,0.967,0,1
2025-11-25T17:25:38.124603Z,embb,uesimtun0,540037,8929,731024,13762,1.250,0,1
2025-11-25T17:25:38.124603Z,urllc,uesimtun1,454602,8257,531316,8970,0.916,0,1
2025-11-25T17:25:38.124603Z,mmtc,uesimtun2,536030,8953,711752,13300,0.949,0,1
2025-11-25T17:25:38.374810Z,embb,uesimtun0,540202,8932,731268,13767,1.305,0,1
2025-11-25T17:25:38.374810Z,urllc,uesimtun1,454742,8260,531480,8973,0.960,0,1
2025-11-25T17:25:38.374810Z,mmtc,uesimtun2,536195,8956,711996,13305,1.067,0,1
2025-11-25T17:25:38.624591Z,embb,uesimtun0,540367,8935,731512,13772,1.233,0,1
2025-11-25T17:25:38.624591Z,urllc,uesimtun1,454882,8263,531644,8976,1.083,0,1
2025-11-25T17:25:38.624591Z,mmtc,uesimtun2,536360,8959,712240,13310,0.998,0,1
2025-11-25T17:25:38.874672Z,embb,uesimtun0,540532,8938,731756,13777,25.080,0,1
2025-11-25T17:25:38.874672Z,urllc,uesimtun1,455022,8266,531808,8979,,1,1
2025-11-25T17:25:38.874672Z,mmtc,uesimtun2,536525,8962,712484,13315,0.971,0,1
2025-11-25T17:25:39.124965Z,embb,uesimtun0,540697,8941,732000,13782,1.229,0,1
2025-11-25T17:25:39.124965Z,urllc,uesimtun1,455062,8267,531868,8980,0.926,0,1
2025-11-25T17:25:39.124965Z,mmtc,uesimtun2,536690,8965,712728,13320,0.921,0,1
2025-11-25T17:25:39.374372Z,embb,uesimtun0,540862,8944,732244,13787,1.368,0,1
2025-11-25T17:25:39.374372Z,urllc,uesimtun1,455202,8270,532032,8983,1.020,0,1
2025-11-25T17:25:39.374372Z,mmtc,uesimtun2,536855,8968,712972,13325,0.933,0,1
2025-11-25T17:25:39.624903Z,embb,uesimtun0,541027,8947,732488,13792,1.266,0,1
2025-11-25T17:25:39.624903Z,urllc,uesimtun1,455342,8273,532196,8986,0.994,0,1
2025-11-25T17:25:39.624903Z,mmtc,uesimtun2,537020,8971,713216,13330,0.840,0,1
2025-11-25T17:25:39.874356Z,embb,uesimtun0,541192,8950,732732,13797,25.573,0,1
2025-11-25T17:25:39.874356Z,urllc,uesimtun1,455482,8276,532360,8989,1.129,0,1
2025-11-25T17:25:39.874356Z,mmtc,uesimtun2,537185,8974,713460,13335,,1,1
2025-11-25T17:25:40.124886Z,embb,uesimtun0,541357,8953,732976,13802,1.262,0,1
2025-11-25T17:25:40.124886Z,urllc,uesimtun1,455647,8279,532604,8994,,1,1
2025-11-25T17:25:40.124886Z,mmtc,uesimtun2,537225,8975,713520,13336,0.961,0,1
2025-11-25T17:25:40.374340Z,embb,uesimtun0,541522,8956,733220,13807,1.289,0,1
2025-11-25T17:25:40.374340Z,urllc,uesimtun1,455687,8280,532664,8995,1.010,0,1
2025-11-25T17:25:40.374340Z,mmtc,uesimtun2,537390,8978,713764,13341,0.955,0,1
2025-11-25T17:25:40.624499Z,embb,uesimtun0,541687,8959,733464,13812,1.207,0,1
2025-11-25T17:25:40.624499Z,urllc,uesimtun1,455827,8283,532828,8998,0.918,0,1
2025-11-25T17:25:40.624499Z,mmtc,uesimtun2,537555,8981,714008,13346,0.844,0,1
2025-11-25T17:25:40.874368Z,embb,uesimtun0,541852,8962,733708,13817,21.091,0,1
2025-11-25T17:25:40.874368Z,urllc,uesimtun1,455967,8286,532992,9001,1.019,0,1
2025-11-25T17:25:40.874368Z,mmtc,uesimtun2,537720,8984,714252,13351,1.023,0,1
2025-11-25T17:25:41.124294Z,embb,uesimtun0,542017,8965,733952,13822,1.295,0,1
2025-11-25T17:25:41.124294Z,urllc,uesimtun1,456107,8289,533156,9004,,1,1
2025-11-25T17:25:41.124294Z,mmtc,uesimtun2,537885,8987,714496,13356,0.998,0,1
2025-11-25T17:25:41.374163Z,embb,uesimtun0,542182,8968,734196,13827,1.307,0,1
2025-11-25T17:25:41.374163Z,urllc,uesimtun1,456147,8290,533216,9005,1.033,0,1
2025-11-25T17:25:41.374163Z,mmtc,uesimtun2,538050,8990,714740,13361,0.987,0,1
2025-11-25T17:25:41.624308Z,embb,uesimtun0,542347,8971,734440,13832,1.293,0,1
2025-11-25T17:25:41.624308Z,urllc,uesimtun1,456287,8293,533380,9008,1.076,0,1
2025-11-25T17:25:41.624308Z,mmtc,uesimtun2,538215,8993,714984,13366,,1,1
2025-11-25T17:25:41.874591Z,embb,uesimtun0,542512,8974,734684,13837,35.567,0,1
2025-11-25T17:25:41.874591Z,urllc,uesimtun1,456452,8296,533624,9013,1.040,0,1
2025-11-25T17:25:41.874591Z,mmtc,uesimtun2,538255,8994,715044,13367,0.970,0,1
2025-11-25T17:25:42.124609Z,embb,uesimtun0,542677,8977,734928,13842,1.233,0,1
2025-11-25T17:25:42.124609Z,urllc,uesimtun1,456592,8299,533788,9016,1.046,0,1
2025-11-25T17:25:42.124609Z,mmtc,uesimtun2,538420,8997,715288,13372,1.100,0,1
2025-11-25T17:25:42.374476Z,embb,uesimtun0,542842,8980,735172,13847,1.271,0,1
2025-11-25T17:25:42.374476Z,urllc,uesimtun1,456732,8302,533952,9019,1.022,0,1
2025-11-25T17:25:42.374476Z,mmtc,uesimtun2,538585,9000,715532,13377,1.183,0,1
2025-11-25T17:25:42.624590Z,embb,uesimtun0,543007,8983,735416,13852,1.215,0,1
2025-11-25T17:25:42.624590Z,urllc,uesimtun1,456872,8305,534116,9022,,1,1
2025-11-25T17:25:42.624590Z,mmtc,uesimtun2,538750,9003,715776,13382,1.013,0,1
2025-11-25T17:25:42.874310Z,embb,uesimtun0,543172,8986,735660,13857,25.346,0,1
2025-11-25T17:25:42.874310Z,urllc,uesimtun1,456912,8306,534176,9023,,1,1
2025-11-25T17:25:42.874310Z,mmtc,uesimtun2,538915,9006,716020,13387,4.963,0,1
2025-11-25T17:25:43.124997Z,embb,uesimtun0,543337,8989,735904,13862,1.226,0,1
2025-11-25T17:25:43.124997Z,urllc,uesimtun1,456952,8307,534236,9024,1.010,0,1
2025-11-25T17:25:43.124997Z,mmtc,uesimtun2,539080,9009,716264,13392,1.067,0,1
2025-11-25T17:25:43.374481Z,embb,uesimtun0,543502,8992,736148,13867,1.318,0,1
2025-11-25T17:25:43.374481Z,urllc,uesimtun1,457092,8310,534400,9027,1.057,0,1
2025-11-25T17:25:43.374481Z,mmtc,uesimtun2,539245,9012,716508,13397,0.987,0,1
2025-11-25T17:25:43.625086Z,embb,uesimtun0,543667,8995,736392,13872,1.228,0,1
2025-11-25T17:25:43.625086Z,urllc,uesimtun1,457232,8313,534564,9030,0.948,0,1
2025-11-25T17:25:43.625086Z,mmtc,uesimtun2,539410,9015,716752,13402,1.006,0,1
2025-11-25T17:25:43.874801Z,embb,uesimtun0,543832,8998,736636,13877,25.239,0,1
2025-11-25T17:25:43.874801Z,urllc,uesimtun1,457372,8316,534728,9033,,1,1
2025-11-25T17:25:43.874801Z,mmtc,uesimtun2,539575,9018,716996,13407,1.065,0,1
2025-11-25T17:25:44.124710Z,embb,uesimtun0,543997,9001,736880,13882,1.384,0,1
2025-11-25T17:25:44.124710Z,urllc,uesimtun1,457412,8317,534788,9034,,1,1
2025-11-25T17:25:44.124710Z,mmtc,uesimtun2,539740,9021,717240,13412,0.959,0,1
2025-11-25T17:25:44.374991Z,embb,uesimtun0,544162,9004,737124,13887,1.369,0,1
2025-11-25T17:25:44.374991Z,urllc,uesimtun1,457452,8318,534848,9035,1.029,0,1
2025-11-25T17:25:44.374991Z,mmtc,uesimtun2,539905,9024,717484,13417,1.070,0,1
2025-11-25T17:25:44.624566Z,embb,uesimtun0,544379,9008,737368,13892,1.307,0,1
2025-11-25T17:25:44.624566Z,urllc,uesimtun1,457592,8321,535012,9038,,1,1
2025-11-25T17:25:44.624566Z,mmtc,uesimtun2,540070,9027,717728,13422,0.965,0,1
2025-11-25T17:25:44.874550Z,embb,uesimtun0,544544,9011,737612,13897,24.699,0,1
2025-11-25T17:25:44.874550Z,urllc,uesimtun1,457632,8322,535072,9039,,1,1
2025-11-25T17:25:44.874550Z,mmtc,uesimtun2,540235,9030,717972,13427,0.942,0,1
2025-11-25T17:25:45.124363Z,embb,uesimtun0,544709,9014,737856,13902,1.254,0,1
2025-11-25T17:25:45.124363Z,urllc,uesimtun1,457672,8323,535132,9040,0.968,0,1
2025-11-25T17:25:45.124363Z,mmtc,uesimtun2,540400,9033,718216,13432,1.093,0,1
2025-11-25T17:25:45.374998Z,embb,uesimtun0,544874,9017,738100,13907,1.406,0,1
2025-11-25T17:25:45.374998Z,urllc,uesimtun1,457812,8326,535296,9043,,1,1
2025-11-25T17:25:45.374998Z,mmtc,uesimtun2,540565,9036,718460,13437,5.138,0,1
2025-11-25T17:25:45.624796Z,embb,uesimtun0,545039,9020,738344,13912,1.202,0,1
2025-11-25T17:25:45.624796Z,urllc,uesimtun1,457852,8327,535356,9044,0.997,0,1
2025-11-25T17:25:45.624796Z,mmtc,uesimtun2,540730,9039,718704,13442,1.051,0,1
2025-11-25T17:25:45.874595Z,embb,uesimtun0,545204,9023,738588,13917,25.208,0,1
2025-11-25T17:25:45.874595Z,urllc,uesimtun1,457992,8330,535520,9047,0.889,0,1
2025-11-25T17:25:45.874595Z,mmtc,uesimtun2,540895,9042,718948,13447,0.971,0,1
2025-11-25T17:25:46.124250Z,embb,uesimtun0,545369,9026,738832,13922,1.324,0,1
2025-11-25T17:25:46.124250Z,urllc,uesimtun1,458132,8333,535684,9050,0.870,0,1
2025-11-25T17:25:46.124250Z,mmtc,uesimtun2,541060,9045,719192,13452,1.117,0,1
2025-11-25T17:25:46.374408Z,embb,uesimtun0,545534,9029,739076,13927,1.318,0,1
2025-11-25T17:25:46.374408Z,urllc,uesimtun1,458272,8336,535848,9053,0.997,0,1
2025-11-25T17:25:46.374408Z,mmtc,uesimtun2,541225,9048,719436,13457,0.897,0,1
2025-11-25T17:25:46.624735Z,embb,uesimtun0,545699,9032,739320,13932,1.312,0,1
2025-11-25T17:25:46.624735Z,urllc,uesimtun1,458412,8339,536012,9056,0.890,0,1
2025-11-25T17:25:46.624735Z,mmtc,uesimtun2,541390,9051,719680,13462,0.966,0,1
2025-11-25T17:25:46.874435Z,embb,uesimtun0,545864,9035,739564,13937,25.429,0,1
2025-11-25T17:25:46.874435Z,urllc,uesimtun1,458552,8342,536176,9059,,1,1
2025-11-25T17:25:46.874435Z,mmtc,uesimtun2,541555,9054,719924,13467,0.977,0,1
2025-11-25T17:25:47.124806Z,embb,uesimtun0,546029,9038,739808,13942,1.225,0,1
2025-11-25T17:25:47.124806Z,urllc,uesimtun1,458592,8343,536236,9060,0.987,0,1
2025-11-25T17:25:47.124806Z,mmtc,uesimtun2,541720,9057,720168,13472,0.932,0,1
2025-11-25T17:25:47.374795Z,embb,uesimtun0,546194,9041,740052,13947,1.274,0,1
2025-11-25T17:25:47.374795Z,urllc,uesimtun1,458732,8346,536400,9063,0.914,0,1
2025-11-25T17:25:47.374795Z,mmtc,uesimtun2,541885,9060,720412,13477,0.870,0,1
2025-11-25T17:25:47.624709Z,embb,uesimtun0,546359,9044,740296,13952,1.222,0,1
2025-11-25T17:25:47.624709Z,urllc,uesimtun1,458872,8349,536564,9066,0.907,0,1
2025-11-25T17:25:47.624709Z,mmtc,uesimtun2,542050,9063,720656,13482,0.902,0,1
2025-11-25T17:25:47.874553Z,embb,uesimtun0,546524,9047,740540,13957,35.888,0,1
2025-11-25T17:25:47.874553Z,urllc,uesimtun1,459012,8352,536728,9069,0.956,0,1
2025-11-25T17:25:47.874553Z,mmtc,uesimtun2,542215,9066,720900,13487,1.056,0,1
2025-11-25T17:25:48.125153Z,embb,uesimtun0,546689,9050,740784,13962,1.315,0,1
2025-11-25T17:25:48.125153Z,urllc,uesimtun1,459152,8355,536892,9072,1.006,0,1
2025-11-25T17:25:48.125153Z,mmtc,uesimtun2,542380,9069,721144,13492,0.958,0,1
2025-11-25T17:25:48.374273Z,embb,uesimtun0,546854,9053,741028,13967,1.289,0,1
2025-11-25T17:25:48.374273Z,urllc,uesimtun1,459292,8358,537056,9075,1.135,0,1
2025-11-25T17:25:48.374273Z,mmtc,uesimtun2,542545,9072,721388,13497,1.070,0,1
2025-11-25T17:25:48.624501Z,embb,uesimtun0,547019,9056,741272,13972,1.245,0,1
2025-11-25T17:25:48.624501Z,urllc,uesimtun1,459457,8361,537300,9080,1.029,0,1
2025-11-25T17:25:48.624501Z,mmtc,uesimtun2,542710,9075,721632,13502,0.864,0,1
2025-11-25T17:25:48.874460Z,embb,uesimtun0,547184,9059,741516,13977,38.038,0,1
2025-11-25T17:25:48.874460Z,urllc,uesimtun1,459597,8364,537464,9083,1.046,0,1
2025-11-25T17:25:48.874460Z,mmtc,uesimtun2,542875,9078,721876,13507,1.115,0,1
2025-11-25T17:25:49.124986Z,embb,uesimtun0,547349,9062,741760,13982,1.194,0,1
2025-11-25T17:25:49.124986Z,urllc,uesimtun1,459737,8367,537628,9086,1.043,0,1
2025-11-25T17:25:49.124986Z,mmtc,uesimtun2,543040,9081,722120,13512,1.012,0,1
2025-11-25T17:25:49.374654Z,embb,uesimtun0,547514,9065,742004,13987,1.330,0,1
2025-11-25T17:25:49.374654Z,urllc,uesimtun1,459877,8370,537792,9089,1.122,0,1
2025-11-25T17:25:49.374654Z,mmtc,uesimtun2,543205,9084,722364,13517,1.029,0,1
2025-11-25T17:25:49.625138Z,embb,uesimtun0,547679,9068,742248,13992,1.327,0,1
2025-11-25T17:25:49.625138Z,urllc,uesimtun1,460042,8373,538036,9094,1.043,0,1
2025-11-25T17:25:49.625138Z,mmtc,uesimtun2,543345,9087,722528,13520,1.020,0,1
2025-11-25T17:25:49.874267Z,embb,uesimtun0,547844,9071,742492,13997,55.219,0,1
2025-11-25T17:25:49.874267Z,urllc,uesimtun1,460182,8376,538200,9097,1.009,0,1
2025-11-25T17:25:49.874267Z,mmtc,uesimtun2,543510,9090,722772,13525,0.971,0,1
2025-11-25T17:25:50.124264Z,embb,uesimtun0,548009,9074,742736,14002,1.234,0,1
2025-11-25T17:25:50.124264Z,urllc,uesimtun1,460322,8379,538364,9100,,1,1
2025-11-25T17:25:50.124264Z,mmtc,uesimtun2,543675,9093,723016,13530,0.949,0,1
2025-11-25T17:25:50.374903Z,embb,uesimtun0,548174,9077,742980,14007,1.374,0,1
2025-11-25T17:25:50.374903Z,urllc,uesimtun1,460362,8380,538424,9101,1.213,0,1
2025-11-25T17:25:50.374903Z,mmtc,uesimtun2,543840,9096,723260,13535,1.135,0,1
2025-11-25T17:25:50.624662Z,embb,uesimtun0,548339,9080,743224,14012,1.184,0,1
2025-11-25T17:25:50.624662Z,urllc,uesimtun1,460502,8383,538588,9104,0.947,0,1
2025-11-25T17:25:50.624662Z,mmtc,uesimtun2,544005,9099,723504,13540,0.939,0,1
2025-11-25T17:25:50.874461Z,embb,uesimtun0,548504,9083,743468,14017,45.096,0,1
2025-11-25T17:25:50.874461Z,urllc,uesimtun1,460642,8386,538752,9107,0.996,0,1
2025-11-25T17:25:50.874461Z,mmtc,uesimtun2,544170,9102,723748,13545,0.985,0,1
2025-11-25T17:25:51.124326Z,embb,uesimtun0,548669,9086,743712,14022,1.320,0,1
2025-11-25T17:25:51.124326Z,urllc,uesimtun1,460782,8389,538916,9110,0.992,0,1
2025-11-25T17:25:51.124326Z,mmtc,uesimtun2,544335,9105,723992,13550,0.948,0,1
2025-11-25T17:25:51.374434Z,embb,uesimtun0,548834,9089,743956,14027,1.644,0,1
2025-11-25T17:25:51.374434Z,urllc,uesimtun1,460922,8392,539080,9113,0.895,0,1
2025-11-25T17:25:51.374434Z,mmtc,uesimtun2,544500,9108,724236,13555,1.825,0,1
2025-11-25T17:25:51.625254Z,embb,uesimtun0,548999,9092,744200,14032,1.273,0,1
2025-11-25T17:25:51.625254Z,urllc,uesimtun1,461062,8395,539244,9116,,1,1
2025-11-25T17:25:51.625254Z,mmtc,uesimtun2,544665,9111,724480,13560,0.912,0,1
2025-11-25T17:25:51.874678Z,embb,uesimtun0,549164,9095,744444,14037,45.086,0,1
2025-11-25T17:25:51.874678Z,urllc,uesimtun1,461102,8396,539304,9117,0.994,0,1
2025-11-25T17:25:51.874678Z,mmtc,uesimtun2,544830,9114,724724,13565,1.077,0,1
2025-11-25T17:25:52.124419Z,embb,uesimtun0,549329,9098,744688,14042,1.245,0,1
2025-11-25T17:25:52.124419Z,urllc,uesimtun1,461242,8399,539468,9120,0.972,0,1
2025-11-25T17:25:52.124419Z,mmtc,uesimtun2,544995,9117,724968,13570,1.021,0,1
2025-11-25T17:25:52.374746Z,embb,uesimtun0,549494,9101,744932,14047,1.159,0,1
2025-11-25T17:25:52.374746Z,urllc,uesimtun1,461382,8402,539632,9123,0.960,0,1
2025-11-25T17:25:52.374746Z,mmtc,uesimtun2,545160,9120,725212,13575,0.999,0,1
2025-11-25T17:25:52.624954Z,embb,uesimtun0,549659,9104,745176,14052,1.427,0,1
2025-11-25T17:25:52.624954Z,urllc,uesimtun1,461522,8405,539796,9126,1.012,0,1
2025-11-25T17:25:52.624954Z,mmtc,uesimtun2,545325,9123,725456,13580,1.030,0,1
2025-11-25T17:25:52.874570Z,embb,uesimtun0,549824,9107,745420,14057,45.820,0,1
2025-11-25T17:25:52.874570Z,urllc,uesimtun1,461662,8408,539960,9129,,1,1
2025-11-25T17:25:52.874570Z,mmtc,uesimtun2,545490,9126,725700,13585,0.987,0,1
2025-11-25T17:25:53.124860Z,embb,uesimtun0,549989,9110,745664,14062,1.234,0,1
2025-11-25T17:25:53.124860Z,urllc,uesimtun1,461702,8409,540020,9130,,1,1
2025-11-25T17:25:53.124860Z,mmtc,uesimtun2,545655,9129,725944,13590,1.036,0,1
2025-11-25T17:25:53.375148Z,embb,uesimtun0,550154,9113,745908,14067,1.281,0,1
2025-11-25T17:25:53.375148Z,urllc,uesimtun1,461742,8410,540080,9131,1.008,0,1
2025-11-25T17:25:53.375148Z,mmtc,uesimtun2,545820,9132,726188,13595,0.891,0,1
2025-11-25T17:25:53.624813Z,embb,uesimtun0,550319,9116,746152,14072,1.451,0,1
2025-11-25T17:25:53.624813Z,urllc,uesimtun1,461882,8413,540244,9134,,1,1
2025-11-25T17:25:53.624813Z,mmtc,uesimtun2,545985,9135,726432,13600,1.076,0,1
2025-11-25T17:25:53.874518Z,embb,uesimtun0,550484,9119,746396,14077,45.335,0,1
2025-11-25T17:25:53.874518Z,urllc,uesimtun1,461922,8414,540304,9135,,1,1
2025-11-25T17:25:53.874518Z,mmtc,uesimtun2,546150,9138,726676,13605,0.986,0,1
2025-11-25T17:25:54.124399Z,embb,uesimtun0,550649,9122,746640,14082,1.331,0,1
2025-11-25T17:25:54.124399Z,urllc,uesimtun1,461962,8415,540364,9136,0.934,0,1
2025-11-25T17:25:54.124399Z,mmtc,uesimtun2,546315,9141,726920,13610,1.004,0,1
2025-11-25T17:25:54.374308Z,embb,uesimtun0,550814,9125,746884,14087,1.314,0,1
2025-11-25T17:25:54.374308Z,urllc,uesimtun1,462102,8418,540528,9139,1.058,0,1
2025-11-25T17:25:54.374308Z,mmtc,uesimtun2,546480,9144,727164,13615,1.026,0,1
2025-11-25T17:25:54.624687Z,embb,uesimtun0,550979,9128,747128,14092,1.250,0,1
2025-11-25T17:25:54.624687Z,urllc,uesimtun1,462242,8421,540692,9142,0.949,0,1
2025-11-25T17:25:54.624687Z,mmtc,uesimtun2,546645,9147,727408,13620,0.996,0,1
2025-11-25T17:25:54.874399Z,embb,uesimtun0,551144,9131,747372,14097,45.201,0,1
2025-11-25T17:25:54.874399Z,urllc,uesimtun1,462382,8424,540856,9145,,1,1
2025-11-25T17:25:54.874399Z,mmtc,uesimtun2,546810,9150,727652,13625,0.979,0,1
2025-11-25T17:25:55.124642Z,embb,uesimtun0,551309,9134,747616,14102,1.191,0,1
2025-11-25T17:25:55.124642Z,urllc,uesimtun1,462422,8425,540916,9146,0.923,0,1
2025-11-25T17:25:55.124642Z,mmtc,uesimtun2,546975,9153,727896,13630,0.926,0,1
2025-11-25T17:25:55.374724Z,embb,uesimtun0,551474,9137,747860,14107,1.297,0,1
2025-11-25T17:25:55.374724Z,urllc,uesimtun1,462562,8428,541080,9149,,1,1
2025-11-25T17:25:55.374724Z,mmtc,uesimtun2,547140,9156,728140,13635,0.978,0,1
2025-11-25T17:25:55.624355Z,embb,uesimtun0,551639,9140,748104,14112,1.281,0,1
2025-11-25T17:25:55.624355Z,urllc,uesimtun1,462602,8429,541140,9150,,1,1
2025-11-25T17:25:55.624355Z,mmtc,uesimtun2,547305,9159,728384,13640,1.016,0,1
2025-11-25T17:25:55.874267Z,embb,uesimtun0,551804,9143,748348,14117,25.784,0,1
2025-11-25T17:25:55.874267Z,urllc,uesimtun1,462642,8430,541200,9151,0.948,0,1
2025-11-25T17:25:55.874267Z,mmtc,uesimtun2,547470,9162,728628,13645,1.027,0,1
2025-11-25T17:25:56.124420Z,embb,uesimtun0,551969,9146,748592,14122,1.276,0,1
2025-11-25T17:25:56.124420Z,urllc,uesimtun1,462782,8433,541364,9154,1.012,0,1
2025-11-25T17:25:56.124420Z,mmtc,uesimtun2,547635,9165,728872,13650,1.013,0,1
2025-11-25T17:25:56.374816Z,embb,uesimtun0,552134,9149,748836,14127,1.252,0,1
2025-11-25T17:25:56.374816Z,urllc,uesimtun1,462947,8436,541608,9159,0.955,0,1
2025-11-25T17:25:56.374816Z,mmtc,uesimtun2,547775,9168,729036,13653,0.903,0,1
2025-11-25T17:25:56.624750Z,embb,uesimtun0,552299,9152,749080,14132,1.275,0,1
2025-11-25T17:25:56.624750Z,urllc,uesimtun1,463087,8439,541772,9162,0.974,0,1
2025-11-25T17:25:56.624750Z,mmtc,uesimtun2,547940,9171,729280,13658,1.035,0,1
2025-11-25T17:25:56.875108Z,embb,uesimtun0,552464,9155,749324,14137,44.595,0,1
2025-11-25T17:25:56.875108Z,urllc,uesimtun1,463227,8442,541936,9165,0.999,0,1
2025-11-25T17:25:56.875108Z,mmtc,uesimtun2,548105,9174,729524,13663,0.957,0,1
2025-11-25T17:25:57.124680Z,embb,uesimtun0,552629,9158,749568,14142,1.264,0,1
2025-11-25T17:25:57.124680Z,urllc,uesimtun1,463367,8445,542100,9168,0.975,0,1
2025-11-25T17:25:57.124680Z,mmtc,uesimtun2,548270,9177,729768,13668,0.954,0,1
2025-11-25T17:25:57.374660Z,embb,uesimtun0,552794,9161,749812,14147,1.334,0,1
2025-11-25T17:25:57.374660Z,urllc,uesimtun1,463507,8448,542264,9171,0.988,0,1
2025-11-25T17:25:57.374660Z,mmtc,uesimtun2,548435,9180,730012,13673,0.926,0,1
2025-11-25T17:25:57.625041Z,embb,uesimtun0,552959,9164,750056,14152,1.324,0,1
2025-11-25T17:25:57.625041Z,urllc,uesimtun1,463647,8451,542428,9174,1.017,0,1
2025-11-25T17:25:57.625041Z,mmtc,uesimtun2,548600,9183,730256,13678,1.020,0,1
2025-11-25T17:25:57.875250Z,embb,uesimtun0,553124,9167,750300,14157,44.785,0,1
2025-11-25T17:25:57.875250Z,urllc,uesimtun1,463787,8454,542592,9177,0.980,0,1
2025-11-25T17:25:57.875250Z,mmtc,uesimtun2,548765,9186,730500,13683,1.077,0,1
2025-11-25T17:25:58.124824Z,embb,uesimtun0,553289,9170,750544,14162,1.208,0,1
2025-11-25T17:25:58.124824Z,urllc,uesimtun1,463927,8457,542756,9180,0.892,0,1
2025-11-25T17:25:58.124824Z,mmtc,uesimtun2,548930,9189,730744,13688,1.114,0,1
2025-11-25T17:25:58.374927Z,embb,uesimtun0,553454,9173,750788,14167,1.260,0,1
2025-11-25T17:25:58.374927Z,urllc,uesimtun1,464067,8460,542920,9183,1.018,0,1
2025-11-25T17:25:58.374927Z,mmtc,uesimtun2,549095,9192,730988,13693,0.922,0,1
2025-11-25T17:25:58.624805Z,embb,uesimtun0,553619,9176,751032,14172,1.277,0,1
2025-11-25T17:25:58.624805Z,urllc,uesimtun1,464207,8463,543084,9186,0.953,0,1
2025-11-25T17:25:58.624805Z,mmtc,uesimtun2,549260,9195,731232,13698,0.978,0,1
2025-11-25T17:25:58.874368Z,embb,uesimtun0,553784,9179,751276,14177,35.547,0,1
2025-11-25T17:25:58.874368Z,urllc,uesimtun1,464347,8466,543248,9189,,1,1
2025-11-25T17:25:58.874368Z,mmtc,uesimtun2,549425,9198,731476,13703,0.966,0,1
2025-11-25T17:25:59.124257Z,embb,uesimtun0,553949,9182,751520,14182,1.308,0,1
2025-11-25T17:25:59.124257Z,urllc,uesimtun1,464387,8467,543308,9190,0.921,0,1
2025-11-25T17:25:59.124257Z,mmtc,uesimtun2,549590,9201,731720,13708,0.922,0,1
2025-11-25T17:25:59.374668Z,embb,uesimtun0,554114,9185,751764,14187,1.286,0,1
2025-11-25T17:25:59.374668Z,urllc,uesimtun1,464527,8470,543472,9193,0.980,0,1
2025-11-25T17:25:59.374668Z,mmtc,uesimtun2,549755,9204,731964,13713,0.990,0,1
2025-11-25T17:25:59.624615Z,embb,uesimtun0,554279,9188,752008,14192,1.334,0,1
2025-11-25T17:25:59.624615Z,urllc,uesimtun1,464667,8473,543636,9196,0.993,0,1
2025-11-25T17:25:59.624615Z,mmtc,uesimtun2,549920,9207,732208,13718,0.807,0,1
2025-11-25T17:25:59.874512Z,embb,uesimtun0,554444,9191,752252,14197,25.806,0,1
2025-11-25T17:25:59.874512Z,urllc,uesimtun1,464807,8476,543800,9199,1.126,0,1
2025-11-25T17:25:59.874512Z,mmtc,uesimtun2,550085,9210,732452,13723,0.935,0,1
2025-11-25T17:26:00.124297Z,embb,uesimtun0,554609,9194,752496,14202,1.371,0,1
2025-11-25T17:26:00.124297Z,urllc,uesimtun1,464947,8479,543964,9202,0.957,0,1
2025-11-25T17:26:00.124297Z,mmtc,uesimtun2,550250,9213,732696,13728,0.918,0,1
2025-11-25T17:26:00.374433Z,embb,uesimtun0,554774,9197,752740,14207,1.306,0,1
2025-11-25T17:26:00.374433Z,urllc,uesimtun1,465087,8482,544128,9205,0.995,0,1
2025-11-25T17:26:00.374433Z,mmtc,uesimtun2,550415,9216,732940,13733,1.070,0,1
2025-11-25T17:26:00.624354Z,embb,uesimtun0,554939,9200,752984,14212,1.539,0,1
2025-11-25T17:26:00.624354Z,urllc,uesimtun1,465227,8485,544292,9208,1.068,0,1
2025-11-25T17:26:00.624354Z,mmtc,uesimtun2,550580,9219,733184,13738,1.187,0,1
2025-11-25T17:26:00.874412Z,embb,uesimtun0,555104,9203,753228,14217,25.782,0,1
2025-11-25T17:26:00.874412Z,urllc,uesimtun1,465367,8488,544456,9211,0.980,0,1
2025-11-25T17:26:00.874412Z,mmtc,uesimtun2,550797,9223,733428,13743,0.855,0,1
2025-11-25T17:26:01.124928Z,embb,uesimtun0,555269,9206,753472,14222,1.233,0,1
2025-11-25T17:26:01.124928Z,urllc,uesimtun1,465507,8491,544620,9214,1.165,0,1
2025-11-25T17:26:01.124928Z,mmtc,uesimtun2,550962,9226,733672,13748,1.126,0,1
2025-11-25T17:26:01.374774Z,embb,uesimtun0,555434,9209,753716,14227,1.261,0,1
2025-11-25T17:26:01.374774Z,urllc,uesimtun1,465672,8494,544864,9219,1.021,0,1
2025-11-25T17:26:01.374774Z,mmtc,uesimtun2,551102,9229,733836,13751,0.902,0,1
2025-11-25T17:26:01.624342Z,embb,uesimtun0,555599,9212,753960,14232,1.403,0,1
2025-11-25T17:26:01.624342Z,urllc,uesimtun1,465812,8497,545028,9222,1.057,0,1
2025-11-25T17:26:01.624342Z,mmtc,uesimtun2,551267,9232,734080,13756,1.000,0,1
2025-11-25T17:26:01.874685Z,embb,uesimtun0,555764,9215,754204,14237,45.280,0,1
2025-11-25T17:26:01.874685Z,urllc,uesimtun1,465977,8500,545272,9227,1.081,0,1
2025-11-25T17:26:01.874685Z,mmtc,uesimtun2,551407,9235,734244,13759,0.905,0,1
2025-11-25T17:26:02.124317Z,embb,uesimtun0,555929,9218,754448,14242,1.352,0,1
2025-11-25T17:26:02.124317Z,urllc,uesimtun1,466117,8503,545436,9230,1.074,0,1
2025-11-25T17:26:02.124317Z,mmtc,uesimtun2,551572,9238,734488,13764,1.052,0,1
2025-11-25T17:26:02.374576Z,embb,uesimtun0,556094,9221,754692,14247,1.293,0,1
2025-11-25T17:26:02.374576Z,urllc,uesimtun1,466282,8506,545680,9235,0.949,0,1
2025-11-25T17:26:02.374576Z,mmtc,uesimtun2,551737,9241,734732,13769,0.960,0,1
2025-11-25T17:26:02.624639Z,embb,uesimtun0,556259,9224,754936,14252,1.335,0,1
2025-11-25T17:26:02.624639Z,urllc,uesimtun1,466422,8509,545844,9238,1.043,0,1
2025-11-25T17:26:02.624639Z,mmtc,uesimtun2,551902,9244,734976,13774,1.078,0,1
2025-11-25T17:26:02.874509Z,embb,uesimtun0,556424,9227,755180,14257,45.595,0,1
2025-11-25T17:26:02.874509Z,urllc,uesimtun1,466562,8512,546008,9241,1.044,0,1
2025-11-25T17:26:02.874509Z,mmtc,uesimtun2,552067,9247,735220,13779,0.989,0,1
2025-11-25T17:26:03.124273Z,embb,uesimtun0,556589,9230,755424,14262,1.315,0,1
2025-11-25T17:26:03.124273Z,urllc,uesimtun1,466702,8515,546172,9244,1.068,0,1
2025-11-25T17:26:03.124273Z,mmtc,uesimtun2,552232,9250,735464,13784,1.008,0,1
2025-11-25T17:26:03.374600Z,embb,uesimtun0,556754,9233,755668,14267,1.327,0,1
2025-11-25T17:26:03.374600Z,urllc,uesimtun1,466842,8518,546336,9247,1.003,0,1
2025-11-25T17:26:03.374600Z,mmtc,uesimtun2,552397,9253,735708,13789,0.971,0,1
2025-11-25T17:26:03.624791Z,embb,uesimtun0,556919,9236,755912,14272,1.328,0,1
2025-11-25T17:26:03.624791Z,urllc,uesimtun1,466982,8521,546500,9250,,1,1
2025-11-25T17:26:03.624791Z,mmtc,uesimtun2,552562,9256,735952,13794,1.078,0,1
2025-11-25T17:26:03.874450Z,embb,uesimtun0,557084,9239,756156,14277,45.521,0,1
2025-11-25T17:26:03.874450Z,urllc,uesimtun1,467022,8522,546560,9251,,1,1
2025-11-25T17:26:03.874450Z,mmtc,uesimtun2,552727,9259,736196,13799,1.047,0,1
2025-11-25T17:26:04.124909Z,embb,uesimtun0,557249,9242,756400,14282,1.348,0,1
2025-11-25T17:26:04.124909Z,urllc,uesimtun1,467062,8523,546620,9252,1.022,0,1
2025-11-25T17:26:04.124909Z,mmtc,uesimtun2,552892,9262,736440,13804,0.954,0,1
2025-11-25T17:26:04.374771Z,embb,uesimtun0,557414,9245,756644,14287,1.338,0,1
2025-11-25T17:26:04.374771Z,urllc,uesimtun1,467202,8526,546784,9255,1.030,0,1
2025-11-25T17:26:04.374771Z,mmtc,uesimtun2,553057,9265,736684,13809,0.968,0,1
2025-11-25T17:26:04.624892Z,embb,uesimtun0,557579,9248,756888,14292,1.231,0,1
2025-11-25T17:26:04.624892Z,urllc,uesimtun1,467367,8529,547028,9260,1.120,0,1
2025-11-25T17:26:04.624892Z,mmtc,uesimtun2,553222,9268,736928,13814,1.089,0,1
2025-11-25T17:26:04.874287Z,embb,uesimtun0,557744,9251,757132,14297,115.358,0,1
2025-11-25T17:26:04.874287Z,urllc,uesimtun1,467532,8532,547272,9265,0.926,0,1
2025-11-25T17:26:04.874287Z,mmtc,uesimtun2,553362,9271,737092,13817,1.028,0,1
2025-11-25T17:26:05.124587Z,embb,uesimtun0,557909,9254,757376,14302,1.262,0,1
2025-11-25T17:26:05.124587Z,urllc,uesimtun1,467672,8535,547436,9268,1.032,0,1
2025-11-25T17:26:05.124587Z,mmtc,uesimtun2,553527,9274,737336,13822,0.985,0,1
2025-11-25T17:26:05.374668Z,embb,uesimtun0,558074,9257,757620,14307,1.227,0,1
2025-11-25T17:26:05.374668Z,urllc,uesimtun1,467812,8538,547600,9271,1.041,0,1
2025-11-25T17:26:05.374668Z,mmtc,uesimtun2,553692,9277,737580,13827,0.954,0,1
2025-11-25T17:26:05.624972Z,embb,uesimtun0,558239,9260,757864,14312,1.257,0,1
2025-11-25T17:26:05.624972Z,urllc,uesimtun1,467952,8541,547764,9274,0.960,0,1
2025-11-25T17:26:05.624972Z,mmtc,uesimtun2,553857,9280,737824,13832,0.823,0,1
2025-11-25T17:26:05.874303Z,embb,uesimtun0,558404,9263,758108,14317,45.857,0,1
2025-11-25T17:26:05.874303Z,urllc,uesimtun1,468092,8544,547928,9277,0.973,0,1
2025-11-25T17:26:05.874303Z,mmtc,uesimtun2,554022,9283,738068,13837,0.926,0,1
2025-11-25T17:26:06.124894Z,embb,uesimtun0,558569,9266,758352,14322,1.292,0,1
2025-11-25T17:26:06.124894Z,urllc,uesimtun1,468232,8547,548092,9280,1.031,0,1
2025-11-25T17:26:06.124894Z,mmtc,uesimtun2,554187,9286,738312,13842,1.065,0,1
2025-11-25T17:26:06.374361Z,embb,uesimtun0,558734,9269,758596,14327,1.297,0,1
2025-11-25T17:26:06.374361Z,urllc,uesimtun1,468372,8550,548256,9283,0.933,0,1
2025-11-25T17:26:06.374361Z,mmtc,uesimtun2,554352,9289,738556,13847,1.552,0,1
2025-11-25T17:26:06.624729Z,embb,uesimtun0,558899,9272,758840,14332,1.271,0,1
2025-11-25T17:26:06.624729Z,urllc,uesimtun1,468512,8553,548420,9286,1.165,0,1
2025-11-25T17:26:06.624729Z,mmtc,uesimtun2,554517,9292,738800,13852,0.939,0,1
2025-11-25T17:26:06.874726Z,embb,uesimtun0,559064,9275,759084,14337,44.771,0,1
2025-11-25T17:26:06.874726Z,urllc,uesimtun1,468652,8556,548584,9289,1.101,0,1
2025-11-25T17:26:06.874726Z,mmtc,uesimtun2,554682,9295,739044,13857,0.960,0,1
2025-11-25T17:26:07.124503Z,embb,uesimtun0,559229,9278,759328,14342,1.362,0,1
2025-11-25T17:26:07.124503Z,urllc,uesimtun1,468792,8559,548748,9292,1.021,0,1
2025-11-25T17:26:07.124503Z,mmtc,uesimtun2,554847,9298,739288,13862,1.024,0,1
2025-11-25T17:26:07.374309Z,embb,uesimtun0,559394,9281,759572,14347,1.295,0,1
2025-11-25T17:26:07.374309Z,urllc,uesimtun1,468932,8562,548912,9295,0.976,0,1
2025-11-25T17:26:07.374309Z,mmtc,uesimtun2,555012,9301,739532,13867,0.810,0,1
2025-11-25T17:26:07.624506Z,embb,uesimtun0,559559,9284,759816,14352,1.264,0,1
2025-11-25T17:26:07.624506Z,urllc,uesimtun1,469072,8565,549076,9298,0.898,0,1
2025-11-25T17:26:07.624506Z,mmtc,uesimtun2,555177,9304,739776,13872,6.099,0,1
2025-11-25T17:26:07.874593Z,embb,uesimtun0,559724,9287,760060,14357,45.374,0,1
2025-11-25T17:26:07.874593Z,urllc,uesimtun1,469212,8568,549240,9301,0.989,0,1
2025-11-25T17:26:07.874593Z,mmtc,uesimtun2,555342,9307,740020,13877,0.790,0,1
2025-11-25T17:26:08.124714Z,embb,uesimtun0,559889,9290,760304,14362,1.253,0,1
2025-11-25T17:26:08.124714Z,urllc,uesimtun1,469352,8571,549404,9304,1.034,0,1
2025-11-25T17:26:08.124714Z,mmtc,uesimtun2,555507,9310,740264,13882,0.918,0,1
2025-11-25T17:26:08.374051Z,embb,uesimtun0,560054,9293,760548,14367,1.435,0,1
2025-11-25T17:26:08.374051Z,urllc,uesimtun1,469492,8574,549568,9307,0.862,0,1
2025-11-25T17:26:08.374051Z,mmtc,uesimtun2,555672,9313,740508,13887,0.901,0,1
2025-11-25T17:26:08.624710Z,embb,uesimtun0,560219,9296,760792,14372,1.462,0,1
2025-11-25T17:26:08.624710Z,urllc,uesimtun1,469632,8577,549732,9310,0.918,0,1
2025-11-25T17:26:08.624710Z,mmtc,uesimtun2,555837,9316,740752,13892,1.038,0,1
2025-11-25T17:26:08.874596Z,embb,uesimtun0,560384,9299,761036,14377,34.817,0,1
2025-11-25T17:26:08.874596Z,urllc,uesimtun1,469772,8580,549896,9313,,1,1
2025-11-25T17:26:08.874596Z,mmtc,uesimtun2,556002,9319,740996,13897,1.003,0,1
2025-11-25T17:26:09.125236Z,embb,uesimtun0,560549,9302,761280,14382,1.350,0,1
2025-11-25T17:26:09.125236Z,urllc,uesimtun1,469812,8581,549956,9314,0.948,0,1
2025-11-25T17:26:09.125236Z,mmtc,uesimtun2,556167,9322,741240,13902,1.014,0,1
2025-11-25T17:26:09.374377Z,embb,uesimtun0,560714,9305,761524,14387,1.294,0,1
2025-11-25T17:26:09.374377Z,urllc,uesimtun1,469952,8584,550120,9317,1.043,0,1
2025-11-25T17:26:09.374377Z,mmtc,uesimtun2,556332,9325,741484,13907,1.196,0,1
2025-11-25T17:26:09.624426Z,embb,uesimtun0,560879,9308,761768,14392,1.425,0,1
2025-11-25T17:26:09.624426Z,urllc,uesimtun1,470092,8587,550284,9320,0.894,0,1
2025-11-25T17:26:09.624426Z,mmtc,uesimtun2,556497,9328,741728,13912,0.956,0,1
2025-11-25T17:26:09.874742Z,embb,uesimtun0,561044,9311,762012,14397,44.935,0,1
2025-11-25T17:26:09.874742Z,urllc,uesimtun1,470232,8590,550448,9323,0.970,0,1
2025-11-25T17:26:09.874742Z,mmtc,uesimtun2,556662,9331,741972,13917,1.010,0,1
2025-11-25T17:26:10.125174Z,embb,uesimtun0,561209,9314,762256,14402,1.462,0,1
2025-11-25T17:26:10.125174Z,urllc,uesimtun1,470372,8593,550612,9326,1.037,0,1
2025-11-25T17:26:10.125174Z,mmtc,uesimtun2,556827,9334,742216,13922,1.403,0,1
2025-11-25T17:26:10.374484Z,embb,uesimtun0,561374,9317,762500,14407,1.428,0,1
2025-11-25T17:26:10.374484Z,urllc,uesimtun1,470512,8596,550776,9329,1.073,0,1
2025-11-25T17:26:10.374484Z,mmtc,uesimtun2,556992,9337,742460,13927,0.968,0,1
2025-11-25T17:26:10.624257Z,embb,uesimtun0,561539,9320,762744,14412,1.407,0,1
2025-11-25T17:26:10.624257Z,urllc,uesimtun1,470652,8599,550940,9332,0.949,0,1
2025-11-25T17:26:10.624257Z,mmtc,uesimtun2,557209,9341,742704,13932,0.884,0,1
2025-11-25T17:26:10.874563Z,embb,uesimtun0,561704,9323,762988,14417,44.755,0,1
2025-11-25T17:26:10.874563Z,urllc,uesimtun1,470792,8602,551104,9335,,1,1
2025-11-25T17:26:10.874563Z,mmtc,uesimtun2,557374,9344,742948,13937,6.188,0,1
2025-11-25T17:26:11.124858Z,embb,uesimtun0,561869,9326,763232,14422,3.596,0,1
2025-11-25T17:26:11.124858Z,urllc,uesimtun1,470832,8603,551164,9336,1.663,0,1
2025-11-25T17:26:11.124858Z,mmtc,uesimtun2,557539,9347,743192,13942,0.983,0,1
2025-11-25T17:26:11.374315Z,embb,uesimtun0,562034,9329,763476,14427,1.610,0,1
2025-11-25T17:26:11.374315Z,urllc,uesimtun1,470972,8606,551328,9339,,1,1
2025-11-25T17:26:11.374315Z,mmtc,uesimtun2,557704,9350,743436,13947,1.015,0,1
2025-11-25T17:26:11.624312Z,embb,uesimtun0,562199,9332,763720,14432,1.560,0,1
2025-11-25T17:26:11.624312Z,urllc,uesimtun1,471012,8607,551388,9340,1.038,0,1
2025-11-25T17:26:11.624312Z,mmtc,uesimtun2,557869,9353,743680,13952,4.996,0,1
2025-11-25T17:26:11.874985Z,embb,uesimtun0,562364,9335,763964,14437,44.750,0,1
2025-11-25T17:26:11.874985Z,urllc,uesimtun1,471152,8610,551552,9343,1.406,0,1
2025-11-25T17:26:11.874985Z,mmtc,uesimtun2,558034,9356,743924,13957,0.970,0,1
2025-11-25T17:26:12.124261Z,embb,uesimtun0,562529,9338,764208,14442,1.301,0,1
2025-11-25T17:26:12.124261Z,urllc,uesimtun1,471317,8613,551796,9348,0.982,0,1
2025-11-25T17:26:12.124261Z,mmtc,uesimtun2,558199,9359,744168,13962,1.006,0,1
2025-11-25T17:26:12.374352Z,embb,uesimtun0,562694,9341,764452,14447,1.432,0,1
2025-11-25T17:26:12.374352Z,urllc,uesimtun1,471457,8616,551960,9351,1.026,0,1
2025-11-25T17:26:12.374352Z,mmtc,uesimtun2,558364,9362,744412,13967,0.987,0,1
2025-11-25T17:26:12.624883Z,embb,uesimtun0,562859,9344,764696,14452,1.439,0,1
2025-11-25T17:26:12.624883Z,urllc,uesimtun1,471597,8619,552124,9354,1.068,0,1
2025-11-25T17:26:12.624883Z,mmtc,uesimtun2,558529,9365,744656,13972,1.381,0,1
2025-11-25T17:26:12.874881Z,embb,uesimtun0,563024,9347,764940,14457,44.638,0,1
2025-11-25T17:26:12.874881Z,urllc,uesimtun1,471737,8622,552288,9357,1.004,0,1
2025-11-25T17:26:12.874881Z,mmtc,uesimtun2,558694,9368,744900,13977,1.083,0,1
2025-11-25T17:26:13.124252Z,embb,uesimtun0,563189,9350,765184,14462,1.326,0,1
2025-11-25T17:26:13.124252Z,urllc,uesimtun1,471877,8625,552452,9360,1.009,0,1
2025-11-25T17:26:13.124252Z,mmtc,uesimtun2,558859,9371,745144,13982,0.935,0,1
2025-11-25T17:26:13.374606Z,embb,uesimtun0,563354,9353,765428,14467,1.445,0,1
2025-11-25T17:26:13.374606Z,urllc,uesimtun1,472017,8628,552616,9363,0.971,0,1
2025-11-25T17:26:13.374606Z,mmtc,uesimtun2,559024,9374,745388,13987,1.187,0,1
2025-11-25T17:26:13.624048Z,embb,uesimtun0,563519,9356,765672,14472,1.550,0,1
2025-11-25T17:26:13.624048Z,urllc,uesimtun1,472157,8631,552780,9366,,1,1
2025-11-25T17:26:13.624048Z,mmtc,uesimtun2,559189,9377,745632,13992,1.074,0,1
2025-11-25T17:26:13.874339Z,embb,uesimtun0,563684,9359,765916,14477,33.098,0,1
2025-11-25T17:26:13.874339Z,urllc,uesimtun1,472197,8632,552840,9367,0.985,0,1
2025-11-25T17:26:13.874339Z,mmtc,uesimtun2,559354,9380,745876,13997,1.030,0,1
2025-11-25T17:26:14.124968Z,embb,uesimtun0,563849,9362,766160,14482,1.341,0,1
2025-11-25T17:26:14.124968Z,urllc,uesimtun1,472362,8635,553084,9372,1.065,0,1
2025-11-25T17:26:14.124968Z,mmtc,uesimtun2,559494,9383,746040,14000,0.995,0,1
2025-11-25T17:26:14.374395Z,embb,uesimtun0,564014,9365,766404,14487,1.236,0,1
2025-11-25T17:26:14.374395Z,urllc,uesimtun1,472502,8638,553248,9375,0.966,0,1
2025-11-25T17:26:14.374395Z,mmtc,uesimtun2,559659,9386,746284,14005,0.999,0,1
2025-11-25T17:26:14.624390Z,embb,uesimtun0,564179,9368,766648,14492,1.436,0,1
2025-11-25T17:26:14.624390Z,urllc,uesimtun1,472642,8641,553412,9378,1.045,0,1
2025-11-25T17:26:14.624390Z,mmtc,uesimtun2,559824,9389,746528,14010,1.153,0,1
2025-11-25T17:26:14.880913Z,embb,uesimtun0,564344,9371,766892,14497,23.924,0,1
2025-11-25T17:26:14.880913Z,urllc,uesimtun1,472782,8644,553576,9381,1.153,0,1
2025-11-25T17:26:14.880913Z,mmtc,uesimtun2,560041,9393,746772,14015,1.185,0,1
2025-11-25T17:26:15.124467Z,embb,uesimtun0,564509,9374,767136,14502,1.545,0,1
2025-11-25T17:26:15.124467Z,urllc,uesimtun1,472947,8647,553820,9386,1.143,0,1
2025-11-25T17:26:15.124467Z,mmtc,uesimtun2,560181,9396,746936,14018,1.127,0,1
2025-11-25T17:26:15.374550Z,embb,uesimtun0,564674,9377,767380,14507,1.565,0,1
2025-11-25T17:26:15.374550Z,urllc,uesimtun1,473164,8651,554064,9391,0.993,0,1
2025-11-25T17:26:15.374550Z,mmtc,uesimtun2,560346,9399,747180,14023,1.058,0,1
2025-11-25T17:26:15.624370Z,embb,uesimtun0,564839,9380,767624,14512,3.215,0,1
2025-11-25T17:26:15.624370Z,urllc,uesimtun1,473329,8654,554308,9396,1.461,0,1
2025-11-25T17:26:15.624370Z,mmtc,uesimtun2,560486,9402,747344,14026,0.998,0,1
2025-11-25T17:26:15.874494Z,embb,uesimtun0,565004,9383,767868,14517,35.533,0,1
2025-11-25T17:26:15.874494Z,urllc,uesimtun1,473469,8657,554472,9399,1.101,0,1
2025-11-25T17:26:15.874494Z,mmtc,uesimtun2,560651,9405,747588,14031,1.092,0,1
2025-11-25T17:26:16.124685Z,embb,uesimtun0,565169,9386,768112,14522,1.527,0,1
2025-11-25T17:26:16.124685Z,urllc,uesimtun1,473634,8660,554716,9404,,1,1
2025-11-25T17:26:16.124685Z,mmtc,uesimtun2,560816,9408,747832,14036,0.957,0,1
2025-11-25T17:26:16.374535Z,embb,uesimtun0,565334,9389,768356,14527,1.415,0,1
2025-11-25T17:26:16.374535Z,urllc,uesimtun1,473674,8661,554776,9405,1.136,0,1
2025-11-25T17:26:16.374535Z,mmtc,uesimtun2,560981,9411,748076,14041,1.116,0,1
2025-11-25T17:26:16.626622Z,embb,uesimtun0,565499,9392,768600,14532,1.540,0,1
2025-11-25T17:26:16.626622Z,urllc,uesimtun1,473814,8664,554940,9408,1.142,0,1
2025-11-25T17:26:16.626622Z,mmtc,uesimtun2,561146,9414,748320,14046,1.069,0,1
2025-11-25T17:26:16.874782Z,embb,uesimtun0,565664,9395,768844,14537,34.768,0,1
2025-11-25T17:26:16.874782Z,urllc,uesimtun1,473979,8667,555184,9413,1.008,0,1
2025-11-25T17:26:16.874782Z,mmtc,uesimtun2,561311,9417,748564,14051,0.842,0,1
2025-11-25T17:26:17.124462Z,embb,uesimtun0,565829,9398,769088,14542,1.530,0,1
2025-11-25T17:26:17.124462Z,urllc,uesimtun1,474119,8670,555348,9416,1.064,0,1
2025-11-25T17:26:17.124462Z,mmtc,uesimtun2,561476,9420,748808,14056,1.018,0,1
2025-11-25T17:26:17.375058Z,embb,uesimtun0,565994,9401,769332,14547,1.577,0,1
2025-11-25T17:26:17.375058Z,urllc,uesimtun1,474259,8673,555512,9419,0.915,0,1
2025-11-25T17:26:17.375058Z,mmtc,uesimtun2,561641,9423,749052,14061,1.276,0,1
2025-11-25T17:26:17.624408Z,embb,uesimtun0,566159,9404,769576,14552,1.536,0,1
2025-11-25T17:26:17.624408Z,urllc,uesimtun1,474399,8676,555676,9422,1.045,0,1
2025-11-25T17:26:17.624408Z,mmtc,uesimtun2,561806,9426,749296,14066,1.031,0,1
2025-11-25T17:26:17.874866Z,embb,uesimtun0,566324,9407,769820,14557,35.344,0,1
2025-11-25T17:26:17.874866Z,urllc,uesimtun1,474539,8679,555840,9425,0.957,0,1
2025-11-25T17:26:17.874866Z,mmtc,uesimtun2,561971,9429,749540,14071,1.088,0,1
2025-11-25T17:26:18.124554Z,embb,uesimtun0,566489,9410,770064,14562,1.493,0,1
2025-11-25T17:26:18.124554Z,urllc,uesimtun1,474679,8682,556004,9428,1.046,0,1
2025-11-25T17:26:18.124554Z,mmtc,uesimtun2,562136,9432,749784,14076,0.890,0,1
2025-11-25T17:26:18.374353Z,embb,uesimtun0,566654,9413,770308,14567,1.570,0,1
2025-11-25T17:26:18.374353Z,urllc,uesimtun1,474819,8685,556168,9431,1.086,0,1
2025-11-25T17:26:18.374353Z,mmtc,uesimtun2,562301,9435,750028,14081,1.140,0,1
2025-11-25T17:26:18.624342Z,embb,uesimtun0,566819,9416,770552,14572,1.364,0,1
2025-11-25T17:26:18.624342Z,urllc,uesimtun1,474959,8688,556332,9434,0.968,0,1
2025-11-25T17:26:18.624342Z,mmtc,uesimtun2,562466,9438,750272,14086,0.863,0,1
2025-11-25T17:26:18.874786Z,embb,uesimtun0,566984,9419,770796,14577,34.950,0,1
2025-11-25T17:26:18.874786Z,urllc,uesimtun1,475099,8691,556496,9437,1.035,0,1
2025-11-25T17:26:18.874786Z,mmtc,uesimtun2,562631,9441,750516,14091,2.866,0,1
2025-11-25T17:26:19.124676Z,embb,uesimtun0,567149,9422,771040,14582,1.270,0,1
2025-11-25T17:26:19.124676Z,urllc,uesimtun1,475239,8694,556660,9440,1.114,0,1
2025-11-25T17:26:19.124676Z,mmtc,uesimtun2,562796,9444,750760,14096,0.961,0,1
2025-11-25T17:26:19.374700Z,embb,uesimtun0,567314,9425,771284,14587,1.300,0,1
2025-11-25T17:26:19.374700Z,urllc,uesimtun1,475379,8697,556824,9443,,1,1
2025-11-25T17:26:19.374700Z,mmtc,uesimtun2,562961,9447,751004,14101,0.983,0,1
2025-11-25T17:26:19.624721Z,embb,uesimtun0,567479,9428,771528,14592,1.637,0,1
2025-11-25T17:26:19.624721Z,urllc,uesimtun1,475419,8698,556884,9444,1.045,0,1
2025-11-25T17:26:19.624721Z,mmtc,uesimtun2,563126,9450,751248,14106,0.968,0,1
2025-11-25T17:26:19.874750Z,embb,uesimtun0,567644,9431,771772,14597,48.100,0,1
2025-11-25T17:26:19.874750Z,urllc,uesimtun1,475559,8701,557048,9447,2.738,0,1
2025-11-25T17:26:19.874750Z,mmtc,uesimtun2,563291,9453,751492,14111,1.113,0,1
2025-11-25T17:26:20.124696Z,embb,uesimtun0,567809,9434,772016,14602,1.624,0,1
2025-11-25T17:26:20.124696Z,urllc,uesimtun1,475699,8704,557212,9450,,1,1
2025-11-25T17:26:20.124696Z,mmtc,uesimtun2,563456,9456,751736,14116,0.949,0,1
2025-11-25T17:26:20.374683Z,embb,uesimtun0,567974,9437,772260,14607,1.680,0,1
2025-11-25T17:26:20.374683Z,urllc,uesimtun1,475739,8705,557272,9451,,1,1
2025-11-25T17:26:20.374683Z,mmtc,uesimtun2,563621,9459,751980,14121,1.013,0,1
2025-11-25T17:26:20.624464Z,embb,uesimtun0,568139,9440,772504,14612,2.845,0,1
2025-11-25T17:26:20.624464Z,urllc,uesimtun1,475779,8706,557332,9452,1.321,0,1
2025-11-25T17:26:20.624464Z,mmtc,uesimtun2,563786,9462,752224,14126,1.029,0,1
2025-11-25T17:26:20.874714Z,embb,uesimtun0,568304,9443,772748,14617,65.461,0,1
2025-11-25T17:26:20.874714Z,urllc,uesimtun1,475919,8709,557496,9455,,1,1
2025-11-25T17:26:20.874714Z,mmtc,uesimtun2,563951,9465,752468,14131,0.905,0,1
2025-11-25T17:26:21.124721Z,embb,uesimtun0,568469,9446,772992,14622,1.605,0,1
2025-11-25T17:26:21.124721Z,urllc,uesimtun1,475959,8710,557556,9456,,1,1
2025-11-25T17:26:21.124721Z,mmtc,uesimtun2,564116,9468,752712,14136,4.706,0,1
2025-11-25T17:26:21.374147Z,embb,uesimtun0,568634,9449,773236,14627,1.745,0,1
2025-11-25T17:26:21.374147Z,urllc,uesimtun1,475999,8711,557616,9457,1.163,0,1
2025-11-25T17:26:21.374147Z,mmtc,uesimtun2,564281,9471,752956,14141,1.216,0,1
2025-11-25T17:26:21.625566Z,embb,uesimtun0,568799,9452,773480,14632,1.590,0,1
2025-11-25T17:26:21.625566Z,urllc,uesimtun1,476139,8714,557780,9460,1.366,0,1
2025-11-25T17:26:21.625566Z,mmtc,uesimtun2,564446,9474,753200,14146,1.117,0,1
2025-11-25T17:26:21.874544Z,embb,uesimtun0,568964,9455,773724,14637,40.784,0,1
2025-11-25T17:26:21.874544Z,urllc,uesimtun1,476279,8717,557944,9463,1.027,0,1
2025-11-25T17:26:21.874544Z,mmtc,uesimtun2,564611,9477,753444,14151,1.103,0,1
2025-11-25T17:26:22.125002Z,embb,uesimtun0,569129,9458,773968,14642,1.508,0,1
2025-11-25T17:26:22.125002Z,urllc,uesimtun1,476444,8720,558188,9468,0.990,0,1
2025-11-25T17:26:22.125002Z,mmtc,uesimtun2,564751,9480,753608,14154,1.002,0,1
2025-11-25T17:26:22.374307Z,embb,uesimtun0,569294,9461,774212,14647,1.624,0,1
2025-11-25T17:26:22.374307Z,urllc,uesimtun1,476584,8723,558352,9471,1.122,0,1
2025-11-25T17:26:22.374307Z,mmtc,uesimtun2,564916,9483,753852,14159,0.981,0,1
2025-11-25T17:26:22.624360Z,embb,uesimtun0,569459,9464,774456,14652,1.622,0,1
2025-11-25T17:26:22.624360Z,urllc,uesimtun1,476724,8726,558516,9474,1.145,0,1
2025-11-25T17:26:22.624360Z,mmtc,uesimtun2,565081,9486,754096,14164,4.421,0,1
2025-11-25T17:26:22.874548Z,embb,uesimtun0,569624,9467,774700,14657,49.999,0,1
2025-11-25T17:26:22.874548Z,urllc,uesimtun1,476864,8729,558680,9477,3.557,0,1
2025-11-25T17:26:22.874548Z,mmtc,uesimtun2,565246,9489,754340,14169,1.153,0,1
2025-11-25T17:26:23.124575Z,embb,uesimtun0,569789,9470,774944,14662,1.735,0,1
2025-11-25T17:26:23.124575Z,urllc,uesimtun1,477004,8732,558844,9480,3.631,0,1
2025-11-25T17:26:23.124575Z,mmtc,uesimtun2,565411,9492,754584,14174,1.030,0,1
2025-11-25T17:26:23.377676Z,embb,uesimtun0,569954,9473,775188,14667,1.587,0,1
2025-11-25T17:26:23.377676Z,urllc,uesimtun1,477144,8735,559008,9483,1.024,0,1
2025-11-25T17:26:23.377676Z,mmtc,uesimtun2,565576,9495,754828,14179,1.046,0,1
2025-11-25T17:26:23.624758Z,embb,uesimtun0,570119,9476,775432,14672,1.636,0,1
2025-11-25T17:26:23.624758Z,urllc,uesimtun1,477284,8738,559172,9486,1.240,0,1
2025-11-25T17:26:23.624758Z,mmtc,uesimtun2,565741,9498,755072,14184,1.218,0,1
2025-11-25T17:26:23.874338Z,embb,uesimtun0,570284,9479,775676,14677,46.093,0,1
2025-11-25T17:26:23.874338Z,urllc,uesimtun1,477424,8741,559336,9489,1.045,0,1
2025-11-25T17:26:23.874338Z,mmtc,uesimtun2,565906,9501,755316,14189,1.149,0,1
2025-11-25T17:26:24.124313Z,embb,uesimtun0,570449,9482,775920,14682,2.027,0,1
2025-11-25T17:26:24.124313Z,urllc,uesimtun1,477589,8744,559580,9494,1.134,0,1
2025-11-25T17:26:24.124313Z,mmtc,uesimtun2,566071,9504,755560,14194,1.046,0,1
2025-11-25T17:26:24.374562Z,embb,uesimtun0,570614,9485,776164,14687,1.518,0,1
2025-11-25T17:26:24.374562Z,urllc,uesimtun1,477754,8747,559824,9499,1.052,0,1
2025-11-25T17:26:24.374562Z,mmtc,uesimtun2,566211,9507,755724,14197,1.029,0,1
2025-11-25T17:26:24.624462Z,embb,uesimtun0,570779,9488,776408,14692,1.509,0,1
2025-11-25T17:26:24.624462Z,urllc,uesimtun1,477894,8750,559988,9502,0.928,0,1
2025-11-25T17:26:24.624462Z,mmtc,uesimtun2,566376,9510,755968,14202,1.063,0,1
2025-11-25T17:26:24.874849Z,embb,uesimtun0,570944,9491,776652,14697,34.746,0,1
2025-11-25T17:26:24.874849Z,urllc,uesimtun1,478034,8753,560152,9505,0.989,0,1
2025-11-25T17:26:24.874849Z,mmtc,uesimtun2,566541,9513,756212,14207,0.962,0,1
2025-11-25T17:26:25.125018Z,embb,uesimtun0,571109,9494,776896,14702,1.400,0,1
2025-11-25T17:26:25.125018Z,urllc,uesimtun1,478199,8756,560396,9510,0.882,0,1
2025-11-25T17:26:25.125018Z,mmtc,uesimtun2,566681,9516,756376,14210,0.997,0,1
2025-11-25T17:26:25.374336Z,embb,uesimtun0,571274,9497,777140,14707,1.561,0,1
2025-11-25T17:26:25.374336Z,urllc,uesimtun1,478339,8759,560560,9513,0.997,0,1
2025-11-25T17:26:25.374336Z,mmtc,uesimtun2,566846,9519,756620,14215,1.018,0,1
2025-11-25T17:26:25.624729Z,embb,uesimtun0,571439,9500,777384,14712,1.567,0,1
2025-11-25T17:26:25.624729Z,urllc,uesimtun1,478479,8762,560724,9516,1.126,0,1
2025-11-25T17:26:25.624729Z,mmtc,uesimtun2,567011,9522,756864,14220,0.920,0,1
2025-11-25T17:26:25.874379Z,embb,uesimtun0,571604,9503,777628,14717,45.966,0,1
2025-11-25T17:26:25.874379Z,urllc,uesimtun1,478619,8765,560888,9519,0.963,0,1
2025-11-25T17:26:25.874379Z,mmtc,uesimtun2,567176,9525,757108,14225,0.955,0,1
2025-11-25T17:26:26.124960Z,embb,uesimtun0,571769,9506,777872,14722,2.285,0,1
2025-11-25T17:26:26.124960Z,urllc,uesimtun1,478759,8768,561052,9522,1.032,0,1
2025-11-25T17:26:26.124960Z,mmtc,uesimtun2,567341,9528,757352,14230,1.048,0,1
2025-11-25T17:26:26.374753Z,embb,uesimtun0,571934,9509,778116,14727,1.453,0,1
2025-11-25T17:26:26.374753Z,urllc,uesimtun1,478899,8771,561216,9525,0.956,0,1
2025-11-25T17:26:26.374753Z,mmtc,uesimtun2,567506,9531,757596,14235,1.072,0,1
2025-11-25T17:26:26.625064Z,embb,uesimtun0,572099,9512,778360,14732,1.259,0,1
2025-11-25T17:26:26.625064Z,urllc,uesimtun1,479039,8774,561380,9528,0.968,0,1
2025-11-25T17:26:26.625064Z,mmtc,uesimtun2,567671,9534,757840,14240,1.029,0,1
2025-11-25T17:26:26.877483Z,embb,uesimtun0,572264,9515,778604,14737,32.627,0,1
2025-11-25T17:26:26.877483Z,urllc,uesimtun1,479179,8777,561544,9531,1.131,0,1
2025-11-25T17:26:26.877483Z,mmtc,uesimtun2,567836,9537,758084,14245,1.098,0,1
2025-11-25T17:26:27.124771Z,embb,uesimtun0,572429,9518,778848,14742,1.224,0,1
2025-11-25T17:26:27.124771Z,urllc,uesimtun1,479319,8780,561708,9534,0.879,0,1
2025-11-25T17:26:27.124771Z,mmtc,uesimtun2,568001,9540,758328,14250,0.989,0,1
2025-11-25T17:26:27.374547Z,embb,uesimtun0,572594,9521,779092,14747,1.274,0,1
2025-11-25T17:26:27.374547Z,urllc,uesimtun1,479459,8783,561872,9537,0.956,0,1
2025-11-25T17:26:27.374547Z,mmtc,uesimtun2,568166,9543,758572,14255,0.984,0,1
2025-11-25T17:26:27.624858Z,embb,uesimtun0,572759,9524,779336,14752,1.286,0,1
2025-11-25T17:26:27.624858Z,urllc,uesimtun1,479599,8786,562036,9540,0.982,0,1
2025-11-25T17:26:27.624858Z,mmtc,uesimtun2,568331,9546,758816,14260,0.990,0,1
2025-11-25T17:26:27.877522Z,embb,uesimtun0,572924,9527,779580,14757,32.702,0,1
2025-11-25T17:26:27.877522Z,urllc,uesimtun1,479739,8789,562200,9543,0.948,0,1
2025-11-25T17:26:27.877522Z,mmtc,uesimtun2,568496,9549,759060,14265,0.963,0,1
2025-11-25T17:26:28.124278Z,embb,uesimtun0,573089,9530,779824,14762,1.336,0,1
2025-11-25T17:26:28.124278Z,urllc,uesimtun1,479879,8792,562364,9546,0.984,0,1
2025-11-25T17:26:28.124278Z,mmtc,uesimtun2,568661,9552,759304,14270,0.972,0,1
2025-11-25T17:26:28.374993Z,embb,uesimtun0,573254,9533,780068,14767,1.502,0,1
2025-11-25T17:26:28.374993Z,urllc,uesimtun1,480019,8795,562528,9549,1.112,0,1
2025-11-25T17:26:28.374993Z,mmtc,uesimtun2,568826,9555,759548,14275,1.018,0,1
2025-11-25T17:26:28.624343Z,embb,uesimtun0,573419,9536,780312,14772,1.240,0,1
2025-11-25T17:26:28.624343Z,urllc,uesimtun1,480159,8798,562692,9552,0.975,0,1
2025-11-25T17:26:28.624343Z,mmtc,uesimtun2,568991,9558,759792,14280,0.889,0,1
2025-11-25T17:26:28.874580Z,embb,uesimtun0,573584,9539,780556,14777,104.958,0,1
2025-11-25T17:26:28.874580Z,urllc,uesimtun1,480299,8801,562856,9555,1.081,0,1
2025-11-25T17:26:28.874580Z,mmtc,uesimtun2,569156,9561,760036,14285,1.153,0,1
2025-11-25T17:26:29.124198Z,embb,uesimtun0,573749,9542,780800,14782,1.238,0,1
2025-11-25T17:26:29.124198Z,urllc,uesimtun1,480439,8804,563020,9558,0.949,0,1
2025-11-25T17:26:29.124198Z,mmtc,uesimtun2,569321,9564,760280,14290,0.930,0,1
2025-11-25T17:26:29.374536Z,embb,uesimtun0,573914,9545,781044,14787,1.256,0,1
2025-11-25T17:26:29.374536Z,urllc,uesimtun1,480579,8807,563184,9561,1.065,0,1
2025-11-25T17:26:29.374536Z,mmtc,uesimtun2,569538,9568,760524,14295,1.115,0,1
2025-11-25T17:26:29.624876Z,embb,uesimtun0,574079,9548,781288,14792,1.197,0,1
2025-11-25T17:26:29.624876Z,urllc,uesimtun1,480719,8810,563348,9564,1.114,0,1
2025-11-25T17:26:29.624876Z,mmtc,uesimtun2,569703,9571,760768,14300,,1,1
2025-11-25T17:26:29.874352Z,embb,uesimtun0,574244,9551,781532,14797,46.085,0,1
2025-11-25T17:26:29.874352Z,urllc,uesimtun1,480884,8813,563592,9569,0.997,0,1
2025-11-25T17:26:29.874352Z,mmtc,uesimtun2,569743,9572,760828,14301,0.995,0,1
2025-11-25T17:26:30.124496Z,embb,uesimtun0,574409,9554,781776,14802,1.460,0,1
2025-11-25T17:26:30.124496Z,urllc,uesimtun1,481024,8816,563756,9572,0.859,0,1
2025-11-25T17:26:30.124496Z,mmtc,uesimtun2,569908,9575,761072,14306,1.023,0,1
2025-11-25T17:26:30.374807Z,embb,uesimtun0,574574,9557,782020,14807,1.356,0,1
2025-11-25T17:26:30.374807Z,urllc,uesimtun1,481164,8819,563920,9575,0.983,0,1
2025-11-25T17:26:30.374807Z,mmtc,uesimtun2,570073,9578,761316,14311,0.922,0,1
2025-11-25T17:26:30.624316Z,embb,uesimtun0,574739,9560,782264,14812,1.378,0,1
2025-11-25T17:26:30.624316Z,urllc,uesimtun1,481304,8822,564084,9578,0.951,0,1
2025-11-25T17:26:30.624316Z,mmtc,uesimtun2,570238,9581,761560,14316,0.993,0,1
2025-11-25T17:26:30.874609Z,embb,uesimtun0,574904,9563,782508,14817,60.171,0,1
2025-11-25T17:26:30.874609Z,urllc,uesimtun1,481444,8825,564248,9581,1.014,0,1
2025-11-25T17:26:30.874609Z,mmtc,uesimtun2,570403,9584,761804,14321,1.038,0,1
2025-11-25T17:26:31.124198Z,embb,uesimtun0,575069,9566,782752,14822,1.426,0,1
2025-11-25T17:26:31.124198Z,urllc,uesimtun1,481584,8828,564412,9584,0.905,0,1
2025-11-25T17:26:31.124198Z,mmtc,uesimtun2,570568,9587,762048,14326,1.082,0,1
2025-11-25T17:26:31.374777Z,embb,uesimtun0,575234,9569,782996,14827,1.370,0,1
2025-11-25T17:26:31.374777Z,urllc,uesimtun1,481724,8831,564576,9587,,1,1
2025-11-25T17:26:31.374777Z,mmtc,uesimtun2,570733,9590,762292,14331,1.070,0,1
2025-11-25T17:26:31.624753Z,embb,uesimtun0,575399,9572,783240,14832,1.284,0,1
2025-11-25T17:26:31.624753Z,urllc,uesimtun1,481764,8832,564636,9588,0.975,0,1
2025-11-25T17:26:31.624753Z,mmtc,uesimtun2,570898,9593,762536,14336,0.899,0,1
2025-11-25T17:26:31.874178Z,embb,uesimtun0,575564,9575,783484,14837,41.184,0,1
2025-11-25T17:26:31.874178Z,urllc,uesimtun1,481904,8835,564800,9591,,1,1
2025-11-25T17:26:31.874178Z,mmtc,uesimtun2,571063,9596,762780,14341,1.009,0,1
2025-11-25T17:26:32.125175Z,embb,uesimtun0,575729,9578,783728,14842,1.378,0,1
2025-11-25T17:26:32.125175Z,urllc,uesimtun1,481944,8836,564860,9592,0.945,0,1
2025-11-25T17:26:32.125175Z,mmtc,uesimtun2,571228,9599,763024,14346,0.894,0,1
2025-11-25T17:26:32.374930Z,embb,uesimtun0,575894,9581,783972,14847,1.477,0,1
2025-11-25T17:26:32.374930Z,urllc,uesimtun1,482084,8839,565024,9595,1.022,0,1
2025-11-25T17:26:32.374930Z,mmtc,uesimtun2,571393,9602,763268,14351,0.956,0,1
2025-11-25T17:26:32.624093Z,embb,uesimtun0,576059,9584,784216,14852,1.546,0,1
2025-11-25T17:26:32.624093Z,urllc,uesimtun1,482224,8842,565188,9598,3.161,0,1
2025-11-25T17:26:32.624093Z,mmtc,uesimtun2,571558,9605,763512,14356,1.096,0,1
2025-11-25T17:26:32.875013Z,embb,uesimtun0,576224,9587,784460,14857,64.535,0,1
2025-11-25T17:26:32.875013Z,urllc,uesimtun1,482364,8845,565352,9601,,1,1
2025-11-25T17:26:32.875013Z,mmtc,uesimtun2,571723,9608,763756,14361,0.996,0,1
2025-11-25T17:26:33.124456Z,embb,uesimtun0,576389,9590,784704,14862,1.333,0,1
2025-11-25T17:26:33.124456Z,urllc,uesimtun1,482404,8846,565412,9602,0.978,0,1
2025-11-25T17:26:33.124456Z,mmtc,uesimtun2,571888,9611,764000,14366,1.049,0,1
2025-11-25T17:26:33.374385Z,embb,uesimtun0,576554,9593,784948,14867,1.563,0,1
2025-11-25T17:26:33.374385Z,urllc,uesimtun1,482544,8849,565576,9605,1.090,0,1
2025-11-25T17:26:33.374385Z,mmtc,uesimtun2,572053,9614,764244,14371,1.188,0,1
2025-11-25T17:26:33.624833Z,embb,uesimtun0,576719,9596,785192,14872,1.459,0,1
2025-11-25T17:26:33.624833Z,urllc,uesimtun1,482709,8852,565820,9610,,1,1
2025-11-25T17:26:33.624833Z,mmtc,uesimtun2,572218,9617,764488,14376,1.154,0,1
2025-11-25T17:26:33.874664Z,embb,uesimtun0,576884,9599,785436,14877,49.996,0,1
2025-11-25T17:26:33.874664Z,urllc,uesimtun1,482749,8853,565880,9611,,1,1
2025-11-25T17:26:33.874664Z,mmtc,uesimtun2,572383,9620,764732,14381,0.965,0,1
2025-11-25T17:26:34.124906Z,embb,uesimtun0,577049,9602,785680,14882,1.374,0,1
2025-11-25T17:26:34.124906Z,urllc,uesimtun1,482789,8854,565940,9612,,1,1
2025-11-25T17:26:34.124906Z,mmtc,uesimtun2,572548,9623,764976,14386,6.308,0,1
2025-11-25T17:26:34.374108Z,embb,uesimtun0,577214,9605,785924,14887,1.502,0,1
2025-11-25T17:26:34.374108Z,urllc,uesimtun1,482829,8855,566000,9613,1.077,0,1
2025-11-25T17:26:34.374108Z,mmtc,uesimtun2,572713,9626,765220,14391,0.989,0,1
2025-11-25T17:26:34.624770Z,embb,uesimtun0,577379,9608,786168,14892,1.445,0,1
2025-11-25T17:26:34.624770Z,urllc,uesimtun1,482994,8858,566244,9618,1.080,0,1
2025-11-25T17:26:34.624770Z,mmtc,uesimtun2,572878,9629,765464,14396,1.283,0,1
2025-11-25T17:26:34.874380Z,embb,uesimtun0,577544,9611,786412,14897,45.384,0,1
2025-11-25T17:26:34.874380Z,urllc,uesimtun1,483134,8861,566408,9621,1.161,0,1
2025-11-25T17:26:34.874380Z,mmtc,uesimtun2,573043,9632,765708,14401,1.312,0,1
2025-11-25T17:26:35.124312Z,embb,uesimtun0,577709,9614,786656,14902,6.559,0,1
2025-11-25T17:26:35.124312Z,urllc,uesimtun1,483299,8864,566652,9626,1.611,0,1
2025-11-25T17:26:35.124312Z,mmtc,uesimtun2,573208,9635,765952,14406,1.554,0,1
2025-11-25T17:26:35.374652Z,embb,uesimtun0,577874,9617,786900,14907,1.324,0,1
2025-11-25T17:26:35.374652Z,urllc,uesimtun1,483439,8867,566816,9629,1.056,0,1
2025-11-25T17:26:35.374652Z,mmtc,uesimtun2,573373,9638,766196,14411,1.022,0,1
2025-11-25T17:26:35.624405Z,embb,uesimtun0,578039,9620,787144,14912,1.474,0,1
2025-11-25T17:26:35.624405Z,urllc,uesimtun1,483579,8870,566980,9632,1.256,0,1
2025-11-25T17:26:35.624405Z,mmtc,uesimtun2,573538,9641,766440,14416,0.827,0,1
2025-11-25T17:26:35.874823Z,embb,uesimtun0,578204,9623,787388,14917,40.757,0,1
2025-11-25T17:26:35.874823Z,urllc,uesimtun1,483719,8873,567144,9635,,1,1
2025-11-25T17:26:35.874823Z,mmtc,uesimtun2,573703,9644,766684,14421,0.888,0,1
2025-11-25T17:26:36.124961Z,embb,uesimtun0,578369,9626,787632,14922,1.364,0,1
2025-11-25T17:26:36.124961Z,urllc,uesimtun1,483759,8874,567204,9636,0.979,0,1
2025-11-25T17:26:36.124961Z,mmtc,uesimtun2,573868,9647,766928,14426,0.997,0,1
2025-11-25T17:26:36.374280Z,embb,uesimtun0,578534,9629,787876,14927,1.195,0,1
2025-11-25T17:26:36.374280Z,urllc,uesimtun1,483899,8877,567368,9639,1.304,0,1
2025-11-25T17:26:36.374280Z,mmtc,uesimtun2,574033,9650,767172,14431,1.011,0,1
2025-11-25T17:26:36.624958Z,embb,uesimtun0,578699,9632,788120,14932,1.408,0,1
2025-11-25T17:26:36.624958Z,urllc,uesimtun1,484039,8880,567532,9642,1.056,0,1
2025-11-25T17:26:36.624958Z,mmtc,uesimtun2,574198,9653,767416,14436,1.044,0,1
2025-11-25T17:26:36.875195Z,embb,uesimtun0,578864,9635,788364,14937,104.751,0,1
2025-11-25T17:26:36.875195Z,urllc,uesimtun1,484204,8883,567776,9647,,1,1
2025-11-25T17:26:36.875195Z,mmtc,uesimtun2,574363,9656,767660,14441,0.927,0,1
2025-11-25T17:26:37.124755Z,embb,uesimtun0,579029,9638,788608,14942,1.230,0,1
2025-11-25T17:26:37.124755Z,urllc,uesimtun1,484244,8884,567836,9648,0.994,0,1
2025-11-25T17:26:37.124755Z,mmtc,uesimtun2,574528,9659,767904,14446,0.978,0,1
2025-11-25T17:26:37.374765Z,embb,uesimtun0,579194,9641,788852,14947,1.282,0,1
2025-11-25T17:26:37.374765Z,urllc,uesimtun1,484384,8887,568000,9651,0.922,0,1
2025-11-25T17:26:37.374765Z,mmtc,uesimtun2,574693,9662,768148,14451,1.022,0,1
2025-11-25T17:26:37.624373Z,embb,uesimtun0,579359,9644,789096,14952,1.314,0,1
2025-11-25T17:26:37.624373Z,urllc,uesimtun1,484524,8890,568164,9654,0.881,0,1
2025-11-25T17:26:37.624373Z,mmtc,uesimtun2,574858,9665,768392,14456,0.929,0,1
2025-11-25T17:26:37.875197Z,embb,uesimtun0,579524,9647,789340,14957,45.311,0,1
2025-11-25T17:26:37.875197Z,urllc,uesimtun1,484664,8893,568328,9657,0.980,0,1
2025-11-25T17:26:37.875197Z,mmtc,uesimtun2,575023,9668,768636,14461,0.901,0,1
2025-11-25T17:26:38.124227Z,embb,uesimtun0,579689,9650,789584,14962,1.347,0,1
2025-11-25T17:26:38.124227Z,urllc,uesimtun1,484829,8896,568572,9662,,1,1
2025-11-25T17:26:38.124227Z,mmtc,uesimtun2,575163,9671,768800,14464,0.909,0,1
2025-11-25T17:26:38.374373Z,embb,uesimtun0,579854,9653,789828,14967,1.259,0,1
2025-11-25T17:26:38.374373Z,urllc,uesimtun1,484869,8897,568632,9663,1.023,0,1
2025-11-25T17:26:38.374373Z,mmtc,uesimtun2,575328,9674,769044,14469,0.921,0,1
2025-11-25T17:26:38.624949Z,embb,uesimtun0,580019,9656,790072,14972,1.225,0,1
2025-11-25T17:26:38.624949Z,urllc,uesimtun1,485009,8900,568796,9666,1.037,0,1
2025-11-25T17:26:38.624949Z,mmtc,uesimtun2,575493,9677,769288,14474,0.869,0,1
2025-11-25T17:26:38.874501Z,embb,uesimtun0,580184,9659,790316,14977,55.002,0,1
2025-11-25T17:26:38.874501Z,urllc,uesimtun1,485149,8903,568960,9669,0.905,0,1
2025-11-25T17:26:38.874501Z,mmtc,uesimtun2,575658,9680,769532,14479,0.971,0,1
2025-11-25T17:26:39.124531Z,embb,uesimtun0,580349,9662,790560,14982,1.374,0,1
2025-11-25T17:26:39.124531Z,urllc,uesimtun1,485289,8906,569124,9672,0.845,0,1
2025-11-25T17:26:39.124531Z,mmtc,uesimtun2,575823,9683,769776,14484,0.894,0,1
2025-11-25T17:26:39.374793Z,embb,uesimtun0,580514,9665,790804,14987,1.213,0,1
2025-11-25T17:26:39.374793Z,urllc,uesimtun1,485429,8909,569288,9675,0.951,0,1
2025-11-25T17:26:39.374793Z,mmtc,uesimtun2,575988,9686,770020,14489,0.938,0,1
2025-11-25T17:26:39.625169Z,embb,uesimtun0,580679,9668,791048,14992,1.335,0,1
2025-11-25T17:26:39.625169Z,urllc,uesimtun1,485594,8912,569532,9680,0.879,0,1
2025-11-25T17:26:39.625169Z,mmtc,uesimtun2,576153,9689,770264,14494,0.938,0,1
2025-11-25T17:26:39.875176Z,embb,uesimtun0,580844,9671,791292,14997,55.059,0,1
2025-11-25T17:26:39.875176Z,urllc,uesimtun1,485734,8915,569696,9683,0.942,0,1
2025-11-25T17:26:39.875176Z,mmtc,uesimtun2,576318,9692,770508,14499,0.861,0,1
2025-11-25T17:26:40.124955Z,embb,uesimtun0,581009,9674,791536,15002,1.280,0,1
2025-11-25T17:26:40.124955Z,urllc,uesimtun1,485874,8918,569860,9686,0.973,0,1
2025-11-25T17:26:40.124955Z,mmtc,uesimtun2,576483,9695,770752,14504,0.865,0,1
2025-11-25T17:26:40.375067Z,embb,uesimtun0,581174,9677,791780,15007,1.357,0,1
2025-11-25T17:26:40.375067Z,urllc,uesimtun1,486014,8921,570024,9689,0.966,0,1
2025-11-25T17:26:40.375067Z,mmtc,uesimtun2,576648,9698,770996,14509,1.057,0,1
2025-11-25T17:26:40.625099Z,embb,uesimtun0,581339,9680,792024,15012,1.241,0,1
2025-11-25T17:26:40.625099Z,urllc,uesimtun1,486154,8924,570188,9692,0.933,0,1
2025-11-25T17:26:40.625099Z,mmtc,uesimtun2,576813,9701,771240,14514,1.019,0,1
2025-11-25T17:26:40.875002Z,embb,uesimtun0,581504,9683,792268,15017,64.744,0,1
2025-11-25T17:26:40.875002Z,urllc,uesimtun1,486294,8927,570352,9695,,1,1
2025-11-25T17:26:40.875002Z,mmtc,uesimtun2,576978,9704,771484,14519,0.967,0,1
2025-11-25T17:26:41.124324Z,embb,uesimtun0,581669,9686,792512,15022,1.281,0,1
2025-11-25T17:26:41.124324Z,urllc,uesimtun1,486334,8928,570412,9696,1.006,0,1
2025-11-25T17:26:41.124324Z,mmtc,uesimtun2,577143,9707,771728,14524,1.616,0,1
2025-11-25T17:26:41.374451Z,embb,uesimtun0,581834,9689,792756,15027,1.287,0,1
2025-11-25T17:26:41.374451Z,urllc,uesimtun1,486499,8931,570656,9701,0.921,0,1
2025-11-25T17:26:41.374451Z,mmtc,uesimtun2,577283,9710,771892,14527,1.028,0,1
2025-11-25T17:26:41.624401Z,embb,uesimtun0,581999,9692,793000,15032,1.218,0,1
2025-11-25T17:26:41.624401Z,urllc,uesimtun1,486639,8934,570820,9704,0.947,0,1
2025-11-25T17:26:41.624401Z,mmtc,uesimtun2,577448,9713,772136,14532,0.939,0,1
2025-11-25T17:26:41.874418Z,embb,uesimtun0,582164,9695,793244,15037,55.805,0,1
2025-11-25T17:26:41.874418Z,urllc,uesimtun1,486779,8937,570984,9707,0.935,0,1
2025-11-25T17:26:41.874418Z,mmtc,uesimtun2,577613,9716,772380,14537,0.943,0,1
2025-11-25T17:26:42.124316Z,embb,uesimtun0,582329,9698,793488,15042,1.341,0,1
2025-11-25T17:26:42.124316Z,urllc,uesimtun1,486919,8940,571148,9710,0.919,0,1
2025-11-25T17:26:42.124316Z,mmtc,uesimtun2,577778,9719,772624,14542,0.915,0,1
2025-11-25T17:26:42.374973Z,embb,uesimtun0,582494,9701,793732,15047,1.275,0,1
2025-11-25T17:26:42.374973Z,urllc,uesimtun1,487059,8943,571312,9713,0.932,0,1
2025-11-25T17:26:42.374973Z,mmtc,uesimtun2,577943,9722,772868,14547,0.867,0,1
2025-11-25T17:26:42.624457Z,embb,uesimtun0,582659,9704,793976,15052,1.372,0,1
2025-11-25T17:26:42.624457Z,urllc,uesimtun1,487199,8946,571476,9716,0.937,0,1
2025-11-25T17:26:42.624457Z,mmtc,uesimtun2,578108,9725,773112,14552,1.000,0,1
2025-11-25T17:26:42.874685Z,embb,uesimtun0,582824,9707,794220,15057,49.664,0,1
2025-11-25T17:26:42.874685Z,urllc,uesimtun1,487339,8949,571640,9719,0.952,0,1
2025-11-25T17:26:42.874685Z,mmtc,uesimtun2,578273,9728,773356,14557,0.981,0,1
2025-11-25T17:26:43.125012Z,embb,uesimtun0,582989,9710,794464,15062,1.239,0,1
2025-11-25T17:26:43.125012Z,urllc,uesimtun1,487479,8952,571804,9722,1.045,0,1
2025-11-25T17:26:43.125012Z,mmtc,uesimtun2,578438,9731,773600,14562,0.923,0,1
2025-11-25T17:26:43.375071Z,embb,uesimtun0,583154,9713,794708,15067,1.446,0,1
2025-11-25T17:26:43.375071Z,urllc,uesimtun1,487619,8955,571968,9725,0.979,0,1
2025-11-25T17:26:43.375071Z,mmtc,uesimtun2,578603,9734,773844,14567,0.874,0,1
2025-11-25T17:26:43.624525Z,embb,uesimtun0,583319,9716,794952,15072,1.298,0,1
2025-11-25T17:26:43.624525Z,urllc,uesimtun1,487759,8958,572132,9728,0.920,0,1
2025-11-25T17:26:43.624525Z,mmtc,uesimtun2,578768,9737,774088,14572,1.019,0,1
2025-11-25T17:26:43.874710Z,embb,uesimtun0,583484,9719,795196,15077,70.098,0,1
2025-11-25T17:26:43.874710Z,urllc,uesimtun1,487899,8961,572296,9731,0.997,0,1
2025-11-25T17:26:43.874710Z,mmtc,uesimtun2,578933,9740,774332,14577,0.892,0,1
2025-11-25T17:26:44.125071Z,embb,uesimtun0,583649,9722,795440,15082,1.408,0,1
2025-11-25T17:26:44.125071Z,urllc,uesimtun1,488039,8964,572460,9734,0.966,0,1
2025-11-25T17:26:44.125071Z,mmtc,uesimtun2,579098,9743,774576,14582,0.983,0,1
2025-11-25T17:26:44.375176Z,embb,uesimtun0,583814,9725,795684,15087,1.301,0,1
2025-11-25T17:26:44.375176Z,urllc,uesimtun1,488179,8967,572624,9737,0.947,0,1
2025-11-25T17:26:44.375176Z,mmtc,uesimtun2,579263,9746,774820,14587,0.862,0,1
2025-11-25T17:26:44.624337Z,embb,uesimtun0,583979,9728,795928,15092,1.324,0,1
2025-11-25T17:26:44.624337Z,urllc,uesimtun1,488319,8970,572788,9740,0.912,0,1
2025-11-25T17:26:44.624337Z,mmtc,uesimtun2,579428,9749,775064,14592,0.942,0,1
2025-11-25T17:26:44.875181Z,embb,uesimtun0,584144,9731,796172,15097,64.890,0,1
2025-11-25T17:26:44.875181Z,urllc,uesimtun1,488459,8973,572952,9743,1.058,0,1
2025-11-25T17:26:44.875181Z,mmtc,uesimtun2,579593,9752,775308,14597,0.887,0,1
2025-11-25T17:26:45.124263Z,embb,uesimtun0,584309,9734,796416,15102,5.577,0,1
2025-11-25T17:26:45.124263Z,urllc,uesimtun1,488624,8976,573196,9748,1.022,0,1
2025-11-25T17:26:45.124263Z,mmtc,uesimtun2,579733,9755,775472,14600,0.989,0,1
2025-11-25T17:26:45.374632Z,embb,uesimtun0,584474,9737,796660,15107,1.176,0,1
2025-11-25T17:26:45.374632Z,urllc,uesimtun1,488789,8979,573440,9753,0.918,0,1
2025-11-25T17:26:45.374632Z,mmtc,uesimtun2,579873,9758,775636,14603,0.980,0,1
2025-11-25T17:26:45.625180Z,embb,uesimtun0,584639,9740,796904,15112,1.308,0,1
2025-11-25T17:26:45.625180Z,urllc,uesimtun1,488929,8982,573604,9756,0.929,0,1
2025-11-25T17:26:45.625180Z,mmtc,uesimtun2,580038,9761,775880,14608,0.926,0,1
2025-11-25T17:26:45.874069Z,embb,uesimtun0,584804,9743,797148,15117,186.168,0,1
2025-11-25T17:26:45.874069Z,urllc,uesimtun1,489069,8985,573768,9759,1.274,0,1
2025-11-25T17:26:45.874069Z,mmtc,uesimtun2,580203,9764,776124,14613,1.295,0,1
2025-11-25T17:26:46.125015Z,embb,uesimtun0,584969,9746,797392,15122,1.160,0,1
2025-11-25T17:26:46.125015Z,urllc,uesimtun1,489209,8988,573932,9762,0.935,0,1
2025-11-25T17:26:46.125015Z,mmtc,uesimtun2,580368,9767,776368,14618,1.033,0,1
2025-11-25T17:26:46.374180Z,embb,uesimtun0,585134,9749,797636,15127,1.304,0,1
2025-11-25T17:26:46.374180Z,urllc,uesimtun1,489349,8991,574096,9765,1.079,0,1
2025-11-25T17:26:46.374180Z,mmtc,uesimtun2,580533,9770,776612,14623,1.048,0,1
2025-11-25T17:26:46.625045Z,embb,uesimtun0,585299,9752,797880,15132,1.324,0,1
2025-11-25T17:26:46.625045Z,urllc,uesimtun1,489489,8994,574260,9768,0.985,0,1
2025-11-25T17:26:46.625045Z,mmtc,uesimtun2,580698,9773,776856,14628,0.929,0,1
2025-11-25T17:26:46.874985Z,embb,uesimtun0,585464,9755,798124,15137,75.686,0,1
2025-11-25T17:26:46.874985Z,urllc,uesimtun1,489629,8997,574424,9771,,1,1
2025-11-25T17:26:46.874985Z,mmtc,uesimtun2,580863,9776,777100,14633,0.994,0,1
2025-11-25T17:26:47.124858Z,embb,uesimtun0,585629,9758,798368,15142,1.343,0,1
2025-11-25T17:26:47.124858Z,urllc,uesimtun1,489669,8998,574484,9772,1.022,0,1
2025-11-25T17:26:47.124858Z,mmtc,uesimtun2,581028,9779,777344,14638,1.039,0,1
2025-11-25T17:26:47.375661Z,embb,uesimtun0,585794,9761,798612,15147,1.423,0,1
2025-11-25T17:26:47.375661Z,urllc,uesimtun1,489809,9001,574648,9775,1.018,0,1
2025-11-25T17:26:47.375661Z,mmtc,uesimtun2,581193,9782,777588,14643,1.136,0,1
2025-11-25T17:26:47.625031Z,embb,uesimtun0,585959,9764,798856,15152,1.252,0,1
2025-11-25T17:26:47.625031Z,urllc,uesimtun1,489949,9004,574812,9778,1.016,0,1
2025-11-25T17:26:47.625031Z,mmtc,uesimtun2,581358,9785,777832,14648,0.840,0,1
2025-11-25T17:26:47.874612Z,embb,uesimtun0,586124,9767,799100,15157,66.309,0,1
2025-11-25T17:26:47.874612Z,urllc,uesimtun1,490089,9007,574976,9781,,1,1
2025-11-25T17:26:47.874612Z,mmtc,uesimtun2,581523,9788,778076,14653,1.080,0,1
2025-11-25T17:26:48.124309Z,embb,uesimtun0,586341,9771,799384,15163,1.361,0,1
2025-11-25T17:26:48.124309Z,urllc,uesimtun1,490129,9008,575036,9782,0.982,0,1
2025-11-25T17:26:48.124309Z,mmtc,uesimtun2,581688,9791,778320,14658,0.967,0,1
2025-11-25T17:26:48.374911Z,embb,uesimtun0,586506,9774,799628,15168,1.396,0,1
2025-11-25T17:26:48.374911Z,urllc,uesimtun1,490269,9011,575200,9785,0.858,0,1
2025-11-25T17:26:48.374911Z,mmtc,uesimtun2,581853,9794,778564,14663,1.017,0,1
2025-11-25T17:26:48.624709Z,embb,uesimtun0,586671,9777,799872,15173,1.586,0,1
2025-11-25T17:26:48.624709Z,urllc,uesimtun1,490409,9014,575364,9788,1.186,0,1
2025-11-25T17:26:48.624709Z,mmtc,uesimtun2,582018,9797,778808,14668,0.605,0,1
2025-11-25T17:26:48.874558Z,embb,uesimtun0,586836,9780,800116,15178,65.336,0,1
2025-11-25T17:26:48.874558Z,urllc,uesimtun1,490574,9017,575608,9793,0.977,0,1
2025-11-25T17:26:48.874558Z,mmtc,uesimtun2,582158,9800,778972,14671,0.924,0,1
2025-11-25T17:26:49.124197Z,embb,uesimtun0,587001,9783,800360,15183,1.438,0,1
2025-11-25T17:26:49.124197Z,urllc,uesimtun1,490714,9020,575772,9796,0.987,0,1
2025-11-25T17:26:49.124197Z,mmtc,uesimtun2,582323,9803,779216,14676,0.854,0,1
2025-11-25T17:26:49.374427Z,embb,uesimtun0,587166,9786,800604,15188,1.423,0,1
2025-11-25T17:26:49.374427Z,urllc,uesimtun1,490854,9023,575936,9799,1.127,0,1
2025-11-25T17:26:49.374427Z,mmtc,uesimtun2,582488,9806,779460,14681,0.899,0,1
2025-11-25T17:26:49.624414Z,embb,uesimtun0,587331,9789,800848,15193,1.338,0,1
2025-11-25T17:26:49.624414Z,urllc,uesimtun1,491019,9026,576180,9804,1.024,0,1
2025-11-25T17:26:49.624414Z,mmtc,uesimtun2,582628,9809,779624,14684,1.014,0,1
2025-11-25T17:26:49.874636Z,embb,uesimtun0,587496,9792,801092,15198,90.195,0,1
2025-11-25T17:26:49.874636Z,urllc,uesimtun1,491159,9029,576344,9807,1.034,0,1
2025-11-25T17:26:49.874636Z,mmtc,uesimtun2,582793,9812,779868,14689,1.122,0,1
2025-11-25T17:26:50.124192Z,embb,uesimtun0,587661,9795,801336,15203,1.320,0,1
2025-11-25T17:26:50.124192Z,urllc,uesimtun1,491299,9032,576508,9810,0.994,0,1
2025-11-25T17:26:50.124192Z,mmtc,uesimtun2,582958,9815,780112,14694,1.006,0,1
2025-11-25T17:26:50.374430Z,embb,uesimtun0,587826,9798,801580,15208,4.312,0,1
2025-11-25T17:26:50.374430Z,urllc,uesimtun1,491439,9035,576672,9813,1.194,0,1
2025-11-25T17:26:50.374430Z,mmtc,uesimtun2,583123,9818,780356,14699,1.049,0,1
2025-11-25T17:26:50.624319Z,embb,uesimtun0,587991,9801,801824,15213,1.521,0,1
2025-11-25T17:26:50.624319Z,urllc,uesimtun1,491604,9038,576916,9818,0.927,0,1
2025-11-25T17:26:50.624319Z,mmtc,uesimtun2,583288,9821,780600,14704,1.056,0,1
2025-11-25T17:26:50.874635Z,embb,uesimtun0,588156,9804,802068,15218,64.991,0,1
2025-11-25T17:26:50.874635Z,urllc,uesimtun1,491744,9041,577080,9821,0.936,0,1
2025-11-25T17:26:50.874635Z,mmtc,uesimtun2,583453,9824,780844,14709,0.846,0,1
2025-11-25T17:26:51.124873Z,embb,uesimtun0,588321,9807,802312,15223,1.372,0,1
2025-11-25T17:26:51.124873Z,urllc,uesimtun1,491884,9044,577244,9824,1.088,0,1
2025-11-25T17:26:51.124873Z,mmtc,uesimtun2,583618,9827,781088,14714,1.032,0,1
2025-11-25T17:26:51.374352Z,embb,uesimtun0,588486,9810,802556,15228,1.317,0,1
2025-11-25T17:26:51.374352Z,urllc,uesimtun1,492049,9047,577488,9829,0.957,0,1
2025-11-25T17:26:51.374352Z,mmtc,uesimtun2,583783,9830,781332,14719,1.234,0,1
2025-11-25T17:26:51.624916Z,embb,uesimtun0,588651,9813,802800,15233,1.417,0,1
2025-11-25T17:26:51.624916Z,urllc,uesimtun1,492214,9050,577732,9834,0.995,0,1
2025-11-25T17:26:51.624916Z,mmtc,uesimtun2,583948,9833,781576,14724,1.040,0,1
2025-11-25T17:26:51.875086Z,embb,uesimtun0,588816,9816,803044,15238,50.374,0,1
2025-11-25T17:26:51.875086Z,urllc,uesimtun1,492354,9053,577896,9837,0.978,0,1
2025-11-25T17:26:51.875086Z,mmtc,uesimtun2,584113,9836,781820,14729,0.951,0,1
2025-11-25T17:26:52.124615Z,embb,uesimtun0,588981,9819,803288,15243,1.390,0,1
2025-11-25T17:26:52.124615Z,urllc,uesimtun1,492494,9056,578060,9840,0.934,0,1
2025-11-25T17:26:52.124615Z,mmtc,uesimtun2,584278,9839,782064,14734,0.983,0,1
2025-11-25T17:26:52.374303Z,embb,uesimtun0,589146,9822,803532,15248,1.354,0,1
2025-11-25T17:26:52.374303Z,urllc,uesimtun1,492634,9059,578224,9843,1.037,0,1
2025-11-25T17:26:52.374303Z,mmtc,uesimtun2,584443,9842,782308,14739,1.072,0,1
2025-11-25T17:26:52.624387Z,embb,uesimtun0,589311,9825,803776,15253,1.248,0,1
2025-11-25T17:26:52.624387Z,urllc,uesimtun1,492774,9062,578388,9846,1.025,0,1
2025-11-25T17:26:52.624387Z,mmtc,uesimtun2,584608,9845,782552,14744,1.014,0,1
2025-11-25T17:26:52.874883Z,embb,uesimtun0,589476,9828,804020,15258,64.415,0,1
2025-11-25T17:26:52.874883Z,urllc,uesimtun1,492914,9065,578552,9849,1.010,0,1
2025-11-25T17:26:52.874883Z,mmtc,uesimtun2,584773,9848,782796,14749,1.011,0,1
2025-11-25T17:26:53.124697Z,embb,uesimtun0,589641,9831,804264,15263,1.256,0,1
2025-11-25T17:26:53.124697Z,urllc,uesimtun1,493054,9068,578716,9852,1.180,0,1
2025-11-25T17:26:53.124697Z,mmtc,uesimtun2,584938,9851,783040,14754,1.255,0,1
2025-11-25T17:26:53.374803Z,embb,uesimtun0,589806,9834,804508,15268,1.252,0,1
2025-11-25T17:26:53.374803Z,urllc,uesimtun1,493194,9071,578880,9855,0.973,0,1
2025-11-25T17:26:53.374803Z,mmtc,uesimtun2,585103,9854,783284,14759,0.986,0,1
2025-11-25T17:26:53.624423Z,embb,uesimtun0,589971,9837,804752,15273,1.307,0,1
2025-11-25T17:26:53.624423Z,urllc,uesimtun1,493334,9074,579044,9858,0.964,0,1
2025-11-25T17:26:53.624423Z,mmtc,uesimtun2,585268,9857,783528,14764,0.982,0,1
2025-11-25T17:26:53.874234Z,embb,uesimtun0,590136,9840,804996,15278,65.753,0,1
2025-11-25T17:26:53.874234Z,urllc,uesimtun1,493474,9077,579208,9861,0.990,0,1
2025-11-25T17:26:53.874234Z,mmtc,uesimtun2,585433,9860,783772,14769,0.834,0,1
2025-11-25T17:26:54.124559Z,embb,uesimtun0,590301,9843,805240,15283,1.360,0,1
2025-11-25T17:26:54.124559Z,urllc,uesimtun1,493614,9080,579372,9864,1.125,0,1
2025-11-25T17:26:54.124559Z,mmtc,uesimtun2,585598,9863,784016,14774,1.018,0,1
2025-11-25T17:26:54.375149Z,embb,uesimtun0,590466,9846,805484,15288,1.408,0,1
2025-11-25T17:26:54.375149Z,urllc,uesimtun1,493779,9083,579616,9869,1.012,0,1
2025-11-25T17:26:54.375149Z,mmtc,uesimtun2,585738,9866,784180,14777,0.954,0,1
2025-11-25T17:26:54.624731Z,embb,uesimtun0,590631,9849,805728,15293,1.294,0,1
2025-11-25T17:26:54.624731Z,urllc,uesimtun1,493919,9086,579780,9872,1.002,0,1
2025-11-25T17:26:54.624731Z,mmtc,uesimtun2,585903,9869,784424,14782,0.990,0,1
2025-11-25T17:26:54.874615Z,embb,uesimtun0,590796,9852,805972,15298,65.079,0,1
2025-11-25T17:26:54.874615Z,urllc,uesimtun1,494059,9089,579944,9875,0.993,0,1
2025-11-25T17:26:54.874615Z,mmtc,uesimtun2,586068,9872,784668,14787,0.979,0,1
2025-11-25T17:26:55.124883Z,embb,uesimtun0,590961,9855,806216,15303,1.276,0,1
2025-11-25T17:26:55.124883Z,urllc,uesimtun1,494199,9092,580108,9878,1.002,0,1
2025-11-25T17:26:55.124883Z,mmtc,uesimtun2,586233,9875,784912,14792,1.067,0,1
2025-11-25T17:26:55.374937Z,embb,uesimtun0,591126,9858,806460,15308,1.298,0,1
2025-11-25T17:26:55.374937Z,urllc,uesimtun1,494339,9095,580272,9881,1.029,0,1
2025-11-25T17:26:55.374937Z,mmtc,uesimtun2,586398,9878,785156,14797,1.023,0,1
2025-11-25T17:26:55.624894Z,embb,uesimtun0,591291,9861,806704,15313,1.285,0,1
2025-11-25T17:26:55.624894Z,urllc,uesimtun1,494504,9098,580516,9886,0.976,0,1
2025-11-25T17:26:55.624894Z,mmtc,uesimtun2,586538,9881,785320,14800,0.985,0,1
2025-11-25T17:26:55.874563Z,embb,uesimtun0,591456,9864,806948,15318,65.432,0,1
2025-11-25T17:26:55.874563Z,urllc,uesimtun1,494644,9101,580680,9889,1.077,0,1
2025-11-25T17:26:55.874563Z,mmtc,uesimtun2,586703,9884,785564,14805,0.920,0,1
2025-11-25T17:26:56.124816Z,embb,uesimtun0,591621,9867,807192,15323,1.209,0,1
2025-11-25T17:26:56.124816Z,urllc,uesimtun1,494784,9104,580844,9892,1.017,0,1
2025-11-25T17:26:56.124816Z,mmtc,uesimtun2,586868,9887,785808,14810,1.089,0,1
2025-11-25T17:26:56.374704Z,embb,uesimtun0,591786,9870,807436,15328,1.265,0,1
2025-11-25T17:26:56.374704Z,urllc,uesimtun1,494924,9107,581008,9895,1.005,0,1
2025-11-25T17:26:56.374704Z,mmtc,uesimtun2,587033,9890,786052,14815,1.132,0,1
2025-11-25T17:26:56.624992Z,embb,uesimtun0,591951,9873,807680,15333,1.349,0,1
2025-11-25T17:26:56.624992Z,urllc,uesimtun1,495064,9110,581172,9898,0.950,0,1
2025-11-25T17:26:56.624992Z,mmtc,uesimtun2,587198,9893,786296,14820,0.987,0,1
2025-11-25T17:26:56.874575Z,embb,uesimtun0,592116,9876,807924,15338,65.130,0,1
2025-11-25T17:26:56.874575Z,urllc,uesimtun1,495204,9113,581336,9901,,1,1
2025-11-25T17:26:56.874575Z,mmtc,uesimtun2,587363,9896,786540,14825,0.972,0,1
2025-11-25T17:26:57.124800Z,embb,uesimtun0,592281,9879,808168,15343,1.297,0,1
2025-11-25T17:26:57.124800Z,urllc,uesimtun1,495244,9114,581396,9902,1.017,0,1
2025-11-25T17:26:57.124800Z,mmtc,uesimtun2,587528,9899,786784,14830,1.100,0,1
2025-11-25T17:26:57.374531Z,embb,uesimtun0,592446,9882,808412,15348,1.298,0,1
2025-11-25T17:26:57.374531Z,urllc,uesimtun1,495384,9117,581560,9905,1.223,0,1
2025-11-25T17:26:57.374531Z,mmtc,uesimtun2,587693,9902,787028,14835,1.079,0,1
2025-11-25T17:26:57.624556Z,embb,uesimtun0,592611,9885,808656,15353,1.321,0,1
2025-11-25T17:26:57.624556Z,urllc,uesimtun1,495524,9120,581724,9908,0.934,0,1
2025-11-25T17:26:57.624556Z,mmtc,uesimtun2,587858,9905,787272,14840,0.988,0,1
2025-11-25T17:26:57.874911Z,embb,uesimtun0,592776,9888,808900,15358,65.223,0,1
2025-11-25T17:26:57.874911Z,urllc,uesimtun1,495664,9123,581888,9911,1.001,0,1
2025-11-25T17:26:57.874911Z,mmtc,uesimtun2,588023,9908,787516,14845,1.022,0,1
2025-11-25T17:26:58.124067Z,embb,uesimtun0,592941,9891,809144,15363,1.305,0,1
2025-11-25T17:26:58.124067Z,urllc,uesimtun1,495804,9126,582052,9914,0.925,0,1
2025-11-25T17:26:58.124067Z,mmtc,uesimtun2,588188,9911,787760,14850,0.957,0,1
2025-11-25T17:26:58.374360Z,embb,uesimtun0,593106,9894,809388,15368,1.310,0,1
2025-11-25T17:26:58.374360Z,urllc,uesimtun1,495944,9129,582216,9917,1.044,0,1
2025-11-25T17:26:58.374360Z,mmtc,uesimtun2,588353,9914,788004,14855,1.345,0,1
2025-11-25T17:26:58.625122Z,embb,uesimtun0,593271,9897,809632,15373,1.246,0,1
2025-11-25T17:26:58.625122Z,urllc,uesimtun1,496109,9132,582460,9922,0.922,0,1
2025-11-25T17:26:58.625122Z,mmtc,uesimtun2,588493,9917,788168,14858,0.934,0,1
2025-11-25T17:26:58.874711Z,embb,uesimtun0,593436,9900,809876,15378,64.875,0,1
2025-11-25T17:26:58.874711Z,urllc,uesimtun1,496249,9135,582624,9925,5.215,0,1
2025-11-25T17:26:58.874711Z,mmtc,uesimtun2,588658,9920,788412,14863,1.038,0,1
2025-11-25T17:26:59.124748Z,embb,uesimtun0,593601,9903,810120,15383,1.179,0,1
2025-11-25T17:26:59.124748Z,urllc,uesimtun1,496414,9138,582868,9930,0.906,0,1
2025-11-25T17:26:59.124748Z,mmtc,uesimtun2,588798,9923,788576,14866,0.949,0,1
2025-11-25T17:26:59.374389Z,embb,uesimtun0,593766,9906,810364,15388,1.399,0,1
2025-11-25T17:26:59.374389Z,urllc,uesimtun1,496554,9141,583032,9933,,1,1
2025-11-25T17:26:59.374389Z,mmtc,uesimtun2,588963,9926,788820,14871,0.923,0,1
2025-11-25T17:26:59.625071Z,embb,uesimtun0,593931,9909,810608,15393,1.271,0,1
2025-11-25T17:26:59.625071Z,urllc,uesimtun1,496594,9142,583092,9934,0.922,0,1
2025-11-25T17:26:59.625071Z,mmtc,uesimtun2,589128,9929,789064,14876,0.996,0,1
2025-11-25T17:26:59.874915Z,embb,uesimtun0,594096,9912,810852,15398,65.287,0,1
2025-11-25T17:26:59.874915Z,urllc,uesimtun1,496734,9145,583256,9937,,1,1
2025-11-25T17:26:59.874915Z,mmtc,uesimtun2,589293,9932,789308,14881,0.973,0,1
2025-11-25T17:27:00.124549Z,embb,uesimtun0,594261,9915,811096,15403,1.485,0,1
2025-11-25T17:27:00.124549Z,urllc,uesimtun1,496774,9146,583316,9938,0.995,0,1
2025-11-25T17:27:00.124549Z,mmtc,uesimtun2,589458,9935,789552,14886,0.876,0,1
2025-11-25T17:27:00.374448Z,embb,uesimtun0,594426,9918,811340,15408,1.315,0,1
2025-11-25T17:27:00.374448Z,urllc,uesimtun1,496914,9149,583480,9941,0.984,0,1
2025-11-25T17:27:00.374448Z,mmtc,uesimtun2,589623,9938,789796,14891,1.101,0,1
2025-11-25T17:27:00.624514Z,embb,uesimtun0,594591,9921,811584,15413,1.507,0,1
2025-11-25T17:27:00.624514Z,urllc,uesimtun1,497054,9152,583644,9944,,1,1
2025-11-25T17:27:00.624514Z,mmtc,uesimtun2,589788,9941,790040,14896,0.959,0,1
2025-11-25T17:27:00.874535Z,embb,uesimtun0,594756,9924,811828,15418,85.371,0,1
2025-11-25T17:27:00.874535Z,urllc,uesimtun1,497094,9153,583704,9945,1.124,0,1
2025-11-25T17:27:00.874535Z,mmtc,uesimtun2,589953,9944,790284,14901,0.973,0,1
2025-11-25T17:27:01.124528Z,embb,uesimtun0,594921,9927,812072,15423,1.338,0,1
2025-11-25T17:27:01.124528Z,urllc,uesimtun1,497234,9156,583868,9948,,1,1
2025-11-25T17:27:01.124528Z,mmtc,uesimtun2,590170,9948,790528,14906,0.929,0,1
2025-11-25T17:27:01.374694Z,embb,uesimtun0,595086,9930,812316,15428,1.412,0,1
2025-11-25T17:27:01.374694Z,urllc,uesimtun1,497274,9157,583928,9949,1.283,0,1
2025-11-25T17:27:01.374694Z,mmtc,uesimtun2,590335,9951,790772,14911,1.049,0,1
2025-11-25T17:27:01.624992Z,embb,uesimtun0,595251,9933,812560,15433,1.232,0,1
2025-11-25T17:27:01.624992Z,urllc,uesimtun1,497414,9160,584092,9952,0.968,0,1
2025-11-25T17:27:01.624992Z,mmtc,uesimtun2,590500,9954,791016,14916,0.983,0,1
2025-11-25T17:27:01.874563Z,embb,uesimtun0,595416,9936,812804,15438,55.482,0,1
2025-11-25T17:27:01.874563Z,urllc,uesimtun1,497554,9163,584256,9955,,1,1
2025-11-25T17:27:01.874563Z,mmtc,uesimtun2,590665,9957,791260,14921,0.979,0,1
2025-11-25T17:27:02.124371Z,embb,uesimtun0,595581,9939,813048,15443,1.400,0,1
2025-11-25T17:27:02.124371Z,urllc,uesimtun1,497594,9164,584316,9956,0.959,0,1
2025-11-25T17:27:02.124371Z,mmtc,uesimtun2,590830,9960,791504,14926,0.961,0,1
2025-11-25T17:27:02.375113Z,embb,uesimtun0,595746,9942,813292,15448,1.353,0,1
2025-11-25T17:27:02.375113Z,urllc,uesimtun1,497734,9167,584480,9959,1.038,0,1
2025-11-25T17:27:02.375113Z,mmtc,uesimtun2,590995,9963,791748,14931,0.973,0,1
2025-11-25T17:27:02.624325Z,embb,uesimtun0,595911,9945,813536,15453,1.336,0,1
2025-11-25T17:27:02.624325Z,urllc,uesimtun1,497899,9170,584724,9964,1.064,0,1
2025-11-25T17:27:02.624325Z,mmtc,uesimtun2,591135,9966,791912,14934,1.059,0,1
2025-11-25T17:27:02.874632Z,embb,uesimtun0,596076,9948,813780,15458,65.402,0,1
2025-11-25T17:27:02.874632Z,urllc,uesimtun1,498039,9173,584888,9967,,1,1
2025-11-25T17:27:02.874632Z,mmtc,uesimtun2,591300,9969,792156,14939,1.002,0,1
2025-11-25T17:27:03.124763Z,embb,uesimtun0,596241,9951,814024,15463,1.289,0,1
2025-11-25T17:27:03.124763Z,urllc,uesimtun1,498079,9174,584948,9968,1.021,0,1
2025-11-25T17:27:03.124763Z,mmtc,uesimtun2,591465,9972,792400,14944,1.061,0,1
2025-11-25T17:27:03.374874Z,embb,uesimtun0,596406,9954,814268,15468,1.340,0,1
2025-11-25T17:27:03.374874Z,urllc,uesimtun1,498219,9177,585112,9971,1.027,0,1
2025-11-25T17:27:03.374874Z,mmtc,uesimtun2,591682,9976,792644,14949,1.024,0,1
2025-11-25T17:27:03.624989Z,embb,uesimtun0,596571,9957,814512,15473,1.391,0,1
2025-11-25T17:27:03.624989Z,urllc,uesimtun1,498359,9180,585276,9974,0.945,0,1
2025-11-25T17:27:03.624989Z,mmtc,uesimtun2,591847,9979,792888,14954,1.039,0,1
2025-11-25T17:27:03.874639Z,embb,uesimtun0,596736,9960,814756,15478,75.248,0,1
2025-11-25T17:27:03.874639Z,urllc,uesimtun1,498499,9183,585440,9977,1.017,0,1
2025-11-25T17:27:03.874639Z,mmtc,uesimtun2,592012,9982,793132,14959,0.903,0,1
2025-11-25T17:27:04.124546Z,embb,uesimtun0,596901,9963,815000,15483,1.247,0,1
2025-11-25T17:27:04.124546Z,urllc,uesimtun1,498639,9186,585604,9980,1.034,0,1
2025-11-25T17:27:04.124546Z,mmtc,uesimtun2,592177,9985,793376,14964,0.966,0,1
2025-11-25T17:27:04.374472Z,embb,uesimtun0,597066,9966,815244,15488,1.445,0,1
2025-11-25T17:27:04.374472Z,urllc,uesimtun1,498779,9189,585768,9983,,1,1
2025-11-25T17:27:04.374472Z,mmtc,uesimtun2,592342,9988,793620,14969,1.031,0,1
2025-11-25T17:27:04.624493Z,embb,uesimtun0,597231,9969,815488,15493,1.236,0,1
2025-11-25T17:27:04.624493Z,urllc,uesimtun1,498819,9190,585828,9984,0.941,0,1
2025-11-25T17:27:04.624493Z,mmtc,uesimtun2,592507,9991,793864,14974,1.029,0,1
2025-11-25T17:27:04.874528Z,embb,uesimtun0,597396,9972,815732,15498,84.893,0,1
2025-11-25T17:27:04.874528Z,urllc,uesimtun1,498959,9193,585992,9987,0.966,0,1
2025-11-25T17:27:04.874528Z,mmtc,uesimtun2,592672,9994,794108,14979,0.802,0,1
2025-11-25T17:27:05.124451Z,embb,uesimtun0,597561,9975,815976,15503,1.280,0,1
2025-11-25T17:27:05.124451Z,urllc,uesimtun1,499124,9196,586236,9992,,1,1
2025-11-25T17:27:05.124451Z,mmtc,uesimtun2,592812,9997,794272,14982,0.989,0,1
2025-11-25T17:27:05.375126Z,embb,uesimtun0,597726,9978,816220,15508,1.302,0,1
2025-11-25T17:27:05.375126Z,urllc,uesimtun1,499164,9197,586296,9993,1.010,0,1
2025-11-25T17:27:05.375126Z,mmtc,uesimtun2,592977,10000,794516,14987,1.266,0,1
2025-11-25T17:27:05.624447Z,embb,uesimtun0,597891,9981,816464,15513,1.312,0,1
2025-11-25T17:27:05.624447Z,urllc,uesimtun1,499329,9200,586540,9998,1.049,0,1
2025-11-25T17:27:05.624447Z,mmtc,uesimtun2,593142,10003,794760,14992,0.946,0,1
2025-11-25T17:27:05.874758Z,embb,uesimtun0,598056,9984,816708,15518,65.235,0,1
2025-11-25T17:27:05.874758Z,urllc,uesimtun1,499469,9203,586704,10001,0.967,0,1
2025-11-25T17:27:05.874758Z,mmtc,uesimtun2,593307,10006,795004,14997,0.995,0,1
2025-11-25T17:27:06.124437Z,embb,uesimtun0,598221,9987,816952,15523,1.306,0,1
2025-11-25T17:27:06.124437Z,urllc,uesimtun1,499609,9206,586868,10004,0.960,0,1
2025-11-25T17:27:06.124437Z,mmtc,uesimtun2,593472,10009,795248,15002,1.024,0,1
2025-11-25T17:27:06.374309Z,embb,uesimtun0,598386,9990,817196,15528,1.218,0,1
2025-11-25T17:27:06.374309Z,urllc,uesimtun1,499749,9209,587032,10007,1.039,0,1
2025-11-25T17:27:06.374309Z,mmtc,uesimtun2,593637,10012,795492,15007,1.045,0,1
2025-11-25T17:27:06.624578Z,embb,uesimtun0,598551,9993,817440,15533,1.320,0,1
2025-11-25T17:27:06.624578Z,urllc,uesimtun1,499889,9212,587196,10010,0.906,0,1
2025-11-25T17:27:06.624578Z,mmtc,uesimtun2,593802,10015,795736,15012,0.949,0,1
2025-11-25T17:27:06.874351Z,embb,uesimtun0,598716,9996,817684,15538,65.143,0,1
2025-11-25T17:27:06.874351Z,urllc,uesimtun1,500029,9215,587360,10013,0.917,0,1
2025-11-25T17:27:06.874351Z,mmtc,uesimtun2,593967,10018,795980,15017,0.781,0,1
2025-11-25T17:27:07.124810Z,embb,uesimtun0,598881,9999,817928,15543,1.354,0,1
2025-11-25T17:27:07.124810Z,urllc,uesimtun1,500169,9218,587524,10016,1.097,0,1
2025-11-25T17:27:07.124810Z,mmtc,uesimtun2,594132,10021,796224,15022,1.057,0,1
2025-11-25T17:27:07.374467Z,embb,uesimtun0,599046,10002,818172,15548,1.293,0,1
2025-11-25T17:27:07.374467Z,urllc,uesimtun1,500334,9221,587768,10021,0.942,0,1
2025-11-25T17:27:07.374467Z,mmtc,uesimtun2,594272,10024,796388,15025,1.047,0,1
2025-11-25T17:27:07.624992Z,embb,uesimtun0,599211,10005,818416,15553,1.474,0,1
2025-11-25T17:27:07.624992Z,urllc,uesimtun1,500474,9224,587932,10024,6.403,0,1
2025-11-25T17:27:07.624992Z,mmtc,uesimtun2,594437,10027,796632,15030,2.329,0,1
2025-11-25T17:27:07.874756Z,embb,uesimtun0,599376,10008,818660,15558,65.996,0,1
2025-11-25T17:27:07.874756Z,urllc,uesimtun1,500639,9227,588176,10029,0.982,0,1
2025-11-25T17:27:07.874756Z,mmtc,uesimtun2,594577,10030,796796,15033,1.013,0,1
2025-11-25T17:27:08.124200Z,embb,uesimtun0,599541,10011,818904,15563,1.236,0,1
2025-11-25T17:27:08.124200Z,urllc,uesimtun1,500779,9230,588340,10032,0.984,0,1
2025-11-25T17:27:08.124200Z,mmtc,uesimtun2,594742,10033,797040,15038,,1,1
2025-11-25T17:27:08.374658Z,embb,uesimtun0,599706,10014,819148,15568,1.575,0,1
2025-11-25T17:27:08.374658Z,urllc,uesimtun1,500944,9233,588584,10037,1.129,0,1
2025-11-25T17:27:08.374658Z,mmtc,uesimtun2,594782,10034,797100,15039,1.045,0,1
2025-11-25T17:27:08.624339Z,embb,uesimtun0,599871,10017,819392,15573,1.409,0,1
2025-11-25T17:27:08.624339Z,urllc,uesimtun1,501084,9236,588748,10040,,1,1
2025-11-25T17:27:08.624339Z,mmtc,uesimtun2,594947,10037,797344,15044,1.115,0,1
2025-11-25T17:27:08.874723Z,embb,uesimtun0,600036,10020,819636,15578,94.803,0,1
2025-11-25T17:27:08.874723Z,urllc,uesimtun1,501124,9237,588808,10041,1.187,0,1
2025-11-25T17:27:08.874723Z,mmtc,uesimtun2,595112,10040,797588,15049,1.033,0,1
2025-11-25T17:27:09.124232Z,embb,uesimtun0,600201,10023,819880,15583,1.425,0,1
2025-11-25T17:27:09.124232Z,urllc,uesimtun1,501289,9240,589052,10046,1.029,0,1
2025-11-25T17:27:09.124232Z,mmtc,uesimtun2,595252,10043,797752,15052,1.008,0,1
2025-11-25T17:27:09.374686Z,embb,uesimtun0,600366,10026,820124,15588,1.283,0,1
2025-11-25T17:27:09.374686Z,urllc,uesimtun1,501429,9243,589216,10049,0.989,0,1
2025-11-25T17:27:09.374686Z,mmtc,uesimtun2,595417,10046,797996,15057,1.177,0,1
2025-11-25T17:27:09.624361Z,embb,uesimtun0,600531,10029,820368,15593,1.308,0,1
2025-11-25T17:27:09.624361Z,urllc,uesimtun1,501569,9246,589380,10052,0.960,0,1
2025-11-25T17:27:09.624361Z,mmtc,uesimtun2,595582,10049,798240,15062,1.093,0,1
2025-11-25T17:27:09.874569Z,embb,uesimtun0,600696,10032,820612,15598,80.842,0,1
2025-11-25T17:27:09.874569Z,urllc,uesimtun1,501709,9249,589544,10055,1.049,0,1
2025-11-25T17:27:09.874569Z,mmtc,uesimtun2,595747,10052,798484,15067,1.204,0,1
2025-11-25T17:27:10.124030Z,embb,uesimtun0,600861,10035,820856,15603,2.986,0,1
2025-11-25T17:27:10.124030Z,urllc,uesimtun1,501849,9252,589708,10058,2.176,0,1
2025-11-25T17:27:10.124030Z,mmtc,uesimtun2,595964,10056,798768,15073,0.584,0,1
2025-11-25T17:27:10.374197Z,embb,uesimtun0,601026,10038,821100,15608,1.559,0,1
2025-11-25T17:27:10.374197Z,urllc,uesimtun1,501989,9255,589872,10061,1.098,0,1
2025-11-25T17:27:10.374197Z,mmtc,uesimtun2,596129,10059,799012,15078,0.973,0,1
2025-11-25T17:27:10.624735Z,embb,uesimtun0,601191,10041,821344,15613,4.763,0,1
2025-11-25T17:27:10.624735Z,urllc,uesimtun1,502129,9258,590036,10064,1.344,0,1
2025-11-25T17:27:10.624735Z,mmtc,uesimtun2,596294,10062,799256,15083,1.152,0,1
2025-11-25T17:27:10.874730Z,embb,uesimtun0,601356,10044,821588,15618,65.083,0,1
2025-11-25T17:27:10.874730Z,urllc,uesimtun1,502294,9261,590280,10069,1.115,0,1
2025-11-25T17:27:10.874730Z,mmtc,uesimtun2,596434,10065,799420,15086,,1,1
2025-11-25T17:27:11.124382Z,embb,uesimtun0,601521,10047,821832,15623,1.535,0,1
2025-11-25T17:27:11.124382Z,urllc,uesimtun1,502459,9264,590524,10074,1.074,0,1
2025-11-25T17:27:11.124382Z,mmtc,uesimtun2,596474,10066,799480,15087,0.980,0,1
2025-11-25T17:27:11.374373Z,embb,uesimtun0,601686,10050,822076,15628,1.538,0,1
2025-11-25T17:27:11.374373Z,urllc,uesimtun1,502599,9267,590688,10077,5.491,0,1
2025-11-25T17:27:11.374373Z,mmtc,uesimtun2,596639,10069,799724,15092,0.763,0,1
2025-11-25T17:27:11.624985Z,embb,uesimtun0,601851,10053,822320,15633,1.526,0,1
2025-11-25T17:27:11.624985Z,urllc,uesimtun1,502764,9270,590932,10082,0.997,0,1
2025-11-25T17:27:11.624985Z,mmtc,uesimtun2,596779,10072,799888,15095,0.966,0,1
2025-11-25T17:27:11.877889Z,embb,uesimtun0,602016,10056,822564,15638,62.432,0,1
2025-11-25T17:27:11.877889Z,urllc,uesimtun1,502904,9273,591096,10085,1.004,0,1
2025-11-25T17:27:11.877889Z,mmtc,uesimtun2,596944,10075,800132,15100,0.984,0,1
2025-11-25T17:27:12.124339Z,embb,uesimtun0,602181,10059,822808,15643,1.552,0,1
2025-11-25T17:27:12.124339Z,urllc,uesimtun1,503069,9276,591340,10090,,1,1
2025-11-25T17:27:12.124339Z,mmtc,uesimtun2,597109,10078,800376,15105,2.177,0,1
2025-11-25T17:27:12.374291Z,embb,uesimtun0,602346,10062,823052,15648,1.450,0,1
2025-11-25T17:27:12.374291Z,urllc,uesimtun1,503109,9277,591400,10091,0.931,0,1
2025-11-25T17:27:12.374291Z,mmtc,uesimtun2,597274,10081,800620,15110,0.902,0,1
2025-11-25T17:27:12.624751Z,embb,uesimtun0,602511,10065,823296,15653,1.481,0,1
2025-11-25T17:27:12.624751Z,urllc,uesimtun1,503249,9280,591564,10094,1.040,0,1
2025-11-25T17:27:12.624751Z,mmtc,uesimtun2,597439,10084,800864,15115,1.058,0,1
2025-11-25T17:27:12.874310Z,embb,uesimtun0,602676,10068,823540,15658,65.913,0,1
2025-11-25T17:27:12.874310Z,urllc,uesimtun1,503389,9283,591728,10097,,1,1
2025-11-25T17:27:12.874310Z,mmtc,uesimtun2,597604,10087,801108,15120,0.999,0,1
2025-11-25T17:27:13.124813Z,embb,uesimtun0,602841,10071,823784,15663,1.290,0,1
2025-11-25T17:27:13.124813Z,urllc,uesimtun1,503429,9284,591788,10098,1.102,0,1
2025-11-25T17:27:13.124813Z,mmtc,uesimtun2,597769,10090,801352,15125,0.936,0,1
2025-11-25T17:27:13.374377Z,embb,uesimtun0,603006,10074,824028,15668,1.462,0,1
2025-11-25T17:27:13.374377Z,urllc,uesimtun1,503569,9287,591952,10101,1.159,0,1
2025-11-25T17:27:13.374377Z,mmtc,uesimtun2,597934,10093,801596,15130,1.065,0,1
2025-11-25T17:27:13.624354Z,embb,uesimtun0,603171,10077,824272,15673,1.327,0,1
2025-11-25T17:27:13.624354Z,urllc,uesimtun1,503709,9290,592116,10104,0.933,0,1
2025-11-25T17:27:13.624354Z,mmtc,uesimtun2,598099,10096,801840,15135,1.067,0,1
2025-11-25T17:27:13.874769Z,embb,uesimtun0,603336,10080,824516,15678,65.133,0,1
2025-11-25T17:27:13.874769Z,urllc,uesimtun1,503849,9293,592280,10107,0.987,0,1
2025-11-25T17:27:13.874769Z,mmtc,uesimtun2,598264,10099,802084,15140,1.050,0,1
2025-11-25T17:27:14.124381Z,embb,uesimtun0,603501,10083,824760,15683,1.322,0,1
2025-11-25T17:27:14.124381Z,urllc,uesimtun1,504014,9296,592524,10112,0.979,0,1
2025-11-25T17:27:14.124381Z,mmtc,uesimtun2,598404,10102,802248,15143,1.056,0,1
2025-11-25T17:27:14.374852Z,embb,uesimtun0,603666,10086,825004,15688,1.408,0,1
2025-11-25T17:27:14.374852Z,urllc,uesimtun1,504179,9299,592768,10117,1.092,0,1
2025-11-25T17:27:14.374852Z,mmtc,uesimtun2,598544,10105,802412,15146,1.380,0,1
2025-11-25T17:27:14.624040Z,embb,uesimtun0,603831,10089,825248,15693,1.441,0,1
2025-11-25T17:27:14.624040Z,urllc,uesimtun1,504319,9302,592932,10120,1.105,0,1
2025-11-25T17:27:14.624040Z,mmtc,uesimtun2,598709,10108,802656,15151,1.077,0,1
2025-11-25T17:27:14.874730Z,embb,uesimtun0,603996,10092,825492,15698,84.890,0,1
2025-11-25T17:27:14.874730Z,urllc,uesimtun1,504459,9305,593096,10123,1.275,0,1
2025-11-25T17:27:14.874730Z,mmtc,uesimtun2,598874,10111,802900,15156,0.933,0,1
2025-11-25T17:27:15.124293Z,embb,uesimtun0,604161,10095,825736,15703,1.360,0,1
2025-11-25T17:27:15.124293Z,urllc,uesimtun1,504676,9309,593340,10128,,1,1
2025-11-25T17:27:15.124293Z,mmtc,uesimtun2,599014,10114,803064,15159,0.975,0,1
2025-11-25T17:27:15.376565Z,embb,uesimtun0,604326,10098,825980,15708,2.024,0,1
2025-11-25T17:27:15.376565Z,urllc,uesimtun1,504716,9310,593400,10129,1.039,0,1
2025-11-25T17:27:15.376565Z,mmtc,uesimtun2,599179,10117,803308,15164,0.973,0,1
2025-11-25T17:27:15.624679Z,embb,uesimtun0,604491,10101,826224,15713,2.606,0,1
2025-11-25T17:27:15.624679Z,urllc,uesimtun1,504856,9313,593564,10132,1.073,0,1
2025-11-25T17:27:15.624679Z,mmtc,uesimtun2,599344,10120,803552,15169,,1,1
2025-11-25T17:27:15.875342Z,embb,uesimtun0,604656,10104,826468,15718,59.132,0,1
2025-11-25T17:27:15.875342Z,urllc,uesimtun1,505021,9316,593808,10137,1.125,0,1
2025-11-25T17:27:15.875342Z,mmtc,uesimtun2,599384,10121,803612,15170,1.046,0,1
2025-11-25T17:27:16.124606Z,embb,uesimtun0,604821,10107,826712,15723,1.482,0,1
2025-11-25T17:27:16.124606Z,urllc,uesimtun1,505186,9319,594052,10142,1.005,0,1
2025-11-25T17:27:16.124606Z,mmtc,uesimtun2,599549,10124,803856,15175,0.903,0,1
2025-11-25T17:27:16.374299Z,embb,uesimtun0,604986,10110,826956,15728,1.467,0,1
2025-11-25T17:27:16.374299Z,urllc,uesimtun1,505326,9322,594216,10145,1.164,0,1
2025-11-25T17:27:16.374299Z,mmtc,uesimtun2,599714,10127,804100,15180,1.048,0,1
2025-11-25T17:27:16.624274Z,embb,uesimtun0,605151,10113,827200,15733,1.514,0,1
2025-11-25T17:27:16.624274Z,urllc,uesimtun1,505466,9325,594380,10148,1.033,0,1
2025-11-25T17:27:16.624274Z,mmtc,uesimtun2,599879,10130,804344,15185,1.002,0,1
2025-11-25T17:27:16.874407Z,embb,uesimtun0,605316,10116,827444,15738,85.155,0,1
2025-11-25T17:27:16.874407Z,urllc,uesimtun1,505631,9328,594624,10153,0.945,0,1
2025-11-25T17:27:16.874407Z,mmtc,uesimtun2,600019,10133,804508,15188,1.026,0,1
2025-11-25T17:27:17.124382Z,embb,uesimtun0,605481,10119,827688,15743,1.450,0,1
2025-11-25T17:27:17.124382Z,urllc,uesimtun1,505771,9331,594788,10156,1.002,0,1
2025-11-25T17:27:17.124382Z,mmtc,uesimtun2,600184,10136,804752,15193,0.917,0,1
2025-11-25T17:27:17.374277Z,embb,uesimtun0,605646,10122,827932,15748,1.418,0,1
2025-11-25T17:27:17.374277Z,urllc,uesimtun1,505911,9334,594952,10159,1.175,0,1
2025-11-25T17:27:17.374277Z,mmtc,uesimtun2,600349,10139,804996,15198,1.333,0,1
2025-11-25T17:27:17.624317Z,embb,uesimtun0,605811,10125,828176,15753,3.077,0,1
2025-11-25T17:27:17.624317Z,urllc,uesimtun1,506051,9337,595116,10162,0.996,0,1
2025-11-25T17:27:17.624317Z,mmtc,uesimtun2,600514,10142,805240,15203,1.406,0,1
2025-11-25T17:27:17.874921Z,embb,uesimtun0,605976,10128,828420,15758,61.726,0,1
2025-11-25T17:27:17.874921Z,urllc,uesimtun1,506216,9340,595360,10167,0.911,0,1
2025-11-25T17:27:17.874921Z,mmtc,uesimtun2,600654,10145,805404,15206,1.072,0,1
2025-11-25T17:27:18.124486Z,embb,uesimtun0,606141,10131,828664,15763,1.674,0,1
2025-11-25T17:27:18.124486Z,urllc,uesimtun1,506381,9343,595604,10172,,1,1
2025-11-25T17:27:18.124486Z,mmtc,uesimtun2,600871,10149,805648,15211,1.028,0,1
2025-11-25T17:27:18.374036Z,embb,uesimtun0,606306,10134,828908,15768,1.470,0,1
2025-11-25T17:27:18.374036Z,urllc,uesimtun1,506421,9344,595664,10173,,1,1
2025-11-25T17:27:18.374036Z,mmtc,uesimtun2,601036,10152,805892,15216,1.048,0,1
2025-11-25T17:27:18.624851Z,embb,uesimtun0,606471,10137,829152,15773,1.534,0,1
2025-11-25T17:27:18.624851Z,urllc,uesimtun1,506461,9345,595724,10174,1.046,0,1
2025-11-25T17:27:18.624851Z,mmtc,uesimtun2,601201,10155,806136,15221,2.495,0,1
2025-11-25T17:27:18.880955Z,embb,uesimtun0,606636,10140,829396,15778,78.456,0,1
2025-11-25T17:27:18.880955Z,urllc,uesimtun1,506626,9348,595968,10179,1.099,0,1
2025-11-25T17:27:18.880955Z,mmtc,uesimtun2,601366,10158,806380,15226,1.020,0,1
2025-11-25T17:27:19.125939Z,embb,uesimtun0,606801,10143,829640,15783,1.505,0,1
2025-11-25T17:27:19.125939Z,urllc,uesimtun1,506791,9351,596212,10184,,1,1
2025-11-25T17:27:19.125939Z,mmtc,uesimtun2,601531,10161,806624,15231,1.070,0,1
2025-11-25T17:27:19.374538Z,embb,uesimtun0,606966,10146,829884,15788,1.570,0,1
2025-11-25T17:27:19.374538Z,urllc,uesimtun1,506831,9352,596272,10185,1.012,0,1
2025-11-25T17:27:19.374538Z,mmtc,uesimtun2,601696,10164,806868,15236,1.042,0,1
2025-11-25T17:27:19.624837Z,embb,uesimtun0,607131,10149,830128,15793,1.495,0,1
2025-11-25T17:27:19.624837Z,urllc,uesimtun1,506971,9355,596436,10188,1.766,0,1
2025-11-25T17:27:19.624837Z,mmtc,uesimtun2,601861,10167,807112,15241,1.059,0,1
2025-11-25T17:27:19.875862Z,embb,uesimtun0,607296,10152,830372,15798,64.551,0,1
2025-11-25T17:27:19.875862Z,urllc,uesimtun1,507136,9358,596680,10193,1.365,0,1
2025-11-25T17:27:19.875862Z,mmtc,uesimtun2,602001,10170,807276,15244,0.894,0,1
2025-11-25T17:27:20.124724Z,embb,uesimtun0,607461,10155,830616,15803,1.371,0,1
2025-11-25T17:27:20.124724Z,urllc,uesimtun1,507301,9361,596924,10198,1.052,0,1
2025-11-25T17:27:20.124724Z,mmtc,uesimtun2,602141,10173,807440,15247,0.843,0,1
2025-11-25T17:27:20.374841Z,embb,uesimtun0,607626,10158,830860,15808,1.404,0,1
2025-11-25T17:27:20.374841Z,urllc,uesimtun1,507441,9364,597088,10201,,1,1
2025-11-25T17:27:20.374841Z,mmtc,uesimtun2,602358,10177,807684,15252,1.010,0,1
2025-11-25T17:27:20.624136Z,embb,uesimtun0,607791,10161,831104,15813,1.651,0,1
2025-11-25T17:27:20.624136Z,urllc,uesimtun1,507481,9365,597148,10202,1.108,0,1
2025-11-25T17:27:20.624136Z,mmtc,uesimtun2,602523,10180,807928,15257,4.079,0,1
2025-11-25T17:27:20.874481Z,embb,uesimtun0,607956,10164,831348,15818,64.961,0,1
2025-11-25T17:27:20.874481Z,urllc,uesimtun1,507621,9368,597312,10205,1.051,0,1
2025-11-25T17:27:20.874481Z,mmtc,uesimtun2,602688,10183,808172,15262,1.081,0,1
2025-11-25T17:27:21.124446Z,embb,uesimtun0,608121,10167,831592,15823,1.565,0,1
2025-11-25T17:27:21.124446Z,urllc,uesimtun1,507786,9371,597556,10210,0.967,0,1
2025-11-25T17:27:21.124446Z,mmtc,uesimtun2,602853,10186,808416,15267,1.068,0,1
2025-11-25T17:27:21.374270Z,embb,uesimtun0,608286,10170,831836,15828,1.734,0,1
2025-11-25T17:27:21.374270Z,urllc,uesimtun1,507926,9374,597720,10213,,1,1
2025-11-25T17:27:21.374270Z,mmtc,uesimtun2,603018,10189,808660,15272,5.708,0,1
2025-11-25T17:27:21.624322Z,embb,uesimtun0,608451,10173,832080,15833,1.344,0,1
2025-11-25T17:27:21.624322Z,urllc,uesimtun1,507966,9375,597780,10214,1.038,0,1
2025-11-25T17:27:21.624322Z,mmtc,uesimtun2,603183,10192,808904,15277,0.969,0,1
2025-11-25T17:27:21.874381Z,embb,uesimtun0,608616,10176,832324,15838,80.278,0,1
2025-11-25T17:27:21.874381Z,urllc,uesimtun1,508106,9378,597944,10217,,1,1
2025-11-25T17:27:21.874381Z,mmtc,uesimtun2,603348,10195,809148,15282,1.003,0,1
2025-11-25T17:27:22.124844Z,embb,uesimtun0,608781,10179,832568,15843,1.311,0,1
2025-11-25T17:27:22.124844Z,urllc,uesimtun1,508146,9379,598004,10218,0.958,0,1
2025-11-25T17:27:22.124844Z,mmtc,uesimtun2,603513,10198,809392,15287,1.242,0,1
2025-11-25T17:27:22.374583Z,embb,uesimtun0,608946,10182,832812,15848,1.368,0,1
2025-11-25T17:27:22.374583Z,urllc,uesimtun1,508286,9382,598168,10221,0.973,0,1
2025-11-25T17:27:22.374583Z,mmtc,uesimtun2,603678,10201,809636,15292,0.981,0,1
2025-11-25T17:27:22.624310Z,embb,uesimtun0,609111,10185,833056,15853,1.452,0,1
2025-11-25T17:27:22.624310Z,urllc,uesimtun1,508426,9385,598332,10224,1.122,0,1
2025-11-25T17:27:22.624310Z,mmtc,uesimtun2,603843,10204,809880,15297,0.928,0,1
2025-11-25T17:27:22.874404Z,embb,uesimtun0,609276,10188,833300,15858,84.970,0,1
2025-11-25T17:27:22.874404Z,urllc,uesimtun1,508591,9388,598576,10229,1.067,0,1
2025-11-25T17:27:22.874404Z,mmtc,uesimtun2,603983,10207,810044,15300,0.933,0,1
2025-11-25T17:27:23.124186Z,embb,uesimtun0,609441,10191,833544,15863,1.162,0,1
2025-11-25T17:27:23.124186Z,urllc,uesimtun1,508731,9391,598740,10232,0.957,0,1
2025-11-25T17:27:23.124186Z,mmtc,uesimtun2,604148,10210,810288,15305,0.883,0,1
2025-11-25T17:27:23.374640Z,embb,uesimtun0,609606,10194,833788,15868,1.625,0,1
2025-11-25T17:27:23.374640Z,urllc,uesimtun1,508871,9394,598904,10235,1.057,0,1
2025-11-25T17:27:23.374640Z,mmtc,uesimtun2,604313,10213,810532,15310,1.043,0,1
2025-11-25T17:27:23.624726Z,embb,uesimtun0,609771,10197,834032,15873,1.669,0,1
2025-11-25T17:27:23.624726Z,urllc,uesimtun1,509011,9397,599068,10238,1.066,0,1
2025-11-25T17:27:23.624726Z,mmtc,uesimtun2,604478,10216,810776,15315,1.070,0,1
2025-11-25T17:27:23.874907Z,embb,uesimtun0,609936,10200,834276,15878,59.624,0,1
2025-11-25T17:27:23.874907Z,urllc,uesimtun1,509151,9400,599232,10241,1.420,0,1
2025-11-25T17:27:23.874907Z,mmtc,uesimtun2,604643,10219,811020,15320,,1,1
2025-11-25T17:27:24.124338Z,embb,uesimtun0,610101,10203,834520,15883,1.586,0,1
2025-11-25T17:27:24.124338Z,urllc,uesimtun1,509316,9403,599476,10246,1.010,0,1
2025-11-25T17:27:24.124338Z,mmtc,uesimtun2,604683,10220,811080,15321,1.108,0,1
2025-11-25T17:27:24.374584Z,embb,uesimtun0,610266,10206,834764,15888,3.053,0,1
2025-11-25T17:27:24.374584Z,urllc,uesimtun1,509481,9406,599720,10251,1.026,0,1
2025-11-25T17:27:24.374584Z,mmtc,uesimtun2,604823,10223,811244,15324,1.043,0,1
2025-11-25T17:27:24.624555Z,embb,uesimtun0,610431,10209,835008,15893,1.655,0,1
2025-11-25T17:27:24.624555Z,urllc,uesimtun1,509621,9409,599884,10254,1.059,0,1
2025-11-25T17:27:24.624555Z,mmtc,uesimtun2,604988,10226,811488,15329,1.064,0,1
2025-11-25T17:27:24.880878Z,embb,uesimtun0,610596,10212,835252,15898,119.045,0,1
2025-11-25T17:27:24.880878Z,urllc,uesimtun1,509761,9412,600048,10257,0.895,0,1
2025-11-25T17:27:24.880878Z,mmtc,uesimtun2,605153,10229,811732,15334,0.849,0,1
2025-11-25T17:27:25.124745Z,embb,uesimtun0,610761,10215,835496,15903,1.321,0,1
2025-11-25T17:27:25.124745Z,urllc,uesimtun1,509901,9415,600212,10260,,1,1
2025-11-25T17:27:25.124745Z,mmtc,uesimtun2,605318,10232,811976,15339,0.878,0,1
2025-11-25T17:27:25.374593Z,embb,uesimtun0,610926,10218,835740,15908,1.546,0,1
2025-11-25T17:27:25.374593Z,urllc,uesimtun1,509941,9416,600272,10261,0.916,0,1
2025-11-25T17:27:25.374593Z,mmtc,uesimtun2,605483,10235,812220,15344,0.857,0,1
2025-11-25T17:27:25.624340Z,embb,uesimtun0,611091,10221,835984,15913,1.381,0,1
2025-11-25T17:27:25.624340Z,urllc,uesimtun1,510081,9419,600436,10264,1.052,0,1
2025-11-25T17:27:25.624340Z,mmtc,uesimtun2,605648,10238,812464,15349,0.902,0,1
2025-11-25T17:27:25.874790Z,embb,uesimtun0,611256,10224,836228,15918,85.091,0,1
2025-11-25T17:27:25.874790Z,urllc,uesimtun1,510221,9422,600600,10267,0.981,0,1
2025-11-25T17:27:25.874790Z,mmtc,uesimtun2,605813,10241,812708,15354,0.935,0,1
2025-11-25T17:27:26.124608Z,embb,uesimtun0,611421,10227,836472,15923,1.545,0,1
2025-11-25T17:27:26.124608Z,urllc,uesimtun1,510361,9425,600764,10270,4.173,0,1
2025-11-25T17:27:26.124608Z,mmtc,uesimtun2,605978,10244,812952,15359,0.988,0,1
2025-11-25T17:27:26.374585Z,embb,uesimtun0,611586,10230,836716,15928,1.444,0,1
2025-11-25T17:27:26.374585Z,urllc,uesimtun1,510501,9428,600928,10273,0.906,0,1
2025-11-25T17:27:26.374585Z,mmtc,uesimtun2,606143,10247,813196,15364,0.925,0,1
2025-11-25T17:27:26.624455Z,embb,uesimtun0,611751,10233,836960,15933,1.492,0,1
2025-11-25T17:27:26.624455Z,urllc,uesimtun1,510641,9431,601092,10276,0.984,0,1
2025-11-25T17:27:26.624455Z,mmtc,uesimtun2,606308,10250,813440,15369,1.014,0,1
2025-11-25T17:27:26.875583Z,embb,uesimtun0,611916,10236,837204,15938,84.094,0,1
2025-11-25T17:27:26.875583Z,urllc,uesimtun1,510781,9434,601256,10279,1.014,0,1
2025-11-25T17:27:26.875583Z,mmtc,uesimtun2,606473,10253,813684,15374,1.038,0,1
2025-11-25T17:27:27.124384Z,embb,uesimtun0,612081,10239,837448,15943,1.446,0,1
2025-11-25T17:27:27.124384Z,urllc,uesimtun1,510921,9437,601420,10282,1.033,0,1
2025-11-25T17:27:27.124384Z,mmtc,uesimtun2,606638,10256,813928,15379,0.919,0,1
2025-11-25T17:27:27.374484Z,embb,uesimtun0,612246,10242,837692,15948,1.525,0,1
2025-11-25T17:27:27.374484Z,urllc,uesimtun1,511061,9440,601584,10285,1.020,0,1
2025-11-25T17:27:27.374484Z,mmtc,uesimtun2,606803,10259,814172,15384,1.186,0,1
2025-11-25T17:27:27.624604Z,embb,uesimtun0,612411,10245,837936,15953,1.492,0,1
2025-11-25T17:27:27.624604Z,urllc,uesimtun1,511201,9443,601748,10288,1.121,0,1
2025-11-25T17:27:27.624604Z,mmtc,uesimtun2,606968,10262,814416,15389,1.301,0,1
2025-11-25T17:27:27.874901Z,embb,uesimtun0,612576,10248,838180,15958,79.518,0,1
2025-11-25T17:27:27.874901Z,urllc,uesimtun1,511341,9446,601912,10291,1.070,0,1
2025-11-25T17:27:27.874901Z,mmtc,uesimtun2,607133,10265,814660,15394,,1,1
2025-11-25T17:27:28.124528Z,embb,uesimtun0,612741,10251,838424,15963,1.381,0,1
2025-11-25T17:27:28.124528Z,urllc,uesimtun1,511506,9449,602156,10296,1.000,0,1
2025-11-25T17:27:28.124528Z,mmtc,uesimtun2,607173,10266,814720,15395,0.887,0,1
2025-11-25T17:27:28.374372Z,embb,uesimtun0,612906,10254,838668,15968,1.477,0,1
2025-11-25T17:27:28.374372Z,urllc,uesimtun1,511646,9452,602320,10299,0.936,0,1
2025-11-25T17:27:28.374372Z,mmtc,uesimtun2,607338,10269,814964,15400,0.987,0,1
2025-11-25T17:27:28.624903Z,embb,uesimtun0,613071,10257,838912,15973,1.486,0,1
2025-11-25T17:27:28.624903Z,urllc,uesimtun1,511786,9455,602484,10302,1.018,0,1
2025-11-25T17:27:28.624903Z,mmtc,uesimtun2,607503,10272,815208,15405,1.072,0,1
2025-11-25T17:27:28.874423Z,embb,uesimtun0,613236,10260,839156,15978,84.942,0,1
2025-11-25T17:27:28.874423Z,urllc,uesimtun1,511926,9458,602648,10305,0.975,0,1
2025-11-25T17:27:28.874423Z,mmtc,uesimtun2,607668,10275,815452,15410,1.055,0,1
2025-11-25T17:27:29.124200Z,embb,uesimtun0,613401,10263,839400,15983,1.582,0,1
2025-11-25T17:27:29.124200Z,urllc,uesimtun1,512091,9461,602892,10310,1.172,0,1
2025-11-25T17:27:29.124200Z,mmtc,uesimtun2,607808,10278,815616,15413,3.913,0,1
2025-11-25T17:27:29.374774Z,embb,uesimtun0,613566,10266,839644,15988,1.373,0,1
2025-11-25T17:27:29.374774Z,urllc,uesimtun1,512231,9464,603056,10313,1.055,0,1
2025-11-25T17:27:29.374774Z,mmtc,uesimtun2,607973,10281,815860,15418,1.101,0,1
2025-11-25T17:27:29.624745Z,embb,uesimtun0,613731,10269,839888,15993,1.440,0,1
2025-11-25T17:27:29.624745Z,urllc,uesimtun1,512371,9467,603220,10316,1.003,0,1
2025-11-25T17:27:29.624745Z,mmtc,uesimtun2,608138,10284,816104,15423,0.941,0,1
2025-11-25T17:27:29.874786Z,embb,uesimtun0,613896,10272,840132,15998,84.959,0,1
2025-11-25T17:27:29.874786Z,urllc,uesimtun1,512511,9470,603384,10319,1.029,0,1
2025-11-25T17:27:29.874786Z,mmtc,uesimtun2,608303,10287,816348,15428,1.054,0,1
2025-11-25T17:27:30.124206Z,embb,uesimtun0,614061,10275,840376,16003,1.268,0,1
2025-11-25T17:27:30.124206Z,urllc,uesimtun1,512651,9473,603548,10322,,1,1
2025-11-25T17:27:30.124206Z,mmtc,uesimtun2,608468,10290,816592,15433,1.059,0,1
2025-11-25T17:27:30.374542Z,embb,uesimtun0,614226,10278,840620,16008,1.433,0,1
2025-11-25T17:27:30.374542Z,urllc,uesimtun1,512691,9474,603608,10323,,1,1
2025-11-25T17:27:30.374542Z,mmtc,uesimtun2,608633,10293,816836,15438,1.013,0,1
2025-11-25T17:27:30.624871Z,embb,uesimtun0,614391,10281,840864,16013,1.607,0,1
2025-11-25T17:27:30.624871Z,urllc,uesimtun1,512731,9475,603668,10324,1.971,0,1
2025-11-25T17:27:30.624871Z,mmtc,uesimtun2,608798,10296,817080,15443,1.016,0,1
2025-11-25T17:27:30.874395Z,embb,uesimtun0,614556,10284,841108,16018,83.674,0,1
2025-11-25T17:27:30.874395Z,urllc,uesimtun1,512871,9478,603832,10327,1.148,0,1
2025-11-25T17:27:30.874395Z,mmtc,uesimtun2,608963,10299,817324,15448,1.055,0,1
2025-11-25T17:27:31.124254Z,embb,uesimtun0,614721,10287,841352,16023,1.488,0,1
2025-11-25T17:27:31.124254Z,urllc,uesimtun1,513036,9481,604076,10332,1.173,0,1
2025-11-25T17:27:31.124254Z,mmtc,uesimtun2,609128,10302,817568,15453,1.194,0,1
2025-11-25T17:27:31.374406Z,embb,uesimtun0,614886,10290,841596,16028,1.399,0,1
2025-11-25T17:27:31.374406Z,urllc,uesimtun1,513201,9484,604320,10337,1.060,0,1
2025-11-25T17:27:31.374406Z,mmtc,uesimtun2,609293,10305,817812,15458,1.191,0,1
2025-11-25T17:27:31.624536Z,embb,uesimtun0,615051,10293,841840,16033,1.468,0,1
2025-11-25T17:27:31.624536Z,urllc,uesimtun1,513341,9487,604484,10340,1.015,0,1
2025-11-25T17:27:31.624536Z,mmtc,uesimtun2,609458,10308,818056,15463,0.896,0,1
2025-11-25T17:27:31.880713Z,embb,uesimtun0,615216,10296,842084,16038,79.786,0,1
2025-11-25T17:27:31.880713Z,urllc,uesimtun1,513481,9490,604648,10343,1.079,0,1
2025-11-25T17:27:31.880713Z,mmtc,uesimtun2,609623,10311,818300,15468,1.171,0,1
2025-11-25T17:27:32.124308Z,embb,uesimtun0,615381,10299,842328,16043,1.657,0,1
2025-11-25T17:27:32.124308Z,urllc,uesimtun1,513646,9493,604892,10348,,1,1
2025-11-25T17:27:32.124308Z,mmtc,uesimtun2,609788,10314,818544,15473,1.147,0,1
2025-11-25T17:27:32.374291Z,embb,uesimtun0,615546,10302,842572,16048,3.783,0,1
2025-11-25T17:27:32.374291Z,urllc,uesimtun1,513686,9494,604952,10349,,1,1
2025-11-25T17:27:32.374291Z,mmtc,uesimtun2,609953,10317,818788,15478,1.034,0,1
2025-11-25T17:27:32.624650Z,embb,uesimtun0,615711,10305,842816,16053,1.495,0,1
2025-11-25T17:27:32.624650Z,urllc,uesimtun1,513726,9495,605012,10350,1.076,0,1
2025-11-25T17:27:32.624650Z,mmtc,uesimtun2,610118,10320,819032,15483,1.226,0,1
2025-11-25T17:27:32.874310Z,embb,uesimtun0,615876,10308,843060,16058,85.373,0,1
2025-11-25T17:27:32.874310Z,urllc,uesimtun1,513866,9498,605176,10353,1.105,0,1
2025-11-25T17:27:32.874310Z,mmtc,uesimtun2,610283,10323,819276,15488,0.962,0,1
2025-11-25T17:27:33.124045Z,embb,uesimtun0,616041,10311,843304,16063,1.481,0,1
2025-11-25T17:27:33.124045Z,urllc,uesimtun1,514031,9501,605420,10358,1.079,0,1
2025-11-25T17:27:33.124045Z,mmtc,uesimtun2,610423,10326,819440,15491,1.031,0,1
2025-11-25T17:27:33.374839Z,embb,uesimtun0,616206,10314,843548,16068,1.711,0,1
2025-11-25T17:27:33.374839Z,urllc,uesimtun1,514171,9504,605584,10361,0.969,0,1
2025-11-25T17:27:33.374839Z,mmtc,uesimtun2,610588,10329,819684,15496,1.753,0,1
2025-11-25T17:27:33.624882Z,embb,uesimtun0,616371,10317,843792,16073,1.405,0,1
2025-11-25T17:27:33.624882Z,urllc,uesimtun1,514311,9507,605748,10364,1.056,0,1
2025-11-25T17:27:33.624882Z,mmtc,uesimtun2,610753,10332,819928,15501,0.931,0,1
2025-11-25T17:27:33.880634Z,embb,uesimtun0,616536,10320,844036,16078,69.704,0,1
2025-11-25T17:27:33.880634Z,urllc,uesimtun1,514451,9510,605912,10367,1.474,0,1
2025-11-25T17:27:33.880634Z,mmtc,uesimtun2,610918,10335,820172,15506,,1,1
2025-11-25T17:27:34.124339Z,embb,uesimtun0,616701,10323,844280,16083,1.503,0,1
2025-11-25T17:27:34.124339Z,urllc,uesimtun1,514616,9513,606156,10372,1.121,0,1
2025-11-25T17:27:34.124339Z,mmtc,uesimtun2,610958,10336,820232,15507,0.886,0,1
2025-11-25T17:27:34.374762Z,embb,uesimtun0,616866,10326,844524,16088,1.522,0,1
2025-11-25T17:27:34.374762Z,urllc,uesimtun1,514756,9516,606320,10375,,1,1
2025-11-25T17:27:34.374762Z,mmtc,uesimtun2,611123,10339,820476,15512,0.973,0,1
2025-11-25T17:27:34.624545Z,embb,uesimtun0,617031,10329,844768,16093,1.918,0,1
2025-11-25T17:27:34.624545Z,urllc,uesimtun1,514796,9517,606380,10376,1.244,0,1
2025-11-25T17:27:34.624545Z,mmtc,uesimtun2,611288,10342,820720,15517,1.611,0,1
2025-11-25T17:27:34.874026Z,embb,uesimtun0,617196,10332,845012,16098,85.403,0,1
2025-11-25T17:27:34.874026Z,urllc,uesimtun1,514961,9520,606624,10381,1.111,0,1
2025-11-25T17:27:34.874026Z,mmtc,uesimtun2,611453,10345,820964,15522,1.060,0,1
2025-11-25T17:27:35.124286Z,embb,uesimtun0,617361,10335,845256,16103,1.233,0,1
2025-11-25T17:27:35.124286Z,urllc,uesimtun1,515126,9523,606868,10386,,1,1
2025-11-25T17:27:35.124286Z,mmtc,uesimtun2,611618,10348,821208,15527,0.953,0,1
2025-11-25T17:27:35.374418Z,embb,uesimtun0,617526,10338,845500,16108,1.441,0,1
2025-11-25T17:27:35.374418Z,urllc,uesimtun1,515166,9524,606928,10387,1.034,0,1
2025-11-25T17:27:35.374418Z,mmtc,uesimtun2,611783,10351,821452,15532,0.964,0,1
2025-11-25T17:27:35.624378Z,embb,uesimtun0,617691,10341,845744,16113,1.563,0,1
2025-11-25T17:27:35.624378Z,urllc,uesimtun1,515306,9527,607092,10390,0.992,0,1
2025-11-25T17:27:35.624378Z,mmtc,uesimtun2,611948,10354,821696,15537,0.964,0,1
2025-11-25T17:27:35.881142Z,embb,uesimtun0,617856,10344,845988,16118,103.935,0,1
2025-11-25T17:27:35.881142Z,urllc,uesimtun1,515446,9530,607256,10393,,1,1
2025-11-25T17:27:35.881142Z,mmtc,uesimtun2,612113,10357,821940,15542,0.986,0,1
2025-11-25T17:27:36.124915Z,embb,uesimtun0,618021,10347,846232,16123,1.307,0,1
2025-11-25T17:27:36.124915Z,urllc,uesimtun1,515486,9531,607316,10394,4.606,0,1
2025-11-25T17:27:36.124915Z,mmtc,uesimtun2,612278,10360,822184,15547,1.001,0,1
2025-11-25T17:27:36.374373Z,embb,uesimtun0,618186,10350,846476,16128,1.290,0,1
2025-11-25T17:27:36.374373Z,urllc,uesimtun1,515651,9534,607560,10399,1.701,0,1
2025-11-25T17:27:36.374373Z,mmtc,uesimtun2,612418,10363,822348,15550,1.032,0,1
2025-11-25T17:27:36.625075Z,embb,uesimtun0,618351,10353,846720,16133,1.489,0,1
2025-11-25T17:27:36.625075Z,urllc,uesimtun1,515791,9537,607724,10402,,1,1
2025-11-25T17:27:36.625075Z,mmtc,uesimtun2,612583,10366,822592,15555,0.907,0,1
2025-11-25T17:27:36.874922Z,embb,uesimtun0,618516,10356,846964,16138,85.052,0,1
2025-11-25T17:27:36.874922Z,urllc,uesimtun1,515831,9538,607784,10403,1.174,0,1
2025-11-25T17:27:36.874922Z,mmtc,uesimtun2,612748,10369,822836,15560,1.045,0,1
2025-11-25T17:27:37.124607Z,embb,uesimtun0,618681,10359,847208,16143,1.354,0,1
2025-11-25T17:27:37.124607Z,urllc,uesimtun1,515971,9541,607948,10406,,1,1
2025-11-25T17:27:37.124607Z,mmtc,uesimtun2,612913,10372,823080,15565,1.183,0,1
2025-11-25T17:27:37.374531Z,embb,uesimtun0,618846,10362,847452,16148,1.209,0,1
2025-11-25T17:27:37.374531Z,urllc,uesimtun1,516011,9542,608008,10407,0.981,0,1
2025-11-25T17:27:37.374531Z,mmtc,uesimtun2,613078,10375,823324,15570,0.987,0,1
2025-11-25T17:27:37.625000Z,embb,uesimtun0,619011,10365,847696,16153,1.258,0,1
2025-11-25T17:27:37.625000Z,urllc,uesimtun1,516151,9545,608172,10410,0.978,0,1
2025-11-25T17:27:37.625000Z,mmtc,uesimtun2,613243,10378,823568,15575,4.232,0,1
2025-11-25T17:27:37.874542Z,embb,uesimtun0,619176,10368,847940,16158,105.129,0,1
2025-11-25T17:27:37.874542Z,urllc,uesimtun1,516291,9548,608336,10413,0.943,0,1
2025-11-25T17:27:37.874542Z,mmtc,uesimtun2,613408,10381,823812,15580,0.993,0,1
2025-11-25T17:27:38.124939Z,embb,uesimtun0,619341,10371,848184,16163,1.124,0,1
2025-11-25T17:27:38.124939Z,urllc,uesimtun1,516431,9551,608500,10416,0.910,0,1
2025-11-25T17:27:38.124939Z,mmtc,uesimtun2,613573,10384,824056,15585,0.801,0,1
2025-11-25T17:27:38.374468Z,embb,uesimtun0,619506,10374,848428,16168,1.223,0,1
2025-11-25T17:27:38.374468Z,urllc,uesimtun1,516571,9554,608664,10419,0.956,0,1
2025-11-25T17:27:38.374468Z,mmtc,uesimtun2,613738,10387,824300,15590,1.073,0,1
2025-11-25T17:27:38.624924Z,embb,uesimtun0,619671,10377,848672,16173,1.190,0,1
2025-11-25T17:27:38.624924Z,urllc,uesimtun1,516711,9557,608828,10422,,1,1
2025-11-25T17:27:38.624924Z,mmtc,uesimtun2,613903,10390,824544,15595,0.866,0,1
2025-11-25T17:27:38.874702Z,embb,uesimtun0,619836,10380,848916,16178,80.417,0,1
2025-11-25T17:27:38.874702Z,urllc,uesimtun1,516751,9558,608888,10423,0.933,0,1
2025-11-25T17:27:38.874702Z,mmtc,uesimtun2,614068,10393,824788,15600,0.983,0,1
2025-11-25T17:27:39.124475Z,embb,uesimtun0,620001,10383,849160,16183,1.555,0,1
2025-11-25T17:27:39.124475Z,urllc,uesimtun1,516916,9561,609132,10428,,1,1
2025-11-25T17:27:39.124475Z,mmtc,uesimtun2,614208,10396,824952,15603,0.937,0,1
2025-11-25T17:27:39.374339Z,embb,uesimtun0,620166,10386,849404,16188,2.020,0,1
2025-11-25T17:27:39.374339Z,urllc,uesimtun1,516956,9562,609192,10429,,1,1
2025-11-25T17:27:39.374339Z,mmtc,uesimtun2,614373,10399,825196,15608,1.105,0,1
2025-11-25T17:27:39.624397Z,embb,uesimtun0,620331,10389,849648,16193,1.664,0,1
2025-11-25T17:27:39.624397Z,urllc,uesimtun1,516996,9563,609252,10430,1.087,0,1
2025-11-25T17:27:39.624397Z,mmtc,uesimtun2,614538,10402,825440,15613,0.982,0,1
2025-11-25T17:27:39.881689Z,embb,uesimtun0,620496,10392,849892,16198,78.388,0,1
2025-11-25T17:27:39.881689Z,urllc,uesimtun1,517136,9566,609416,10433,1.112,0,1
2025-11-25T17:27:39.881689Z,mmtc,uesimtun2,614703,10405,825684,15618,1.065,0,1
2025-11-25T17:27:40.124858Z,embb,uesimtun0,620661,10395,850136,16203,1.286,0,1
2025-11-25T17:27:40.124858Z,urllc,uesimtun1,517301,9569,609660,10438,1.007,0,1
2025-11-25T17:27:40.124858Z,mmtc,uesimtun2,614868,10408,825928,15623,1.130,0,1
2025-11-25T17:27:40.374566Z,embb,uesimtun0,620826,10398,850380,16208,1.542,0,1
2025-11-25T17:27:40.374566Z,urllc,uesimtun1,517441,9572,609824,10441,1.177,0,1
2025-11-25T17:27:40.374566Z,mmtc,uesimtun2,615033,10411,826172,15628,0.953,0,1
2025-11-25T17:27:40.624303Z,embb,uesimtun0,620991,10401,850624,16213,1.573,0,1
2025-11-25T17:27:40.624303Z,urllc,uesimtun1,517581,9575,609988,10444,1.003,0,1
2025-11-25T17:27:40.624303Z,mmtc,uesimtun2,615198,10414,826416,15633,1.165,0,1
2025-11-25T17:27:40.875004Z,embb,uesimtun0,621156,10404,850868,16218,105.359,0,1
2025-11-25T17:27:40.875004Z,urllc,uesimtun1,517721,9578,610152,10447,1.167,0,1
2025-11-25T17:27:40.875004Z,mmtc,uesimtun2,615363,10417,826660,15638,1.062,0,1
2025-11-25T17:27:41.124586Z,embb,uesimtun0,621321,10407,851112,16223,4.360,0,1
2025-11-25T17:27:41.124586Z,urllc,uesimtun1,517886,9581,610396,10452,1.010,0,1
2025-11-25T17:27:41.124586Z,mmtc,uesimtun2,615528,10420,826904,15643,3.609,0,1
2025-11-25T17:27:41.374569Z,embb,uesimtun0,621486,10410,851356,16228,1.426,0,1
2025-11-25T17:27:41.374569Z,urllc,uesimtun1,518026,9584,610560,10455,1.005,0,1
2025-11-25T17:27:41.374569Z,mmtc,uesimtun2,615693,10423,827148,15648,1.116,0,1
2025-11-25T17:27:41.624490Z,embb,uesimtun0,621651,10413,851600,16233,1.522,0,1
2025-11-25T17:27:41.624490Z,urllc,uesimtun1,518166,9587,610724,10458,0.931,0,1
2025-11-25T17:27:41.624490Z,mmtc,uesimtun2,615858,10426,827392,15653,0.911,0,1
2025-11-25T17:27:41.874316Z,embb,uesimtun0,621816,10416,851844,16238,105.316,0,1
2025-11-25T17:27:41.874316Z,urllc,uesimtun1,518306,9590,610888,10461,,1,1
2025-11-25T17:27:41.874316Z,mmtc,uesimtun2,616023,10429,827636,15658,1.032,0,1
2025-11-25T17:27:42.124508Z,embb,uesimtun0,621981,10419,852088,16243,1.519,0,1
2025-11-25T17:27:42.124508Z,urllc,uesimtun1,518346,9591,610948,10462,,1,1
2025-11-25T17:27:42.124508Z,mmtc,uesimtun2,616188,10432,827880,15663,1.044,0,1
2025-11-25T17:27:42.374992Z,embb,uesimtun0,622146,10422,852332,16248,4.723,0,1
2025-11-25T17:27:42.374992Z,urllc,uesimtun1,518386,9592,611008,10463,4.848,0,1
2025-11-25T17:27:42.374992Z,mmtc,uesimtun2,616353,10435,828124,15668,1.016,0,1
2025-11-25T17:27:42.624380Z,embb,uesimtun0,622311,10425,852576,16253,1.477,0,1
2025-11-25T17:27:42.624380Z,urllc,uesimtun1,518526,9595,611172,10466,1.261,0,1
2025-11-25T17:27:42.624380Z,mmtc,uesimtun2,616518,10438,828368,15673,1.020,0,1
2025-11-25T17:27:42.874525Z,embb,uesimtun0,622476,10428,852820,16258,89.580,0,1
2025-11-25T17:27:42.874525Z,urllc,uesimtun1,518666,9598,611336,10469,1.040,0,1
2025-11-25T17:27:42.874525Z,mmtc,uesimtun2,616683,10441,828612,15678,0.892,0,1
2025-11-25T17:27:43.125047Z,embb,uesimtun0,622641,10431,853064,16263,1.215,0,1
2025-11-25T17:27:43.125047Z,urllc,uesimtun1,518806,9601,611500,10472,0.926,0,1
2025-11-25T17:27:43.125047Z,mmtc,uesimtun2,616848,10444,828856,15683,1.138,0,1
2025-11-25T17:27:43.375018Z,embb,uesimtun0,622806,10434,853308,16268,1.189,0,1
2025-11-25T17:27:43.375018Z,urllc,uesimtun1,518946,9604,611664,10475,1.009,0,1
2025-11-25T17:27:43.375018Z,mmtc,uesimtun2,617013,10447,829100,15688,1.025,0,1
2025-11-25T17:27:43.624490Z,embb,uesimtun0,622971,10437,853552,16273,1.179,0,1
2025-11-25T17:27:43.624490Z,urllc,uesimtun1,519086,9607,611828,10478,1.061,0,1
2025-11-25T17:27:43.624490Z,mmtc,uesimtun2,617178,10450,829344,15693,1.091,0,1
2025-11-25T17:27:43.874557Z,embb,uesimtun0,623136,10440,853796,16278,85.430,0,1
2025-11-25T17:27:43.874557Z,urllc,uesimtun1,519226,9610,611992,10481,,1,1
2025-11-25T17:27:43.874557Z,mmtc,uesimtun2,617343,10453,829588,15698,1.004,0,1
2025-11-25T17:27:44.124792Z,embb,uesimtun0,623301,10443,854040,16283,1.348,0,1
2025-11-25T17:27:44.124792Z,urllc,uesimtun1,519266,9611,612052,10482,1.026,0,1
2025-11-25T17:27:44.124792Z,mmtc,uesimtun2,617508,10456,829832,15703,1.028,0,1
2025-11-25T17:27:44.374735Z,embb,uesimtun0,623466,10446,854284,16288,1.261,0,1
2025-11-25T17:27:44.374735Z,urllc,uesimtun1,519406,9614,612216,10485,1.016,0,1
2025-11-25T17:27:44.374735Z,mmtc,uesimtun2,617673,10459,830076,15708,0.943,0,1
2025-11-25T17:27:44.624935Z,embb,uesimtun0,623631,10449,854528,16293,1.211,0,1
2025-11-25T17:27:44.624935Z,urllc,uesimtun1,519546,9617,612380,10488,3.446,0,1
2025-11-25T17:27:44.624935Z,mmtc,uesimtun2,617838,10462,830320,15713,0.954,0,1
2025-11-25T17:27:44.874421Z,embb,uesimtun0,623796,10452,854772,16298,85.062,0,1
2025-11-25T17:27:44.874421Z,urllc,uesimtun1,519686,9620,612544,10491,,1,1
2025-11-25T17:27:44.874421Z,mmtc,uesimtun2,618003,10465,830564,15718,0.977,0,1
2025-11-25T17:27:45.124208Z,embb,uesimtun0,623961,10455,855016,16303,1.345,0,1
2025-11-25T17:27:45.124208Z,urllc,uesimtun1,519726,9621,612604,10492,0.953,0,1
2025-11-25T17:27:45.124208Z,mmtc,uesimtun2,618168,10468,830808,15723,0.940,0,1
2025-11-25T17:27:45.374998Z,embb,uesimtun0,624126,10458,855260,16308,1.426,0,1
2025-11-25T17:27:45.374998Z,urllc,uesimtun1,519866,9624,612768,10495,0.985,0,1
2025-11-25T17:27:45.374998Z,mmtc,uesimtun2,618333,10471,831052,15728,1.338,0,1
2025-11-25T17:27:45.624488Z,embb,uesimtun0,624291,10461,855504,16313,1.540,0,1
2025-11-25T17:27:45.624488Z,urllc,uesimtun1,520006,9627,612932,10498,,1,1
2025-11-25T17:27:45.624488Z,mmtc,uesimtun2,618498,10474,831296,15733,1.928,0,1
2025-11-25T17:27:45.874920Z,embb,uesimtun0,624456,10464,855748,16318,90.461,0,1
2025-11-25T17:27:45.874920Z,urllc,uesimtun1,520046,9628,612992,10499,1.010,0,1
2025-11-25T17:27:45.874920Z,mmtc,uesimtun2,618663,10477,831540,15738,1.013,0,1
2025-11-25T17:27:46.124917Z,embb,uesimtun0,624621,10467,855992,16323,1.513,0,1
2025-11-25T17:27:46.124917Z,urllc,uesimtun1,520211,9631,613236,10504,1.068,0,1
2025-11-25T17:27:46.124917Z,mmtc,uesimtun2,618803,10480,831704,15741,1.240,0,1
2025-11-25T17:27:46.374780Z,embb,uesimtun0,624786,10470,856236,16328,1.497,0,1
2025-11-25T17:27:46.374780Z,urllc,uesimtun1,520376,9634,613480,10509,1.004,0,1
2025-11-25T17:27:46.374780Z,mmtc,uesimtun2,618968,10483,831948,15746,1.026,0,1
2025-11-25T17:27:46.624748Z,embb,uesimtun0,624951,10473,856480,16333,1.419,0,1
2025-11-25T17:27:46.624748Z,urllc,uesimtun1,520516,9637,613644,10512,,1,1
2025-11-25T17:27:46.624748Z,mmtc,uesimtun2,619133,10486,832192,15751,1.034,0,1
2025-11-25T17:27:46.875518Z,embb,uesimtun0,625116,10476,856724,16338,104.380,0,1
2025-11-25T17:27:46.875518Z,urllc,uesimtun1,520556,9638,613704,10513,1.074,0,1
2025-11-25T17:27:46.875518Z,mmtc,uesimtun2,619298,10489,832436,15756,,1,1
2025-11-25T17:27:47.124128Z,embb,uesimtun0,625281,10479,856968,16343,1.568,0,1
2025-11-25T17:27:47.124128Z,urllc,uesimtun1,520721,9641,613948,10518,1.052,0,1
2025-11-25T17:27:47.124128Z,mmtc,uesimtun2,619338,10490,832496,15757,1.023,0,1
2025-11-25T17:27:47.374751Z,embb,uesimtun0,625446,10482,857212,16348,1.428,0,1
2025-11-25T17:27:47.374751Z,urllc,uesimtun1,520861,9644,614112,10521,1.089,0,1
2025-11-25T17:27:47.374751Z,mmtc,uesimtun2,619503,10493,832740,15762,0.876,0,1
2025-11-25T17:27:47.625145Z,embb,uesimtun0,625611,10485,857456,16353,1.449,0,1
2025-11-25T17:27:47.625145Z,urllc,uesimtun1,521001,9647,614276,10524,1.020,0,1
2025-11-25T17:27:47.625145Z,mmtc,uesimtun2,619668,10496,832984,15767,1.142,0,1
2025-11-25T17:27:47.874540Z,embb,uesimtun0,625776,10488,857700,16358,105.431,0,1
2025-11-25T17:27:47.874540Z,urllc,uesimtun1,521141,9650,614440,10527,,1,1
2025-11-25T17:27:47.874540Z,mmtc,uesimtun2,619833,10499,833228,15772,0.961,0,1
2025-11-25T17:27:48.124212Z,embb,uesimtun0,625941,10491,857944,16363,1.312,0,1
2025-11-25T17:27:48.124212Z,urllc,uesimtun1,521181,9651,614500,10528,,1,1
2025-11-25T17:27:48.124212Z,mmtc,uesimtun2,619998,10502,833472,15777,0.989,0,1
2025-11-25T17:27:48.374694Z,embb,uesimtun0,626106,10494,858188,16368,1.338,0,1
2025-11-25T17:27:48.374694Z,urllc,uesimtun1,521221,9652,614560,10529,1.084,0,1
2025-11-25T17:27:48.374694Z,mmtc,uesimtun2,620163,10505,833716,15782,1.441,0,1
2025-11-25T17:27:48.624285Z,embb,uesimtun0,626271,10497,858432,16373,1.350,0,1
2025-11-25T17:27:48.624285Z,urllc,uesimtun1,521361,9655,614724,10532,,1,1
2025-11-25T17:27:48.624285Z,mmtc,uesimtun2,620328,10508,833960,15787,1.003,0,1
2025-11-25T17:27:48.874410Z,embb,uesimtun0,626436,10500,858676,16378,85.564,0,1
2025-11-25T17:27:48.874410Z,urllc,uesimtun1,521401,9656,614784,10533,1.034,0,1
2025-11-25T17:27:48.874410Z,mmtc,uesimtun2,620493,10511,834204,15792,1.019,0,1
2025-11-25T17:27:49.124962Z,embb,uesimtun0,626601,10503,858920,16383,1.261,0,1
2025-11-25T17:27:49.124962Z,urllc,uesimtun1,521566,9659,615028,10538,0.918,0,1
2025-11-25T17:27:49.124962Z,mmtc,uesimtun2,620658,10514,834448,15797,0.919,0,1
2025-11-25T17:27:49.374811Z,embb,uesimtun0,626766,10506,859164,16388,1.333,0,1
2025-11-25T17:27:49.374811Z,urllc,uesimtun1,521706,9662,615192,10541,0.914,0,1
2025-11-25T17:27:49.374811Z,mmtc,uesimtun2,620823,10517,834692,15802,1.024,0,1
2025-11-25T17:27:49.625100Z,embb,uesimtun0,626931,10509,859408,16393,1.332,0,1
2025-11-25T17:27:49.625100Z,urllc,uesimtun1,521846,9665,615356,10544,0.932,0,1
2025-11-25T17:27:49.625100Z,mmtc,uesimtun2,620988,10520,834936,15807,0.923,0,1
2025-11-25T17:27:49.874605Z,embb,uesimtun0,627096,10512,859652,16398,105.279,0,1
2025-11-25T17:27:49.874605Z,urllc,uesimtun1,521986,9668,615520,10547,1.008,0,1
2025-11-25T17:27:49.874605Z,mmtc,uesimtun2,621153,10523,835180,15812,1.013,0,1
2025-11-25T17:27:50.124252Z,embb,uesimtun0,627261,10515,859896,16403,1.306,0,1
2025-11-25T17:27:50.124252Z,urllc,uesimtun1,522151,9671,615764,10552,,1,1
2025-11-25T17:27:50.124252Z,mmtc,uesimtun2,621318,10526,835424,15817,1.025,0,1
2025-11-25T17:27:50.375128Z,embb,uesimtun0,627426,10518,860140,16408,1.391,0,1
2025-11-25T17:27:50.375128Z,urllc,uesimtun1,522191,9672,615824,10553,1.104,0,1
2025-11-25T17:27:50.375128Z,mmtc,uesimtun2,621483,10529,835668,15822,1.179,0,1
2025-11-25T17:27:50.624471Z,embb,uesimtun0,627591,10521,860384,16413,1.226,0,1
2025-11-25T17:27:50.624471Z,urllc,uesimtun1,522356,9675,616068,10558,0.970,0,1
2025-11-25T17:27:50.624471Z,mmtc,uesimtun2,621648,10532,835912,15827,1.040,0,1
2025-11-25T17:27:50.874483Z,embb,uesimtun0,627756,10524,860628,16418,105.469,0,1
2025-11-25T17:27:50.874483Z,urllc,uesimtun1,522496,9678,616232,10561,0.995,0,1
2025-11-25T17:27:50.874483Z,mmtc,uesimtun2,621813,10535,836156,15832,1.071,0,1
2025-11-25T17:27:51.125041Z,embb,uesimtun0,627921,10527,860872,16423,1.254,0,1
2025-11-25T17:27:51.125041Z,urllc,uesimtun1,522636,9681,616396,10564,1.082,0,1
2025-11-25T17:27:51.125041Z,mmtc,uesimtun2,621978,10538,836400,15837,1.042,0,1
2025-11-25T17:27:51.374854Z,embb,uesimtun0,628086,10530,861116,16428,1.005,0,1
2025-11-25T17:27:51.374854Z,urllc,uesimtun1,522801,9684,616640,10569,1.772,0,1
2025-11-25T17:27:51.374854Z,mmtc,uesimtun2,622143,10541,836644,15842,1.365,0,1
2025-11-25T17:27:51.625160Z,embb,uesimtun0,628251,10533,861360,16433,1.360,0,1
2025-11-25T17:27:51.625160Z,urllc,uesimtun1,522941,9687,616804,10572,0.859,0,1
2025-11-25T17:27:51.625160Z,mmtc,uesimtun2,622308,10544,836888,15847,0.979,0,1
2025-11-25T17:27:51.874560Z,embb,uesimtun0,628416,10536,861604,16438,105.615,0,1
2025-11-25T17:27:51.874560Z,urllc,uesimtun1,523081,9690,616968,10575,0.940,0,1
2025-11-25T17:27:51.874560Z,mmtc,uesimtun2,622473,10547,837132,15852,0.985,0,1
2025-11-25T17:27:52.124397Z,embb,uesimtun0,628581,10539,861848,16443,1.353,0,1
2025-11-25T17:27:52.124397Z,urllc,uesimtun1,523221,9693,617132,10578,1.029,0,1
2025-11-25T17:27:52.124397Z,mmtc,uesimtun2,622638,10550,837376,15857,1.029,0,1
2025-11-25T17:27:52.374981Z,embb,uesimtun0,628746,10542,862092,16448,1.483,0,1
2025-11-25T17:27:52.374981Z,urllc,uesimtun1,523361,9696,617296,10581,1.035,0,1
2025-11-25T17:27:52.374981Z,mmtc,uesimtun2,622803,10553,837620,15862,0.992,0,1
2025-11-25T17:27:52.624692Z,embb,uesimtun0,628911,10545,862336,16453,1.222,0,1
2025-11-25T17:27:52.624692Z,urllc,uesimtun1,523501,9699,617460,10584,1.055,0,1
2025-11-25T17:27:52.624692Z,mmtc,uesimtun2,622968,10556,837864,15867,1.046,0,1
2025-11-25T17:27:52.874790Z,embb,uesimtun0,629076,10548,862580,16458,104.815,0,1
2025-11-25T17:27:52.874790Z,urllc,uesimtun1,523666,9702,617704,10589,,1,1
2025-11-25T17:27:52.874790Z,mmtc,uesimtun2,623108,10559,838028,15870,1.004,0,1
2025-11-25T17:27:53.124257Z,embb,uesimtun0,629241,10551,862824,16463,1.149,0,1
2025-11-25T17:27:53.124257Z,urllc,uesimtun1,523706,9703,617764,10590,,1,1
2025-11-25T17:27:53.124257Z,mmtc,uesimtun2,623273,10562,838272,15875,1.055,0,1
2025-11-25T17:27:53.375228Z,embb,uesimtun0,629406,10554,863068,16468,1.374,0,1
2025-11-25T17:27:53.375228Z,urllc,uesimtun1,523746,9704,617824,10591,,1,1
2025-11-25T17:27:53.375228Z,mmtc,uesimtun2,623438,10565,838516,15880,1.023,0,1
2025-11-25T17:27:53.624338Z,embb,uesimtun0,629571,10557,863312,16473,1.306,0,1
2025-11-25T17:27:53.624338Z,urllc,uesimtun1,523786,9705,617884,10592,,1,1
2025-11-25T17:27:53.624338Z,mmtc,uesimtun2,623603,10568,838760,15885,0.982,0,1
2025-11-25T17:27:53.874554Z,embb,uesimtun0,629736,10560,863556,16478,,1,1
2025-11-25T17:27:53.874554Z,urllc,uesimtun1,523826,9706,617944,10593,,1,1
2025-11-25T17:27:53.874554Z,mmtc,uesimtun2,623768,10571,839004,15890,23.814,0,1
2025-11-25T17:27:54.302528Z,embb,uesimtun0,629796,10561,863656,16480,1.217,0,1
2025-11-25T17:27:54.302528Z,urllc,uesimtun1,523886,9707,618044,10595,1.103,0,1
2025-11-25T17:27:54.302528Z,mmtc,uesimtun2,623933,10574,839248,15895,1.039,0,1
2025-11-25T17:27:54.553316Z,embb,uesimtun0,629961,10564,863900,16485,1.366,0,1
2025-11-25T17:27:54.553316Z,urllc,uesimtun1,524026,9710,618208,10598,1.135,0,1
2025-11-25T17:27:54.553316Z,mmtc,uesimtun2,624098,10577,839492,15900,1.148,0,1
2025-11-25T17:27:54.802923Z,embb,uesimtun0,630126,10567,864144,16490,56.690,0,1
2025-11-25T17:27:54.802923Z,urllc,uesimtun1,524166,9713,618372,10601,119.946,0,1
2025-11-25T17:27:54.802923Z,mmtc,uesimtun2,624263,10580,839736,15905,0.869,0,1
2025-11-25T17:27:55.052987Z,embb,uesimtun0,630291,10570,864388,16495,1.200,0,1
2025-11-25T17:27:55.052987Z,urllc,uesimtun1,524306,9716,618536,10604,1.096,0,1
2025-11-25T17:27:55.052987Z,mmtc,uesimtun2,624428,10583,839980,15910,,1,1
2025-11-25T17:27:55.302977Z,embb,uesimtun0,630456,10573,864632,16500,1.341,0,1
2025-11-25T17:27:55.302977Z,urllc,uesimtun1,524471,9719,618780,10609,1.137,0,1
2025-11-25T17:27:55.302977Z,mmtc,uesimtun2,624468,10584,840040,15911,1.118,0,1
2025-11-25T17:27:55.553035Z,embb,uesimtun0,630621,10576,864876,16505,1.346,0,1
2025-11-25T17:27:55.553035Z,urllc,uesimtun1,524611,9722,618944,10612,1.104,0,1
2025-11-25T17:27:55.553035Z,mmtc,uesimtun2,624633,10587,840284,15916,1.012,0,1
2025-11-25T17:27:55.803779Z,embb,uesimtun0,630786,10579,865120,16510,,1,1
2025-11-25T17:27:55.803779Z,urllc,uesimtun1,524751,9725,619108,10615,16.378,0,1
2025-11-25T17:27:55.803779Z,mmtc,uesimtun2,624798,10590,840528,15921,0.977,0,1
2025-11-25T17:27:56.052843Z,embb,uesimtun0,630846,10580,865220,16512,1.430,0,1
2025-11-25T17:27:56.052843Z,urllc,uesimtun1,524916,9728,619352,10620,,1,1
2025-11-25T17:27:56.052843Z,mmtc,uesimtun2,624938,10593,840692,15924,0.884,0,1
2025-11-25T17:27:56.302741Z,embb,uesimtun0,631011,10583,865464,16517,1.304,0,1
2025-11-25T17:27:56.302741Z,urllc,uesimtun1,524956,9729,619412,10621,1.470,0,1
2025-11-25T17:27:56.302741Z,mmtc,uesimtun2,625103,10596,840936,15929,1.744,0,1
2025-11-25T17:27:56.553280Z,embb,uesimtun0,631176,10586,865708,16522,1.465,0,1
2025-11-25T17:27:56.553280Z,urllc,uesimtun1,525096,9732,619576,10624,0.986,0,1
2025-11-25T17:27:56.553280Z,mmtc,uesimtun2,625268,10599,841180,15934,1.011,0,1
2025-11-25T17:27:56.802611Z,embb,uesimtun0,631341,10589,865952,16527,161.909,0,1
2025-11-25T17:27:56.802611Z,urllc,uesimtun1,525236,9735,619740,10627,1.024,0,1
2025-11-25T17:27:56.802611Z,mmtc,uesimtun2,625433,10602,841424,15939,0.906,0,1
2025-11-25T17:27:57.052917Z,embb,uesimtun0,631506,10592,866196,16532,1.319,0,1
2025-11-25T17:27:57.052917Z,urllc,uesimtun1,525401,9738,619984,10632,0.918,0,1
2025-11-25T17:27:57.052917Z,mmtc,uesimtun2,625598,10605,841668,15944,1.060,0,1
2025-11-25T17:27:57.303680Z,embb,uesimtun0,631671,10595,866440,16537,1.459,0,1
2025-11-25T17:27:57.303680Z,urllc,uesimtun1,525541,9741,620148,10635,0.916,0,1
2025-11-25T17:27:57.303680Z,mmtc,uesimtun2,625763,10608,841912,15949,1.029,0,1
2025-11-25T17:27:57.553132Z,embb,uesimtun0,631836,10598,866684,16542,1.487,0,1
2025-11-25T17:27:57.553132Z,urllc,uesimtun1,525681,9744,620312,10638,1.026,0,1
2025-11-25T17:27:57.553132Z,mmtc,uesimtun2,625928,10611,842156,15954,0.990,0,1
2025-11-25T17:27:57.890968Z,embb,uesimtun0,632001,10601,866928,16547,69.615,0,1
2025-11-25T17:27:57.890968Z,urllc,uesimtun1,525821,9747,620476,10641,1.095,0,1
2025-11-25T17:27:57.890968Z,mmtc,uesimtun2,626093,10614,842400,15959,0.857,0,1
2025-11-25T17:27:58.052655Z,embb,uesimtun0,632166,10604,867172,16552,1.455,0,1
2025-11-25T17:27:58.052655Z,urllc,uesimtun1,525961,9750,620640,10644,1.103,0,1
2025-11-25T17:27:58.052655Z,mmtc,uesimtun2,626258,10617,842644,15964,1.085,0,1
2025-11-25T17:27:58.303072Z,embb,uesimtun0,632331,10607,867416,16557,1.511,0,1
2025-11-25T17:27:58.303072Z,urllc,uesimtun1,526126,9753,620884,10649,1.122,0,1
2025-11-25T17:27:58.303072Z,mmtc,uesimtun2,626423,10620,842888,15969,0.970,0,1
2025-11-25T17:27:58.552826Z,embb,uesimtun0,632496,10610,867660,16562,1.470,0,1
2025-11-25T17:27:58.552826Z,urllc,uesimtun1,526266,9756,621048,10652,1.136,0,1
2025-11-25T17:27:58.552826Z,mmtc,uesimtun2,626588,10623,843132,15974,4.513,0,1
2025-11-25T17:27:58.881950Z,embb,uesimtun0,632661,10613,867904,16567,97.040,0,1
2025-11-25T17:27:58.881950Z,urllc,uesimtun1,526431,9759,621292,10657,1.087,0,1
2025-11-25T17:27:58.881950Z,mmtc,uesimtun2,626728,10626,843296,15977,0.974,0,1
2025-11-25T17:27:59.052938Z,embb,uesimtun0,632826,10616,868148,16572,1.461,0,1
2025-11-25T17:27:59.052938Z,urllc,uesimtun1,526571,9762,621456,10660,0.997,0,1
2025-11-25T17:27:59.052938Z,mmtc,uesimtun2,626893,10629,843540,15982,1.140,0,1
2025-11-25T17:27:59.302866Z,embb,uesimtun0,632991,10619,868392,16577,1.518,0,1
2025-11-25T17:27:59.302866Z,urllc,uesimtun1,526736,9765,621700,10665,,1,1
2025-11-25T17:27:59.302866Z,mmtc,uesimtun2,627033,10632,843704,15985,0.998,0,1
2025-11-25T17:27:59.552887Z,embb,uesimtun0,633156,10622,868636,16582,1.239,0,1
2025-11-25T17:27:59.552887Z,urllc,uesimtun1,526776,9766,621760,10666,,1,1
2025-11-25T17:27:59.552887Z,mmtc,uesimtun2,627198,10635,843948,15990,0.931,0,1
2025-11-25T17:27:59.871936Z,embb,uesimtun0,633321,10625,868880,16587,97.574,0,1
2025-11-25T17:27:59.871936Z,urllc,uesimtun1,526816,9767,621820,10667,1.149,0,1
2025-11-25T17:27:59.871936Z,mmtc,uesimtun2,627415,10639,844192,15995,0.917,0,1
2025-11-25T17:28:00.052898Z,embb,uesimtun0,633486,10628,869124,16592,2.538,0,1
2025-11-25T17:28:00.052898Z,urllc,uesimtun1,527033,9771,622064,10672,0.967,0,1
2025-11-25T17:28:00.052898Z,mmtc,uesimtun2,627580,10642,844436,16000,1.100,0,1
2025-11-25T17:28:00.302939Z,embb,uesimtun0,633651,10631,869368,16597,1.967,0,1
2025-11-25T17:28:00.302939Z,urllc,uesimtun1,527198,9774,622308,10677,,1,1
2025-11-25T17:28:00.302939Z,mmtc,uesimtun2,627720,10645,844600,16003,0.854,0,1
2025-11-25T17:28:00.553203Z,embb,uesimtun0,633816,10634,869612,16602,1.597,0,1
2025-11-25T17:28:00.553203Z,urllc,uesimtun1,527238,9775,622368,10678,1.028,0,1
2025-11-25T17:28:00.553203Z,mmtc,uesimtun2,627937,10649,844844,16008,1.021,0,1
2025-11-25T17:28:00.803029Z,embb,uesimtun0,633981,10637,869856,16607,176.896,0,1
2025-11-25T17:28:00.803029Z,urllc,uesimtun1,527378,9778,622532,10681,1.025,0,1
2025-11-25T17:28:00.803029Z,mmtc,uesimtun2,628102,10652,845088,16013,,1,1
2025-11-25T17:28:01.052927Z,embb,uesimtun0,634146,10640,870100,16612,1.514,0,1
2025-11-25T17:28:01.052927Z,urllc,uesimtun1,527543,9781,622776,10686,1.009,0,1
2025-11-25T17:28:01.052927Z,mmtc,uesimtun2,628142,10653,845148,16014,1.014,0,1
2025-11-25T17:28:01.303260Z,embb,uesimtun0,634311,10643,870344,16617,1.549,0,1
2025-11-25T17:28:01.303260Z,urllc,uesimtun1,527708,9784,623020,10691,0.968,0,1
2025-11-25T17:28:01.303260Z,mmtc,uesimtun2,628282,10656,845312,16017,0.998,0,1
2025-11-25T17:28:01.553070Z,embb,uesimtun0,634476,10646,870588,16622,1.430,0,1
2025-11-25T17:28:01.553070Z,urllc,uesimtun1,527848,9787,623184,10694,0.883,0,1
2025-11-25T17:28:01.553070Z,mmtc,uesimtun2,628447,10659,845556,16022,0.952,0,1
2025-11-25T17:28:01.803116Z,embb,uesimtun0,634641,10649,870832,16627,,1,1
2025-11-25T17:28:01.803116Z,urllc,uesimtun1,527988,9790,623348,10697,76.826,0,1
2025-11-25T17:28:01.803116Z,mmtc,uesimtun2,628612,10662,845800,16027,0.979,0,1
2025-11-25T17:28:02.084015Z,embb,uesimtun0,634701,10650,870932,16629,0.955,0,1
2025-11-25T17:28:02.084015Z,urllc,uesimtun1,528153,9793,623592,10702,0.899,0,1
2025-11-25T17:28:02.084015Z,mmtc,uesimtun2,628752,10665,845964,16030,0.847,0,1
2025-11-25T17:28:02.334688Z,embb,uesimtun0,634866,10653,871176,16634,1.222,0,1
2025-11-25T17:28:02.334688Z,urllc,uesimtun1,528293,9796,623756,10705,0.967,0,1
2025-11-25T17:28:02.334688Z,mmtc,uesimtun2,628917,10668,846208,16035,0.907,0,1
2025-11-25T17:28:02.584439Z,embb,uesimtun0,635031,10656,871420,16639,1.266,0,1
2025-11-25T17:28:02.584439Z,urllc,uesimtun1,528433,9799,623920,10708,1.014,0,1
2025-11-25T17:28:02.584439Z,mmtc,uesimtun2,629082,10671,846452,16040,0.877,0,1
2025-11-25T17:28:02.900766Z,embb,uesimtun0,635196,10659,871664,16644,69.594,0,1
2025-11-25T17:28:02.900766Z,urllc,uesimtun1,528573,9802,624084,10711,1.204,0,1
2025-11-25T17:28:02.900766Z,mmtc,uesimtun2,629247,10674,846696,16045,0.976,0,1
2025-11-25T17:28:03.084282Z,embb,uesimtun0,635361,10662,871908,16649,1.494,0,1
2025-11-25T17:28:03.084282Z,urllc,uesimtun1,528738,9805,624328,10716,1.129,0,1
2025-11-25T17:28:03.084282Z,mmtc,uesimtun2,629412,10677,846940,16050,0.965,0,1
2025-11-25T17:28:03.334650Z,embb,uesimtun0,635526,10665,872152,16654,1.530,0,1
2025-11-25T17:28:03.334650Z,urllc,uesimtun1,528878,9808,624492,10719,1.019,0,1
2025-11-25T17:28:03.334650Z,mmtc,uesimtun2,629577,10680,847184,16055,1.001,0,1
2025-11-25T17:28:03.584307Z,embb,uesimtun0,635691,10668,872396,16659,1.603,0,1
2025-11-25T17:28:03.584307Z,urllc,uesimtun1,529018,9811,624656,10722,1.154,0,1
2025-11-25T17:28:03.584307Z,mmtc,uesimtun2,629742,10683,847428,16060,0.854,0,1
2025-11-25T17:28:03.834686Z,embb,uesimtun0,635856,10671,872640,16664,144.880,0,1
2025-11-25T17:28:03.834686Z,urllc,uesimtun1,529158,9814,624820,10725,,1,1
2025-11-25T17:28:03.834686Z,mmtc,uesimtun2,629907,10686,847672,16065,1.070,0,1
2025-11-25T17:28:04.084310Z,embb,uesimtun0,636021,10674,872884,16669,1.696,0,1
2025-11-25T17:28:04.084310Z,urllc,uesimtun1,529198,9815,624880,10726,0.984,0,1
2025-11-25T17:28:04.084310Z,mmtc,uesimtun2,630072,10689,847916,16070,1.137,0,1
2025-11-25T17:28:04.334638Z,embb,uesimtun0,636186,10677,873128,16674,1.480,0,1
2025-11-25T17:28:04.334638Z,urllc,uesimtun1,529338,9818,625044,10729,1.025,0,1
2025-11-25T17:28:04.334638Z,mmtc,uesimtun2,630237,10692,848160,16075,0.990,0,1
2025-11-25T17:28:04.584918Z,embb,uesimtun0,636351,10680,873372,16679,1.240,0,1
2025-11-25T17:28:04.584918Z,urllc,uesimtun1,529478,9821,625208,10732,0.972,0,1
2025-11-25T17:28:04.584918Z,mmtc,uesimtun2,630402,10695,848404,16080,0.901,0,1
2025-11-25T17:28:04.834566Z,embb,uesimtun0,636516,10683,873616,16684,165.089,0,1
2025-11-25T17:28:04.834566Z,urllc,uesimtun1,529618,9824,625372,10735,0.931,0,1
2025-11-25T17:28:04.834566Z,mmtc,uesimtun2,630567,10698,848648,16085,1.121,0,1
2025-11-25T17:28:05.084775Z,embb,uesimtun0,636681,10686,873860,16689,1.235,0,1
2025-11-25T17:28:05.084775Z,urllc,uesimtun1,529758,9827,625536,10738,0.929,0,1
2025-11-25T17:28:05.084775Z,mmtc,uesimtun2,630732,10701,848892,16090,1.004,0,1
2025-11-25T17:28:05.334383Z,embb,uesimtun0,636846,10689,874104,16694,1.452,0,1
2025-11-25T17:28:05.334383Z,urllc,uesimtun1,529898,9830,625700,10741,1.076,0,1
2025-11-25T17:28:05.334383Z,mmtc,uesimtun2,630897,10704,849136,16095,0.992,0,1
2025-11-25T17:28:05.584372Z,embb,uesimtun0,637011,10692,874348,16699,1.511,0,1
2025-11-25T17:28:05.584372Z,urllc,uesimtun1,530063,9833,625944,10746,0.943,0,1
2025-11-25T17:28:05.584372Z,mmtc,uesimtun2,631037,10707,849300,16098,0.956,0,1
2025-11-25T17:28:05.835068Z,embb,uesimtun0,637176,10695,874592,16704,144.631,0,1
2025-11-25T17:28:05.835068Z,urllc,uesimtun1,530203,9836,626108,10749,1.192,0,1
2025-11-25T17:28:05.835068Z,mmtc,uesimtun2,631202,10710,849544,16103,1.100,0,1
2025-11-25T17:28:06.084539Z,embb,uesimtun0,637341,10698,874836,16709,1.283,0,1
2025-11-25T17:28:06.084539Z,urllc,uesimtun1,530368,9839,626352,10754,0.978,0,1
2025-11-25T17:28:06.084539Z,mmtc,uesimtun2,631367,10713,849788,16108,0.986,0,1
2025-11-25T17:28:06.334333Z,embb,uesimtun0,637506,10701,875080,16714,1.225,0,1
2025-11-25T17:28:06.334333Z,urllc,uesimtun1,530508,9842,626516,10757,1.016,0,1
2025-11-25T17:28:06.334333Z,mmtc,uesimtun2,631532,10716,850032,16113,0.927,0,1
2025-11-25T17:28:06.584897Z,embb,uesimtun0,637671,10704,875324,16719,1.356,0,1
2025-11-25T17:28:06.584897Z,urllc,uesimtun1,530648,9845,626680,10760,1.022,0,1
2025-11-25T17:28:06.584897Z,mmtc,uesimtun2,631697,10719,850276,16118,0.834,0,1
2025-11-25T17:28:06.834916Z,embb,uesimtun0,637836,10707,875568,16724,,1,1
2025-11-25T17:28:06.834916Z,urllc,uesimtun1,530788,9848,626844,10763,104.199,0,1
2025-11-25T17:28:06.834916Z,mmtc,uesimtun2,631862,10722,850520,16123,1.133,0,1
2025-11-25T17:28:07.143194Z,embb,uesimtun0,637896,10708,875668,16726,0.988,0,1
2025-11-25T17:28:07.143194Z,urllc,uesimtun1,530953,9851,627088,10768,1.329,0,1
2025-11-25T17:28:07.143194Z,mmtc,uesimtun2,632002,10725,850684,16126,1.178,0,1
2025-11-25T17:28:07.393579Z,embb,uesimtun0,638061,10711,875912,16731,1.435,0,1
2025-11-25T17:28:07.393579Z,urllc,uesimtun1,531118,9854,627332,10773,,1,1
2025-11-25T17:28:07.393579Z,mmtc,uesimtun2,632167,10728,850928,16131,1.027,0,1
2025-11-25T17:28:07.643810Z,embb,uesimtun0,638226,10714,876156,16736,1.263,0,1
2025-11-25T17:28:07.643810Z,urllc,uesimtun1,531158,9855,627392,10774,1.011,0,1
2025-11-25T17:28:07.643810Z,mmtc,uesimtun2,632332,10731,851172,16136,0.976,0,1
2025-11-25T17:28:07.893655Z,embb,uesimtun0,638391,10717,876400,16741,76.639,0,1
2025-11-25T17:28:07.893655Z,urllc,uesimtun1,531298,9858,627556,10777,0.981,0,1
2025-11-25T17:28:07.893655Z,mmtc,uesimtun2,632497,10734,851416,16141,0.879,0,1
2025-11-25T17:28:08.144038Z,embb,uesimtun0,638556,10720,876644,16746,1.448,0,1
2025-11-25T17:28:08.144038Z,urllc,uesimtun1,531438,9861,627720,10780,,1,1
2025-11-25T17:28:08.144038Z,mmtc,uesimtun2,632662,10737,851660,16146,0.997,0,1
2025-11-25T17:28:08.393861Z,embb,uesimtun0,638721,10723,876888,16751,1.506,0,1
2025-11-25T17:28:08.393861Z,urllc,uesimtun1,531478,9862,627780,10781,,1,1
2025-11-25T17:28:08.393861Z,mmtc,uesimtun2,632827,10740,851904,16151,0.952,0,1
2025-11-25T17:28:08.643577Z,embb,uesimtun0,638886,10726,877132,16756,1.528,0,1
2025-11-25T17:28:08.643577Z,urllc,uesimtun1,531518,9863,627840,10782,1.055,0,1
2025-11-25T17:28:08.643577Z,mmtc,uesimtun2,632992,10743,852148,16156,0.963,0,1
2025-11-25T17:28:08.893790Z,embb,uesimtun0,639051,10729,877376,16761,86.158,0,1
2025-11-25T17:28:08.893790Z,urllc,uesimtun1,531658,9866,628004,10785,1.116,0,1
2025-11-25T17:28:08.893790Z,mmtc,uesimtun2,633157,10746,852392,16161,0.952,0,1
2025-11-25T17:28:09.143541Z,embb,uesimtun0,639216,10732,877620,16766,1.483,0,1
2025-11-25T17:28:09.143541Z,urllc,uesimtun1,531823,9869,628248,10790,,1,1
2025-11-25T17:28:09.143541Z,mmtc,uesimtun2,633297,10749,852556,16164,0.915,0,1
2025-11-25T17:28:09.393772Z,embb,uesimtun0,639381,10735,877864,16771,1.601,0,1
2025-11-25T17:28:09.393772Z,urllc,uesimtun1,531863,9870,628308,10791,,1,1
2025-11-25T17:28:09.393772Z,mmtc,uesimtun2,633462,10752,852800,16169,0.869,0,1
2025-11-25T17:28:09.643647Z,embb,uesimtun0,639546,10738,878108,16776,1.325,0,1
2025-11-25T17:28:09.643647Z,urllc,uesimtun1,531903,9871,628368,10792,1.017,0,1
2025-11-25T17:28:09.643647Z,mmtc,uesimtun2,633627,10755,853044,16174,0.942,0,1
2025-11-25T17:28:09.893961Z,embb,uesimtun0,639711,10741,878352,16781,85.552,0,1
2025-11-25T17:28:09.893961Z,urllc,uesimtun1,532043,9874,628532,10795,0.927,0,1
2025-11-25T17:28:09.893961Z,mmtc,uesimtun2,633792,10758,853288,16179,0.933,0,1
2025-11-25T17:28:10.143556Z,embb,uesimtun0,639876,10744,878596,16786,1.624,0,1
2025-11-25T17:28:10.143556Z,urllc,uesimtun1,532183,9877,628696,10798,1.082,0,1
2025-11-25T17:28:10.143556Z,mmtc,uesimtun2,633957,10761,853532,16184,1.026,0,1
2025-11-25T17:28:10.393532Z,embb,uesimtun0,640041,10747,878840,16791,1.341,0,1
2025-11-25T17:28:10.393532Z,urllc,uesimtun1,532323,9880,628860,10801,,1,1
2025-11-25T17:28:10.393532Z,mmtc,uesimtun2,634122,10764,853776,16189,1.126,0,1
2025-11-25T17:28:10.643530Z,embb,uesimtun0,640206,10750,879084,16796,5.588,0,1
2025-11-25T17:28:10.643530Z,urllc,uesimtun1,532363,9881,628920,10802,1.575,0,1
2025-11-25T17:28:10.643530Z,mmtc,uesimtun2,634287,10767,854020,16194,0.982,0,1
2025-11-25T17:28:10.893514Z,embb,uesimtun0,640371,10753,879328,16801,85.572,0,1
2025-11-25T17:28:10.893514Z,urllc,uesimtun1,532503,9884,629084,10805,0.932,0,1
2025-11-25T17:28:10.893514Z,mmtc,uesimtun2,634452,10770,854264,16199,0.999,0,1
2025-11-25T17:28:11.143452Z,embb,uesimtun0,640536,10756,879572,16806,1.426,0,1
2025-11-25T17:28:11.143452Z,urllc,uesimtun1,532643,9887,629248,10808,1.008,0,1
2025-11-25T17:28:11.143452Z,mmtc,uesimtun2,634617,10773,854508,16204,0.967,0,1
2025-11-25T17:28:11.393796Z,embb,uesimtun0,640701,10759,879816,16811,1.709,0,1
2025-11-25T17:28:11.393796Z,urllc,uesimtun1,532808,9890,629492,10813,1.205,0,1
2025-11-25T17:28:11.393796Z,mmtc,uesimtun2,634782,10776,854752,16209,0.918,0,1
2025-11-25T17:28:11.643770Z,embb,uesimtun0,640866,10762,880060,16816,1.353,0,1
2025-11-25T17:28:11.643770Z,urllc,uesimtun1,532973,9893,629736,10818,,1,1
2025-11-25T17:28:11.643770Z,mmtc,uesimtun2,634947,10779,854996,16214,0.874,0,1
2025-11-25T17:28:11.893610Z,embb,uesimtun0,641031,10765,880304,16821,86.109,0,1
2025-11-25T17:28:11.893610Z,urllc,uesimtun1,533013,9894,629796,10819,1.108,0,1
2025-11-25T17:28:11.893610Z,mmtc,uesimtun2,635112,10782,855240,16219,,1,1
2025-11-25T17:28:12.143739Z,embb,uesimtun0,641196,10768,880548,16826,1.243,0,1
2025-11-25T17:28:12.143739Z,urllc,uesimtun1,533178,9897,630040,10824,0.989,0,1
2025-11-25T17:28:12.143739Z,mmtc,uesimtun2,635152,10783,855300,16220,,1,1
2025-11-25T17:28:12.393887Z,embb,uesimtun0,641361,10771,880792,16831,1.193,0,1
2025-11-25T17:28:12.393887Z,urllc,uesimtun1,533343,9900,630284,10829,1.001,0,1
2025-11-25T17:28:12.393887Z,mmtc,uesimtun2,635192,10784,855360,16221,0.943,0,1
2025-11-25T17:28:12.643935Z,embb,uesimtun0,641526,10774,881036,16836,1.360,0,1
2025-11-25T17:28:12.643935Z,urllc,uesimtun1,533483,9903,630448,10832,1.043,0,1
2025-11-25T17:28:12.643935Z,mmtc,uesimtun2,635357,10787,855604,16226,0.875,0,1
2025-11-25T17:28:12.893796Z,embb,uesimtun0,641691,10777,881280,16841,87.108,0,1
2025-11-25T17:28:12.893796Z,urllc,uesimtun1,533623,9906,630612,10835,1.965,0,1
2025-11-25T17:28:12.893796Z,mmtc,uesimtun2,635522,10790,855848,16231,1.066,0,1
2025-11-25T17:28:13.143614Z,embb,uesimtun0,641856,10780,881524,16846,1.228,0,1
2025-11-25T17:28:13.143614Z,urllc,uesimtun1,533763,9909,630776,10838,1.145,0,1
2025-11-25T17:28:13.143614Z,mmtc,uesimtun2,635687,10793,856092,16236,0.911,0,1
2025-11-25T17:28:13.394081Z,embb,uesimtun0,642021,10783,881768,16851,1.478,0,1
2025-11-25T17:28:13.394081Z,urllc,uesimtun1,533928,9912,631020,10843,1.014,0,1
2025-11-25T17:28:13.394081Z,mmtc,uesimtun2,635827,10796,856256,16239,0.954,0,1
2025-11-25T17:28:13.643297Z,embb,uesimtun0,642186,10786,882012,16856,1.142,0,1
2025-11-25T17:28:13.643297Z,urllc,uesimtun1,534068,9915,631184,10846,1.171,0,1
2025-11-25T17:28:13.643297Z,mmtc,uesimtun2,635992,10799,856500,16244,0.999,0,1
2025-11-25T17:28:13.894002Z,embb,uesimtun0,642351,10789,882256,16861,96.054,0,1
2025-11-25T17:28:13.894002Z,urllc,uesimtun1,534208,9918,631348,10849,0.953,0,1
2025-11-25T17:28:13.894002Z,mmtc,uesimtun2,636157,10802,856744,16249,0.984,0,1
2025-11-25T17:28:14.143795Z,embb,uesimtun0,642516,10792,882500,16866,1.190,0,1
2025-11-25T17:28:14.143795Z,urllc,uesimtun1,534348,9921,631512,10852,0.958,0,1
2025-11-25T17:28:14.143795Z,mmtc,uesimtun2,636322,10805,856988,16254,0.986,0,1
2025-11-25T17:28:14.393992Z,embb,uesimtun0,642681,10795,882744,16871,1.391,0,1
2025-11-25T17:28:14.393992Z,urllc,uesimtun1,534488,9924,631676,10855,,1,1
2025-11-25T17:28:14.393992Z,mmtc,uesimtun2,636487,10808,857232,16259,1.099,0,1
2025-11-25T17:28:14.643572Z,embb,uesimtun0,642846,10798,882988,16876,1.293,0,1
2025-11-25T17:28:14.643572Z,urllc,uesimtun1,534528,9925,631736,10856,1.128,0,1
2025-11-25T17:28:14.643572Z,mmtc,uesimtun2,636652,10811,857476,16264,0.955,0,1
2025-11-25T17:28:14.894292Z,embb,uesimtun0,643011,10801,883232,16881,85.224,0,1
2025-11-25T17:28:14.894292Z,urllc,uesimtun1,534668,9928,631900,10859,1.070,0,1
2025-11-25T17:28:14.894292Z,mmtc,uesimtun2,636817,10814,857720,16269,1.040,0,1
2025-11-25T17:28:15.143694Z,embb,uesimtun0,643176,10804,883476,16886,1.173,0,1
2025-11-25T17:28:15.143694Z,urllc,uesimtun1,534833,9931,632144,10864,0.843,0,1
2025-11-25T17:28:15.143694Z,mmtc,uesimtun2,636982,10817,857964,16274,0.955,0,1
2025-11-25T17:28:15.394839Z,embb,uesimtun0,643341,10807,883720,16891,1.313,0,1
2025-11-25T17:28:15.394839Z,urllc,uesimtun1,534973,9934,632308,10867,0.952,0,1
2025-11-25T17:28:15.394839Z,mmtc,uesimtun2,637147,10820,858208,16279,0.886,0,1
2025-11-25T17:28:15.643564Z,embb,uesimtun0,643506,10810,883964,16896,1.336,0,1
2025-11-25T17:28:15.643564Z,urllc,uesimtun1,535113,9937,632472,10870,1.004,0,1
2025-11-25T17:28:15.643564Z,mmtc,uesimtun2,637312,10823,858452,16284,0.874,0,1
2025-11-25T17:28:15.894253Z,embb,uesimtun0,643671,10813,884208,16901,95.781,0,1
2025-11-25T17:28:15.894253Z,urllc,uesimtun1,535278,9940,632716,10875,1.023,0,1
2025-11-25T17:28:15.894253Z,mmtc,uesimtun2,637452,10826,858616,16287,1.043,0,1
2025-11-25T17:28:16.143558Z,embb,uesimtun0,643836,10816,884452,16906,1.277,0,1
2025-11-25T17:28:16.143558Z,urllc,uesimtun1,535418,9943,632880,10878,0.977,0,1
2025-11-25T17:28:16.143558Z,mmtc,uesimtun2,637617,10829,858860,16292,0.910,0,1
2025-11-25T17:28:16.393704Z,embb,uesimtun0,644001,10819,884696,16911,1.255,0,1
2025-11-25T17:28:16.393704Z,urllc,uesimtun1,535558,9946,633044,10881,,1,1
2025-11-25T17:28:16.393704Z,mmtc,uesimtun2,637782,10832,859104,16297,0.885,0,1
2025-11-25T17:28:16.643778Z,embb,uesimtun0,644166,10822,884940,16916,4.853,0,1
2025-11-25T17:28:16.643778Z,urllc,uesimtun1,535598,9947,633104,10882,0.907,0,1
2025-11-25T17:28:16.643778Z,mmtc,uesimtun2,637947,10835,859348,16302,0.852,0,1
2025-11-25T17:28:16.893651Z,embb,uesimtun0,644331,10825,885184,16921,86.007,0,1
2025-11-25T17:28:16.893651Z,urllc,uesimtun1,535738,9950,633268,10885,0.973,0,1
2025-11-25T17:28:16.893651Z,mmtc,uesimtun2,638112,10838,859592,16307,0.976,0,1
2025-11-25T17:28:17.143484Z,embb,uesimtun0,644496,10828,885428,16926,1.312,0,1
2025-11-25T17:28:17.143484Z,urllc,uesimtun1,535878,9953,633432,10888,0.988,0,1
2025-11-25T17:28:17.143484Z,mmtc,uesimtun2,638277,10841,859836,16312,,1,1
2025-11-25T17:28:17.394062Z,embb,uesimtun0,644661,10831,885672,16931,1.299,0,1
2025-11-25T17:28:17.394062Z,urllc,uesimtun1,536043,9956,633676,10893,0.929,0,1
2025-11-25T17:28:17.394062Z,mmtc,uesimtun2,638317,10842,859896,16313,1.045,0,1
2025-11-25T17:28:17.643762Z,embb,uesimtun0,644826,10834,885916,16936,1.319,0,1
2025-11-25T17:28:17.643762Z,urllc,uesimtun1,536183,9959,633840,10896,1.041,0,1
2025-11-25T17:28:17.643762Z,mmtc,uesimtun2,638482,10845,860140,16318,0.982,0,1
2025-11-25T17:28:17.894362Z,embb,uesimtun0,644991,10837,886160,16941,85.561,0,1
2025-11-25T17:28:17.894362Z,urllc,uesimtun1,536348,9962,634084,10901,1.015,0,1
2025-11-25T17:28:17.894362Z,mmtc,uesimtun2,638622,10848,860304,16321,1.105,0,1
2025-11-25T17:28:18.143858Z,embb,uesimtun0,645156,10840,886404,16946,1.351,0,1
2025-11-25T17:28:18.143858Z,urllc,uesimtun1,536513,9965,634328,10906,1.075,0,1
2025-11-25T17:28:18.143858Z,mmtc,uesimtun2,638762,10851,860468,16324,0.968,0,1
2025-11-25T17:28:18.393844Z,embb,uesimtun0,645321,10843,886648,16951,1.258,0,1
2025-11-25T17:28:18.393844Z,urllc,uesimtun1,536653,9968,634492,10909,1.098,0,1
2025-11-25T17:28:18.393844Z,mmtc,uesimtun2,638927,10854,860712,16329,1.030,0,1
2025-11-25T17:28:18.643559Z,embb,uesimtun0,645486,10846,886892,16956,1.379,0,1
2025-11-25T17:28:18.643559Z,urllc,uesimtun1,536793,9971,634656,10912,,1,1
2025-11-25T17:28:18.643559Z,mmtc,uesimtun2,639092,10857,860956,16334,1.007,0,1
2025-11-25T17:28:18.893490Z,embb,uesimtun0,645651,10849,887136,16961,106.205,0,1
2025-11-25T17:28:18.893490Z,urllc,uesimtun1,536833,9972,634716,10913,0.930,0,1
2025-11-25T17:28:18.893490Z,mmtc,uesimtun2,639257,10860,861200,16339,1.107,0,1
2025-11-25T17:28:19.143398Z,embb,uesimtun0,645816,10852,887380,16966,1.518,0,1
2025-11-25T17:28:19.143398Z,urllc,uesimtun1,536973,9975,634880,10916,0.997,0,1
2025-11-25T17:28:19.143398Z,mmtc,uesimtun2,639422,10863,861444,16344,0.967,0,1
2025-11-25T17:28:19.393822Z,embb,uesimtun0,645981,10855,887624,16971,1.285,0,1
2025-11-25T17:28:19.393822Z,urllc,uesimtun1,537113,9978,635044,10919,1.011,0,1
2025-11-25T17:28:19.393822Z,mmtc,uesimtun2,639587,10866,861688,16349,1.172,0,1
2025-11-25T17:28:19.643868Z,embb,uesimtun0,646146,10858,887868,16976,1.356,0,1
2025-11-25T17:28:19.643868Z,urllc,uesimtun1,537253,9981,635208,10922,1.110,0,1
2025-11-25T17:28:19.643868Z,mmtc,uesimtun2,639752,10869,861932,16354,1.011,0,1
2025-11-25T17:28:19.894366Z,embb,uesimtun0,646311,10861,888112,16981,116.567,0,1
2025-11-25T17:28:19.894366Z,urllc,uesimtun1,537393,9984,635372,10925,1.099,0,1
2025-11-25T17:28:19.894366Z,mmtc,uesimtun2,639917,10872,862176,16359,1.074,0,1
2025-11-25T17:28:20.143492Z,embb,uesimtun0,646476,10864,888356,16986,1.239,0,1
2025-11-25T17:28:20.143492Z,urllc,uesimtun1,537533,9987,635536,10928,1.221,0,1
2025-11-25T17:28:20.143492Z,mmtc,uesimtun2,640082,10875,862420,16364,0.952,0,1
2025-11-25T17:28:20.393599Z,embb,uesimtun0,646641,10867,888600,16991,1.366,0,1
2025-11-25T17:28:20.393599Z,urllc,uesimtun1,537698,9990,635780,10933,,1,1
2025-11-25T17:28:20.393599Z,mmtc,uesimtun2,640247,10878,862664,16369,0.956,0,1
2025-11-25T17:28:20.643857Z,embb,uesimtun0,646806,10870,888844,16996,1.290,0,1
2025-11-25T17:28:20.643857Z,urllc,uesimtun1,537738,9991,635840,10934,1.022,0,1
2025-11-25T17:28:20.643857Z,mmtc,uesimtun2,640412,10881,862908,16374,0.916,0,1
2025-11-25T17:28:20.893620Z,embb,uesimtun0,646971,10873,889088,17001,86.244,0,1
2025-11-25T17:28:20.893620Z,urllc,uesimtun1,537878,9994,636004,10937,1.204,0,1
2025-11-25T17:28:20.893620Z,mmtc,uesimtun2,640577,10884,863152,16379,0.979,0,1
2025-11-25T17:28:21.144054Z,embb,uesimtun0,647136,10876,889332,17006,1.235,0,1
2025-11-25T17:28:21.144054Z,urllc,uesimtun1,538043,9997,636248,10942,1.040,0,1
2025-11-25T17:28:21.144054Z,mmtc,uesimtun2,640717,10887,863316,16382,1.014,0,1
2025-11-25T17:28:21.393644Z,embb,uesimtun0,647301,10879,889576,17011,1.372,0,1
2025-11-25T17:28:21.393644Z,urllc,uesimtun1,538183,10000,636412,10945,1.235,0,1
2025-11-25T17:28:21.393644Z,mmtc,uesimtun2,640882,10890,863560,16387,1.125,0,1
2025-11-25T17:28:21.644460Z,embb,uesimtun0,647466,10882,889820,17016,1.326,0,1
2025-11-25T17:28:21.644460Z,urllc,uesimtun1,538323,10003,636576,10948,0.917,0,1
2025-11-25T17:28:21.644460Z,mmtc,uesimtun2,641047,10893,863804,16392,0.896,0,1
2025-11-25T17:28:21.894006Z,embb,uesimtun0,647631,10885,890064,17021,105.664,0,1
2025-11-25T17:28:21.894006Z,urllc,uesimtun1,538463,10006,636740,10951,,1,1
2025-11-25T17:28:21.894006Z,mmtc,uesimtun2,641212,10896,864048,16397,0.929,0,1
2025-11-25T17:28:22.143418Z,embb,uesimtun0,647796,10888,890308,17026,1.204,0,1
2025-11-25T17:28:22.143418Z,urllc,uesimtun1,538503,10007,636800,10952,1.012,0,1
2025-11-25T17:28:22.143418Z,mmtc,uesimtun2,641377,10899,864292,16402,1.028,0,1
2025-11-25T17:28:22.393759Z,embb,uesimtun0,647961,10891,890552,17031,1.256,0,1
2025-11-25T17:28:22.393759Z,urllc,uesimtun1,538643,10010,636964,10955,1.016,0,1
2025-11-25T17:28:22.393759Z,mmtc,uesimtun2,641542,10902,864536,16407,0.885,0,1
2025-11-25T17:28:22.643507Z,embb,uesimtun0,648126,10894,890796,17036,1.445,0,1
2025-11-25T17:28:22.643507Z,urllc,uesimtun1,538783,10013,637128,10958,0.998,0,1
2025-11-25T17:28:22.643507Z,mmtc,uesimtun2,641707,10905,864780,16412,0.961,0,1
2025-11-25T17:28:22.893722Z,embb,uesimtun0,648291,10897,891040,17041,86.221,0,1
2025-11-25T17:28:22.893722Z,urllc,uesimtun1,538923,10016,637292,10961,,1,1
2025-11-25T17:28:22.893722Z,mmtc,uesimtun2,641872,10908,865024,16417,0.963,0,1
2025-11-25T17:28:23.143797Z,embb,uesimtun0,648456,10900,891284,17046,1.177,0,1
2025-11-25T17:28:23.143797Z,urllc,uesimtun1,538963,10017,637352,10962,0.984,0,1
2025-11-25T17:28:23.143797Z,mmtc,uesimtun2,642037,10911,865268,16422,0.952,0,1
2025-11-25T17:28:23.393723Z,embb,uesimtun0,648621,10903,891528,17051,1.331,0,1
2025-11-25T17:28:23.393723Z,urllc,uesimtun1,539103,10020,637516,10965,0.996,0,1
2025-11-25T17:28:23.393723Z,mmtc,uesimtun2,642254,10915,865512,16427,0.961,0,1
2025-11-25T17:28:23.643721Z,embb,uesimtun0,648786,10906,891772,17056,1.270,0,1
2025-11-25T17:28:23.643721Z,urllc,uesimtun1,539243,10023,637680,10968,1.022,0,1
2025-11-25T17:28:23.643721Z,mmtc,uesimtun2,642419,10918,865756,16432,0.793,0,1
2025-11-25T17:28:23.894464Z,embb,uesimtun0,648951,10909,892016,17061,95.368,0,1
2025-11-25T17:28:23.894464Z,urllc,uesimtun1,539383,10026,637844,10971,0.960,0,1
2025-11-25T17:28:23.894464Z,mmtc,uesimtun2,642584,10921,866000,16437,0.928,0,1
2025-11-25T17:28:24.144328Z,embb,uesimtun0,649116,10912,892260,17066,1.365,0,1
2025-11-25T17:28:24.144328Z,urllc,uesimtun1,539523,10029,638008,10974,,1,1
2025-11-25T17:28:24.144328Z,mmtc,uesimtun2,642749,10924,866244,16442,0.912,0,1
2025-11-25T17:28:24.393715Z,embb,uesimtun0,649281,10915,892504,17071,1.309,0,1
2025-11-25T17:28:24.393715Z,urllc,uesimtun1,539563,10030,638068,10975,1.025,0,1
2025-11-25T17:28:24.393715Z,mmtc,uesimtun2,642914,10927,866488,16447,0.857,0,1
2025-11-25T17:28:24.643617Z,embb,uesimtun0,649446,10918,892748,17076,1.310,0,1
2025-11-25T17:28:24.643617Z,urllc,uesimtun1,539703,10033,638232,10978,1.050,0,1
2025-11-25T17:28:24.643617Z,mmtc,uesimtun2,643079,10930,866732,16452,0.971,0,1
2025-11-25T17:28:24.894330Z,embb,uesimtun0,649611,10921,892992,17081,105.477,0,1
2025-11-25T17:28:24.894330Z,urllc,uesimtun1,539843,10036,638396,10981,1.047,0,1
2025-11-25T17:28:24.894330Z,mmtc,uesimtun2,643244,10933,866976,16457,1.062,0,1
2025-11-25T17:28:25.144455Z,embb,uesimtun0,649776,10924,893236,17086,1.370,0,1
2025-11-25T17:28:25.144455Z,urllc,uesimtun1,539983,10039,638560,10984,1.103,0,1
2025-11-25T17:28:25.144455Z,mmtc,uesimtun2,643409,10936,867220,16462,1.017,0,1
2025-11-25T17:28:25.394268Z,embb,uesimtun0,649941,10927,893480,17091,1.345,0,1
2025-11-25T17:28:25.394268Z,urllc,uesimtun1,540123,10042,638724,10987,0.964,0,1
2025-11-25T17:28:25.394268Z,mmtc,uesimtun2,643574,10939,867464,16467,1.181,0,1
2025-11-25T17:28:25.643837Z,embb,uesimtun0,650106,10930,893724,17096,1.253,0,1
2025-11-25T17:28:25.643837Z,urllc,uesimtun1,540263,10045,638888,10990,0.967,0,1
2025-11-25T17:28:25.643837Z,mmtc,uesimtun2,643739,10942,867708,16472,0.994,0,1
2025-11-25T17:28:25.893573Z,embb,uesimtun0,650271,10933,893968,17101,81.564,0,1
2025-11-25T17:28:25.893573Z,urllc,uesimtun1,540403,10048,639052,10993,0.983,0,1
2025-11-25T17:28:25.893573Z,mmtc,uesimtun2,643956,10946,867952,16477,0.971,0,1
2025-11-25T17:28:26.144009Z,embb,uesimtun0,650436,10936,894212,17106,1.269,0,1
2025-11-25T17:28:26.144009Z,urllc,uesimtun1,540543,10051,639216,10996,0.968,0,1
2025-11-25T17:28:26.144009Z,mmtc,uesimtun2,644121,10949,868196,16482,1.121,0,1
2025-11-25T17:28:26.393537Z,embb,uesimtun0,650601,10939,894456,17111,3.447,0,1
2025-11-25T17:28:26.393537Z,urllc,uesimtun1,540683,10054,639380,10999,0.987,0,1
2025-11-25T17:28:26.393537Z,mmtc,uesimtun2,644286,10952,868440,16487,0.907,0,1
2025-11-25T17:28:26.643705Z,embb,uesimtun0,650766,10942,894700,17116,1.308,0,1
2025-11-25T17:28:26.643705Z,urllc,uesimtun1,540823,10057,639544,11002,0.921,0,1
2025-11-25T17:28:26.643705Z,mmtc,uesimtun2,644451,10955,868684,16492,0.887,0,1
2025-11-25T17:28:27.015979Z,embb,uesimtun0,650931,10945,894944,17121,3.536,0,1
2025-11-25T17:28:27.015979Z,urllc,uesimtun1,540963,10060,639708,11005,1.149,0,1
2025-11-25T17:28:27.015979Z,mmtc,uesimtun2,644616,10958,868928,16497,1.194,0,1
2025-11-25T17:28:27.143741Z,embb,uesimtun0,651096,10948,895188,17126,1.198,0,1
2025-11-25T17:28:27.143741Z,urllc,uesimtun1,541103,10063,639872,11008,1.119,0,1
2025-11-25T17:28:27.143741Z,mmtc,uesimtun2,644781,10961,869172,16502,1.001,0,1
2025-11-25T17:28:27.393835Z,embb,uesimtun0,651261,10951,895432,17131,1.247,0,1
2025-11-25T17:28:27.393835Z,urllc,uesimtun1,541268,10066,640116,11013,1.031,0,1
2025-11-25T17:28:27.393835Z,mmtc,uesimtun2,644921,10964,869336,16505,1.088,0,1
2025-11-25T17:28:27.643647Z,embb,uesimtun0,651426,10954,895676,17136,1.462,0,1
2025-11-25T17:28:27.643647Z,urllc,uesimtun1,541408,10069,640280,11016,1.059,0,1
2025-11-25T17:28:27.643647Z,mmtc,uesimtun2,645086,10967,869580,16510,1.143,0,1
2025-11-25T17:28:27.893508Z,embb,uesimtun0,651591,10957,895920,17141,107.989,0,1
2025-11-25T17:28:27.893508Z,urllc,uesimtun1,541548,10072,640444,11019,2.129,0,1
2025-11-25T17:28:27.893508Z,mmtc,uesimtun2,645251,10970,869824,16515,1.211,0,1
2025-11-25T17:28:28.143474Z,embb,uesimtun0,651756,10960,896164,17146,1.462,0,1
2025-11-25T17:28:28.143474Z,urllc,uesimtun1,541688,10075,640608,11022,,1,1
2025-11-25T17:28:28.143474Z,mmtc,uesimtun2,645468,10974,870068,16520,0.967,0,1
2025-11-25T17:28:28.393669Z,embb,uesimtun0,651921,10963,896408,17151,1.406,0,1
2025-11-25T17:28:28.393669Z,urllc,uesimtun1,541728,10076,640668,11023,,1,1
2025-11-25T17:28:28.393669Z,mmtc,uesimtun2,645633,10977,870312,16525,1.144,0,1
2025-11-25T17:28:28.643551Z,embb,uesimtun0,652086,10966,896652,17156,1.458,0,1
2025-11-25T17:28:28.643551Z,urllc,uesimtun1,541768,10077,640728,11024,1.024,0,1
2025-11-25T17:28:28.643551Z,mmtc,uesimtun2,645798,10980,870556,16530,1.040,0,1
2025-11-25T17:28:28.893542Z,embb,uesimtun0,652251,10969,896896,17161,96.518,0,1
2025-11-25T17:28:28.893542Z,urllc,uesimtun1,541933,10080,640972,11029,,1,1
2025-11-25T17:28:28.893542Z,mmtc,uesimtun2,645938,10983,870720,16533,0.911,0,1
2025-11-25T17:28:29.143747Z,embb,uesimtun0,652416,10972,897140,17166,1.424,0,1
2025-11-25T17:28:29.143747Z,urllc,uesimtun1,541973,10081,641032,11030,8.115,0,1
2025-11-25T17:28:29.143747Z,mmtc,uesimtun2,646103,10986,870964,16538,1.786,0,1
2025-11-25T17:28:29.393697Z,embb,uesimtun0,652581,10975,897384,17171,1.556,0,1
2025-11-25T17:28:29.393697Z,urllc,uesimtun1,542113,10084,641196,11033,0.930,0,1
2025-11-25T17:28:29.393697Z,mmtc,uesimtun2,646268,10989,871208,16543,1.038,0,1
2025-11-25T17:28:29.643803Z,embb,uesimtun0,652746,10978,897628,17176,1.434,0,1
2025-11-25T17:28:29.643803Z,urllc,uesimtun1,542253,10087,641360,11036,1.025,0,1
2025-11-25T17:28:29.643803Z,mmtc,uesimtun2,646433,10992,871452,16548,0.931,0,1
2025-11-25T17:28:29.894265Z,embb,uesimtun0,652911,10981,897872,17181,106.423,0,1
2025-11-25T17:28:29.894265Z,urllc,uesimtun1,542393,10090,641524,11039,1.231,0,1
2025-11-25T17:28:29.894265Z,mmtc,uesimtun2,646598,10995,871696,16553,,1,1
2025-11-25T17:28:30.143396Z,embb,uesimtun0,653076,10984,898116,17186,1.439,0,1
2025-11-25T17:28:30.143396Z,urllc,uesimtun1,542558,10093,641768,11044,0.926,0,1
2025-11-25T17:28:30.143396Z,mmtc,uesimtun2,646638,10996,871756,16554,0.977,0,1
2025-11-25T17:28:30.393882Z,embb,uesimtun0,653241,10987,898360,17191,1.397,0,1
2025-11-25T17:28:30.393882Z,urllc,uesimtun1,542698,10096,641932,11047,0.964,0,1
2025-11-25T17:28:30.393882Z,mmtc,uesimtun2,646803,10999,872000,16559,0.906,0,1
2025-11-25T17:28:30.644917Z,embb,uesimtun0,653406,10990,898604,17196,1.507,0,1
2025-11-25T17:28:30.644917Z,urllc,uesimtun1,542838,10099,642096,11050,1.159,0,1
2025-11-25T17:28:30.644917Z,mmtc,uesimtun2,646968,11002,872244,16564,1.013,0,1
2025-11-25T17:28:30.893687Z,embb,uesimtun0,653571,10993,898848,17201,86.450,0,1
2025-11-25T17:28:30.893687Z,urllc,uesimtun1,543003,10102,642340,11055,1.027,0,1
2025-11-25T17:28:30.893687Z,mmtc,uesimtun2,647133,11005,872488,16569,1.015,0,1
2025-11-25T17:28:31.143831Z,embb,uesimtun0,653736,10996,899092,17206,1.430,0,1
2025-11-25T17:28:31.143831Z,urllc,uesimtun1,543168,10105,642584,11060,0.894,0,1
2025-11-25T17:28:31.143831Z,mmtc,uesimtun2,647298,11008,872732,16574,0.945,0,1
2025-11-25T17:28:31.393517Z,embb,uesimtun0,653901,10999,899336,17211,1.326,0,1
2025-11-25T17:28:31.393517Z,urllc,uesimtun1,543308,10108,642748,11063,0.943,0,1
2025-11-25T17:28:31.393517Z,mmtc,uesimtun2,647463,11011,872976,16579,1.001,0,1
2025-11-25T17:28:31.643889Z,embb,uesimtun0,654066,11002,899580,17216,1.364,0,1
2025-11-25T17:28:31.643889Z,urllc,uesimtun1,543448,10111,642912,11066,0.961,0,1
2025-11-25T17:28:31.643889Z,mmtc,uesimtun2,647628,11014,873220,16584,0.895,0,1
2025-11-25T17:28:31.893550Z,embb,uesimtun0,654231,11005,899824,17221,85.367,0,1
2025-11-25T17:28:31.893550Z,urllc,uesimtun1,543588,10114,643076,11069,,1,1
2025-11-25T17:28:31.893550Z,mmtc,uesimtun2,647793,11017,873464,16589,0.959,0,1
2025-11-25T17:28:32.144047Z,embb,uesimtun0,654396,11008,900068,17226,1.403,0,1
2025-11-25T17:28:32.144047Z,urllc,uesimtun1,543628,10115,643136,11070,0.878,0,1
2025-11-25T17:28:32.144047Z,mmtc,uesimtun2,647958,11020,873708,16594,1.121,0,1
2025-11-25T17:28:32.393529Z,embb,uesimtun0,654561,11011,900312,17231,1.349,0,1
2025-11-25T17:28:32.393529Z,urllc,uesimtun1,543768,10118,643300,11073,0.952,0,1
2025-11-25T17:28:32.393529Z,mmtc,uesimtun2,648123,11023,873952,16599,1.033,0,1
2025-11-25T17:28:32.643919Z,embb,uesimtun0,654726,11014,900556,17236,3.279,0,1
2025-11-25T17:28:32.643919Z,urllc,uesimtun1,543908,10121,643464,11076,,1,1
2025-11-25T17:28:32.643919Z,mmtc,uesimtun2,648288,11026,874196,16604,1.043,0,1
2025-11-25T17:28:32.893528Z,embb,uesimtun0,654891,11017,900800,17241,82.977,0,1
2025-11-25T17:28:32.893528Z,urllc,uesimtun1,543948,10122,643524,11077,0.937,0,1
2025-11-25T17:28:32.893528Z,mmtc,uesimtun2,648453,11029,874440,16609,1.014,0,1
2025-11-25T17:28:33.143671Z,embb,uesimtun0,655056,11020,901044,17246,1.247,0,1
2025-11-25T17:28:33.143671Z,urllc,uesimtun1,544088,10125,643688,11080,0.930,0,1
2025-11-25T17:28:33.143671Z,mmtc,uesimtun2,648618,11032,874684,16614,0.886,0,1
2025-11-25T17:28:33.393566Z,embb,uesimtun0,655221,11023,901288,17251,1.347,0,1
2025-11-25T17:28:33.393566Z,urllc,uesimtun1,544228,10128,643852,11083,1.040,0,1
2025-11-25T17:28:33.393566Z,mmtc,uesimtun2,648783,11035,874928,16619,0.971,0,1
2025-11-25T17:28:33.643707Z,embb,uesimtun0,655386,11026,901532,17256,1.332,0,1
2025-11-25T17:28:33.643707Z,urllc,uesimtun1,544393,10131,644096,11088,1.253,0,1
2025-11-25T17:28:33.643707Z,mmtc,uesimtun2,648948,11038,875172,16624,1.156,0,1
2025-11-25T17:28:33.893816Z,embb,uesimtun0,655551,11029,901776,17261,83.100,0,1
2025-11-25T17:28:33.893816Z,urllc,uesimtun1,544558,10134,644340,11093,0.982,0,1
2025-11-25T17:28:33.893816Z,mmtc,uesimtun2,649113,11041,875416,16629,0.946,0,1
2025-11-25T17:28:34.143445Z,embb,uesimtun0,655716,11032,902020,17266,1.401,0,1
2025-11-25T17:28:34.143445Z,urllc,uesimtun1,544698,10137,644504,11096,0.892,0,1
2025-11-25T17:28:34.143445Z,mmtc,uesimtun2,649278,11044,875660,16634,0.975,0,1
2025-11-25T17:28:34.394185Z,embb,uesimtun0,655881,11035,902264,17271,1.411,0,1
2025-11-25T17:28:34.394185Z,urllc,uesimtun1,544838,10140,644668,11099,0.953,0,1
2025-11-25T17:28:34.394185Z,mmtc,uesimtun2,649443,11047,875904,16639,1.014,0,1
2025-11-25T17:28:34.643596Z,embb,uesimtun0,656046,11038,902508,17276,1.393,0,1
2025-11-25T17:28:34.643596Z,urllc,uesimtun1,544978,10143,644832,11102,1.316,0,1
2025-11-25T17:28:34.643596Z,mmtc,uesimtun2,649608,11050,876148,16644,0.908,0,1
2025-11-25T17:28:34.893535Z,embb,uesimtun0,656211,11041,902752,17281,82.884,0,1
2025-11-25T17:28:34.893535Z,urllc,uesimtun1,545118,10146,644996,11105,,1,1
2025-11-25T17:28:34.893535Z,mmtc,uesimtun2,649773,11053,876392,16649,0.943,0,1
2025-11-25T17:28:35.143861Z,embb,uesimtun0,656376,11044,902996,17286,1.201,0,1
2025-11-25T17:28:35.143861Z,urllc,uesimtun1,545158,10147,645056,11106,0.982,0,1
2025-11-25T17:28:35.143861Z,mmtc,uesimtun2,649938,11056,876636,16654,1.015,0,1
2025-11-25T17:28:35.393479Z,embb,uesimtun0,656541,11047,903240,17291,1.432,0,1
2025-11-25T17:28:35.393479Z,urllc,uesimtun1,545298,10150,645220,11109,1.132,0,1
2025-11-25T17:28:35.393479Z,mmtc,uesimtun2,650103,11059,876880,16659,0.984,0,1
2025-11-25T17:28:35.643314Z,embb,uesimtun0,656706,11050,903484,17296,1.256,0,1
2025-11-25T17:28:35.643314Z,urllc,uesimtun1,545438,10153,645384,11112,0.957,0,1
2025-11-25T17:28:35.643314Z,mmtc,uesimtun2,650320,11063,877124,16664,0.873,0,1
2025-11-25T17:28:35.893724Z,embb,uesimtun0,656871,11053,903728,17301,83.112,0,1
2025-11-25T17:28:35.893724Z,urllc,uesimtun1,545578,10156,645548,11115,,1,1
2025-11-25T17:28:35.893724Z,mmtc,uesimtun2,650485,11066,877368,16669,0.925,0,1
2025-11-25T17:28:36.143998Z,embb,uesimtun0,657036,11056,903972,17306,1.293,0,1
2025-11-25T17:28:36.143998Z,urllc,uesimtun1,545618,10157,645608,11116,0.983,0,1
2025-11-25T17:28:36.143998Z,mmtc,uesimtun2,650650,11069,877612,16674,0.927,0,1
2025-11-25T17:28:36.393517Z,embb,uesimtun0,657201,11059,904216,17311,1.571,0,1
2025-11-25T17:28:36.393517Z,urllc,uesimtun1,545758,10160,645772,11119,,1,1
2025-11-25T17:28:36.393517Z,mmtc,uesimtun2,650815,11072,877856,16679,1.110,0,1
2025-11-25T17:28:36.643828Z,embb,uesimtun0,657366,11062,904460,17316,1.442,0,1
2025-11-25T17:28:36.643828Z,urllc,uesimtun1,545798,10161,645832,11120,1.137,0,1
2025-11-25T17:28:36.643828Z,mmtc,uesimtun2,650980,11075,878100,16684,1.050,0,1
2025-11-25T17:28:36.893636Z,embb,uesimtun0,657531,11065,904704,17321,82.863,0,1
2025-11-25T17:28:36.893636Z,urllc,uesimtun1,545938,10164,645996,11123,,1,1
2025-11-25T17:28:36.893636Z,mmtc,uesimtun2,651145,11078,878344,16689,6.072,0,1
2025-11-25T17:28:37.143778Z,embb,uesimtun0,657696,11068,904948,17326,1.316,0,1
2025-11-25T17:28:37.143778Z,urllc,uesimtun1,545978,10165,646056,11124,0.972,0,1
2025-11-25T17:28:37.143778Z,mmtc,uesimtun2,651310,11081,878588,16694,1.104,0,1
2025-11-25T17:28:37.393722Z,embb,uesimtun0,657861,11071,905192,17331,1.412,0,1
2025-11-25T17:28:37.393722Z,urllc,uesimtun1,546118,10168,646220,11127,1.067,0,1
2025-11-25T17:28:37.393722Z,mmtc,uesimtun2,651475,11084,878832,16699,0.946,0,1
2025-11-25T17:28:37.643778Z,embb,uesimtun0,658026,11074,905436,17336,1.516,0,1
2025-11-25T17:28:37.643778Z,urllc,uesimtun1,546258,10171,646384,11130,1.194,0,1
2025-11-25T17:28:37.643778Z,mmtc,uesimtun2,651640,11087,879076,16704,1.032,0,1
2025-11-25T17:28:37.895560Z,embb,uesimtun0,658191,11077,905680,17341,81.344,0,1
2025-11-25T17:28:37.895560Z,urllc,uesimtun1,546398,10174,646548,11133,,1,1
2025-11-25T17:28:37.895560Z,mmtc,uesimtun2,651805,11090,879320,16709,0.998,0,1
2025-11-25T17:28:38.143658Z,embb,uesimtun0,658356,11080,905924,17346,1.540,0,1
2025-11-25T17:28:38.143658Z,urllc,uesimtun1,546438,10175,646608,11134,0.984,0,1
2025-11-25T17:28:38.143658Z,mmtc,uesimtun2,651970,11093,879564,16714,1.061,0,1
2025-11-25T17:28:38.393702Z,embb,uesimtun0,658521,11083,906168,17351,1.527,0,1
2025-11-25T17:28:38.393702Z,urllc,uesimtun1,546578,10178,646772,11137,1.213,0,1
2025-11-25T17:28:38.393702Z,mmtc,uesimtun2,652135,11096,879808,16719,0.921,0,1
2025-11-25T17:28:38.644243Z,embb,uesimtun0,658686,11086,906412,17356,1.404,0,1
2025-11-25T17:28:38.644243Z,urllc,uesimtun1,546718,10181,646936,11140,1.346,0,1
2025-11-25T17:28:38.644243Z,mmtc,uesimtun2,652352,11100,880052,16724,0.980,0,1
2025-11-25T17:28:38.893661Z,embb,uesimtun0,658851,11089,906656,17361,102.740,0,1
2025-11-25T17:28:38.893661Z,urllc,uesimtun1,546858,10184,647100,11143,,1,1
2025-11-25T17:28:38.893661Z,mmtc,uesimtun2,652517,11103,880296,16729,0.935,0,1
2025-11-25T17:28:39.143530Z,embb,uesimtun0,659016,11092,906900,17366,1.292,0,1
2025-11-25T17:28:39.143530Z,urllc,uesimtun1,546898,10185,647160,11144,0.957,0,1
2025-11-25T17:28:39.143530Z,mmtc,uesimtun2,652682,11106,880540,16734,1.077,0,1
2025-11-25T17:28:39.393938Z,embb,uesimtun0,659181,11095,907144,17371,1.368,0,1
2025-11-25T17:28:39.393938Z,urllc,uesimtun1,547038,10188,647324,11147,1.135,0,1
2025-11-25T17:28:39.393938Z,mmtc,uesimtun2,652847,11109,880784,16739,1.191,0,1
2025-11-25T17:28:39.643474Z,embb,uesimtun0,659346,11098,907388,17376,1.537,0,1
2025-11-25T17:28:39.643474Z,urllc,uesimtun1,547178,10191,647488,11150,1.035,0,1
2025-11-25T17:28:39.643474Z,mmtc,uesimtun2,653012,11112,881028,16744,1.043,0,1
2025-11-25T17:28:39.893608Z,embb,uesimtun0,659511,11101,907632,17381,96.704,0,1
2025-11-25T17:28:39.893608Z,urllc,uesimtun1,547318,10194,647652,11153,1.900,0,1
2025-11-25T17:28:39.893608Z,mmtc,uesimtun2,653177,11115,881272,16749,1.675,0,1
2025-11-25T17:28:40.143735Z,embb,uesimtun0,659676,11104,907876,17386,3.645,0,1
2025-11-25T17:28:40.143735Z,urllc,uesimtun1,547483,10197,647896,11158,1.101,0,1
2025-11-25T17:28:40.143735Z,mmtc,uesimtun2,653342,11118,881516,16754,0.966,0,1
2025-11-25T17:28:40.393840Z,embb,uesimtun0,659841,11107,908120,17391,5.494,0,1
2025-11-25T17:28:40.393840Z,urllc,uesimtun1,547623,10200,648060,11161,1.141,0,1
2025-11-25T17:28:40.393840Z,mmtc,uesimtun2,653507,11121,881760,16759,0.966,0,1
2025-11-25T17:28:40.643462Z,embb,uesimtun0,660006,11110,908364,17396,1.462,0,1
2025-11-25T17:28:40.643462Z,urllc,uesimtun1,547763,10203,648224,11164,1.069,0,1
2025-11-25T17:28:40.643462Z,mmtc,uesimtun2,653672,11124,882004,16764,1.323,0,1
2025-11-25T17:28:40.893904Z,embb,uesimtun0,660171,11113,908608,17401,91.969,0,1
2025-11-25T17:28:40.893904Z,urllc,uesimtun1,547903,10206,648388,11167,1.056,0,1
2025-11-25T17:28:40.893904Z,mmtc,uesimtun2,653837,11127,882248,16769,1.010,0,1
2025-11-25T17:28:41.143409Z,embb,uesimtun0,660336,11116,908852,17406,1.518,0,1
2025-11-25T17:28:41.143409Z,urllc,uesimtun1,548068,10209,648632,11172,0.967,0,1
2025-11-25T17:28:41.143409Z,mmtc,uesimtun2,653977,11130,882412,16772,1.666,0,1
2025-11-25T17:28:41.393837Z,embb,uesimtun0,660501,11119,909096,17411,1.582,0,1
2025-11-25T17:28:41.393837Z,urllc,uesimtun1,548208,10212,648796,11175,1.250,0,1
2025-11-25T17:28:41.393837Z,mmtc,uesimtun2,654142,11133,882656,16777,0.877,0,1
2025-11-25T17:28:41.643835Z,embb,uesimtun0,660666,11122,909340,17416,1.600,0,1
2025-11-25T17:28:41.643835Z,urllc,uesimtun1,548348,10215,648960,11178,1.114,0,1
2025-11-25T17:28:41.643835Z,mmtc,uesimtun2,654307,11136,882900,16782,0.986,0,1
2025-11-25T17:28:41.893524Z,embb,uesimtun0,660831,11125,909584,17421,103.106,0,1
2025-11-25T17:28:41.893524Z,urllc,uesimtun1,548488,10218,649124,11181,1.104,0,1
2025-11-25T17:28:41.893524Z,mmtc,uesimtun2,654472,11139,883144,16787,1.125,0,1
2025-11-25T17:28:42.145839Z,embb,uesimtun0,660996,11128,909828,17426,1.495,0,1
2025-11-25T17:28:42.145839Z,urllc,uesimtun1,548628,10221,649288,11184,1.036,0,1
2025-11-25T17:28:42.145839Z,mmtc,uesimtun2,654637,11142,883388,16792,1.127,0,1
2025-11-25T17:28:42.393658Z,embb,uesimtun0,661161,11131,910072,17431,7.128,0,1
2025-11-25T17:28:42.393658Z,urllc,uesimtun1,548768,10224,649452,11187,1.333,0,1
2025-11-25T17:28:42.393658Z,mmtc,uesimtun2,654802,11145,883632,16797,1.505,0,1
2025-11-25T17:28:42.643707Z,embb,uesimtun0,661326,11134,910316,17436,1.393,0,1
2025-11-25T17:28:42.643707Z,urllc,uesimtun1,548933,10227,649696,11192,1.084,0,1
2025-11-25T17:28:42.643707Z,mmtc,uesimtun2,654942,11148,883796,16800,0.961,0,1
2025-11-25T17:28:42.893587Z,embb,uesimtun0,661491,11137,910560,17441,97.431,0,1
2025-11-25T17:28:42.893587Z,urllc,uesimtun1,549073,10230,649860,11195,0.923,0,1
2025-11-25T17:28:42.893587Z,mmtc,uesimtun2,655107,11151,884040,16805,0.957,0,1
2025-11-25T17:28:43.143818Z,embb,uesimtun0,661656,11140,910804,17446,1.556,0,1
2025-11-25T17:28:43.143818Z,urllc,uesimtun1,549213,10233,650024,11198,0.966,0,1
2025-11-25T17:28:43.143818Z,mmtc,uesimtun2,655272,11154,884284,16810,0.916,0,1
2025-11-25T17:28:43.393559Z,embb,uesimtun0,661821,11143,911048,17451,1.437,0,1
2025-11-25T17:28:43.393559Z,urllc,uesimtun1,549353,10236,650188,11201,1.010,0,1
2025-11-25T17:28:43.393559Z,mmtc,uesimtun2,655437,11157,884528,16815,1.010,0,1
2025-11-25T17:28:43.643807Z,embb,uesimtun0,661986,11146,911292,17456,4.324,0,1
2025-11-25T17:28:43.643807Z,urllc,uesimtun1,549493,10239,650352,11204,0.978,0,1
2025-11-25T17:28:43.643807Z,mmtc,uesimtun2,655602,11160,884772,16820,0.886,0,1
2025-11-25T17:28:43.893597Z,embb,uesimtun0,662151,11149,911536,17461,103.590,0,1
2025-11-25T17:28:43.893597Z,urllc,uesimtun1,549633,10242,650516,11207,1.185,0,1
2025-11-25T17:28:43.893597Z,mmtc,uesimtun2,655767,11163,885016,16825,1.090,0,1
2025-11-25T17:28:44.143484Z,embb,uesimtun0,662316,11152,911780,17466,1.285,0,1
2025-11-25T17:28:44.143484Z,urllc,uesimtun1,549773,10245,650680,11210,1.144,0,1
2025-11-25T17:28:44.143484Z,mmtc,uesimtun2,655932,11166,885260,16830,0.969,0,1
2025-11-25T17:28:44.393922Z,embb,uesimtun0,662481,11155,912024,17471,1.237,0,1
2025-11-25T17:28:44.393922Z,urllc,uesimtun1,549938,10248,650924,11215,,1,1
2025-11-25T17:28:44.393922Z,mmtc,uesimtun2,656097,11169,885504,16835,0.933,0,1
2025-11-25T17:28:44.643830Z,embb,uesimtun0,662646,11158,912268,17476,1.400,0,1
2025-11-25T17:28:44.643830Z,urllc,uesimtun1,549978,10249,650984,11216,1.006,0,1
2025-11-25T17:28:44.643830Z,mmtc,uesimtun2,656262,11172,885748,16840,1.031,0,1
2025-11-25T17:28:44.893520Z,embb,uesimtun0,662811,11161,912512,17481,106.472,0,1
2025-11-25T17:28:44.893520Z,urllc,uesimtun1,550118,10252,651148,11219,,1,1
2025-11-25T17:28:44.893520Z,mmtc,uesimtun2,656427,11175,885992,16845,1.005,0,1
2025-11-25T17:28:45.143511Z,embb,uesimtun0,662976,11164,912756,17486,1.372,0,1
2025-11-25T17:28:45.143511Z,urllc,uesimtun1,550158,10253,651208,11220,0.978,0,1
2025-11-25T17:28:45.143511Z,mmtc,uesimtun2,656592,11178,886236,16850,0.912,0,1
2025-11-25T17:28:45.393575Z,embb,uesimtun0,663141,11167,913000,17491,1.260,0,1
2025-11-25T17:28:45.393575Z,urllc,uesimtun1,550298,10256,651372,11223,0.952,0,1
2025-11-25T17:28:45.393575Z,mmtc,uesimtun2,656757,11181,886480,16855,0.997,0,1
2025-11-25T17:28:45.643909Z,embb,uesimtun0,663306,11170,913244,17496,1.341,0,1
2025-11-25T17:28:45.643909Z,urllc,uesimtun1,550438,10259,651536,11226,0.960,0,1
2025-11-25T17:28:45.643909Z,mmtc,uesimtun2,656922,11184,886724,16860,1.006,0,1
2025-11-25T17:28:45.893681Z,embb,uesimtun0,663471,11173,913488,17501,101.068,0,1
2025-11-25T17:28:45.893681Z,urllc,uesimtun1,550578,10262,651700,11229,1.024,0,1
2025-11-25T17:28:45.893681Z,mmtc,uesimtun2,657087,11187,886968,16865,0.991,0,1
2025-11-25T17:28:46.143386Z,embb,uesimtun0,663636,11176,913732,17506,1.170,0,1
2025-11-25T17:28:46.143386Z,urllc,uesimtun1,550718,10265,651864,11232,,1,1
2025-11-25T17:28:46.143386Z,mmtc,uesimtun2,657252,11190,887212,16870,0.962,0,1
2025-11-25T17:28:46.393479Z,embb,uesimtun0,663801,11179,913976,17511,1.237,0,1
2025-11-25T17:28:46.393479Z,urllc,uesimtun1,550758,10266,651924,11233,1.030,0,1
2025-11-25T17:28:46.393479Z,mmtc,uesimtun2,657417,11193,887456,16875,1.034,0,1
2025-11-25T17:28:46.643927Z,embb,uesimtun0,663966,11182,914220,17516,1.693,0,1
2025-11-25T17:28:46.643927Z,urllc,uesimtun1,550898,10269,652088,11236,1.051,0,1
2025-11-25T17:28:46.643927Z,mmtc,uesimtun2,657582,11196,887700,16880,0.824,0,1
2025-11-25T17:28:46.901208Z,embb,uesimtun0,664131,11185,914464,17521,117.165,0,1
2025-11-25T17:28:46.901208Z,urllc,uesimtun1,551038,10272,652252,11239,1.269,0,1
2025-11-25T17:28:46.901208Z,mmtc,uesimtun2,657747,11199,887944,16885,0.998,0,1
2025-11-25T17:28:47.143816Z,embb,uesimtun0,664296,11188,914708,17526,1.565,0,1
2025-11-25T17:28:47.143816Z,urllc,uesimtun1,551203,10275,652496,11244,1.012,0,1
2025-11-25T17:28:47.143816Z,mmtc,uesimtun2,657912,11202,888188,16890,1.092,0,1
2025-11-25T17:28:47.393632Z,embb,uesimtun0,664461,11191,914952,17531,1.418,0,1
2025-11-25T17:28:47.393632Z,urllc,uesimtun1,551343,10278,652660,11247,1.053,0,1
2025-11-25T17:28:47.393632Z,mmtc,uesimtun2,658077,11205,888432,16895,3.074,0,1
2025-11-25T17:28:47.643879Z,embb,uesimtun0,664626,11194,915196,17536,1.512,0,1
2025-11-25T17:28:47.643879Z,urllc,uesimtun1,551483,10281,652824,11250,1.072,0,1
2025-11-25T17:28:47.643879Z,mmtc,uesimtun2,658242,11208,888676,16900,0.982,0,1
2025-11-25T17:28:47.893976Z,embb,uesimtun0,664791,11197,915440,17541,125.198,0,1
2025-11-25T17:28:47.893976Z,urllc,uesimtun1,551623,10284,652988,11253,0.960,0,1
2025-11-25T17:28:47.893976Z,mmtc,uesimtun2,658407,11211,888920,16905,0.923,0,1
2025-11-25T17:28:48.143612Z,embb,uesimtun0,664956,11200,915684,17546,1.428,0,1
2025-11-25T17:28:48.143612Z,urllc,uesimtun1,551763,10287,653152,11256,0.883,0,1
2025-11-25T17:28:48.143612Z,mmtc,uesimtun2,658624,11215,889164,16910,1.000,0,1
2025-11-25T17:28:48.393529Z,embb,uesimtun0,665121,11203,915928,17551,1.245,0,1
2025-11-25T17:28:48.393529Z,urllc,uesimtun1,551928,10290,653396,11261,1.160,0,1
2025-11-25T17:28:48.393529Z,mmtc,uesimtun2,658764,11218,889328,16913,1.049,0,1
2025-11-25T17:28:48.643510Z,embb,uesimtun0,665286,11206,916172,17556,1.406,0,1
2025-11-25T17:28:48.643510Z,urllc,uesimtun1,552093,10293,653640,11266,,1,1
2025-11-25T17:28:48.643510Z,mmtc,uesimtun2,658904,11221,889492,16916,0.934,0,1
2025-11-25T17:28:48.895979Z,embb,uesimtun0,665451,11209,916416,17561,93.350,0,1
2025-11-25T17:28:48.895979Z,urllc,uesimtun1,552133,10294,653700,11267,0.936,0,1
2025-11-25T17:28:48.895979Z,mmtc,uesimtun2,659069,11224,889736,16921,0.863,0,1
2025-11-25T17:28:49.143678Z,embb,uesimtun0,665616,11212,916660,17566,1.256,0,1
2025-11-25T17:28:49.143678Z,urllc,uesimtun1,552273,10297,653864,11270,,1,1
2025-11-25T17:28:49.143678Z,mmtc,uesimtun2,659234,11227,889980,16926,0.882,0,1
2025-11-25T17:28:49.393671Z,embb,uesimtun0,665781,11215,916904,17571,1.522,0,1
2025-11-25T17:28:49.393671Z,urllc,uesimtun1,552313,10298,653924,11271,1.085,0,1
2025-11-25T17:28:49.393671Z,mmtc,uesimtun2,659399,11230,890224,16931,1.138,0,1
2025-11-25T17:28:49.643497Z,embb,uesimtun0,665946,11218,917148,17576,1.664,0,1
2025-11-25T17:28:49.643497Z,urllc,uesimtun1,552453,10301,654088,11274,1.047,0,1
2025-11-25T17:28:49.643497Z,mmtc,uesimtun2,659564,11233,890468,16936,1.026,0,1
2025-11-25T17:28:49.893685Z,embb,uesimtun0,666111,11221,917392,17581,106.010,0,1
2025-11-25T17:28:49.893685Z,urllc,uesimtun1,552593,10304,654252,11277,1.107,0,1
2025-11-25T17:28:49.893685Z,mmtc,uesimtun2,659729,11236,890712,16941,1.199,0,1
2025-11-25T17:28:50.143721Z,embb,uesimtun0,666276,11224,917636,17586,1.194,0,1
2025-11-25T17:28:50.143721Z,urllc,uesimtun1,552733,10307,654416,11280,,1,1
2025-11-25T17:28:50.143721Z,mmtc,uesimtun2,659894,11239,890956,16946,0.990,0,1
2025-11-25T17:28:50.393904Z,embb,uesimtun0,666441,11227,917880,17591,1.177,0,1
2025-11-25T17:28:50.393904Z,urllc,uesimtun1,552773,10308,654476,11281,,1,1
2025-11-25T17:28:50.393904Z,mmtc,uesimtun2,660059,11242,891200,16951,0.991,0,1
2025-11-25T17:28:50.643621Z,embb,uesimtun0,666606,11230,918124,17596,1.189,0,1
2025-11-25T17:28:50.643621Z,urllc,uesimtun1,552813,10309,654536,11282,0.925,0,1
2025-11-25T17:28:50.643621Z,mmtc,uesimtun2,660224,11245,891444,16956,0.893,0,1
2025-11-25T17:28:50.901836Z,embb,uesimtun0,666771,11233,918368,17601,137.864,0,1
2025-11-25T17:28:50.901836Z,urllc,uesimtun1,552953,10312,654700,11285,1.006,0,1
2025-11-25T17:28:50.901836Z,mmtc,uesimtun2,660389,11248,891688,16961,1.004,0,1
2025-11-25T17:28:51.144039Z,embb,uesimtun0,666936,11236,918612,17606,1.223,0,1
2025-11-25T17:28:51.144039Z,urllc,uesimtun1,553093,10315,654864,11288,,1,1
2025-11-25T17:28:51.144039Z,mmtc,uesimtun2,660554,11251,891932,16966,1.035,0,1
2025-11-25T17:28:51.393846Z,embb,uesimtun0,667101,11239,918856,17611,1.395,0,1
2025-11-25T17:28:51.393846Z,urllc,uesimtun1,553133,10316,654924,11289,1.010,0,1
2025-11-25T17:28:51.393846Z,mmtc,uesimtun2,660719,11254,892176,16971,1.093,0,1
2025-11-25T17:28:51.643994Z,embb,uesimtun0,667266,11242,919100,17616,1.354,0,1
2025-11-25T17:28:51.643994Z,urllc,uesimtun1,553273,10319,655088,11292,1.122,0,1
2025-11-25T17:28:51.643994Z,mmtc,uesimtun2,660884,11257,892420,16976,1.058,0,1
2025-11-25T17:28:51.893774Z,embb,uesimtun0,667431,11245,919344,17621,105.907,0,1
2025-11-25T17:28:51.893774Z,urllc,uesimtun1,553438,10322,655332,11297,0.807,0,1
2025-11-25T17:28:51.893774Z,mmtc,uesimtun2,661024,11260,892584,16979,1.068,0,1
2025-11-25T17:28:52.143737Z,embb,uesimtun0,667596,11248,919588,17626,1.320,0,1
2025-11-25T17:28:52.143737Z,urllc,uesimtun1,553578,10325,655496,11300,,1,1
2025-11-25T17:28:52.143737Z,mmtc,uesimtun2,661189,11263,892828,16984,0.962,0,1
2025-11-25T17:28:52.393684Z,embb,uesimtun0,667761,11251,919832,17631,1.181,0,1
2025-11-25T17:28:52.393684Z,urllc,uesimtun1,553618,10326,655556,11301,0.990,0,1
2025-11-25T17:28:52.393684Z,mmtc,uesimtun2,661354,11266,893072,16989,0.920,0,1
2025-11-25T17:28:52.643864Z,embb,uesimtun0,667926,11254,920076,17636,1.286,0,1
2025-11-25T17:28:52.643864Z,urllc,uesimtun1,553758,10329,655720,11304,,1,1
2025-11-25T17:28:52.643864Z,mmtc,uesimtun2,661519,11269,893316,16994,0.959,0,1
2025-11-25T17:28:52.900566Z,embb,uesimtun0,668091,11257,920320,17641,109.027,0,1
2025-11-25T17:28:52.900566Z,urllc,uesimtun1,553798,10330,655780,11305,0.941,0,1
2025-11-25T17:28:52.900566Z,mmtc,uesimtun2,661684,11272,893560,16999,0.968,0,1
2025-11-25T17:28:53.143683Z,embb,uesimtun0,668256,11260,920564,17646,1.210,0,1
2025-11-25T17:28:53.143683Z,urllc,uesimtun1,553938,10333,655944,11308,0.959,0,1
2025-11-25T17:28:53.143683Z,mmtc,uesimtun2,661849,11275,893804,17004,0.940,0,1
2025-11-25T17:28:53.393765Z,embb,uesimtun0,668421,11263,920808,17651,1.233,0,1
2025-11-25T17:28:53.393765Z,urllc,uesimtun1,554078,10336,656108,11311,,1,1
2025-11-25T17:28:53.393765Z,mmtc,uesimtun2,662014,11278,894048,17009,1.004,0,1
2025-11-25T17:28:53.643572Z,embb,uesimtun0,668586,11266,921052,17656,1.480,0,1
2025-11-25T17:28:53.643572Z,urllc,uesimtun1,554118,10337,656168,11312,0.946,0,1
2025-11-25T17:28:53.643572Z,mmtc,uesimtun2,662179,11281,894292,17014,1.041,0,1
2025-11-25T17:28:53.893607Z,embb,uesimtun0,668751,11269,921296,17661,,1,1
2025-11-25T17:28:53.893607Z,urllc,uesimtun1,554258,10340,656332,11315,6.304,0,1
2025-11-25T17:28:53.893607Z,mmtc,uesimtun2,662344,11284,894536,17019,1.140,0,1
2025-11-25T17:28:54.228961Z,embb,uesimtun0,668811,11270,921396,17663,1.287,0,1
2025-11-25T17:28:54.228961Z,urllc,uesimtun1,554423,10343,656576,11320,1.120,0,1
2025-11-25T17:28:54.228961Z,mmtc,uesimtun2,662484,11287,894700,17022,0.948,0,1
2025-11-25T17:28:54.479905Z,embb,uesimtun0,668976,11273,921640,17668,1.479,0,1
2025-11-25T17:28:54.479905Z,urllc,uesimtun1,554588,10346,656820,11325,1.004,0,1
2025-11-25T17:28:54.479905Z,mmtc,uesimtun2,662624,11290,894864,17025,1.428,0,1
2025-11-25T17:28:54.729304Z,embb,uesimtun0,669141,11276,921884,17673,1.427,0,1
2025-11-25T17:28:54.729304Z,urllc,uesimtun1,554728,10349,656984,11328,0.957,0,1
2025-11-25T17:28:54.729304Z,mmtc,uesimtun2,662789,11293,895108,17030,0.903,0,1
2025-11-25T17:28:54.979749Z,embb,uesimtun0,669306,11279,922128,17678,20.100,0,1
2025-11-25T17:28:54.979749Z,urllc,uesimtun1,554868,10352,657148,11331,1.070,0,1
2025-11-25T17:28:54.979749Z,mmtc,uesimtun2,662954,11296,895352,17035,1.032,0,1
2025-11-25T17:28:55.229846Z,embb,uesimtun0,669471,11282,922372,17683,1.635,0,1
2025-11-25T17:28:55.229846Z,urllc,uesimtun1,555008,10355,657312,11334,1.027,0,1
2025-11-25T17:28:55.229846Z,mmtc,uesimtun2,663119,11299,895596,17040,1.263,0,1
2025-11-25T17:28:55.479495Z,embb,uesimtun0,669636,11285,922616,17688,1.596,0,1
2025-11-25T17:28:55.479495Z,urllc,uesimtun1,555148,10358,657476,11337,0.973,0,1
2025-11-25T17:28:55.479495Z,mmtc,uesimtun2,663284,11302,895840,17045,0.941,0,1
2025-11-25T17:28:55.731773Z,embb,uesimtun0,669801,11288,922860,17693,1.478,0,1
2025-11-25T17:28:55.731773Z,urllc,uesimtun1,555288,10361,657640,11340,1.047,0,1
2025-11-25T17:28:55.731773Z,mmtc,uesimtun2,663449,11305,896084,17050,0.916,0,1
2025-11-25T17:28:55.979280Z,embb,uesimtun0,669966,11291,923104,17698,15.911,0,1
2025-11-25T17:28:55.979280Z,urllc,uesimtun1,555428,10364,657804,11343,1.243,0,1
2025-11-25T17:28:55.979280Z,mmtc,uesimtun2,663614,11308,896328,17055,0.968,0,1
2025-11-25T17:28:56.229475Z,embb,uesimtun0,670131,11294,923348,17703,1.284,0,1
2025-11-25T17:28:56.229475Z,urllc,uesimtun1,555593,10367,658048,11348,1.022,0,1
2025-11-25T17:28:56.229475Z,mmtc,uesimtun2,663754,11311,896492,17058,1.040,0,1
2025-11-25T17:28:56.479490Z,embb,uesimtun0,670296,11297,923592,17708,1.546,0,1
2025-11-25T17:28:56.479490Z,urllc,uesimtun1,555733,10370,658212,11351,1.003,0,1
2025-11-25T17:28:56.479490Z,mmtc,uesimtun2,663919,11314,896736,17063,1.004,0,1
2025-11-25T17:28:56.729529Z,embb,uesimtun0,670461,11300,923836,17713,1.556,0,1
2025-11-25T17:28:56.729529Z,urllc,uesimtun1,555873,10373,658376,11354,5.127,0,1
2025-11-25T17:28:56.729529Z,mmtc,uesimtun2,664084,11317,896980,17068,1.220,0,1
2025-11-25T17:28:56.979737Z,embb,uesimtun0,670626,11303,924080,17718,19.894,0,1
2025-11-25T17:28:56.979737Z,urllc,uesimtun1,556038,10376,658620,11359,1.214,0,1
2025-11-25T17:28:56.979737Z,mmtc,uesimtun2,664224,11320,897144,17071,1.022,0,1
2025-11-25T17:28:57.229524Z,embb,uesimtun0,670791,11306,924324,17723,1.432,0,1
2025-11-25T17:28:57.229524Z,urllc,uesimtun1,556203,10379,658864,11364,1.023,0,1
2025-11-25T17:28:57.229524Z,mmtc,uesimtun2,664389,11323,897388,17076,1.078,0,1
2025-11-25T17:28:57.479694Z,embb,uesimtun0,670956,11309,924568,17728,1.309,0,1
2025-11-25T17:28:57.479694Z,urllc,uesimtun1,556343,10382,659028,11367,,1,1
2025-11-25T17:28:57.479694Z,mmtc,uesimtun2,664554,11326,897632,17081,0.971,0,1
2025-11-25T17:28:57.729787Z,embb,uesimtun0,671121,11312,924812,17733,1.466,0,1
2025-11-25T17:28:57.729787Z,urllc,uesimtun1,556383,10383,659088,11368,,1,1
2025-11-25T17:28:57.729787Z,mmtc,uesimtun2,664719,11329,897876,17086,0.981,0,1
2025-11-25T17:28:57.979226Z,embb,uesimtun0,671286,11315,925056,17738,20.859,0,1
2025-11-25T17:28:57.979226Z,urllc,uesimtun1,556423,10384,659148,11369,,1,1
2025-11-25T17:28:57.979226Z,mmtc,uesimtun2,664884,11332,898120,17091,1.037,0,1
2025-11-25T17:28:58.229588Z,embb,uesimtun0,671451,11318,925300,17743,1.345,0,1
2025-11-25T17:28:58.229588Z,urllc,uesimtun1,556463,10385,659208,11370,1.115,0,1
2025-11-25T17:28:58.229588Z,mmtc,uesimtun2,665049,11335,898364,17096,1.030,0,1
2025-11-25T17:28:58.479362Z,embb,uesimtun0,671616,11321,925544,17748,1.304,0,1
2025-11-25T17:28:58.479362Z,urllc,uesimtun1,556628,10388,659452,11375,1.009,0,1
2025-11-25T17:28:58.479362Z,mmtc,uesimtun2,665189,11338,898528,17099,1.049,0,1
2025-11-25T17:28:58.729758Z,embb,uesimtun0,671781,11324,925788,17753,1.285,0,1
2025-11-25T17:28:58.729758Z,urllc,uesimtun1,556768,10391,659616,11378,0.992,0,1
2025-11-25T17:28:58.729758Z,mmtc,uesimtun2,665354,11341,898772,17104,0.880,0,1
2025-11-25T17:28:58.979410Z,embb,uesimtun0,671946,11327,926032,17758,20.554,0,1
2025-11-25T17:28:58.979410Z,urllc,uesimtun1,556908,10394,659780,11381,0.958,0,1
2025-11-25T17:28:58.979410Z,mmtc,uesimtun2,665519,11344,899016,17109,1.047,0,1
2025-11-25T17:28:59.229704Z,embb,uesimtun0,672111,11330,926276,17763,1.448,0,1
2025-11-25T17:28:59.229704Z,urllc,uesimtun1,557048,10397,659944,11384,0.911,0,1
2025-11-25T17:28:59.229704Z,mmtc,uesimtun2,665684,11347,899260,17114,0.932,0,1
2025-11-25T17:28:59.479468Z,embb,uesimtun0,672276,11333,926520,17768,1.381,0,1
2025-11-25T17:28:59.479468Z,urllc,uesimtun1,557188,10400,660108,11387,1.050,0,1
2025-11-25T17:28:59.479468Z,mmtc,uesimtun2,665901,11351,899504,17119,0.973,0,1
2025-11-25T17:28:59.729108Z,embb,uesimtun0,672441,11336,926764,17773,1.364,0,1
2025-11-25T17:28:59.729108Z,urllc,uesimtun1,557328,10403,660272,11390,0.967,0,1
2025-11-25T17:28:59.729108Z,mmtc,uesimtun2,666066,11354,899748,17124,0.994,0,1
2025-11-25T17:28:59.980156Z,embb,uesimtun0,672606,11339,927008,17778,51.957,0,1
2025-11-25T17:28:59.980156Z,urllc,uesimtun1,557468,10406,660436,11393,1.431,0,1
2025-11-25T17:28:59.980156Z,mmtc,uesimtun2,666231,11357,899992,17129,1.054,0,1
2025-11-25T17:29:00.229702Z,embb,uesimtun0,672771,11342,927252,17783,1.232,0,1
2025-11-25T17:29:00.229702Z,urllc,uesimtun1,557608,10409,660600,11396,1.047,0,1
2025-11-25T17:29:00.229702Z,mmtc,uesimtun2,666396,11360,900236,17134,0.991,0,1
2025-11-25T17:29:00.479878Z,embb,uesimtun0,672936,11345,927496,17788,1.381,0,1
2025-11-25T17:29:00.479878Z,urllc,uesimtun1,557748,10412,660764,11399,1.013,0,1
2025-11-25T17:29:00.479878Z,mmtc,uesimtun2,666561,11363,900480,17139,1.013,0,1
2025-11-25T17:29:00.729316Z,embb,uesimtun0,673101,11348,927740,17793,1.531,0,1
2025-11-25T17:29:00.729316Z,urllc,uesimtun1,557888,10415,660928,11402,1.144,0,1
2025-11-25T17:29:00.729316Z,mmtc,uesimtun2,666726,11366,900724,17144,1.133,0,1
2025-11-25T17:29:00.979382Z,embb,uesimtun0,673266,11351,927984,17798,20.336,0,1
2025-11-25T17:29:00.979382Z,urllc,uesimtun1,558028,10418,661092,11405,0.971,0,1
2025-11-25T17:29:00.979382Z,mmtc,uesimtun2,666891,11369,900968,17149,0.984,0,1
2025-11-25T17:29:01.230065Z,embb,uesimtun0,673431,11354,928228,17803,1.245,0,1
2025-11-25T17:29:01.230065Z,urllc,uesimtun1,558168,10421,661256,11408,0.934,0,1
2025-11-25T17:29:01.230065Z,mmtc,uesimtun2,667056,11372,901212,17154,0.969,0,1
2025-11-25T17:29:01.479539Z,embb,uesimtun0,673596,11357,928472,17808,5.666,0,1
2025-11-25T17:29:01.479539Z,urllc,uesimtun1,558308,10424,661420,11411,1.034,0,1
2025-11-25T17:29:01.479539Z,mmtc,uesimtun2,667221,11375,901456,17159,1.003,0,1
2025-11-25T17:29:01.729520Z,embb,uesimtun0,673761,11360,928716,17813,1.328,0,1
2025-11-25T17:29:01.729520Z,urllc,uesimtun1,558448,10427,661584,11414,,1,1
2025-11-25T17:29:01.729520Z,mmtc,uesimtun2,667386,11378,901700,17164,0.981,0,1
2025-11-25T17:29:01.979343Z,embb,uesimtun0,673926,11363,928960,17818,20.608,0,1
2025-11-25T17:29:01.979343Z,urllc,uesimtun1,558488,10428,661644,11415,0.958,0,1
2025-11-25T17:29:01.979343Z,mmtc,uesimtun2,667551,11381,901944,17169,0.948,0,1
2025-11-25T17:29:02.229277Z,embb,uesimtun0,674091,11366,929204,17823,1.287,0,1
2025-11-25T17:29:02.229277Z,urllc,uesimtun1,558628,10431,661808,11418,1.138,0,1
2025-11-25T17:29:02.229277Z,mmtc,uesimtun2,667716,11384,902188,17174,0.943,0,1
2025-11-25T17:29:02.479452Z,embb,uesimtun0,674256,11369,929448,17828,1.380,0,1
2025-11-25T17:29:02.479452Z,urllc,uesimtun1,558768,10434,661972,11421,,1,1
2025-11-25T17:29:02.479452Z,mmtc,uesimtun2,667881,11387,902432,17179,1.062,0,1
2025-11-25T17:29:02.729537Z,embb,uesimtun0,674421,11372,929692,17833,1.333,0,1
2025-11-25T17:29:02.729537Z,urllc,uesimtun1,558808,10435,662032,11422,,1,1
2025-11-25T17:29:02.729537Z,mmtc,uesimtun2,668046,11390,902676,17184,1.018,0,1
2025-11-25T17:29:02.979257Z,embb,uesimtun0,674586,11375,929936,17838,20.107,0,1
2025-11-25T17:29:02.979257Z,urllc,uesimtun1,558848,10436,662092,11423,1.121,0,1
2025-11-25T17:29:02.979257Z,mmtc,uesimtun2,668211,11393,902920,17189,,1,1
2025-11-25T17:29:03.229407Z,embb,uesimtun0,674751,11378,930180,17843,1.337,0,1
2025-11-25T17:29:03.229407Z,urllc,uesimtun1,559013,10439,662336,11428,0.971,0,1
2025-11-25T17:29:03.229407Z,mmtc,uesimtun2,668251,11394,902980,17190,0.991,0,1
2025-11-25T17:29:03.479324Z,embb,uesimtun0,674916,11381,930424,17848,1.295,0,1
2025-11-25T17:29:03.479324Z,urllc,uesimtun1,559153,10442,662500,11431,1.036,0,1
2025-11-25T17:29:03.479324Z,mmtc,uesimtun2,668416,11397,903224,17195,1.343,0,1
2025-11-25T17:29:03.729434Z,embb,uesimtun0,675081,11384,930668,17853,1.400,0,1
2025-11-25T17:29:03.729434Z,urllc,uesimtun1,559293,10445,662664,11434,1.059,0,1
2025-11-25T17:29:03.729434Z,mmtc,uesimtun2,668581,11400,903468,17200,0.928,0,1
2025-11-25T17:29:03.979694Z,embb,uesimtun0,675246,11387,930912,17858,25.486,0,1
2025-11-25T17:29:03.979694Z,urllc,uesimtun1,559433,10448,662828,11437,1.029,0,1
2025-11-25T17:29:03.979694Z,mmtc,uesimtun2,668746,11403,903712,17205,1.175,0,1
2025-11-25T17:29:04.229808Z,embb,uesimtun0,675411,11390,931156,17863,1.267,0,1
2025-11-25T17:29:04.229808Z,urllc,uesimtun1,559598,10451,663072,11442,1.063,0,1
2025-11-25T17:29:04.229808Z,mmtc,uesimtun2,668911,11406,903956,17210,0.934,0,1
2025-11-25T17:29:04.479517Z,embb,uesimtun0,675576,11393,931400,17868,1.279,0,1
2025-11-25T17:29:04.479517Z,urllc,uesimtun1,559763,10454,663316,11447,1.021,0,1
2025-11-25T17:29:04.479517Z,mmtc,uesimtun2,669076,11409,904200,17215,0.898,0,1
2025-11-25T17:29:04.729637Z,embb,uesimtun0,675741,11396,931644,17873,1.296,0,1
2025-11-25T17:29:04.729637Z,urllc,uesimtun1,559903,10457,663480,11450,,1,1
2025-11-25T17:29:04.729637Z,mmtc,uesimtun2,669241,11412,904444,17220,0.995,0,1
2025-11-25T17:29:04.979123Z,embb,uesimtun0,675906,11399,931888,17878,20.701,0,1
2025-11-25T17:29:04.979123Z,urllc,uesimtun1,559943,10458,663540,11451,1.543,0,1
2025-11-25T17:29:04.979123Z,mmtc,uesimtun2,669406,11415,904688,17225,1.012,0,1
2025-11-25T17:29:05.229924Z,embb,uesimtun0,676071,11402,932132,17883,1.341,0,1
2025-11-25T17:29:05.229924Z,urllc,uesimtun1,560108,10461,663784,11456,0.950,0,1
2025-11-25T17:29:05.229924Z,mmtc,uesimtun2,669571,11418,904932,17230,1.014,0,1
2025-11-25T17:29:05.479716Z,embb,uesimtun0,676236,11405,932376,17888,1.378,0,1
2025-11-25T17:29:05.479716Z,urllc,uesimtun1,560248,10464,663948,11459,1.016,0,1
2025-11-25T17:29:05.479716Z,mmtc,uesimtun2,669736,11421,905176,17235,1.014,0,1
2025-11-25T17:29:05.729732Z,embb,uesimtun0,676401,11408,932620,17893,1.466,0,1
2025-11-25T17:29:05.729732Z,urllc,uesimtun1,560388,10467,664112,11462,1.112,0,1
2025-11-25T17:29:05.729732Z,mmtc,uesimtun2,669901,11424,905420,17240,0.945,0,1
2025-11-25T17:29:05.979290Z,embb,uesimtun0,676566,11411,932864,17898,21.275,0,1
2025-11-25T17:29:05.979290Z,urllc,uesimtun1,560528,10470,664276,11465,2.785,0,1
2025-11-25T17:29:05.979290Z,mmtc,uesimtun2,670066,11427,905664,17245,0.927,0,1
2025-11-25T17:29:06.229552Z,embb,uesimtun0,676731,11414,933108,17903,1.217,0,1
2025-11-25T17:29:06.229552Z,urllc,uesimtun1,560668,10473,664440,11468,0.996,0,1
2025-11-25T17:29:06.229552Z,mmtc,uesimtun2,670231,11430,905908,17250,1.075,0,1
2025-11-25T17:29:06.479536Z,embb,uesimtun0,676896,11417,933352,17908,1.453,0,1
2025-11-25T17:29:06.479536Z,urllc,uesimtun1,560808,10476,664604,11471,1.094,0,1
2025-11-25T17:29:06.479536Z,mmtc,uesimtun2,670396,11433,906152,17255,1.014,0,1
2025-11-25T17:29:06.730098Z,embb,uesimtun0,677061,11420,933596,17913,1.389,0,1
2025-11-25T17:29:06.730098Z,urllc,uesimtun1,560948,10479,664768,11474,1.108,0,1
2025-11-25T17:29:06.730098Z,mmtc,uesimtun2,670561,11436,906396,17260,1.011,0,1
2025-11-25T17:29:06.979248Z,embb,uesimtun0,677226,11423,933840,17918,31.343,0,1
2025-11-25T17:29:06.979248Z,urllc,uesimtun1,561088,10482,664932,11477,1.053,0,1
2025-11-25T17:29:06.979248Z,mmtc,uesimtun2,670726,11439,906640,17265,1.126,0,1
2025-11-25T17:29:07.230041Z,embb,uesimtun0,677391,11426,934084,17923,1.297,0,1
2025-11-25T17:29:07.230041Z,urllc,uesimtun1,561228,10485,665096,11480,1.079,0,1
2025-11-25T17:29:07.230041Z,mmtc,uesimtun2,670891,11442,906884,17270,,1,1
2025-11-25T17:29:07.479557Z,embb,uesimtun0,677556,11429,934328,17928,1.486,0,1
2025-11-25T17:29:07.479557Z,urllc,uesimtun1,561393,10488,665340,11485,1.089,0,1
2025-11-25T17:29:07.479557Z,mmtc,uesimtun2,670931,11443,906944,17271,1.093,0,1
2025-11-25T17:29:07.729319Z,embb,uesimtun0,677721,11432,934572,17933,1.354,0,1
2025-11-25T17:29:07.729319Z,urllc,uesimtun1,561533,10491,665504,11488,1.011,0,1
2025-11-25T17:29:07.729319Z,mmtc,uesimtun2,671096,11446,907188,17276,1.025,0,1
2025-11-25T17:29:07.979581Z,embb,uesimtun0,677886,11435,934816,17938,40.276,0,1
2025-11-25T17:29:07.979581Z,urllc,uesimtun1,561673,10494,665668,11491,1.005,0,1
2025-11-25T17:29:07.979581Z,mmtc,uesimtun2,671261,11449,907432,17281,1.040,0,1
2025-11-25T17:29:08.229506Z,embb,uesimtun0,678051,11438,935060,17943,1.417,0,1
2025-11-25T17:29:08.229506Z,urllc,uesimtun1,561813,10497,665832,11494,1.049,0,1
2025-11-25T17:29:08.229506Z,mmtc,uesimtun2,671426,11452,907676,17286,0.917,0,1
2025-11-25T17:29:08.479948Z,embb,uesimtun0,678216,11441,935304,17948,1.281,0,1
2025-11-25T17:29:08.479948Z,urllc,uesimtun1,561953,10500,665996,11497,0.992,0,1
2025-11-25T17:29:08.479948Z,mmtc,uesimtun2,671591,11455,907920,17291,0.920,0,1
2025-11-25T17:29:08.729601Z,embb,uesimtun0,678381,11444,935548,17953,1.336,0,1
2025-11-25T17:29:08.729601Z,urllc,uesimtun1,562093,10503,666160,11500,0.996,0,1
2025-11-25T17:29:08.729601Z,mmtc,uesimtun2,671756,11458,908164,17296,1.069,0,1
2025-11-25T17:29:08.979306Z,embb,uesimtun0,678546,11447,935792,17958,40.223,0,1
2025-11-25T17:29:08.979306Z,urllc,uesimtun1,562233,10506,666324,11503,1.131,0,1
2025-11-25T17:29:08.979306Z,mmtc,uesimtun2,671921,11461,908408,17301,1.062,0,1
