ts,slice,ifname,rx_bytes,rx_pkts,tx_bytes,tx_pkts,probe_rtt_ms,probe_loss,tun_exists
2025-11-25T16:13:52.669269Z,embb,uesimtun0,6844,94,10212,135,,1,1
2025-11-25T16:13:52.669269Z,urllc,uesimtun1,12372,209,88079950,957452,,1,1
2025-11-25T16:13:52.669269Z,mmtc,uesimtun2,22667,370,34961919,25777,,1,1
2025-11-25T16:13:52.919970Z,embb,uesimtun0,7012,96,10380,137,,1,1
2025-11-25T16:13:52.919970Z,urllc,uesimtun1,12456,210,88976022,967192,,1,1
2025-11-25T16:13:52.919970Z,mmtc,uesimtun2,22751,371,35468431,26147,,1,1
2025-11-25T16:13:53.169388Z,embb,uesimtun0,7180,98,10548,139,,1,1
2025-11-25T16:13:53.169388Z,urllc,uesimtun1,12881,217,89870399,976915,,1,1
2025-11-25T16:13:53.169388Z,mmtc,uesimtun2,23040,376,35986221,26529,,1,1
2025-11-25T16:13:53.419535Z,embb,uesimtun0,7348,100,10716,141,,1,1
2025-11-25T16:13:53.419535Z,urllc,uesimtun1,12965,218,90995083,989140,,1,1
2025-11-25T16:13:53.419535Z,mmtc,uesimtun2,23124,377,36741849,27081,,1,1
2025-11-25T16:13:53.669406Z,embb,uesimtun0,7348,100,10800,142,,1,1
2025-11-25T16:13:53.669406Z,urllc,uesimtun1,13266,223,91891868,998889,,1,1
2025-11-25T16:13:53.669406Z,mmtc,uesimtun2,23493,384,37490783,27631,,1,1
2025-11-25T16:13:53.968368Z,embb,uesimtun0,7516,102,11052,145,,1,1
2025-11-25T16:13:53.968368Z,urllc,uesimtun1,13675,231,92557410,1006125,,1,1
2025-11-25T16:13:53.968368Z,mmtc,uesimtun2,23862,391,37638345,27743,,1,1
2025-11-25T16:13:54.309446Z,embb,uesimtun0,7684,104,11220,147,,1,1
2025-11-25T16:13:54.309446Z,urllc,uesimtun1,13759,232,94172186,1023677,,1,1
2025-11-25T16:13:54.309446Z,mmtc,uesimtun2,24030,393,38808173,28596,,1,1
2025-11-25T16:13:54.559688Z,embb,uesimtun0,7684,104,11304,148,,1,1
2025-11-25T16:13:54.559688Z,urllc,uesimtun1,14273,242,94659785,1028980,,1,1
2025-11-25T16:13:54.559688Z,mmtc,uesimtun2,24114,394,38853665,28630,,1,1
2025-11-25T16:13:54.809797Z,embb,uesimtun0,7768,105,11388,149,,1,1
2025-11-25T16:13:54.809797Z,urllc,uesimtun1,14654,249,95550958,1038668,,1,1
2025-11-25T16:13:54.809797Z,mmtc,uesimtun2,24198,395,39358741,28998,,1,1
2025-11-25T16:13:55.060390Z,embb,uesimtun0,7936,107,11556,151,,1,1
2025-11-25T16:13:55.060390Z,urllc,uesimtun1,14882,252,96453111,1048475,,1,1
2025-11-25T16:13:55.060390Z,mmtc,uesimtun2,24450,398,39873617,29375,,1,1
2025-11-25T16:13:55.310064Z,embb,uesimtun0,8104,109,11724,153,,1,1
2025-11-25T16:13:55.310064Z,urllc,uesimtun1,15163,257,97632224,1061292,,1,1
2025-11-25T16:13:55.310064Z,mmtc,uesimtun2,24791,404,40790454,30047,,1,1
2025-11-25T16:13:55.560125Z,embb,uesimtun0,8188,110,11808,154,,1,1
2025-11-25T16:13:55.560125Z,urllc,uesimtun1,15163,257,98250732,1068015,,1,1
2025-11-25T16:13:55.560125Z,mmtc,uesimtun2,24875,405,40903370,30130,,1,1
2025-11-25T16:13:55.809968Z,embb,uesimtun0,8272,111,11892,155,,1,1
2025-11-25T16:13:55.809968Z,urllc,uesimtun1,15247,258,99151036,1077801,,1,1
2025-11-25T16:13:55.809968Z,mmtc,uesimtun2,24959,406,41419454,30506,,1,1
2025-11-25T16:13:56.060040Z,embb,uesimtun0,8524,114,12144,158,,1,1
2025-11-25T16:13:56.060040Z,urllc,uesimtun1,15499,261,100044876,1087517,,1,1
2025-11-25T16:13:56.060040Z,mmtc,uesimtun2,25468,414,41930455,30884,,1,1
2025-11-25T16:13:56.529758Z,embb,uesimtun0,8608,115,12228,159,,1,1
2025-11-25T16:13:56.529758Z,urllc,uesimtun1,15667,263,102151568,1110416,,1,1
2025-11-25T16:13:56.529758Z,mmtc,uesimtun2,25817,420,43378771,31948,,1,1
2025-11-25T16:13:56.894146Z,embb,uesimtun0,8692,116,12396,161,,1,1
2025-11-25T16:13:56.894146Z,urllc,uesimtun1,15751,264,103052868,1120213,,1,1
2025-11-25T16:13:56.894146Z,mmtc,uesimtun2,25817,420,43659559,32153,,1,1
2025-11-25T16:13:57.145031Z,embb,uesimtun0,8860,118,12564,163,,1,1
2025-11-25T16:13:57.145031Z,urllc,uesimtun1,16003,267,103953432,1130002,,1,1
2025-11-25T16:13:57.145031Z,mmtc,uesimtun2,26242,427,44174604,32533,,1,1
2025-11-25T16:13:57.394522Z,embb,uesimtun0,8944,119,12648,164,,1,1
2025-11-25T16:13:57.394522Z,urllc,uesimtun1,16171,269,105170208,1143228,,1,1
2025-11-25T16:13:57.394522Z,mmtc,uesimtun2,26483,431,44919305,33078,,1,1
2025-11-25T16:13:57.644654Z,embb,uesimtun0,8944,119,12732,165,,1,1
2025-11-25T16:13:57.644654Z,urllc,uesimtun1,16255,270,105645748,1148397,,1,1
2025-11-25T16:13:57.644654Z,mmtc,uesimtun2,27081,442,45192343,33285,,1,1
2025-11-25T16:13:57.894939Z,embb,uesimtun0,9028,120,12816,166,,1,1
2025-11-25T16:13:57.894939Z,urllc,uesimtun1,16339,271,106546420,1158187,,1,1
2025-11-25T16:13:57.894939Z,mmtc,uesimtun2,27249,444,45707135,33661,,1,1
2025-11-25T16:13:58.144428Z,embb,uesimtun0,9112,121,12900,167,,1,1
2025-11-25T16:13:58.144428Z,urllc,uesimtun1,16507,273,107445336,1167958,,1,1
2025-11-25T16:13:58.144428Z,mmtc,uesimtun2,27417,446,46224679,34039,,1,1
2025-11-25T16:13:58.394502Z,embb,uesimtun0,9196,122,12984,168,,1,1
2025-11-25T16:13:58.394502Z,urllc,uesimtun1,16591,274,108735712,1181984,,1,1
2025-11-25T16:13:58.394502Z,mmtc,uesimtun2,27501,447,46976119,34587,,1,1
2025-11-25T16:13:58.644390Z,embb,uesimtun0,9196,122,13068,169,,1,1
2025-11-25T16:13:58.644390Z,urllc,uesimtun1,16675,275,109231216,1187370,,1,1
2025-11-25T16:13:58.644390Z,mmtc,uesimtun2,27585,448,47265163,34798,,1,1
2025-11-25T16:13:58.894451Z,embb,uesimtun0,9364,124,13236,171,,1,1
2025-11-25T16:13:58.894451Z,urllc,uesimtun1,17100,282,110125325,1197090,,1,1
2025-11-25T16:13:58.894451Z,mmtc,uesimtun2,27837,451,47771783,35169,,1,1
2025-11-25T16:13:59.144461Z,embb,uesimtun0,9532,126,13404,173,,1,1
2025-11-25T16:13:59.144461Z,urllc,uesimtun1,17184,283,111016981,1206782,,1,1
2025-11-25T16:13:59.144461Z,mmtc,uesimtun2,28142,455,48186372,35476,,1,1
2025-11-25T16:13:59.394454Z,embb,uesimtun0,9616,127,13536,175,,1,1
2025-11-25T16:13:59.394454Z,urllc,uesimtun1,17268,284,112332941,1221086,,1,1
2025-11-25T16:13:59.394454Z,mmtc,uesimtun2,28844,462,48187177,35485,,1,1
2025-11-25T16:13:59.644427Z,embb,uesimtun0,9616,127,13620,176,,1,1
2025-11-25T16:13:59.644427Z,urllc,uesimtun1,17352,285,112821361,1226395,,1,1
2025-11-25T16:13:59.644427Z,mmtc,uesimtun2,29093,466,48187570,35491,,1,1
2025-11-25T16:13:59.894662Z,embb,uesimtun0,9868,130,13872,179,,1,1
2025-11-25T16:13:59.894662Z,urllc,uesimtun1,17520,287,113714069,1236099,,1,1
2025-11-25T16:13:59.894662Z,mmtc,uesimtun2,30086,485,48190028,35508,,1,1
2025-11-25T16:14:00.144975Z,embb,uesimtun0,10204,134,14208,183,,1,1
2025-11-25T16:14:00.144975Z,urllc,uesimtun1,17901,294,114604559,1245780,,1,1
2025-11-25T16:14:00.144975Z,mmtc,uesimtun2,30679,494,48190617,35516,,1,1
2025-11-25T16:14:00.432700Z,embb,uesimtun0,10288,135,14292,184,,1,1
2025-11-25T16:14:00.432700Z,urllc,uesimtun1,18158,299,116064200,1261647,,1,1
2025-11-25T16:14:00.432700Z,mmtc,uesimtun2,30679,494,48192137,35519,,1,1
2025-11-25T16:14:00.682998Z,embb,uesimtun0,10288,135,14376,185,,1,1
2025-11-25T16:14:00.682998Z,urllc,uesimtun1,18499,305,116965217,1271442,,1,1
2025-11-25T16:14:00.682998Z,mmtc,uesimtun2,31020,500,48192606,35526,,1,1
2025-11-25T16:14:00.932777Z,embb,uesimtun0,10456,137,14544,187,,1,1
2025-11-25T16:14:00.932777Z,urllc,uesimtun1,18499,305,117443241,1276638,,1,1
2025-11-25T16:14:00.932777Z,mmtc,uesimtun2,31104,501,48192690,35527,,1,1
2025-11-25T16:14:01.183484Z,embb,uesimtun0,10792,141,14880,191,,1,1
2025-11-25T16:14:01.183484Z,urllc,uesimtun1,18751,308,118357597,1286577,,1,1
2025-11-25T16:14:01.183484Z,mmtc,uesimtun2,31445,507,48193027,35532,,1,1
2025-11-25T16:14:01.433209Z,embb,uesimtun0,10960,143,15048,193,,1,1
2025-11-25T16:14:01.433209Z,urllc,uesimtun1,18835,309,119410437,1298021,,1,1
2025-11-25T16:14:01.433209Z,mmtc,uesimtun2,31673,510,48194832,35539,,1,1
2025-11-25T16:14:01.682911Z,embb,uesimtun0,11044,144,15132,194,,1,1
2025-11-25T16:14:01.682911Z,urllc,uesimtun1,18919,310,120521605,1310099,,1,1
2025-11-25T16:14:01.682911Z,mmtc,uesimtun2,32291,522,48195266,35546,,1,1
2025-11-25T16:14:01.932745Z,embb,uesimtun0,11212,146,15300,196,,1,1
2025-11-25T16:14:01.932745Z,urllc,uesimtun1,19087,312,121042217,1315758,,1,1
2025-11-25T16:14:01.932745Z,mmtc,uesimtun2,32672,529,48197032,35553,,1,1
2025-11-25T16:14:02.183346Z,embb,uesimtun0,11296,147,15384,197,,1,1
2025-11-25T16:14:02.183346Z,urllc,uesimtun1,19584,320,121944696,1325570,,1,1
2025-11-25T16:14:02.183346Z,mmtc,uesimtun2,32756,530,48197116,35554,,1,1
2025-11-25T16:14:02.432965Z,embb,uesimtun0,11380,148,15552,199,,1,1
2025-11-25T16:14:02.432965Z,urllc,uesimtun1,19668,321,122903512,1335992,,1,1
2025-11-25T16:14:02.432965Z,mmtc,uesimtun2,32840,531,48197200,35555,,1,1
2025-11-25T16:14:02.683139Z,embb,uesimtun0,11464,149,15636,200,,1,1
2025-11-25T16:14:02.683139Z,urllc,uesimtun1,20334,334,123765288,1345363,,1,1
2025-11-25T16:14:02.683139Z,mmtc,uesimtun2,33181,537,48198913,35561,,1,1
2025-11-25T16:14:02.932878Z,embb,uesimtun0,11632,151,15804,202,,1,1
2025-11-25T16:14:02.932878Z,urllc,uesimtun1,20502,336,124291412,1351082,,1,1
2025-11-25T16:14:02.932878Z,mmtc,uesimtun2,33349,539,48199141,35564,,1,1
2025-11-25T16:14:03.183024Z,embb,uesimtun0,11716,152,15888,203,,1,1
2025-11-25T16:14:03.183024Z,urllc,uesimtun1,20670,338,125176896,1360707,,1,1
2025-11-25T16:14:03.183024Z,mmtc,uesimtun2,33938,549,48199691,35572,,1,1
2025-11-25T16:14:03.433228Z,embb,uesimtun0,11884,154,16056,205,,1,1
2025-11-25T16:14:03.433228Z,urllc,uesimtun1,20754,339,126498192,1375069,,1,1
2025-11-25T16:14:03.433228Z,mmtc,uesimtun2,34022,550,48201151,35574,,1,1
2025-11-25T16:14:03.682870Z,embb,uesimtun0,11884,154,16140,206,,1,1
2025-11-25T16:14:03.682870Z,urllc,uesimtun1,20838,340,127332532,1384138,,1,1
2025-11-25T16:14:03.682870Z,mmtc,uesimtun2,34106,551,48201235,35575,,1,1
2025-11-25T16:14:03.932916Z,embb,uesimtun0,12052,156,16308,208,,1,1
2025-11-25T16:14:03.932916Z,urllc,uesimtun1,21090,343,127871076,1389992,,1,1
2025-11-25T16:14:03.932916Z,mmtc,uesimtun2,34274,553,48202779,35578,,1,1
2025-11-25T16:14:04.182754Z,embb,uesimtun0,12136,157,16392,209,,1,1
2025-11-25T16:14:04.182754Z,urllc,uesimtun1,21174,344,128779016,1399861,,1,1
2025-11-25T16:14:04.182754Z,mmtc,uesimtun2,34526,556,48203115,35582,,1,1
2025-11-25T16:14:04.433225Z,embb,uesimtun0,12220,158,16476,210,,1,1
2025-11-25T16:14:04.433225Z,urllc,uesimtun1,21599,351,130061733,1413805,,1,1
2025-11-25T16:14:04.433225Z,mmtc,uesimtun2,34610,557,48203199,35583,,1,1
2025-11-25T16:14:04.682858Z,embb,uesimtun0,12220,158,16560,211,,1,1
2025-11-25T16:14:04.682858Z,urllc,uesimtun1,21683,352,130868473,1422574,,1,1
2025-11-25T16:14:04.682858Z,mmtc,uesimtun2,34694,558,48204659,35585,,1,1
2025-11-25T16:14:04.933277Z,embb,uesimtun0,12388,160,16728,213,,1,1
2025-11-25T16:14:04.933277Z,urllc,uesimtun1,21851,354,131439685,1428783,,1,1
2025-11-25T16:14:04.933277Z,mmtc,uesimtun2,35416,570,48205634,35596,,1,1
2025-11-25T16:14:05.182926Z,embb,uesimtun0,12640,163,16980,216,,1,1
2025-11-25T16:14:05.182926Z,urllc,uesimtun1,21935,355,132371361,1438910,,1,1
2025-11-25T16:14:05.182926Z,mmtc,uesimtun2,36038,575,48206147,35604,,1,1
2025-11-25T16:14:05.432859Z,embb,uesimtun0,12724,164,17064,217,,1,1
2025-11-25T16:14:05.432859Z,urllc,uesimtun1,22019,356,133474669,1450903,,1,1
2025-11-25T16:14:05.432859Z,mmtc,uesimtun2,36122,576,48206231,35605,,1,1
2025-11-25T16:14:05.682964Z,embb,uesimtun0,12808,165,17148,218,,1,1
2025-11-25T16:14:05.682964Z,urllc,uesimtun1,22103,357,134428393,1461270,,1,1
2025-11-25T16:14:05.682964Z,mmtc,uesimtun2,36614,585,48755954,36014,,1,1
2025-11-25T16:14:05.932951Z,embb,uesimtun0,12892,166,17232,219,,1,1
2025-11-25T16:14:05.932951Z,urllc,uesimtun1,22187,358,135034849,1467862,,1,1
2025-11-25T16:14:05.932951Z,mmtc,uesimtun2,36698,586,49280462,36398,,1,1
2025-11-25T16:14:06.182976Z,embb,uesimtun0,13312,171,17652,224,,1,1
2025-11-25T16:14:06.182976Z,urllc,uesimtun1,22981,372,135938080,1477683,,1,1
2025-11-25T16:14:06.182976Z,mmtc,uesimtun2,36866,588,50085506,36984,,1,1
2025-11-25T16:14:06.432882Z,embb,uesimtun0,13396,172,17736,225,,1,1
2025-11-25T16:14:06.432882Z,urllc,uesimtun1,23065,373,137020352,1489447,,1,1
2025-11-25T16:14:06.432882Z,mmtc,uesimtun2,36866,588,51079062,37707,,1,1
2025-11-25T16:14:06.682930Z,embb,uesimtun0,13480,173,17820,226,,1,1
2025-11-25T16:14:06.682930Z,urllc,uesimtun1,24233,396,138059511,1500749,,1,1
2025-11-25T16:14:06.682930Z,mmtc,uesimtun2,36950,589,52006570,38382,,1,1
2025-11-25T16:14:06.932813Z,embb,uesimtun0,13648,175,17988,228,,1,1
2025-11-25T16:14:06.932813Z,urllc,uesimtun1,24317,397,138645727,1507121,,1,1
2025-11-25T16:14:06.932813Z,mmtc,uesimtun2,37094,591,52528359,38765,,1,1
2025-11-25T16:14:07.182950Z,embb,uesimtun0,13900,178,18240,231,,1,1
2025-11-25T16:14:07.182950Z,urllc,uesimtun1,24653,401,139530367,1516737,,1,1
2025-11-25T16:14:07.182950Z,mmtc,uesimtun2,37527,598,53328639,39358,,1,1
2025-11-25T16:14:07.432867Z,embb,uesimtun0,13984,179,18324,232,,1,1
2025-11-25T16:14:07.432867Z,urllc,uesimtun1,24737,402,140734915,1529830,,1,1
2025-11-25T16:14:07.432867Z,mmtc,uesimtun2,38178,610,54420809,40166,,1,1
2025-11-25T16:14:07.682995Z,embb,uesimtun0,14068,180,18408,233,,1,1
2025-11-25T16:14:07.682995Z,urllc,uesimtun1,25146,410,141607793,1539320,,1,1
2025-11-25T16:14:07.682995Z,mmtc,uesimtun2,38459,615,55582431,41014,,1,1
2025-11-25T16:14:08.000950Z,embb,uesimtun0,14236,182,18576,235,,1,1
2025-11-25T16:14:08.000950Z,urllc,uesimtun1,25146,410,142480957,1548811,,1,1
2025-11-25T16:14:08.000950Z,mmtc,uesimtun2,38727,619,56375566,41598,,1,1
2025-11-25T16:14:08.251380Z,embb,uesimtun0,14488,185,18828,238,,1,1
2025-11-25T16:14:08.251380Z,urllc,uesimtun1,25515,417,143511823,1560018,,1,1
2025-11-25T16:14:08.251380Z,mmtc,uesimtun2,39417,632,57552766,42464,,1,1
2025-11-25T16:14:08.505969Z,embb,uesimtun0,14572,186,18912,239,,1,1
2025-11-25T16:14:08.505969Z,urllc,uesimtun1,25515,417,144032995,1565683,,1,1
2025-11-25T16:14:08.505969Z,mmtc,uesimtun2,39839,640,57939973,42754,,1,1
2025-11-25T16:14:08.756324Z,embb,uesimtun0,14656,187,18996,240,,1,1
2025-11-25T16:14:08.756324Z,urllc,uesimtun1,25515,417,145330555,1579787,,1,1
2025-11-25T16:14:08.756324Z,mmtc,uesimtun2,39975,642,57940368,42756,,1,1
2025-11-25T16:14:09.006130Z,embb,uesimtun0,14656,187,19080,241,,1,1
2025-11-25T16:14:09.006130Z,urllc,uesimtun1,25599,418,145821367,1585122,,1,1
2025-11-25T16:14:09.006130Z,mmtc,uesimtun2,40335,647,57940931,42760,,1,1
2025-11-25T16:14:09.256042Z,embb,uesimtun0,14908,190,19332,244,,1,1
2025-11-25T16:14:09.256042Z,urllc,uesimtun1,26012,425,147123357,1599276,,1,1
2025-11-25T16:14:09.256042Z,mmtc,uesimtun2,40957,652,57941444,42768,,1,1
2025-11-25T16:14:09.509632Z,embb,uesimtun0,14992,191,19416,245,,1,1
2025-11-25T16:14:09.509632Z,urllc,uesimtun1,26012,425,147616745,1604639,,1,1
2025-11-25T16:14:09.509632Z,mmtc,uesimtun2,41041,653,57941528,42769,,1,1
2025-11-25T16:14:09.759985Z,embb,uesimtun0,15076,192,19500,246,,1,1
2025-11-25T16:14:09.759985Z,urllc,uesimtun1,26180,427,148933157,1618948,,1,1
2025-11-25T16:14:09.759985Z,mmtc,uesimtun2,41125,654,57941612,42770,,1,1
2025-11-25T16:14:10.010039Z,embb,uesimtun0,15076,192,19584,247,,1,1
2025-11-25T16:14:10.010039Z,urllc,uesimtun1,26264,428,149412009,1624153,,1,1
2025-11-25T16:14:10.010039Z,mmtc,uesimtun2,41986,670,58125709,42919,,1,1
2025-11-25T16:14:10.259848Z,embb,uesimtun0,15328,195,19836,250,,1,1
2025-11-25T16:14:10.259848Z,urllc,uesimtun1,26432,430,150730069,1638480,,1,1
2025-11-25T16:14:10.259848Z,mmtc,uesimtun2,41986,670,58606101,43270,,1,1
2025-11-25T16:14:10.585876Z,embb,uesimtun0,15328,195,20004,252,,1,1
2025-11-25T16:14:10.585876Z,urllc,uesimtun1,26432,430,151488877,1646728,,1,1
2025-11-25T16:14:10.585876Z,mmtc,uesimtun2,42130,672,58728850,43363,,1,1
2025-11-25T16:14:10.836157Z,embb,uesimtun0,15412,196,20088,253,,1,1
2025-11-25T16:14:10.836157Z,urllc,uesimtun1,26801,437,152384059,1656460,,1,1
2025-11-25T16:14:10.836157Z,mmtc,uesimtun2,42439,678,59055151,43603,,1,1
2025-11-25T16:14:11.086065Z,embb,uesimtun0,15496,197,20172,254,,1,1
2025-11-25T16:14:11.086065Z,urllc,uesimtun1,26885,438,153278927,1666187,,1,1
2025-11-25T16:14:11.086065Z,mmtc,uesimtun2,42704,683,59536110,43963,,1,1
2025-11-25T16:14:11.336121Z,embb,uesimtun0,15748,200,20424,257,,1,1
2025-11-25T16:14:11.336121Z,urllc,uesimtun1,27137,441,154600659,1680554,,1,1
2025-11-25T16:14:11.336121Z,mmtc,uesimtun2,43262,693,60017086,44324,,1,1
2025-11-25T16:14:11.585951Z,embb,uesimtun0,15748,200,20592,259,,1,1
2025-11-25T16:14:11.585951Z,urllc,uesimtun1,27137,441,155083743,1685805,,1,1
2025-11-25T16:14:11.585951Z,mmtc,uesimtun2,43643,700,60043620,44349,,1,1
2025-11-25T16:14:11.836440Z,embb,uesimtun0,15832,201,20676,260,,1,1
2025-11-25T16:14:11.836440Z,urllc,uesimtun1,27221,442,155981011,1695558,,1,1
2025-11-25T16:14:11.836440Z,mmtc,uesimtun2,43767,702,60369966,44589,,1,1
2025-11-25T16:14:12.086219Z,embb,uesimtun0,15916,202,20760,261,,1,1
2025-11-25T16:14:12.086219Z,urllc,uesimtun1,27562,448,156885156,1705387,,1,1
2025-11-25T16:14:12.086219Z,mmtc,uesimtun2,44132,708,60697931,44833,,1,1
2025-11-25T16:14:12.336153Z,embb,uesimtun0,16000,203,20928,263,,1,1
2025-11-25T16:14:12.336153Z,urllc,uesimtun1,27730,450,158194300,1719617,,1,1
2025-11-25T16:14:12.336153Z,mmtc,uesimtun2,44384,711,61230611,45222,,1,1
2025-11-25T16:14:12.586145Z,embb,uesimtun0,16168,205,21096,265,,1,1
2025-11-25T16:14:12.586145Z,urllc,uesimtun1,27814,451,158674156,1724833,,1,1
2025-11-25T16:14:12.586145Z,mmtc,uesimtun2,44468,712,61350407,45310,,1,1
2025-11-25T16:14:12.836147Z,embb,uesimtun0,16252,206,21180,266,,1,1
2025-11-25T16:14:12.836147Z,urllc,uesimtun1,27898,452,159575532,1734631,,1,1
2025-11-25T16:14:12.836147Z,mmtc,uesimtun2,44837,719,61678285,45554,,1,1
2025-11-25T16:14:13.086372Z,embb,uesimtun0,16336,207,21264,267,,1,1
2025-11-25T16:14:13.086372Z,urllc,uesimtun1,28821,470,160477818,1744444,,1,1
2025-11-25T16:14:13.086372Z,mmtc,uesimtun2,45005,721,62010237,45799,,1,1
2025-11-25T16:14:13.339273Z,embb,uesimtun0,16504,209,21432,269,,1,1
2025-11-25T16:14:13.339273Z,urllc,uesimtun1,28905,471,161802610,1758844,,1,1
2025-11-25T16:14:13.339273Z,mmtc,uesimtun2,45638,731,62643671,46266,,1,1
2025-11-25T16:14:13.590003Z,embb,uesimtun0,16504,209,21516,270,,1,1
2025-11-25T16:14:13.590003Z,urllc,uesimtun1,28905,471,162292226,1764166,,1,1
2025-11-25T16:14:13.590003Z,mmtc,uesimtun2,45722,732,62675403,46290,,1,1
2025-11-25T16:14:13.840225Z,embb,uesimtun0,16588,210,21600,271,,1,1
2025-11-25T16:14:13.840225Z,urllc,uesimtun1,28989,472,163204458,1774082,,1,1
2025-11-25T16:14:13.840225Z,mmtc,uesimtun2,45722,732,63005727,46531,,1,1
2025-11-25T16:14:14.090331Z,embb,uesimtun0,16756,212,21768,273,,1,1
2025-11-25T16:14:14.090331Z,urllc,uesimtun1,29073,473,164080474,1783604,,1,1
2025-11-25T16:14:14.090331Z,mmtc,uesimtun2,46376,745,63323008,46774,,1,1
2025-11-25T16:14:14.340822Z,embb,uesimtun0,17008,215,22020,276,,1,1
2025-11-25T16:14:14.340822Z,urllc,uesimtun1,29241,475,165158146,1795318,,1,1
2025-11-25T16:14:14.340822Z,mmtc,uesimtun2,46544,747,63804776,47126,,1,1
2025-11-25T16:14:14.590692Z,embb,uesimtun0,17092,216,22188,278,,1,1
2025-11-25T16:14:14.590692Z,urllc,uesimtun1,29493,478,165642410,1800582,,1,1
2025-11-25T16:14:14.590692Z,mmtc,uesimtun2,46712,749,63982448,47257,,1,1
2025-11-25T16:14:14.840401Z,embb,uesimtun0,17176,217,22272,279,,1,1
2025-11-25T16:14:14.840401Z,urllc,uesimtun1,29834,484,166537079,1810308,,1,1
2025-11-25T16:14:14.840401Z,mmtc,uesimtun2,46796,750,64305892,47493,,1,1
2025-11-25T16:14:15.091598Z,embb,uesimtun0,17428,220,22524,282,,1,1
2025-11-25T16:14:15.091598Z,urllc,uesimtun1,29918,485,167439775,1820120,,1,1
2025-11-25T16:14:15.091598Z,mmtc,uesimtun2,47723,762,64498229,47646,,1,1
2025-11-25T16:14:15.340311Z,embb,uesimtun0,17596,222,22692,284,,1,1
2025-11-25T16:14:15.340311Z,urllc,uesimtun1,30170,488,168752223,1834386,,1,1
2025-11-25T16:14:15.340311Z,mmtc,uesimtun2,47807,763,64498373,47648,,1,1
2025-11-25T16:14:15.590745Z,embb,uesimtun0,17680,223,22860,286,,1,1
2025-11-25T16:14:15.590745Z,urllc,uesimtun1,30422,491,169233819,1839621,,1,1
2025-11-25T16:14:15.590745Z,mmtc,uesimtun2,47975,765,64498541,47650,,1,1
2025-11-25T16:14:15.840589Z,embb,uesimtun0,17764,224,22944,287,,1,1
2025-11-25T16:14:15.840589Z,urllc,uesimtun1,30506,492,170138999,1849460,,1,1
2025-11-25T16:14:15.840589Z,mmtc,uesimtun2,48059,766,64498625,47651,,1,1
2025-11-25T16:14:16.090790Z,embb,uesimtun0,17932,226,23112,289,,1,1
2025-11-25T16:14:16.090790Z,urllc,uesimtun1,30506,492,171034335,1859192,,1,1
2025-11-25T16:14:16.090790Z,mmtc,uesimtun2,48392,771,64499102,47658,,1,1
2025-11-25T16:14:16.451652Z,embb,uesimtun0,18016,227,23196,290,,1,1
2025-11-25T16:14:16.451652Z,urllc,uesimtun1,30506,492,172464643,1874739,,1,1
2025-11-25T16:14:16.451652Z,mmtc,uesimtun2,48556,774,64499556,47663,,1,1
2025-11-25T16:14:16.702366Z,embb,uesimtun0,18184,229,23364,292,,1,1
2025-11-25T16:14:16.702366Z,urllc,uesimtun1,31003,500,173647690,1887601,,1,1
2025-11-25T16:14:16.702366Z,mmtc,uesimtun2,49144,784,64670789,47795,,1,1
2025-11-25T16:14:16.951843Z,embb,uesimtun0,18184,229,23448,293,,1,1
2025-11-25T16:14:16.951843Z,urllc,uesimtun1,31171,502,174123038,1892768,,1,1
2025-11-25T16:14:16.951843Z,mmtc,uesimtun2,49228,785,64775449,47872,,1,1
2025-11-25T16:14:17.201816Z,embb,uesimtun0,18352,231,23616,295,,1,1
2025-11-25T16:14:17.201816Z,urllc,uesimtun1,31544,508,175024652,1902570,,1,1
2025-11-25T16:14:17.201816Z,mmtc,uesimtun2,49637,793,64971427,48023,,1,1
2025-11-25T16:14:17.452477Z,embb,uesimtun0,18520,233,23784,297,,1,1
2025-11-25T16:14:17.452477Z,urllc,uesimtun1,31628,509,176343556,1916906,,1,1
2025-11-25T16:14:17.452477Z,mmtc,uesimtun2,49721,794,65262015,48237,,1,1
2025-11-25T16:14:17.701967Z,embb,uesimtun0,18520,233,23868,298,,1,1
2025-11-25T16:14:17.701967Z,urllc,uesimtun1,31957,515,177241090,1926664,,1,1
2025-11-25T16:14:17.701967Z,mmtc,uesimtun2,49805,795,65457491,48380,,1,1
2025-11-25T16:14:17.952130Z,embb,uesimtun0,18520,233,23952,299,,1,1
2025-11-25T16:14:17.952130Z,urllc,uesimtun1,32125,517,177720578,1931876,,1,1
2025-11-25T16:14:17.952130Z,mmtc,uesimtun2,50094,800,65562509,48463,,1,1
2025-11-25T16:14:18.202276Z,embb,uesimtun0,18604,234,24036,300,,1,1
2025-11-25T16:14:18.202276Z,urllc,uesimtun1,32293,519,178633754,1941802,,1,1
2025-11-25T16:14:18.202276Z,mmtc,uesimtun2,50547,808,65853371,48682,,1,1
2025-11-25T16:14:18.452931Z,embb,uesimtun0,18772,236,24204,302,,1,1
2025-11-25T16:14:18.452931Z,urllc,uesimtun1,33421,541,179939613,1956003,,1,1
2025-11-25T16:14:18.452931Z,mmtc,uesimtun2,50888,814,66049184,48830,,1,1
2025-11-25T16:14:18.703303Z,embb,uesimtun0,18856,237,24456,305,,1,1
2025-11-25T16:14:18.703303Z,urllc,uesimtun1,33505,542,180842217,1965814,,1,1
2025-11-25T16:14:18.703303Z,mmtc,uesimtun2,51257,821,66251846,48983,,1,1
2025-11-25T16:14:18.959254Z,embb,uesimtun0,18856,237,24540,306,,1,1
2025-11-25T16:14:18.959254Z,urllc,uesimtun1,33589,543,181348729,1971320,,1,1
2025-11-25T16:14:18.959254Z,mmtc,uesimtun2,51626,828,66358272,49067,,1,1
2025-11-25T16:14:19.209569Z,embb,uesimtun0,19024,239,24708,308,,1,1
2025-11-25T16:14:19.209569Z,urllc,uesimtun1,34411,558,182612798,1985064,,1,1
2025-11-25T16:14:19.209569Z,mmtc,uesimtun2,52203,838,66724898,49342,,1,1
2025-11-25T16:14:19.559936Z,embb,uesimtun0,19108,240,24876,310,,1,1
2025-11-25T16:14:19.559936Z,urllc,uesimtun1,34813,566,183505605,1994771,,1,1
2025-11-25T16:14:19.559936Z,mmtc,uesimtun2,52460,843,66920627,49489,,1,1
2025-11-25T16:14:19.810078Z,embb,uesimtun0,19276,242,24960,311,,1,1
2025-11-25T16:14:19.810078Z,urllc,uesimtun1,35367,577,184400885,2004505,,1,1
2025-11-25T16:14:19.810078Z,mmtc,uesimtun2,52460,843,67022535,49564,,1,1
2025-11-25T16:14:20.060063Z,embb,uesimtun0,19360,243,25044,312,,1,1
2025-11-25T16:14:20.060063Z,urllc,uesimtun1,35451,578,185300821,2014287,,1,1
2025-11-25T16:14:20.060063Z,mmtc,uesimtun2,52628,845,67220847,49710,,1,1
2025-11-25T16:14:20.310585Z,embb,uesimtun0,19528,245,25212,314,,1,1
2025-11-25T16:14:20.310585Z,urllc,uesimtun1,35619,580,186634069,2028779,,1,1
2025-11-25T16:14:20.310585Z,mmtc,uesimtun2,52796,847,67604979,49992,,1,1
2025-11-25T16:14:20.563224Z,embb,uesimtun0,19612,246,25380,316,,1,1
2025-11-25T16:14:20.563224Z,urllc,uesimtun1,35619,580,187109793,2033950,,1,1
2025-11-25T16:14:20.563224Z,mmtc,uesimtun2,52964,849,67709723,50070,,1,1
2025-11-25T16:14:20.813946Z,embb,uesimtun0,19780,248,25548,318,,1,1
2025-11-25T16:14:20.813946Z,urllc,uesimtun1,35703,581,188013585,2043774,,1,1
2025-11-25T16:14:20.813946Z,mmtc,uesimtun2,52964,849,67814383,50147,,1,1
2025-11-25T16:14:21.064290Z,embb,uesimtun0,19948,250,25716,320,,1,1
2025-11-25T16:14:21.064290Z,urllc,uesimtun1,36044,587,188906414,2053480,,1,1
2025-11-25T16:14:21.064290Z,mmtc,uesimtun2,53221,854,68010112,50294,,1,1
2025-11-25T16:14:21.314361Z,embb,uesimtun0,20032,251,25800,321,,1,1
2025-11-25T16:14:21.314361Z,urllc,uesimtun1,36212,589,190229082,2067857,,1,1
2025-11-25T16:14:21.314361Z,mmtc,uesimtun2,53726,863,68299682,50513,,1,1
2025-11-25T16:14:21.564154Z,embb,uesimtun0,20032,251,25884,322,,1,1
2025-11-25T16:14:21.564154Z,urllc,uesimtun1,36296,590,190707198,2073054,,1,1
2025-11-25T16:14:21.564154Z,mmtc,uesimtun2,54380,876,68403578,50599,,1,1
2025-11-25T16:14:21.814618Z,embb,uesimtun0,20200,253,26052,324,,1,1
2025-11-25T16:14:21.814618Z,urllc,uesimtun1,36464,592,191601698,2082777,,1,1
2025-11-25T16:14:21.814618Z,mmtc,uesimtun2,55203,885,68434752,50632,,1,1
2025-11-25T16:14:22.064333Z,embb,uesimtun0,20368,255,26220,326,,1,1
2025-11-25T16:14:22.064333Z,urllc,uesimtun1,36548,593,192513134,2092684,,1,1
2025-11-25T16:14:22.064333Z,mmtc,uesimtun2,55755,895,69131993,51152,,1,1
2025-11-25T16:14:22.314711Z,embb,uesimtun0,20536,257,26388,328,,1,1
2025-11-25T16:14:22.314711Z,urllc,uesimtun1,36548,593,193823390,2106926,,1,1
2025-11-25T16:14:22.314711Z,mmtc,uesimtun2,55923,897,69979866,51771,,1,1
2025-11-25T16:14:22.564070Z,embb,uesimtun0,20536,257,26472,329,,1,1
2025-11-25T16:14:22.564070Z,urllc,uesimtun1,36716,595,194300578,2112113,,1,1
2025-11-25T16:14:22.564070Z,mmtc,uesimtun2,56007,898,70640663,52255,,1,1
2025-11-25T16:14:22.814050Z,embb,uesimtun0,20704,259,26640,331,,1,1
2025-11-25T16:14:22.814050Z,urllc,uesimtun1,37125,603,195198840,2121879,,1,1
2025-11-25T16:14:22.814050Z,mmtc,uesimtun2,56420,905,71044161,52553,,1,1
2025-11-25T16:14:23.064316Z,embb,uesimtun0,20788,260,26724,332,,1,1
2025-11-25T16:14:23.064316Z,urllc,uesimtun1,37209,604,196102272,2131699,,1,1
2025-11-25T16:14:23.064316Z,mmtc,uesimtun2,56504,906,71803797,53106,,1,1
2025-11-25T16:14:23.330007Z,embb,uesimtun0,20956,262,26976,335,,1,1
2025-11-25T16:14:23.330007Z,urllc,uesimtun1,37578,611,197476130,2146634,,1,1
2025-11-25T16:14:23.330007Z,mmtc,uesimtun2,56929,913,73048062,54015,,1,1
2025-11-25T16:14:23.606970Z,embb,uesimtun0,20956,262,27144,337,,1,1
2025-11-25T16:14:23.606970Z,urllc,uesimtun1,37746,613,198044582,2152813,,1,1
2025-11-25T16:14:23.606970Z,mmtc,uesimtun2,56929,913,73432050,54295,,1,1
2025-11-25T16:14:23.857197Z,embb,uesimtun0,21124,264,27312,339,,1,1
2025-11-25T16:14:23.857197Z,urllc,uesimtun1,37914,615,198949478,2162649,,1,1
2025-11-25T16:14:23.857197Z,mmtc,uesimtun2,57097,915,74550906,55110,,1,1
2025-11-25T16:14:24.107136Z,embb,uesimtun0,21208,265,27396,340,,1,1
2025-11-25T16:14:24.107136Z,urllc,uesimtun1,37914,615,199846554,2172400,,1,1
2025-11-25T16:14:24.107136Z,mmtc,uesimtun2,57181,916,76083914,56226,,1,1
2025-11-25T16:14:24.588298Z,embb,uesimtun0,21376,267,27732,344,,1,1
2025-11-25T16:14:24.588298Z,urllc,uesimtun1,37998,616,201590206,2191353,,1,1
2025-11-25T16:14:24.588298Z,mmtc,uesimtun2,57349,918,76432210,56481,,1,1
2025-11-25T16:14:24.838556Z,embb,uesimtun0,21460,268,27816,345,,1,1
2025-11-25T16:14:24.838556Z,urllc,uesimtun1,38082,617,202485818,2201088,,1,1
2025-11-25T16:14:24.838556Z,mmtc,uesimtun2,57594,923,77185416,57036,,1,1
2025-11-25T16:14:25.088977Z,embb,uesimtun0,21628,270,27984,347,,1,1
2025-11-25T16:14:25.088977Z,urllc,uesimtun1,38394,621,203389251,2210909,,1,1
2025-11-25T16:14:25.088977Z,mmtc,uesimtun2,58087,932,77945298,57593,,1,1
2025-11-25T16:14:25.339104Z,embb,uesimtun0,21712,271,28068,348,,1,1
2025-11-25T16:14:25.339104Z,urllc,uesimtun1,38562,623,204700584,2225163,,1,1
2025-11-25T16:14:25.339104Z,mmtc,uesimtun2,58171,933,79233438,58532,,1,1
2025-11-25T16:14:25.652100Z,embb,uesimtun0,21712,271,28152,349,,1,1
2025-11-25T16:14:25.652100Z,urllc,uesimtun1,38646,624,205818741,2237317,,1,1
2025-11-25T16:14:25.652100Z,mmtc,uesimtun2,58171,933,80334574,59336,,1,1
2025-11-25T16:14:26.015972Z,embb,uesimtun0,21712,271,28236,350,,1,1
2025-11-25T16:14:26.015972Z,urllc,uesimtun1,38646,624,207128526,2251554,,1,1
2025-11-25T16:14:26.015972Z,mmtc,uesimtun2,58171,933,81344642,60071,,1,1
2025-11-25T16:14:26.380077Z,embb,uesimtun0,21712,271,28320,351,,1,1
2025-11-25T16:14:26.380077Z,urllc,uesimtun1,38646,624,208438918,2265798,,1,1
2025-11-25T16:14:26.380077Z,mmtc,uesimtun2,58171,933,82536666,60943,,1,1
2025-11-25T16:14:26.744082Z,embb,uesimtun0,21712,271,28404,352,,1,1
2025-11-25T16:14:26.744082Z,urllc,uesimtun1,38646,624,209744050,2279985,,1,1
2025-11-25T16:14:26.744082Z,mmtc,uesimtun2,58171,933,83637694,61746,,1,1
2025-11-25T16:14:27.108293Z,embb,uesimtun0,21712,271,28572,354,,1,1
2025-11-25T16:14:27.108293Z,urllc,uesimtun1,38646,624,211053199,2294215,,1,1
2025-11-25T16:14:27.108293Z,mmtc,uesimtun2,58171,933,84735910,62546,,1,1
2025-11-25T16:14:27.472146Z,embb,uesimtun0,21712,271,28656,355,,1,1
2025-11-25T16:14:27.472146Z,urllc,uesimtun1,38646,624,212361491,2308436,,1,1
2025-11-25T16:14:27.472146Z,mmtc,uesimtun2,58171,933,85838530,63354,,1,1
2025-11-25T16:14:27.836074Z,embb,uesimtun0,21712,271,28824,357,,1,1
2025-11-25T16:14:27.836074Z,urllc,uesimtun1,38646,624,213670847,2322669,,1,1
2025-11-25T16:14:27.836074Z,mmtc,uesimtun2,58171,933,86942226,64158,,1,1
2025-11-25T16:14:28.200539Z,embb,uesimtun0,21712,271,28992,359,,1,1
2025-11-25T16:14:28.200539Z,urllc,uesimtun1,38646,624,214646315,2333272,,1,1
2025-11-25T16:14:28.200539Z,mmtc,uesimtun2,58171,933,88039294,64960,,1,1
2025-11-25T16:14:28.564171Z,embb,uesimtun0,21712,271,29076,360,,1,1
2025-11-25T16:14:28.564171Z,urllc,uesimtun1,38646,624,215968875,2347648,,1,1
2025-11-25T16:14:28.564171Z,mmtc,uesimtun2,58171,933,89143350,65770,,1,1
2025-11-25T16:14:28.928085Z,embb,uesimtun0,21712,271,29328,363,,1,1
2025-11-25T16:14:28.928085Z,urllc,uesimtun1,38646,624,217277532,2361873,,1,1
2025-11-25T16:14:28.928085Z,mmtc,uesimtun2,58171,933,90241686,66572,,1,1
2025-11-25T16:14:29.292031Z,embb,uesimtun0,21712,271,29412,364,,1,1
2025-11-25T16:14:29.292031Z,urllc,uesimtun1,38646,624,218587020,2376107,,1,1
2025-11-25T16:14:29.292031Z,mmtc,uesimtun2,58171,933,91344174,67377,,1,1
2025-11-25T16:14:29.655932Z,embb,uesimtun0,21712,271,29496,365,,1,1
2025-11-25T16:14:29.655932Z,urllc,uesimtun1,38646,624,219892304,2390296,,1,1
2025-11-25T16:14:29.655932Z,mmtc,uesimtun2,58171,933,92448254,68187,,1,1
2025-11-25T16:14:30.020127Z,embb,uesimtun0,21712,271,29664,367,,1,1
2025-11-25T16:14:30.020127Z,urllc,uesimtun1,38646,624,221196884,2404477,,1,1
2025-11-25T16:14:30.020127Z,mmtc,uesimtun2,58171,933,93549258,68990,,1,1
2025-11-25T16:14:30.384252Z,embb,uesimtun0,21712,271,29916,370,,1,1
2025-11-25T16:14:30.384252Z,urllc,uesimtun1,38646,624,222512720,2418780,,1,1
2025-11-25T16:14:30.384252Z,mmtc,uesimtun2,58171,933,94650202,69792,,1,1
2025-11-25T16:14:30.748482Z,embb,uesimtun0,21712,271,30000,371,,1,1
2025-11-25T16:14:30.748482Z,urllc,uesimtun1,38646,624,223819720,2432988,,1,1
2025-11-25T16:14:30.748482Z,mmtc,uesimtun2,58171,933,95751446,70599,,1,1
2025-11-25T16:14:31.112756Z,embb,uesimtun0,21712,271,30168,373,,1,1
2025-11-25T16:14:31.112756Z,urllc,uesimtun1,38646,624,225438228,2450581,,1,1
2025-11-25T16:14:31.112756Z,mmtc,uesimtun2,58171,933,97112514,71591,,1,1
2025-11-25T16:14:31.562308Z,embb,uesimtun0,21712,271,30504,377,,1,1
2025-11-25T16:14:31.562308Z,urllc,uesimtun1,38646,624,226747368,2464812,,1,1
2025-11-25T16:14:31.562308Z,mmtc,uesimtun2,58171,933,98213818,72399,,1,1
2025-11-25T16:14:31.926056Z,embb,uesimtun0,21712,271,30588,378,,1,1
2025-11-25T16:14:31.926056Z,urllc,uesimtun1,38646,624,228052480,2479000,,1,1
2025-11-25T16:14:31.926056Z,mmtc,uesimtun2,58171,933,98687359,72746,,1,1
2025-11-25T16:14:32.349692Z,embb,uesimtun0,21712,271,30756,380,,1,1
2025-11-25T16:14:32.349692Z,urllc,uesimtun1,38646,624,229576528,2495566,,1,1
2025-11-25T16:14:32.349692Z,mmtc,uesimtun2,58171,933,98687609,72750,,1,1
2025-11-25T16:14:32.713685Z,embb,uesimtun0,21712,271,30840,381,,1,1
2025-11-25T16:14:32.713685Z,urllc,uesimtun1,38646,624,230884929,2509789,,1,1
2025-11-25T16:14:32.713685Z,mmtc,uesimtun2,58171,933,98688130,72758,,1,1
2025-11-25T16:14:33.077685Z,embb,uesimtun0,21712,271,30924,382,,1,1
2025-11-25T16:14:33.077685Z,urllc,uesimtun1,38646,624,232194933,2524030,,1,1
2025-11-25T16:14:33.077685Z,mmtc,uesimtun2,58171,933,98688274,72760,,1,1
2025-11-25T16:14:33.442596Z,embb,uesimtun0,21712,271,31092,384,,1,1
2025-11-25T16:14:33.442596Z,urllc,uesimtun1,38646,624,233504957,2538270,,1,1
2025-11-25T16:14:33.442596Z,mmtc,uesimtun2,58171,933,98688471,72763,,1,1
2025-11-25T16:14:33.806686Z,embb,uesimtun0,21712,271,31176,385,,1,1
2025-11-25T16:14:33.806686Z,urllc,uesimtun1,38646,624,234814337,2552505,,1,1
2025-11-25T16:14:33.806686Z,mmtc,uesimtun2,58171,933,98689023,72771,,1,1
2025-11-25T16:14:34.170768Z,embb,uesimtun0,21712,271,31260,386,,1,1
2025-11-25T16:14:34.170768Z,urllc,uesimtun1,38646,624,235897553,2564281,,1,1
2025-11-25T16:14:34.170768Z,mmtc,uesimtun2,58171,933,98689167,72773,,1,1
2025-11-25T16:14:34.537031Z,embb,uesimtun0,21712,271,31344,387,,1,1
2025-11-25T16:14:34.537031Z,urllc,uesimtun1,38646,624,237438789,2581034,,1,1
2025-11-25T16:14:34.537031Z,mmtc,uesimtun2,58171,933,98689515,72778,,1,1
2025-11-25T16:14:34.901157Z,embb,uesimtun0,21712,271,31428,388,,1,1
2025-11-25T16:14:34.901157Z,urllc,uesimtun1,38646,624,238755293,2595346,,1,1
2025-11-25T16:14:34.901157Z,mmtc,uesimtun2,58171,933,98689779,72782,,1,1
2025-11-25T16:14:35.370432Z,embb,uesimtun0,21712,271,31728,392,,1,1
2025-11-25T16:14:35.370432Z,urllc,uesimtun1,38646,624,239948753,2608320,,1,1
2025-11-25T16:14:35.370432Z,mmtc,uesimtun2,58171,933,98690264,72789,,1,1
2025-11-25T16:14:35.734688Z,embb,uesimtun0,21712,271,31812,393,,1,1
2025-11-25T16:14:35.734688Z,urllc,uesimtun1,38646,624,241257993,2622552,,1,1
2025-11-25T16:14:35.734688Z,mmtc,uesimtun2,58171,933,98690672,72795,,1,1
2025-11-25T16:14:36.098959Z,embb,uesimtun0,21712,271,31980,395,,1,1
2025-11-25T16:14:36.098959Z,urllc,uesimtun1,38646,624,242566977,2636782,,1,1
2025-11-25T16:14:36.098959Z,mmtc,uesimtun2,58171,933,98690876,72798,,1,1
2025-11-25T16:14:36.462985Z,embb,uesimtun0,21712,271,32064,396,,1,1
2025-11-25T16:14:36.462985Z,urllc,uesimtun1,38646,624,243559893,2647575,,1,1
2025-11-25T16:14:36.462985Z,mmtc,uesimtun2,58171,933,98691128,72801,,1,1
2025-11-25T16:14:36.827998Z,embb,uesimtun0,21712,271,32148,397,,1,1
2025-11-25T16:14:36.827998Z,urllc,uesimtun1,38646,624,244873025,2661850,,1,1
2025-11-25T16:14:36.827998Z,mmtc,uesimtun2,58171,933,98691536,72807,,1,1
2025-11-25T16:14:37.191826Z,embb,uesimtun0,21712,271,32232,398,,1,1
2025-11-25T16:14:37.191826Z,urllc,uesimtun1,38646,624,245900833,2673024,,1,1
2025-11-25T16:14:37.191826Z,mmtc,uesimtun2,58171,933,98691824,72811,,1,1
2025-11-25T16:14:37.572821Z,embb,uesimtun0,21712,271,32484,401,,1,1
2025-11-25T16:14:37.572821Z,urllc,uesimtun1,38646,624,247307317,2688313,,1,1
2025-11-25T16:14:37.572821Z,mmtc,uesimtun2,58171,933,98692088,72815,,1,1
2025-11-25T16:14:37.938580Z,embb,uesimtun0,21712,271,32652,403,,1,1
2025-11-25T16:14:37.938580Z,urllc,uesimtun1,38646,624,248619001,2702572,,1,1
2025-11-25T16:14:37.938580Z,mmtc,uesimtun2,58171,933,98692496,72821,,1,1
2025-11-25T16:14:38.320004Z,embb,uesimtun0,21712,271,32736,404,,1,1
2025-11-25T16:14:38.320004Z,urllc,uesimtun1,38646,624,249991813,2717495,,1,1
2025-11-25T16:14:38.320004Z,mmtc,uesimtun2,58171,933,98692784,72825,,1,1
2025-11-25T16:14:38.685206Z,embb,uesimtun0,21712,271,32988,407,,1,1
2025-11-25T16:14:38.685206Z,urllc,uesimtun1,38646,624,251301053,2731727,,1,1
2025-11-25T16:14:38.685206Z,mmtc,uesimtun2,58171,933,98693161,72831,,1,1
2025-11-25T16:14:39.049794Z,embb,uesimtun0,21712,271,33240,410,,1,1
2025-11-25T16:14:39.049794Z,urllc,uesimtun1,38646,624,252612033,2745978,,1,1
2025-11-25T16:14:39.049794Z,mmtc,uesimtun2,58171,933,98693365,72834,,1,1
2025-11-25T16:14:39.452591Z,embb,uesimtun0,21712,271,33324,411,,1,1
2025-11-25T16:14:39.452591Z,urllc,uesimtun1,38646,624,254060393,2761722,,1,1
2025-11-25T16:14:39.452591Z,mmtc,uesimtun2,58171,933,98693653,72838,,1,1
2025-11-25T16:14:39.816706Z,embb,uesimtun0,21712,271,33408,412,,1,1
2025-11-25T16:14:39.816706Z,urllc,uesimtun1,38646,624,255369289,2775950,,1,1
2025-11-25T16:14:39.816706Z,mmtc,uesimtun2,58171,933,98693941,72842,,1,1
2025-11-25T16:14:40.181932Z,embb,uesimtun0,21712,271,33576,414,,1,1
2025-11-25T16:14:40.181932Z,urllc,uesimtun1,38646,624,256685918,2790262,,1,1
2025-11-25T16:14:40.181932Z,mmtc,uesimtun2,58171,933,98694145,72845,,1,1
2025-11-25T16:14:40.548964Z,embb,uesimtun0,21712,271,33660,415,,1,1
2025-11-25T16:14:40.548964Z,urllc,uesimtun1,38646,624,258002074,2804569,,1,1
2025-11-25T16:14:40.548964Z,mmtc,uesimtun2,58171,933,98694229,72846,,1,1
2025-11-25T16:14:40.913523Z,embb,uesimtun0,21712,271,33744,416,,1,1
2025-11-25T16:14:40.913523Z,urllc,uesimtun1,38646,624,259312598,2818816,,1,1
2025-11-25T16:14:40.913523Z,mmtc,uesimtun2,58171,933,98694577,72851,,1,1
2025-11-25T16:14:41.278523Z,embb,uesimtun0,21712,271,33828,417,,1,1
2025-11-25T16:14:41.278523Z,urllc,uesimtun1,38646,624,260624202,2833073,,1,1
2025-11-25T16:14:41.278523Z,mmtc,uesimtun2,58171,933,98694661,72852,,1,1
2025-11-25T16:14:41.642835Z,embb,uesimtun0,21712,271,33996,419,,1,1
2025-11-25T16:14:41.642835Z,urllc,uesimtun1,38646,624,261933230,2847302,,1,1
2025-11-25T16:14:41.642835Z,mmtc,uesimtun2,58171,933,98694805,72854,,1,1
2025-11-25T16:14:42.007304Z,embb,uesimtun0,21712,271,34164,421,,1,1
2025-11-25T16:14:42.007304Z,urllc,uesimtun1,38646,624,263242466,2861533,,1,1
2025-11-25T16:14:42.007304Z,mmtc,uesimtun2,58171,933,98695033,72857,,1,1
2025-11-25T16:14:42.371837Z,embb,uesimtun0,21712,271,34248,422,,1,1
2025-11-25T16:14:42.371837Z,urllc,uesimtun1,38646,624,264554898,2875799,,1,1
2025-11-25T16:14:42.371837Z,mmtc,uesimtun2,58171,933,98695405,72862,,1,1
2025-11-25T16:14:42.736206Z,embb,uesimtun0,21712,271,34416,424,,1,1
2025-11-25T16:14:42.736206Z,urllc,uesimtun1,38646,624,265861310,2890000,,1,1
2025-11-25T16:14:42.736206Z,mmtc,uesimtun2,58171,933,98695489,72863,,1,1
2025-11-25T16:14:43.100372Z,embb,uesimtun0,21712,271,34668,427,,1,1
2025-11-25T16:14:43.100372Z,urllc,uesimtun1,38646,624,267170982,2904236,,1,1
2025-11-25T16:14:43.100372Z,mmtc,uesimtun2,58171,933,98695621,72865,,1,1
2025-11-25T16:14:43.467489Z,embb,uesimtun0,21712,271,34836,429,,1,1
2025-11-25T16:14:43.467489Z,urllc,uesimtun1,38646,624,268489670,2918570,,1,1
2025-11-25T16:14:43.467489Z,mmtc,uesimtun2,58171,933,98695873,72868,,1,1
2025-11-25T16:14:43.832013Z,embb,uesimtun0,21712,271,34920,430,,1,1
2025-11-25T16:14:43.832013Z,urllc,uesimtun1,38646,624,269802330,2932839,,1,1
2025-11-25T16:14:43.832013Z,mmtc,uesimtun2,58171,933,98696077,72871,,1,1
2025-11-25T16:14:44.197589Z,embb,uesimtun0,21712,271,35004,431,,1,1
2025-11-25T16:14:44.197589Z,urllc,uesimtun1,38646,624,270792486,2943602,,1,1
2025-11-25T16:14:44.197589Z,mmtc,uesimtun2,58171,933,98696161,72872,,1,1
2025-11-25T16:14:44.562368Z,embb,uesimtun0,21712,271,35256,434,,1,1
2025-11-25T16:14:44.562368Z,urllc,uesimtun1,38646,624,272030674,2957061,,1,1
2025-11-25T16:14:44.562368Z,mmtc,uesimtun2,58171,933,98696245,72873,,1,1
2025-11-25T16:14:44.926727Z,embb,uesimtun0,21712,271,35340,435,,1,1
2025-11-25T16:14:44.926727Z,urllc,uesimtun1,38646,624,273340582,2971300,,1,1
2025-11-25T16:14:44.926727Z,mmtc,uesimtun2,58171,933,98696593,72878,,1,1
2025-11-25T16:14:45.290961Z,embb,uesimtun0,21712,271,35424,436,,1,1
2025-11-25T16:14:45.290961Z,urllc,uesimtun1,38646,624,274647526,2985506,,1,1
2025-11-25T16:14:45.290961Z,mmtc,uesimtun2,58171,933,98696730,72880,,1,1
2025-11-25T16:14:45.655308Z,embb,uesimtun0,21712,271,35676,439,,1,1
2025-11-25T16:14:45.655308Z,urllc,uesimtun1,38646,624,275962710,2999802,,1,1
2025-11-25T16:14:45.655308Z,mmtc,uesimtun2,58171,933,98696934,72883,,1,1
2025-11-25T16:14:46.020691Z,embb,uesimtun0,21712,271,35760,440,,1,1
2025-11-25T16:14:46.020691Z,urllc,uesimtun1,38646,624,277271882,3014033,,1,1
2025-11-25T16:14:46.020691Z,mmtc,uesimtun2,58171,933,98697186,72886,,1,1
2025-11-25T16:14:46.386037Z,embb,uesimtun0,21712,271,35844,441,,1,1
2025-11-25T16:14:46.386037Z,urllc,uesimtun1,38646,624,278585302,3028310,,1,1
2025-11-25T16:14:46.386037Z,mmtc,uesimtun2,58171,933,98697450,72890,,1,1
2025-11-25T16:14:46.750247Z,embb,uesimtun0,21712,271,35928,442,,1,1
2025-11-25T16:14:46.750247Z,urllc,uesimtun1,38646,624,279892766,3042522,,1,1
2025-11-25T16:14:46.750247Z,mmtc,uesimtun2,58171,933,98697822,72895,,1,1
2025-11-25T16:14:47.114952Z,embb,uesimtun0,21712,271,36096,444,,1,1
2025-11-25T16:14:47.114952Z,urllc,uesimtun1,38646,624,281179378,3056507,,1,1
2025-11-25T16:14:47.114952Z,mmtc,uesimtun2,58171,933,98697906,72896,,1,1
2025-11-25T16:14:47.481879Z,embb,uesimtun0,21712,271,36180,445,,1,1
2025-11-25T16:14:47.481879Z,urllc,uesimtun1,38646,624,282523934,3071122,,1,1
2025-11-25T16:14:47.481879Z,mmtc,uesimtun2,58171,933,98698134,72899,,1,1
2025-11-25T16:14:47.847222Z,embb,uesimtun0,21712,271,36264,446,,1,1
2025-11-25T16:14:47.847222Z,urllc,uesimtun1,38646,624,283835194,3085375,,1,1
2025-11-25T16:14:47.847222Z,mmtc,uesimtun2,58171,933,98698422,72903,,1,1
2025-11-25T16:14:48.211259Z,embb,uesimtun0,21712,271,36432,448,,1,1
2025-11-25T16:14:48.211259Z,urllc,uesimtun1,38646,624,284831454,3096204,,1,1
2025-11-25T16:14:48.211259Z,mmtc,uesimtun2,58171,933,98698506,72904,,1,1
2025-11-25T16:14:48.575774Z,embb,uesimtun0,21712,271,36516,449,,1,1
2025-11-25T16:14:48.575774Z,urllc,uesimtun1,38646,624,286140882,3110437,,1,1
2025-11-25T16:14:48.575774Z,mmtc,uesimtun2,58171,933,98698674,72906,,1,1
2025-11-25T16:14:48.940434Z,embb,uesimtun0,21712,271,36684,451,,1,1
2025-11-25T16:14:48.940434Z,urllc,uesimtun1,38646,624,287469106,3124875,,1,1
2025-11-25T16:14:48.940434Z,mmtc,uesimtun2,58171,933,98698758,72907,,1,1
2025-11-25T16:14:49.309878Z,embb,uesimtun0,21712,271,36852,453,,1,1
2025-11-25T16:14:49.309878Z,urllc,uesimtun1,38646,624,288793346,3139269,,1,1
2025-11-25T16:14:49.309878Z,mmtc,uesimtun2,58171,933,98699010,72910,,1,1
2025-11-25T16:14:49.679943Z,embb,uesimtun0,21712,271,36936,454,,1,1
2025-11-25T16:14:49.679943Z,urllc,uesimtun1,38646,624,290107678,3153556,,1,1
2025-11-25T16:14:49.679943Z,mmtc,uesimtun2,58171,933,98699178,72912,,1,1
2025-11-25T16:14:50.044470Z,embb,uesimtun0,21712,271,37188,457,,1,1
2025-11-25T16:14:50.044470Z,urllc,uesimtun1,38646,624,291421154,3167833,,1,1
2025-11-25T16:14:50.044470Z,mmtc,uesimtun2,58171,933,98699406,72915,,1,1
2025-11-25T16:14:50.451061Z,embb,uesimtun0,21712,271,37272,458,,1,1
2025-11-25T16:14:50.451061Z,urllc,uesimtun1,38646,624,292878242,3183671,,1,1
2025-11-25T16:14:50.451061Z,mmtc,uesimtun2,58171,933,98699658,72918,,1,1
2025-11-25T16:14:50.815681Z,embb,uesimtun0,21712,271,37356,459,,1,1
2025-11-25T16:14:50.815681Z,urllc,uesimtun1,38646,624,294190890,3197939,,1,1
2025-11-25T16:14:50.815681Z,mmtc,uesimtun2,58171,933,98699742,72919,,1,1
2025-11-25T16:14:51.179965Z,embb,uesimtun0,21712,271,37524,461,,1,1
2025-11-25T16:14:51.179965Z,urllc,uesimtun1,38646,624,295620286,3213476,,1,1
2025-11-25T16:14:51.179965Z,mmtc,uesimtun2,58171,933,98699826,72920,,1,1
2025-11-25T16:14:51.577918Z,embb,uesimtun0,21712,271,37860,465,,1,1
2025-11-25T16:14:51.577918Z,urllc,uesimtun1,38646,624,296928914,3227701,,1,1
2025-11-25T16:14:51.577918Z,mmtc,uesimtun2,58171,933,98699910,72921,,1,1
2025-11-25T16:14:51.942161Z,embb,uesimtun0,21712,271,37944,466,,1,1
2025-11-25T16:14:51.942161Z,urllc,uesimtun1,38646,624,298240954,3241963,,1,1
2025-11-25T16:14:51.942161Z,mmtc,uesimtun2,58171,933,98699994,72922,,1,1
2025-11-25T16:14:52.306543Z,embb,uesimtun0,21712,271,38028,467,,1,1
2025-11-25T16:14:52.306543Z,urllc,uesimtun1,38646,624,299425262,3254836,,1,1
2025-11-25T16:14:52.306543Z,mmtc,uesimtun2,58171,933,98700078,72923,,1,1
2025-11-25T16:14:52.672906Z,embb,uesimtun0,21712,271,38364,471,,1,1
2025-11-25T16:14:52.672906Z,urllc,uesimtun1,38646,624,300739870,3269126,,1,1
2025-11-25T16:14:52.672906Z,mmtc,uesimtun2,58171,933,98700162,72924,,1,1
2025-11-25T16:14:53.036623Z,embb,uesimtun0,21712,271,38448,472,,1,1
2025-11-25T16:14:53.036623Z,urllc,uesimtun1,38646,624,302055966,3283432,,1,1
2025-11-25T16:14:53.036623Z,mmtc,uesimtun2,58171,933,98700306,72926,,1,1
2025-11-25T16:14:53.441101Z,embb,uesimtun0,21712,271,38532,473,,1,1
2025-11-25T16:14:53.441101Z,urllc,uesimtun1,38646,624,303500586,3299135,,1,1
2025-11-25T16:14:53.441101Z,mmtc,uesimtun2,58171,933,98700450,72928,,1,1
2025-11-25T16:14:53.805041Z,embb,uesimtun0,21712,271,38700,475,,1,1
2025-11-25T16:14:53.805041Z,urllc,uesimtun1,38646,624,304811578,3313385,,1,1
2025-11-25T16:14:53.805041Z,mmtc,uesimtun2,58171,933,98700702,72931,,1,1
2025-11-25T16:14:54.169711Z,embb,uesimtun0,21712,271,38784,476,,1,1
2025-11-25T16:14:54.169711Z,urllc,uesimtun1,38646,624,305898726,3325202,,1,1
2025-11-25T16:14:54.169711Z,mmtc,uesimtun2,58171,933,98700786,72932,,1,1
2025-11-25T16:14:54.533948Z,embb,uesimtun0,21712,271,38868,477,,1,1
2025-11-25T16:14:54.533948Z,urllc,uesimtun1,38646,624,307429666,3341843,,1,1
2025-11-25T16:14:54.533948Z,mmtc,uesimtun2,58171,933,98700990,72935,,1,1
2025-11-25T16:14:54.897734Z,embb,uesimtun0,21712,271,38952,478,,1,1
2025-11-25T16:14:54.897734Z,urllc,uesimtun1,38646,624,308739002,3356075,,1,1
2025-11-25T16:14:54.897734Z,mmtc,uesimtun2,58171,933,98701242,72938,,1,1
2025-11-25T16:14:55.263000Z,embb,uesimtun0,21712,271,39120,480,,1,1
2025-11-25T16:14:55.263000Z,urllc,uesimtun1,38646,624,310052535,3370353,,1,1
2025-11-25T16:14:55.263000Z,mmtc,uesimtun2,58171,933,98701326,72939,,1,1
2025-11-25T16:14:55.627322Z,embb,uesimtun0,21712,271,39204,481,,1,1
2025-11-25T16:14:55.627322Z,urllc,uesimtun1,38646,624,311361311,3384579,,1,1
2025-11-25T16:14:55.627322Z,mmtc,uesimtun2,58171,933,98701410,72940,,1,1
2025-11-25T16:14:55.991904Z,embb,uesimtun0,21712,271,39372,483,,1,1
2025-11-25T16:14:55.991904Z,urllc,uesimtun1,38646,624,312669259,3398796,,1,1
2025-11-25T16:14:55.991904Z,mmtc,uesimtun2,58171,933,98701638,72943,,1,1
2025-11-25T16:14:56.355322Z,embb,uesimtun0,21712,271,39456,484,,1,1
2025-11-25T16:14:56.355322Z,urllc,uesimtun1,38646,624,313931307,3412514,,1,1
2025-11-25T16:14:56.355322Z,mmtc,uesimtun2,58171,933,98701890,72946,,1,1
2025-11-25T16:14:56.719661Z,embb,uesimtun0,21712,271,39540,485,,1,1
2025-11-25T16:14:56.719661Z,urllc,uesimtun1,38646,624,315242443,3426766,,1,1
2025-11-25T16:14:56.719661Z,mmtc,uesimtun2,58171,933,98701974,72947,,1,1
2025-11-25T16:14:57.083920Z,embb,uesimtun0,21712,271,39708,487,,1,1
2025-11-25T16:14:57.083920Z,urllc,uesimtun1,38646,624,316550215,3440981,,1,1
2025-11-25T16:14:57.083920Z,mmtc,uesimtun2,58171,933,98702142,72949,,1,1
2025-11-25T16:14:57.448361Z,embb,uesimtun0,21712,271,39792,488,,1,1
2025-11-25T16:14:57.448361Z,urllc,uesimtun1,38646,624,317541507,3451756,,1,1
2025-11-25T16:14:57.448361Z,mmtc,uesimtun2,58171,933,98702478,72953,,1,1
2025-11-25T16:14:57.812798Z,embb,uesimtun0,21712,271,39876,489,,1,1
2025-11-25T16:14:57.812798Z,urllc,uesimtun1,38646,624,318849279,3465971,,1,1
2025-11-25T16:14:57.812798Z,mmtc,uesimtun2,58171,933,98702646,72955,,1,1
2025-11-25T16:14:58.177030Z,embb,uesimtun0,21712,271,40044,491,,1,1
2025-11-25T16:14:58.177030Z,urllc,uesimtun1,38646,624,320157847,3480195,,1,1
2025-11-25T16:14:58.177030Z,mmtc,uesimtun2,58171,933,98702730,72956,,1,1
2025-11-25T16:14:58.541390Z,embb,uesimtun0,21712,271,40296,494,,1,1
2025-11-25T16:14:58.541390Z,urllc,uesimtun1,38646,624,321470035,3494458,,1,1
2025-11-25T16:14:58.541390Z,mmtc,uesimtun2,58171,933,98702951,72959,,1,1
2025-11-25T16:14:58.905415Z,embb,uesimtun0,21712,271,40380,495,,1,1
2025-11-25T16:14:58.905415Z,urllc,uesimtun1,38646,624,322775867,3508652,,1,1
2025-11-25T16:14:58.905415Z,mmtc,uesimtun2,58171,933,98703035,72960,,1,1
2025-11-25T16:14:59.339707Z,embb,uesimtun0,21712,271,40632,498,,1,1
2025-11-25T16:14:59.339707Z,urllc,uesimtun1,38646,624,324339123,3525644,,1,1
2025-11-25T16:14:59.339707Z,mmtc,uesimtun2,58171,933,98703119,72961,,1,1
2025-11-25T16:14:59.704173Z,embb,uesimtun0,21712,271,40884,501,,1,1
2025-11-25T16:14:59.704173Z,urllc,uesimtun1,38646,624,325649103,3539883,,1,1
2025-11-25T16:14:59.704173Z,mmtc,uesimtun2,58171,933,98703287,72963,,1,1
2025-11-25T16:15:00.068967Z,embb,uesimtun0,21712,271,40968,502,,1,1
2025-11-25T16:15:00.068967Z,urllc,uesimtun1,38646,624,326961551,3554149,,1,1
2025-11-25T16:15:00.068967Z,mmtc,uesimtun2,58171,933,98703431,72965,,1,1
2025-11-25T16:15:00.433607Z,embb,uesimtun0,21712,271,41136,504,,1,1
2025-11-25T16:15:00.433607Z,urllc,uesimtun1,38646,624,328271331,3568386,,1,1
2025-11-25T16:15:00.433607Z,mmtc,uesimtun2,58171,933,98703515,72966,,1,1
2025-11-25T16:15:00.799284Z,embb,uesimtun0,21712,271,41220,505,,1,1
2025-11-25T16:15:00.799284Z,urllc,uesimtun1,38646,624,329585175,3582667,,1,1
2025-11-25T16:15:00.799284Z,mmtc,uesimtun2,58171,933,98703683,72968,,1,1
2025-11-25T16:15:01.165220Z,embb,uesimtun0,21712,271,41304,506,,1,1
2025-11-25T16:15:01.165220Z,urllc,uesimtun1,38646,624,331126903,3599425,,1,1
2025-11-25T16:15:01.165220Z,mmtc,uesimtun2,58171,933,98703827,72970,,1,1
2025-11-25T16:15:01.592704Z,embb,uesimtun0,21712,271,41388,507,,1,1
2025-11-25T16:15:01.592704Z,urllc,uesimtun1,38646,624,332436683,3613662,,1,1
2025-11-25T16:15:01.592704Z,mmtc,uesimtun2,58171,933,98703911,72971,,1,1
2025-11-25T16:15:01.956767Z,embb,uesimtun0,21712,271,41556,509,,1,1
2025-11-25T16:15:01.956767Z,urllc,uesimtun1,38646,624,333744271,3627875,,1,1
2025-11-25T16:15:01.956767Z,mmtc,uesimtun2,58171,933,98704163,72974,,1,1
2025-11-25T16:15:02.330482Z,embb,uesimtun0,21712,271,41640,510,,1,1
2025-11-25T16:15:02.330482Z,urllc,uesimtun1,38646,624,335086379,3642464,,1,1
2025-11-25T16:15:02.330482Z,mmtc,uesimtun2,58171,933,98704367,72977,,1,1
2025-11-25T16:15:02.694301Z,embb,uesimtun0,21712,271,41724,511,,1,1
2025-11-25T16:15:02.694301Z,urllc,uesimtun1,38646,624,336392831,3656665,,1,1
2025-11-25T16:15:02.694301Z,mmtc,uesimtun2,58171,933,98704511,72979,,1,1
2025-11-25T16:15:03.058906Z,embb,uesimtun0,21712,271,42060,515,,1,1
2025-11-25T16:15:03.058906Z,urllc,uesimtun1,38646,624,337705295,3670931,,1,1
2025-11-25T16:15:03.058906Z,mmtc,uesimtun2,58171,933,98704715,72982,,1,1
2025-11-25T16:15:03.475826Z,embb,uesimtun0,21712,271,42144,516,,1,1
2025-11-25T16:15:03.475826Z,urllc,uesimtun1,38646,624,339204879,3687231,,1,1
2025-11-25T16:15:03.475826Z,mmtc,uesimtun2,58171,933,98704967,72985,,1,1
2025-11-25T16:15:03.843380Z,embb,uesimtun0,21712,271,42312,518,,1,1
2025-11-25T16:15:03.843380Z,urllc,uesimtun1,38646,624,340523507,3701564,,1,1
2025-11-25T16:15:03.843380Z,mmtc,uesimtun2,58171,933,98705111,72987,,1,1
2025-11-25T16:15:04.207676Z,embb,uesimtun0,21712,271,42480,520,,1,1
2025-11-25T16:15:04.207676Z,urllc,uesimtun1,38646,624,341946263,3717029,,1,1
2025-11-25T16:15:04.207676Z,mmtc,uesimtun2,58171,933,98705423,72991,,1,1
2025-11-25T16:15:04.606311Z,embb,uesimtun0,21712,271,42564,521,,1,1
2025-11-25T16:15:04.606311Z,urllc,uesimtun1,38646,624,343268387,3731400,,1,1
2025-11-25T16:15:04.606311Z,mmtc,uesimtun2,58171,933,98705507,72992,,1,1
2025-11-25T16:15:04.970685Z,embb,uesimtun0,21712,271,42648,522,,1,1
2025-11-25T16:15:04.970685Z,urllc,uesimtun1,38646,624,344577623,3745631,,1,1
2025-11-25T16:15:04.970685Z,mmtc,uesimtun2,58171,933,98705591,72993,,1,1
2025-11-25T16:15:05.338193Z,embb,uesimtun0,21712,271,42732,523,,1,1
2025-11-25T16:15:05.338193Z,urllc,uesimtun1,38646,624,345897475,3759978,,1,1
2025-11-25T16:15:05.338193Z,mmtc,uesimtun2,58171,933,98705759,72995,,1,1
2025-11-25T16:15:05.701736Z,embb,uesimtun0,21712,271,42984,526,,1,1
2025-11-25T16:15:05.701736Z,urllc,uesimtun1,38646,624,347204511,3774185,,1,1
2025-11-25T16:15:05.701736Z,mmtc,uesimtun2,58171,933,98705843,72996,,1,1
2025-11-25T16:15:06.065285Z,embb,uesimtun0,21712,271,43068,527,,1,1
2025-11-25T16:15:06.065285Z,urllc,uesimtun1,38646,624,348508647,3788361,,1,1
2025-11-25T16:15:06.065285Z,mmtc,uesimtun2,58171,933,98706011,72998,,1,1
2025-11-25T16:15:06.428940Z,embb,uesimtun0,21712,271,43152,528,,1,1
2025-11-25T16:15:06.428940Z,urllc,uesimtun1,38646,624,349817155,3802584,,1,1
2025-11-25T16:15:06.428940Z,mmtc,uesimtun2,58171,933,98706239,73001,,1,1
2025-11-25T16:15:06.793364Z,embb,uesimtun0,21712,271,43404,531,,1,1
2025-11-25T16:15:06.793364Z,urllc,uesimtun1,38646,624,351128691,3816840,,1,1
2025-11-25T16:15:06.793364Z,mmtc,uesimtun2,58171,933,98706323,73002,,1,1
2025-11-25T16:15:07.157786Z,embb,uesimtun0,21712,271,43572,533,,1,1
2025-11-25T16:15:07.157786Z,urllc,uesimtun1,38646,624,352833527,3835371,,1,1
2025-11-25T16:15:07.157786Z,mmtc,uesimtun2,58171,933,98706491,73004,,1,1
2025-11-25T16:15:07.637186Z,embb,uesimtun0,21712,271,43656,534,,1,1
2025-11-25T16:15:07.637186Z,urllc,uesimtun1,38646,624,354161983,3849811,,1,1
2025-11-25T16:15:07.637186Z,mmtc,uesimtun2,58171,933,98706659,73006,,1,1
2025-11-25T16:15:08.001731Z,embb,uesimtun0,21712,271,43740,535,,1,1
2025-11-25T16:15:08.001731Z,urllc,uesimtun1,38646,624,355474007,3864073,,1,1
2025-11-25T16:15:08.001731Z,mmtc,uesimtun2,58171,933,98706827,73008,,1,1
2025-11-25T16:15:08.366125Z,embb,uesimtun0,21712,271,43824,536,,1,1
2025-11-25T16:15:08.366125Z,urllc,uesimtun1,38646,624,356782743,3878299,,1,1
2025-11-25T16:15:08.366125Z,mmtc,uesimtun2,58171,933,98706911,73009,,1,1
2025-11-25T16:15:08.734478Z,embb,uesimtun0,21712,271,43992,538,,1,1
2025-11-25T16:15:08.734478Z,urllc,uesimtun1,38646,624,358105879,3892681,,1,1
2025-11-25T16:15:08.734478Z,mmtc,uesimtun2,58171,933,98707163,73012,,1,1
2025-11-25T16:15:09.098514Z,embb,uesimtun0,21712,271,44076,539,,1,1
2025-11-25T16:15:09.098514Z,urllc,uesimtun1,38646,624,359411471,3906873,,1,1
2025-11-25T16:15:09.098514Z,mmtc,uesimtun2,58171,933,98707247,73013,,1,1
2025-11-25T16:15:09.465884Z,embb,uesimtun0,21712,271,44244,541,,1,1
2025-11-25T16:15:09.465884Z,urllc,uesimtun1,38646,624,360735955,3921270,,1,1
2025-11-25T16:15:09.465884Z,mmtc,uesimtun2,58171,933,98707391,73015,,1,1
2025-11-25T16:15:09.830752Z,embb,uesimtun0,21712,271,44328,542,,1,1
2025-11-25T16:15:09.830752Z,urllc,uesimtun1,38646,624,362045351,3935503,,1,1
2025-11-25T16:15:09.830752Z,mmtc,uesimtun2,58171,933,98707703,73019,,1,1
2025-11-25T16:15:10.194503Z,embb,uesimtun0,21712,271,44496,544,,1,1
2025-11-25T16:15:10.194503Z,urllc,uesimtun1,38646,624,363352939,3949716,,1,1
2025-11-25T16:15:10.194503Z,mmtc,uesimtun2,58171,933,98707955,73022,,1,1
2025-11-25T16:15:10.558883Z,embb,uesimtun0,21712,271,44664,546,,1,1
2025-11-25T16:15:10.558883Z,urllc,uesimtun1,38646,624,364662643,3963952,,1,1
2025-11-25T16:15:10.558883Z,mmtc,uesimtun2,58171,933,98708039,73023,,1,1
2025-11-25T16:15:10.925648Z,embb,uesimtun0,21712,271,44748,547,,1,1
2025-11-25T16:15:10.925648Z,urllc,uesimtun1,38646,624,365980167,3978273,,1,1
2025-11-25T16:15:10.925648Z,mmtc,uesimtun2,58171,933,98708243,73026,,1,1
2025-11-25T16:15:11.289879Z,embb,uesimtun0,21712,271,45000,550,,1,1
2025-11-25T16:15:11.289879Z,urllc,uesimtun1,38646,624,367288307,3992492,,1,1
2025-11-25T16:15:11.289879Z,mmtc,uesimtun2,58171,933,98708495,73029,,1,1
2025-11-25T16:15:11.654098Z,embb,uesimtun0,21712,271,45084,551,,1,1
2025-11-25T16:15:11.654098Z,urllc,uesimtun1,38646,624,368598439,4006733,,1,1
2025-11-25T16:15:11.654098Z,mmtc,uesimtun2,58171,933,98708579,73030,,1,1
2025-11-25T16:15:12.017834Z,embb,uesimtun0,21712,271,45252,553,,1,1
2025-11-25T16:15:12.017834Z,urllc,uesimtun1,38646,624,369902615,4020909,,1,1
2025-11-25T16:15:12.017834Z,mmtc,uesimtun2,58171,933,98708663,73031,,1,1
2025-11-25T16:15:12.385899Z,embb,uesimtun0,21712,271,45336,554,,1,1
2025-11-25T16:15:12.385899Z,urllc,uesimtun1,38646,624,371227399,4035309,,1,1
2025-11-25T16:15:12.385899Z,mmtc,uesimtun2,58171,933,98708807,73033,,1,1
2025-11-25T16:15:12.750377Z,embb,uesimtun0,21712,271,45588,557,,1,1
2025-11-25T16:15:12.750377Z,urllc,uesimtun1,38646,624,372539035,4049566,,1,1
2025-11-25T16:15:12.750377Z,mmtc,uesimtun2,58171,933,98708891,73034,,1,1
2025-11-25T16:15:13.114766Z,embb,uesimtun0,21712,271,45756,559,,1,1
2025-11-25T16:15:13.114766Z,urllc,uesimtun1,38646,624,374038863,4065869,,1,1
2025-11-25T16:15:13.114766Z,mmtc,uesimtun2,58171,933,98708975,73035,,1,1
2025-11-25T16:15:13.532457Z,embb,uesimtun0,21712,271,46008,562,,1,1
2025-11-25T16:15:13.532457Z,urllc,uesimtun1,38646,624,375346627,4080084,,1,1
2025-11-25T16:15:13.532457Z,mmtc,uesimtun2,58171,933,98709059,73036,,1,1
2025-11-25T16:15:13.896171Z,embb,uesimtun0,21712,271,46092,563,,1,1
2025-11-25T16:15:13.896171Z,urllc,uesimtun1,38646,624,376658355,4094342,,1,1
2025-11-25T16:15:13.896171Z,mmtc,uesimtun2,58171,933,98709227,73038,,1,1
2025-11-25T16:15:14.260062Z,embb,uesimtun0,21712,271,46260,565,,1,1
2025-11-25T16:15:14.260062Z,urllc,uesimtun1,38646,624,377966303,4108559,,1,1
2025-11-25T16:15:14.260062Z,mmtc,uesimtun2,58171,933,98709311,73039,,1,1
2025-11-25T16:15:14.623983Z,embb,uesimtun0,21712,271,46344,566,,1,1
2025-11-25T16:15:14.623983Z,urllc,uesimtun1,38646,624,379271995,4122752,,1,1
2025-11-25T16:15:14.623983Z,mmtc,uesimtun2,58171,933,98709395,73040,,1,1
2025-11-25T16:15:14.991448Z,embb,uesimtun0,21712,271,46428,567,,1,1
2025-11-25T16:15:14.991448Z,urllc,uesimtun1,38646,624,380594203,4137124,,1,1
2025-11-25T16:15:14.991448Z,mmtc,uesimtun2,58171,933,98709563,73042,,1,1
2025-11-25T16:15:15.355411Z,embb,uesimtun0,21712,271,46596,569,,1,1
2025-11-25T16:15:15.355411Z,urllc,uesimtun1,38646,624,381899291,4151310,,1,1
2025-11-25T16:15:15.355411Z,mmtc,uesimtun2,58171,933,98709731,73044,,1,1
2025-11-25T16:15:15.719988Z,embb,uesimtun0,21712,271,46680,570,,1,1
2025-11-25T16:15:15.719988Z,urllc,uesimtun1,38646,624,383212399,4165583,,1,1
2025-11-25T16:15:15.719988Z,mmtc,uesimtun2,58171,933,98709815,73045,,1,1
2025-11-25T16:15:16.084095Z,embb,uesimtun0,21712,271,46764,571,,1,1
2025-11-25T16:15:16.084095Z,urllc,uesimtun1,38646,624,384519511,4179791,,1,1
2025-11-25T16:15:16.084095Z,mmtc,uesimtun2,58171,933,98709983,73047,,1,1
2025-11-25T16:15:16.448131Z,embb,uesimtun0,21712,271,46848,572,,1,1
2025-11-25T16:15:16.448131Z,urllc,uesimtun1,38646,624,385827743,4194011,,1,1
2025-11-25T16:15:16.448131Z,mmtc,uesimtun2,58171,933,98710151,73049,,1,1
2025-11-25T16:15:16.812037Z,embb,uesimtun0,21712,271,46932,573,,1,1
2025-11-25T16:15:16.812037Z,urllc,uesimtun1,38646,624,387137079,4208243,,1,1
2025-11-25T16:15:16.812037Z,mmtc,uesimtun2,58171,933,98710235,73050,,1,1
2025-11-25T16:15:17.176406Z,embb,uesimtun0,21712,271,47100,575,,1,1
2025-11-25T16:15:17.176406Z,urllc,uesimtun1,38646,624,388447511,4222487,,1,1
2025-11-25T16:15:17.176406Z,mmtc,uesimtun2,58171,933,98710319,73051,,1,1
2025-11-25T16:15:17.540823Z,embb,uesimtun0,21712,271,47184,576,,1,1
2025-11-25T16:15:17.540823Z,urllc,uesimtun1,38646,624,389755743,4236707,,1,1
2025-11-25T16:15:17.540823Z,mmtc,uesimtun2,58171,933,98710655,73055,,1,1
2025-11-25T16:15:17.904687Z,embb,uesimtun0,21712,271,47268,577,,1,1
2025-11-25T16:15:17.904687Z,urllc,uesimtun1,38646,624,391063975,4250927,,1,1
2025-11-25T16:15:17.904687Z,mmtc,uesimtun2,58171,933,98710907,73058,,1,1
2025-11-25T16:15:18.268388Z,embb,uesimtun0,21712,271,47436,579,,1,1
2025-11-25T16:15:18.268388Z,urllc,uesimtun1,38646,624,392369263,4265115,,1,1
2025-11-25T16:15:18.268388Z,mmtc,uesimtun2,58171,933,98711159,73061,,1,1
2025-11-25T16:15:18.632108Z,embb,uesimtun0,21712,271,47604,581,,1,1
2025-11-25T16:15:18.632108Z,urllc,uesimtun1,38646,624,393680071,4279363,,1,1
2025-11-25T16:15:18.632108Z,mmtc,uesimtun2,58171,933,98711243,73062,,1,1
2025-11-25T16:15:18.996340Z,embb,uesimtun0,21712,271,47688,582,,1,1
2025-11-25T16:15:18.996340Z,urllc,uesimtun1,38646,624,394985083,4293548,,1,1
2025-11-25T16:15:18.996340Z,mmtc,uesimtun2,58171,933,98711411,73064,,1,1
2025-11-25T16:15:19.360180Z,embb,uesimtun0,21712,271,47856,584,,1,1
2025-11-25T16:15:19.360180Z,urllc,uesimtun1,38646,624,396294235,4307778,,1,1
2025-11-25T16:15:19.360180Z,mmtc,uesimtun2,58171,933,98711495,73065,,1,1
2025-11-25T16:15:19.724587Z,embb,uesimtun0,21712,271,48192,588,,1,1
2025-11-25T16:15:19.724587Z,urllc,uesimtun1,38646,624,397605135,4322027,,1,1
2025-11-25T16:15:19.724587Z,mmtc,uesimtun2,58171,933,98711579,73066,,1,1
2025-11-25T16:15:20.092392Z,embb,uesimtun0,21712,271,48276,589,,1,1
2025-11-25T16:15:20.092392Z,urllc,uesimtun1,38646,624,398924483,4336368,,1,1
2025-11-25T16:15:20.092392Z,mmtc,uesimtun2,58171,933,98711747,73068,,1,1
2025-11-25T16:15:20.456172Z,embb,uesimtun0,21712,271,48360,590,,1,1
2025-11-25T16:15:20.456172Z,urllc,uesimtun1,38646,624,400233359,4350595,,1,1
2025-11-25T16:15:20.456172Z,mmtc,uesimtun2,58171,933,98711831,73069,,1,1
2025-11-25T16:15:20.819837Z,embb,uesimtun0,21712,271,48696,594,,1,1
2025-11-25T16:15:20.819837Z,urllc,uesimtun1,38646,624,401541499,4364814,,1,1
2025-11-25T16:15:20.819837Z,mmtc,uesimtun2,58171,933,98711915,73070,,1,1
2025-11-25T16:15:21.183615Z,embb,uesimtun0,21712,271,48780,595,,1,1
2025-11-25T16:15:21.183615Z,urllc,uesimtun1,38646,624,402849263,4379029,,1,1
2025-11-25T16:15:21.183615Z,mmtc,uesimtun2,58171,933,98711999,73071,,1,1
2025-11-25T16:15:21.547475Z,embb,uesimtun0,21712,271,48864,596,,1,1
2025-11-25T16:15:21.547475Z,urllc,uesimtun1,38646,624,404157755,4393252,,1,1
2025-11-25T16:15:21.547475Z,mmtc,uesimtun2,58171,933,98712083,73072,,1,1
2025-11-25T16:15:21.911405Z,embb,uesimtun0,21712,271,48948,597,,1,1
2025-11-25T16:15:21.911405Z,urllc,uesimtun1,38646,624,405466539,4407478,,1,1
2025-11-25T16:15:21.911405Z,mmtc,uesimtun2,58171,933,98712335,73075,,1,1
2025-11-25T16:15:22.275463Z,embb,uesimtun0,21712,271,49116,599,,1,1
2025-11-25T16:15:22.275463Z,urllc,uesimtun1,38646,624,406773943,4421689,,1,1
2025-11-25T16:15:22.275463Z,mmtc,uesimtun2,58171,933,98712419,73076,,1,1
2025-11-25T16:15:22.640308Z,embb,uesimtun0,21712,271,49200,600,,1,1
2025-11-25T16:15:22.640308Z,urllc,uesimtun1,38646,624,408085187,4435942,,1,1
2025-11-25T16:15:22.640308Z,mmtc,uesimtun2,58171,933,98712503,73077,,1,1
2025-11-25T16:15:23.004400Z,embb,uesimtun0,21712,271,49284,601,,1,1
2025-11-25T16:15:23.004400Z,urllc,uesimtun1,38646,624,409394431,4450173,,1,1
2025-11-25T16:15:23.004400Z,mmtc,uesimtun2,58171,933,98712671,73079,,1,1
2025-11-25T16:15:23.462660Z,embb,uesimtun0,21712,271,49536,604,,1,1
2025-11-25T16:15:23.462660Z,urllc,uesimtun1,38646,624,411039383,4468053,,1,1
2025-11-25T16:15:23.462660Z,mmtc,uesimtun2,58171,933,98712755,73080,,1,1
2025-11-25T16:15:23.826968Z,embb,uesimtun0,21712,271,49620,605,,1,1
2025-11-25T16:15:23.826968Z,urllc,uesimtun1,38646,624,412349907,4482298,,1,1
2025-11-25T16:15:23.826968Z,mmtc,uesimtun2,58171,933,98712839,73081,,1,1
2025-11-25T16:15:24.191154Z,embb,uesimtun0,21712,271,49872,608,,1,1
2025-11-25T16:15:24.191154Z,urllc,uesimtun1,38646,624,413660247,4496541,,1,1
2025-11-25T16:15:24.191154Z,mmtc,uesimtun2,58171,933,98712923,73082,,1,1
2025-11-25T16:15:24.555547Z,embb,uesimtun0,21712,271,49956,609,,1,1
2025-11-25T16:15:24.555547Z,urllc,uesimtun1,38646,624,414968195,4510758,,1,1
2025-11-25T16:15:24.555547Z,mmtc,uesimtun2,58171,933,98713175,73085,,1,1
2025-11-25T16:15:24.923760Z,embb,uesimtun0,21712,271,50040,610,,1,1
2025-11-25T16:15:24.923760Z,urllc,uesimtun1,38646,624,416291512,4525142,,1,1
2025-11-25T16:15:24.923760Z,mmtc,uesimtun2,58171,933,98713259,73086,,1,1
2025-11-25T16:15:25.288456Z,embb,uesimtun0,21712,271,50208,612,,1,1
2025-11-25T16:15:25.288456Z,urllc,uesimtun1,38646,624,417603968,4539408,,1,1
2025-11-25T16:15:25.288456Z,mmtc,uesimtun2,58171,933,98713564,73090,,1,1
2025-11-25T16:15:25.652963Z,embb,uesimtun0,21712,271,50292,613,,1,1
2025-11-25T16:15:25.652963Z,urllc,uesimtun1,38646,624,418911648,4553622,,1,1
2025-11-25T16:15:25.652963Z,mmtc,uesimtun2,58171,933,98713732,73092,,1,1
2025-11-25T16:15:26.016837Z,embb,uesimtun0,21712,271,50376,614,,1,1
2025-11-25T16:15:26.016837Z,urllc,uesimtun1,38646,624,420222364,4567869,,1,1
2025-11-25T16:15:26.016837Z,mmtc,uesimtun2,58171,933,98713900,73094,,1,1
2025-11-25T16:15:26.381380Z,embb,uesimtun0,,,,,,1,0
2025-11-25T16:15:26.381380Z,urllc,uesimtun1,,,,,,1,0
2025-11-25T16:15:26.381380Z,mmtc,uesimtun2,,,,,,1,0
2025-11-25T16:15:26.632087Z,embb,uesimtun0,,,,,,1,0
2025-11-25T16:15:26.632087Z,urllc,uesimtun1,,,,,,1,0
2025-11-25T16:15:26.632087Z,mmtc,uesimtun2,,,,,,1,0
2025-11-25T16:15:26.881743Z,embb,uesimtun0,,,,,,1,0
2025-11-25T16:15:26.881743Z,urllc,uesimtun1,,,,,,1,0
2025-11-25T16:15:26.881743Z,mmtc,uesimtun2,,,,,,1,0
2025-11-25T16:15:27.132231Z,embb,uesimtun0,,,,,,1,0
2025-11-25T16:15:27.132231Z,urllc,uesimtun1,,,,,,1,0
2025-11-25T16:15:27.132231Z,mmtc,uesimtun2,,,,,,1,0
2025-11-25T16:15:27.381851Z,embb,uesimtun0,,,,,,1,0
2025-11-25T16:15:27.381851Z,urllc,uesimtun1,,,,,,1,0
2025-11-25T16:15:27.381851Z,mmtc,uesimtun2,,,,,,1,0
2025-11-25T16:15:27.632165Z,embb,uesimtun0,,,,,,1,0
2025-11-25T16:15:27.632165Z,urllc,uesimtun1,,,,,,1,0
2025-11-25T16:15:27.632165Z,mmtc,uesimtun2,,,,,,1,0
2025-11-25T16:15:27.881820Z,embb,uesimtun0,,,,,,1,0
2025-11-25T16:15:27.881820Z,urllc,uesimtun1,,,,,,1,0
2025-11-25T16:15:27.881820Z,mmtc,uesimtun2,,,,,,1,0
2025-11-25T16:15:28.132106Z,embb,uesimtun0,,,,,,1,0
2025-11-25T16:15:28.132106Z,urllc,uesimtun1,,,,,,1,0
2025-11-25T16:15:28.132106Z,mmtc,uesimtun2,,,,,,1,0
2025-11-25T16:15:28.381718Z,embb,uesimtun0,,,,,,1,0
2025-11-25T16:15:28.381718Z,urllc,uesimtun1,,,,,,1,0
2025-11-25T16:15:28.381718Z,mmtc,uesimtun2,,,,,,1,0
2025-11-25T16:15:28.631667Z,embb,uesimtun0,,,,,,1,0
2025-11-25T16:15:28.631667Z,urllc,uesimtun1,,,,,,1,0
2025-11-25T16:15:28.631667Z,mmtc,uesimtun2,,,,,,1,0
2025-11-25T16:15:28.882102Z,embb,uesimtun0,,,,,,1,0
2025-11-25T16:15:28.882102Z,urllc,uesimtun1,,,,,,1,0
2025-11-25T16:15:28.882102Z,mmtc,uesimtun2,,,,,,1,0
2025-11-25T16:15:29.132093Z,embb,uesimtun0,,,,,,1,0
2025-11-25T16:15:29.132093Z,urllc,uesimtun1,,,,,,1,0
2025-11-25T16:15:29.132093Z,mmtc,uesimtun2,,,,,,1,0
2025-11-25T16:15:29.381753Z,embb,uesimtun0,,,,,,1,0
2025-11-25T16:15:29.381753Z,urllc,uesimtun1,,,,,,1,0
2025-11-25T16:15:29.381753Z,mmtc,uesimtun2,,,,,,1,0
2025-11-25T16:15:29.631612Z,embb,uesimtun0,,,,,,1,0
2025-11-25T16:15:29.631612Z,urllc,uesimtun1,,,,,,1,0
2025-11-25T16:15:29.631612Z,mmtc,uesimtun2,,,,,,1,0
2025-11-25T16:15:29.881723Z,embb,uesimtun0,,,,,,1,0
2025-11-25T16:15:29.881723Z,urllc,uesimtun1,,,,,,1,0
2025-11-25T16:15:29.881723Z,mmtc,uesimtun2,,,,,,1,0
2025-11-25T16:15:30.134560Z,embb,uesimtun0,,,,,,1,0
2025-11-25T16:15:30.134560Z,urllc,uesimtun1,,,,,,1,0
2025-11-25T16:15:30.134560Z,mmtc,uesimtun2,,,,,,1,0
2025-11-25T16:15:30.382143Z,embb,uesimtun0,,,,,,1,0
2025-11-25T16:15:30.382143Z,urllc,uesimtun1,,,,,,1,0
2025-11-25T16:15:30.382143Z,mmtc,uesimtun2,,,,,,1,0
2025-11-25T16:15:30.631780Z,embb,uesimtun0,,,,,,1,0
2025-11-25T16:15:30.631780Z,urllc,uesimtun1,,,,,,1,0
2025-11-25T16:15:30.631780Z,mmtc,uesimtun2,,,,,,1,0
2025-11-25T16:15:30.882185Z,embb,uesimtun0,,,,,,1,0
2025-11-25T16:15:30.882185Z,urllc,uesimtun1,,,,,,1,0
2025-11-25T16:15:30.882185Z,mmtc,uesimtun2,,,,,,1,0
2025-11-25T16:15:31.131741Z,embb,uesimtun0,,,,,,1,0
2025-11-25T16:15:31.131741Z,urllc,uesimtun1,,,,,,1,0
2025-11-25T16:15:31.131741Z,mmtc,uesimtun2,,,,,,1,0
2025-11-25T16:15:31.382933Z,embb,uesimtun0,,,,,,1,0
2025-11-25T16:15:31.382933Z,urllc,uesimtun1,,,,,,1,0
2025-11-25T16:15:31.382933Z,mmtc,uesimtun2,,,,,,1,0
2025-11-25T16:15:31.632268Z,embb,uesimtun0,,,,,,1,0
2025-11-25T16:15:31.632268Z,urllc,uesimtun1,,,,,,1,0
2025-11-25T16:15:31.632268Z,mmtc,uesimtun2,,,,,,1,0
2025-11-25T16:15:31.882286Z,embb,uesimtun0,,,,,,1,0
2025-11-25T16:15:31.882286Z,urllc,uesimtun1,,,,,,1,0
2025-11-25T16:15:31.882286Z,mmtc,uesimtun2,,,,,,1,0
2025-11-25T16:15:32.131763Z,embb,uesimtun0,,,,,,1,0
2025-11-25T16:15:32.131763Z,urllc,uesimtun1,,,,,,1,0
2025-11-25T16:15:32.131763Z,mmtc,uesimtun2,,,,,,1,0
2025-11-25T16:15:32.381945Z,embb,uesimtun0,,,,,,1,0
2025-11-25T16:15:32.381945Z,urllc,uesimtun1,,,,,,1,0
2025-11-25T16:15:32.381945Z,mmtc,uesimtun2,,,,,,1,0
2025-11-25T16:15:32.631835Z,embb,uesimtun0,,,,,,1,0
2025-11-25T16:15:32.631835Z,urllc,uesimtun1,,,,,,1,0
2025-11-25T16:15:32.631835Z,mmtc,uesimtun2,,,,,,1,0
2025-11-25T16:15:32.882279Z,embb,uesimtun0,,,,,,1,0
2025-11-25T16:15:32.882279Z,urllc,uesimtun1,,,,,,1,0
2025-11-25T16:15:32.882279Z,mmtc,uesimtun2,,,,,,1,0
2025-11-25T16:15:33.132081Z,embb,uesimtun0,,,,,,1,0
2025-11-25T16:15:33.132081Z,urllc,uesimtun1,,,,,,1,0
2025-11-25T16:15:33.132081Z,mmtc,uesimtun2,,,,,,1,0
2025-11-25T16:15:33.382135Z,embb,uesimtun0,,,,,,1,0
2025-11-25T16:15:33.382135Z,urllc,uesimtun1,,,,,,1,0
2025-11-25T16:15:33.382135Z,mmtc,uesimtun2,,,,,,1,0
2025-11-25T16:15:33.632301Z,embb,uesimtun0,,,,,,1,0
2025-11-25T16:15:33.632301Z,urllc,uesimtun1,,,,,,1,0
2025-11-25T16:15:33.632301Z,mmtc,uesimtun2,,,,,,1,0
2025-11-25T16:15:33.882053Z,embb,uesimtun0,,,,,,1,0
2025-11-25T16:15:33.882053Z,urllc,uesimtun1,,,,,,1,0
2025-11-25T16:15:33.882053Z,mmtc,uesimtun2,,,,,,1,0
2025-11-25T16:15:34.131659Z,embb,uesimtun0,,,,,,1,0
2025-11-25T16:15:34.131659Z,urllc,uesimtun1,,,,,,1,0
2025-11-25T16:15:34.131659Z,mmtc,uesimtun2,,,,,,1,0
2025-11-25T16:15:34.382021Z,embb,uesimtun0,,,,,,1,0
2025-11-25T16:15:34.382021Z,urllc,uesimtun1,,,,,,1,0
2025-11-25T16:15:34.382021Z,mmtc,uesimtun2,,,,,,1,0
2025-11-25T16:15:34.631965Z,embb,uesimtun0,,,,,,1,0
2025-11-25T16:15:34.631965Z,urllc,uesimtun1,,,,,,1,0
2025-11-25T16:15:34.631965Z,mmtc,uesimtun2,,,,,,1,0
2025-11-25T16:15:34.882134Z,embb,uesimtun0,,,,,,1,0
2025-11-25T16:15:34.882134Z,urllc,uesimtun1,,,,,,1,0
2025-11-25T16:15:34.882134Z,mmtc,uesimtun2,,,,,,1,0
2025-11-25T16:15:35.131694Z,embb,uesimtun0,,,,,,1,0
2025-11-25T16:15:35.131694Z,urllc,uesimtun1,,,,,,1,0
2025-11-25T16:15:35.131694Z,mmtc,uesimtun2,,,,,,1,0
2025-11-25T16:15:35.382195Z,embb,uesimtun0,,,,,,1,0
2025-11-25T16:15:35.382195Z,urllc,uesimtun1,,,,,,1,0
2025-11-25T16:15:35.382195Z,mmtc,uesimtun2,,,,,,1,0
2025-11-25T16:15:35.631625Z,embb,uesimtun0,,,,,,1,0
2025-11-25T16:15:35.631625Z,urllc,uesimtun1,,,,,,1,0
2025-11-25T16:15:35.631625Z,mmtc,uesimtun2,,,,,,1,0
2025-11-25T16:15:35.882162Z,embb,uesimtun0,,,,,,1,0
2025-11-25T16:15:35.882162Z,urllc,uesimtun1,,,,,,1,0
2025-11-25T16:15:35.882162Z,mmtc,uesimtun2,,,,,,1,0
2025-11-25T16:15:36.132031Z,embb,uesimtun0,,,,,,1,0
2025-11-25T16:15:36.132031Z,urllc,uesimtun1,,,,,,1,0
2025-11-25T16:15:36.132031Z,mmtc,uesimtun2,,,,,,1,0
2025-11-25T16:15:36.381636Z,embb,uesimtun0,,,,,,1,0
2025-11-25T16:15:36.381636Z,urllc,uesimtun1,,,,,,1,0
2025-11-25T16:15:36.381636Z,mmtc,uesimtun2,,,,,,1,0
2025-11-25T16:15:36.631927Z,embb,uesimtun0,,,,,,1,0
2025-11-25T16:15:36.631927Z,urllc,uesimtun1,,,,,,1,0
2025-11-25T16:15:36.631927Z,mmtc,uesimtun2,,,,,,1,0
2025-11-25T16:15:36.881909Z,embb,uesimtun0,,,,,,1,0
2025-11-25T16:15:36.881909Z,urllc,uesimtun1,,,,,,1,0
2025-11-25T16:15:36.881909Z,mmtc,uesimtun2,,,,,,1,0
2025-11-25T16:15:37.131829Z,embb,uesimtun0,,,,,,1,0
2025-11-25T16:15:37.131829Z,urllc,uesimtun1,,,,,,1,0
2025-11-25T16:15:37.131829Z,mmtc,uesimtun2,,,,,,1,0
2025-11-25T16:15:37.381844Z,embb,uesimtun0,,,,,,1,0
2025-11-25T16:15:37.381844Z,urllc,uesimtun1,,,,,,1,0
2025-11-25T16:15:37.381844Z,mmtc,uesimtun2,,,,,,1,0
2025-11-25T16:15:37.632308Z,embb,uesimtun0,,,,,,1,0
2025-11-25T16:15:37.632308Z,urllc,uesimtun1,,,,,,1,0
2025-11-25T16:15:37.632308Z,mmtc,uesimtun2,,,,,,1,0
2025-11-25T16:15:37.881770Z,embb,uesimtun0,,,,,,1,0
2025-11-25T16:15:37.881770Z,urllc,uesimtun1,,,,,,1,0
2025-11-25T16:15:37.881770Z,mmtc,uesimtun2,,,,,,1,0
2025-11-25T16:15:38.131560Z,embb,uesimtun0,,,,,,1,0
2025-11-25T16:15:38.131560Z,urllc,uesimtun1,,,,,,1,0
2025-11-25T16:15:38.131560Z,mmtc,uesimtun2,,,,,,1,0
2025-11-25T16:15:38.382301Z,embb,uesimtun0,,,,,,1,0
2025-11-25T16:15:38.382301Z,urllc,uesimtun1,,,,,,1,0
2025-11-25T16:15:38.382301Z,mmtc,uesimtun2,,,,,,1,0
2025-11-25T16:15:38.631755Z,embb,uesimtun0,,,,,,1,0
2025-11-25T16:15:38.631755Z,urllc,uesimtun1,,,,,,1,0
2025-11-25T16:15:38.631755Z,mmtc,uesimtun2,,,,,,1,0
2025-11-25T16:15:38.881577Z,embb,uesimtun0,,,,,,1,0
2025-11-25T16:15:38.881577Z,urllc,uesimtun1,,,,,,1,0
2025-11-25T16:15:38.881577Z,mmtc,uesimtun2,,,,,,1,0
2025-11-25T16:15:39.131590Z,embb,uesimtun0,,,,,,1,0
2025-11-25T16:15:39.131590Z,urllc,uesimtun1,,,,,,1,0
2025-11-25T16:15:39.131590Z,mmtc,uesimtun2,,,,,,1,0
2025-11-25T16:15:39.381668Z,embb,uesimtun0,,,,,,1,0
2025-11-25T16:15:39.381668Z,urllc,uesimtun1,,,,,,1,0
2025-11-25T16:15:39.381668Z,mmtc,uesimtun2,,,,,,1,0
2025-11-25T16:15:39.631810Z,embb,uesimtun0,,,,,,1,0
2025-11-25T16:15:39.631810Z,urllc,uesimtun1,,,,,,1,0
2025-11-25T16:15:39.631810Z,mmtc,uesimtun2,,,,,,1,0
2025-11-25T16:15:39.882083Z,embb,uesimtun0,,,,,,1,0
2025-11-25T16:15:39.882083Z,urllc,uesimtun1,,,,,,1,0
2025-11-25T16:15:39.882083Z,mmtc,uesimtun2,,,,,,1,0
2025-11-25T16:15:40.131538Z,embb,uesimtun0,,,,,,1,0
2025-11-25T16:15:40.131538Z,urllc,uesimtun1,,,,,,1,0
2025-11-25T16:15:40.131538Z,mmtc,uesimtun2,,,,,,1,0
2025-11-25T16:15:40.381906Z,embb,uesimtun0,,,,,,1,0
2025-11-25T16:15:40.381906Z,urllc,uesimtun1,,,,,,1,0
2025-11-25T16:15:40.381906Z,mmtc,uesimtun2,,,,,,1,0
2025-11-25T16:15:40.632251Z,embb,uesimtun0,,,,,,1,0
2025-11-25T16:15:40.632251Z,urllc,uesimtun1,,,,,,1,0
2025-11-25T16:15:40.632251Z,mmtc,uesimtun2,,,,,,1,0
2025-11-25T16:15:40.882311Z,embb,uesimtun0,,,,,,1,0
2025-11-25T16:15:40.882311Z,urllc,uesimtun1,,,,,,1,0
2025-11-25T16:15:40.882311Z,mmtc,uesimtun2,,,,,,1,0
2025-11-25T16:15:41.131926Z,embb,uesimtun0,,,,,,1,0
2025-11-25T16:15:41.131926Z,urllc,uesimtun1,,,,,,1,0
2025-11-25T16:15:41.131926Z,mmtc,uesimtun2,,,,,,1,0
2025-11-25T16:15:41.381721Z,embb,uesimtun0,,,,,,1,0
2025-11-25T16:15:41.381721Z,urllc,uesimtun1,,,,,,1,0
2025-11-25T16:15:41.381721Z,mmtc,uesimtun2,,,,,,1,0
2025-11-25T16:15:41.632055Z,embb,uesimtun0,,,,,,1,0
2025-11-25T16:15:41.632055Z,urllc,uesimtun1,,,,,,1,0
2025-11-25T16:15:41.632055Z,mmtc,uesimtun2,,,,,,1,0
2025-11-25T16:15:41.882169Z,embb,uesimtun0,,,,,,1,0
2025-11-25T16:15:41.882169Z,urllc,uesimtun1,,,,,,1,0
2025-11-25T16:15:41.882169Z,mmtc,uesimtun2,,,,,,1,0
2025-11-25T16:15:42.132200Z,embb,uesimtun0,,,,,,1,0
2025-11-25T16:15:42.132200Z,urllc,uesimtun1,,,,,,1,0
2025-11-25T16:15:42.132200Z,mmtc,uesimtun2,,,,,,1,0
2025-11-25T16:15:42.382542Z,embb,uesimtun0,,,,,,1,0
2025-11-25T16:15:42.382542Z,urllc,uesimtun1,,,,,,1,0
2025-11-25T16:15:42.382542Z,mmtc,uesimtun2,,,,,,1,0
2025-11-25T16:15:42.632225Z,embb,uesimtun0,,,,,,1,0
2025-11-25T16:15:42.632225Z,urllc,uesimtun1,,,,,,1,0
2025-11-25T16:15:42.632225Z,mmtc,uesimtun2,,,,,,1,0
2025-11-25T16:15:42.882038Z,embb,uesimtun0,,,,,,1,0
2025-11-25T16:15:42.882038Z,urllc,uesimtun1,,,,,,1,0
2025-11-25T16:15:42.882038Z,mmtc,uesimtun2,,,,,,1,0
2025-11-25T16:15:43.132173Z,embb,uesimtun0,,,,,,1,0
2025-11-25T16:15:43.132173Z,urllc,uesimtun1,,,,,,1,0
2025-11-25T16:15:43.132173Z,mmtc,uesimtun2,,,,,,1,0
2025-11-25T16:15:43.381777Z,embb,uesimtun0,,,,,,1,0
2025-11-25T16:15:43.381777Z,urllc,uesimtun1,,,,,,1,0
2025-11-25T16:15:43.381777Z,mmtc,uesimtun2,,,,,,1,0
2025-11-25T16:15:43.632123Z,embb,uesimtun0,,,,,,1,0
2025-11-25T16:15:43.632123Z,urllc,uesimtun1,,,,,,1,0
2025-11-25T16:15:43.632123Z,mmtc,uesimtun2,,,,,,1,0
2025-11-25T16:15:43.882215Z,embb,uesimtun0,,,,,,1,0
2025-11-25T16:15:43.882215Z,urllc,uesimtun1,,,,,,1,0
2025-11-25T16:15:43.882215Z,mmtc,uesimtun2,,,,,,1,0
2025-11-25T16:15:44.131696Z,embb,uesimtun0,,,,,,1,0
2025-11-25T16:15:44.131696Z,urllc,uesimtun1,,,,,,1,0
2025-11-25T16:15:44.131696Z,mmtc,uesimtun2,,,,,,1,0
2025-11-25T16:15:44.382326Z,embb,uesimtun0,,,,,,1,0
2025-11-25T16:15:44.382326Z,urllc,uesimtun1,,,,,,1,0
2025-11-25T16:15:44.382326Z,mmtc,uesimtun2,,,,,,1,0
2025-11-25T16:15:44.631855Z,embb,uesimtun0,,,,,,1,0
2025-11-25T16:15:44.631855Z,urllc,uesimtun1,,,,,,1,0
2025-11-25T16:15:44.631855Z,mmtc,uesimtun2,,,,,,1,0
2025-11-25T16:15:44.882125Z,embb,uesimtun0,,,,,,1,0
2025-11-25T16:15:44.882125Z,urllc,uesimtun1,,,,,,1,0
2025-11-25T16:15:44.882125Z,mmtc,uesimtun2,,,,,,1,0
2025-11-25T16:15:45.132099Z,embb,uesimtun0,,,,,,1,0
2025-11-25T16:15:45.132099Z,urllc,uesimtun1,,,,,,1,0
2025-11-25T16:15:45.132099Z,mmtc,uesimtun2,,,,,,1,0
2025-11-25T16:15:45.381949Z,embb,uesimtun0,,,,,,1,0
2025-11-25T16:15:45.381949Z,urllc,uesimtun1,,,,,,1,0
2025-11-25T16:15:45.381949Z,mmtc,uesimtun2,,,,,,1,0
2025-11-25T16:15:45.631678Z,embb,uesimtun0,,,,,,1,0
2025-11-25T16:15:45.631678Z,urllc,uesimtun1,,,,,,1,0
2025-11-25T16:15:45.631678Z,mmtc,uesimtun2,,,,,,1,0
2025-11-25T16:15:45.882151Z,embb,uesimtun0,,,,,,1,0
2025-11-25T16:15:45.882151Z,urllc,uesimtun1,,,,,,1,0
2025-11-25T16:15:45.882151Z,mmtc,uesimtun2,,,,,,1,0
2025-11-25T16:15:46.131973Z,embb,uesimtun0,,,,,,1,0
2025-11-25T16:15:46.131973Z,urllc,uesimtun1,,,,,,1,0
2025-11-25T16:15:46.131973Z,mmtc,uesimtun2,,,,,,1,0
2025-11-25T16:15:46.381548Z,embb,uesimtun0,,,,,,1,0
2025-11-25T16:15:46.381548Z,urllc,uesimtun1,,,,,,1,0
2025-11-25T16:15:46.381548Z,mmtc,uesimtun2,,,,,,1,0
2025-11-25T16:15:46.632123Z,embb,uesimtun0,,,,,,1,0
2025-11-25T16:15:46.632123Z,urllc,uesimtun1,,,,,,1,0
2025-11-25T16:15:46.632123Z,mmtc,uesimtun2,,,,,,1,0
2025-11-25T16:15:46.881975Z,embb,uesimtun0,,,,,,1,0
2025-11-25T16:15:46.881975Z,urllc,uesimtun1,,,,,,1,0
2025-11-25T16:15:46.881975Z,mmtc,uesimtun2,,,,,,1,0
2025-11-25T16:15:47.132323Z,embb,uesimtun0,,,,,,1,0
2025-11-25T16:15:47.132323Z,urllc,uesimtun1,,,,,,1,0
2025-11-25T16:15:47.132323Z,mmtc,uesimtun2,,,,,,1,0
2025-11-25T16:15:47.381746Z,embb,uesimtun0,,,,,,1,0
2025-11-25T16:15:47.381746Z,urllc,uesimtun1,,,,,,1,0
2025-11-25T16:15:47.381746Z,mmtc,uesimtun2,,,,,,1,0
2025-11-25T16:15:47.632234Z,embb,uesimtun0,,,,,,1,0
2025-11-25T16:15:47.632234Z,urllc,uesimtun1,,,,,,1,0
2025-11-25T16:15:47.632234Z,mmtc,uesimtun2,,,,,,1,0
2025-11-25T16:15:47.882155Z,embb,uesimtun0,,,,,,1,0
2025-11-25T16:15:47.882155Z,urllc,uesimtun1,,,,,,1,0
2025-11-25T16:15:47.882155Z,mmtc,uesimtun2,,,,,,1,0
2025-11-25T16:15:48.131766Z,embb,uesimtun0,,,,,,1,0
2025-11-25T16:15:48.131766Z,urllc,uesimtun1,,,,,,1,0
2025-11-25T16:15:48.131766Z,mmtc,uesimtun2,,,,,,1,0
2025-11-25T16:15:48.381689Z,embb,uesimtun0,,,,,,1,0
2025-11-25T16:15:48.381689Z,urllc,uesimtun1,,,,,,1,0
2025-11-25T16:15:48.381689Z,mmtc,uesimtun2,,,,,,1,0
2025-11-25T16:15:48.631916Z,embb,uesimtun0,,,,,,1,0
2025-11-25T16:15:48.631916Z,urllc,uesimtun1,,,,,,1,0
2025-11-25T16:15:48.631916Z,mmtc,uesimtun2,,,,,,1,0
2025-11-25T16:15:48.881971Z,embb,uesimtun0,,,,,,1,0
2025-11-25T16:15:48.881971Z,urllc,uesimtun1,,,,,,1,0
2025-11-25T16:15:48.881971Z,mmtc,uesimtun2,,,,,,1,0
2025-11-25T16:15:49.132093Z,embb,uesimtun0,,,,,,1,0
2025-11-25T16:15:49.132093Z,urllc,uesimtun1,,,,,,1,0
2025-11-25T16:15:49.132093Z,mmtc,uesimtun2,,,,,,1,0
2025-11-25T16:15:49.381954Z,embb,uesimtun0,,,,,,1,0
2025-11-25T16:15:49.381954Z,urllc,uesimtun1,,,,,,1,0
2025-11-25T16:15:49.381954Z,mmtc,uesimtun2,,,,,,1,0
2025-11-25T16:15:49.632046Z,embb,uesimtun0,,,,,,1,0
2025-11-25T16:15:49.632046Z,urllc,uesimtun1,,,,,,1,0
2025-11-25T16:15:49.632046Z,mmtc,uesimtun2,,,,,,1,0
2025-11-25T16:15:49.882117Z,embb,uesimtun0,,,,,,1,0
2025-11-25T16:15:49.882117Z,urllc,uesimtun1,,,,,,1,0
2025-11-25T16:15:49.882117Z,mmtc,uesimtun2,,,,,,1,0
2025-11-25T16:15:50.131699Z,embb,uesimtun0,,,,,,1,0
2025-11-25T16:15:50.131699Z,urllc,uesimtun1,,,,,,1,0
2025-11-25T16:15:50.131699Z,mmtc,uesimtun2,,,,,,1,0
2025-11-25T16:15:50.382196Z,embb,uesimtun0,,,,,,1,0
2025-11-25T16:15:50.382196Z,urllc,uesimtun1,,,,,,1,0
2025-11-25T16:15:50.382196Z,mmtc,uesimtun2,,,,,,1,0
2025-11-25T16:15:50.632243Z,embb,uesimtun0,,,,,,1,0
2025-11-25T16:15:50.632243Z,urllc,uesimtun1,,,,,,1,0
2025-11-25T16:15:50.632243Z,mmtc,uesimtun2,,,,,,1,0
2025-11-25T16:15:50.881726Z,embb,uesimtun0,,,,,,1,0
2025-11-25T16:15:50.881726Z,urllc,uesimtun1,,,,,,1,0
2025-11-25T16:15:50.881726Z,mmtc,uesimtun2,,,,,,1,0
2025-11-25T16:15:51.132244Z,embb,uesimtun0,,,,,,1,0
2025-11-25T16:15:51.132244Z,urllc,uesimtun1,,,,,,1,0
2025-11-25T16:15:51.132244Z,mmtc,uesimtun2,,,,,,1,0
2025-11-25T16:15:51.381541Z,embb,uesimtun0,,,,,,1,0
2025-11-25T16:15:51.381541Z,urllc,uesimtun1,,,,,,1,0
2025-11-25T16:15:51.381541Z,mmtc,uesimtun2,,,,,,1,0
2025-11-25T16:15:51.632171Z,embb,uesimtun0,,,,,,1,0
2025-11-25T16:15:51.632171Z,urllc,uesimtun1,,,,,,1,0
2025-11-25T16:15:51.632171Z,mmtc,uesimtun2,,,,,,1,0
2025-11-25T16:15:51.882091Z,embb,uesimtun0,,,,,,1,0
2025-11-25T16:15:51.882091Z,urllc,uesimtun1,,,,,,1,0
2025-11-25T16:15:51.882091Z,mmtc,uesimtun2,,,,,,1,0
2025-11-25T16:15:52.131744Z,embb,uesimtun0,,,,,,1,0
2025-11-25T16:15:52.131744Z,urllc,uesimtun1,,,,,,1,0
2025-11-25T16:15:52.131744Z,mmtc,uesimtun2,,,,,,1,0
2025-11-25T16:15:52.381465Z,embb,uesimtun0,,,,,,1,0
2025-11-25T16:15:52.381465Z,urllc,uesimtun1,,,,,,1,0
2025-11-25T16:15:52.381465Z,mmtc,uesimtun2,,,,,,1,0
2025-11-25T16:15:52.631806Z,embb,uesimtun0,,,,,,1,0
2025-11-25T16:15:52.631806Z,urllc,uesimtun1,,,,,,1,0
2025-11-25T16:15:52.631806Z,mmtc,uesimtun2,,,,,,1,0
2025-11-25T16:15:52.881755Z,embb,uesimtun0,,,,,,1,0
2025-11-25T16:15:52.881755Z,urllc,uesimtun1,,,,,,1,0
2025-11-25T16:15:52.881755Z,mmtc,uesimtun2,,,,,,1,0
2025-11-25T16:15:53.131980Z,embb,uesimtun0,,,,,,1,0
2025-11-25T16:15:53.131980Z,urllc,uesimtun1,,,,,,1,0
2025-11-25T16:15:53.131980Z,mmtc,uesimtun2,,,,,,1,0
2025-11-25T16:15:53.381951Z,embb,uesimtun0,,,,,,1,0
2025-11-25T16:15:53.381951Z,urllc,uesimtun1,,,,,,1,0
2025-11-25T16:15:53.381951Z,mmtc,uesimtun2,,,,,,1,0
2025-11-25T16:15:53.631953Z,embb,uesimtun0,,,,,,1,0
2025-11-25T16:15:53.631953Z,urllc,uesimtun1,,,,,,1,0
2025-11-25T16:15:53.631953Z,mmtc,uesimtun2,,,,,,1,0
2025-11-25T16:15:53.882116Z,embb,uesimtun0,,,,,,1,0
2025-11-25T16:15:53.882116Z,urllc,uesimtun1,,,,,,1,0
2025-11-25T16:15:53.882116Z,mmtc,uesimtun2,,,,,,1,0
2025-11-25T16:15:54.132131Z,embb,uesimtun0,,,,,,1,0
2025-11-25T16:15:54.132131Z,urllc,uesimtun1,,,,,,1,0
2025-11-25T16:15:54.132131Z,mmtc,uesimtun2,,,,,,1,0
2025-11-25T16:15:54.381694Z,embb,uesimtun0,,,,,,1,0
2025-11-25T16:15:54.381694Z,urllc,uesimtun1,,,,,,1,0
2025-11-25T16:15:54.381694Z,mmtc,uesimtun2,,,,,,1,0
2025-11-25T16:17:17.419165Z,urllc,uesimtun0,18346,308,135081813,1468364,,1,1
2025-11-25T16:17:17.419165Z,embb,uesimtun1,7800,96,142902790,103977,,1,1
2025-11-25T16:17:17.419165Z,mmtc,uesimtun2,25236,416,58602087,43051,,1,1
2025-11-25T16:17:17.715735Z,urllc,uesimtun0,18346,308,136162069,1480106,,1,1
2025-11-25T16:17:17.715735Z,embb,uesimtun1,7884,97,147491834,107313,,1,1
2025-11-25T16:17:17.715735Z,mmtc,uesimtun2,25320,417,58602171,43052,,1,1
2025-11-25T16:17:17.966274Z,urllc,uesimtun0,18514,310,137061261,1489880,,1,1
2025-11-25T16:17:17.966274Z,embb,uesimtun1,8052,99,153906998,111978,,1,1
2025-11-25T16:17:17.966274Z,mmtc,uesimtun2,26161,433,58882329,43269,,1,1
2025-11-25T16:17:18.215993Z,urllc,uesimtun0,18967,318,137959931,1499650,,1,1
2025-11-25T16:17:18.215993Z,embb,uesimtun1,8220,101,160260158,116597,,1,1
2025-11-25T16:17:18.215993Z,mmtc,uesimtun2,26530,440,59528003,43743,,1,1
2025-11-25T16:17:18.466240Z,urllc,uesimtun0,19051,319,138858395,1509416,,1,1
2025-11-25T16:17:18.466240Z,embb,uesimtun1,8304,102,169573010,123366,,1,1
2025-11-25T16:17:18.466240Z,mmtc,uesimtun2,26530,440,60758231,44638,,1,1
2025-11-25T16:17:18.831043Z,urllc,uesimtun0,19051,319,140170583,1523679,,1,1
2025-11-25T16:17:18.831043Z,embb,uesimtun1,8388,103,178880442,130132,,1,1
2025-11-25T16:17:18.831043Z,mmtc,uesimtun2,26947,446,61401441,45114,,1,1
2025-11-25T16:17:19.081482Z,urllc,uesimtun0,19135,320,141072159,1533479,,1,1
2025-11-25T16:17:19.081482Z,embb,uesimtun1,8472,104,182305390,132622,,1,1
2025-11-25T16:17:19.081482Z,mmtc,uesimtun2,27356,454,61745855,45370,,1,1
2025-11-25T16:17:19.370125Z,urllc,uesimtun0,19279,322,141904308,1542525,,1,1
2025-11-25T16:17:19.370125Z,embb,uesimtun1,8556,105,192800226,140250,,1,1
2025-11-25T16:17:19.370125Z,mmtc,uesimtun2,27641,460,63107169,46366,,1,1
2025-11-25T16:17:19.742238Z,urllc,uesimtun0,19279,322,143444986,1559272,,1,1
2025-11-25T16:17:19.742238Z,embb,uesimtun1,8556,105,201107222,146288,,1,1
2025-11-25T16:17:19.742238Z,mmtc,uesimtun2,27846,464,63722683,46820,,1,1
2025-11-25T16:17:19.992441Z,urllc,uesimtun0,19644,328,144343854,1569043,,1,1
2025-11-25T16:17:19.992441Z,embb,uesimtun1,8808,108,205578098,149540,,1,1
2025-11-25T16:17:19.992441Z,mmtc,uesimtun2,28098,467,64101335,47098,,1,1
2025-11-25T16:17:20.242505Z,urllc,uesimtun0,19728,329,145243966,1578827,,1,1
2025-11-25T16:17:20.242505Z,embb,uesimtun1,8892,109,214892326,156310,,1,1
2025-11-25T16:17:20.242505Z,mmtc,uesimtun2,28607,475,65333413,48001,,1,1
2025-11-25T16:17:20.607000Z,urllc,uesimtun0,19728,329,146554038,1593067,,1,1
2025-11-25T16:17:20.607000Z,embb,uesimtun1,8892,109,224184538,163064,,1,1
2025-11-25T16:17:20.607000Z,mmtc,uesimtun2,28691,476,66117817,48572,,1,1
2025-11-25T16:17:20.857454Z,urllc,uesimtun0,19728,329,147452654,1602835,,1,1
2025-11-25T16:17:20.857454Z,embb,uesimtun1,8976,110,227676910,165603,,1,1
2025-11-25T16:17:20.857454Z,mmtc,uesimtun2,28775,477,66331241,48729,,1,1
2025-11-25T16:17:21.107293Z,urllc,uesimtun0,20064,333,148351370,1612604,,1,1
2025-11-25T16:17:21.107293Z,embb,uesimtun1,9312,114,234056382,170243,,1,1
2025-11-25T16:17:21.107293Z,mmtc,uesimtun2,29714,494,66973498,49210,,1,1
2025-11-25T16:17:21.357566Z,urllc,uesimtun0,20232,335,149253230,1622407,,1,1
2025-11-25T16:17:21.357566Z,embb,uesimtun1,9396,115,243290802,176955,,1,1
2025-11-25T16:17:21.357566Z,mmtc,uesimtun2,29798,495,68023470,49974,,1,1
2025-11-25T16:17:21.651826Z,urllc,uesimtun0,20232,335,150310454,1633899,,1,1
2025-11-25T16:17:21.651826Z,embb,uesimtun1,9480,116,250796966,182411,,1,1
2025-11-25T16:17:21.651826Z,mmtc,uesimtun2,29798,495,68682658,50454,,1,1
2025-11-25T16:17:21.908126Z,urllc,uesimtun0,20437,339,151230660,1643903,,1,1
2025-11-25T16:17:21.908126Z,embb,uesimtun1,9564,117,257360654,187183,,1,1
2025-11-25T16:17:21.908126Z,mmtc,uesimtun2,30199,502,68902261,50625,,1,1
2025-11-25T16:17:22.158652Z,urllc,uesimtun0,20521,340,152130312,1653682,,1,1
2025-11-25T16:17:22.158652Z,embb,uesimtun1,9648,118,261011266,189837,,1,1
2025-11-25T16:17:22.158652Z,mmtc,uesimtun2,30472,506,68902992,50632,,1,1
2025-11-25T16:17:22.415396Z,urllc,uesimtun0,20605,341,153053148,1663713,,1,1
2025-11-25T16:17:22.415396Z,embb,uesimtun1,9648,118,270300726,196589,,1,1
2025-11-25T16:17:22.415396Z,mmtc,uesimtun2,30664,509,68903702,50635,,1,1
2025-11-25T16:17:22.780261Z,urllc,uesimtun0,20689,342,154365212,1677975,,1,1
2025-11-25T16:17:22.780261Z,embb,uesimtun1,9648,118,279711274,203429,,1,1
2025-11-25T16:17:22.780261Z,mmtc,uesimtun2,31121,512,68904332,50645,,1,1
2025-11-25T16:17:23.030450Z,urllc,uesimtun0,20857,344,155264672,1687752,,1,1
2025-11-25T16:17:23.030450Z,embb,uesimtun1,9816,120,285939218,207957,,1,1
2025-11-25T16:17:23.030450Z,mmtc,uesimtun2,31697,522,69514767,51100,,1,1
2025-11-25T16:17:23.396061Z,urllc,uesimtun0,21576,358,156580498,1702060,,1,1
2025-11-25T16:17:23.396061Z,embb,uesimtun1,9816,120,295326374,214780,,1,1
2025-11-25T16:17:23.396061Z,mmtc,uesimtun2,31697,522,70717475,51975,,1,1
2025-11-25T16:17:23.760082Z,urllc,uesimtun0,21696,361,157888054,1716273,,1,1
2025-11-25T16:17:23.760082Z,embb,uesimtun1,9984,122,304622798,221538,,1,1
2025-11-25T16:17:23.760082Z,mmtc,uesimtun2,31781,523,71536279,52571,,1,1
2025-11-25T16:17:24.010265Z,urllc,uesimtun0,21941,366,158788648,1726064,,1,1
2025-11-25T16:17:24.010265Z,embb,uesimtun1,10152,124,308102870,224069,,1,1
2025-11-25T16:17:24.010265Z,mmtc,uesimtun2,32009,526,71993564,52909,,1,1
2025-11-25T16:17:24.260267Z,urllc,uesimtun0,22366,373,159689573,1735858,,1,1
2025-11-25T16:17:24.260267Z,embb,uesimtun1,10320,126,315712402,229602,,1,1
2025-11-25T16:17:24.260267Z,mmtc,uesimtun2,32699,539,73594580,54083,,1,1
2025-11-25T16:17:24.605248Z,urllc,uesimtun0,22366,373,160925861,1749296,,1,1
2025-11-25T16:17:24.605248Z,embb,uesimtun1,10320,126,324458342,235959,,1,1
2025-11-25T16:17:24.605248Z,mmtc,uesimtun2,32783,540,74392744,54664,,1,1
2025-11-25T16:17:24.855473Z,urllc,uesimtun0,22366,373,161827729,1759099,,1,1
2025-11-25T16:17:24.855473Z,embb,uesimtun1,10404,127,327875118,238444,,1,1
2025-11-25T16:17:24.855473Z,mmtc,uesimtun2,33124,546,74779737,54950,,1,1
2025-11-25T16:17:25.105422Z,urllc,uesimtun0,22534,375,162726461,1768868,,1,1
2025-11-25T16:17:25.105422Z,embb,uesimtun1,10740,131,334254506,243083,,1,1
2025-11-25T16:17:25.105422Z,mmtc,uesimtun2,33124,546,75610925,55555,,1,1
2025-11-25T16:17:25.355535Z,urllc,uesimtun0,23176,386,163624319,1778630,,1,1
2025-11-25T16:17:25.355535Z,embb,uesimtun1,10824,132,343596254,249873,,1,1
2025-11-25T16:17:25.355535Z,mmtc,uesimtun2,33292,548,77194929,56709,,1,1
2025-11-25T16:17:25.720569Z,urllc,uesimtun0,23176,386,164937671,1792906,,1,1
2025-11-25T16:17:25.720569Z,embb,uesimtun1,10908,133,352833426,256587,,1,1
2025-11-25T16:17:25.720569Z,mmtc,uesimtun2,33633,554,78024934,57316,,1,1
2025-11-25T16:17:25.970755Z,urllc,uesimtun0,23465,391,165836105,1802673,,1,1
2025-11-25T16:17:25.970755Z,embb,uesimtun1,10992,134,356307910,259113,,1,1
2025-11-25T16:17:25.970755Z,mmtc,uesimtun2,33717,555,78458458,57632,,1,1
2025-11-25T16:17:26.220693Z,urllc,uesimtun0,23693,394,166735214,1812447,,1,1
2025-11-25T16:17:26.220693Z,embb,uesimtun1,11244,137,362721698,263777,,1,1
2025-11-25T16:17:26.220693Z,mmtc,uesimtun2,34142,562,79321715,58266,,1,1
2025-11-25T16:17:26.471006Z,urllc,uesimtun0,23777,395,167633675,1822213,,1,1
2025-11-25T16:17:26.471006Z,embb,uesimtun1,11328,138,372049686,270557,,1,1
2025-11-25T16:17:26.471006Z,mmtc,uesimtun2,34226,563,80880807,59400,,1,1
2025-11-25T16:17:26.779730Z,urllc,uesimtun0,23861,396,168744244,1834285,,1,1
2025-11-25T16:17:26.779730Z,embb,uesimtun1,11328,138,377816586,274749,,1,1
2025-11-25T16:17:26.779730Z,mmtc,uesimtun2,34310,564,81244155,59665,,1,1
2025-11-25T16:17:27.030029Z,urllc,uesimtun0,24029,398,169643620,1844061,,1,1
2025-11-25T16:17:27.030029Z,embb,uesimtun1,11412,139,383407358,278813,,1,1
2025-11-25T16:17:27.030029Z,mmtc,uesimtun2,34948,576,81975598,60208,,1,1
2025-11-25T16:17:27.280063Z,urllc,uesimtun0,24611,408,170540551,1853813,,1,1
2025-11-25T16:17:27.280063Z,embb,uesimtun1,11664,142,392703866,285572,,1,1
2025-11-25T16:17:27.280063Z,mmtc,uesimtun2,35153,580,83554260,61361,,1,1
2025-11-25T16:17:27.563107Z,urllc,uesimtun0,24611,408,171398719,1863141,,1,1
2025-11-25T16:17:27.563107Z,embb,uesimtun1,11664,142,399918318,290816,,1,1
2025-11-25T16:17:27.563107Z,mmtc,uesimtun2,35237,581,84490024,62042,,1,1
2025-11-25T16:17:27.927240Z,urllc,uesimtun0,24779,410,172703723,1877326,,1,1
2025-11-25T16:17:27.927240Z,embb,uesimtun1,11664,142,406502562,295602,,1,1
2025-11-25T16:17:27.927240Z,mmtc,uesimtun2,35454,585,84989909,62411,,1,1
2025-11-25T16:17:28.177489Z,urllc,uesimtun0,24947,412,173607883,1887154,,1,1
2025-11-25T16:17:28.177489Z,embb,uesimtun1,11832,144,412704362,300111,,1,1
2025-11-25T16:17:28.177489Z,mmtc,uesimtun2,36774,609,85770094,62998,,1,1
2025-11-25T16:17:28.427776Z,urllc,uesimtun0,25288,418,174505772,1896915,,1,1
2025-11-25T16:17:28.427776Z,embb,uesimtun1,12000,146,422003538,306871,,1,1
2025-11-25T16:17:28.427776Z,mmtc,uesimtun2,36858,610,87359458,64154,,1,1
2025-11-25T16:17:28.789853Z,urllc,uesimtun0,25372,419,175808300,1911073,,1,1
2025-11-25T16:17:28.789853Z,embb,uesimtun1,12000,146,431231126,313579,,1,1
2025-11-25T16:17:28.789853Z,mmtc,uesimtun2,37147,615,88170444,64751,,1,1
2025-11-25T16:17:29.040011Z,urllc,uesimtun0,26271,437,176706991,1920847,,1,1
2025-11-25T16:17:29.040011Z,embb,uesimtun1,12168,148,434687806,316093,,1,1
2025-11-25T16:17:29.040011Z,mmtc,uesimtun2,37395,619,88609616,65073,,1,1
2025-11-25T16:17:29.290447Z,urllc,uesimtun0,26439,439,177602311,1930579,,1,1
2025-11-25T16:17:29.290447Z,embb,uesimtun1,12420,151,443637562,322600,,1,1
2025-11-25T16:17:29.290447Z,mmtc,uesimtun2,38301,635,90206580,66245,,1,1
2025-11-25T16:17:29.656954Z,urllc,uesimtun0,26439,439,178869111,1944349,,1,1
2025-11-25T16:17:29.656954Z,embb,uesimtun1,12504,152,452393134,328964,,1,1
2025-11-25T16:17:29.656954Z,mmtc,uesimtun2,38301,635,91167172,66945,,1,1
2025-11-25T16:17:29.934684Z,urllc,uesimtun0,26523,440,179867763,1955204,,1,1
2025-11-25T16:17:29.934684Z,embb,uesimtun1,12588,153,457114274,332396,,1,1
2025-11-25T16:17:29.934684Z,mmtc,uesimtun2,38529,638,91567957,67241,,1,1
2025-11-25T16:17:30.184948Z,urllc,uesimtun0,26691,442,180766731,1964976,,1,1
2025-11-25T16:17:30.184948Z,embb,uesimtun1,12756,155,468598538,340744,,1,1
2025-11-25T16:17:30.184948Z,mmtc,uesimtun2,39913,659,92041236,67602,,1,1
2025-11-25T16:17:30.636056Z,urllc,uesimtun0,26775,443,182387999,1982599,,1,1
2025-11-25T16:17:30.636056Z,embb,uesimtun1,12756,155,477965054,347552,,1,1
2025-11-25T16:17:30.636056Z,mmtc,uesimtun2,39913,659,92041320,67603,,1,1
2025-11-25T16:17:30.904593Z,urllc,uesimtun0,26835,444,183351432,1993072,,1,1
2025-11-25T16:17:30.904593Z,embb,uesimtun1,12840,156,484801190,352522,,1,1
2025-11-25T16:17:30.904593Z,mmtc,uesimtun2,39997,660,92041404,67604,,1,1
2025-11-25T16:17:31.154735Z,urllc,uesimtun0,27064,448,184253397,2002877,,1,1
2025-11-25T16:17:31.154735Z,embb,uesimtun1,12924,157,488476654,355195,,1,1
2025-11-25T16:17:31.154735Z,mmtc,uesimtun2,40309,664,92041857,67610,,1,1
2025-11-25T16:17:31.413786Z,urllc,uesimtun0,27316,451,185182541,2012977,,1,1
2025-11-25T16:17:31.413786Z,embb,uesimtun1,13008,158,497843254,362004,,1,1
2025-11-25T16:17:31.413786Z,mmtc,uesimtun2,40309,664,92042030,67612,,1,1
2025-11-25T16:17:31.745661Z,urllc,uesimtun0,27460,453,186378642,2025979,,1,1
2025-11-25T16:17:31.745661Z,embb,uesimtun1,13008,158,503279914,365956,,1,1
2025-11-25T16:17:31.745661Z,mmtc,uesimtun2,40393,665,92042114,67613,,1,1
2025-11-25T16:17:31.995894Z,urllc,uesimtun0,27689,457,187277211,2035747,,1,1
2025-11-25T16:17:31.995894Z,embb,uesimtun1,13092,159,509685362,370613,,1,1
2025-11-25T16:17:31.995894Z,mmtc,uesimtun2,40771,672,92042597,67619,,1,1
2025-11-25T16:17:32.245977Z,urllc,uesimtun0,28070,464,188176409,2045523,,1,1
2025-11-25T16:17:32.245977Z,embb,uesimtun1,13260,161,519892698,378033,,1,1
2025-11-25T16:17:32.245977Z,mmtc,uesimtun2,42449,705,93400114,68638,,1,1
2025-11-25T16:17:32.646654Z,urllc,uesimtun0,28070,464,189504789,2059962,,1,1
2025-11-25T16:17:32.646654Z,embb,uesimtun1,13260,161,528668910,384412,,1,1
2025-11-25T16:17:32.646654Z,mmtc,uesimtun2,42449,705,94203782,69223,,1,1
2025-11-25T16:17:32.896779Z,urllc,uesimtun0,28154,465,190403405,2069730,,1,1
2025-11-25T16:17:32.896779Z,embb,uesimtun1,13344,162,535689346,389515,,1,1
2025-11-25T16:17:32.896779Z,mmtc,uesimtun2,42738,710,94795936,69660,,1,1
2025-11-25T16:17:33.146808Z,urllc,uesimtun0,28411,470,191301694,2079495,,1,1
2025-11-25T16:17:33.146808Z,embb,uesimtun1,13512,164,539115754,392007,,1,1
2025-11-25T16:17:33.146808Z,mmtc,uesimtun2,43103,716,95167765,69934,,1,1
2025-11-25T16:17:33.396859Z,urllc,uesimtun0,28780,477,192200648,2089268,,1,1
2025-11-25T16:17:33.396859Z,embb,uesimtun1,13680,166,548424646,398775,,1,1
2025-11-25T16:17:33.396859Z,mmtc,uesimtun2,43187,717,96508157,70910,,1,1
2025-11-25T16:17:33.761496Z,urllc,uesimtun0,28780,477,193512284,2103525,,1,1
2025-11-25T16:17:33.761496Z,embb,uesimtun1,13680,166,554776346,403392,,1,1
2025-11-25T16:17:33.761496Z,mmtc,uesimtun2,43187,717,96883889,71184,,1,1
2025-11-25T16:17:34.011827Z,urllc,uesimtun0,28864,478,194411108,2113295,,1,1
2025-11-25T16:17:34.011827Z,embb,uesimtun1,13848,168,564116886,410183,,1,1
2025-11-25T16:17:34.011827Z,mmtc,uesimtun2,44070,734,97905829,71941,,1,1
2025-11-25T16:17:34.262194Z,urllc,uesimtun0,29032,480,195309924,2123065,,1,1
2025-11-25T16:17:34.262194Z,embb,uesimtun1,13932,169,570278782,414663,,1,1
2025-11-25T16:17:34.262194Z,mmtc,uesimtun2,44070,734,98928281,72685,,1,1
2025-11-25T16:17:34.630067Z,urllc,uesimtun0,29116,481,196529520,2136322,,1,1
2025-11-25T16:17:34.630067Z,embb,uesimtun1,13932,169,579665938,421486,,1,1
2025-11-25T16:17:34.630067Z,mmtc,uesimtun2,44154,735,99692045,73241,,1,1
2025-11-25T16:17:34.881445Z,urllc,uesimtun0,29116,481,197431756,2146129,,1,1
2025-11-25T16:17:34.881445Z,embb,uesimtun1,14016,170,583491302,424267,,1,1
2025-11-25T16:17:34.881445Z,mmtc,uesimtun2,44238,736,100367745,73733,,1,1
2025-11-25T16:17:35.145392Z,urllc,uesimtun0,29284,483,198388716,2156531,,1,1
2025-11-25T16:17:35.145392Z,embb,uesimtun1,14100,171,589873358,428907,,1,1
2025-11-25T16:17:35.145392Z,mmtc,uesimtun2,44495,741,100746542,74014,,1,1
2025-11-25T16:17:35.395620Z,urllc,uesimtun0,29368,484,199290268,2166331,,1,1
2025-11-25T16:17:35.395620Z,embb,uesimtun1,14184,172,599189046,435679,,1,1
2025-11-25T16:17:35.395620Z,mmtc,uesimtun2,44579,742,102082722,74986,,1,1
2025-11-25T16:17:35.760332Z,urllc,uesimtun0,29452,485,200598040,2180546,,1,1
2025-11-25T16:17:35.760332Z,embb,uesimtun1,14184,172,607417610,441660,,1,1
2025-11-25T16:17:35.760332Z,mmtc,uesimtun2,44579,742,102666230,75411,,1,1
2025-11-25T16:17:36.010520Z,urllc,uesimtun0,29536,486,201496412,2190311,,1,1
2025-11-25T16:17:36.010520Z,embb,uesimtun1,14268,173,612003902,444994,,1,1
2025-11-25T16:17:36.010520Z,mmtc,uesimtun2,45004,749,103167515,75781,,1,1
2025-11-25T16:17:36.260455Z,urllc,uesimtun0,29788,489,202394860,2200077,,1,1
2025-11-25T16:17:36.260455Z,embb,uesimtun1,14352,174,621486002,451886,,1,1
2025-11-25T16:17:36.260455Z,mmtc,uesimtun2,45429,756,104526132,76775,,1,1
2025-11-25T16:17:36.636694Z,urllc,uesimtun0,29872,490,203744368,2214746,,1,1
2025-11-25T16:17:36.636694Z,embb,uesimtun1,14520,176,630760410,458628,,1,1
2025-11-25T16:17:36.636694Z,mmtc,uesimtun2,45429,756,105431624,77434,,1,1
2025-11-25T16:17:36.904057Z,urllc,uesimtun0,29956,491,204704288,2225180,,1,1
2025-11-25T16:17:36.904057Z,embb,uesimtun1,14604,177,635784270,462280,,1,1
2025-11-25T16:17:36.904057Z,mmtc,uesimtun2,45597,758,105784048,77692,,1,1
2025-11-25T16:17:37.154309Z,urllc,uesimtun0,30124,493,205606424,2234986,,1,1
2025-11-25T16:17:37.154309Z,embb,uesimtun1,14688,178,641141122,466174,,1,1
2025-11-25T16:17:37.154309Z,mmtc,uesimtun2,45885,762,106668094,78343,,1,1
2025-11-25T16:17:37.406946Z,urllc,uesimtun0,30208,494,206512492,2244835,,1,1
2025-11-25T16:17:37.406946Z,embb,uesimtun1,14688,178,650509098,472984,,1,1
2025-11-25T16:17:37.406946Z,mmtc,uesimtun2,46082,766,107692233,79093,,1,1
2025-11-25T16:17:37.771183Z,urllc,uesimtun0,30208,494,207820540,2259053,,1,1
2025-11-25T16:17:37.771183Z,embb,uesimtun1,14688,178,656915838,477641,,1,1
2025-11-25T16:17:37.771183Z,mmtc,uesimtun2,46122,767,108078973,79375,,1,1
2025-11-25T16:17:38.021424Z,urllc,uesimtun0,30292,495,208719372,2268823,,1,1
2025-11-25T16:17:38.021424Z,embb,uesimtun1,14856,180,666192998,484385,,1,1
2025-11-25T16:17:38.021424Z,mmtc,uesimtun2,46997,784,109089937,80124,,1,1
2025-11-25T16:17:38.272054Z,urllc,uesimtun0,30292,495,209622128,2278636,,1,1
2025-11-25T16:17:38.272054Z,embb,uesimtun1,15024,182,670081742,487213,,1,1
2025-11-25T16:17:38.272054Z,mmtc,uesimtun2,47081,785,110193657,80928,,1,1
2025-11-25T16:17:38.668121Z,urllc,uesimtun0,30352,496,211044809,2294101,,1,1
2025-11-25T16:17:38.668121Z,embb,uesimtun1,15024,182,680844814,495035,,1,1
2025-11-25T16:17:38.668121Z,mmtc,uesimtun2,47165,786,111211981,81669,,1,1
2025-11-25T16:17:39.033510Z,urllc,uesimtun0,30593,500,212360085,2308398,,1,1
2025-11-25T16:17:39.033510Z,embb,uesimtun1,15276,185,690156458,501805,,1,1
2025-11-25T16:17:39.033510Z,mmtc,uesimtun2,48004,802,111566732,81940,,1,1
2025-11-25T16:17:39.283683Z,urllc,uesimtun0,30990,508,213198328,2317512,,1,1
2025-11-25T16:17:39.283683Z,embb,uesimtun1,15360,186,696543934,506448,,1,1
2025-11-25T16:17:39.283683Z,mmtc,uesimtun2,48672,808,111567305,81949,,1,1
2025-11-25T16:17:39.651855Z,urllc,uesimtun0,30990,508,214532918,2332019,,1,1
2025-11-25T16:17:39.651855Z,embb,uesimtun1,15360,186,705954482,513288,,1,1
2025-11-25T16:17:39.651855Z,mmtc,uesimtun2,48672,808,111567389,81950,,1,1
2025-11-25T16:17:39.902142Z,urllc,uesimtun0,31074,509,215431318,2341785,,1,1
2025-11-25T16:17:39.902142Z,embb,uesimtun1,15444,187,712358470,517943,,1,1
2025-11-25T16:17:39.902142Z,mmtc,uesimtun2,49110,816,111568034,81959,,1,1
2025-11-25T16:17:40.153527Z,urllc,uesimtun0,31271,513,216337191,2351632,,1,1
2025-11-25T16:17:40.153527Z,embb,uesimtun1,15612,189,715961006,520563,,1,1
2025-11-25T16:17:40.153527Z,mmtc,uesimtun2,49581,825,111573006,81975,,1,1
2025-11-25T16:17:40.500127Z,urllc,uesimtun0,31439,515,217580975,2365152,,1,1
2025-11-25T16:17:40.500127Z,embb,uesimtun1,15696,190,727618646,529037,,1,1
2025-11-25T16:17:40.500127Z,mmtc,uesimtun2,49822,829,111578908,81984,,1,1
2025-11-25T16:17:40.869724Z,urllc,uesimtun0,31439,515,218909743,2379596,,1,1
2025-11-25T16:17:40.869724Z,embb,uesimtun1,15864,192,737056798,535898,,1,1
2025-11-25T16:17:40.869724Z,mmtc,uesimtun2,50059,834,111583314,81991,,1,1
2025-11-25T16:17:41.119877Z,urllc,uesimtun0,32269,530,219811432,2389401,,1,1
2025-11-25T16:17:41.119877Z,embb,uesimtun1,15948,193,740516146,538413,,1,1
2025-11-25T16:17:41.119877Z,mmtc,uesimtun2,50143,835,111584774,81993,,1,1
2025-11-25T16:17:41.370000Z,urllc,uesimtun0,32690,538,220709785,2399168,,1,1
2025-11-25T16:17:41.370000Z,embb,uesimtun1,16116,195,749794766,545159,,1,1
2025-11-25T16:17:41.370000Z,mmtc,uesimtun2,50524,842,111592128,82005,,1,1
2025-11-25T16:17:41.734517Z,urllc,uesimtun0,32991,543,222021557,2413429,,1,1
2025-11-25T16:17:41.734517Z,embb,uesimtun1,16116,195,759088354,551914,,1,1
2025-11-25T16:17:41.734517Z,mmtc,uesimtun2,50608,843,111594964,82008,,1,1
2025-11-25T16:17:41.984623Z,urllc,uesimtun0,33625,556,222921904,2423219,,1,1
2025-11-25T16:17:41.984623Z,embb,uesimtun1,16284,197,762630346,554490,,1,1
2025-11-25T16:17:41.984623Z,mmtc,uesimtun2,50776,845,111597884,82012,,1,1
2025-11-25T16:17:42.234764Z,urllc,uesimtun0,34512,573,223821257,2432999,,1,1
2025-11-25T16:17:42.234764Z,embb,uesimtun1,16452,199,771874482,561210,,1,1
2025-11-25T16:17:42.234764Z,mmtc,uesimtun2,51269,854,111603914,82024,,1,1
2025-11-25T16:17:42.599009Z,urllc,uesimtun0,34596,574,225129481,2447219,,1,1
2025-11-25T16:17:42.599009Z,embb,uesimtun1,16452,199,781144678,567948,,1,1
2025-11-25T16:17:42.599009Z,mmtc,uesimtun2,51329,855,111608411,82032,,1,1
2025-11-25T16:17:42.849226Z,urllc,uesimtun0,34813,578,226028947,2456998,,1,1
2025-11-25T16:17:42.849226Z,embb,uesimtun1,16536,200,787544538,572600,,1,1
2025-11-25T16:17:42.849226Z,mmtc,uesimtun2,51714,861,111611644,82041,,1,1
2025-11-25T16:17:43.099521Z,urllc,uesimtun0,35070,583,226930332,2466797,,1,1
2025-11-25T16:17:43.099521Z,embb,uesimtun1,16620,201,791042414,575143,,1,1
2025-11-25T16:17:43.099521Z,mmtc,uesimtun2,51983,866,111614690,82048,,1,1
2025-11-25T16:17:43.364808Z,urllc,uesimtun0,35322,586,227884224,2477166,,1,1
2025-11-25T16:17:43.364808Z,embb,uesimtun1,16788,203,800714486,582174,,1,1
2025-11-25T16:17:43.364808Z,mmtc,uesimtun2,52256,870,111615358,82054,,1,1
2025-11-25T16:17:43.669908Z,urllc,uesimtun0,35322,586,228979844,2489075,,1,1
2025-11-25T16:17:43.669908Z,embb,uesimtun1,16872,204,808469706,587811,,1,1
2025-11-25T16:17:43.669908Z,mmtc,uesimtun2,52532,874,111615970,82059,,1,1
2025-11-25T16:17:43.919989Z,urllc,uesimtun0,35406,587,229877748,2498835,,1,1
2025-11-25T16:17:43.919989Z,embb,uesimtun1,16956,205,811942898,590337,,1,1
2025-11-25T16:17:43.919989Z,mmtc,uesimtun2,52616,875,111616054,82060,,1,1
2025-11-25T16:17:44.170104Z,urllc,uesimtun0,35490,588,230776304,2508602,,1,1
2025-11-25T16:17:44.170104Z,embb,uesimtun1,17040,206,821262714,597112,,1,1
2025-11-25T16:17:44.170104Z,mmtc,uesimtun2,53743,890,111617418,82080,,1,1
2025-11-25T16:17:44.535328Z,urllc,uesimtun0,35574,589,232088452,2522865,,1,1
2025-11-25T16:17:44.535328Z,embb,uesimtun1,17040,206,830564642,603874,,1,1
2025-11-25T16:17:44.535328Z,mmtc,uesimtun2,54006,894,111619002,82084,,1,1
2025-11-25T16:17:44.812251Z,urllc,uesimtun0,35574,589,233084436,2533691,,1,1
2025-11-25T16:17:44.812251Z,embb,uesimtun1,17124,207,834670710,606859,,1,1
2025-11-25T16:17:44.812251Z,mmtc,uesimtun2,54090,895,111619086,82085,,1,1
2025-11-25T16:17:45.062597Z,urllc,uesimtun0,35742,591,233985836,2543489,,1,1
2025-11-25T16:17:45.062597Z,embb,uesimtun1,17376,210,841029458,611483,,1,1
2025-11-25T16:17:45.062597Z,mmtc,uesimtun2,54543,903,111623688,82095,,1,1
2025-11-25T16:17:45.364978Z,urllc,uesimtun0,35826,592,234953352,2554006,,1,1
2025-11-25T16:17:45.364978Z,embb,uesimtun1,17544,212,851730778,619262,,1,1
2025-11-25T16:17:45.364978Z,mmtc,uesimtun2,54855,907,111631081,82107,,1,1
2025-11-25T16:17:45.728921Z,urllc,uesimtun0,35826,592,236379712,2569510,,1,1
2025-11-25T16:17:45.728921Z,embb,uesimtun1,17544,212,858181634,623952,,1,1
2025-11-25T16:17:45.728921Z,mmtc,uesimtun2,54855,907,111633917,82110,,1,1
2025-11-25T16:17:45.979144Z,urllc,uesimtun0,35910,593,237278728,2579282,,1,1
2025-11-25T16:17:45.979144Z,embb,uesimtun1,17796,215,867425854,630673,,1,1
2025-11-25T16:17:45.979144Z,mmtc,uesimtun2,55107,910,111639709,82118,,1,1
2025-11-25T16:17:46.229047Z,urllc,uesimtun0,36078,595,238177512,2589052,,1,1
2025-11-25T16:17:46.229047Z,embb,uesimtun1,17964,217,870860518,633171,,1,1
2025-11-25T16:17:46.229047Z,mmtc,uesimtun2,55476,917,111641415,82124,,1,1
2025-11-25T16:17:46.479056Z,urllc,uesimtun0,36507,603,238830202,2596149,,1,1
2025-11-25T16:17:46.479056Z,embb,uesimtun1,18048,218,880174830,639942,,1,1
2025-11-25T16:17:46.479056Z,mmtc,uesimtun2,55777,922,111648716,82135,,1,1
2025-11-25T16:17:46.788651Z,urllc,uesimtun0,36591,604,239940142,2608214,,1,1
2025-11-25T16:17:46.788651Z,embb,uesimtun1,18048,218,886005026,644180,,1,1
2025-11-25T16:17:46.788651Z,mmtc,uesimtun2,55861,923,111651552,82138,,1,1
2025-11-25T16:17:47.039075Z,urllc,uesimtun0,37157,615,240841345,2618012,,1,1
2025-11-25T16:17:47.039075Z,embb,uesimtun1,18132,219,891543510,648206,,1,1
2025-11-25T16:17:47.039075Z,mmtc,uesimtun2,56475,935,111655084,82152,,1,1
2025-11-25T16:17:47.289388Z,urllc,uesimtun0,37578,623,241743931,2627825,,1,1
2025-11-25T16:17:47.289388Z,embb,uesimtun1,18216,220,900856446,654976,,1,1
2025-11-25T16:17:47.289388Z,mmtc,uesimtun2,57293,951,111662712,82169,,1,1
2025-11-25T16:17:47.660585Z,urllc,uesimtun0,37578,623,243077339,2642319,,1,1
2025-11-25T16:17:47.660585Z,embb,uesimtun1,18300,221,910364690,661887,,1,1
2025-11-25T16:17:47.660585Z,mmtc,uesimtun2,57377,952,111668360,82175,,1,1
2025-11-25T16:17:48.030868Z,urllc,uesimtun0,37879,628,244408493,2656790,,1,1
2025-11-25T16:17:48.030868Z,embb,uesimtun1,18384,222,917005350,666714,,1,1
2025-11-25T16:17:48.030868Z,mmtc,uesimtun2,57461,953,111669820,82177,,1,1
2025-11-25T16:17:48.281029Z,urllc,uesimtun0,38047,630,245307133,2666558,,1,1
2025-11-25T16:17:48.281029Z,embb,uesimtun1,18468,223,926165550,673373,,1,1
2025-11-25T16:17:48.281029Z,mmtc,uesimtun2,57461,953,111676868,82184,,1,1
2025-11-25T16:17:48.648873Z,urllc,uesimtun0,38047,630,246628881,2680925,,1,1
2025-11-25T16:17:48.648873Z,embb,uesimtun1,18552,224,935559586,680201,,1,1
2025-11-25T16:17:48.648873Z,mmtc,uesimtun2,57521,954,111681281,82191,,1,1
2025-11-25T16:17:48.899051Z,urllc,uesimtun0,38215,632,247527713,2690695,,1,1
2025-11-25T16:17:48.899051Z,embb,uesimtun1,18636,225,939111126,682783,,1,1
2025-11-25T16:17:48.899051Z,mmtc,uesimtun2,57830,960,111682846,82195,,1,1
2025-11-25T16:17:49.149022Z,urllc,uesimtun0,38467,635,248426621,2700466,,1,1
2025-11-25T16:17:49.149022Z,embb,uesimtun1,18804,227,948312606,689472,,1,1
2025-11-25T16:17:49.149022Z,mmtc,uesimtun2,58283,968,111690284,82208,,1,1
2025-11-25T16:17:49.519112Z,urllc,uesimtun0,38724,640,249674478,2714031,,1,1
2025-11-25T16:17:49.519112Z,embb,uesimtun1,18804,227,957782406,696356,,1,1
2025-11-25T16:17:49.519112Z,mmtc,uesimtun2,58283,968,111694580,82213,,1,1
2025-11-25T16:17:49.816095Z,urllc,uesimtun0,38808,641,250742490,2725640,,1,1
2025-11-25T16:17:49.816095Z,embb,uesimtun1,18888,228,962682426,699918,,1,1
2025-11-25T16:17:49.816095Z,mmtc,uesimtun2,58996,971,111696201,82218,,1,1
2025-11-25T16:17:50.066650Z,urllc,uesimtun0,38892,642,251643438,2735433,,1,1
2025-11-25T16:17:50.066650Z,embb,uesimtun1,18972,229,968816718,704377,,1,1
2025-11-25T16:17:50.066650Z,mmtc,uesimtun2,59745,979,111696938,82226,,1,1
2025-11-25T16:17:50.316420Z,urllc,uesimtun0,39317,649,252539295,2745172,,1,1
2025-11-25T16:17:50.316420Z,embb,uesimtun1,19224,232,978102386,711130,,1,1
2025-11-25T16:17:50.316420Z,mmtc,uesimtun2,59997,982,111697190,82229,,1,1
2025-11-25T16:17:50.684413Z,urllc,uesimtun0,39317,649,253863987,2759571,,1,1
2025-11-25T16:17:50.684413Z,embb,uesimtun1,19476,235,987496422,717958,,1,1
2025-11-25T16:17:50.684413Z,mmtc,uesimtun2,60081,983,111697358,82231,,1,1
2025-11-25T16:17:50.934724Z,urllc,uesimtun0,39401,650,254762819,2769341,,1,1
2025-11-25T16:17:50.934724Z,embb,uesimtun1,19560,236,990957146,720474,,1,1
2025-11-25T16:17:50.934724Z,mmtc,uesimtun2,60249,985,111697526,82233,,1,1
2025-11-25T16:17:51.184604Z,urllc,uesimtun0,39485,651,255661559,2779110,,1,1
2025-11-25T16:17:51.184604Z,embb,uesimtun1,19728,238,1000248066,727228,,1,1
2025-11-25T16:17:51.184604Z,mmtc,uesimtun2,60453,988,111698156,82242,,1,1
2025-11-25T16:17:51.548477Z,urllc,uesimtun0,39569,652,256878695,2792340,,1,1
2025-11-25T16:17:51.548477Z,embb,uesimtun1,19728,238,1009534858,733979,,1,1
2025-11-25T16:17:51.548477Z,mmtc,uesimtun2,60453,988,111698502,82246,,1,1
2025-11-25T16:17:51.871058Z,urllc,uesimtun0,39653,653,258039267,2804955,,1,1
2025-11-25T16:17:51.871058Z,embb,uesimtun1,19728,238,1016099922,738752,,1,1
2025-11-25T16:17:51.871058Z,mmtc,uesimtun2,60589,990,111698764,82249,,1,1
2025-11-25T16:17:52.121292Z,urllc,uesimtun0,40034,660,258939049,2814737,,1,1
2025-11-25T16:17:52.121292Z,embb,uesimtun1,19896,240,1021273766,742513,,1,1
2025-11-25T16:17:52.121292Z,mmtc,uesimtun2,60897,995,111699250,82256,,1,1
2025-11-25T16:17:52.371202Z,urllc,uesimtun0,40543,668,259837474,2824504,,1,1
2025-11-25T16:17:52.371202Z,embb,uesimtun1,20064,242,1030563310,749266,,1,1
2025-11-25T16:17:52.371202Z,mmtc,uesimtun2,60897,995,111699334,82257,,1,1
2025-11-25T16:17:52.737309Z,urllc,uesimtun0,40627,669,261152498,2838798,,1,1
2025-11-25T16:17:52.737309Z,embb,uesimtun1,20064,242,1039880290,756038,,1,1
2025-11-25T16:17:52.737309Z,mmtc,uesimtun2,61848,1013,111815746,82353,,1,1
2025-11-25T16:17:52.987763Z,urllc,uesimtun0,41181,680,262054117,2848602,,1,1
2025-11-25T16:17:52.987763Z,embb,uesimtun1,20232,244,1043353482,758564,,1,1
2025-11-25T16:17:52.987763Z,mmtc,uesimtun2,61932,1014,112312626,82716,,1,1
2025-11-25T16:17:53.237500Z,urllc,uesimtun0,41349,682,262954689,2858391,,1,1
2025-11-25T16:17:53.237500Z,embb,uesimtun1,20400,246,1049687378,763169,,1,1
2025-11-25T16:17:53.237500Z,mmtc,uesimtun2,62301,1021,113294272,83437,,1,1
2025-11-25T16:17:53.487488Z,urllc,uesimtun0,41433,683,263849641,2868119,,1,1
2025-11-25T16:17:53.487488Z,embb,uesimtun1,20484,247,1057697158,768991,,1,1
2025-11-25T16:17:53.487488Z,mmtc,uesimtun2,62385,1022,115168468,84800,,1,1
2025-11-25T16:17:53.787086Z,urllc,uesimtun0,41517,684,264928701,2879848,,1,1
2025-11-25T16:17:53.787086Z,embb,uesimtun1,20568,248,1065323118,774535,,1,1
2025-11-25T16:17:53.787086Z,mmtc,uesimtun2,62529,1024,115881521,85322,,1,1
2025-11-25T16:17:54.037203Z,urllc,uesimtun0,42212,698,265826703,2889614,,1,1
2025-11-25T16:17:54.037203Z,embb,uesimtun1,20652,249,1068709538,776997,,1,1
2025-11-25T16:17:54.037203Z,mmtc,uesimtun2,62858,1030,116386963,85696,,1,1
2025-11-25T16:17:54.287568Z,urllc,uesimtun0,42336,700,266656443,2898633,,1,1
2025-11-25T16:17:54.287568Z,embb,uesimtun1,20736,250,1078065046,783797,,1,1
2025-11-25T16:17:54.287568Z,mmtc,uesimtun2,63440,1041,118267957,87082,,1,1
2025-11-25T16:17:54.651428Z,urllc,uesimtun0,42336,700,267930359,2912480,,1,1
2025-11-25T16:17:54.651428Z,embb,uesimtun1,20736,250,1085553322,789240,,1,1
2025-11-25T16:17:54.651428Z,mmtc,uesimtun2,63677,1046,119418571,87922,,1,1
2025-11-25T16:17:54.916398Z,urllc,uesimtun0,43098,714,268884074,2922850,,1,1
2025-11-25T16:17:54.916398Z,embb,uesimtun1,20820,251,1091196466,793343,,1,1
2025-11-25T16:17:54.916398Z,mmtc,uesimtun2,63926,1050,119824933,88224,,1,1
2025-11-25T16:17:55.166481Z,urllc,uesimtun0,43182,715,269785850,2932652,,1,1
2025-11-25T16:17:55.166481Z,embb,uesimtun1,20904,252,1097524774,797943,,1,1
2025-11-25T16:17:55.166481Z,mmtc,uesimtun2,65009,1073,120782135,88933,,1,1
2025-11-25T16:17:55.416480Z,urllc,uesimtun0,43266,716,270684582,2942421,,1,1
2025-11-25T16:17:55.416480Z,embb,uesimtun1,21156,255,1106885954,804749,,1,1
2025-11-25T16:17:55.416480Z,mmtc,uesimtun2,65177,1075,122662003,90302,,1,1
2025-11-25T16:17:55.715654Z,urllc,uesimtun0,43350,717,271759594,2954106,,1,1
2025-11-25T16:17:55.715654Z,embb,uesimtun1,21156,255,1111587830,808167,,1,1
2025-11-25T16:17:55.715654Z,mmtc,uesimtun2,65261,1076,122926279,90495,,1,1
2025-11-25T16:17:55.965813Z,urllc,uesimtun0,43763,724,272659053,2963885,,1,1
2025-11-25T16:17:55.965813Z,embb,uesimtun1,21324,257,1118038686,812857,,1,1
2025-11-25T16:17:55.965813Z,mmtc,uesimtun2,65261,1076,123923963,91221,,1,1
2025-11-25T16:17:56.215851Z,urllc,uesimtun0,43847,725,273557149,2973647,,1,1
2025-11-25T16:17:56.215851Z,embb,uesimtun1,21408,258,1124376626,817464,,1,1
2025-11-25T16:17:56.215851Z,mmtc,uesimtun2,65261,1076,124888623,91923,,1,1
2025-11-25T16:17:56.466325Z,urllc,uesimtun0,43931,726,274455421,2983411,,1,1
2025-11-25T16:17:56.466325Z,embb,uesimtun1,21576,260,1133338682,823979,,1,1
2025-11-25T16:17:56.466325Z,mmtc,uesimtun2,65345,1077,126750663,93280,,1,1
2025-11-25T16:17:56.830864Z,urllc,uesimtun0,43931,726,275767141,2997669,,1,1
2025-11-25T16:17:56.830864Z,embb,uesimtun1,21660,261,1141856206,830170,,1,1
2025-11-25T16:17:56.830864Z,mmtc,uesimtun2,65429,1078,127606703,93904,,1,1
2025-11-25T16:17:57.081147Z,urllc,uesimtun0,44099,728,276666401,3007444,,1,1
2025-11-25T16:17:57.081147Z,embb,uesimtun1,21744,262,1146326914,833420,,1,1
2025-11-25T16:17:57.081147Z,mmtc,uesimtun2,65573,1080,128304620,94415,,1,1
2025-11-25T16:17:57.331496Z,urllc,uesimtun0,44183,729,277567157,3017235,,1,1
2025-11-25T16:17:57.331496Z,embb,uesimtun1,21828,263,1155238142,839899,,1,1
2025-11-25T16:17:57.331496Z,mmtc,uesimtun2,65998,1087,130113254,95737,,1,1
2025-11-25T16:17:57.695173Z,urllc,uesimtun0,44183,729,278872445,3031423,,1,1
2025-11-25T16:17:57.695173Z,embb,uesimtun1,21828,263,1164528978,846652,,1,1
2025-11-25T16:17:57.695173Z,mmtc,uesimtun2,66279,1092,131078055,96441,,1,1
2025-11-25T16:17:57.945365Z,urllc,uesimtun0,44729,739,279771888,3041203,,1,1
2025-11-25T16:17:57.945365Z,embb,uesimtun1,21912,264,1167975942,849158,,1,1
2025-11-25T16:17:57.945365Z,mmtc,uesimtun2,66961,1104,131600233,96830,,1,1
2025-11-25T16:17:58.195476Z,urllc,uesimtun0,44813,740,280673848,3051007,,1,1
2025-11-25T16:17:58.195476Z,embb,uesimtun1,21996,265,1174359290,853798,,1,1
2025-11-25T16:17:58.195476Z,mmtc,uesimtun2,67045,1105,132581405,97544,,1,1
2025-11-25T16:17:58.445488Z,urllc,uesimtun0,44981,742,281571752,3060767,,1,1
2025-11-25T16:17:58.445488Z,embb,uesimtun1,22080,266,1183669558,860567,,1,1
2025-11-25T16:17:58.445488Z,mmtc,uesimtun2,67129,1106,134448781,98903,,1,1
2025-11-25T16:17:58.809119Z,urllc,uesimtun0,44981,742,282877400,3074959,,1,1
2025-11-25T16:17:58.809119Z,embb,uesimtun1,22332,269,1192959102,867320,,1,1
2025-11-25T16:17:58.809119Z,mmtc,uesimtun2,68012,1123,135418405,99621,,1,1
2025-11-25T16:17:59.059304Z,urllc,uesimtun0,45362,749,283776078,3084729,,1,1
2025-11-25T16:17:59.059304Z,embb,uesimtun1,22416,270,1196379922,869807,,1,1
2025-11-25T16:17:59.059304Z,mmtc,uesimtun2,68096,1124,135944121,100004,,1,1
2025-11-25T16:17:59.309625Z,urllc,uesimtun0,45530,751,284677354,3094526,,1,1
2025-11-25T16:17:59.309625Z,embb,uesimtun1,22584,272,1205723130,876599,,1,1
2025-11-25T16:17:59.309625Z,mmtc,uesimtun2,68264,1126,137815733,101367,,1,1
2025-11-25T16:17:59.674176Z,urllc,uesimtun0,45530,751,285986866,3108760,,1,1
2025-11-25T16:17:59.674176Z,embb,uesimtun1,22668,273,1215030562,883365,,1,1
2025-11-25T16:17:59.674176Z,mmtc,uesimtun2,68348,1127,138849193,102119,,1,1
2025-11-25T16:17:59.924350Z,urllc,uesimtun0,45698,753,286885146,3118524,,1,1
2025-11-25T16:17:59.924350Z,embb,uesimtun1,22836,275,1218711530,886042,,1,1
2025-11-25T16:17:59.924350Z,mmtc,uesimtun2,68516,1129,139364045,102496,,1,1
2025-11-25T16:18:00.174486Z,urllc,uesimtun0,46296,764,287787612,3128336,,1,1
2025-11-25T16:18:00.174486Z,embb,uesimtun1,22920,276,1224832062,890491,,1,1
2025-11-25T16:18:00.174486Z,mmtc,uesimtun2,68600,1130,140273725,103159,,1,1
2025-11-25T16:18:00.424610Z,urllc,uesimtun0,46380,765,288685148,3138092,,1,1
2025-11-25T16:18:00.424610Z,embb,uesimtun1,23004,277,1234172686,897283,,1,1
2025-11-25T16:18:00.424610Z,mmtc,uesimtun2,68852,1133,142161849,104534,,1,1
2025-11-25T16:18:00.792079Z,urllc,uesimtun0,46380,765,290004596,3152434,,1,1
2025-11-25T16:18:00.792079Z,embb,uesimtun1,23172,279,1243561218,904107,,1,1
2025-11-25T16:18:00.792079Z,mmtc,uesimtun2,68936,1134,143582169,105570,,1,1
2025-11-25T16:18:01.135540Z,urllc,uesimtun0,46548,767,291237296,3165833,,1,1
2025-11-25T16:18:01.135540Z,embb,uesimtun1,23340,281,1249431402,908375,,1,1
2025-11-25T16:18:01.135540Z,mmtc,uesimtun2,70212,1158,144029074,105911,,1,1
2025-11-25T16:18:01.385579Z,urllc,uesimtun0,46632,768,292057744,3174751,,1,1
2025-11-25T16:18:01.385579Z,embb,uesimtun1,23424,282,1258697470,915110,,1,1
2025-11-25T16:18:01.385579Z,mmtc,uesimtun2,70296,1159,145893638,107267,,1,1
2025-11-25T16:18:01.749639Z,urllc,uesimtun0,46800,770,293447572,3189858,,1,1
2025-11-25T16:18:01.749639Z,embb,uesimtun1,23508,283,1267984262,921861,,1,1
2025-11-25T16:18:01.749639Z,mmtc,uesimtun2,70440,1161,147287895,108285,,1,1
2025-11-25T16:18:02.000958Z,urllc,uesimtun0,46884,771,294342624,3199587,,1,1
2025-11-25T16:18:02.000958Z,embb,uesimtun1,23676,285,1271534510,924443,,1,1
2025-11-25T16:18:02.000958Z,mmtc,uesimtun2,70805,1167,147403615,108371,,1,1
2025-11-25T16:18:02.250239Z,urllc,uesimtun0,47349,779,295244790,3209395,,1,1
2025-11-25T16:18:02.250239Z,embb,uesimtun1,23844,287,1277861526,929043,,1,1
2025-11-25T16:18:02.250239Z,mmtc,uesimtun2,71403,1178,148359149,109074,,1,1
2025-11-25T16:18:02.500042Z,urllc,uesimtun0,47433,780,296143706,3219166,,1,1
2025-11-25T16:18:02.500042Z,embb,uesimtun1,23928,288,1287150986,935795,,1,1
2025-11-25T16:18:02.500042Z,mmtc,uesimtun2,71487,1179,150229301,110435,,1,1
2025-11-25T16:18:02.864488Z,urllc,uesimtun0,47517,781,297454782,3233417,,1,1
2025-11-25T16:18:02.864488Z,embb,uesimtun1,24012,289,1296440446,942547,,1,1
2025-11-25T16:18:02.864488Z,mmtc,uesimtun2,72265,1187,150615547,110727,,1,1
2025-11-25T16:18:03.115489Z,urllc,uesimtun0,48323,795,298352961,3243183,,1,1
2025-11-25T16:18:03.115489Z,embb,uesimtun1,24180,291,1299964634,945111,,1,1
2025-11-25T16:18:03.115489Z,mmtc,uesimtun2,72349,1188,150615631,110728,,1,1
2025-11-25T16:18:03.390106Z,urllc,uesimtun0,48407,796,299343149,3253946,,1,1
2025-11-25T16:18:03.390106Z,embb,uesimtun1,24264,292,1309863662,952306,,1,1
2025-11-25T16:18:03.390106Z,mmtc,uesimtun2,72433,1189,150615799,110730,,1,1
2025-11-25T16:18:03.754452Z,urllc,uesimtun0,48407,796,300652377,3268177,,1,1
2025-11-25T16:18:03.754452Z,embb,uesimtun1,24348,293,1319153122,959058,,1,1
2025-11-25T16:18:03.754452Z,mmtc,uesimtun2,72517,1190,150616231,110736,,1,1
2025-11-25T16:18:04.044344Z,urllc,uesimtun0,48659,799,301693165,3279490,,1,1
2025-11-25T16:18:04.044344Z,embb,uesimtun1,24516,295,1323804170,962440,,1,1
2025-11-25T16:18:04.044344Z,mmtc,uesimtun2,72913,1195,150616540,110740,,1,1
2025-11-25T16:18:04.294424Z,urllc,uesimtun0,48960,804,302593246,3289275,,1,1
2025-11-25T16:18:04.294424Z,embb,uesimtun1,24600,296,1332931262,969074,,1,1
2025-11-25T16:18:04.294424Z,mmtc,uesimtun2,72997,1196,150616713,110742,,1,1
2025-11-25T16:18:04.658014Z,urllc,uesimtun0,48960,804,303900926,3303489,,1,1
2025-11-25T16:18:04.658014Z,embb,uesimtun1,24600,296,1342219430,975826,,1,1
2025-11-25T16:18:04.658014Z,mmtc,uesimtun2,73186,1199,150617169,110749,,1,1
2025-11-25T16:18:04.962966Z,urllc,uesimtun0,48960,804,304997158,3315405,,1,1
2025-11-25T16:18:04.962966Z,embb,uesimtun1,24684,297,1347072666,979354,,1,1
2025-11-25T16:18:04.962966Z,mmtc,uesimtun2,74137,1217,150618028,110761,,1,1
2025-11-25T16:18:05.213470Z,urllc,uesimtun0,49887,821,305900448,3325229,,1,1
2025-11-25T16:18:05.213470Z,embb,uesimtun1,24768,298,1353501422,984027,,1,1
2025-11-25T16:18:05.213470Z,mmtc,uesimtun2,74275,1219,150623720,110768,,1,1
2025-11-25T16:18:05.463501Z,urllc,uesimtun0,49971,822,306792012,3334920,,1,1
2025-11-25T16:18:05.463501Z,embb,uesimtun1,24852,299,1361472758,989822,,1,1
2025-11-25T16:18:05.463501Z,mmtc,uesimtun2,74443,1221,150634896,110778,,1,1
2025-11-25T16:18:05.828532Z,urllc,uesimtun0,49971,822,308110732,3349254,,1,1
2025-11-25T16:18:05.828532Z,embb,uesimtun1,24936,300,1370762302,996575,,1,1
2025-11-25T16:18:05.828532Z,mmtc,uesimtun2,74587,1223,150640829,110788,,1,1
2025-11-25T16:18:06.114001Z,urllc,uesimtun0,50199,825,309135889,3360398,,1,1
2025-11-25T16:18:06.114001Z,embb,uesimtun1,25188,303,1378060774,1001881,,1,1
2025-11-25T16:18:06.114001Z,mmtc,uesimtun2,74888,1228,150648130,110799,,1,1
2025-11-25T16:18:06.364900Z,urllc,uesimtun0,50283,826,310037841,3370202,,1,1
2025-11-25T16:18:06.364900Z,embb,uesimtun1,25272,304,1384449626,1006525,,1,1
2025-11-25T16:18:06.364900Z,mmtc,uesimtun2,74888,1228,150655267,110807,,1,1
2025-11-25T16:18:06.729342Z,urllc,uesimtun0,50283,826,311347718,3384440,,1,1
2025-11-25T16:18:06.729342Z,embb,uesimtun1,25272,304,1393763854,1013295,,1,1
2025-11-25T16:18:06.729342Z,mmtc,uesimtun2,75129,1232,150662552,110818,,1,1
2025-11-25T16:18:06.979702Z,urllc,uesimtun0,50957,839,312246251,3394211,,1,1
2025-11-25T16:18:06.979702Z,embb,uesimtun1,25440,306,1400140406,1017931,,1,1
2025-11-25T16:18:06.979702Z,mmtc,uesimtun2,76453,1259,150669445,110844,,1,1
2025-11-25T16:18:07.229544Z,urllc,uesimtun0,51041,840,313146176,3403993,,1,1
2025-11-25T16:18:07.229544Z,embb,uesimtun1,25608,308,1403614974,1020458,,1,1
2025-11-25T16:18:07.229544Z,mmtc,uesimtun2,77030,1269,150672747,110854,,1,1
2025-11-25T16:18:07.479709Z,urllc,uesimtun0,51125,841,314047113,3413786,,1,1
2025-11-25T16:18:07.479709Z,embb,uesimtun1,25692,309,1412919654,1027222,,1,1
2025-11-25T16:18:07.479709Z,mmtc,uesimtun2,77271,1273,150683980,110865,,1,1
2025-11-25T16:18:07.844855Z,urllc,uesimtun0,51125,841,315357918,3428034,,1,1
2025-11-25T16:18:07.844855Z,embb,uesimtun1,25776,310,1422233966,1033993,,1,1
2025-11-25T16:18:07.844855Z,mmtc,uesimtun2,77355,1274,150689628,110871,,1,1
2025-11-25T16:18:08.095043Z,urllc,uesimtun0,51330,845,316256999,3437808,,1,1
2025-11-25T16:18:08.095043Z,embb,uesimtun1,25944,312,1428614646,1038632,,1,1
2025-11-25T16:18:08.095043Z,mmtc,uesimtun2,78334,1292,150690698,110888,,1,1
2025-11-25T16:18:08.345059Z,urllc,uesimtun0,51414,846,317155731,3447577,,1,1
2025-11-25T16:18:08.345059Z,embb,uesimtun1,26028,313,1434970474,1043252,,1,1
2025-11-25T16:18:08.345059Z,mmtc,uesimtun2,78418,1293,150691093,110890,,1,1
2025-11-25T16:18:08.708862Z,urllc,uesimtun0,51414,846,318463411,3461791,,1,1
2025-11-25T16:18:08.708862Z,embb,uesimtun1,26112,314,1444266982,1050011,,1,1
2025-11-25T16:18:08.708862Z,mmtc,uesimtun2,78502,1294,150691177,110891,,1,1
2025-11-25T16:18:08.959157Z,urllc,uesimtun0,51755,852,319363224,3471573,,1,1
2025-11-25T16:18:08.959157Z,embb,uesimtun1,26196,315,1447727706,1052527,,1,1
2025-11-25T16:18:08.959157Z,mmtc,uesimtun2,78642,1296,150691628,110894,,1,1
2025-11-25T16:18:09.209143Z,urllc,uesimtun0,51839,853,320261196,3481334,,1,1
2025-11-25T16:18:09.209143Z,embb,uesimtun1,26448,318,1454164886,1057208,,1,1
2025-11-25T16:18:09.209143Z,mmtc,uesimtun2,79263,1301,150692089,110901,,1,1
2025-11-25T16:18:09.459505Z,urllc,uesimtun0,52007,855,321114572,3490610,,1,1
2025-11-25T16:18:09.459505Z,embb,uesimtun1,26532,319,1463448842,1063956,,1,1
2025-11-25T16:18:09.459505Z,mmtc,uesimtun2,79431,1303,150692257,110903,,1,1
2025-11-25T16:18:09.788762Z,urllc,uesimtun0,52007,855,322297860,3503472,,1,1
2025-11-25T16:18:09.788762Z,embb,uesimtun1,26616,320,1469012094,1068000,,1,1
2025-11-25T16:18:09.788762Z,mmtc,uesimtun2,79515,1304,150692341,110904,,1,1
2025-11-25T16:18:10.040592Z,urllc,uesimtun0,52175,857,323201192,3513291,,1,1
2025-11-25T16:18:10.040592Z,embb,uesimtun1,26784,322,1475442310,1072675,,1,1
2025-11-25T16:18:10.040592Z,mmtc,uesimtun2,79599,1305,150692425,110905,,1,1
2025-11-25T16:18:10.289058Z,urllc,uesimtun0,53006,873,324095505,3523017,,1,1
2025-11-25T16:18:10.289058Z,embb,uesimtun1,26952,324,1484605346,1079337,,1,1
2025-11-25T16:18:10.289058Z,mmtc,uesimtun2,80432,1320,151175145,111271,,1,1
2025-11-25T16:18:10.654841Z,urllc,uesimtun0,53006,873,325411825,3537325,,1,1
2025-11-25T16:18:10.654841Z,embb,uesimtun1,26952,324,1493951222,1086130,,1,1
2025-11-25T16:18:10.654841Z,mmtc,uesimtun2,80516,1321,151799933,111726,,1,1
2025-11-25T16:18:11.019654Z,urllc,uesimtun0,53174,875,326722869,3551576,,1,1
2025-11-25T16:18:11.019654Z,embb,uesimtun1,27120,326,1503242142,1092884,,1,1
2025-11-25T16:18:11.019654Z,mmtc,uesimtun2,80744,1324,152236614,112050,,1,1
2025-11-25T16:18:11.269738Z,urllc,uesimtun0,53258,876,327621425,3561343,,1,1
2025-11-25T16:18:11.269738Z,embb,uesimtun1,27288,328,1509614566,1097517,,1,1
2025-11-25T16:18:11.269738Z,mmtc,uesimtun2,81623,1342,152853847,112511,,1,1
2025-11-25T16:18:11.634349Z,urllc,uesimtun0,53342,877,328929473,3575561,,1,1
2025-11-25T16:18:11.634349Z,embb,uesimtun1,27288,328,1518928794,1104287,,1,1
2025-11-25T16:18:11.634349Z,mmtc,uesimtun2,81707,1343,153462123,112954,,1,1
2025-11-25T16:18:11.940526Z,urllc,uesimtun0,53510,879,330032805,3587554,,1,1
2025-11-25T16:18:11.940526Z,embb,uesimtun1,28070,336,1523701671,1107766,,1,1
2025-11-25T16:18:11.940526Z,mmtc,uesimtun2,81935,1346,153803740,113207,,1,1
2025-11-25T16:18:12.190717Z,urllc,uesimtun0,54000,889,330932157,3597333,,1,1
2025-11-25T16:18:12.190717Z,embb,uesimtun1,28154,337,1523701755,1107767,,1,1
2025-11-25T16:18:12.190717Z,mmtc,uesimtun2,82244,1352,154047541,113388,,1,1
2025-11-25T16:18:12.440845Z,urllc,uesimtun0,54168,891,331831901,3607113,,1,1
2025-11-25T16:18:12.440845Z,embb,uesimtun1,28322,339,1523701923,1107769,,1,1
2025-11-25T16:18:12.440845Z,mmtc,uesimtun2,82781,1361,154858503,113984,,1,1
2025-11-25T16:18:12.715628Z,urllc,uesimtun0,54168,891,332819053,3617843,,1,1
2025-11-25T16:18:12.715628Z,embb,uesimtun1,28322,339,1523702007,1107770,,1,1
2025-11-25T16:18:12.715628Z,mmtc,uesimtun2,82865,1362,154930139,114037,,1,1
2025-11-25T16:18:12.965804Z,urllc,uesimtun0,54336,893,333717777,3627612,,1,1
2025-11-25T16:18:12.965804Z,embb,uesimtun1,28490,341,1523702175,1107772,,1,1
2025-11-25T16:18:12.965804Z,mmtc,uesimtun2,83033,1364,155355491,114348,,1,1
2025-11-25T16:18:13.216080Z,urllc,uesimtun0,54420,894,334617805,3637395,,1,1
2025-11-25T16:18:13.216080Z,embb,uesimtun1,28982,350,1527038300,1110206,,1,1
2025-11-25T16:18:13.216080Z,mmtc,uesimtun2,83442,1372,156276645,115026,,1,1
2025-11-25T16:18:13.633112Z,urllc,uesimtun0,54504,895,336114997,3653669,,1,1
2025-11-25T16:18:13.633112Z,embb,uesimtun1,29150,352,1531683844,1113584,,1,1
2025-11-25T16:18:13.633112Z,mmtc,uesimtun2,83610,1374,156901517,115482,,1,1
2025-11-25T16:18:13.998445Z,urllc,uesimtun0,54648,897,337429678,3667960,,1,1
2025-11-25T16:18:13.998445Z,embb,uesimtun1,29234,353,1534884588,1115912,,1,1
2025-11-25T16:18:13.998445Z,mmtc,uesimtun2,83610,1374,157136981,115655,,1,1
2025-11-25T16:18:14.248749Z,urllc,uesimtun0,54732,898,338329511,3677741,,1,1
2025-11-25T16:18:14.248749Z,embb,uesimtun1,29318,354,1538086624,1118240,,1,1
2025-11-25T16:18:14.248749Z,mmtc,uesimtun2,84850,1398,157566485,115991,,1,1
2025-11-25T16:18:14.498722Z,urllc,uesimtun0,54900,900,339227788,3687505,,1,1
2025-11-25T16:18:14.498722Z,embb,uesimtun1,29402,355,1542730792,1121617,,1,1
2025-11-25T16:18:14.498722Z,mmtc,uesimtun2,85091,1402,158335894,116553,,1,1
2025-11-25T16:18:14.748626Z,urllc,uesimtun0,54900,900,340126436,3697273,,1,1
2025-11-25T16:18:14.748626Z,embb,uesimtun1,29486,356,1544441244,1122861,,1,1
2025-11-25T16:18:14.748626Z,mmtc,uesimtun2,85175,1403,158418538,116614,,1,1
2025-11-25T16:18:14.998635Z,urllc,uesimtun0,55241,906,341025426,3707046,,1,1
2025-11-25T16:18:14.998635Z,embb,uesimtun1,29570,357,1547632272,1125181,,1,1
2025-11-25T16:18:14.998635Z,mmtc,uesimtun2,85427,1406,158843974,116926,,1,1
2025-11-25T16:18:15.248691Z,urllc,uesimtun0,55325,907,341923879,3716812,,1,1
2025-11-25T16:18:15.248691Z,embb,uesimtun1,29654,358,1552430468,1128669,,1,1
2025-11-25T16:18:15.248691Z,mmtc,uesimtun2,86402,1425,159685915,117556,,1,1
2025-11-25T16:18:15.623680Z,urllc,uesimtun0,55409,908,343271852,3731464,,1,1
2025-11-25T16:18:15.623680Z,embb,uesimtun1,29654,358,1556562764,1131674,,1,1
2025-11-25T16:18:15.623680Z,mmtc,uesimtun2,86402,1425,160129071,117879,,1,1
2025-11-25T16:18:15.883371Z,urllc,uesimtun0,55650,912,344202933,3741585,,1,1
2025-11-25T16:18:15.883371Z,embb,uesimtun1,29822,360,1560406100,1134469,,1,1
2025-11-25T16:18:15.883371Z,mmtc,uesimtun2,86811,1433,160755761,118343,,1,1
2025-11-25T16:18:16.248161Z,urllc,uesimtun0,56248,923,345515537,3755856,,1,1
2025-11-25T16:18:16.248161Z,embb,uesimtun1,29822,360,1563888840,1137001,,1,1
2025-11-25T16:18:16.248161Z,mmtc,uesimtun2,87180,1440,161383803,118808,,1,1
2025-11-25T16:18:16.614188Z,urllc,uesimtun0,56248,923,346831857,3770164,,1,1
2025-11-25T16:18:16.614188Z,embb,uesimtun1,29822,360,1568662268,1140471,,1,1
2025-11-25T16:18:16.614188Z,mmtc,uesimtun2,87180,1440,161927467,119205,,1,1
2025-11-25T16:18:16.864419Z,urllc,uesimtun0,56416,925,347731509,3779943,,1,1
2025-11-25T16:18:16.864419Z,embb,uesimtun1,29990,362,1570976952,1142156,,1,1
2025-11-25T16:18:16.864419Z,mmtc,uesimtun2,87264,1441,162045887,119292,,1,1
2025-11-25T16:18:17.114628Z,urllc,uesimtun0,57178,939,348633020,3789746,,1,1
2025-11-25T16:18:17.114628Z,embb,uesimtun1,30158,364,1574157056,1144469,,1,1
2025-11-25T16:18:17.114628Z,mmtc,uesimtun2,87408,1443,162467228,119602,,1,1
2025-11-25T16:18:17.364529Z,urllc,uesimtun0,57507,945,349529766,3799495,,1,1
2025-11-25T16:18:17.364529Z,embb,uesimtun1,30242,365,1578819112,1147859,,1,1
2025-11-25T16:18:17.364529Z,mmtc,uesimtun2,87576,1445,163290453,120205,,1,1
2025-11-25T16:18:17.728697Z,urllc,uesimtun0,57591,946,350839830,3813735,,1,1
2025-11-25T16:18:17.728697Z,embb,uesimtun1,30242,365,1583332476,1151140,,1,1
2025-11-25T16:18:17.728697Z,mmtc,uesimtun2,88194,1457,163734132,120536,,1,1
2025-11-25T16:18:17.978854Z,urllc,uesimtun0,57675,947,351738194,3823500,,1,1
2025-11-25T16:18:17.978854Z,embb,uesimtun1,30326,366,1585170980,1152478,,1,1
2025-11-25T16:18:17.978854Z,mmtc,uesimtun2,88362,1459,163942076,120689,,1,1
2025-11-25T16:18:18.229003Z,urllc,uesimtun0,58775,968,352638052,3833287,,1,1
2025-11-25T16:18:18.229003Z,embb,uesimtun1,30410,367,1588385400,1154815,,1,1
2025-11-25T16:18:18.229003Z,mmtc,uesimtun2,89217,1475,164381863,121021,,1,1
2025-11-25T16:18:18.480037Z,urllc,uesimtun0,58859,969,353470276,3842333,,1,1
2025-11-25T16:18:18.480037Z,embb,uesimtun1,30494,368,1592162688,1157562,,1,1
2025-11-25T16:18:18.480037Z,mmtc,uesimtun2,89354,1477,164394866,121036,,1,1
2025-11-25T16:18:18.743790Z,urllc,uesimtun0,58859,969,354422652,3852685,,1,1
2025-11-25T16:18:18.743790Z,embb,uesimtun1,30746,371,1595531388,1160013,,1,1
2025-11-25T16:18:18.743790Z,mmtc,uesimtun2,89916,1482,164395593,121044,,1,1
2025-11-25T16:18:18.994024Z,urllc,uesimtun0,59240,976,355321874,3862461,,1,1
2025-11-25T16:18:18.994024Z,embb,uesimtun1,30830,372,1597244592,1161259,,1,1
2025-11-25T16:18:18.994024Z,mmtc,uesimtun2,90084,1484,164395761,121046,,1,1
2025-11-25T16:18:19.247443Z,urllc,uesimtun0,59541,981,356230524,3872339,,1,1
2025-11-25T16:18:19.247443Z,embb,uesimtun1,30914,373,1600545700,1163659,,1,1
2025-11-25T16:18:19.247443Z,mmtc,uesimtun2,90333,1488,164396154,121052,,1,1
2025-11-25T16:18:19.494145Z,urllc,uesimtun0,59665,983,357119512,3882002,,1,1
2025-11-25T16:18:19.494145Z,embb,uesimtun1,30998,374,1605103180,1166973,,1,1
2025-11-25T16:18:19.494145Z,mmtc,uesimtun2,90529,1491,164396692,121058,,1,1
2025-11-25T16:18:19.825876Z,urllc,uesimtun0,59749,984,358312468,3894969,,1,1
2025-11-25T16:18:19.825876Z,embb,uesimtun1,31082,375,1608025972,1169099,,1,1
2025-11-25T16:18:19.825876Z,mmtc,uesimtun2,91031,1500,164397113,121063,,1,1
2025-11-25T16:18:20.076099Z,urllc,uesimtun0,59833,985,359210740,3904733,,1,1
2025-11-25T16:18:20.076099Z,embb,uesimtun1,31250,377,1611046460,1171296,,1,1
2025-11-25T16:18:20.076099Z,mmtc,uesimtun2,91253,1503,164638245,121243,,1,1
2025-11-25T16:18:20.389787Z,urllc,uesimtun0,59917,986,360012972,3913453,,1,1
2025-11-25T16:18:20.389787Z,embb,uesimtun1,31334,378,1616534032,1175285,,1,1
2025-11-25T16:18:20.389787Z,mmtc,uesimtun2,91578,1510,165286807,121721,,1,1
2025-11-25T16:18:20.754455Z,urllc,uesimtun0,59917,986,361650840,3931256,,1,1
2025-11-25T16:18:20.754455Z,embb,uesimtun1,31418,379,1620198404,1177949,,1,1
2025-11-25T16:18:20.754455Z,mmtc,uesimtun2,91662,1511,165493291,121872,,1,1
2025-11-25T16:18:21.004596Z,urllc,uesimtun0,60474,995,362550399,3941037,,1,1
2025-11-25T16:18:21.004596Z,embb,uesimtun1,31670,382,1622916256,1179927,,1,1
2025-11-25T16:18:21.004596Z,mmtc,uesimtun2,92071,1519,165744249,122062,,1,1
2025-11-25T16:18:21.254679Z,urllc,uesimtun0,60558,996,363448736,3950802,,1,1
2025-11-25T16:18:21.254679Z,embb,uesimtun1,31754,383,1626116916,1182254,,1,1
2025-11-25T16:18:21.254679Z,mmtc,uesimtun2,92155,1520,166042985,122281,,1,1
2025-11-25T16:18:21.504562Z,urllc,uesimtun0,60642,997,364346729,3960563,,1,1
2025-11-25T16:18:21.504562Z,embb,uesimtun1,31838,384,1630748700,1185622,,1,1
2025-11-25T16:18:21.504562Z,mmtc,uesimtun2,92155,1520,166612733,122696,,1,1
2025-11-25T16:18:21.871010Z,urllc,uesimtun0,60726,998,365663514,3974876,,1,1
2025-11-25T16:18:21.871010Z,embb,uesimtun1,31922,385,1634040176,1188015,,1,1
2025-11-25T16:18:21.871010Z,mmtc,uesimtun2,92239,1521,166783525,122822,,1,1
2025-11-25T16:18:22.121227Z,urllc,uesimtun0,61059,1003,366562187,3984646,,1,1
2025-11-25T16:18:22.121227Z,embb,uesimtun1,32006,386,1637205144,1190317,,1,1
2025-11-25T16:18:22.121227Z,mmtc,uesimtun2,92323,1522,167210229,123134,,1,1
2025-11-25T16:18:22.371785Z,urllc,uesimtun0,61400,1009,367464984,3994460,,1,1
2025-11-25T16:18:22.371785Z,embb,uesimtun1,32006,386,1639578828,1192043,,1,1
2025-11-25T16:18:22.371785Z,mmtc,uesimtun2,92624,1527,167643946,123453,,1,1
2025-11-25T16:18:22.739905Z,urllc,uesimtun0,61400,1009,368787926,4008840,,1,1
2025-11-25T16:18:22.739905Z,embb,uesimtun1,32006,386,1646521000,1197091,,1,1
2025-11-25T16:18:22.739905Z,mmtc,uesimtun2,92664,1528,168077674,123772,,1,1
2025-11-25T16:18:23.104772Z,urllc,uesimtun0,61692,1013,370099262,4023094,,1,1
2025-11-25T16:18:23.104772Z,embb,uesimtun1,32342,390,1651206364,1200497,,1,1
2025-11-25T16:18:23.104772Z,mmtc,uesimtun2,92868,1531,168492336,124080,,1,1
2025-11-25T16:18:23.471576Z,urllc,uesimtun0,61944,1016,371417698,4037425,,1,1
2025-11-25T16:18:23.471576Z,embb,uesimtun1,32342,390,1655850448,1203873,,1,1
2025-11-25T16:18:23.471576Z,mmtc,uesimtun2,93157,1536,168945370,124414,,1,1
2025-11-25T16:18:23.836278Z,urllc,uesimtun0,62196,1019,372726566,4051652,,1,1
2025-11-25T16:18:23.836278Z,embb,uesimtun1,32342,390,1659386852,1206444,,1,1
2025-11-25T16:18:23.836278Z,mmtc,uesimtun2,93747,1546,169144157,124568,,1,1
2025-11-25T16:18:24.086509Z,urllc,uesimtun0,62508,1023,373629255,4061465,,1,1
2025-11-25T16:18:24.086509Z,embb,uesimtun1,32426,391,1663708952,1209586,,1,1
2025-11-25T16:18:24.086509Z,mmtc,uesimtun2,94614,1562,169542624,124870,,1,1
2025-11-25T16:18:24.336480Z,urllc,uesimtun0,62508,1023,374527440,4071228,,1,1
2025-11-25T16:18:24.336480Z,embb,uesimtun1,32510,392,1666884844,1211895,,1,1
2025-11-25T16:18:24.336480Z,mmtc,uesimtun2,94698,1563,169974969,125188,,1,1
2025-11-25T16:18:24.701484Z,urllc,uesimtun0,62508,1023,375826650,4085350,,1,1
2025-11-25T16:18:24.701484Z,embb,uesimtun1,32510,392,1670218976,1214319,,1,1
2025-11-25T16:18:24.701484Z,mmtc,uesimtun2,94698,1563,170149805,125316,,1,1
2025-11-25T16:18:24.951564Z,urllc,uesimtun0,62797,1028,376721864,4095082,,1,1
2025-11-25T16:18:24.951564Z,embb,uesimtun1,32594,393,1673290292,1216552,,1,1
2025-11-25T16:18:24.951564Z,mmtc,uesimtun2,95034,1567,170433597,125526,,1,1
2025-11-25T16:18:25.201921Z,urllc,uesimtun0,62881,1029,377624928,4104898,,1,1
2025-11-25T16:18:25.201921Z,embb,uesimtun1,32678,394,1676518472,1218899,,1,1
2025-11-25T16:18:25.201921Z,mmtc,uesimtun2,95375,1573,170735467,125753,,1,1
2025-11-25T16:18:25.451737Z,urllc,uesimtun0,62965,1030,378522472,4114654,,1,1
2025-11-25T16:18:25.451737Z,embb,uesimtun1,32762,395,1681114396,1222240,,1,1
2025-11-25T16:18:25.451737Z,mmtc,uesimtun2,96053,1586,171299120,126175,,1,1
2025-11-25T16:18:25.768398Z,urllc,uesimtun0,62965,1030,379658296,4127000,,1,1
2025-11-25T16:18:25.768398Z,embb,uesimtun1,32846,396,1683782544,1224180,,1,1
2025-11-25T16:18:25.768398Z,mmtc,uesimtun2,96261,1589,171409284,126256,,1,1
2025-11-25T16:18:26.018512Z,urllc,uesimtun0,63049,1031,380559520,4136796,,1,1
2025-11-25T16:18:26.018512Z,embb,uesimtun1,33098,399,1686884300,1226437,,1,1
2025-11-25T16:18:26.018512Z,mmtc,uesimtun2,97871,1613,171525511,126368,,1,1
2025-11-25T16:18:26.268484Z,urllc,uesimtun0,63217,1033,381459140,4146575,,1,1
2025-11-25T16:18:26.268484Z,embb,uesimtun1,33266,401,1690020372,1228718,,1,1
2025-11-25T16:18:26.268484Z,mmtc,uesimtun2,98107,1617,171526039,126375,,1,1
2025-11-25T16:18:26.632005Z,urllc,uesimtun0,63301,1034,382763692,4160755,,1,1
2025-11-25T16:18:26.632005Z,embb,uesimtun1,33266,401,1695740488,1232876,,1,1
2025-11-25T16:18:26.632005Z,mmtc,uesimtun2,98805,1631,171597167,126440,,1,1
2025-11-25T16:18:26.995505Z,urllc,uesimtun0,63586,1040,384072138,4174979,,1,1
2025-11-25T16:18:26.995505Z,embb,uesimtun1,33350,402,1698926348,1235196,,1,1
2025-11-25T16:18:26.995505Z,mmtc,uesimtun2,98949,1633,172384608,127017,,1,1
2025-11-25T16:18:27.246570Z,urllc,uesimtun0,63730,1042,384973195,4184774,,1,1
2025-11-25T16:18:27.246570Z,embb,uesimtun1,33350,402,1702128384,1237524,,1,1
2025-11-25T16:18:27.246570Z,mmtc,uesimtun2,99234,1639,173235599,127644,,1,1
2025-11-25T16:18:27.523401Z,urllc,uesimtun0,63959,1046,385890256,4194743,,1,1
2025-11-25T16:18:27.523401Z,embb,uesimtun1,33350,402,1707120680,1241154,,1,1
2025-11-25T16:18:27.523401Z,mmtc,uesimtun2,99391,1642,174253975,128386,,1,1
2025-11-25T16:18:27.841003Z,urllc,uesimtun0,63959,1046,387033164,4207166,,1,1
2025-11-25T16:18:27.841003Z,embb,uesimtun1,33518,404,1711174544,1244102,,1,1
2025-11-25T16:18:27.841003Z,mmtc,uesimtun2,99391,1642,175039755,128958,,1,1
2025-11-25T16:18:28.091148Z,urllc,uesimtun0,64043,1047,387931436,4216930,,1,1
2025-11-25T16:18:28.091148Z,embb,uesimtun1,33770,407,1714364364,1246423,,1,1
2025-11-25T16:18:28.091148Z,mmtc,uesimtun2,99391,1642,175831099,129535,,1,1
2025-11-25T16:18:28.341314Z,urllc,uesimtun0,64187,1049,388829969,4226698,,1,1
2025-11-25T16:18:28.341314Z,embb,uesimtun1,33938,409,1717559604,1248747,,1,1
2025-11-25T16:18:28.341314Z,mmtc,uesimtun2,99535,1644,176969425,130367,,1,1
2025-11-25T16:18:28.670369Z,urllc,uesimtun0,64187,1049,390013031,4239558,,1,1
2025-11-25T16:18:28.670369Z,embb,uesimtun1,34022,410,1720975004,1251231,,1,1
2025-11-25T16:18:28.670369Z,mmtc,uesimtun2,99619,1645,177569534,130805,,1,1
2025-11-25T16:18:28.920569Z,urllc,uesimtun0,64548,1056,390915024,4249364,,1,1
2025-11-25T16:18:28.920569Z,embb,uesimtun1,34106,411,1723490416,1253060,,1,1
2025-11-25T16:18:28.920569Z,mmtc,uesimtun2,100113,1654,177812319,130987,,1,1
2025-11-25T16:18:29.170657Z,urllc,uesimtun0,64884,1060,391814016,4259136,,1,1
2025-11-25T16:18:29.170657Z,embb,uesimtun1,34190,412,1726691076,1255387,,1,1
2025-11-25T16:18:29.170657Z,mmtc,uesimtun2,100572,1657,177812664,130993,,1,1
2025-11-25T16:18:29.420498Z,urllc,uesimtun0,65052,1062,392705724,4268829,,1,1
2025-11-25T16:18:29.420498Z,embb,uesimtun1,34358,414,1731349004,1258774,,1,1
2025-11-25T16:18:29.420498Z,mmtc,uesimtun2,101038,1665,177813683,131007,,1,1
2025-11-25T16:18:29.790296Z,urllc,uesimtun0,65309,1067,394040245,4283336,,1,1
2025-11-25T16:18:29.790296Z,embb,uesimtun1,34358,414,1736057844,1262198,,1,1
2025-11-25T16:18:29.790296Z,mmtc,uesimtun2,101255,1669,177814121,131013,,1,1
2025-11-25T16:18:30.040459Z,urllc,uesimtun0,65393,1068,394941077,4293128,,1,1
2025-11-25T16:18:30.040459Z,embb,uesimtun1,34442,415,1739239240,1264511,,1,1
2025-11-25T16:18:30.040459Z,mmtc,uesimtun2,101423,1671,177814349,131016,,1,1
2025-11-25T16:18:30.290666Z,urllc,uesimtun0,65453,1069,395840662,4302907,,1,1
2025-11-25T16:18:30.290666Z,embb,uesimtun1,34610,417,1742463376,1266856,,1,1
2025-11-25T16:18:30.290666Z,mmtc,uesimtun2,101703,1675,177814718,131021,,1,1
2025-11-25T16:18:30.658698Z,urllc,uesimtun0,65453,1069,397163200,4317283,,1,1
2025-11-25T16:18:30.658698Z,embb,uesimtun1,34694,418,1747145988,1270260,,1,1
2025-11-25T16:18:30.658698Z,mmtc,uesimtun2,101703,1675,177814802,131022,,1,1
2025-11-25T16:18:30.908989Z,urllc,uesimtun0,66015,1081,398062087,4327057,,1,1
2025-11-25T16:18:30.908989Z,embb,uesimtun1,34778,419,1748905976,1271540,,1,1
2025-11-25T16:18:30.908989Z,mmtc,uesimtun2,101787,1676,177814886,131023,,1,1
2025-11-25T16:18:31.159307Z,urllc,uesimtun0,66183,1083,398960963,4336828,,1,1
2025-11-25T16:18:31.159307Z,embb,uesimtun1,34946,421,1752070944,1273842,,1,1
2025-11-25T16:18:31.159307Z,mmtc,uesimtun2,102151,1681,177815399,131030,,1,1
2025-11-25T16:18:31.409094Z,urllc,uesimtun0,66267,1084,399839155,4346374,,1,1
2025-11-25T16:18:31.409094Z,embb,uesimtun1,35030,422,1756704020,1277210,,1,1
2025-11-25T16:18:31.409094Z,mmtc,uesimtun2,102235,1682,177815543,131032,,1,1
2025-11-25T16:18:31.719738Z,urllc,uesimtun0,66351,1085,400956571,4358520,,1,1
2025-11-25T16:18:31.719738Z,embb,uesimtun1,35030,422,1759548296,1279278,,1,1
2025-11-25T16:18:31.719738Z,mmtc,uesimtun2,102319,1683,177815627,131033,,1,1
2025-11-25T16:18:31.970069Z,urllc,uesimtun0,66680,1091,401855249,4368290,,1,1
2025-11-25T16:18:31.970069Z,embb,uesimtun1,35114,423,1762382940,1281339,,1,1
2025-11-25T16:18:31.970069Z,mmtc,uesimtun2,102795,1690,177816281,131042,,1,1
2025-11-25T16:18:32.220091Z,urllc,uesimtun0,67185,1100,402755167,4378074,,1,1
2025-11-25T16:18:32.220091Z,embb,uesimtun1,35282,425,1767064260,1284743,,1,1
2025-11-25T16:18:32.220091Z,mmtc,uesimtun2,103075,1694,177816734,131048,,1,1
2025-11-25T16:18:32.585125Z,urllc,uesimtun0,67185,1100,404066863,4392332,,1,1
2025-11-25T16:18:32.585125Z,embb,uesimtun1,35282,425,1770753400,1287425,,1,1
2025-11-25T16:18:32.585125Z,mmtc,uesimtun2,103075,1694,177816878,131050,,1,1
2025-11-25T16:18:32.835449Z,urllc,uesimtun0,67353,1102,404965411,4402099,,1,1
2025-11-25T16:18:32.835449Z,embb,uesimtun1,35366,426,1773444988,1289383,,1,1
2025-11-25T16:18:32.835449Z,mmtc,uesimtun2,103159,1695,177816962,131051,,1,1
2025-11-25T16:18:33.085309Z,urllc,uesimtun0,67778,1109,405863200,4411859,,1,1
2025-11-25T16:18:33.085309Z,embb,uesimtun1,35534,428,1776634724,1291703,,1,1
2025-11-25T16:18:33.085309Z,mmtc,uesimtun2,103411,1698,177817298,131055,,1,1
2025-11-25T16:18:33.335553Z,urllc,uesimtun0,68119,1115,406766333,4421677,,1,1
2025-11-25T16:18:33.335553Z,embb,uesimtun1,35618,429,1781284396,1295084,,1,1
2025-11-25T16:18:33.335553Z,mmtc,uesimtun2,103495,1699,177817502,131058,,1,1
2025-11-25T16:18:33.700399Z,urllc,uesimtun0,68119,1115,408074433,4435896,,1,1
2025-11-25T16:18:33.700399Z,embb,uesimtun1,35618,429,1785936736,1298466,,1,1
2025-11-25T16:18:33.700399Z,mmtc,uesimtun2,103691,1702,177817811,131062,,1,1
2025-11-25T16:18:33.950555Z,urllc,uesimtun0,68203,1116,408972713,4445660,,1,1
2025-11-25T16:18:33.950555Z,embb,uesimtun1,35786,431,1787673416,1299730,,1,1
2025-11-25T16:18:33.950555Z,mmtc,uesimtun2,103775,1703,177817895,131063,,1,1
2025-11-25T16:18:34.200757Z,urllc,uesimtun0,68371,1118,409876045,4455479,,1,1
2025-11-25T16:18:34.200757Z,embb,uesimtun1,36038,434,1790867364,1302054,,1,1
2025-11-25T16:18:34.200757Z,mmtc,uesimtun2,103943,1705,177818063,131065,,1,1
2025-11-25T16:18:34.450541Z,urllc,uesimtun0,68455,1119,410681465,4464234,,1,1
2025-11-25T16:18:34.450541Z,embb,uesimtun1,36122,435,1795505944,1305426,,1,1
2025-11-25T16:18:34.450541Z,mmtc,uesimtun2,104027,1706,177818207,131067,,1,1
2025-11-25T16:18:34.747951Z,urllc,uesimtun0,68455,1119,411748933,4475837,,1,1
2025-11-25T16:18:34.747951Z,embb,uesimtun1,36206,436,1798574508,1307657,,1,1
2025-11-25T16:18:34.747951Z,mmtc,uesimtun2,104195,1708,177818375,131069,,1,1
2025-11-25T16:18:34.998130Z,urllc,uesimtun0,69647,1142,412649802,4485635,,1,1
2025-11-25T16:18:34.998130Z,embb,uesimtun1,36458,439,1801019912,1309437,,1,1
2025-11-25T16:18:34.998130Z,mmtc,uesimtun2,104391,1711,177818744,131074,,1,1
2025-11-25T16:18:35.248240Z,urllc,uesimtun0,69815,1144,413547982,4495398,,1,1
2025-11-25T16:18:35.248240Z,embb,uesimtun1,36626,441,1805694352,1312836,,1,1
2025-11-25T16:18:35.248240Z,mmtc,uesimtun2,104731,1716,177819290,131082,,1,1
2025-11-25T16:18:35.613388Z,urllc,uesimtun0,69815,1144,414743726,4508396,,1,1
2025-11-25T16:18:35.613388Z,embb,uesimtun1,36626,441,1809874724,1315875,,1,1
2025-11-25T16:18:35.613388Z,mmtc,uesimtun2,104783,1717,177819547,131085,,1,1
2025-11-25T16:18:35.863583Z,urllc,uesimtun0,69899,1145,415643662,4518178,,1,1
2025-11-25T16:18:35.863583Z,embb,uesimtun1,36626,441,1812081912,1317480,,1,1
2025-11-25T16:18:35.863583Z,mmtc,uesimtun2,104867,1718,177819631,131086,,1,1
2025-11-25T16:18:36.113442Z,urllc,uesimtun0,70211,1149,416539735,4527919,,1,1
2025-11-25T16:18:36.113442Z,embb,uesimtun1,36794,443,1815336404,1319848,,1,1
2025-11-25T16:18:36.113442Z,mmtc,uesimtun2,105035,1720,177819799,131088,,1,1
2025-11-25T16:18:36.363937Z,urllc,uesimtun0,70520,1155,417104344,4534057,,1,1
2025-11-25T16:18:36.363937Z,embb,uesimtun1,36878,444,1819932328,1323189,,1,1
2025-11-25T16:18:36.363937Z,mmtc,uesimtun2,105035,1720,177820027,131091,,1,1
2025-11-25T16:18:36.730998Z,urllc,uesimtun0,70520,1155,418674468,4551124,,1,1
2025-11-25T16:18:36.730998Z,embb,uesimtun1,36962,445,1824385232,1326427,,1,1
2025-11-25T16:18:36.730998Z,mmtc,uesimtun2,105119,1721,177820159,131093,,1,1
2025-11-25T16:18:36.981123Z,urllc,uesimtun0,70985,1163,419573590,4560899,,1,1
2025-11-25T16:18:36.981123Z,embb,uesimtun1,37046,446,1826308964,1327826,,1,1
2025-11-25T16:18:36.981123Z,mmtc,uesimtun2,105203,1722,177820243,131094,,1,1
2025-11-25T16:18:37.231369Z,urllc,uesimtun0,71153,1165,420475266,4570700,,1,1
2025-11-25T16:18:37.231369Z,embb,uesimtun1,37214,448,1829517964,1330160,,1,1
2025-11-25T16:18:37.231369Z,mmtc,uesimtun2,105483,1726,177820612,131099,,1,1
2025-11-25T16:18:37.481359Z,urllc,uesimtun0,71237,1166,421371398,4580441,,1,1
2025-11-25T16:18:37.481359Z,embb,uesimtun1,37298,449,1834184148,1333553,,1,1
2025-11-25T16:18:37.481359Z,mmtc,uesimtun2,105567,1727,177820756,131101,,1,1
2025-11-25T16:18:37.811611Z,urllc,uesimtun0,71321,1167,422558182,4593341,,1,1
2025-11-25T16:18:37.811611Z,embb,uesimtun1,37550,452,1837104188,1335677,,1,1
2025-11-25T16:18:37.811611Z,mmtc,uesimtun2,105651,1728,177820840,131102,,1,1
2025-11-25T16:18:38.061743Z,urllc,uesimtun0,71657,1171,423459750,4603141,,1,1
2025-11-25T16:18:38.061743Z,embb,uesimtun1,37634,453,1841587364,1338937,,1,1
2025-11-25T16:18:38.061743Z,mmtc,uesimtun2,105819,1730,177821008,131104,,1,1
2025-11-25T16:18:38.311780Z,urllc,uesimtun0,71657,1171,424358306,4612908,,1,1
2025-11-25T16:18:38.311780Z,embb,uesimtun1,37718,454,1844777016,1341256,,1,1
2025-11-25T16:18:38.311780Z,mmtc,uesimtun2,105903,1731,177821152,131106,,1,1
2025-11-25T16:18:38.676463Z,urllc,uesimtun0,71657,1171,425665862,4627121,,1,1
2025-11-25T16:18:38.676463Z,embb,uesimtun1,37718,454,1849444576,1344650,,1,1
2025-11-25T16:18:38.676463Z,mmtc,uesimtun2,106047,1733,177821521,131111,,1,1
2025-11-25T16:18:38.927596Z,urllc,uesimtun0,71741,1172,426568282,4636930,,1,1
2025-11-25T16:18:38.927596Z,embb,uesimtun1,37802,455,1851210068,1345934,,1,1
2025-11-25T16:18:38.927596Z,mmtc,uesimtun2,106299,1736,177821857,131115,,1,1
2025-11-25T16:18:39.177747Z,urllc,uesimtun0,72042,1177,427470684,4646741,,1,1
2025-11-25T16:18:39.177747Z,embb,uesimtun1,37802,455,1854399720,1348253,,1,1
2025-11-25T16:18:39.177747Z,mmtc,uesimtun2,106383,1737,177822030,131117,,1,1
2025-11-25T16:18:39.427732Z,urllc,uesimtun0,72126,1178,428362340,4656433,,1,1
2025-11-25T16:18:39.427732Z,embb,uesimtun1,37886,456,1859025916,1351616,,1,1
2025-11-25T16:18:39.427732Z,mmtc,uesimtun2,106467,1738,177822203,131119,,1,1
2025-11-25T16:18:39.696557Z,urllc,uesimtun0,72239,1180,428894422,4662219,,1,1
2025-11-25T16:18:39.696557Z,embb,uesimtun1,37970,457,1860956528,1353020,,1,1
2025-11-25T16:18:39.696557Z,mmtc,uesimtun2,106551,1739,177822287,131120,,1,1
2025-11-25T16:18:39.947072Z,urllc,uesimtun0,73705,1202,428895770,4662237,,1,1
2025-11-25T16:18:39.947072Z,embb,uesimtun1,38138,459,1864131128,1355329,,1,1
2025-11-25T16:18:39.947072Z,mmtc,uesimtun2,106807,1743,177822624,131125,,1,1
2025-11-25T16:18:40.197398Z,urllc,uesimtun0,73789,1203,428895854,4662238,,1,1
2025-11-25T16:18:40.197398Z,embb,uesimtun1,38306,461,1867417184,1357719,,1,1
2025-11-25T16:18:40.197398Z,mmtc,uesimtun2,107111,1747,177822965,131129,,1,1
2025-11-25T16:18:40.446897Z,urllc,uesimtun0,73873,1204,428895938,4662239,,1,1
2025-11-25T16:18:40.446897Z,embb,uesimtun1,38390,462,1872029620,1361072,,1,1
2025-11-25T16:18:40.446897Z,mmtc,uesimtun2,107307,1750,177823250,131133,,1,1
2025-11-25T16:18:40.696821Z,urllc,uesimtun0,73873,1204,428896022,4662240,,1,1
2025-11-25T16:18:40.696821Z,embb,uesimtun1,38390,462,1873715304,1362298,,1,1
2025-11-25T16:18:40.696821Z,mmtc,uesimtun2,107391,1751,177823334,131134,,1,1
2025-11-25T16:18:40.946923Z,urllc,uesimtun0,74533,1215,429351162,4665322,,1,1
2025-11-25T16:18:40.946923Z,embb,uesimtun1,38558,464,1876929808,1364636,,1,1
2025-11-25T16:18:40.946923Z,mmtc,uesimtun2,107559,1753,177823502,131136,,1,1
2025-11-25T16:18:41.196831Z,urllc,uesimtun0,74998,1223,430121916,4670533,,1,1
2025-11-25T16:18:41.196831Z,embb,uesimtun1,38810,467,1880122380,1366959,,1,1
2025-11-25T16:18:41.196831Z,mmtc,uesimtun2,107811,1756,177823754,131139,,1,1
2025-11-25T16:18:41.446973Z,urllc,uesimtun0,75082,1224,430891896,4675736,,1,1
2025-11-25T16:18:41.446973Z,embb,uesimtun1,38894,468,1884778848,1370344,,1,1
2025-11-25T16:18:41.446973Z,mmtc,uesimtun2,107895,1757,177823898,131141,,1,1
2025-11-25T16:18:41.696772Z,urllc,uesimtun0,75082,1224,431662528,4680944,,1,1
2025-11-25T16:18:41.696772Z,embb,uesimtun1,38978,469,1886537460,1371623,,1,1
2025-11-25T16:18:41.696772Z,mmtc,uesimtun2,107979,1758,177823982,131142,,1,1
2025-11-25T16:18:41.947379Z,urllc,uesimtun0,75334,1227,432436672,4686176,,1,1
2025-11-25T16:18:41.947379Z,embb,uesimtun1,39146,471,1889739580,1373952,,1,1
2025-11-25T16:18:41.947379Z,mmtc,uesimtun2,108231,1761,177824234,131145,,1,1
2025-11-25T16:18:42.196895Z,urllc,uesimtun0,75502,1229,433206292,4691377,,1,1
2025-11-25T16:18:42.196895Z,embb,uesimtun1,39482,475,1892867564,1376229,,1,1
2025-11-25T16:18:42.196895Z,mmtc,uesimtun2,108399,1763,177824402,131147,,1,1
2025-11-25T16:18:42.446764Z,urllc,uesimtun0,75586,1230,433586884,4693949,,1,1
2025-11-25T16:18:42.446764Z,embb,uesimtun1,39566,476,1897548800,1379632,,1,1
2025-11-25T16:18:42.446764Z,mmtc,uesimtun2,108483,1764,177824546,131149,,1,1
2025-11-25T16:18:42.697244Z,urllc,uesimtun0,75586,1230,434359084,4699167,,1,1
2025-11-25T16:18:42.697244Z,embb,uesimtun1,39650,477,1899259252,1380876,,1,1
2025-11-25T16:18:42.697244Z,mmtc,uesimtun2,108567,1765,177824630,131150,,1,1
2025-11-25T16:18:42.947288Z,urllc,uesimtun0,75754,1232,435130332,4704379,,1,1
2025-11-25T16:18:42.947288Z,embb,uesimtun1,39818,479,1902439356,1383189,,1,1
2025-11-25T16:18:42.947288Z,mmtc,uesimtun2,108819,1768,177824882,131153,,1,1
2025-11-25T16:18:43.197121Z,urllc,uesimtun0,75922,1234,435900248,4709582,,1,1
2025-11-25T16:18:43.197121Z,embb,uesimtun1,40070,482,1905626424,1385508,,1,1
2025-11-25T16:18:43.197121Z,mmtc,uesimtun2,108987,1770,177825050,131155,,1,1
2025-11-25T16:18:43.446848Z,urllc,uesimtun0,76006,1235,436670524,4714787,,1,1
2025-11-25T16:18:43.446848Z,embb,uesimtun1,40154,483,1910310412,1388913,,1,1
2025-11-25T16:18:43.446848Z,mmtc,uesimtun2,109183,1773,177825335,131159,,1,1
2025-11-25T16:18:43.696963Z,urllc,uesimtun0,76006,1235,437442132,4720001,,1,1
2025-11-25T16:18:43.696963Z,embb,uesimtun1,40154,483,1912007104,1390147,,1,1
2025-11-25T16:18:43.696963Z,mmtc,uesimtun2,109267,1774,177825419,131160,,1,1
2025-11-25T16:18:43.946866Z,urllc,uesimtun0,76728,1248,438212903,4725215,,1,1
2025-11-25T16:18:43.946866Z,embb,uesimtun1,40406,486,1915199676,1392470,,1,1
2025-11-25T16:18:43.946866Z,mmtc,uesimtun2,109519,1777,177825671,131163,,1,1
2025-11-25T16:18:44.196856Z,urllc,uesimtun0,77064,1252,438984171,4730428,,1,1
2025-11-25T16:18:44.196856Z,embb,uesimtun1,40658,489,1918386744,1394789,,1,1
2025-11-25T16:18:44.196856Z,mmtc,uesimtun2,109687,1779,177825839,131165,,1,1
2025-11-25T16:18:44.447144Z,urllc,uesimtun0,77148,1253,439756371,4735646,,1,1
2025-11-25T16:18:44.447144Z,embb,uesimtun1,40742,490,1923070732,1398194,,1,1
2025-11-25T16:18:44.447144Z,mmtc,uesimtun2,109771,1780,177825923,131166,,1,1
2025-11-25T16:18:44.697449Z,urllc,uesimtun0,77232,1254,440526351,4740849,,1,1
2025-11-25T16:18:44.697449Z,embb,uesimtun1,40742,490,1924768800,1399429,,1,1
2025-11-25T16:18:44.697449Z,mmtc,uesimtun2,109855,1781,177826007,131167,,1,1
2025-11-25T16:18:44.947747Z,urllc,uesimtun0,77400,1256,441297895,4746063,,1,1
2025-11-25T16:18:44.947747Z,embb,uesimtun1,40994,493,1927957244,1401749,,1,1
2025-11-25T16:18:44.947747Z,mmtc,uesimtun2,110023,1783,177826175,131169,,1,1
2025-11-25T16:18:45.197616Z,urllc,uesimtun0,77736,1260,442068127,4751269,,1,1
2025-11-25T16:18:45.197616Z,embb,uesimtun1,41162,495,1931160740,1404079,,1,1
2025-11-25T16:18:45.197616Z,mmtc,uesimtun2,110191,1785,177826343,131171,,1,1
2025-11-25T16:18:45.447514Z,urllc,uesimtun0,77820,1261,442839735,4756483,,1,1
2025-11-25T16:18:45.447514Z,embb,uesimtun1,41246,496,1935829592,1407473,,1,1
2025-11-25T16:18:45.447514Z,mmtc,uesimtun2,110275,1786,177826427,131172,,1,1
2025-11-25T16:18:45.697678Z,urllc,uesimtun0,77820,1261,443611107,4761696,,1,1
2025-11-25T16:18:45.697678Z,embb,uesimtun1,41246,496,1937527660,1408708,,1,1
2025-11-25T16:18:45.697678Z,mmtc,uesimtun2,110359,1787,177826511,131173,,1,1
2025-11-25T16:18:45.947767Z,urllc,uesimtun0,77988,1263,444381763,4766904,,1,1
2025-11-25T16:18:45.947767Z,embb,uesimtun1,41498,499,1940731240,1411039,,1,1
2025-11-25T16:18:45.947767Z,mmtc,uesimtun2,110527,1789,177826679,131175,,1,1
2025-11-25T16:18:46.200713Z,urllc,uesimtun0,78662,1274,445161794,4772181,,1,1
2025-11-25T16:18:46.200713Z,embb,uesimtun1,41666,501,1944079216,1413474,,1,1
2025-11-25T16:18:46.200713Z,mmtc,uesimtun2,110863,1793,177827015,131179,,1,1
2025-11-25T16:18:46.447962Z,urllc,uesimtun0,79255,1286,445927905,4777362,,1,1
2025-11-25T16:18:46.447962Z,embb,uesimtun1,41750,502,1948604964,1416764,,1,1
2025-11-25T16:18:46.447962Z,mmtc,uesimtun2,110947,1794,177827099,131180,,1,1
2025-11-25T16:18:46.697518Z,urllc,uesimtun0,79255,1286,446696109,4782553,,1,1
2025-11-25T16:18:46.697518Z,embb,uesimtun1,41750,502,1950364952,1418044,,1,1
2025-11-25T16:18:46.697518Z,mmtc,uesimtun2,111031,1795,177827183,131181,,1,1
2025-11-25T16:18:46.947997Z,urllc,uesimtun0,79507,1289,447469957,4787783,,1,1
2025-11-25T16:18:46.947997Z,embb,uesimtun1,41918,504,1953481760,1420311,,1,1
2025-11-25T16:18:46.947997Z,mmtc,uesimtun2,111199,1797,177827351,131183,,1,1
2025-11-25T16:18:47.197834Z,urllc,uesimtun0,79960,1297,448240623,4792994,,1,1
2025-11-25T16:18:47.197834Z,embb,uesimtun1,42086,506,1956683880,1422640,,1,1
2025-11-25T16:18:47.197834Z,mmtc,uesimtun2,111535,1801,177827687,131187,,1,1
2025-11-25T16:18:47.447547Z,urllc,uesimtun0,80044,1298,449008383,4798182,,1,1
2025-11-25T16:18:47.447547Z,embb,uesimtun1,42170,507,1961365116,1426043,,1,1
2025-11-25T16:18:47.447547Z,mmtc,uesimtun2,111619,1802,177827771,131188,,1,1
2025-11-25T16:18:47.697628Z,urllc,uesimtun0,80128,1299,449780139,4803397,,1,1
2025-11-25T16:18:47.697628Z,embb,uesimtun1,42170,507,1963060432,1427276,,1,1
2025-11-25T16:18:47.697628Z,mmtc,uesimtun2,111703,1803,177827855,131189,,1,1
2025-11-25T16:18:47.947768Z,urllc,uesimtun0,80380,1302,450550583,4808604,,1,1
2025-11-25T16:18:47.947768Z,embb,uesimtun1,42338,509,1966251544,1429597,,1,1
2025-11-25T16:18:47.947768Z,mmtc,uesimtun2,111871,1805,177828023,131191,,1,1
2025-11-25T16:18:48.199796Z,urllc,uesimtun0,80548,1304,451318279,4813792,,1,1
2025-11-25T16:18:48.199796Z,embb,uesimtun1,42590,512,1969532180,1431984,,1,1
2025-11-25T16:18:48.199796Z,mmtc,uesimtun2,112123,1808,177828275,131194,,1,1
2025-11-25T16:18:48.447730Z,urllc,uesimtun0,80632,1305,452095215,4819042,,1,1
2025-11-25T16:18:48.447730Z,embb,uesimtun1,42674,513,1974126728,1435324,,1,1
2025-11-25T16:18:48.447730Z,mmtc,uesimtun2,112207,1809,177828359,131195,,1,1
2025-11-25T16:18:48.697634Z,urllc,uesimtun0,80716,1306,452864011,4824237,,1,1
2025-11-25T16:18:48.697634Z,embb,uesimtun1,42758,514,1975833052,1436565,,1,1
2025-11-25T16:18:48.697634Z,mmtc,uesimtun2,112291,1810,177828443,131196,,1,1
2025-11-25T16:18:48.947540Z,urllc,uesimtun0,81466,1320,453635278,4829455,,1,1
2025-11-25T16:18:48.947540Z,embb,uesimtun1,42842,515,1979002148,1438870,,1,1
2025-11-25T16:18:48.947540Z,mmtc,uesimtun2,112543,1813,177828695,131199,,1,1
2025-11-25T16:18:49.197615Z,urllc,uesimtun0,81718,1323,454403058,4834644,,1,1
2025-11-25T16:18:49.197615Z,embb,uesimtun1,43262,520,1982304884,1441274,,1,1
2025-11-25T16:18:49.197615Z,mmtc,uesimtun2,112711,1815,177828863,131201,,1,1
2025-11-25T16:18:49.447767Z,urllc,uesimtun0,81802,1324,455168154,4839814,,1,1
2025-11-25T16:18:49.447767Z,embb,uesimtun1,43346,521,1986809992,1444549,,1,1
2025-11-25T16:18:49.447767Z,mmtc,uesimtun2,112795,1816,177828947,131202,,1,1
2025-11-25T16:18:49.699488Z,urllc,uesimtun0,81886,1325,455942426,4845046,,1,1
2025-11-25T16:18:49.699488Z,embb,uesimtun1,43346,521,1988523196,1445795,,1,1
2025-11-25T16:18:49.699488Z,mmtc,uesimtun2,112879,1817,177829031,131203,,1,1
2025-11-25T16:18:49.949839Z,urllc,uesimtun0,82484,1336,456716908,4850284,,1,1
2025-11-25T16:18:49.949839Z,embb,uesimtun1,43430,522,1991727984,1448125,,1,1
2025-11-25T16:18:49.949839Z,mmtc,uesimtun2,113047,1819,177829199,131205,,1,1
2025-11-25T16:18:50.200003Z,urllc,uesimtun0,83330,1351,457489295,4855510,,1,1
2025-11-25T16:18:50.200003Z,embb,uesimtun1,43766,526,1994922016,1450450,,1,1
2025-11-25T16:18:50.200003Z,mmtc,uesimtun2,113299,1822,177829451,131208,,1,1
2025-11-25T16:18:50.449870Z,urllc,uesimtun0,83414,1352,458259719,4860716,,1,1
2025-11-25T16:18:50.449870Z,embb,uesimtun1,43850,527,1999599124,1453850,,1,1
2025-11-25T16:18:50.449870Z,mmtc,uesimtun2,113383,1823,177829535,131209,,1,1
2025-11-25T16:18:50.699881Z,urllc,uesimtun0,83414,1352,459030439,4865924,,1,1
2025-11-25T16:18:50.699881Z,embb,uesimtun1,43934,528,2001332968,1455111,,1,1
2025-11-25T16:18:50.699881Z,mmtc,uesimtun2,113467,1824,177829619,131210,,1,1
2025-11-25T16:18:50.950196Z,urllc,uesimtun0,83498,1353,459802491,4871141,,1,1
2025-11-25T16:18:50.950196Z,embb,uesimtun1,44102,530,2004484176,1457403,,1,1
2025-11-25T16:18:50.950196Z,mmtc,uesimtun2,113635,1826,177829787,131212,,1,1
2025-11-25T16:18:51.199960Z,urllc,uesimtun0,84745,1375,460573524,4876361,,1,1
2025-11-25T16:18:51.199960Z,embb,uesimtun1,44438,534,2007674080,1459725,,1,1
2025-11-25T16:18:51.199960Z,mmtc,uesimtun2,113887,1829,177830039,131215,,1,1
2025-11-25T16:18:51.449935Z,urllc,uesimtun0,84829,1376,461344688,4881572,,1,1
2025-11-25T16:18:51.449935Z,embb,uesimtun1,44522,535,2012345684,1463121,,1,1
2025-11-25T16:18:51.449935Z,mmtc,uesimtun2,113971,1830,177830123,131216,,1,1
2025-11-25T16:18:51.699703Z,urllc,uesimtun0,84829,1376,462112152,4886758,,1,1
2025-11-25T16:18:51.699703Z,embb,uesimtun1,44522,535,2014042376,1464355,,1,1
2025-11-25T16:18:51.699703Z,mmtc,uesimtun2,114055,1831,177830207,131217,,1,1
2025-11-25T16:18:51.949831Z,urllc,uesimtun0,85170,1382,462886381,4891992,,1,1
2025-11-25T16:18:51.949831Z,embb,uesimtun1,44690,537,2017232112,1466675,,1,1
2025-11-25T16:18:51.949831Z,mmtc,uesimtun2,114139,1832,177830291,131218,,1,1
2025-11-25T16:18:52.199799Z,urllc,uesimtun0,85590,1387,463657585,4897205,,1,1
2025-11-25T16:18:52.199799Z,embb,uesimtun1,44942,540,2020434316,1469005,,1,1
2025-11-25T16:18:52.199799Z,mmtc,uesimtun2,114391,1835,177830543,131221,,1,1
2025-11-25T16:18:52.449770Z,urllc,uesimtun0,85674,1388,464427417,4902407,,1,1
2025-11-25T16:18:52.449770Z,embb,uesimtun1,45026,541,2025110048,1472404,,1,1
2025-11-25T16:18:52.449770Z,mmtc,uesimtun2,114475,1836,177830627,131222,,1,1
2025-11-25T16:18:52.699585Z,urllc,uesimtun0,85674,1388,465197841,4907613,,1,1
2025-11-25T16:18:52.699585Z,embb,uesimtun1,45026,541,2026802612,1473635,,1,1
2025-11-25T16:18:52.699585Z,mmtc,uesimtun2,114559,1837,177830711,131223,,1,1
2025-11-25T16:18:52.949820Z,urllc,uesimtun0,86015,1394,465970590,4912837,,1,1
2025-11-25T16:18:52.949820Z,embb,uesimtun1,45194,543,2030004732,1475964,,1,1
2025-11-25T16:18:52.949820Z,mmtc,uesimtun2,114643,1838,177830795,131224,,1,1
2025-11-25T16:18:53.199814Z,urllc,uesimtun0,86351,1398,466741710,4918049,,1,1
2025-11-25T16:18:53.199814Z,embb,uesimtun1,45446,546,2033194552,1478285,,1,1
2025-11-25T16:18:53.199814Z,mmtc,uesimtun2,115063,1843,177831215,131229,,1,1
2025-11-25T16:18:53.450017Z,urllc,uesimtun0,86435,1399,467513318,4923263,,1,1
2025-11-25T16:18:53.450017Z,embb,uesimtun1,45530,547,2037877164,1481689,,1,1
2025-11-25T16:18:53.450017Z,mmtc,uesimtun2,115147,1844,177831299,131230,,1,1
2025-11-25T16:18:53.703142Z,urllc,uesimtun0,86692,1404,468293911,4928540,,1,1
2025-11-25T16:18:53.703142Z,embb,uesimtun1,45530,547,2039626144,1482961,,1,1
2025-11-25T16:18:53.703142Z,mmtc,uesimtun2,115231,1845,177831383,131231,,1,1
2025-11-25T16:18:53.953515Z,urllc,uesimtun0,86860,1406,469064567,4933748,,1,1
2025-11-25T16:18:53.953515Z,embb,uesimtun1,45614,548,2042802036,1485270,,1,1
2025-11-25T16:18:53.953515Z,mmtc,uesimtun2,115315,1846,177831467,131232,,1,1
2025-11-25T16:18:54.203569Z,urllc,uesimtun0,87112,1409,469835751,4938960,,1,1
2025-11-25T16:18:54.203569Z,embb,uesimtun1,45866,551,2045993232,1487592,,1,1
2025-11-25T16:18:54.203569Z,mmtc,uesimtun2,115735,1851,177831887,131237,,1,1
2025-11-25T16:18:54.453458Z,urllc,uesimtun0,87196,1410,470606323,4944167,,1,1
2025-11-25T16:18:54.453458Z,embb,uesimtun1,45950,552,2050689604,1491006,,1,1
2025-11-25T16:18:54.453458Z,mmtc,uesimtun2,115819,1852,177831971,131238,,1,1
2025-11-25T16:18:54.703401Z,urllc,uesimtun0,87196,1410,471378079,4949382,,1,1
2025-11-25T16:18:54.703401Z,embb,uesimtun1,46034,553,2052387672,1492241,,1,1
2025-11-25T16:18:54.703401Z,mmtc,uesimtun2,115903,1853,177832055,131239,,1,1
2025-11-25T16:18:54.953413Z,urllc,uesimtun0,87364,1412,472148143,4954586,,1,1
2025-11-25T16:18:54.953413Z,embb,uesimtun1,46118,554,2055571820,1494556,,1,1
2025-11-25T16:18:54.953413Z,mmtc,uesimtun2,115987,1854,177832139,131240,,1,1
2025-11-25T16:18:55.203212Z,urllc,uesimtun0,87616,1415,472918883,4959795,,1,1
2025-11-25T16:18:55.203212Z,embb,uesimtun1,46454,558,2058754844,1496873,,1,1
2025-11-25T16:18:55.203212Z,mmtc,uesimtun2,116323,1858,177832475,131244,,1,1
2025-11-25T16:18:55.453434Z,urllc,uesimtun0,87700,1416,473690047,4965006,,1,1
2025-11-25T16:18:55.453434Z,embb,uesimtun1,46538,559,2063438832,1500278,,1,1
2025-11-25T16:18:55.453434Z,mmtc,uesimtun2,116407,1859,177832559,131245,,1,1
2025-11-25T16:18:55.703259Z,urllc,uesimtun0,87784,1417,474462099,4970223,,1,1
2025-11-25T16:18:55.703259Z,embb,uesimtun1,46538,559,2065134148,1501511,,1,1
2025-11-25T16:18:55.703259Z,mmtc,uesimtun2,116491,1860,177832643,131246,,1,1
2025-11-25T16:18:55.953683Z,urllc,uesimtun0,87952,1419,475234975,4975446,,1,1
2025-11-25T16:18:55.953683Z,embb,uesimtun1,46622,560,2068338936,1503841,,1,1
2025-11-25T16:18:55.953683Z,mmtc,uesimtun2,116659,1862,177832811,131248,,1,1
2025-11-25T16:18:56.203444Z,urllc,uesimtun0,88204,1422,476002903,4980636,,1,1
2025-11-25T16:18:56.203444Z,embb,uesimtun1,47042,565,2071513788,1506153,,1,1
2025-11-25T16:18:56.203444Z,mmtc,uesimtun2,116911,1865,177833063,131251,,1,1
2025-11-25T16:18:56.453348Z,urllc,uesimtun0,88288,1423,476775547,4985857,,1,1
2025-11-25T16:18:56.453348Z,embb,uesimtun1,47126,566,2076210160,1509567,,1,1
2025-11-25T16:18:56.453348Z,mmtc,uesimtun2,116995,1866,177833147,131252,,1,1
2025-11-25T16:18:56.703307Z,urllc,uesimtun0,88288,1423,477546267,4991065,,1,1
2025-11-25T16:18:56.703307Z,embb,uesimtun1,47126,566,2077893092,1510791,,1,1
2025-11-25T16:18:56.703307Z,mmtc,uesimtun2,117079,1867,177833231,131253,,1,1
2025-11-25T16:18:56.953765Z,urllc,uesimtun0,88372,1424,478318763,4996285,,1,1
2025-11-25T16:18:56.953765Z,embb,uesimtun1,47210,567,2081088248,1513114,,1,1
2025-11-25T16:18:56.953765Z,mmtc,uesimtun2,117247,1869,177833399,131255,,1,1
2025-11-25T16:18:57.203209Z,urllc,uesimtun0,88624,1427,479086839,5001476,,1,1
2025-11-25T16:18:57.203209Z,embb,uesimtun1,47546,571,2084276776,1515435,,1,1
2025-11-25T16:18:57.203209Z,mmtc,uesimtun2,117499,1872,177833651,131258,,1,1
2025-11-25T16:18:57.453447Z,urllc,uesimtun0,88708,1428,479859335,5006696,,1,1
2025-11-25T16:18:57.453447Z,embb,uesimtun1,47630,572,2088375964,1518415,,1,1
2025-11-25T16:18:57.453447Z,mmtc,uesimtun2,117583,1873,177833735,131259,,1,1
2025-11-25T16:18:57.703292Z,urllc,uesimtun0,88708,1428,480628427,5011893,,1,1
2025-11-25T16:18:57.703292Z,embb,uesimtun1,47630,572,2090072656,1519649,,1,1
2025-11-25T16:18:57.703292Z,mmtc,uesimtun2,117667,1874,177833819,131260,,1,1
2025-11-25T16:18:57.953449Z,urllc,uesimtun0,88792,1429,481400183,5017108,,1,1
2025-11-25T16:18:57.953449Z,embb,uesimtun1,47798,574,2093263768,1521970,,1,1
2025-11-25T16:18:57.953449Z,mmtc,uesimtun2,117835,1876,177833987,131262,,1,1
2025-11-25T16:18:58.203315Z,urllc,uesimtun0,89212,1434,482172275,5022327,,1,1
2025-11-25T16:18:58.203315Z,embb,uesimtun1,48134,578,2096453672,1524292,,1,1
2025-11-25T16:18:58.203315Z,mmtc,uesimtun2,118087,1879,177834239,131265,,1,1
2025-11-25T16:18:58.453458Z,urllc,uesimtun0,89296,1435,482942995,5027535,,1,1
2025-11-25T16:18:58.453458Z,embb,uesimtun1,48218,579,2101136284,1527696,,1,1
2025-11-25T16:18:58.453458Z,mmtc,uesimtun2,118171,1880,177834323,131266,,1,1
2025-11-25T16:18:58.703291Z,urllc,uesimtun0,89296,1435,483713863,5032744,,1,1
2025-11-25T16:18:58.703291Z,embb,uesimtun1,48302,580,2102831600,1528929,,1,1
2025-11-25T16:18:58.703291Z,mmtc,uesimtun2,118255,1881,177834407,131267,,1,1
2025-11-25T16:18:58.953491Z,urllc,uesimtun0,89380,1436,484483843,5037947,,1,1
2025-11-25T16:18:58.953491Z,embb,uesimtun1,48470,582,2106039224,1531262,,1,1
2025-11-25T16:18:58.953491Z,mmtc,uesimtun2,118339,1882,177834491,131268,,1,1
2025-11-25T16:18:59.203487Z,urllc,uesimtun0,89800,1441,485255787,5043165,,1,1
2025-11-25T16:18:59.203487Z,embb,uesimtun1,48722,585,2109212532,1533571,,1,1
2025-11-25T16:18:59.203487Z,mmtc,uesimtun2,118591,1885,177834743,131271,,1,1
2025-11-25T16:18:59.453445Z,urllc,uesimtun0,89884,1442,485892567,5047468,,1,1
2025-11-25T16:18:59.453445Z,embb,uesimtun1,48806,586,2113896520,1536976,,1,1
2025-11-25T16:18:59.453445Z,mmtc,uesimtun2,118675,1886,177834827,131272,,1,1
2025-11-25T16:18:59.703448Z,urllc,uesimtun0,89884,1442,486663731,5052679,,1,1
2025-11-25T16:18:59.703448Z,embb,uesimtun1,48890,587,2115591836,1538209,,1,1
2025-11-25T16:18:59.703448Z,mmtc,uesimtun2,118759,1887,177834911,131273,,1,1
2025-11-25T16:18:59.957804Z,urllc,uesimtun0,90253,1449,487444081,5057955,,1,1
2025-11-25T16:18:59.957804Z,embb,uesimtun1,49058,589,2118921924,1540631,,1,1
2025-11-25T16:18:59.957804Z,mmtc,uesimtun2,120187,1914,177837140,131287,,1,1
2025-11-25T16:19:00.203806Z,urllc,uesimtun0,90589,1453,488208541,5063122,,1,1
2025-11-25T16:19:00.203806Z,embb,uesimtun1,49310,592,2122074592,1542925,,1,1
2025-11-25T16:19:00.203806Z,mmtc,uesimtun2,120607,1919,177837560,131292,,1,1
2025-11-25T16:19:00.453785Z,urllc,uesimtun0,90673,1454,488903189,5067816,,1,1
2025-11-25T16:19:00.453785Z,embb,uesimtun1,49394,593,2126669140,1546265,,1,1
2025-11-25T16:19:00.453785Z,mmtc,uesimtun2,120691,1920,177837644,131293,,1,1
2025-11-25T16:19:00.703320Z,urllc,uesimtun0,90673,1454,489679829,5073064,,1,1
2025-11-25T16:19:00.703320Z,embb,uesimtun1,49478,594,2128365832,1547499,,1,1
2025-11-25T16:19:00.703320Z,mmtc,uesimtun2,120775,1921,177837728,131294,,1,1
2025-11-25T16:19:00.953471Z,urllc,uesimtun0,91126,1462,490451235,5078280,,1,1
2025-11-25T16:19:00.953471Z,embb,uesimtun1,49562,595,2131567868,1549827,,1,1
2025-11-25T16:19:00.953471Z,mmtc,uesimtun2,120859,1922,177839188,131296,,1,1
2025-11-25T16:19:01.203408Z,urllc,uesimtun0,91715,1472,491222985,5083500,,1,1
2025-11-25T16:19:01.203408Z,embb,uesimtun1,49814,598,2134742552,1552137,,1,1
2025-11-25T16:19:01.203408Z,mmtc,uesimtun2,121279,1927,177839608,131301,,1,1
2025-11-25T16:19:01.453454Z,urllc,uesimtun0,92124,1480,491994151,5088714,,1,1
2025-11-25T16:19:01.453454Z,embb,uesimtun1,49898,599,2139429292,1555544,,1,1
2025-11-25T16:19:01.453454Z,mmtc,uesimtun2,121363,1928,177841068,131303,,1,1
2025-11-25T16:19:01.703185Z,urllc,uesimtun0,92124,1480,492765019,5093923,,1,1
2025-11-25T16:19:01.703185Z,embb,uesimtun1,49898,599,2141102592,1556761,,1,1
2025-11-25T16:19:01.703185Z,mmtc,uesimtun2,121447,1929,177841152,131304,,1,1
2025-11-25T16:19:01.953467Z,urllc,uesimtun0,92549,1487,493536372,5099138,,1,1
2025-11-25T16:19:01.953467Z,embb,uesimtun1,49982,600,2144328020,1559106,,1,1
2025-11-25T16:19:01.953467Z,mmtc,uesimtun2,122073,1941,177841795,131314,,1,1
2025-11-25T16:19:02.203553Z,urllc,uesimtun0,93058,1495,494308993,5104362,,1,1
2025-11-25T16:19:02.203553Z,embb,uesimtun1,50318,604,2147493156,1561410,,1,1
2025-11-25T16:19:02.203553Z,mmtc,uesimtun2,122409,1945,177842131,131318,,1,1
2025-11-25T16:19:02.453547Z,urllc,uesimtun0,93427,1502,495031919,5109250,,1,1
2025-11-25T16:19:02.453547Z,embb,uesimtun1,50402,605,2152188152,1564823,,1,1
2025-11-25T16:19:02.453547Z,mmtc,uesimtun2,122493,1946,177843591,131320,,1,1
2025-11-25T16:19:02.703383Z,urllc,uesimtun0,93427,1502,495802343,5114456,,1,1
2025-11-25T16:19:02.703383Z,embb,uesimtun1,50486,606,2153887596,1566059,,1,1
2025-11-25T16:19:02.703383Z,mmtc,uesimtun2,122577,1947,177843675,131321,,1,1
2025-11-25T16:19:02.953529Z,urllc,uesimtun0,94434,1521,496575196,5119687,,1,1
2025-11-25T16:19:02.953529Z,embb,uesimtun1,50570,607,2157066240,1568370,,1,1
2025-11-25T16:19:02.953529Z,mmtc,uesimtun2,122745,1949,177843843,131323,,1,1
2025-11-25T16:19:03.203489Z,urllc,uesimtun0,95240,1535,497346199,5124903,,1,1
2025-11-25T16:19:03.203489Z,embb,uesimtun1,50990,612,2160242468,1570683,,1,1
2025-11-25T16:19:03.203489Z,mmtc,uesimtun2,122997,1952,177844095,131326,,1,1
2025-11-25T16:19:03.453814Z,urllc,uesimtun0,95324,1536,498118695,5130123,,1,1
2025-11-25T16:19:03.453814Z,embb,uesimtun1,51074,613,2164951224,1574106,,1,1
2025-11-25T16:19:03.453814Z,mmtc,uesimtun2,123081,1953,177845555,131328,,1,1
2025-11-25T16:19:03.703385Z,urllc,uesimtun0,95324,1536,498888527,5135325,,1,1
2025-11-25T16:19:03.703385Z,embb,uesimtun1,51158,614,2166658924,1575348,,1,1
2025-11-25T16:19:03.703385Z,mmtc,uesimtun2,123165,1954,177845639,131329,,1,1
2025-11-25T16:19:03.953811Z,urllc,uesimtun0,95408,1537,499661763,5140550,,1,1
2025-11-25T16:19:03.953811Z,embb,uesimtun1,51242,615,2169836192,1577658,,1,1
2025-11-25T16:19:03.953811Z,mmtc,uesimtun2,123875,1967,177846366,131340,,1,1
2025-11-25T16:19:04.203721Z,urllc,uesimtun0,95917,1545,500431128,5145752,,1,1
2025-11-25T16:19:04.203721Z,embb,uesimtun1,51578,619,2173090768,1580027,,1,1
2025-11-25T16:19:04.203721Z,mmtc,uesimtun2,124127,1970,177847994,131344,,1,1
2025-11-25T16:19:04.453454Z,urllc,uesimtun0,96001,1546,501201404,5150957,,1,1
2025-11-25T16:19:04.453454Z,embb,uesimtun1,51662,620,2177697700,1583376,,1,1
2025-11-25T16:19:04.453454Z,mmtc,uesimtun2,124211,1971,177848078,131345,,1,1
2025-11-25T16:19:04.703338Z,urllc,uesimtun0,96001,1546,501971532,5156161,,1,1
2025-11-25T16:19:04.703338Z,embb,uesimtun1,51662,620,2179395768,1584611,,1,1
2025-11-25T16:19:04.703338Z,mmtc,uesimtun2,124295,1972,177848162,131346,,1,1
2025-11-25T16:19:04.953479Z,urllc,uesimtun0,96330,1552,502743995,5161385,,1,1
2025-11-25T16:19:04.953479Z,embb,uesimtun1,51830,622,2182602016,1586943,,1,1
2025-11-25T16:19:04.953479Z,mmtc,uesimtun2,125057,1986,177850317,131359,,1,1
2025-11-25T16:19:05.203454Z,urllc,uesimtun0,96666,1556,503514163,5166591,,1,1
2025-11-25T16:19:05.203454Z,embb,uesimtun1,52166,626,2185774032,1589252,,1,1
2025-11-25T16:19:05.203454Z,mmtc,uesimtun2,125309,1989,177850569,131362,,1,1
2025-11-25T16:19:05.453480Z,urllc,uesimtun0,96834,1558,504285031,5171800,,1,1
2025-11-25T16:19:05.453480Z,embb,uesimtun1,52250,627,2190473156,1592668,,1,1
2025-11-25T16:19:05.453480Z,mmtc,uesimtun2,125393,1990,177850653,131363,,1,1
2025-11-25T16:19:05.704132Z,urllc,uesimtun0,96834,1558,505059895,5177036,,1,1
2025-11-25T16:19:05.704132Z,embb,uesimtun1,52250,627,2192179480,1593909,,1,1
2025-11-25T16:19:05.704132Z,mmtc,uesimtun2,125477,1991,177850737,131364,,1,1
2025-11-25T16:19:05.954546Z,urllc,uesimtun0,96918,1559,505830023,5182240,,1,1
2025-11-25T16:19:05.954546Z,embb,uesimtun1,52418,629,2195409120,1596258,,1,1
2025-11-25T16:19:05.954546Z,mmtc,uesimtun2,125561,1992,177852197,131366,,1,1
2025-11-25T16:19:06.204427Z,urllc,uesimtun0,97551,1569,506602633,5187465,,1,1
2025-11-25T16:19:06.204427Z,embb,uesimtun1,52586,631,2198546568,1598540,,1,1
2025-11-25T16:19:06.204427Z,mmtc,uesimtun2,125813,1995,177852449,131369,,1,1
2025-11-25T16:19:06.454553Z,urllc,uesimtun0,97719,1571,507372993,5192671,,1,1
2025-11-25T16:19:06.454553Z,embb,uesimtun1,52754,633,2203241648,1601954,,1,1
2025-11-25T16:19:06.454553Z,mmtc,uesimtun2,125897,1996,177853909,131371,,1,1
2025-11-25T16:19:06.704319Z,urllc,uesimtun0,97719,1571,508143417,5197877,,1,1
2025-11-25T16:19:06.704319Z,embb,uesimtun1,52754,633,2204947972,1603195,,1,1
2025-11-25T16:19:06.704319Z,mmtc,uesimtun2,125981,1997,177853993,131372,,1,1
2025-11-25T16:19:06.954434Z,urllc,uesimtun0,97803,1572,508915321,5203093,,1,1
2025-11-25T16:19:06.954434Z,embb,uesimtun1,52922,635,2208122572,1605504,,1,1
2025-11-25T16:19:06.954434Z,mmtc,uesimtun2,126065,1998,177854077,131373,,1,1
2025-11-25T16:19:07.204438Z,urllc,uesimtun0,98312,1580,509686018,5208304,,1,1
2025-11-25T16:19:07.204438Z,embb,uesimtun1,53090,637,2211330196,1607837,,1,1
2025-11-25T16:19:07.204438Z,mmtc,uesimtun2,126401,2002,177854413,131377,,1,1
2025-11-25T16:19:07.454426Z,urllc,uesimtun0,98480,1582,510279666,5212316,,1,1
2025-11-25T16:19:07.454426Z,embb,uesimtun1,53258,639,2215382684,1610784,,1,1
2025-11-25T16:19:07.454426Z,mmtc,uesimtun2,126569,2004,177855957,131380,,1,1
2025-11-25T16:19:07.704280Z,urllc,uesimtun0,98480,1582,511049350,5217517,,1,1
2025-11-25T16:19:07.704280Z,embb,uesimtun1,53258,639,2217094512,1612029,,1,1
2025-11-25T16:19:07.704280Z,mmtc,uesimtun2,126653,2005,177856041,131381,,1,1
2025-11-25T16:19:07.954878Z,urllc,uesimtun0,98648,1584,511823558,5222749,,1,1
2025-11-25T16:19:07.954878Z,embb,uesimtun1,53342,640,2220295172,1614356,,1,1
2025-11-25T16:19:07.954878Z,mmtc,uesimtun2,127749,2026,177857409,131399,,1,1
2025-11-25T16:19:08.204430Z,urllc,uesimtun0,98816,1586,512593326,5227951,,1,1
2025-11-25T16:19:08.204430Z,embb,uesimtun1,53510,642,2223523436,1616704,,1,1
2025-11-25T16:19:08.204430Z,mmtc,uesimtun2,128527,2033,177858006,131408,,1,1
2025-11-25T16:19:08.454489Z,urllc,uesimtun0,98984,1588,513336750,5232975,,1,1
2025-11-25T16:19:08.454489Z,embb,uesimtun1,53678,644,2228140084,1620061,,1,1
2025-11-25T16:19:08.454489Z,mmtc,uesimtun2,128695,2035,177858174,131410,,1,1
2025-11-25T16:19:08.704276Z,urllc,uesimtun0,99068,1589,514105546,5238170,,1,1
2025-11-25T16:19:08.704276Z,embb,uesimtun1,53678,644,2229838152,1621296,,1,1
2025-11-25T16:19:08.704276Z,mmtc,uesimtun2,128779,2036,177858258,131411,,1,1
2025-11-25T16:19:08.954443Z,urllc,uesimtun0,99236,1591,514877534,5243387,,1,1
2025-11-25T16:19:08.954443Z,embb,uesimtun1,53762,645,2233029180,1623616,,1,1
2025-11-25T16:19:08.954443Z,mmtc,uesimtun2,128863,2037,177858342,131412,,1,1
2025-11-25T16:19:09.204414Z,urllc,uesimtun0,99661,1598,515648295,5248598,,1,1
2025-11-25T16:19:09.204414Z,embb,uesimtun1,54014,648,2236205240,1625927,,1,1
2025-11-25T16:19:09.204414Z,mmtc,uesimtun2,129115,2040,177858594,131415,,1,1
2025-11-25T16:19:09.454525Z,urllc,uesimtun0,99829,1600,516420283,5253815,,1,1
2025-11-25T16:19:09.454525Z,embb,uesimtun1,54182,650,2240915456,1629352,,1,1
2025-11-25T16:19:09.454525Z,mmtc,uesimtun2,129283,2042,177858762,131417,,1,1
2025-11-25T16:19:09.705165Z,urllc,uesimtun0,99829,1600,517193667,5259041,,1,1
2025-11-25T16:19:09.705165Z,embb,uesimtun1,54182,650,2242610772,1630585,,1,1
2025-11-25T16:19:09.705165Z,mmtc,uesimtun2,129367,2043,177858846,131418,,1,1
2025-11-25T16:19:09.955475Z,urllc,uesimtun0,100282,1608,517964333,5264252,,1,1
2025-11-25T16:19:09.955475Z,embb,uesimtun1,54266,651,2245789416,1632896,,1,1
2025-11-25T16:19:09.955475Z,mmtc,uesimtun2,130630,2067,178004868,131546,,1,1
2025-11-25T16:19:10.205567Z,urllc,uesimtun0,100450,1610,518736321,5269469,,1,1
2025-11-25T16:19:10.205567Z,embb,uesimtun1,54518,654,2249041156,1635262,,1,1
2025-11-25T16:19:10.205567Z,mmtc,uesimtun2,130798,2069,178668268,132030,,1,1
2025-11-25T16:19:10.455357Z,urllc,uesimtun0,100534,1611,519506597,5274674,,1,1
2025-11-25T16:19:10.455357Z,embb,uesimtun1,54602,655,2253228492,1638307,,1,1
2025-11-25T16:19:10.455357Z,mmtc,uesimtun2,130966,2071,179910964,132935,,1,1
2025-11-25T16:19:10.820116Z,urllc,uesimtun0,100534,1611,520631481,5282275,,1,1
2025-11-25T16:19:10.820116Z,embb,uesimtun1,54602,655,2256393376,1640608,,1,1
2025-11-25T16:19:10.820116Z,mmtc,uesimtun2,130966,2071,180252356,133185,,1,1
2025-11-25T16:19:11.070838Z,urllc,uesimtun0,100618,1612,521405753,5287507,,1,1
2025-11-25T16:19:11.070838Z,embb,uesimtun1,54686,656,2259595412,1642936,,1,1
2025-11-25T16:19:11.070838Z,mmtc,uesimtun2,131444,2079,180455518,133342,,1,1
2025-11-25T16:19:11.320600Z,urllc,uesimtun0,100702,1613,522174549,5292702,,1,1
2025-11-25T16:19:11.320600Z,embb,uesimtun1,54938,659,2264265808,1646333,,1,1
2025-11-25T16:19:11.320600Z,mmtc,uesimtun2,132143,2086,180455947,133349,,1,1
2025-11-25T16:19:11.684332Z,urllc,uesimtun0,100702,1613,523296113,5300281,,1,1
2025-11-25T16:19:11.684332Z,embb,uesimtun1,54938,659,2267448580,1648647,,1,1
2025-11-25T16:19:11.684332Z,mmtc,uesimtun2,132143,2086,180456031,133350,,1,1
2025-11-25T16:19:11.934501Z,urllc,uesimtun0,100786,1614,524067277,5305492,,1,1
2025-11-25T16:19:11.934501Z,embb,uesimtun1,55022,660,2270620344,1650953,,1,1
2025-11-25T16:19:11.934501Z,mmtc,uesimtun2,133149,2105,180527412,133419,,1,1
2025-11-25T16:19:12.184577Z,urllc,uesimtun0,101038,1617,524837869,5310700,,1,1
2025-11-25T16:19:12.184577Z,embb,uesimtun1,55358,664,2273797864,1653266,,1,1
2025-11-25T16:19:12.184577Z,mmtc,uesimtun2,133602,2113,181152590,133880,,1,1
2025-11-25T16:19:12.434586Z,urllc,uesimtun0,101206,1619,525609709,5315916,,1,1
2025-11-25T16:19:12.434586Z,embb,uesimtun1,55442,665,2278481936,1656672,,1,1
2025-11-25T16:19:12.434586Z,mmtc,uesimtun2,133686,2114,182117334,134583,,1,1
2025-11-25T16:19:12.701613Z,urllc,uesimtun0,101491,1625,526432683,5321480,,1,1
2025-11-25T16:19:12.701613Z,embb,uesimtun1,55526,666,2280408420,1658073,,1,1
2025-11-25T16:19:12.701613Z,mmtc,uesimtun2,133686,2114,182451786,134827,,1,1
2025-11-25T16:19:12.952068Z,urllc,uesimtun0,101575,1626,527206363,5326708,,1,1
2025-11-25T16:19:12.952068Z,embb,uesimtun1,55610,667,2283677880,1660450,,1,1
2025-11-25T16:19:12.952068Z,mmtc,uesimtun2,134830,2137,183091662,135314,,1,1
2025-11-25T16:19:13.201805Z,urllc,uesimtun0,102168,1635,527978032,5331926,,1,1
2025-11-25T16:19:13.201805Z,embb,uesimtun1,55991,673,2285794814,1661994,,1,1
2025-11-25T16:19:13.201805Z,mmtc,uesimtun2,134930,2139,183687755,135751,,1,1
2025-11-25T16:19:13.451780Z,urllc,uesimtun0,102252,1636,528748900,5337135,,1,1
2025-11-25T16:19:13.451780Z,embb,uesimtun1,56609,678,2285795243,1662001,,1,1
2025-11-25T16:19:13.451780Z,mmtc,uesimtun2,135115,2143,184608677,136426,,1,1
2025-11-25T16:19:13.701893Z,urllc,uesimtun0,102252,1636,529519768,5342344,,1,1
2025-11-25T16:19:13.701893Z,embb,uesimtun1,56693,679,2285795327,1662002,,1,1
2025-11-25T16:19:13.701893Z,mmtc,uesimtun2,135199,2144,184937625,136666,,1,1
2025-11-25T16:19:13.951854Z,urllc,uesimtun0,102633,1643,530290942,5347558,,1,1
2025-11-25T16:19:13.951854Z,embb,uesimtun1,56777,680,2285795411,1662003,,1,1
2025-11-25T16:19:13.951854Z,mmtc,uesimtun2,135568,2151,185575103,137135,,1,1
2025-11-25T16:19:14.201956Z,urllc,uesimtun0,102801,1645,531062486,5352772,,1,1
2025-11-25T16:19:14.201956Z,embb,uesimtun1,56945,682,2285795579,1662005,,1,1
2025-11-25T16:19:14.201956Z,mmtc,uesimtun2,135820,2154,186186383,137583,,1,1
2025-11-25T16:19:14.452263Z,urllc,uesimtun0,102885,1646,531834538,5357989,,1,1
2025-11-25T16:19:14.452263Z,embb,uesimtun1,57383,690,2285796312,1662015,,1,1
2025-11-25T16:19:14.452263Z,mmtc,uesimtun2,135988,2156,187111139,138256,,1,1
2025-11-25T16:19:14.702088Z,urllc,uesimtun0,103137,1649,532604982,5363196,,1,1
2025-11-25T16:19:14.702088Z,embb,uesimtun1,57605,693,2290818848,1665667,,1,1
2025-11-25T16:19:14.702088Z,mmtc,uesimtun2,136072,2157,187444215,138499,,1,1
2025-11-25T16:19:14.951921Z,urllc,uesimtun0,103221,1650,533375110,5368400,,1,1
2025-11-25T16:19:14.951921Z,embb,uesimtun1,57689,694,2300430292,1672653,,1,1
2025-11-25T16:19:14.951921Z,mmtc,uesimtun2,136156,2158,188067627,138953,,1,1
2025-11-25T16:19:15.202188Z,urllc,uesimtun0,103389,1652,534147246,5373618,,1,1
2025-11-25T16:19:15.202188Z,embb,uesimtun1,57857,696,2309959260,1679580,,1,1
2025-11-25T16:19:15.202188Z,mmtc,uesimtun2,136777,2168,188686093,139411,,1,1
2025-11-25T16:19:15.451831Z,urllc,uesimtun0,103473,1653,534916634,5378817,,1,1
2025-11-25T16:19:15.451831Z,embb,uesimtun1,57941,697,2323932624,1689736,,1,1
2025-11-25T16:19:15.451831Z,mmtc,uesimtun2,136945,2170,189891637,140289,,1,1
2025-11-25T16:19:15.783943Z,urllc,uesimtun0,103641,1655,535940898,5385739,,1,1
2025-11-25T16:19:15.783943Z,embb,uesimtun1,58025,698,2332199800,1695746,,1,1
2025-11-25T16:19:15.783943Z,mmtc,uesimtun2,137029,2171,190133897,140466,,1,1
2025-11-25T16:19:16.034241Z,urllc,uesimtun0,103725,1656,536712506,5390953,,1,1
2025-11-25T16:19:16.034241Z,embb,uesimtun1,58193,700,2341823712,1702742,,1,1
2025-11-25T16:19:16.034241Z,mmtc,uesimtun2,137843,2187,190762503,140940,,1,1
2025-11-25T16:19:16.285015Z,urllc,uesimtun0,104089,1661,537486851,5396188,,1,1
2025-11-25T16:19:16.285015Z,embb,uesimtun1,58361,702,2355777896,1712885,,1,1
2025-11-25T16:19:16.285015Z,mmtc,uesimtun2,138268,2194,191971408,141828,,1,1
2025-11-25T16:19:16.650540Z,urllc,uesimtun0,104194,1663,538611935,5403791,,1,1
2025-11-25T16:19:16.650540Z,embb,uesimtun1,58445,703,2365350812,1719843,,1,1
2025-11-25T16:19:16.650540Z,mmtc,uesimtun2,138722,2203,192298082,142073,,1,1
2025-11-25T16:19:16.900835Z,urllc,uesimtun0,104362,1665,539385847,5409021,,1,1
2025-11-25T16:19:16.900835Z,embb,uesimtun1,58613,705,2374959588,1726828,,1,1
2025-11-25T16:19:16.900835Z,mmtc,uesimtun2,139524,2218,192924994,142541,,1,1
2025-11-25T16:19:17.151039Z,urllc,uesimtun0,104530,1667,540156799,5414231,,1,1
2025-11-25T16:19:17.151039Z,embb,uesimtun1,58781,707,2384525708,1733782,,1,1
2025-11-25T16:19:17.151039Z,mmtc,uesimtun2,139989,2226,193547307,142998,,1,1
2025-11-25T16:19:17.402834Z,urllc,uesimtun0,104698,1669,540925087,5419423,,1,1
2025-11-25T16:19:17.402834Z,embb,uesimtun1,58949,709,2398657396,1744054,,1,1
2025-11-25T16:19:17.402834Z,mmtc,uesimtun2,140454,2234,194761413,143887,,1,1
2025-11-25T16:19:17.687106Z,urllc,uesimtun0,104698,1669,541810359,5425405,,1,1
2025-11-25T16:19:17.687106Z,embb,uesimtun1,58949,709,2405006344,1748669,,1,1
2025-11-25T16:19:17.687106Z,mmtc,uesimtun2,140622,2236,194881353,143977,,1,1
2025-11-25T16:19:17.937224Z,urllc,uesimtun0,105380,1681,542581077,5430618,,1,1
2025-11-25T16:19:17.937224Z,embb,uesimtun1,59117,711,2414582096,1755630,,1,1
2025-11-25T16:19:17.937224Z,mmtc,uesimtun2,141958,2263,195511687,144458,,1,1
2025-11-25T16:19:18.187439Z,urllc,uesimtun0,105749,1688,543352251,5435832,,1,1
2025-11-25T16:19:18.187439Z,embb,uesimtun1,59201,712,2424201796,1762622,,1,1
2025-11-25T16:19:18.187439Z,mmtc,uesimtun2,142636,2276,196135594,144920,,1,1
2025-11-25T16:19:18.437348Z,urllc,uesimtun0,105833,1689,544123711,5441045,,1,1
2025-11-25T16:19:18.437348Z,embb,uesimtun1,59369,714,2438234412,1772822,,1,1
2025-11-25T16:19:18.437348Z,mmtc,uesimtun2,142804,2278,197342514,145799,,1,1
2025-11-25T16:19:18.687676Z,urllc,uesimtun0,105833,1689,544894431,5446253,,1,1
2025-11-25T16:19:18.687676Z,embb,uesimtun1,59453,715,2443591348,1776717,,1,1
2025-11-25T16:19:18.687676Z,mmtc,uesimtun2,142888,2279,197403142,145844,,1,1
2025-11-25T16:19:18.938116Z,urllc,uesimtun0,106515,1701,545668701,5451490,,1,1
2025-11-25T16:19:18.938116Z,embb,uesimtun1,59621,717,2452898780,1783483,,1,1
2025-11-25T16:19:18.938116Z,mmtc,uesimtun2,143666,2294,198008038,146296,,1,1
2025-11-25T16:19:19.187949Z,urllc,uesimtun0,107197,1713,546440455,5456710,,1,1
2025-11-25T16:19:19.187949Z,embb,uesimtun1,59789,719,2462502052,1790464,,1,1
2025-11-25T16:19:19.187949Z,mmtc,uesimtun2,144091,2301,198634539,146757,,1,1
2025-11-25T16:19:19.438197Z,urllc,uesimtun0,107365,1715,547212591,5461928,,1,1
2025-11-25T16:19:19.438197Z,embb,uesimtun1,60041,722,2476548512,1800675,,1,1
2025-11-25T16:19:19.438197Z,mmtc,uesimtun2,144259,2303,199841459,147636,,1,1
2025-11-25T16:19:19.687979Z,urllc,uesimtun0,107449,1716,547982211,5467129,,1,1
2025-11-25T16:19:19.687979Z,embb,uesimtun1,60125,723,2481844904,1804526,,1,1
2025-11-25T16:19:19.687979Z,mmtc,uesimtun2,144427,2305,200185627,147888,,1,1
2025-11-25T16:19:19.937860Z,urllc,uesimtun0,107617,1718,548753311,5472340,,1,1
2025-11-25T16:19:19.937860Z,embb,uesimtun1,60209,724,2491174352,1811308,,1,1
2025-11-25T16:19:19.937860Z,mmtc,uesimtun2,144511,2306,200502191,148119,,1,1
2025-11-25T16:19:20.187865Z,urllc,uesimtun0,107785,1720,549522339,5477537,,1,1
2025-11-25T16:19:20.187865Z,embb,uesimtun1,60377,726,2500783128,1818293,,1,1
2025-11-25T16:19:20.187865Z,mmtc,uesimtun2,144511,2306,201129731,148576,,1,1
2025-11-25T16:19:20.490317Z,urllc,uesimtun0,108294,1728,549836160,5479661,,1,1
2025-11-25T16:19:20.490317Z,embb,uesimtun1,60545,728,2516900384,1830008,,1,1
2025-11-25T16:19:20.490317Z,mmtc,uesimtun2,144932,2314,202470397,149557,,1,1
2025-11-25T16:19:20.810123Z,urllc,uesimtun0,108635,1734,551331593,5489768,,1,1
2025-11-25T16:19:20.810123Z,embb,uesimtun1,60545,728,2524599188,1835604,,1,1
2025-11-25T16:19:20.810123Z,mmtc,uesimtun2,145100,2316,202678341,149710,,1,1
2025-11-25T16:19:21.060226Z,urllc,uesimtun0,109233,1745,552104003,5494992,,1,1
2025-11-25T16:19:21.060226Z,embb,uesimtun1,60713,730,2534162640,1842557,,1,1
2025-11-25T16:19:21.060226Z,mmtc,uesimtun2,145237,2318,202918094,149889,,1,1
2025-11-25T16:19:21.389617Z,urllc,uesimtun0,109485,1748,553117907,5501844,,1,1
2025-11-25T16:19:21.389617Z,embb,uesimtun1,60797,731,2550733892,1854601,,1,1
2025-11-25T16:19:21.389617Z,mmtc,uesimtun2,146311,2331,202919317,149903,,1,1
2025-11-25T16:19:21.636287Z,urllc,uesimtun0,109485,1748,553879155,5506988,,1,1
2025-11-25T16:19:21.636287Z,embb,uesimtun1,60797,731,2555727480,1858231,,1,1
2025-11-25T16:19:21.636287Z,mmtc,uesimtun2,146395,2332,202919401,149904,,1,1
2025-11-25T16:19:21.887325Z,urllc,uesimtun0,109653,1750,554654843,5512230,,1,1
2025-11-25T16:19:21.887325Z,embb,uesimtun1,60881,732,2565559084,1865377,,1,1
2025-11-25T16:19:21.887325Z,mmtc,uesimtun2,146754,2338,202924061,149914,,1,1
2025-11-25T16:19:22.136969Z,urllc,uesimtun0,109821,1752,555424611,5517432,,1,1
2025-11-25T16:19:22.136969Z,embb,uesimtun1,60965,733,2574865056,1872141,,1,1
2025-11-25T16:19:22.136969Z,mmtc,uesimtun2,147532,2353,202930337,149930,,1,1
2025-11-25T16:19:22.386856Z,urllc,uesimtun0,109905,1753,556194887,5522637,,1,1
2025-11-25T16:19:22.386856Z,embb,uesimtun1,61049,734,2588909972,1882349,,1,1
2025-11-25T16:19:22.386856Z,mmtc,uesimtun2,147700,2355,202938845,149939,,1,1
2025-11-25T16:19:22.708216Z,urllc,uesimtun0,109905,1753,557185683,5529332,,1,1
2025-11-25T16:19:22.708216Z,embb,uesimtun1,61133,735,2596725736,1888030,,1,1
2025-11-25T16:19:22.708216Z,mmtc,uesimtun2,147700,2355,202941765,149943,,1,1
2025-11-25T16:19:22.958402Z,urllc,uesimtun0,109989,1754,557955959,5534537,,1,1
2025-11-25T16:19:22.958402Z,embb,uesimtun1,61301,737,2606294608,1894986,,1,1
2025-11-25T16:19:22.958402Z,mmtc,uesimtun2,148213,2364,202947944,149957,,1,1
2025-11-25T16:19:23.208369Z,urllc,uesimtun0,110454,1762,558727217,5539752,,1,1
2025-11-25T16:19:23.208369Z,embb,uesimtun1,61469,739,2615937784,1901996,,1,1
2025-11-25T16:19:23.208369Z,mmtc,uesimtun2,148538,2369,202953810,149966,,1,1
2025-11-25T16:19:23.458496Z,urllc,uesimtun0,110538,1763,559498529,5544964,,1,1
2025-11-25T16:19:23.458496Z,embb,uesimtun1,61553,740,2629949760,1912181,,1,1
2025-11-25T16:19:23.458496Z,mmtc,uesimtun2,148766,2372,202961143,149977,,1,1
2025-11-25T16:19:23.708892Z,urllc,uesimtun0,110538,1763,560262737,5550128,,1,1
2025-11-25T16:19:23.708892Z,embb,uesimtun1,61637,741,2635159380,1915968,,1,1
2025-11-25T16:19:23.708892Z,mmtc,uesimtun2,148850,2373,202964032,149981,,1,1
2025-11-25T16:19:23.958468Z,urllc,uesimtun0,110790,1766,561040877,5555387,,1,1
2025-11-25T16:19:23.958468Z,embb,uesimtun1,61889,744,2644501296,1922760,,1,1
2025-11-25T16:19:23.958468Z,mmtc,uesimtun2,149751,2384,202965104,149995,,1,1
2025-11-25T16:19:24.208574Z,urllc,uesimtun0,110958,1768,561811089,5560592,,1,1
2025-11-25T16:19:24.208574Z,embb,uesimtun1,62057,746,2654067416,1929714,,1,1
2025-11-25T16:19:24.208574Z,mmtc,uesimtun2,150202,2392,203494051,150386,,1,1
2025-11-25T16:19:24.458335Z,urllc,uesimtun0,111042,1769,562581661,5565799,,1,1
2025-11-25T16:19:24.458335Z,embb,uesimtun1,62141,747,2667458900,1939449,,1,1
2025-11-25T16:19:24.458335Z,mmtc,uesimtun2,150202,2392,204471095,151097,,1,1
2025-11-25T16:19:24.708666Z,urllc,uesimtun0,111126,1770,563352529,5571008,,1,1
2025-11-25T16:19:24.708666Z,embb,uesimtun1,62309,749,2672652008,1943224,,1,1
2025-11-25T16:19:24.708666Z,mmtc,uesimtun2,150286,2393,204820683,151352,,1,1
2025-11-25T16:19:24.958523Z,urllc,uesimtun0,111378,1773,564124157,5576223,,1,1
2025-11-25T16:19:24.958523Z,embb,uesimtun1,62477,751,2682193360,1950160,,1,1
2025-11-25T16:19:24.958523Z,mmtc,uesimtun2,151024,2407,205783371,152064,,1,1
2025-11-25T16:19:25.208339Z,urllc,uesimtun0,111799,1781,564896419,5581445,,1,1
2025-11-25T16:19:25.208339Z,embb,uesimtun1,62477,751,2691682340,1957057,,1,1
2025-11-25T16:19:25.208339Z,mmtc,uesimtun2,151192,2409,206127455,152315,,1,1
2025-11-25T16:19:25.458332Z,urllc,uesimtun0,111883,1782,565666779,5586651,,1,1
2025-11-25T16:19:25.458332Z,embb,uesimtun1,62561,752,2702945068,1965244,,1,1
2025-11-25T16:19:25.458332Z,mmtc,uesimtun2,151276,2410,207400339,153241,,1,1
2025-11-25T16:19:25.735747Z,urllc,uesimtun0,111883,1782,566523339,5592439,,1,1
2025-11-25T16:19:25.735747Z,embb,uesimtun1,62645,753,2709106880,1969723,,1,1
2025-11-25T16:19:25.735747Z,mmtc,uesimtun2,151360,2411,207516007,153326,,1,1
2025-11-25T16:19:25.986136Z,urllc,uesimtun0,112051,1784,567294735,5597652,,1,1
2025-11-25T16:19:25.986136Z,embb,uesimtun1,62813,755,2718638600,1976652,,1,1
2025-11-25T16:19:25.986136Z,mmtc,uesimtun2,151612,2414,208173987,153807,,1,1
2025-11-25T16:19:26.236234Z,urllc,uesimtun0,112219,1786,568066871,5602870,,1,1
2025-11-25T16:19:26.236234Z,embb,uesimtun1,62981,757,2728287280,1983666,,1,1
2025-11-25T16:19:26.236234Z,mmtc,uesimtun2,152117,2423,208833617,154294,,1,1
2025-11-25T16:19:26.486035Z,urllc,uesimtun0,112303,1787,568837143,5608076,,1,1
2025-11-25T16:19:26.486035Z,embb,uesimtun1,63065,758,2741795640,1993485,,1,1
2025-11-25T16:19:26.486035Z,mmtc,uesimtun2,152201,2424,209763877,154971,,1,1
2025-11-25T16:19:26.736418Z,urllc,uesimtun0,112387,1788,569607567,5613282,,1,1
2025-11-25T16:19:26.736418Z,embb,uesimtun1,63149,759,2747426316,1997578,,1,1
2025-11-25T16:19:26.736418Z,mmtc,uesimtun2,152285,2425,210149241,155252,,1,1
2025-11-25T16:19:26.986265Z,urllc,uesimtun0,112555,1790,570375559,5618472,,1,1
2025-11-25T16:19:26.986265Z,embb,uesimtun1,63401,762,2757148008,2004646,,1,1
2025-11-25T16:19:26.986265Z,mmtc,uesimtun2,153147,2441,210825834,155758,,1,1
2025-11-25T16:19:27.236007Z,urllc,uesimtun0,112723,1792,571149471,5623702,,1,1
2025-11-25T16:19:27.236007Z,embb,uesimtun1,63485,763,2766793936,2011658,,1,1
2025-11-25T16:19:27.236007Z,mmtc,uesimtun2,153516,2448,211488020,156244,,1,1
2025-11-25T16:19:27.485950Z,urllc,uesimtun0,112807,1793,571920927,5628916,,1,1
2025-11-25T16:19:27.485950Z,embb,uesimtun1,63569,764,2780580164,2021678,,1,1
2025-11-25T16:19:27.485950Z,mmtc,uesimtun2,153600,2449,212427912,156928,,1,1
2025-11-25T16:19:27.735952Z,urllc,uesimtun0,113064,1798,572692492,5634132,,1,1
2025-11-25T16:19:27.735952Z,embb,uesimtun1,63653,765,2785665944,2025375,,1,1
2025-11-25T16:19:27.735952Z,mmtc,uesimtun2,153684,2450,212787132,157190,,1,1
2025-11-25T16:19:27.985981Z,urllc,uesimtun0,113601,1807,573463242,5639344,,1,1
2025-11-25T16:19:27.985981Z,embb,uesimtun1,63905,768,2795245908,2032340,,1,1
2025-11-25T16:19:27.985981Z,mmtc,uesimtun2,154025,2456,213435649,157667,,1,1
2025-11-25T16:19:28.236043Z,urllc,uesimtun0,113685,1808,574233962,5644552,,1,1
2025-11-25T16:19:28.236043Z,embb,uesimtun1,64073,770,2804816156,2039297,,1,1
2025-11-25T16:19:28.236043Z,mmtc,uesimtun2,155756,2485,213485790,157731,,1,1
2025-11-25T16:19:28.485844Z,urllc,uesimtun0,113769,1809,574932454,5649273,,1,1
2025-11-25T16:19:28.485844Z,embb,uesimtun1,64157,771,2818094640,2048948,,1,1
2025-11-25T16:19:28.485844Z,mmtc,uesimtun2,155840,2486,213485958,157733,,1,1
2025-11-25T16:19:28.736014Z,urllc,uesimtun0,114531,1823,575704465,5654495,,1,1
2025-11-25T16:19:28.736014Z,embb,uesimtun1,64241,772,2823948228,2053203,,1,1
2025-11-25T16:19:28.736014Z,mmtc,uesimtun2,155924,2487,213486042,157734,,1,1
2025-11-25T16:19:28.986050Z,urllc,uesimtun0,115120,1833,576475119,5659707,,1,1
2025-11-25T16:19:28.986050Z,embb,uesimtun1,64325,773,2833628556,2060240,,1,1
2025-11-25T16:19:28.986050Z,mmtc,uesimtun2,156092,2489,213486210,157736,,1,1
2025-11-25T16:19:29.236011Z,urllc,uesimtun0,115204,1834,577245987,5664916,,1,1
2025-11-25T16:19:29.236011Z,embb,uesimtun1,64409,774,2843102400,2067126,,1,1
2025-11-25T16:19:29.236011Z,mmtc,uesimtun2,156260,2491,213486378,157738,,1,1
2025-11-25T16:19:29.485890Z,urllc,uesimtun0,115288,1835,578017003,5670126,,1,1
2025-11-25T16:19:29.485890Z,embb,uesimtun1,64493,775,2857134932,2077325,,1,1
2025-11-25T16:19:29.485890Z,mmtc,uesimtun2,156344,2492,213486546,157740,,1,1
2025-11-25T16:19:29.735836Z,urllc,uesimtun0,115288,1835,578787955,5675336,,1,1
2025-11-25T16:19:29.735836Z,embb,uesimtun1,64493,775,2862187688,2080998,,1,1
2025-11-25T16:19:29.735836Z,mmtc,uesimtun2,156428,2493,213486630,157741,,1,1
2025-11-25T16:19:29.986012Z,urllc,uesimtun0,115629,1841,579559224,5680550,,1,1
2025-11-25T16:19:29.986012Z,embb,uesimtun1,64661,777,2871737296,2087940,,1,1
2025-11-25T16:19:29.986012Z,mmtc,uesimtun2,157088,2504,213488870,157754,,1,1
2025-11-25T16:19:30.236089Z,urllc,uesimtun0,116138,1849,580331697,5685773,,1,1
2025-11-25T16:19:30.236089Z,embb,uesimtun1,64829,779,2881363960,2094938,,1,1
2025-11-25T16:19:30.236089Z,mmtc,uesimtun2,157513,2511,213489291,157760,,1,1
2025-11-25T16:19:30.502716Z,urllc,uesimtun0,116222,1850,581151997,5691316,,1,1
2025-11-25T16:19:30.502716Z,embb,uesimtun1,64829,779,2896098336,2105648,,1,1
2025-11-25T16:19:30.502716Z,mmtc,uesimtun2,157513,2511,213490835,157763,,1,1
2025-11-25T16:19:30.754548Z,urllc,uesimtun0,116222,1850,581921681,5696517,,1,1
2025-11-25T16:19:30.754548Z,embb,uesimtun1,64913,780,2901448308,2109537,,1,1
2025-11-25T16:19:30.754548Z,mmtc,uesimtun2,157597,2512,213490919,157764,,1,1
2025-11-25T16:19:31.003360Z,urllc,uesimtun0,116306,1851,582695889,5701749,,1,1
2025-11-25T16:19:31.003360Z,embb,uesimtun1,65165,783,2910725552,2116282,,1,1
2025-11-25T16:19:31.003360Z,mmtc,uesimtun2,158933,2537,213493875,157790,,1,1
2025-11-25T16:19:31.253066Z,urllc,uesimtun0,116843,1860,583468035,5706970,,1,1
2025-11-25T16:19:31.253066Z,embb,uesimtun1,65333,785,2920332952,2123266,,1,1
2025-11-25T16:19:31.253066Z,mmtc,uesimtun2,159462,2548,213494265,157796,,1,1
2025-11-25T16:19:31.503276Z,urllc,uesimtun0,116927,1861,584239199,5712181,,1,1
2025-11-25T16:19:31.503276Z,embb,uesimtun1,65417,786,2934344928,2133451,,1,1
2025-11-25T16:19:31.503276Z,mmtc,uesimtun2,159546,2549,213495809,157799,,1,1
2025-11-25T16:19:31.753125Z,urllc,uesimtun0,116927,1861,585009919,5717389,,1,1
2025-11-25T16:19:31.753125Z,embb,uesimtun1,65501,787,2939454100,2137165,,1,1
2025-11-25T16:19:31.753125Z,mmtc,uesimtun2,159887,2555,213496146,157804,,1,1
2025-11-25T16:19:32.002782Z,urllc,uesimtun0,117352,1868,585780088,5722596,,1,1
2025-11-25T16:19:32.002782Z,embb,uesimtun1,65669,789,2948973436,2144085,,1,1
2025-11-25T16:19:32.002782Z,mmtc,uesimtun2,160392,2564,213498048,157813,,1,1
2025-11-25T16:19:32.253110Z,urllc,uesimtun0,117604,1871,586551716,5727811,,1,1
2025-11-25T16:19:32.253110Z,embb,uesimtun1,65837,791,2958593220,2151078,,1,1
2025-11-25T16:19:32.253110Z,mmtc,uesimtun2,160560,2566,213498216,157815,,1,1
2025-11-25T16:19:32.503036Z,urllc,uesimtun0,117688,1872,587322372,5733019,,1,1
2025-11-25T16:19:32.503036Z,embb,uesimtun1,65921,792,2972539064,2161214,,1,1
2025-11-25T16:19:32.503036Z,mmtc,uesimtun2,160644,2567,213499760,157818,,1,1
2025-11-25T16:19:32.753215Z,urllc,uesimtun0,117688,1872,588094424,5738236,,1,1
2025-11-25T16:19:32.753215Z,embb,uesimtun1,66005,793,2977668876,2164943,,1,1
2025-11-25T16:19:32.753215Z,mmtc,uesimtun2,160728,2568,213499844,157819,,1,1
2025-11-25T16:19:33.003063Z,urllc,uesimtun0,118747,1892,588865997,5743459,,1,1
2025-11-25T16:19:33.003063Z,embb,uesimtun1,66089,794,2987145472,2171831,,1,1
2025-11-25T16:19:33.003063Z,mmtc,uesimtun2,160865,2570,213501465,157824,,1,1
2025-11-25T16:19:33.253268Z,urllc,uesimtun0,118999,1895,589636145,5748664,,1,1
2025-11-25T16:19:33.253268Z,embb,uesimtun1,66257,796,2996773512,2178830,,1,1
2025-11-25T16:19:33.253268Z,mmtc,uesimtun2,161982,2585,213502645,157839,,1,1
2025-11-25T16:19:33.503154Z,urllc,uesimtun0,119083,1896,590408429,5753883,,1,1
2025-11-25T16:19:33.503154Z,embb,uesimtun1,66341,797,3010459292,2188777,,1,1
2025-11-25T16:19:33.503154Z,mmtc,uesimtun2,162066,2586,213502729,157840,,1,1
2025-11-25T16:19:33.752830Z,urllc,uesimtun0,119167,1897,591175745,5759068,,1,1
2025-11-25T16:19:33.752830Z,embb,uesimtun1,66341,797,3015521680,2192457,,1,1
2025-11-25T16:19:33.752830Z,mmtc,uesimtun2,162150,2587,213502813,157841,,1,1
2025-11-25T16:19:34.003161Z,urllc,uesimtun0,119536,1904,591950679,5764308,,1,1
2025-11-25T16:19:34.003161Z,embb,uesimtun1,66425,798,3025153764,2199458,,1,1
2025-11-25T16:19:34.003161Z,mmtc,uesimtun2,162318,2589,213502981,157843,,1,1
2025-11-25T16:19:34.253382Z,urllc,uesimtun0,120330,1918,592721622,5769523,,1,1
2025-11-25T16:19:34.253382Z,embb,uesimtun1,66593,800,3034695200,2206395,,1,1
2025-11-25T16:19:34.253382Z,mmtc,uesimtun2,162924,2599,213503744,157853,,1,1
2025-11-25T16:19:34.502877Z,urllc,uesimtun0,120414,1919,593492194,5774730,,1,1
2025-11-25T16:19:34.502877Z,embb,uesimtun1,66677,801,3046894984,2215263,,1,1
2025-11-25T16:19:34.502877Z,mmtc,uesimtun2,163008,2600,213503880,157855,,1,1
2025-11-25T16:19:34.753001Z,urllc,uesimtun0,120498,1920,594263062,5779939,,1,1
2025-11-25T16:19:34.753001Z,embb,uesimtun1,66761,802,3053941564,2220385,,1,1
2025-11-25T16:19:34.753001Z,mmtc,uesimtun2,163092,2601,213503964,157856,,1,1
2025-11-25T16:19:35.003099Z,urllc,uesimtun0,120582,1921,595033930,5785148,,1,1
2025-11-25T16:19:35.003099Z,embb,uesimtun1,66929,804,3063433380,2227285,,1,1
2025-11-25T16:19:35.003099Z,mmtc,uesimtun2,163599,2610,213724650,158024,,1,1
2025-11-25T16:19:35.252892Z,urllc,uesimtun0,120991,1929,595805008,5790362,,1,1
2025-11-25T16:19:35.252892Z,embb,uesimtun1,67097,806,3072930784,2234190,,1,1
2025-11-25T16:19:35.252892Z,mmtc,uesimtun2,164012,2617,214103608,158307,,1,1
2025-11-25T16:19:35.502901Z,urllc,uesimtun0,121075,1930,596517860,5795179,,1,1
2025-11-25T16:19:35.502901Z,embb,uesimtun1,67181,807,3085762152,2243517,,1,1
2025-11-25T16:19:35.502901Z,mmtc,uesimtun2,164052,2618,214597760,158668,,1,1
2025-11-25T16:19:35.752842Z,urllc,uesimtun0,121159,1931,597288728,5800388,,1,1
2025-11-25T16:19:35.752842Z,embb,uesimtun1,67265,808,3092108348,2248130,,1,1
2025-11-25T16:19:35.752842Z,mmtc,uesimtun2,164052,2618,214844208,158849,,1,1
2025-11-25T16:19:36.002771Z,urllc,uesimtun0,121243,1932,598059596,5805597,,1,1
2025-11-25T16:19:36.002771Z,embb,uesimtun1,67349,809,3101801060,2255176,,1,1
2025-11-25T16:19:36.002771Z,mmtc,uesimtun2,164541,2627,215224776,159137,,1,1
2025-11-25T16:19:36.252967Z,urllc,uesimtun0,121411,1934,598830696,5810808,,1,1
2025-11-25T16:19:36.252967Z,embb,uesimtun1,67517,811,3111310764,2262089,,1,1
2025-11-25T16:19:36.252967Z,mmtc,uesimtun2,165576,2647,215601680,159429,,1,1
2025-11-25T16:19:36.503154Z,urllc,uesimtun0,121495,1935,599592536,5815956,,1,1
2025-11-25T16:19:36.503154Z,embb,uesimtun1,67601,812,3123037204,2270613,,1,1
2025-11-25T16:19:36.503154Z,mmtc,uesimtun2,165817,2651,216054746,159763,,1,1
2025-11-25T16:19:36.753142Z,urllc,uesimtun0,121579,1936,600363552,5821166,,1,1
2025-11-25T16:19:36.753142Z,embb,uesimtun1,67685,813,3130345224,2275925,,1,1
2025-11-25T16:19:36.753142Z,mmtc,uesimtun2,165901,2652,216345255,159976,,1,1
2025-11-25T16:19:37.003008Z,urllc,uesimtun0,122000,1944,601134038,5826376,,1,1
2025-11-25T16:19:37.003008Z,embb,uesimtun1,67769,814,3140222236,2283104,,1,1
2025-11-25T16:19:37.003008Z,mmtc,uesimtun2,166722,2661,216498894,160098,,1,1
2025-11-25T16:19:37.253859Z,urllc,uesimtun0,122252,1947,601898710,5831544,,1,1
2025-11-25T16:19:37.253859Z,embb,uesimtun1,67853,815,3149679736,2289980,,1,1
2025-11-25T16:19:37.253859Z,mmtc,uesimtun2,166930,2664,216499151,160101,,1,1
2025-11-25T16:19:37.503121Z,urllc,uesimtun0,122336,1948,602676682,5836801,,1,1
2025-11-25T16:19:37.503121Z,embb,uesimtun1,67937,816,3162010240,2298943,,1,1
2025-11-25T16:19:37.503121Z,mmtc,uesimtun2,167118,2667,216499339,160104,,1,1
2025-11-25T16:19:37.752939Z,urllc,uesimtun0,122420,1949,603447190,5842008,,1,1
2025-11-25T16:19:37.752939Z,embb,uesimtun1,68021,817,3168849044,2303914,,1,1
2025-11-25T16:19:37.752939Z,mmtc,uesimtun2,167202,2668,216499423,160105,,1,1
2025-11-25T16:19:38.003243Z,urllc,uesimtun0,122504,1950,604217910,5847216,,1,1
2025-11-25T16:19:38.003243Z,embb,uesimtun1,68105,818,3178387560,2310847,,1,1
2025-11-25T16:19:38.003243Z,mmtc,uesimtun2,167640,2676,216500018,160113,,1,1
2025-11-25T16:19:38.252773Z,urllc,uesimtun0,122840,1954,604988734,5852426,,1,1
2025-11-25T16:19:38.252773Z,embb,uesimtun1,68357,821,3187779012,2317675,,1,1
2025-11-25T16:19:38.252773Z,mmtc,uesimtun2,167862,2679,216904894,160412,,1,1
2025-11-25T16:19:38.502878Z,urllc,uesimtun0,122924,1955,605753978,5857597,,1,1
2025-11-25T16:19:38.502878Z,embb,uesimtun1,68441,822,3201850156,2327903,,1,1
2025-11-25T16:19:38.502878Z,mmtc,uesimtun2,168151,2684,217631917,160948,,1,1
2025-11-25T16:19:38.753159Z,urllc,uesimtun0,123008,1956,606525818,5862813,,1,1
2025-11-25T16:19:38.753159Z,embb,uesimtun1,68525,823,3206904288,2331577,,1,1
2025-11-25T16:19:38.753159Z,mmtc,uesimtun2,168151,2684,217886561,161134,,1,1
2025-11-25T16:19:39.003007Z,urllc,uesimtun0,123092,1957,607296242,5868019,,1,1
2025-11-25T16:19:39.003007Z,embb,uesimtun1,68609,824,3216525364,2338570,,1,1
2025-11-25T16:19:39.003007Z,mmtc,uesimtun2,168275,2686,218384847,161498,,1,1
2025-11-25T16:19:39.252886Z,urllc,uesimtun0,123260,1959,608066602,5873225,,1,1
2025-11-25T16:19:39.252886Z,embb,uesimtun1,68693,825,3226008840,2345463,,1,1
2025-11-25T16:19:39.252886Z,mmtc,uesimtun2,168576,2691,218471088,161570,,1,1
2025-11-25T16:19:39.503123Z,urllc,uesimtun0,123428,1961,608838674,5878443,,1,1
2025-11-25T16:19:39.503123Z,embb,uesimtun1,68861,827,3238988816,2354898,,1,1
2025-11-25T16:19:39.503123Z,mmtc,uesimtun2,168744,2693,218471547,161573,,1,1
2025-11-25T16:19:39.752946Z,urllc,uesimtun0,123596,1963,609609034,5883649,,1,1
2025-11-25T16:19:39.752946Z,embb,uesimtun1,68945,828,3245229060,2359434,,1,1
2025-11-25T16:19:39.752946Z,mmtc,uesimtun2,169709,2706,218472512,161585,,1,1
2025-11-25T16:19:40.003062Z,urllc,uesimtun0,123680,1964,610379458,5888855,,1,1
2025-11-25T16:19:40.003062Z,embb,uesimtun1,69029,829,3254830872,2366413,,1,1
2025-11-25T16:19:40.003062Z,mmtc,uesimtun2,170201,2715,218573659,161668,,1,1
2025-11-25T16:19:40.253053Z,urllc,uesimtun0,124217,1973,611151836,5894078,,1,1
2025-11-25T16:19:40.253053Z,embb,uesimtun1,69197,831,3264325440,2373315,,1,1
2025-11-25T16:19:40.253053Z,mmtc,uesimtun2,170694,2724,219317369,162218,,1,1
2025-11-25T16:19:40.502865Z,urllc,uesimtun0,124301,1974,611922196,5899284,,1,1
2025-11-25T16:19:40.502865Z,embb,uesimtun1,69281,832,3278385492,2383534,,1,1
2025-11-25T16:19:40.502865Z,mmtc,uesimtun2,170838,2726,220407614,163016,,1,1
2025-11-25T16:19:40.753141Z,urllc,uesimtun0,124385,1975,612693952,5904499,,1,1
2025-11-25T16:19:40.753141Z,embb,uesimtun1,69365,833,3283461640,2387224,,1,1
2025-11-25T16:19:40.753141Z,mmtc,uesimtun2,171006,2728,220803986,163305,,1,1
2025-11-25T16:19:41.002854Z,urllc,uesimtun0,124469,1976,613464228,5909704,,1,1
2025-11-25T16:19:41.002854Z,embb,uesimtun1,69449,834,3293035932,2394183,,1,1
2025-11-25T16:19:41.002854Z,mmtc,uesimtun2,171006,2728,221544507,163846,,1,1
2025-11-25T16:19:41.252978Z,urllc,uesimtun0,125006,1985,614235126,5914917,,1,1
2025-11-25T16:19:41.252978Z,embb,uesimtun1,69617,836,3302679108,2401193,,1,1
2025-11-25T16:19:41.252978Z,mmtc,uesimtun2,171945,2747,222298205,164409,,1,1
2025-11-25T16:19:41.543836Z,urllc,uesimtun0,125090,1986,614436194,5916276,,1,1
2025-11-25T16:19:41.543836Z,embb,uesimtun1,69785,838,3313240076,2408870,,1,1
2025-11-25T16:19:41.543836Z,mmtc,uesimtun2,172186,2751,223758450,165474,,1,1
2025-11-25T16:19:41.909337Z,urllc,uesimtun0,125174,1987,616203158,5928217,,1,1
2025-11-25T16:19:41.909337Z,embb,uesimtun1,69785,838,3322693280,2415741,,1,1
2025-11-25T16:19:41.909337Z,mmtc,uesimtun2,172270,2752,224142438,165754,,1,1
2025-11-25T16:19:42.159517Z,urllc,uesimtun0,126004,2003,616974086,5933434,,1,1
2025-11-25T16:19:42.159517Z,embb,uesimtun1,69869,839,3332340500,2422753,,1,1
2025-11-25T16:19:42.159517Z,mmtc,uesimtun2,173153,2768,224325467,165904,,1,1
2025-11-25T16:19:42.444328Z,urllc,uesimtun0,126088,2004,617721126,5938482,,1,1
2025-11-25T16:19:42.444328Z,embb,uesimtun1,69869,839,3346845000,2433295,,1,1
2025-11-25T16:19:42.444328Z,mmtc,uesimtun2,174392,2780,224326547,165921,,1,1
2025-11-25T16:19:42.694739Z,urllc,uesimtun0,126088,2004,618611994,5944503,,1,1
2025-11-25T16:19:42.694739Z,embb,uesimtun1,69869,839,3351966556,2437018,,1,1
2025-11-25T16:19:42.694739Z,mmtc,uesimtun2,174476,2781,224326631,165922,,1,1
2025-11-25T16:19:42.944533Z,urllc,uesimtun0,126770,2016,619381972,5949711,,1,1
2025-11-25T16:19:42.944533Z,embb,uesimtun1,70037,841,3361510660,2443956,,1,1
2025-11-25T16:19:42.944533Z,mmtc,uesimtun2,174887,2788,224785313,166261,,1,1
2025-11-25T16:19:43.194602Z,urllc,uesimtun0,127139,2023,620153974,5954930,,1,1
2025-11-25T16:19:43.194602Z,embb,uesimtun1,70121,842,3371028536,2450874,,1,1
2025-11-25T16:19:43.194602Z,mmtc,uesimtun2,174971,2789,225392381,166705,,1,1
2025-11-25T16:19:43.444471Z,urllc,uesimtun0,127223,2024,620924250,5960135,,1,1
2025-11-25T16:19:43.444471Z,embb,uesimtun1,70289,844,3393273204,2467043,,1,1
2025-11-25T16:19:43.444471Z,mmtc,uesimtun2,174971,2789,227070126,167929,,1,1
2025-11-25T16:19:44.024992Z,urllc,uesimtun0,127223,2024,622715490,5972239,,1,1
2025-11-25T16:19:44.024992Z,embb,uesimtun1,70289,844,3407322332,2477255,,1,1
2025-11-25T16:19:44.024992Z,mmtc,uesimtun2,175011,2790,227949678,168572,,1,1
2025-11-25T16:19:44.813069Z,urllc,uesimtun0,127451,2027,625136255,5988597,,1,1
2025-11-25T16:19:44.813069Z,embb,uesimtun1,70457,846,3437558976,2499234,,1,1
2025-11-25T16:19:44.813069Z,mmtc,uesimtun2,175323,2794,229854407,169961,,1,1
2025-11-25T16:19:45.180536Z,urllc,uesimtun0,127608,2030,626277171,5996308,,1,1
2025-11-25T16:19:45.180536Z,embb,uesimtun1,70541,847,3451535344,2509395,,1,1
2025-11-25T16:19:45.180536Z,mmtc,uesimtun2,175407,2795,230729747,170600,,1,1
2025-11-25T16:19:45.544169Z,urllc,uesimtun0,127708,2032,627399828,6003895,,1,1
2025-11-25T16:19:45.544169Z,embb,uesimtun1,70793,850,3464114820,2518538,,1,1
2025-11-25T16:19:45.544169Z,mmtc,uesimtun2,175708,2800,231462056,171136,,1,1
2025-11-25T16:19:45.794534Z,urllc,uesimtun0,127949,2036,628171192,6009108,,1,1
2025-11-25T16:19:45.794534Z,embb,uesimtun1,70961,852,3469236376,2522261,,1,1
2025-11-25T16:19:45.794534Z,mmtc,uesimtun2,176057,2807,231645253,171272,,1,1
2025-11-25T16:19:46.044249Z,urllc,uesimtun0,128117,2038,628941700,6014315,,1,1
2025-11-25T16:19:46.044249Z,embb,uesimtun1,71213,855,3478808084,2529220,,1,1
2025-11-25T16:19:46.044249Z,mmtc,uesimtun2,176426,2814,232249707,171717,,1,1
2025-11-25T16:19:46.294535Z,urllc,uesimtun0,128285,2040,629713688,6019532,,1,1
2025-11-25T16:19:46.294535Z,embb,uesimtun1,71381,857,3492555868,2539213,,1,1
2025-11-25T16:19:46.294535Z,mmtc,uesimtun2,176510,2815,233414007,172566,,1,1
2025-11-25T16:19:46.659613Z,urllc,uesimtun0,128285,2040,630838128,6027130,,1,1
2025-11-25T16:19:46.659613Z,embb,uesimtun1,71381,857,3504806480,2548117,,1,1
2025-11-25T16:19:46.659613Z,mmtc,uesimtun2,177144,2827,234204660,173153,,1,1
2025-11-25T16:19:46.909712Z,urllc,uesimtun0,128537,2043,631609672,6032344,,1,1
2025-11-25T16:19:46.909712Z,embb,uesimtun1,71381,857,3511323300,2552854,,1,1
2025-11-25T16:19:46.909712Z,mmtc,uesimtun2,177633,2837,234333018,173252,,1,1
2025-11-25T16:19:47.159803Z,urllc,uesimtun0,128957,2048,632383392,6037574,,1,1
2025-11-25T16:19:47.159803Z,embb,uesimtun1,71549,859,3520864652,2559790,,1,1
2025-11-25T16:19:47.159803Z,mmtc,uesimtun2,178002,2844,234936180,173697,,1,1
2025-11-25T16:19:47.410046Z,urllc,uesimtun0,129125,2050,632769396,6040183,,1,1
2025-11-25T16:19:47.410046Z,embb,uesimtun1,71633,860,3539487520,2573325,,1,1
2025-11-25T16:19:47.410046Z,mmtc,uesimtun2,178002,2844,236389409,174755,,1,1
2025-11-25T16:19:47.894862Z,urllc,uesimtun0,129125,2050,634616076,6052661,,1,1
2025-11-25T16:19:47.894862Z,embb,uesimtun1,71717,861,3553511796,2583518,,1,1
2025-11-25T16:19:47.894862Z,mmtc,uesimtun2,178327,2849,237090073,175268,,1,1
2025-11-25T16:19:48.185794Z,urllc,uesimtun0,130288,2071,635511701,6058723,,1,1
2025-11-25T16:19:48.185794Z,embb,uesimtun1,71885,863,3560130524,2588330,,1,1
2025-11-25T16:19:48.185794Z,mmtc,uesimtun2,178740,2856,237400223,175501,,1,1
2025-11-25T16:19:48.591731Z,urllc,uesimtun0,130456,2073,636001009,6062030,,1,1
2025-11-25T16:19:48.591731Z,embb,uesimtun1,71969,864,3580183056,2602904,,1,1
2025-11-25T16:19:48.591731Z,mmtc,uesimtun2,178740,2856,238773692,176502,,1,1
2025-11-25T16:19:48.948190Z,urllc,uesimtun0,130456,2073,637864177,6074620,,1,1
2025-11-25T16:19:48.948190Z,embb,uesimtun1,72137,866,3593807000,2612807,,1,1
2025-11-25T16:19:48.948190Z,mmtc,uesimtun2,179598,2865,238774545,176512,,1,1
2025-11-25T16:19:49.198528Z,urllc,uesimtun0,130881,2080,638636354,6079841,,1,1
2025-11-25T16:19:49.198528Z,embb,uesimtun1,72389,869,3598902580,2616513,,1,1
2025-11-25T16:19:49.198528Z,mmtc,uesimtun2,180067,2872,238775275,176521,,1,1
2025-11-25T16:19:49.448448Z,urllc,uesimtun0,131049,2082,639406862,6085048,,1,1
2025-11-25T16:19:49.448448Z,embb,uesimtun1,72473,870,3612959880,2626730,,1,1
2025-11-25T16:19:49.448448Z,mmtc,uesimtun2,180763,2885,239020925,176711,,1,1
2025-11-25T16:19:49.698508Z,urllc,uesimtun0,131049,2082,640178766,6090264,,1,1
2025-11-25T16:19:49.698508Z,embb,uesimtun1,72473,870,3618041532,2630424,,1,1
2025-11-25T16:19:49.698508Z,mmtc,uesimtun2,180847,2886,239030641,176719,,1,1
2025-11-25T16:19:49.948522Z,urllc,uesimtun0,131458,2090,640949400,6095475,,1,1
2025-11-25T16:19:49.948522Z,embb,uesimtun1,72641,872,3627648932,2637408,,1,1
2025-11-25T16:19:49.948522Z,mmtc,uesimtun2,181188,2892,239171330,176826,,1,1
2025-11-25T16:19:50.198796Z,urllc,uesimtun0,131710,2093,641722952,6100703,,1,1
2025-11-25T16:19:50.198796Z,embb,uesimtun1,72809,874,3637197248,2644350,,1,1
2025-11-25T16:19:50.198796Z,mmtc,uesimtun2,181821,2902,239313700,176938,,1,1
2025-11-25T16:19:50.449408Z,urllc,uesimtun0,131794,2094,642494708,6105918,,1,1
2025-11-25T16:19:50.449408Z,embb,uesimtun1,72893,875,3651306836,2654605,,1,1
2025-11-25T16:19:50.449408Z,mmtc,uesimtun2,182431,2913,239342279,176971,,1,1
2025-11-25T16:19:50.698282Z,urllc,uesimtun0,131794,2094,643262024,6111103,,1,1
2025-11-25T16:19:50.698282Z,embb,uesimtun1,72893,875,3656281160,2658221,,1,1
2025-11-25T16:19:50.698282Z,mmtc,uesimtun2,182515,2914,239342363,176972,,1,1
2025-11-25T16:19:50.948471Z,urllc,uesimtun0,132528,2109,644034792,6116332,,1,1
2025-11-25T16:19:50.948471Z,embb,uesimtun1,72977,876,3665927004,2665232,,1,1
2025-11-25T16:19:50.948471Z,mmtc,uesimtun2,183077,2919,239343020,176979,,1,1
2025-11-25T16:19:51.198505Z,urllc,uesimtun0,133117,2119,644805594,6121545,,1,1
2025-11-25T16:19:51.198505Z,embb,uesimtun1,73229,879,3675457432,2672161,,1,1
2025-11-25T16:19:51.198505Z,mmtc,uesimtun2,184022,2936,239451520,177074,,1,1
2025-11-25T16:19:51.448342Z,urllc,uesimtun0,133285,2121,645575806,6126750,,1,1
2025-11-25T16:19:51.448342Z,embb,uesimtun1,73313,880,3689506560,2682373,,1,1
2025-11-25T16:19:51.448342Z,mmtc,uesimtun2,184160,2938,239815076,177342,,1,1
2025-11-25T16:19:51.812425Z,urllc,uesimtun0,133285,2121,646698470,6134336,,1,1
2025-11-25T16:19:51.812425Z,embb,uesimtun1,73313,880,3698959764,2689244,,1,1
2025-11-25T16:19:51.812425Z,mmtc,uesimtun2,184160,2938,239914232,177415,,1,1
2025-11-25T16:19:52.062648Z,urllc,uesimtun0,133369,2122,647470374,6139552,,1,1
2025-11-25T16:19:52.062648Z,embb,uesimtun1,73481,882,3708536892,2696206,,1,1
2025-11-25T16:19:52.062648Z,mmtc,uesimtun2,184328,2940,240102996,177555,,1,1
2025-11-25T16:19:52.600179Z,urllc,uesimtun0,133621,2125,649129114,6150761,,1,1
2025-11-25T16:19:52.600179Z,embb,uesimtun1,73649,884,3733602360,2714425,,1,1
2025-11-25T16:19:52.600179Z,mmtc,uesimtun2,184617,2945,240685638,177987,,1,1
2025-11-25T16:19:52.965295Z,urllc,uesimtun0,133705,2126,650253998,6158362,,1,1
2025-11-25T16:19:52.965295Z,embb,uesimtun1,73817,886,3744214156,2722138,,1,1
2025-11-25T16:19:52.965295Z,mmtc,uesimtun2,184797,2948,240811505,178087,,1,1
2025-11-25T16:19:53.215488Z,urllc,uesimtun0,133789,2127,651024866,6163571,,1,1
2025-11-25T16:19:53.215488Z,embb,uesimtun1,73985,888,3752631316,2728257,,1,1
2025-11-25T16:19:53.215488Z,mmtc,uesimtun2,185993,2971,240974713,178219,,1,1
2025-11-25T16:19:53.465663Z,urllc,uesimtun0,133873,2128,651796770,6168787,,1,1
2025-11-25T16:19:53.465663Z,embb,uesimtun1,74153,890,3766760252,2738527,,1,1
2025-11-25T16:19:53.465663Z,mmtc,uesimtun2,186117,2973,241335446,178484,,1,1
2025-11-25T16:19:53.741597Z,urllc,uesimtun0,134041,2130,652646754,6174531,,1,1
2025-11-25T16:19:53.741597Z,embb,uesimtun1,74321,892,3772843716,2742950,,1,1
2025-11-25T16:19:53.741597Z,mmtc,uesimtun2,186261,2975,241374259,178516,,1,1
2025-11-25T16:19:53.992129Z,urllc,uesimtun0,134125,2131,653421086,6179764,,1,1
2025-11-25T16:19:53.992129Z,embb,uesimtun1,74489,894,3782389196,2749889,,1,1
2025-11-25T16:19:53.992129Z,mmtc,uesimtun2,186570,2981,241561584,178655,,1,1
2025-11-25T16:19:54.241984Z,urllc,uesimtun0,134887,2145,654192737,6184984,,1,1
2025-11-25T16:19:54.241984Z,embb,uesimtun1,74741,897,3791988424,2756868,,1,1
2025-11-25T16:19:54.241984Z,mmtc,uesimtun2,186738,2983,241750264,178794,,1,1
2025-11-25T16:19:54.491730Z,urllc,uesimtun0,134971,2146,654963013,6190189,,1,1
2025-11-25T16:19:54.491730Z,embb,uesimtun1,74825,898,3806030588,2767074,,1,1
2025-11-25T16:19:54.491730Z,mmtc,uesimtun2,186738,2983,242116448,179062,,1,1
2025-11-25T16:19:54.855713Z,urllc,uesimtun0,134971,2146,656082717,6197755,,1,1
2025-11-25T16:19:54.855713Z,embb,uesimtun1,74825,898,3819933860,2777180,,1,1
2025-11-25T16:19:54.855713Z,mmtc,uesimtun2,186990,2986,242383656,179260,,1,1
2025-11-25T16:19:55.210594Z,urllc,uesimtun0,135475,2152,657177893,6205157,,1,1
2025-11-25T16:19:55.210594Z,embb,uesimtun1,75245,903,3829149184,2783880,,1,1
2025-11-25T16:19:55.210594Z,mmtc,uesimtun2,187327,2992,242486144,179344,,1,1
2025-11-25T16:19:55.461179Z,urllc,uesimtun0,135643,2154,657952841,6210394,,1,1
2025-11-25T16:19:55.461179Z,embb,uesimtun1,75413,905,3843128136,2794041,,1,1
2025-11-25T16:19:55.461179Z,mmtc,uesimtun2,187796,3002,242849649,179612,,1,1
2025-11-25T16:19:55.825741Z,urllc,uesimtun0,135727,2155,659073961,6217970,,1,1
2025-11-25T16:19:55.825741Z,embb,uesimtun1,75413,905,3852692796,2800993,,1,1
2025-11-25T16:19:55.825741Z,mmtc,uesimtun2,187796,3002,242950270,179687,,1,1
2025-11-25T16:19:56.076012Z,urllc,uesimtun0,135811,2156,659848233,6223202,,1,1
2025-11-25T16:19:56.076012Z,embb,uesimtun1,75497,906,3862184528,2807892,,1,1
2025-11-25T16:19:56.076012Z,mmtc,uesimtun2,187880,3003,243137574,179825,,1,1
2025-11-25T16:19:56.325966Z,urllc,uesimtun0,136231,2161,660619733,6228417,,1,1
2025-11-25T16:19:56.325966Z,embb,uesimtun1,75665,908,3876236408,2818106,,1,1
2025-11-25T16:19:56.325966Z,mmtc,uesimtun2,188269,3010,243502792,180099,,1,1
2025-11-25T16:19:56.689898Z,urllc,uesimtun0,136315,2162,661742185,6236002,,1,1
2025-11-25T16:19:56.689898Z,embb,uesimtun1,75665,908,3885656588,2824953,,1,1
2025-11-25T16:19:56.689898Z,mmtc,uesimtun2,188269,3010,243601948,180172,,1,1
2025-11-25T16:19:56.940164Z,urllc,uesimtun0,136399,2163,662513053,6241211,,1,1
2025-11-25T16:19:56.940164Z,embb,uesimtun1,75749,909,3895257024,2831931,,1,1
2025-11-25T16:19:56.940164Z,mmtc,uesimtun2,188353,3011,243790544,180310,,1,1
2025-11-25T16:19:57.190147Z,urllc,uesimtun0,136904,2172,663284511,6246428,,1,1
2025-11-25T16:19:57.190147Z,embb,uesimtun1,75833,910,3904832692,2838891,,1,1
2025-11-25T16:19:57.190147Z,mmtc,uesimtun2,188689,3015,243979625,180454,,1,1
2025-11-25T16:19:57.440284Z,urllc,uesimtun0,136988,2173,663580679,6248430,,1,1
2025-11-25T16:19:57.440284Z,embb,uesimtun1,76001,912,3915701884,2846792,,1,1
2025-11-25T16:19:57.440284Z,mmtc,uesimtun2,189058,3022,244344679,180725,,1,1
2025-11-25T16:19:57.803758Z,urllc,uesimtun0,137072,2174,664870199,6257144,,1,1
2025-11-25T16:19:57.803758Z,embb,uesimtun1,76001,912,3924409212,2853120,,1,1
2025-11-25T16:19:57.803758Z,mmtc,uesimtun2,189483,3029,244620216,180930,,1,1
2025-11-25T16:19:58.053857Z,urllc,uesimtun0,137072,2174,665644323,6262375,,1,1
2025-11-25T16:19:58.053857Z,embb,uesimtun1,76001,912,3929540400,2856850,,1,1
2025-11-25T16:19:58.053857Z,mmtc,uesimtun2,189567,3030,244632684,180940,,1,1
2025-11-25T16:19:58.495033Z,urllc,uesimtun0,138047,2193,667005148,6271579,,1,1
2025-11-25T16:19:58.495033Z,embb,uesimtun1,76253,915,3949004172,2870998,,1,1
2025-11-25T16:19:58.495033Z,mmtc,uesimtun2,190044,3037,245117879,181304,,1,1
2025-11-25T16:19:58.825606Z,urllc,uesimtun0,138388,2199,668023277,6278462,,1,1
2025-11-25T16:19:58.825606Z,embb,uesimtun1,76421,917,3957183284,2876944,,1,1
2025-11-25T16:19:58.825606Z,mmtc,uesimtun2,190742,3050,245216491,181389,,1,1
2025-11-25T16:19:59.075935Z,urllc,uesimtun0,138757,2206,668797707,6283698,,1,1
2025-11-25T16:19:59.075935Z,embb,uesimtun1,76589,919,3966790684,2883928,,1,1
2025-11-25T16:19:59.075935Z,mmtc,uesimtun2,191516,3066,245393420,181530,,1,1
2025-11-25T16:19:59.325832Z,urllc,uesimtun0,138925,2208,669568363,6288906,,1,1
2025-11-25T16:19:59.325832Z,embb,uesimtun1,76841,922,3980806872,2894117,,1,1
2025-11-25T16:19:59.325832Z,mmtc,uesimtun2,191889,3072,245394257,181539,,1,1
2025-11-25T16:19:59.690402Z,urllc,uesimtun0,138925,2208,670690879,6296491,,1,1
2025-11-25T16:19:59.690402Z,embb,uesimtun1,76841,922,3985735841,2897701,,1,1
2025-11-25T16:19:59.690402Z,mmtc,uesimtun2,193129,3091,245395318,181557,,1,1
2025-11-25T16:19:59.940608Z,urllc,uesimtun0,139418,2217,671463077,6301713,,1,1
2025-11-25T16:19:59.940608Z,embb,uesimtun1,77621,930,3985736750,2897712,,1,1
2025-11-25T16:19:59.940608Z,mmtc,uesimtun2,193789,3102,245810361,181870,,1,1
2025-11-25T16:20:00.190611Z,urllc,uesimtun0,140152,2232,672233773,6306928,,1,1
2025-11-25T16:20:00.190611Z,embb,uesimtun1,77789,932,3985736918,2897714,,1,1
2025-11-25T16:20:00.190611Z,mmtc,uesimtun2,194074,3108,246768447,182572,,1,1
2025-11-25T16:20:00.440899Z,urllc,uesimtun0,140404,2235,673008213,6312162,,1,1
2025-11-25T16:20:00.440899Z,embb,uesimtun1,77957,934,3985737086,2897716,,1,1
2025-11-25T16:20:00.440899Z,mmtc,uesimtun2,194074,3108,248602739,183906,,1,1
2025-11-25T16:20:00.805763Z,urllc,uesimtun0,140404,2235,674130877,6319748,,1,1
2025-11-25T16:20:00.805763Z,embb,uesimtun1,78206,938,3985737479,2897722,,1,1
2025-11-25T16:20:00.805763Z,mmtc,uesimtun2,194242,3110,249537295,184588,,1,1
2025-11-25T16:20:01.055934Z,urllc,uesimtun0,140689,2241,674904863,6324981,,1,1
2025-11-25T16:20:01.055934Z,embb,uesimtun1,78533,944,3986295150,2898132,,1,1
2025-11-25T16:20:01.055934Z,mmtc,uesimtun2,194242,3110,250071327,184978,,1,1
2025-11-25T16:20:01.306028Z,urllc,uesimtun0,140941,2244,675676343,6330195,,1,1
2025-11-25T16:20:01.306028Z,embb,uesimtun1,78701,946,3989157398,2900214,,1,1
2025-11-25T16:20:01.306028Z,mmtc,uesimtun2,194651,3118,252799025,186967,,1,1
2025-11-25T16:20:01.914302Z,urllc,uesimtun0,141025,2245,677550463,6342859,,1,1
2025-11-25T16:20:01.914302Z,embb,uesimtun1,78953,949,3991557394,2901961,,1,1
2025-11-25T16:20:01.914302Z,mmtc,uesimtun2,194651,3118,253533893,187502,,1,1
2025-11-25T16:20:02.164422Z,urllc,uesimtun0,141983,2262,678323075,6348087,,1,1
2025-11-25T16:20:02.164422Z,embb,uesimtun1,79121,951,3992794586,2902862,,1,1
2025-11-25T16:20:02.164422Z,mmtc,uesimtun2,195365,3132,254237926,188027,,1,1
2025-11-25T16:20:02.414889Z,urllc,uesimtun0,142067,2263,679096607,6353314,,1,1
2025-11-25T16:20:02.414889Z,embb,uesimtun1,79205,952,3995143502,2904570,,1,1
2025-11-25T16:20:02.414889Z,mmtc,uesimtun2,196408,3153,256077336,189380,,1,1
2025-11-25T16:20:02.778910Z,urllc,uesimtun0,142067,2263,680218679,6360896,,1,1
2025-11-25T16:20:02.778910Z,embb,uesimtun1,79289,953,3996717814,2905716,,1,1
2025-11-25T16:20:02.778910Z,mmtc,uesimtun2,196693,3159,256568958,189743,,1,1
2025-11-25T16:20:03.029228Z,urllc,uesimtun0,142777,2276,680991078,6366121,,1,1
2025-11-25T16:20:03.029228Z,embb,uesimtun1,79457,955,3998312766,2906877,,1,1
2025-11-25T16:20:03.029228Z,mmtc,uesimtun2,196861,3161,257515814,190433,,1,1
2025-11-25T16:20:03.279228Z,urllc,uesimtun0,142945,2278,681762178,6371332,,1,1
2025-11-25T16:20:03.279228Z,embb,uesimtun1,79625,957,3999909094,2908039,,1,1
2025-11-25T16:20:03.279228Z,mmtc,uesimtun2,197029,3163,258462754,191124,,1,1
2025-11-25T16:20:03.529086Z,urllc,uesimtun0,143029,2279,682532454,6376537,,1,1
2025-11-25T16:20:03.529086Z,embb,uesimtun1,79709,958,4002251214,2909743,,1,1
2025-11-25T16:20:03.529086Z,mmtc,uesimtun2,197113,3164,259856726,192138,,1,1
2025-11-25T16:20:03.779279Z,urllc,uesimtun0,143029,2279,683302878,6381743,,1,1
2025-11-25T16:20:03.779279Z,embb,uesimtun1,79877,960,4003100374,2910362,,1,1
2025-11-25T16:20:03.779279Z,mmtc,uesimtun2,197197,3165,260360426,192505,,1,1
2025-11-25T16:20:04.029059Z,urllc,uesimtun0,144032,2299,684075604,6386974,,1,1
2025-11-25T16:20:04.029059Z,embb,uesimtun1,79961,961,4004693866,2911521,,1,1
2025-11-25T16:20:04.029059Z,mmtc,uesimtun2,197281,3166,261303154,193192,,1,1
2025-11-25T16:20:04.279187Z,urllc,uesimtun0,144368,2303,684846280,6392183,,1,1
2025-11-25T16:20:04.279187Z,embb,uesimtun1,80213,964,4006297158,2912689,,1,1
2025-11-25T16:20:04.279187Z,mmtc,uesimtun2,197617,3170,263283470,194634,,1,1
2025-11-25T16:20:04.682868Z,urllc,uesimtun0,144452,2304,686092080,6400601,,1,1
2025-11-25T16:20:04.682868Z,embb,uesimtun1,80381,966,4009613486,2915101,,1,1
2025-11-25T16:20:04.682868Z,mmtc,uesimtun2,197701,3171,264228866,195322,,1,1
2025-11-25T16:20:04.933078Z,urllc,uesimtun0,144452,2304,686863180,6405812,,1,1
2025-11-25T16:20:04.933078Z,embb,uesimtun1,80465,967,4010468066,2915723,,1,1
2025-11-25T16:20:04.933078Z,mmtc,uesimtun2,197785,3172,264733942,195690,,1,1
2025-11-25T16:20:05.183222Z,urllc,uesimtun0,144620,2306,687635316,6411030,,1,1
2025-11-25T16:20:05.183222Z,embb,uesimtun1,80717,970,4012058974,2916882,,1,1
2025-11-25T16:20:05.183222Z,mmtc,uesimtun2,198322,3181,265682564,196387,,1,1
2025-11-25T16:20:05.433037Z,urllc,uesimtun0,144788,2308,688405824,6416237,,1,1
2025-11-25T16:20:05.433037Z,embb,uesimtun1,80801,971,4014399634,2918584,,1,1
2025-11-25T16:20:05.433037Z,mmtc,uesimtun2,198406,3182,267511352,197717,,1,1
2025-11-25T16:20:05.797958Z,urllc,uesimtun0,144788,2308,689528212,6423822,,1,1
2025-11-25T16:20:05.797958Z,embb,uesimtun1,80801,971,4016726534,2920276,,1,1
2025-11-25T16:20:05.797958Z,mmtc,uesimtun2,198406,3182,268890248,198721,,1,1
2025-11-25T16:20:06.161877Z,urllc,uesimtun0,144872,2309,690653304,6431425,,1,1
2025-11-25T16:20:06.161877Z,embb,uesimtun1,80969,973,4018960034,2921902,,1,1
2025-11-25T16:20:06.161877Z,mmtc,uesimtun2,198574,3184,270704152,200043,,1,1
2025-11-25T16:20:06.958863Z,urllc,uesimtun0,145124,2312,692898504,6446597,,1,1
2025-11-25T16:20:06.958863Z,embb,uesimtun1,81137,975,4023217462,2924997,,1,1
2025-11-25T16:20:06.958863Z,mmtc,uesimtun2,198658,3185,273090400,201781,,1,1
2025-11-25T16:20:07.270387Z,urllc,uesimtun0,146102,2329,693858144,6453089,,1,1
2025-11-25T16:20:07.270387Z,embb,uesimtun1,81221,976,4024460074,2925901,,1,1
2025-11-25T16:20:07.270387Z,mmtc,uesimtun2,199200,3196,273583720,202150,,1,1
2025-11-25T16:20:07.520536Z,urllc,uesimtun0,146186,2330,694629989,6458305,,1,1
2025-11-25T16:20:07.520536Z,embb,uesimtun1,81305,977,4026623230,2927474,,1,1
2025-11-25T16:20:07.520536Z,mmtc,uesimtun2,199368,3198,274870364,203086,,1,1
2025-11-25T16:20:07.770840Z,urllc,uesimtun0,146467,2335,695403514,6463533,,1,1
2025-11-25T16:20:07.770840Z,embb,uesimtun1,81389,978,4027653938,2928224,,1,1
2025-11-25T16:20:07.770840Z,mmtc,uesimtun2,199452,3199,275477324,203529,,1,1
2025-11-25T16:20:08.020507Z,urllc,uesimtun0,146836,2342,696172616,6468733,,1,1
2025-11-25T16:20:08.020507Z,embb,uesimtun1,81473,979,4029247430,2929383,,1,1
2025-11-25T16:20:08.020507Z,mmtc,uesimtun2,200620,3221,275697664,203709,,1,1
2025-11-25T16:20:08.270483Z,urllc,uesimtun0,147413,2352,696943566,6473947,,1,1
2025-11-25T16:20:08.270483Z,embb,uesimtun1,81809,983,4030828790,2930536,,1,1
2025-11-25T16:20:08.270483Z,mmtc,uesimtun2,201906,3239,275886129,203865,,1,1
2025-11-25T16:20:08.520766Z,urllc,uesimtun0,147497,2353,697716802,6479172,,1,1
2025-11-25T16:20:08.520766Z,embb,uesimtun1,81893,984,4033011210,2932123,,1,1
2025-11-25T16:20:08.520766Z,mmtc,uesimtun2,202215,3245,276881219,204592,,1,1
2025-11-25T16:20:08.770436Z,urllc,uesimtun0,147581,2354,698485598,6484367,,1,1
2025-11-25T16:20:08.770436Z,embb,uesimtun1,81977,985,4034025406,2932861,,1,1
2025-11-25T16:20:08.770436Z,mmtc,uesimtun2,202584,3252,277343945,204934,,1,1
2025-11-25T16:20:09.020566Z,urllc,uesimtun0,147665,2355,699256022,6489573,,1,1
2025-11-25T16:20:09.020566Z,embb,uesimtun1,82061,986,4035625778,2934025,,1,1
2025-11-25T16:20:09.020566Z,mmtc,uesimtun2,202752,3254,278073393,205466,,1,1
2025-11-25T16:20:09.270706Z,urllc,uesimtun0,148001,2359,700029806,6494803,,1,1
2025-11-25T16:20:09.270706Z,embb,uesimtun1,82481,991,4037222358,2935190,,1,1
2025-11-25T16:20:09.270706Z,mmtc,uesimtun2,203064,3258,278804502,206003,,1,1
2025-11-25T16:20:09.520558Z,urllc,uesimtun0,148085,2360,700798454,6499997,,1,1
2025-11-25T16:20:09.520558Z,embb,uesimtun1,82565,992,4039558890,2936889,,1,1
2025-11-25T16:20:09.520558Z,mmtc,uesimtun2,203413,3265,279869820,206782,,1,1
2025-11-25T16:20:09.770482Z,urllc,uesimtun0,148085,2360,701568730,6505202,,1,1
2025-11-25T16:20:09.770482Z,embb,uesimtun1,82649,993,4040405214,2937505,,1,1
2025-11-25T16:20:09.770482Z,mmtc,uesimtun2,203782,3272,280256926,207070,,1,1
2025-11-25T16:20:10.021154Z,urllc,uesimtun0,148980,2377,702344554,6510452,,1,1
2025-11-25T16:20:10.021154Z,embb,uesimtun1,82817,995,4042007046,2938671,,1,1
2025-11-25T16:20:10.021154Z,mmtc,uesimtun2,204600,3288,280984339,207612,,1,1
2025-11-25T16:20:10.270971Z,urllc,uesimtun0,149400,2382,703115314,6515662,,1,1
2025-11-25T16:20:10.270971Z,embb,uesimtun1,83153,999,4043602166,2939834,,1,1
2025-11-25T16:20:10.270971Z,mmtc,uesimtun2,205065,3295,281517577,208006,,1,1
2025-11-25T16:20:10.520470Z,urllc,uesimtun0,149484,2383,703884110,6520857,,1,1
2025-11-25T16:20:10.520470Z,embb,uesimtun1,83237,1000,4045779082,2941417,,1,1
2025-11-25T16:20:10.520470Z,mmtc,uesimtun2,205149,3296,281517713,208008,,1,1
2025-11-25T16:20:10.770564Z,urllc,uesimtun0,149568,2384,704654238,6526061,,1,1
2025-11-25T16:20:10.770564Z,embb,uesimtun1,83321,1001,4046793278,2942155,,1,1
2025-11-25T16:20:10.770564Z,mmtc,uesimtun2,205945,3306,281518376,208019,,1,1
2025-11-25T16:20:11.020891Z,urllc,uesimtun0,149909,2390,705427875,6531291,,1,1
2025-11-25T16:20:11.020891Z,embb,uesimtun1,83489,1003,4048389606,2943317,,1,1
2025-11-25T16:20:11.020891Z,mmtc,uesimtun2,206029,3307,281518460,208020,,1,1
2025-11-25T16:20:11.270565Z,urllc,uesimtun0,150530,2400,706197377,6536495,,1,1
2025-11-25T16:20:11.270565Z,embb,uesimtun1,83657,1005,4049977678,2944473,,1,1
2025-11-25T16:20:11.270565Z,mmtc,uesimtun2,207030,3324,281527919,208043,,1,1
2025-11-25T16:20:11.520996Z,urllc,uesimtun0,150614,2401,706970761,6541721,,1,1
2025-11-25T16:20:11.520996Z,embb,uesimtun1,83741,1006,4052004610,2945947,,1,1
2025-11-25T16:20:11.520996Z,mmtc,uesimtun2,207114,3325,281682115,208156,,1,1
2025-11-25T16:20:11.770799Z,urllc,uesimtun0,150698,2402,707741037,6546926,,1,1
2025-11-25T16:20:11.770799Z,embb,uesimtun1,83825,1007,4053174294,2946798,,1,1
2025-11-25T16:20:11.770799Z,mmtc,uesimtun2,207114,3325,281770263,208221,,1,1
2025-11-25T16:20:12.021114Z,urllc,uesimtun0,150782,2403,708512941,6552142,,1,1
2025-11-25T16:20:12.021114Z,embb,uesimtun1,83993,1009,4054774750,2947963,,1,1
2025-11-25T16:20:12.021114Z,mmtc,uesimtun2,207198,3326,281891435,208310,,1,1
2025-11-25T16:20:12.270924Z,urllc,uesimtun0,151247,2411,709283755,6557354,,1,1
2025-11-25T16:20:12.270924Z,embb,uesimtun1,84161,1011,4056364198,2949120,,1,1
2025-11-25T16:20:12.270924Z,mmtc,uesimtun2,207651,3334,282013249,208408,,1,1
2025-11-25T16:20:12.520722Z,urllc,uesimtun0,151331,2412,710054031,6562559,,1,1
2025-11-25T16:20:12.520722Z,embb,uesimtun1,84245,1012,4058706318,2950824,,1,1
2025-11-25T16:20:12.520722Z,mmtc,uesimtun2,207819,3336,282247253,208579,,1,1
2025-11-25T16:20:12.781091Z,urllc,uesimtun0,151499,2414,710856507,6567982,,1,1
2025-11-25T16:20:12.781091Z,embb,uesimtun1,84329,1013,4059610434,2951482,,1,1
2025-11-25T16:20:12.781091Z,mmtc,uesimtun2,207903,3337,282258345,208588,,1,1
2025-11-25T16:20:13.031273Z,urllc,uesimtun0,151667,2416,711627015,6573189,,1,1
2025-11-25T16:20:13.031273Z,embb,uesimtun1,84413,1014,4061217686,2952651,,1,1
2025-11-25T16:20:13.031273Z,mmtc,uesimtun2,208557,3350,282381505,208688,,1,1
2025-11-25T16:20:13.281352Z,urllc,uesimtun0,152036,2423,712399225,6578410,,1,1
2025-11-25T16:20:13.281352Z,embb,uesimtun1,84749,1018,4062812806,2953814,,1,1
2025-11-25T16:20:13.281352Z,mmtc,uesimtun2,209094,3359,282501775,208783,,1,1
2025-11-25T16:20:13.613414Z,urllc,uesimtun0,152120,2424,713422285,6585323,,1,1
2025-11-25T16:20:13.613414Z,embb,uesimtun1,84833,1019,4065072282,2955457,,1,1
2025-11-25T16:20:13.613414Z,mmtc,uesimtun2,209262,3361,282730359,208951,,1,1
2025-11-25T16:20:13.863513Z,urllc,uesimtun0,152288,2426,714194125,6590539,,1,1
2025-11-25T16:20:13.863513Z,embb,uesimtun1,84917,1020,4066528258,2956517,,1,1
2025-11-25T16:20:13.863513Z,mmtc,uesimtun2,209346,3362,282784107,208991,,1,1
2025-11-25T16:20:14.113467Z,urllc,uesimtun0,152540,2429,714964569,6595746,,1,1
2025-11-25T16:20:14.113467Z,embb,uesimtun1,85085,1022,4068114954,2957672,,1,1
2025-11-25T16:20:14.113467Z,mmtc,uesimtun2,209430,3363,282903963,209080,,1,1
2025-11-25T16:20:14.363766Z,urllc,uesimtun0,152708,2431,715738037,6600973,,1,1
2025-11-25T16:20:14.363766Z,embb,uesimtun1,85253,1024,4070463954,2959381,,1,1
2025-11-25T16:20:14.363766Z,mmtc,uesimtun2,209912,3372,282972216,209142,,1,1
2025-11-25T16:20:14.728284Z,urllc,uesimtun0,152792,2432,716860785,6608560,,1,1
2025-11-25T16:20:14.728284Z,embb,uesimtun1,85337,1025,4072039642,2960528,,1,1
2025-11-25T16:20:14.728284Z,mmtc,uesimtun2,210049,3374,282972448,209145,,1,1
2025-11-25T16:20:14.978625Z,urllc,uesimtun0,152960,2434,717632773,6613777,,1,1
2025-11-25T16:20:14.978625Z,embb,uesimtun1,85421,1026,4073646894,2961697,,1,1
2025-11-25T16:20:14.978625Z,mmtc,uesimtun2,210217,3376,282972672,209148,,1,1
2025-11-25T16:20:15.228925Z,urllc,uesimtun0,154039,2454,718407190,6619019,,1,1
2025-11-25T16:20:15.228925Z,embb,uesimtun1,85505,1027,4075236258,2962853,,1,1
2025-11-25T16:20:15.228925Z,mmtc,uesimtun2,210901,3383,282973328,209155,,1,1
2025-11-25T16:20:15.478726Z,urllc,uesimtun0,154207,2456,719174590,6624205,,1,1
2025-11-25T16:20:15.478726Z,embb,uesimtun1,85589,1028,4077583798,2964560,,1,1
2025-11-25T16:20:15.478726Z,mmtc,uesimtun2,210985,3384,282973585,209158,,1,1
2025-11-25T16:20:15.728551Z,urllc,uesimtun0,154207,2456,719946346,6629420,,1,1
2025-11-25T16:20:15.728551Z,embb,uesimtun1,85673,1029,4078419198,2965169,,1,1
2025-11-25T16:20:15.728551Z,mmtc,uesimtun2,211153,3386,282973669,209159,,1,1
2025-11-25T16:20:15.978892Z,urllc,uesimtun0,154700,2465,720720172,6634653,,1,1
2025-11-25T16:20:15.978892Z,embb,uesimtun1,85757,1030,4080022322,2966335,,1,1
2025-11-25T16:20:15.978892Z,mmtc,uesimtun2,211675,3395,282974345,209168,,1,1
2025-11-25T16:20:16.228463Z,urllc,uesimtun0,154868,2467,721489052,6639849,,1,1
2025-11-25T16:20:16.228463Z,embb,uesimtun1,85925,1032,4081615898,2967495,,1,1
2025-11-25T16:20:16.228463Z,mmtc,uesimtun2,212479,3410,282976605,209183,,1,1
2025-11-25T16:20:16.478464Z,urllc,uesimtun0,154952,2468,722256220,6645033,,1,1
2025-11-25T16:20:16.478464Z,embb,uesimtun1,86009,1033,4083318094,2968733,,1,1
2025-11-25T16:20:16.478464Z,mmtc,uesimtun2,213189,3423,282978797,209196,,1,1
2025-11-25T16:20:16.728518Z,urllc,uesimtun0,155036,2469,722878348,6649237,,1,1
2025-11-25T16:20:16.728518Z,embb,uesimtun1,86009,1033,4084168546,2969352,,1,1
2025-11-25T16:20:16.728518Z,mmtc,uesimtun2,213273,3424,282978965,209198,,1,1
2025-11-25T16:20:16.979094Z,urllc,uesimtun0,155204,2471,723653444,6654475,,1,1
2025-11-25T16:20:16.979094Z,embb,uesimtun1,86261,1036,4085762206,2970513,,1,1
2025-11-25T16:20:16.979094Z,mmtc,uesimtun2,213525,3427,282979133,209200,,1,1
2025-11-25T16:20:17.229241Z,urllc,uesimtun0,155573,2478,724424914,6659691,,1,1
2025-11-25T16:20:17.229241Z,embb,uesimtun1,86513,1039,4087364122,2971680,,1,1
2025-11-25T16:20:17.229241Z,mmtc,uesimtun2,213777,3430,282979385,209203,,1,1
2025-11-25T16:20:17.479265Z,urllc,uesimtun0,155657,2479,725195930,6664901,,1,1
2025-11-25T16:20:17.479265Z,embb,uesimtun1,86681,1041,4089702114,2973381,,1,1
2025-11-25T16:20:17.479265Z,mmtc,uesimtun2,213945,3432,282980929,209206,,1,1
2025-11-25T16:20:17.728583Z,urllc,uesimtun0,155657,2479,725962210,6670079,,1,1
2025-11-25T16:20:17.728583Z,embb,uesimtun1,86681,1041,4090541558,2973992,,1,1
2025-11-25T16:20:17.728583Z,mmtc,uesimtun2,214029,3433,282981013,209207,,1,1
2025-11-25T16:20:17.979119Z,urllc,uesimtun0,155825,2481,726736418,6675311,,1,1
2025-11-25T16:20:17.979119Z,embb,uesimtun1,86933,1044,4092142098,2975158,,1,1
2025-11-25T16:20:17.979119Z,mmtc,uesimtun2,214197,3435,282981181,209209,,1,1
2025-11-25T16:20:18.228809Z,urllc,uesimtun0,156362,2490,727507760,6680527,,1,1
2025-11-25T16:20:18.228809Z,embb,uesimtun1,87185,1047,4093737134,2976320,,1,1
2025-11-25T16:20:18.228809Z,mmtc,uesimtun2,214690,3444,282983083,209218,,1,1
2025-11-25T16:20:18.479088Z,urllc,uesimtun0,156530,2492,728279896,6685745,,1,1
2025-11-25T16:20:18.479088Z,embb,uesimtun1,87353,1049,4096086134,2978029,,1,1
2025-11-25T16:20:18.479088Z,mmtc,uesimtun2,215111,3452,282984901,209226,,1,1
2025-11-25T16:20:18.728688Z,urllc,uesimtun0,156747,2496,729047021,6690931,,1,1
2025-11-25T16:20:18.728688Z,embb,uesimtun1,87353,1049,4096936586,2978648,,1,1
2025-11-25T16:20:18.728688Z,mmtc,uesimtun2,215235,3454,282985074,209228,,1,1
2025-11-25T16:20:18.978848Z,urllc,uesimtun0,157565,2512,729821597,6696172,,1,1
2025-11-25T16:20:18.978848Z,embb,uesimtun1,87605,1052,4098523366,2979804,,1,1
2025-11-25T16:20:18.978848Z,mmtc,uesimtun2,215728,3463,282985600,209236,,1,1
2025-11-25T16:20:19.229109Z,urllc,uesimtun0,158387,2527,730594429,6701401,,1,1
2025-11-25T16:20:19.229109Z,embb,uesimtun1,87773,1054,4100118318,2980965,,1,1
2025-11-25T16:20:19.229109Z,mmtc,uesimtun2,215812,3464,282985684,209237,,1,1
2025-11-25T16:20:19.479004Z,urllc,uesimtun0,158555,2529,730895777,6703438,,1,1
2025-11-25T16:20:19.479004Z,embb,uesimtun1,87857,1055,4102461730,2982669,,1,1
2025-11-25T16:20:19.479004Z,mmtc,uesimtun2,216221,3472,282987503,209245,,1,1
2025-11-25T16:20:19.728698Z,urllc,uesimtun0,158555,2529,731664721,6708634,,1,1
2025-11-25T16:20:19.728698Z,embb,uesimtun1,87857,1055,4103335574,2983305,,1,1
2025-11-25T16:20:19.728698Z,mmtc,uesimtun2,216305,3473,282987587,209246,,1,1
2025-11-25T16:20:19.979136Z,urllc,uesimtun0,158807,2532,732439013,6713867,,1,1
2025-11-25T16:20:19.979136Z,embb,uesimtun1,88025,1057,4104903006,2984446,,1,1
2025-11-25T16:20:19.979136Z,mmtc,uesimtun2,216473,3475,282987755,209248,,1,1
2025-11-25T16:20:20.228814Z,urllc,uesimtun0,158975,2534,733208929,6719070,,1,1
2025-11-25T16:20:20.228814Z,embb,uesimtun1,88193,1059,4106507590,2985614,,1,1
2025-11-25T16:20:20.228814Z,mmtc,uesimtun2,217319,3490,282989994,209262,,1,1
2025-11-25T16:20:20.478789Z,urllc,uesimtun0,159059,2535,733979797,6724279,,1,1
2025-11-25T16:20:20.478789Z,embb,uesimtun1,88277,1060,4108834490,2987306,,1,1
2025-11-25T16:20:20.478789Z,mmtc,uesimtun2,217487,3492,282990162,209264,,1,1
2025-11-25T16:20:20.728984Z,urllc,uesimtun0,159059,2535,734750073,6729484,,1,1
2025-11-25T16:20:20.728984Z,embb,uesimtun1,88277,1060,4109682190,2987923,,1,1
2025-11-25T16:20:20.728984Z,mmtc,uesimtun2,217776,3497,282991928,209271,,1,1
2025-11-25T16:20:20.979155Z,urllc,uesimtun0,159311,2538,735522737,6734706,,1,1
2025-11-25T16:20:20.979155Z,embb,uesimtun1,88445,1062,4111297782,2989099,,1,1
2025-11-25T16:20:20.979155Z,mmtc,uesimtun2,218024,3501,282992096,209273,,1,1
2025-11-25T16:20:21.228793Z,urllc,uesimtun0,159395,2539,736292717,6739909,,1,1
2025-11-25T16:20:21.228793Z,embb,uesimtun1,88613,1064,4112878974,2990250,,1,1
2025-11-25T16:20:21.228793Z,mmtc,uesimtun2,218613,3511,282992706,209282,,1,1
2025-11-25T16:20:21.478805Z,urllc,uesimtun0,159764,2546,736778103,6743192,,1,1
2025-11-25T16:20:21.478805Z,embb,uesimtun1,88781,1066,4115226598,2991958,,1,1
2025-11-25T16:20:21.478805Z,mmtc,uesimtun2,218781,3513,282994250,209285,,1,1
2025-11-25T16:20:21.729059Z,urllc,uesimtun0,159764,2546,737552375,6748424,,1,1
2025-11-25T16:20:21.729059Z,embb,uesimtun1,88781,1066,4116070170,2992572,,1,1
2025-11-25T16:20:21.729059Z,mmtc,uesimtun2,218865,3514,282994334,209286,,1,1
2025-11-25T16:20:21.978836Z,urllc,uesimtun0,160301,2555,738322681,6753633,,1,1
2025-11-25T16:20:21.978836Z,embb,uesimtun1,88949,1068,4117663746,2993732,,1,1
2025-11-25T16:20:21.978836Z,mmtc,uesimtun2,219374,3522,282994839,209293,,1,1
2025-11-25T16:20:22.228898Z,urllc,uesimtun0,160553,2558,739094161,6758847,,1,1
2025-11-25T16:20:22.228898Z,embb,uesimtun1,89117,1070,4119251818,2994888,,1,1
2025-11-25T16:20:22.228898Z,mmtc,uesimtun2,220695,3541,282996296,209313,,1,1
2025-11-25T16:20:22.478869Z,urllc,uesimtun0,160721,2560,739772169,6763429,,1,1
2025-11-25T16:20:22.478869Z,embb,uesimtun1,89285,1072,4121602194,2996598,,1,1
2025-11-25T16:20:22.478869Z,mmtc,uesimtun2,220779,3542,282996380,209314,,1,1
2025-11-25T16:20:22.728698Z,urllc,uesimtun0,160721,2560,740632725,6769244,,1,1
2025-11-25T16:20:22.728698Z,embb,uesimtun1,89369,1073,4122449894,2997215,,1,1
2025-11-25T16:20:22.728698Z,mmtc,uesimtun2,220863,3543,282996464,209315,,1,1
2025-11-25T16:20:22.979111Z,urllc,uesimtun0,161186,2568,741407979,6774486,,1,1
2025-11-25T16:20:22.979111Z,embb,uesimtun1,89537,1075,4124051726,2998381,,1,1
2025-11-25T16:20:22.979111Z,mmtc,uesimtun2,221115,3546,282996716,209318,,1,1
2025-11-25T16:20:23.229330Z,urllc,uesimtun0,161438,2571,742178127,6779691,,1,1
2025-11-25T16:20:23.229330Z,embb,uesimtun1,89705,1077,4125645302,2999541,,1,1
2025-11-25T16:20:23.229330Z,mmtc,uesimtun2,221364,3550,282997109,209324,,1,1
2025-11-25T16:20:23.479129Z,urllc,uesimtun0,161606,2573,742782431,6783775,,1,1
2025-11-25T16:20:23.479129Z,embb,uesimtun1,89789,1078,4127615818,3000974,,1,1
2025-11-25T16:20:23.479129Z,mmtc,uesimtun2,221949,3561,283100964,209408,,1,1
2025-11-25T16:20:23.791612Z,urllc,uesimtun0,161606,2573,743743479,6790269,,1,1
2025-11-25T16:20:23.791612Z,embb,uesimtun1,89789,1078,4128858430,3001878,,1,1
2025-11-25T16:20:23.791612Z,mmtc,uesimtun2,222093,3563,283343425,209588,,1,1
2025-11-25T16:20:24.041915Z,urllc,uesimtun0,161690,2574,744517751,6795501,,1,1
2025-11-25T16:20:24.041915Z,embb,uesimtun1,89957,1080,4130468518,3003050,,1,1
2025-11-25T16:20:24.041915Z,mmtc,uesimtun2,222486,3570,284115718,210154,,1,1
2025-11-25T16:20:24.291672Z,urllc,uesimtun0,161774,2575,745286103,6800693,,1,1
2025-11-25T16:20:24.291672Z,embb,uesimtun1,90125,1082,4132802382,3004748,,1,1
2025-11-25T16:20:24.291672Z,mmtc,uesimtun2,222654,3572,285600758,211237,,1,1
2025-11-25T16:20:24.640364Z,urllc,uesimtun0,161858,2576,746363035,6807970,,1,1
2025-11-25T16:20:24.640364Z,embb,uesimtun1,90209,1083,4134289922,3005830,,1,1
2025-11-25T16:20:24.640364Z,mmtc,uesimtun2,222738,3573,285966858,211504,,1,1
2025-11-25T16:20:24.890469Z,urllc,uesimtun0,162026,2578,747133099,6813174,,1,1
2025-11-25T16:20:24.890469Z,embb,uesimtun1,90377,1085,4135871114,3006981,,1,1
2025-11-25T16:20:24.890469Z,mmtc,uesimtun2,223986,3592,286072862,211600,,1,1
2025-11-25T16:20:25.140987Z,urllc,uesimtun0,162367,2584,747907328,6818408,,1,1
2025-11-25T16:20:25.140987Z,embb,uesimtun1,90545,1087,4137471570,3008146,,1,1
2025-11-25T16:20:25.140987Z,mmtc,uesimtun2,224238,3595,286073114,211603,,1,1
2025-11-25T16:20:25.409833Z,urllc,uesimtun0,163077,2597,748736707,6824018,,1,1
2025-11-25T16:20:25.409833Z,embb,uesimtun1,90797,1090,4139936238,3009940,,1,1
2025-11-25T16:20:25.409833Z,mmtc,uesimtun2,224539,3600,286073759,211611,,1,1
2025-11-25T16:20:25.640803Z,urllc,uesimtun0,163077,2597,749449115,6828832,,1,1
2025-11-25T16:20:25.640803Z,embb,uesimtun1,90881,1091,4140662850,3010469,,1,1
2025-11-25T16:20:25.640803Z,mmtc,uesimtun2,224623,3601,286073843,211612,,1,1
2025-11-25T16:20:25.890534Z,urllc,uesimtun0,164100,2617,750218469,6834040,,1,1
2025-11-25T16:20:25.890534Z,embb,uesimtun1,91049,1093,4142245418,3011621,,1,1
2025-11-25T16:20:25.890534Z,mmtc,uesimtun2,225279,3613,286077373,211625,,1,1
2025-11-25T16:20:26.140657Z,urllc,uesimtun0,164441,2623,750990034,6839256,,1,1
2025-11-25T16:20:26.140657Z,embb,uesimtun1,91301,1096,4143855590,3012794,,1,1
2025-11-25T16:20:26.140657Z,mmtc,uesimtun2,225772,3622,286082027,211636,,1,1
2025-11-25T16:20:26.499956Z,urllc,uesimtun0,164693,2626,752033094,6846305,,1,1
2025-11-25T16:20:26.499956Z,embb,uesimtun1,91553,1099,4146896802,3015007,,1,1
2025-11-25T16:20:26.499956Z,mmtc,uesimtun2,226141,3629,286092049,211649,,1,1
2025-11-25T16:20:26.805738Z,urllc,uesimtun0,164693,2626,753041502,6853119,,1,1
2025-11-25T16:20:26.805738Z,embb,uesimtun1,91637,1100,4148089878,3015875,,1,1
2025-11-25T16:20:26.805738Z,mmtc,uesimtun2,226141,3629,286093509,211651,,1,1
2025-11-25T16:20:27.056098Z,urllc,uesimtun0,165282,2636,753815116,6858351,,1,1
2025-11-25T16:20:27.056098Z,embb,uesimtun1,91805,1102,4149691710,3017041,,1,1
2025-11-25T16:20:27.056098Z,mmtc,uesimtun2,226594,3637,286098111,211661,,1,1
2025-11-25T16:20:27.410267Z,urllc,uesimtun0,165534,2639,754558761,6863378,,1,1
2025-11-25T16:20:27.410267Z,embb,uesimtun1,91973,1104,4152698522,3019229,,1,1
2025-11-25T16:20:27.410267Z,mmtc,uesimtun2,226678,3638,286106535,211669,,1,1
2025-11-25T16:20:27.737141Z,urllc,uesimtun0,165618,2640,755914461,6872539,,1,1
2025-11-25T16:20:27.737141Z,embb,uesimtun1,92141,1106,4154038830,3020204,,1,1
2025-11-25T16:20:27.737141Z,mmtc,uesimtun2,226678,3638,286109431,211673,,1,1
2025-11-25T16:20:27.987256Z,urllc,uesimtun0,165786,2642,756687041,6877760,,1,1
2025-11-25T16:20:27.987256Z,embb,uesimtun1,92225,1107,4155632322,3021363,,1,1
2025-11-25T16:20:27.987256Z,mmtc,uesimtun2,227047,3645,286114033,211683,,1,1
2025-11-25T16:20:28.237505Z,urllc,uesimtun0,165870,2643,757457317,6882965,,1,1
2025-11-25T16:20:28.237505Z,embb,uesimtun1,92309,1108,4157239574,3022532,,1,1
2025-11-25T16:20:28.237505Z,mmtc,uesimtun2,227456,3653,286118711,211694,,1,1
2025-11-25T16:20:28.487310Z,urllc,uesimtun0,165954,2644,757688725,6884529,,1,1
2025-11-25T16:20:28.487310Z,embb,uesimtun1,92393,1109,4159567850,3024225,,1,1
2025-11-25T16:20:28.487310Z,mmtc,uesimtun2,227624,3655,286124299,211699,,1,1
2025-11-25T16:20:28.737255Z,urllc,uesimtun0,166038,2645,758462109,6889755,,1,1
2025-11-25T16:20:28.737255Z,embb,uesimtun1,92477,1110,4160423806,3024848,,1,1
2025-11-25T16:20:28.737255Z,mmtc,uesimtun2,227708,3656,286127135,211702,,1,1
2025-11-25T16:20:28.987439Z,urllc,uesimtun0,166290,2648,759232553,6894962,,1,1
2025-11-25T16:20:28.987439Z,embb,uesimtun1,92645,1112,4162017382,3026008,,1,1
2025-11-25T16:20:28.987439Z,mmtc,uesimtun2,227792,3657,286131431,211707,,1,1
2025-11-25T16:20:29.237263Z,urllc,uesimtun0,167297,2667,760005405,6900193,,1,1
2025-11-25T16:20:29.237263Z,embb,uesimtun1,92729,1113,4163606746,3027164,,1,1
2025-11-25T16:20:29.237263Z,mmtc,uesimtun2,228104,3661,286134696,211716,,1,1
2025-11-25T16:20:29.487294Z,urllc,uesimtun0,167381,2668,760593493,6904167,,1,1
2025-11-25T16:20:29.487294Z,embb,uesimtun1,92813,1114,4165950158,3028868,,1,1
2025-11-25T16:20:29.487294Z,mmtc,uesimtun2,228866,3675,286143524,211731,,1,1
2025-11-25T16:20:29.737356Z,urllc,uesimtun0,167465,2669,761545957,6910603,,1,1
2025-11-25T16:20:29.737356Z,embb,uesimtun1,92813,1114,4166796482,3029484,,1,1
2025-11-25T16:20:29.737356Z,mmtc,uesimtun2,228950,3676,286143608,211732,,1,1
2025-11-25T16:20:29.987201Z,urllc,uesimtun0,167633,2671,762317945,6915820,,1,1
2025-11-25T16:20:29.987201Z,embb,uesimtun1,92981,1116,4168392810,3030646,,1,1
2025-11-25T16:20:29.987201Z,mmtc,uesimtun2,229202,3679,286147988,211738,,1,1
2025-11-25T16:20:30.237488Z,urllc,uesimtun0,168098,2679,763088019,6921027,,1,1
2025-11-25T16:20:30.237488Z,embb,uesimtun1,93149,1118,4169993266,3031811,,1,1
2025-11-25T16:20:30.237488Z,mmtc,uesimtun2,229623,3687,286152558,211748,,1,1
2025-11-25T16:20:30.490418Z,urllc,uesimtun0,168182,2680,763274435,6922287,,1,1
2025-11-25T16:20:30.490418Z,embb,uesimtun1,93233,1119,4172353274,3033528,,1,1
2025-11-25T16:20:30.490418Z,mmtc,uesimtun2,229791,3689,286160982,211756,,1,1
2025-11-25T16:20:30.737783Z,urllc,uesimtun0,168182,2680,764479831,6930432,,1,1
2025-11-25T16:20:30.737783Z,embb,uesimtun1,93317,1120,4173177666,3034129,,1,1
2025-11-25T16:20:30.737783Z,mmtc,uesimtun2,229875,3690,286161066,211757,,1,1
2025-11-25T16:20:30.988104Z,urllc,uesimtun0,168551,2687,765253225,6935661,,1,1
2025-11-25T16:20:30.988104Z,embb,uesimtun1,93538,1123,4174671039,3035220,,1,1
2025-11-25T16:20:30.988104Z,mmtc,uesimtun2,230384,3698,286165699,211767,,1,1
2025-11-25T16:20:31.238236Z,urllc,uesimtun0,168803,2690,766025593,6940881,,1,1
2025-11-25T16:20:31.238236Z,embb,uesimtun1,94347,1131,4174671784,3035228,,1,1
2025-11-25T16:20:31.238236Z,mmtc,uesimtun2,230552,3700,286169995,211772,,1,1
2025-11-25T16:20:31.488037Z,urllc,uesimtun0,168887,2691,766795869,6946086,,1,1
2025-11-25T16:20:31.488037Z,embb,uesimtun1,94431,1132,4174671952,3035230,,1,1
2025-11-25T16:20:31.488037Z,mmtc,uesimtun2,230636,3701,286178335,211779,,1,1
2025-11-25T16:20:31.778718Z,urllc,uesimtun0,168971,2692,767690401,6952131,,1,1
2025-11-25T16:20:31.778718Z,embb,uesimtun1,94515,1133,4174672120,3035232,,1,1
2025-11-25T16:20:31.778718Z,mmtc,uesimtun2,230720,3702,286178419,211780,,1,1
2025-11-25T16:20:32.028883Z,urllc,uesimtun0,169312,2698,768463890,6957360,,1,1
2025-11-25T16:20:32.028883Z,embb,uesimtun1,94683,1135,4174672288,3035234,,1,1
2025-11-25T16:20:32.028883Z,mmtc,uesimtun2,231049,3708,286183021,211790,,1,1
2025-11-25T16:20:32.279218Z,urllc,uesimtun0,169564,2701,769235962,6962578,,1,1
2025-11-25T16:20:32.279218Z,embb,uesimtun1,95259,1145,4177070065,3036987,,1,1
2025-11-25T16:20:32.279218Z,mmtc,uesimtun2,231301,3711,286187317,211795,,1,1
2025-11-25T16:20:32.528989Z,urllc,uesimtun0,169648,2702,770006238,6967783,,1,1
2025-11-25T16:20:32.528989Z,embb,uesimtun1,95343,1146,4183423225,3041606,,1,1
2025-11-25T16:20:32.528989Z,mmtc,uesimtun2,231682,3718,286193211,211805,,1,1
2025-11-25T16:20:32.778997Z,urllc,uesimtun0,169816,2704,770776746,6972990,,1,1
2025-11-25T16:20:32.778997Z,embb,uesimtun1,95427,1147,4186640397,3043945,,1,1
2025-11-25T16:20:32.778997Z,mmtc,uesimtun2,232091,3726,286196405,211814,,1,1
2025-11-25T16:20:33.029139Z,urllc,uesimtun0,170237,2712,771549008,6978212,,1,1
2025-11-25T16:20:33.029139Z,embb,uesimtun1,95595,1149,4191431797,3047429,,1,1
2025-11-25T16:20:33.029139Z,mmtc,uesimtun2,232769,3739,286201228,211828,,1,1
2025-11-25T16:20:33.279270Z,urllc,uesimtun0,170405,2714,772319368,6983418,,1,1
2025-11-25T16:20:33.279270Z,embb,uesimtun1,95847,1152,4196213649,3050907,,1,1
2025-11-25T16:20:33.279270Z,mmtc,uesimtun2,233358,3749,286205966,211840,,1,1
2025-11-25T16:20:33.528933Z,urllc,uesimtun0,170489,2715,773089792,6988624,,1,1
2025-11-25T16:20:33.528933Z,embb,uesimtun1,95931,1153,4203231333,3056008,,1,1
2025-11-25T16:20:33.528933Z,mmtc,uesimtun2,233526,3751,286211638,211846,,1,1
2025-11-25T16:20:33.778952Z,urllc,uesimtun0,170489,2715,773860892,6993835,,1,1
2025-11-25T16:20:33.778952Z,embb,uesimtun1,96015,1154,4205778393,3057860,,1,1
2025-11-25T16:20:33.778952Z,mmtc,uesimtun2,233610,3752,286214474,211849,,1,1
2025-11-25T16:20:34.028869Z,urllc,uesimtun0,170657,2717,774632140,6999047,,1,1
2025-11-25T16:20:34.028869Z,embb,uesimtun1,96099,1155,4210564205,3061339,,1,1
2025-11-25T16:20:34.028869Z,mmtc,uesimtun2,233694,3753,286217310,211852,,1,1
2025-11-25T16:20:34.279172Z,urllc,uesimtun0,171082,2724,775404381,7004268,,1,1
2025-11-25T16:20:34.279172Z,embb,uesimtun1,96435,1159,4215353021,3064823,,1,1
2025-11-25T16:20:34.279172Z,mmtc,uesimtun2,233946,3756,286221690,211858,,1,1
2025-11-25T16:20:34.529039Z,urllc,uesimtun0,171166,2725,776174065,7009469,,1,1
2025-11-25T16:20:34.529039Z,embb,uesimtun1,96519,1160,4220913521,3068865,,1,1
2025-11-25T16:20:34.529039Z,mmtc,uesimtun2,234030,3757,286228738,211865,,1,1
2025-11-25T16:20:34.778849Z,urllc,uesimtun0,171250,2726,776945165,7014680,,1,1
2025-11-25T16:20:34.778849Z,embb,uesimtun1,96687,1162,4223477177,3070730,,1,1
2025-11-25T16:20:34.778849Z,mmtc,uesimtun2,234198,3759,286230251,211868,,1,1
2025-11-25T16:20:35.029198Z,urllc,uesimtun0,171703,2734,777717607,7019903,,1,1
2025-11-25T16:20:35.029198Z,embb,uesimtun1,96771,1163,4228232717,3074187,,1,1
2025-11-25T16:20:35.029198Z,mmtc,uesimtun2,235195,3772,286231269,211881,,1,1
2025-11-25T16:20:35.279022Z,urllc,uesimtun0,171955,2737,778488051,7025110,,1,1
2025-11-25T16:20:35.279022Z,embb,uesimtun1,97023,1166,4233029705,3077676,,1,1
2025-11-25T16:20:35.279022Z,mmtc,uesimtun2,235771,3782,286419188,212028,,1,1
2025-11-25T16:20:35.528997Z,urllc,uesimtun0,172039,2738,779134155,7029476,,1,1
2025-11-25T16:20:35.528997Z,embb,uesimtun1,97107,1167,4240051565,3082781,,1,1
2025-11-25T16:20:35.528997Z,mmtc,uesimtun2,235771,3782,287151304,212561,,1,1
2025-11-25T16:20:35.778876Z,urllc,uesimtun0,172291,2741,779905487,7034689,,1,1
2025-11-25T16:20:35.778876Z,embb,uesimtun1,97275,1169,4242598709,3084634,,1,1
2025-11-25T16:20:35.778876Z,mmtc,uesimtun2,235855,3783,287322012,212686,,1,1
2025-11-25T16:20:36.029413Z,urllc,uesimtun0,172784,2750,780676945,7039906,,1,1
2025-11-25T16:20:36.029413Z,embb,uesimtun1,97359,1170,4247381769,3088111,,1,1
2025-11-25T16:20:36.029413Z,mmtc,uesimtun2,236228,3789,287769738,213019,,1,1
2025-11-25T16:20:36.279215Z,urllc,uesimtun0,173714,2766,781449712,7045135,,1,1
2025-11-25T16:20:36.279215Z,embb,uesimtun1,97527,1172,4252169041,3091592,,1,1
2025-11-25T16:20:36.279215Z,mmtc,uesimtun2,236681,3797,288222916,213355,,1,1
2025-11-25T16:20:36.529038Z,urllc,uesimtun0,173798,2767,782219100,7050334,,1,1
2025-11-25T16:20:36.529038Z,embb,uesimtun1,97611,1173,4259192229,3096697,,1,1
2025-11-25T16:20:36.529038Z,mmtc,uesimtun2,236765,3798,289052812,213960,,1,1
2025-11-25T16:20:36.835653Z,urllc,uesimtun0,173966,2769,783163656,7056717,,1,1
2025-11-25T16:20:36.835653Z,embb,uesimtun1,97695,1174,4262812569,3099329,,1,1
2025-11-25T16:20:36.835653Z,mmtc,uesimtun2,236909,3800,289226473,214090,,1,1
2025-11-25T16:20:37.086154Z,urllc,uesimtun0,174307,2775,783938033,7061952,,1,1
2025-11-25T16:20:37.086154Z,embb,uesimtun1,97779,1175,4267614893,3102820,,1,1
2025-11-25T16:20:37.086154Z,mmtc,uesimtun2,237218,3806,289680826,214424,,1,1
2025-11-25T16:20:37.336071Z,urllc,uesimtun0,174559,2778,784709217,7067164,,1,1
2025-11-25T16:20:37.336071Z,embb,uesimtun1,97947,1177,4274550101,3107862,,1,1
2025-11-25T16:20:37.336071Z,mmtc,uesimtun2,237470,3809,290552086,215060,,1,1
2025-11-25T16:20:37.683353Z,urllc,uesimtun0,174559,2778,785779933,7074399,,1,1
2025-11-25T16:20:37.683353Z,embb,uesimtun1,97947,1177,4278965769,3111072,,1,1
2025-11-25T16:20:37.683353Z,mmtc,uesimtun2,237638,3811,290757278,215211,,1,1
2025-11-25T16:20:37.933774Z,urllc,uesimtun0,175225,2791,786551561,7079619,,1,1
2025-11-25T16:20:37.933774Z,embb,uesimtun1,98031,1178,4283770845,3114565,,1,1
2025-11-25T16:20:37.933774Z,mmtc,uesimtun2,237971,3816,291209080,215546,,1,1
2025-11-25T16:20:38.183860Z,urllc,uesimtun0,175309,2792,787323465,7084835,,1,1
2025-11-25T16:20:38.183860Z,embb,uesimtun1,98115,1179,4288555281,3118043,,1,1
2025-11-25T16:20:38.183860Z,mmtc,uesimtun2,238913,3834,291644813,215876,,1,1
2025-11-25T16:20:38.433645Z,urllc,uesimtun0,175393,2793,788093001,7090035,,1,1
2025-11-25T16:20:38.433645Z,embb,uesimtun1,98199,1180,4295563501,3123139,,1,1
2025-11-25T16:20:38.433645Z,mmtc,uesimtun2,239270,3839,291645568,215883,,1,1
2025-11-25T16:20:38.699167Z,urllc,uesimtun0,175393,2793,788912117,7095570,,1,1
2025-11-25T16:20:38.699167Z,embb,uesimtun1,98283,1181,4298453185,3125240,,1,1
2025-11-25T16:20:38.699167Z,mmtc,uesimtun2,239438,3841,291645652,215884,,1,1
2025-11-25T16:20:38.949468Z,urllc,uesimtun0,175762,2800,789683735,7100787,,1,1
2025-11-25T16:20:38.949468Z,embb,uesimtun1,98451,1183,4303217065,3128704,,1,1
2025-11-25T16:20:38.949468Z,mmtc,uesimtun2,240513,3855,291648380,215902,,1,1
2025-11-25T16:20:39.199473Z,urllc,uesimtun0,175846,2801,790454603,7105996,,1,1
2025-11-25T16:20:39.199473Z,embb,uesimtun1,98535,1184,4307986449,3132172,,1,1
2025-11-25T16:20:39.199473Z,mmtc,uesimtun2,241275,3869,291649159,215914,,1,1
2025-11-25T16:20:39.449526Z,urllc,uesimtun0,175930,2802,791225027,7111202,,1,1
2025-11-25T16:20:39.449526Z,embb,uesimtun1,98619,1185,4315026233,3137290,,1,1
2025-11-25T16:20:39.449526Z,mmtc,uesimtun2,241696,3877,291653729,215924,,1,1
2025-11-25T16:20:39.699250Z,urllc,uesimtun0,175930,2802,791997015,7116419,,1,1
2025-11-25T16:20:39.699250Z,embb,uesimtun1,98703,1186,4317556781,3139130,,1,1
2025-11-25T16:20:39.699250Z,mmtc,uesimtun2,241780,3878,291653813,215925,,1,1
2025-11-25T16:20:39.949519Z,urllc,uesimtun0,176098,2804,792767375,7121625,,1,1
2025-11-25T16:20:39.949519Z,embb,uesimtun1,98871,1188,4322341301,3142609,,1,1
2025-11-25T16:20:39.949519Z,mmtc,uesimtun2,242121,3884,291655526,215931,,1,1
2025-11-25T16:20:40.199604Z,urllc,uesimtun0,176439,2810,793539680,7126846,,1,1
2025-11-25T16:20:40.199604Z,embb,uesimtun1,99123,1191,4327141041,3146100,,1,1
2025-11-25T16:20:40.199604Z,mmtc,uesimtun2,242205,3885,291658362,215934,,1,1
2025-11-25T16:20:40.449524Z,urllc,uesimtun0,176523,2811,794309068,7132045,,1,1
2025-11-25T16:20:40.449524Z,embb,uesimtun1,99207,1192,4334146341,3151192,,1,1
2025-11-25T16:20:40.449524Z,mmtc,uesimtun2,242289,3886,291661198,215937,,1,1
2025-11-25T16:20:40.776094Z,urllc,uesimtun0,176691,2813,795317560,7138860,,1,1
2025-11-25T16:20:40.776094Z,embb,uesimtun1,99375,1194,4338435501,3154311,,1,1
2025-11-25T16:20:40.776094Z,mmtc,uesimtun2,242373,3887,291662658,215939,,1,1
2025-11-25T16:20:41.026640Z,urllc,uesimtun0,178581,2828,795389357,7139350,,1,1
2025-11-25T16:20:41.026640Z,embb,uesimtun1,99459,1195,4342958497,3157599,,1,1
2025-11-25T16:20:41.026640Z,mmtc,uesimtun2,242742,3894,291664424,215946,,1,1
2025-11-25T16:20:41.276472Z,urllc,uesimtun0,178665,2829,795389441,7139351,,1,1
2025-11-25T16:20:41.276472Z,embb,uesimtun1,99711,1198,4347740349,3161077,,1,1
2025-11-25T16:20:41.276472Z,mmtc,uesimtun2,242826,3895,291667260,215949,,1,1
2025-11-25T16:20:41.526371Z,urllc,uesimtun0,178749,2830,795389609,7139353,,1,1
2025-11-25T16:20:41.526371Z,embb,uesimtun1,99879,1200,4354764997,3166184,,1,1
2025-11-25T16:20:41.526371Z,mmtc,uesimtun2,242910,3896,291670180,215953,,1,1
2025-11-25T16:20:41.776549Z,urllc,uesimtun0,178749,2830,795389693,7139354,,1,1
2025-11-25T16:20:41.776549Z,embb,uesimtun1,99963,1201,4357331321,3168050,,1,1
2025-11-25T16:20:41.776549Z,mmtc,uesimtun2,243331,3904,291670622,215960,,1,1
2025-11-25T16:20:42.026369Z,urllc,uesimtun0,178833,2831,795389777,7139355,,1,1
2025-11-25T16:20:42.026369Z,embb,uesimtun1,100047,1202,4362093741,3171512,,1,1
2025-11-25T16:20:42.026369Z,mmtc,uesimtun2,244161,3920,291674258,215976,,1,1
2025-11-25T16:20:42.276392Z,urllc,uesimtun0,179355,2840,795390457,7139364,,1,1
2025-11-25T16:20:42.276392Z,embb,uesimtun1,100131,1203,4366885057,3174995,,1,1
2025-11-25T16:20:42.276392Z,mmtc,uesimtun2,245164,3940,291676748,215995,,1,1
2025-11-25T16:20:42.526376Z,urllc,uesimtun0,179493,2842,795437857,7139686,,1,1
2025-11-25T16:20:42.526376Z,embb,uesimtun1,100215,1204,4373851997,3180061,,1,1
2025-11-25T16:20:42.526376Z,mmtc,uesimtun2,245533,3947,291679830,216002,,1,1
2025-11-25T16:20:42.776264Z,urllc,uesimtun0,179493,2842,796208281,7144892,,1,1
2025-11-25T16:20:42.776264Z,embb,uesimtun1,100299,1205,4376400433,3181914,,1,1
2025-11-25T16:20:42.776264Z,mmtc,uesimtun2,245874,3953,291681543,216008,,1,1
2025-11-25T16:20:43.026467Z,urllc,uesimtun0,179631,2844,796980101,7150108,,1,1
2025-11-25T16:20:43.026467Z,embb,uesimtun1,100467,1207,4381165689,3185379,,1,1
2025-11-25T16:20:43.026467Z,mmtc,uesimtun2,246042,3955,291683087,216011,,1,1
2025-11-25T16:20:43.276401Z,urllc,uesimtun0,179883,2847,797750545,7155315,,1,1
2025-11-25T16:20:43.276401Z,embb,uesimtun1,100551,1208,4385970765,3188872,,1,1
2025-11-25T16:20:43.276401Z,mmtc,uesimtun2,246383,3961,291684800,216017,,1,1
2025-11-25T16:20:43.526228Z,urllc,uesimtun0,179967,2848,798522533,7160532,,1,1
2025-11-25T16:20:43.526228Z,embb,uesimtun1,100635,1209,4392360993,3193517,,1,1
2025-11-25T16:20:43.526228Z,mmtc,uesimtun2,246467,3962,291687780,216022,,1,1
2025-11-25T16:20:43.776498Z,urllc,uesimtun0,180135,2850,799292893,7165738,,1,1
2025-11-25T16:20:43.776498Z,embb,uesimtun1,100719,1210,4395545141,3195832,,1,1
2025-11-25T16:20:43.776498Z,mmtc,uesimtun2,246848,3969,291689486,216028,,1,1
2025-11-25T16:20:44.026700Z,urllc,uesimtun0,180303,2852,800063401,7170945,,1,1
2025-11-25T16:20:44.026700Z,embb,uesimtun1,100887,1212,4400457629,3199404,,1,1
2025-11-25T16:20:44.026700Z,mmtc,uesimtun2,248188,3996,291692273,216052,,1,1
2025-11-25T16:20:44.276199Z,urllc,uesimtun0,182193,2888,800837149,7176190,,1,1
2025-11-25T16:20:44.276199Z,embb,uesimtun1,100971,1213,4405127857,3202799,,1,1
2025-11-25T16:20:44.276199Z,mmtc,uesimtun2,248641,4004,291695499,216061,,1,1
2025-11-25T16:20:44.526485Z,urllc,uesimtun0,182277,2889,801607425,7181395,,1,1
2025-11-25T16:20:44.526485Z,embb,uesimtun1,101055,1214,4412131781,3207890,,1,1
2025-11-25T16:20:44.526485Z,mmtc,uesimtun2,248809,4006,291698419,216065,,1,1
2025-11-25T16:20:44.776300Z,urllc,uesimtun0,182361,2890,802379413,7186612,,1,1
2025-11-25T16:20:44.776300Z,embb,uesimtun1,101139,1215,4414678841,3209742,,1,1
2025-11-25T16:20:44.776300Z,mmtc,uesimtun2,248893,4007,291698503,216066,,1,1
2025-11-25T16:20:45.026422Z,urllc,uesimtun0,183123,2904,803150384,7191828,,1,1
2025-11-25T16:20:45.026422Z,embb,uesimtun1,101223,1216,4419468781,3213224,,1,1
2025-11-25T16:20:45.026422Z,mmtc,uesimtun2,249559,4020,291701950,216079,,1,1
2025-11-25T16:20:45.276405Z,urllc,uesimtun0,183207,2905,803920660,7197033,,1,1
2025-11-25T16:20:45.276405Z,embb,uesimtun1,101307,1217,4424251841,3216701,,1,1
2025-11-25T16:20:45.276405Z,mmtc,uesimtun2,250433,4036,291704242,216094,,1,1
2025-11-25T16:20:45.526358Z,urllc,uesimtun0,183291,2906,804692120,7202246,,1,1
2025-11-25T16:20:45.526358Z,embb,uesimtun1,101391,1218,4431275113,3221807,,1,1
2025-11-25T16:20:45.526358Z,mmtc,uesimtun2,250601,4038,291707246,216099,,1,1
2025-11-25T16:20:45.776507Z,urllc,uesimtun0,183543,2909,805463156,7207457,,1,1
2025-11-25T16:20:45.776507Z,embb,uesimtun1,101559,1220,4433818129,3223657,,1,1
2025-11-25T16:20:45.776507Z,mmtc,uesimtun2,250769,4040,291708706,216101,,1,1
2025-11-25T16:20:46.026210Z,urllc,uesimtun0,183627,2910,806234616,7212670,,1,1
2025-11-25T16:20:46.026210Z,embb,uesimtun1,101643,1221,4438623205,3227150,,1,1
2025-11-25T16:20:46.026210Z,mmtc,uesimtun2,251234,4048,291710556,216109,,1,1
2025-11-25T16:20:46.276412Z,urllc,uesimtun0,183711,2911,807004892,7217875,,1,1
2025-11-25T16:20:46.276412Z,embb,uesimtun1,101811,1223,4443432493,3230647,,1,1
2025-11-25T16:20:46.276412Z,mmtc,uesimtun2,251486,4051,291712184,216113,,1,1
2025-11-25T16:20:46.526334Z,urllc,uesimtun0,183795,2912,807650256,7222236,,1,1
2025-11-25T16:20:46.526334Z,embb,uesimtun1,101895,1224,4450415861,3235724,,1,1
2025-11-25T16:20:46.526334Z,mmtc,uesimtun2,251570,4052,291715020,216116,,1,1
2025-11-25T16:20:46.776294Z,urllc,uesimtun0,183879,2913,808420468,7227441,,1,1
2025-11-25T16:20:46.776294Z,embb,uesimtun1,102063,1226,4452939613,3237560,,1,1
2025-11-25T16:20:46.776294Z,mmtc,uesimtun2,252079,4060,291716901,216124,,1,1
2025-11-25T16:20:47.026348Z,urllc,uesimtun0,184220,2919,809192625,7232661,,1,1
2025-11-25T16:20:47.026348Z,embb,uesimtun1,102231,1228,4457742021,3241052,,1,1
2025-11-25T16:20:47.026348Z,mmtc,uesimtun2,252544,4068,291720127,216133,,1,1
2025-11-25T16:20:47.276386Z,urllc,uesimtun0,184874,2932,809963513,7237876,,1,1
2025-11-25T16:20:47.276386Z,embb,uesimtun1,102483,1231,4462529377,3244534,,1,1
2025-11-25T16:20:47.276386Z,mmtc,uesimtun2,252885,4074,291721840,216139,,1,1
2025-11-25T16:20:47.526368Z,urllc,uesimtun0,184958,2933,810734021,7243083,,1,1
2025-11-25T16:20:47.526368Z,embb,uesimtun1,102567,1232,4469553941,3249640,,1,1
2025-11-25T16:20:47.526368Z,mmtc,uesimtun2,252969,4075,291724676,216142,,1,1
2025-11-25T16:20:47.776235Z,urllc,uesimtun0,185820,2949,811505341,7248302,,1,1
2025-11-25T16:20:47.776235Z,embb,uesimtun1,102735,1234,4472101085,3251493,,1,1
2025-11-25T16:20:47.776235Z,mmtc,uesimtun2,253137,4077,291726304,216146,,1,1
2025-11-25T16:20:48.026395Z,urllc,uesimtun0,186273,2957,812277191,7253521,,1,1
2025-11-25T16:20:48.026395Z,embb,uesimtun1,102903,1236,4476889733,3254975,,1,1
2025-11-25T16:20:48.026395Z,mmtc,uesimtun2,254265,4099,291728983,216168,,1,1
2025-11-25T16:20:48.276392Z,urllc,uesimtun0,187019,2972,813048331,7258739,,1,1
2025-11-25T16:20:48.276392Z,embb,uesimtun1,103155,1239,4481667457,3258450,,1,1
2025-11-25T16:20:48.276392Z,mmtc,uesimtun2,255085,4109,291729800,216178,,1,1
2025-11-25T16:20:48.526399Z,urllc,uesimtun0,187103,2973,813320967,7260582,,1,1
2025-11-25T16:20:48.526399Z,embb,uesimtun1,103239,1240,4485862965,3261500,,1,1
2025-11-25T16:20:48.526399Z,mmtc,uesimtun2,255334,4113,291730193,216184,,1,1
2025-11-25T16:20:48.776462Z,urllc,uesimtun0,187103,2973,814091539,7265789,,1,1
2025-11-25T16:20:48.776462Z,embb,uesimtun1,103323,1241,4488404521,3263348,,1,1
2025-11-25T16:20:48.776462Z,mmtc,uesimtun2,255661,4119,291888908,216305,,1,1
2025-11-25T16:20:49.026289Z,urllc,uesimtun0,187355,2976,814861983,7270996,,1,1
2025-11-25T16:20:49.026289Z,embb,uesimtun1,103491,1243,4493195921,3266832,,1,1
2025-11-25T16:20:49.026289Z,mmtc,uesimtun2,255829,4121,292464160,216724,,1,1
2025-11-25T16:20:49.276286Z,urllc,uesimtun0,187523,2978,815633083,7276207,,1,1
2025-11-25T16:20:49.276286Z,embb,uesimtun1,103575,1244,4497974853,3270306,,1,1
2025-11-25T16:20:49.276286Z,mmtc,uesimtun2,255829,4121,293038036,217142,,1,1
2025-11-25T16:20:49.526235Z,urllc,uesimtun0,187607,2979,816404099,7281417,,1,1
2025-11-25T16:20:49.526235Z,embb,uesimtun1,103659,1245,4503022105,3273975,,1,1
2025-11-25T16:20:49.526235Z,mmtc,uesimtun2,255829,4121,293807304,217702,,1,1
2025-11-25T16:20:49.776333Z,urllc,uesimtun0,187976,2986,817175273,7286631,,1,1
2025-11-25T16:20:49.776333Z,embb,uesimtun1,103827,1247,4506167809,3276263,,1,1
2025-11-25T16:20:49.776333Z,mmtc,uesimtun2,255913,4122,294187164,217979,,1,1
2025-11-25T16:20:50.026339Z,urllc,uesimtun0,188144,2988,817945781,7291838,,1,1
2025-11-25T16:20:50.026339Z,embb,uesimtun1,103995,1249,4510945449,3279737,,1,1
2025-11-25T16:20:50.026339Z,mmtc,uesimtun2,256165,4125,294757140,218397,,1,1
2025-11-25T16:20:50.276332Z,urllc,uesimtun0,188396,2991,818718297,7297059,,1,1
2025-11-25T16:20:50.276332Z,embb,uesimtun1,104079,1250,4515749149,3283229,,1,1
2025-11-25T16:20:50.276332Z,mmtc,uesimtun2,256534,4132,295335390,218822,,1,1
2025-11-25T16:20:50.526275Z,urllc,uesimtun0,188480,2992,819488869,7302266,,1,1
2025-11-25T16:20:50.526275Z,embb,uesimtun1,104163,1251,4522755825,3288322,,1,1
2025-11-25T16:20:50.526275Z,mmtc,uesimtun2,256618,4133,296447366,219632,,1,1
2025-11-25T16:20:50.891424Z,urllc,uesimtun0,188564,2993,820613369,7309865,,1,1
2025-11-25T16:20:50.891424Z,embb,uesimtun1,104247,1252,4527501817,3291773,,1,1
2025-11-25T16:20:50.891424Z,mmtc,uesimtun2,256618,4133,296740706,219848,,1,1
2025-11-25T16:20:51.141568Z,urllc,uesimtun0,189185,3003,821384883,7315082,,1,1
2025-11-25T16:20:51.141568Z,embb,uesimtun1,104499,1255,4532286421,3295253,,1,1
2025-11-25T16:20:51.141568Z,mmtc,uesimtun2,256870,4136,297320170,220271,,1,1
2025-11-25T16:20:51.391910Z,urllc,uesimtun0,189269,3004,822158859,7320312,,1,1
2025-11-25T16:20:51.391910Z,embb,uesimtun1,104583,1256,4539331625,3300374,,1,1
2025-11-25T16:20:51.391910Z,mmtc,uesimtun2,257159,4141,298435347,221090,,1,1
2025-11-25T16:20:51.645637Z,urllc,uesimtun0,189269,3004,822939791,7325589,,1,1
2025-11-25T16:20:51.645637Z,embb,uesimtun1,104583,1256,4541970877,3302293,,1,1
2025-11-25T16:20:51.645637Z,mmtc,uesimtun2,257327,4143,298483591,221126,,1,1
2025-11-25T16:20:51.896243Z,urllc,uesimtun0,189923,3017,823714823,7330832,,1,1
2025-11-25T16:20:51.896243Z,embb,uesimtun1,104751,1258,4546743013,3305763,,1,1
2025-11-25T16:20:51.896243Z,mmtc,uesimtun2,257327,4143,299054715,221542,,1,1
2025-11-25T16:20:52.146063Z,urllc,uesimtun0,190175,3020,824484527,7336034,,1,1
2025-11-25T16:20:52.146063Z,embb,uesimtun1,105003,1261,4551524865,3309241,,1,1
2025-11-25T16:20:52.146063Z,mmtc,uesimtun2,257700,4149,299629149,221968,,1,1
2025-11-25T16:20:52.510116Z,urllc,uesimtun0,190259,3021,825607487,7343622,,1,1
2025-11-25T16:20:52.510116Z,embb,uesimtun1,105087,1262,4560748361,3315946,,1,1
2025-11-25T16:20:52.510116Z,mmtc,uesimtun2,257868,4151,301007985,222971,,1,1
2025-11-25T16:20:52.875812Z,urllc,uesimtun0,190259,3021,826735563,7351245,,1,1
2025-11-25T16:20:52.875812Z,embb,uesimtun1,105087,1262,4565494269,3319396,,1,1
2025-11-25T16:20:52.875812Z,mmtc,uesimtun2,257868,4151,301306661,223189,,1,1
2025-11-25T16:20:53.125901Z,urllc,uesimtun0,190511,3024,827506747,7356457,,1,1
2025-11-25T16:20:53.125901Z,embb,uesimtun1,105255,1264,4570278789,3322875,,1,1
2025-11-25T16:20:53.125901Z,mmtc,uesimtun2,258293,4158,301894718,223623,,1,1
2025-11-25T16:20:53.376127Z,urllc,uesimtun0,190595,3025,828278503,7361672,,1,1
2025-11-25T16:20:53.376127Z,embb,uesimtun1,105339,1265,4577306105,3327983,,1,1
2025-11-25T16:20:53.376127Z,mmtc,uesimtun2,258545,4161,302994310,224424,,1,1
2025-11-25T16:20:53.730447Z,urllc,uesimtun0,190595,3025,829370679,7369052,,1,1
2025-11-25T16:20:53.730447Z,embb,uesimtun1,105507,1267,4582217217,3331554,,1,1
2025-11-25T16:20:53.730447Z,mmtc,uesimtun2,258629,4162,303580630,224852,,1,1
2025-11-25T16:20:53.980660Z,urllc,uesimtun0,190763,3027,830142667,7374269,,1,1
2025-11-25T16:20:53.980660Z,embb,uesimtun1,105507,1267,4586682421,3334800,,1,1
2025-11-25T16:20:53.980660Z,mmtc,uesimtun2,259122,4171,303852168,225056,,1,1
2025-11-25T16:20:54.230664Z,urllc,uesimtun0,191188,3034,830911652,7379468,,1,1
2025-11-25T16:20:54.230664Z,embb,uesimtun1,105843,1271,4591412069,3338241,,1,1
2025-11-25T16:20:54.230664Z,mmtc,uesimtun2,259860,4185,304415732,225477,,1,1
2025-11-25T16:20:54.480698Z,urllc,uesimtun0,191272,3035,831683408,7384683,,1,1
2025-11-25T16:20:54.480698Z,embb,uesimtun1,105927,1272,4598436633,3343347,,1,1
2025-11-25T16:20:54.480698Z,mmtc,uesimtun2,259944,4186,305529060,226288,,1,1
2025-11-25T16:20:54.843850Z,urllc,uesimtun0,191272,3035,832802096,7392243,,1,1
2025-11-25T16:20:54.843850Z,embb,uesimtun1,105927,1272,4605381389,3348395,,1,1
2025-11-25T16:20:54.843850Z,mmtc,uesimtun2,259944,4186,306363084,226896,,1,1
2025-11-25T16:20:55.207802Z,urllc,uesimtun0,191272,3035,833925768,7399837,,1,1
2025-11-25T16:20:55.207802Z,embb,uesimtun1,105927,1272,4612353833,3353465,,1,1
2025-11-25T16:20:55.207802Z,mmtc,uesimtun2,260004,4187,307198685,227508,,1,1
2025-11-25T16:20:55.571201Z,urllc,uesimtun0,191500,3038,835047029,7407415,,1,1
2025-11-25T16:20:55.571201Z,embb,uesimtun1,106095,1274,4619316477,3358526,,1,1
2025-11-25T16:20:55.571201Z,mmtc,uesimtun2,260088,4188,307984465,228080,,1,1
2025-11-25T16:20:55.836063Z,urllc,uesimtun0,192243,3052,835864929,7412949,,1,1
2025-11-25T16:20:55.836063Z,embb,uesimtun1,106179,1275,4622134609,3360575,,1,1
2025-11-25T16:20:55.836063Z,mmtc,uesimtun2,260256,4190,308104345,228169,,1,1
2025-11-25T16:20:56.086553Z,urllc,uesimtun0,192327,3053,836636093,7418160,,1,1
2025-11-25T16:20:56.086553Z,embb,uesimtun1,106347,1277,4626935641,3364066,,1,1
2025-11-25T16:20:56.086553Z,mmtc,uesimtun2,261155,4208,308676290,228599,,1,1
2025-11-25T16:20:56.336172Z,urllc,uesimtun0,192792,3061,837407943,7423379,,1,1
2025-11-25T16:20:56.336172Z,embb,uesimtun1,106599,1280,4633957621,3369172,,1,1
2025-11-25T16:20:56.336172Z,mmtc,uesimtun2,262174,4229,309793392,229429,,1,1
2025-11-25T16:20:56.700851Z,urllc,uesimtun0,192876,3062,838532827,7430980,,1,1
2025-11-25T16:20:56.700851Z,embb,uesimtun1,106599,1280,4639259433,3373026,,1,1
2025-11-25T16:20:56.700851Z,mmtc,uesimtun2,262567,4235,310431155,229902,,1,1
2025-11-25T16:20:56.950958Z,urllc,uesimtun0,193044,3064,839304075,7436192,,1,1
2025-11-25T16:20:56.950958Z,embb,uesimtun1,106683,1281,4643475665,3376092,,1,1
2025-11-25T16:20:56.950958Z,mmtc,uesimtun2,262876,4241,310668016,230077,,1,1
2025-11-25T16:20:57.201262Z,urllc,uesimtun0,193296,3067,840076147,7441410,,1,1
2025-11-25T16:20:57.201262Z,embb,uesimtun1,106851,1283,4648275321,3379582,,1,1
2025-11-25T16:20:57.201262Z,mmtc,uesimtun2,263044,4243,311243352,230497,,1,1
2025-11-25T16:20:57.590283Z,urllc,uesimtun0,193380,3068,841225599,7449177,,1,1
2025-11-25T16:20:57.590283Z,embb,uesimtun1,106935,1284,4657959693,3386621,,1,1
2025-11-25T16:20:57.590283Z,mmtc,uesimtun2,263240,4246,312675022,231546,,1,1
2025-11-25T16:20:57.950867Z,urllc,uesimtun0,193548,3070,842384903,7457011,,1,1
2025-11-25T16:20:57.950867Z,embb,uesimtun1,107019,1285,4662639553,3390023,,1,1
2025-11-25T16:20:57.950867Z,mmtc,uesimtun2,263802,4255,312967169,231765,,1,1
2025-11-25T16:20:58.201118Z,urllc,uesimtun0,193800,3073,843159195,7462244,,1,1
2025-11-25T16:20:58.201118Z,embb,uesimtun1,107103,1286,4667415733,3393495,,1,1
2025-11-25T16:20:58.201118Z,mmtc,uesimtun2,264086,4261,313539813,232184,,1,1
2025-11-25T16:20:58.585130Z,urllc,uesimtun0,193968,3075,844342919,7470243,,1,1
2025-11-25T16:20:58.585130Z,embb,uesimtun1,107271,1288,4675768221,3399567,,1,1
2025-11-25T16:20:58.585130Z,mmtc,uesimtun2,264539,4269,314704466,233038,,1,1
2025-11-25T16:20:58.928736Z,urllc,uesimtun0,193968,3075,845400759,7477391,,1,1
2025-11-25T16:20:58.928736Z,embb,uesimtun1,107355,1289,4680395877,3402932,,1,1
2025-11-25T16:20:58.928736Z,mmtc,uesimtun2,264828,4274,314705003,233046,,1,1
2025-11-25T16:20:59.179111Z,urllc,uesimtun0,194136,3077,846174671,7482621,,1,1
2025-11-25T16:20:59.179111Z,embb,uesimtun1,107523,1291,4684889977,3406199,,1,1
2025-11-25T16:20:59.179111Z,mmtc,uesimtun2,265833,4286,314705798,233055,,1,1
2025-11-25T16:20:59.430269Z,urllc,uesimtun0,194966,3093,846949743,7487866,,1,1
2025-11-25T16:20:59.430269Z,embb,uesimtun1,107691,1293,4691957365,3411338,,1,1
2025-11-25T16:20:59.430269Z,mmtc,uesimtun2,266001,4288,314705966,233057,,1,1
2025-11-25T16:20:59.679606Z,urllc,uesimtun0,194966,3093,847717207,7493052,,1,1
2025-11-25T16:20:59.679606Z,embb,uesimtun1,107691,1293,4694467273,3413163,,1,1
2025-11-25T16:20:59.679606Z,mmtc,uesimtun2,266085,4289,314706050,233058,,1,1
2025-11-25T16:20:59.930304Z,urllc,uesimtun0,195050,3094,848490887,7498280,,1,1
2025-11-25T16:20:59.930304Z,embb,uesimtun1,107775,1294,4699268221,3416653,,1,1
2025-11-25T16:20:59.930304Z,mmtc,uesimtun2,266523,4297,314706644,233066,,1,1
2025-11-25T16:21:00.180144Z,urllc,uesimtun0,195475,3101,849263424,7503503,,1,1
2025-11-25T16:21:00.180144Z,embb,uesimtun1,108027,1297,4704069337,3420145,,1,1
2025-11-25T16:21:00.180144Z,mmtc,uesimtun2,266910,4303,314754174,233111,,1,1
2025-11-25T16:21:00.579981Z,urllc,uesimtun0,195643,3103,850496136,7511833,,1,1
2025-11-25T16:21:00.579981Z,embb,uesimtun1,108195,1299,4709217205,3423889,,1,1
2025-11-25T16:21:00.579981Z,mmtc,uesimtun2,267651,4316,314885368,233213,,1,1
2025-11-25T16:21:00.944475Z,urllc,uesimtun0,195727,3104,851618504,7519417,,1,1
2025-11-25T16:21:00.944475Z,embb,uesimtun1,108363,1301,4713942557,3427325,,1,1
2025-11-25T16:21:00.944475Z,mmtc,uesimtun2,267856,4320,314913390,233241,,1,1
2025-11-25T16:21:01.194794Z,urllc,uesimtun0,196264,3113,852391474,7524644,,1,1
2025-11-25T16:21:01.194794Z,embb,uesimtun1,108699,1305,4718742297,3430816,,1,1
2025-11-25T16:21:01.194794Z,mmtc,uesimtun2,269617,4357,314967485,233308,,1,1
2025-11-25T16:21:01.445067Z,urllc,uesimtun0,196348,3114,853164414,7529867,,1,1
2025-11-25T16:21:01.445067Z,embb,uesimtun1,108783,1306,4725772365,3435926,,1,1
2025-11-25T16:21:01.445067Z,mmtc,uesimtun2,269701,4358,315066725,233382,,1,1
2025-11-25T16:21:01.809613Z,urllc,uesimtun0,196348,3114,854287162,7537454,,1,1
2025-11-25T16:21:01.809613Z,embb,uesimtun1,108867,1307,4730501761,3439364,,1,1
2025-11-25T16:21:01.809613Z,mmtc,uesimtun2,269701,4358,315094389,233404,,1,1
2025-11-25T16:21:02.059903Z,urllc,uesimtun0,196600,3117,855060714,7542682,,1,1
2025-11-25T16:21:02.059903Z,embb,uesimtun1,108951,1308,4735283445,3442840,,1,1
2025-11-25T16:21:02.059903Z,mmtc,uesimtun2,270479,4373,315147365,233453,,1,1
2025-11-25T16:21:02.309719Z,urllc,uesimtun0,196969,3124,855829900,7547883,,1,1
2025-11-25T16:21:02.309719Z,embb,uesimtun1,109203,1311,4742316433,3447954,,1,1
2025-11-25T16:21:02.309719Z,mmtc,uesimtun2,270647,4375,315247981,233528,,1,1
2025-11-25T16:21:02.673771Z,urllc,uesimtun0,196969,3124,856952500,7555469,,1,1
2025-11-25T16:21:02.673771Z,embb,uesimtun1,109203,1311,4749276325,3453013,,1,1
2025-11-25T16:21:02.673771Z,mmtc,uesimtun2,270731,4376,315322429,233584,,1,1
2025-11-25T16:21:03.038345Z,urllc,uesimtun0,197389,3129,858076876,7563067,,1,1
2025-11-25T16:21:03.038345Z,embb,uesimtun1,109287,1312,4754041497,3456477,,1,1
2025-11-25T16:21:03.038345Z,mmtc,uesimtun2,270875,4378,315350342,233609,,1,1
2025-11-25T16:21:03.288495Z,urllc,uesimtun0,197770,3136,858848790,7568286,,1,1
2025-11-25T16:21:03.288495Z,embb,uesimtun1,109455,1314,4758815009,3459948,,1,1
2025-11-25T16:21:03.288495Z,mmtc,uesimtun2,271445,4388,315426464,233671,,1,1
2025-11-25T16:21:03.538461Z,urllc,uesimtun0,197854,3137,859619066,7573491,,1,1
2025-11-25T16:21:03.538461Z,embb,uesimtun1,109539,1315,4765835445,3465051,,1,1
2025-11-25T16:21:03.538461Z,mmtc,uesimtun2,271445,4388,315478836,233710,,1,1
2025-11-25T16:21:03.788433Z,urllc,uesimtun0,197854,3137,860391054,7578708,,1,1
2025-11-25T16:21:03.788433Z,embb,uesimtun1,109707,1317,4768377085,3466900,,1,1
2025-11-25T16:21:03.788433Z,mmtc,uesimtun2,271613,4390,315506524,233732,,1,1
2025-11-25T16:21:04.038466Z,urllc,uesimtun0,198022,3139,861161626,7583915,,1,1
2025-11-25T16:21:04.038466Z,embb,uesimtun1,109875,1319,4773179493,3470392,,1,1
2025-11-25T16:21:04.038466Z,mmtc,uesimtun2,271865,4393,315557688,233772,,1,1
2025-11-25T16:21:04.288553Z,urllc,uesimtun0,198190,3141,861931838,7589120,,1,1
2025-11-25T16:21:04.288553Z,embb,uesimtun1,110043,1321,4777968141,3473874,,1,1
2025-11-25T16:21:04.288553Z,mmtc,uesimtun2,271949,4394,315634828,233829,,1,1
2025-11-25T16:21:04.538656Z,urllc,uesimtun0,198274,3142,862703742,7594336,,1,1
2025-11-25T16:21:04.538656Z,embb,uesimtun1,110127,1322,4784973441,3478966,,1,1
2025-11-25T16:21:04.538656Z,mmtc,uesimtun2,271949,4394,315687284,233869,,1,1
2025-11-25T16:21:04.788472Z,urllc,uesimtun0,198611,3149,863473932,7599544,,1,1
2025-11-25T16:21:04.788472Z,embb,uesimtun1,110211,1323,4787521877,3480819,,1,1
2025-11-25T16:21:04.788472Z,mmtc,uesimtun2,272033,4395,315713596,233890,,1,1
2025-11-25T16:21:05.038769Z,urllc,uesimtun0,199116,3158,864246722,7604770,,1,1
2025-11-25T16:21:05.038769Z,embb,uesimtun1,110379,1325,4792322909,3484310,,1,1
2025-11-25T16:21:05.038769Z,mmtc,uesimtun2,272117,4396,315766052,233930,,1,1
2025-11-25T16:21:05.288487Z,urllc,uesimtun0,199284,3160,865016490,7609972,,1,1
2025-11-25T16:21:05.288487Z,embb,uesimtun1,110547,1327,4797089541,3487776,,1,1
2025-11-25T16:21:05.288487Z,mmtc,uesimtun2,272571,4404,315819088,233980,,1,1
2025-11-25T16:21:05.550977Z,urllc,uesimtun0,199368,3161,865079178,7610396,,1,1
2025-11-25T16:21:05.550977Z,embb,uesimtun1,110631,1328,4804360409,3493061,,1,1
2025-11-25T16:21:05.550977Z,mmtc,uesimtun2,272611,4405,315922599,234059,,1,1
2025-11-25T16:21:05.916024Z,urllc,uesimtun0,199368,3161,866953122,7623060,,1,1
2025-11-25T16:21:05.916024Z,embb,uesimtun1,110631,1328,4811328641,3498127,,1,1
2025-11-25T16:21:05.916024Z,mmtc,uesimtun2,272611,4405,315957430,234090,,1,1
2025-11-25T16:21:06.279592Z,urllc,uesimtun0,199368,3161,868073646,7630633,,1,1
2025-11-25T16:21:06.279592Z,embb,uesimtun1,110631,1328,4820187413,3504566,,1,1
2025-11-25T16:21:06.279592Z,mmtc,uesimtun2,272611,4405,315957680,234094,,1,1
2025-11-25T16:21:06.742993Z,urllc,uesimtun0,199368,3161,869503854,7640297,,1,1
2025-11-25T16:21:06.742993Z,embb,uesimtun1,110631,1328,4827176285,3509647,,1,1
2025-11-25T16:21:06.742993Z,mmtc,uesimtun2,272611,4405,315957817,234096,,1,1
2025-11-25T16:21:07.106935Z,urllc,uesimtun0,199368,3161,870623734,7647867,,1,1
2025-11-25T16:21:07.106935Z,embb,uesimtun1,110631,1328,4834122501,3514697,,1,1
2025-11-25T16:21:07.106935Z,mmtc,uesimtun2,272611,4405,315958315,234103,,1,1
2025-11-25T16:21:07.470562Z,urllc,uesimtun0,199368,3161,871746394,7655454,,1,1
2025-11-25T16:21:07.470562Z,embb,uesimtun1,110631,1328,4839508333,3518613,,1,1
2025-11-25T16:21:07.470562Z,mmtc,uesimtun2,272611,4405,315958452,234105,,1,1
2025-11-25T16:21:07.834566Z,urllc,uesimtun0,199368,3161,872866246,7663021,,1,1
2025-11-25T16:21:07.834566Z,embb,uesimtun1,110631,1328,4846475105,3523677,,1,1
2025-11-25T16:21:07.834566Z,mmtc,uesimtun2,272611,4405,315958860,234111,,1,1
2025-11-25T16:21:08.198617Z,urllc,uesimtun0,199368,3161,873989002,7670610,,1,1
2025-11-25T16:21:08.198617Z,embb,uesimtun1,110631,1328,4853443421,3528744,,1,1
2025-11-25T16:21:08.198617Z,mmtc,uesimtun2,272611,4405,315959124,234115,,1,1
2025-11-25T16:21:08.562022Z,urllc,uesimtun0,199368,3161,874848306,7676418,,1,1
2025-11-25T16:21:08.562022Z,embb,uesimtun1,110631,1328,4860408817,3533807,,1,1
2025-11-25T16:21:08.562022Z,mmtc,uesimtun2,272611,4405,315959208,234116,,1,1
2025-11-25T16:21:08.925702Z,urllc,uesimtun0,199368,3161,876231542,7685767,,1,1
2025-11-25T16:21:08.925702Z,embb,uesimtun1,110631,1328,4867359161,3538860,,1,1
2025-11-25T16:21:08.925702Z,mmtc,uesimtun2,272611,4405,315959970,234127,,1,1
2025-11-25T16:21:09.289179Z,urllc,uesimtun0,199368,3161,877353114,7693348,,1,1
2025-11-25T16:21:09.289179Z,embb,uesimtun1,110631,1328,4874308129,3543912,,1,1
2025-11-25T16:21:09.289179Z,mmtc,uesimtun2,272611,4405,315960371,234133,,1,1
2025-11-25T16:21:09.652739Z,urllc,uesimtun0,199368,3161,878472310,7700911,,1,1
2025-11-25T16:21:09.652739Z,embb,uesimtun1,110631,1328,4881276277,3548977,,1,1
2025-11-25T16:21:09.652739Z,mmtc,uesimtun2,272611,4405,315960515,234135,,1,1
2025-11-25T16:21:10.016322Z,urllc,uesimtun0,199368,3161,879595186,7708502,,1,1
2025-11-25T16:21:10.016322Z,embb,uesimtun1,110631,1328,4888236337,3554038,,1,1
2025-11-25T16:21:10.016322Z,mmtc,uesimtun2,272611,4405,315961079,234144,,1,1
2025-11-25T16:21:10.379817Z,urllc,uesimtun0,199368,3161,880714650,7716068,,1,1
2025-11-25T16:21:10.379817Z,embb,uesimtun1,110631,1328,4895185221,3559089,,1,1
2025-11-25T16:21:10.379817Z,mmtc,uesimtun2,272611,4405,315961427,234149,,1,1
2025-11-25T16:21:10.747869Z,urllc,uesimtun0,199368,3161,881850338,7723742,,1,1
2025-11-25T16:21:10.747869Z,embb,uesimtun1,110631,1328,4902229049,3564209,,1,1
2025-11-25T16:21:10.747869Z,mmtc,uesimtun2,272611,4405,315961571,234151,,1,1
2025-11-25T16:21:11.112283Z,urllc,uesimtun0,199368,3161,882976934,7731359,,1,1
2025-11-25T16:21:11.112283Z,embb,uesimtun1,110631,1328,4909215169,3569288,,1,1
2025-11-25T16:21:11.112283Z,mmtc,uesimtun2,272611,4405,315962399,234164,,1,1
2025-11-25T16:21:11.633248Z,urllc,uesimtun0,199368,3161,884582874,7742212,,1,1
2025-11-25T16:21:11.633248Z,embb,uesimtun1,110631,1328,4917750581,3575492,,1,1
2025-11-25T16:21:11.633248Z,mmtc,uesimtun2,272611,4405,315962567,234166,,1,1
2025-11-25T16:21:11.997726Z,urllc,uesimtun0,199368,3161,885706102,7749803,,1,1
2025-11-25T16:21:11.997726Z,embb,uesimtun1,110631,1328,4924715977,3580555,,1,1
2025-11-25T16:21:11.997726Z,mmtc,uesimtun2,272611,4405,315963131,234175,,1,1
2025-11-25T16:21:12.489660Z,urllc,uesimtun0,199368,3161,887201654,7759911,,1,1
2025-11-25T16:21:12.489660Z,embb,uesimtun1,110631,1328,4934137617,3587404,,1,1
2025-11-25T16:21:12.489660Z,mmtc,uesimtun2,272611,4405,315963532,234181,,1,1
2025-11-25T16:21:12.853344Z,urllc,uesimtun0,199368,3161,888344950,7767637,,1,1
2025-11-25T16:21:12.853344Z,embb,uesimtun1,110631,1328,4941097509,3592463,,1,1
2025-11-25T16:21:12.853344Z,mmtc,uesimtun2,272611,4405,315964210,234191,,1,1
2025-11-25T16:21:13.217548Z,urllc,uesimtun0,199368,3161,889468354,7775232,,1,1
2025-11-25T16:21:13.217548Z,embb,uesimtun1,110631,1328,4948067033,3597529,,1,1
2025-11-25T16:21:13.217548Z,mmtc,uesimtun2,272611,4405,315964882,234201,,1,1
2025-11-25T16:21:13.581996Z,urllc,uesimtun0,199368,3161,890593150,7782833,,1,1
2025-11-25T16:21:13.581996Z,embb,uesimtun1,110631,1328,4955039477,3602599,,1,1
2025-11-25T16:21:13.581996Z,mmtc,uesimtun2,272611,4405,315965026,234203,,1,1
2025-11-25T16:21:13.945433Z,urllc,uesimtun0,199368,3161,891713062,7790401,,1,1
2025-11-25T16:21:13.945433Z,embb,uesimtun1,110631,1328,4961999453,3607659,,1,1
2025-11-25T16:21:13.945433Z,mmtc,uesimtun2,272611,4405,315965554,234211,,1,1
2025-11-25T16:21:14.308744Z,urllc,uesimtun0,199368,3161,892831882,7797964,,1,1
2025-11-25T16:21:14.308744Z,embb,uesimtun1,110631,1328,4968952549,3612714,,1,1
2025-11-25T16:21:14.308744Z,mmtc,uesimtun2,272611,4405,315965962,234217,,1,1
2025-11-25T16:21:14.672182Z,urllc,uesimtun0,199368,3161,893353074,7801486,,1,1
2025-11-25T16:21:14.672182Z,embb,uesimtun1,110631,1328,4975693741,3617615,,1,1
2025-11-25T16:21:14.672182Z,mmtc,uesimtun2,272611,4405,315966046,234218,,1,1
2025-11-25T16:21:15.035796Z,urllc,uesimtun0,199368,3161,894357250,7808272,,1,1
2025-11-25T16:21:15.035796Z,embb,uesimtun1,110631,1328,4982641249,3622665,,1,1
2025-11-25T16:21:15.035796Z,mmtc,uesimtun2,272611,4405,315966718,234228,,1,1
2025-11-25T16:21:15.400778Z,urllc,uesimtun0,199368,3161,895481070,7815867,,1,1
2025-11-25T16:21:15.400778Z,embb,uesimtun1,110631,1328,4996405545,3632670,,1,1
2025-11-25T16:21:15.400778Z,mmtc,uesimtun2,272611,4405,315966922,234231,,1,1
2025-11-25T16:21:16.119160Z,urllc,uesimtun0,199368,3161,897503690,7829536,,1,1
2025-11-25T16:21:16.119160Z,embb,uesimtun1,110631,1328,5003387537,3637746,,1,1
2025-11-25T16:21:16.119160Z,mmtc,uesimtun2,272611,4405,315967390,234238,,1,1
2025-11-25T16:21:16.482872Z,urllc,uesimtun0,199368,3161,898623482,7837106,,1,1
2025-11-25T16:21:16.482872Z,embb,uesimtun1,110631,1328,5010348805,3642806,,1,1
2025-11-25T16:21:16.482872Z,mmtc,uesimtun2,272611,4405,315967594,234241,,1,1
2025-11-25T16:21:16.846569Z,urllc,uesimtun0,199368,3161,899745846,7844691,,1,1
2025-11-25T16:21:16.846569Z,embb,uesimtun1,110631,1328,5017311449,3647867,,1,1
2025-11-25T16:21:16.846569Z,mmtc,uesimtun2,272611,4405,315967762,234243,,1,1
2025-11-25T16:21:17.210333Z,urllc,uesimtun0,199368,3161,900868306,7852278,,1,1
2025-11-25T16:21:17.210333Z,embb,uesimtun1,110631,1328,5024293525,3652944,,1,1
2025-11-25T16:21:17.210333Z,mmtc,uesimtun2,272611,4405,315968326,234252,,1,1
2025-11-25T16:21:17.581346Z,urllc,uesimtun0,199368,3161,902012754,7860014,,1,1
2025-11-25T16:21:17.581346Z,embb,uesimtun1,110631,1328,5031373129,3658090,,1,1
2025-11-25T16:21:17.581346Z,mmtc,uesimtun2,272611,4405,315968470,234254,,1,1
2025-11-25T16:21:17.945172Z,urllc,uesimtun0,199368,3161,903135034,7867598,,1,1
2025-11-25T16:21:17.945172Z,embb,uesimtun1,110631,1328,5038319429,3663141,,1,1
2025-11-25T16:21:17.945172Z,mmtc,uesimtun2,272611,4405,315968614,234256,,1,1
2025-11-25T16:21:18.308568Z,urllc,uesimtun0,199368,3161,904255566,7875173,,1,1
2025-11-25T16:21:18.308568Z,embb,uesimtun1,110631,1328,5045271149,3668195,,1,1
2025-11-25T16:21:18.308568Z,mmtc,uesimtun2,272611,4405,315968758,234258,,1,1
2025-11-25T16:21:18.671580Z,urllc,uesimtun0,199368,3161,905375266,7882740,,1,1
2025-11-25T16:21:18.671580Z,embb,uesimtun1,110631,1328,5052236545,3673258,,1,1
2025-11-25T16:21:18.671580Z,mmtc,uesimtun2,272611,4405,315968986,234261,,1,1
2025-11-25T16:21:19.034953Z,urllc,uesimtun0,199368,3161,906493546,7890298,,1,1
2025-11-25T16:21:19.034953Z,embb,uesimtun1,110631,1328,5059200565,3678320,,1,1
2025-11-25T16:21:19.034953Z,mmtc,uesimtun2,272611,4405,315969250,234265,,1,1
2025-11-25T16:21:19.409783Z,urllc,uesimtun0,199368,3161,907651634,7898126,,1,1
2025-11-25T16:21:19.409783Z,embb,uesimtun1,110631,1328,5066361437,3683526,,1,1
2025-11-25T16:21:19.409783Z,mmtc,uesimtun2,272611,4405,315969591,234270,,1,1
2025-11-25T16:21:19.773200Z,urllc,uesimtun0,199368,3161,908772966,7905703,,1,1
2025-11-25T16:21:19.773200Z,embb,uesimtun1,110631,1328,5073306193,3688574,,1,1
2025-11-25T16:21:19.773200Z,mmtc,uesimtun2,272611,4405,315969759,234272,,1,1
2025-11-25T16:21:20.136692Z,urllc,uesimtun0,199368,3161,909893854,7913281,,1,1
2025-11-25T16:21:20.136692Z,embb,uesimtun1,110631,1328,5080278469,3693642,,1,1
2025-11-25T16:21:20.136692Z,mmtc,uesimtun2,272611,4405,315970167,234278,,1,1
2025-11-25T16:21:20.500223Z,urllc,uesimtun0,199368,3161,911015362,7920862,,1,1
2025-11-25T16:21:20.500223Z,embb,uesimtun1,110631,1328,5087242573,3698705,,1,1
2025-11-25T16:21:20.500223Z,mmtc,uesimtun2,272611,4405,315970485,234282,,1,1
2025-11-25T16:21:20.863333Z,urllc,uesimtun0,199368,3161,912135066,7928428,,1,1
2025-11-25T16:21:20.863333Z,embb,uesimtun1,110631,1328,5094190081,3703755,,1,1
2025-11-25T16:21:20.863333Z,mmtc,uesimtun2,272611,4405,315970653,234284,,1,1
2025-11-25T16:21:21.226911Z,urllc,uesimtun0,199368,3161,913257318,7936013,,1,1
2025-11-25T16:21:21.226911Z,embb,uesimtun1,110631,1328,5101136213,3708804,,1,1
2025-11-25T16:21:21.226911Z,mmtc,uesimtun2,272611,4405,315970941,234288,,1,1
2025-11-25T16:21:21.591027Z,urllc,uesimtun0,199368,3161,914379950,7943601,,1,1
2025-11-25T16:21:21.591027Z,embb,uesimtun1,110631,1328,5108111325,3713875,,1,1
2025-11-25T16:21:21.591027Z,mmtc,uesimtun2,272611,4405,315971109,234290,,1,1
2025-11-25T16:21:21.954614Z,urllc,uesimtun0,199368,3161,915500602,7951174,,1,1
2025-11-25T16:21:21.954614Z,embb,uesimtun1,110631,1328,5115071301,3718935,,1,1
2025-11-25T16:21:21.954614Z,mmtc,uesimtun2,272611,4405,315971277,234292,,1,1
2025-11-25T16:21:22.318380Z,urllc,uesimtun0,199368,3161,916622406,7958757,,1,1
2025-11-25T16:21:22.318380Z,embb,uesimtun1,110631,1328,5122046413,3724006,,1,1
2025-11-25T16:21:22.318380Z,mmtc,uesimtun2,272611,4405,315971361,234293,,1,1
2025-11-25T16:21:22.682583Z,urllc,uesimtun0,199368,3161,917745746,7966348,,1,1
2025-11-25T16:21:22.682583Z,embb,uesimtun1,110631,1328,5129006389,3729066,,1,1
2025-11-25T16:21:22.682583Z,mmtc,uesimtun2,272611,4405,315971445,234294,,1,1
2025-11-25T16:21:23.046373Z,urllc,uesimtun0,199368,3161,918867282,7973928,,1,1
2025-11-25T16:21:23.046373Z,embb,uesimtun1,110631,1328,5135970409,3734128,,1,1
2025-11-25T16:21:23.046373Z,mmtc,uesimtun2,272611,4405,315971757,234298,,1,1
2025-11-25T16:21:23.410060Z,urllc,uesimtun0,199368,3161,919989978,7981516,,1,1
2025-11-25T16:21:23.410060Z,embb,uesimtun1,110631,1328,5142919377,3739180,,1,1
2025-11-25T16:21:23.410060Z,mmtc,uesimtun2,272611,4405,315971901,234300,,1,1
2025-11-25T16:21:23.773936Z,urllc,uesimtun0,199368,3161,921109086,7989079,,1,1
2025-11-25T16:21:23.773936Z,embb,uesimtun1,110631,1328,5149902745,3744257,,1,1
2025-11-25T16:21:23.773936Z,mmtc,uesimtun2,272611,4405,315971985,234301,,1,1
2025-11-25T16:21:24.137972Z,urllc,uesimtun0,199368,3161,922231722,7996666,,1,1
2025-11-25T16:21:24.137972Z,embb,uesimtun1,110631,1328,5156872353,3749324,,1,1
2025-11-25T16:21:24.137972Z,mmtc,uesimtun2,272611,4405,315972273,234305,,1,1
2025-11-25T16:21:24.501830Z,urllc,uesimtun0,199368,3161,923354062,8004251,,1,1
2025-11-25T16:21:24.501830Z,embb,uesimtun1,110631,1328,5163818569,3754374,,1,1
2025-11-25T16:21:24.501830Z,mmtc,uesimtun2,272611,4405,315972357,234306,,1,1
2025-11-25T16:21:24.865791Z,urllc,uesimtun0,199368,3161,924478414,8011849,,1,1
2025-11-25T16:21:24.865791Z,embb,uesimtun1,110631,1328,5170794973,3759445,,1,1
2025-11-25T16:21:24.865791Z,mmtc,uesimtun2,272611,4405,315972525,234308,,1,1
2025-11-25T16:21:25.229055Z,urllc,uesimtun0,199368,3161,925599746,8019430,,1,1
2025-11-25T16:21:25.229055Z,embb,uesimtun1,110631,1328,5177735685,3764491,,1,1
2025-11-25T16:21:25.229055Z,mmtc,uesimtun2,272611,4405,315972693,234310,,1,1
2025-11-25T16:21:25.593090Z,urllc,uesimtun0,199368,3161,926722026,8027014,,1,1
2025-11-25T16:21:25.593090Z,embb,uesimtun1,110631,1328,5184718969,3769567,,1,1
2025-11-25T16:21:25.593090Z,mmtc,uesimtun2,272611,4405,315973041,234315,,1,1
2025-11-25T16:21:25.956769Z,urllc,uesimtun0,199368,3161,927843034,8034590,,1,1
2025-11-25T16:21:25.956769Z,embb,uesimtun1,110631,1328,5191669313,3774620,,1,1
2025-11-25T16:21:25.956769Z,mmtc,uesimtun2,272611,4405,315973125,234316,,1,1
2025-11-25T16:21:26.319879Z,urllc,uesimtun0,199368,3161,928963322,8042162,,1,1
2025-11-25T16:21:26.319879Z,embb,uesimtun1,110631,1328,5198633333,3779682,,1,1
2025-11-25T16:21:26.319879Z,mmtc,uesimtun2,272611,4405,315973209,234317,,1,1
2025-11-25T16:21:26.686344Z,urllc,uesimtun0,199368,3161,930093174,8049797,,1,1
2025-11-25T16:21:26.686344Z,embb,uesimtun1,110631,1328,5205692297,3784813,,1,1
2025-11-25T16:21:26.686344Z,mmtc,uesimtun2,272611,4405,315973437,234320,,1,1
2025-11-25T16:21:27.052632Z,urllc,uesimtun0,199368,3161,931222642,8057430,,1,1
2025-11-25T16:21:27.052632Z,embb,uesimtun1,110631,1328,5212653565,3789873,,1,1
2025-11-25T16:21:27.052632Z,mmtc,uesimtun2,272611,4405,315973665,234323,,1,1
2025-11-25T16:21:27.417293Z,urllc,uesimtun0,199368,3161,932347494,8065033,,1,1
2025-11-25T16:21:27.417293Z,embb,uesimtun1,110631,1328,5219635557,3794949,,1,1
2025-11-25T16:21:27.417293Z,mmtc,uesimtun2,272611,4405,315973749,234324,,1,1
2025-11-25T16:21:27.784900Z,urllc,uesimtun0,199368,3161,933479182,8072681,,1,1
2025-11-25T16:21:27.784900Z,embb,uesimtun1,110631,1328,5226662957,3800058,,1,1
2025-11-25T16:21:27.784900Z,mmtc,uesimtun2,272611,4405,315973953,234327,,1,1
2025-11-25T16:21:28.148394Z,urllc,uesimtun0,199368,3161,934601994,8080268,,1,1
2025-11-25T16:21:28.148394Z,embb,uesimtun1,110631,1328,5233625601,3805119,,1,1
2025-11-25T16:21:28.148394Z,mmtc,uesimtun2,272611,4405,315974241,234331,,1,1
2025-11-25T16:21:28.512877Z,urllc,uesimtun0,199368,3161,935727294,8087873,,1,1
2025-11-25T16:21:28.512877Z,embb,uesimtun1,110631,1328,5240608969,3810196,,1,1
2025-11-25T16:21:28.512877Z,mmtc,uesimtun2,272611,4405,315974325,234332,,1,1
2025-11-25T16:21:28.877347Z,urllc,uesimtun0,199368,3161,936850102,8095461,,1,1
2025-11-25T16:21:28.877347Z,embb,uesimtun1,110631,1328,5247593713,3815274,,1,1
2025-11-25T16:21:28.877347Z,mmtc,uesimtun2,,,,,,1,0
2025-11-25T16:21:29.127526Z,urllc,uesimtun0,,,,,,1,0
2025-11-25T16:21:29.127526Z,embb,uesimtun1,,,,,,1,0
2025-11-25T16:21:29.127526Z,mmtc,uesimtun2,,,,,,1,0
2025-11-25T16:21:29.409854Z,urllc,uesimtun0,,,,,,1,0
2025-11-25T16:21:29.409854Z,embb,uesimtun1,,,,,,1,0
2025-11-25T16:21:29.409854Z,mmtc,uesimtun2,,,,,,1,0
2025-11-25T16:21:29.627590Z,urllc,uesimtun0,,,,,,1,0
2025-11-25T16:21:29.627590Z,embb,uesimtun1,,,,,,1,0
2025-11-25T16:21:29.627590Z,mmtc,uesimtun2,,,,,,1,0
2025-11-25T16:21:29.877867Z,urllc,uesimtun0,,,,,,1,0
2025-11-25T16:21:29.877867Z,embb,uesimtun1,,,,,,1,0
2025-11-25T16:21:29.877867Z,mmtc,uesimtun2,,,,,,1,0
2025-11-25T16:21:30.127963Z,urllc,uesimtun0,,,,,,1,0
2025-11-25T16:21:30.127963Z,embb,uesimtun1,,,,,,1,0
2025-11-25T16:21:30.127963Z,mmtc,uesimtun2,,,,,,1,0
2025-11-25T16:21:30.378139Z,urllc,uesimtun0,,,,,,1,0
2025-11-25T16:21:30.378139Z,embb,uesimtun1,,,,,,1,0
2025-11-25T16:21:30.378139Z,mmtc,uesimtun2,,,,,,1,0
2025-11-25T16:21:30.627985Z,urllc,uesimtun0,,,,,,1,0
2025-11-25T16:21:30.627985Z,embb,uesimtun1,,,,,,1,0
2025-11-25T16:21:30.627985Z,mmtc,uesimtun2,,,,,,1,0
2025-11-25T16:21:30.877841Z,urllc,uesimtun0,,,,,,1,0
2025-11-25T16:21:30.877841Z,embb,uesimtun1,,,,,,1,0
2025-11-25T16:21:30.877841Z,mmtc,uesimtun2,,,,,,1,0
2025-11-25T16:21:31.128172Z,urllc,uesimtun0,,,,,,1,0
2025-11-25T16:21:31.128172Z,embb,uesimtun1,,,,,,1,0
2025-11-25T16:21:31.128172Z,mmtc,uesimtun2,,,,,,1,0
2025-11-25T16:21:31.378286Z,urllc,uesimtun0,,,,,,1,0
2025-11-25T16:21:31.378286Z,embb,uesimtun1,,,,,,1,0
2025-11-25T16:21:31.378286Z,mmtc,uesimtun2,,,,,,1,0
2025-11-25T16:21:31.627817Z,urllc,uesimtun0,,,,,,1,0
2025-11-25T16:21:31.627817Z,embb,uesimtun1,,,,,,1,0
2025-11-25T16:21:31.627817Z,mmtc,uesimtun2,,,,,,1,0
2025-11-25T16:21:31.877703Z,urllc,uesimtun0,,,,,,1,0
2025-11-25T16:21:31.877703Z,embb,uesimtun1,,,,,,1,0
2025-11-25T16:21:31.877703Z,mmtc,uesimtun2,,,,,,1,0
2025-11-25T16:21:32.127900Z,urllc,uesimtun0,,,,,,1,0
2025-11-25T16:21:32.127900Z,embb,uesimtun1,,,,,,1,0
2025-11-25T16:21:32.127900Z,mmtc,uesimtun2,,,,,,1,0
2025-11-25T16:21:32.377881Z,urllc,uesimtun0,,,,,,1,0
2025-11-25T16:21:32.377881Z,embb,uesimtun1,,,,,,1,0
2025-11-25T16:21:32.377881Z,mmtc,uesimtun2,,,,,,1,0
2025-11-25T16:21:32.628052Z,urllc,uesimtun0,,,,,,1,0
2025-11-25T16:21:32.628052Z,embb,uesimtun1,,,,,,1,0
2025-11-25T16:21:32.628052Z,mmtc,uesimtun2,,,,,,1,0
2025-11-25T16:21:32.878142Z,urllc,uesimtun0,,,,,,1,0
2025-11-25T16:21:32.878142Z,embb,uesimtun1,,,,,,1,0
2025-11-25T16:21:32.878142Z,mmtc,uesimtun2,,,,,,1,0
2025-11-25T16:21:33.127727Z,urllc,uesimtun0,,,,,,1,0
2025-11-25T16:21:33.127727Z,embb,uesimtun1,,,,,,1,0
2025-11-25T16:21:33.127727Z,mmtc,uesimtun2,,,,,,1,0
2025-11-25T16:21:33.377794Z,urllc,uesimtun0,,,,,,1,0
2025-11-25T16:21:33.377794Z,embb,uesimtun1,,,,,,1,0
2025-11-25T16:21:33.377794Z,mmtc,uesimtun2,,,,,,1,0
2025-11-25T16:21:33.627930Z,urllc,uesimtun0,,,,,,1,0
2025-11-25T16:21:33.627930Z,embb,uesimtun1,,,,,,1,0
2025-11-25T16:21:33.627930Z,mmtc,uesimtun2,,,,,,1,0
2025-11-25T16:21:33.877815Z,urllc,uesimtun0,,,,,,1,0
2025-11-25T16:21:33.877815Z,embb,uesimtun1,,,,,,1,0
2025-11-25T16:21:33.877815Z,mmtc,uesimtun2,,,,,,1,0
2025-11-25T16:21:34.128160Z,urllc,uesimtun0,,,,,,1,0
2025-11-25T16:21:34.128160Z,embb,uesimtun1,,,,,,1,0
2025-11-25T16:21:34.128160Z,mmtc,uesimtun2,,,,,,1,0
2025-11-25T16:21:34.378225Z,urllc,uesimtun0,,,,,,1,0
2025-11-25T16:21:34.378225Z,embb,uesimtun1,,,,,,1,0
2025-11-25T16:21:34.378225Z,mmtc,uesimtun2,,,,,,1,0
2025-11-25T16:21:34.627535Z,urllc,uesimtun0,,,,,,1,0
2025-11-25T16:21:34.627535Z,embb,uesimtun1,,,,,,1,0
2025-11-25T16:21:34.627535Z,mmtc,uesimtun2,,,,,,1,0
2025-11-25T16:21:34.877734Z,urllc,uesimtun0,,,,,,1,0
2025-11-25T16:21:34.877734Z,embb,uesimtun1,,,,,,1,0
2025-11-25T16:21:34.877734Z,mmtc,uesimtun2,,,,,,1,0
2025-11-25T16:21:35.128026Z,urllc,uesimtun0,,,,,,1,0
2025-11-25T16:21:35.128026Z,embb,uesimtun1,,,,,,1,0
2025-11-25T16:21:35.128026Z,mmtc,uesimtun2,,,,,,1,0
2025-11-25T16:21:35.377915Z,urllc,uesimtun0,,,,,,1,0
2025-11-25T16:21:35.377915Z,embb,uesimtun1,,,,,,1,0
2025-11-25T16:21:35.377915Z,mmtc,uesimtun2,,,,,,1,0
2025-11-25T16:21:35.627643Z,urllc,uesimtun0,,,,,,1,0
2025-11-25T16:21:35.627643Z,embb,uesimtun1,,,,,,1,0
2025-11-25T16:21:35.627643Z,mmtc,uesimtun2,,,,,,1,0
2025-11-25T16:21:35.877976Z,urllc,uesimtun0,,,,,,1,0
2025-11-25T16:21:35.877976Z,embb,uesimtun1,,,,,,1,0
2025-11-25T16:21:35.877976Z,mmtc,uesimtun2,,,,,,1,0
2025-11-25T16:21:36.127750Z,urllc,uesimtun0,,,,,,1,0
2025-11-25T16:21:36.127750Z,embb,uesimtun1,,,,,,1,0
2025-11-25T16:21:36.127750Z,mmtc,uesimtun2,,,,,,1,0
2025-11-25T16:21:36.378077Z,urllc,uesimtun0,,,,,,1,0
2025-11-25T16:21:36.378077Z,embb,uesimtun1,,,,,,1,0
2025-11-25T16:21:36.378077Z,mmtc,uesimtun2,,,,,,1,0
2025-11-25T16:21:36.628240Z,urllc,uesimtun0,,,,,,1,0
2025-11-25T16:21:36.628240Z,embb,uesimtun1,,,,,,1,0
2025-11-25T16:21:36.628240Z,mmtc,uesimtun2,,,,,,1,0
2025-11-25T16:21:36.877949Z,urllc,uesimtun0,,,,,,1,0
2025-11-25T16:21:36.877949Z,embb,uesimtun1,,,,,,1,0
2025-11-25T16:21:36.877949Z,mmtc,uesimtun2,,,,,,1,0
2025-11-25T16:21:37.127695Z,urllc,uesimtun0,,,,,,1,0
2025-11-25T16:21:37.127695Z,embb,uesimtun1,,,,,,1,0
2025-11-25T16:21:37.127695Z,mmtc,uesimtun2,,,,,,1,0
2025-11-25T16:21:37.378146Z,urllc,uesimtun0,,,,,,1,0
2025-11-25T16:21:37.378146Z,embb,uesimtun1,,,,,,1,0
2025-11-25T16:21:37.378146Z,mmtc,uesimtun2,,,,,,1,0
2025-11-25T16:21:37.628085Z,urllc,uesimtun0,,,,,,1,0
2025-11-25T16:21:37.628085Z,embb,uesimtun1,,,,,,1,0
2025-11-25T16:21:37.628085Z,mmtc,uesimtun2,,,,,,1,0
2025-11-25T16:21:37.877903Z,urllc,uesimtun0,,,,,,1,0
2025-11-25T16:21:37.877903Z,embb,uesimtun1,,,,,,1,0
2025-11-25T16:21:37.877903Z,mmtc,uesimtun2,,,,,,1,0
2025-11-25T16:21:38.128168Z,urllc,uesimtun0,,,,,,1,0
2025-11-25T16:21:38.128168Z,embb,uesimtun1,,,,,,1,0
2025-11-25T16:21:38.128168Z,mmtc,uesimtun2,,,,,,1,0
2025-11-25T16:21:38.377767Z,urllc,uesimtun0,,,,,,1,0
2025-11-25T16:21:38.377767Z,embb,uesimtun1,,,,,,1,0
2025-11-25T16:21:38.377767Z,mmtc,uesimtun2,,,,,,1,0
2025-11-25T16:21:38.627789Z,urllc,uesimtun0,,,,,,1,0
2025-11-25T16:21:38.627789Z,embb,uesimtun1,,,,,,1,0
2025-11-25T16:21:38.627789Z,mmtc,uesimtun2,,,,,,1,0
2025-11-25T16:21:38.877806Z,urllc,uesimtun0,,,,,,1,0
2025-11-25T16:21:38.877806Z,embb,uesimtun1,,,,,,1,0
2025-11-25T16:21:38.877806Z,mmtc,uesimtun2,,,,,,1,0
2025-11-25T16:21:39.127608Z,urllc,uesimtun0,,,,,,1,0
2025-11-25T16:21:39.127608Z,embb,uesimtun1,,,,,,1,0
2025-11-25T16:21:39.127608Z,mmtc,uesimtun2,,,,,,1,0
2025-11-25T16:21:39.377967Z,urllc,uesimtun0,,,,,,1,0
2025-11-25T16:21:39.377967Z,embb,uesimtun1,,,,,,1,0
2025-11-25T16:21:39.377967Z,mmtc,uesimtun2,,,,,,1,0
2025-11-25T16:21:39.627639Z,urllc,uesimtun0,,,,,,1,0
2025-11-25T16:21:39.627639Z,embb,uesimtun1,,,,,,1,0
2025-11-25T16:21:39.627639Z,mmtc,uesimtun2,,,,,,1,0
2025-11-25T16:21:39.878113Z,urllc,uesimtun0,,,,,,1,0
2025-11-25T16:21:39.878113Z,embb,uesimtun1,,,,,,1,0
2025-11-25T16:21:39.878113Z,mmtc,uesimtun2,,,,,,1,0
2025-11-25T16:21:40.128155Z,urllc,uesimtun0,,,,,,1,0
2025-11-25T16:21:40.128155Z,embb,uesimtun1,,,,,,1,0
2025-11-25T16:21:40.128155Z,mmtc,uesimtun2,,,,,,1,0
2025-11-25T16:21:40.377776Z,urllc,uesimtun0,,,,,,1,0
2025-11-25T16:21:40.377776Z,embb,uesimtun1,,,,,,1,0
2025-11-25T16:21:40.377776Z,mmtc,uesimtun2,,,,,,1,0
2025-11-25T16:21:40.627825Z,urllc,uesimtun0,,,,,,1,0
2025-11-25T16:21:40.627825Z,embb,uesimtun1,,,,,,1,0
2025-11-25T16:21:40.627825Z,mmtc,uesimtun2,,,,,,1,0
2025-11-25T16:21:40.878212Z,urllc,uesimtun0,,,,,,1,0
2025-11-25T16:21:40.878212Z,embb,uesimtun1,,,,,,1,0
2025-11-25T16:21:40.878212Z,mmtc,uesimtun2,,,,,,1,0
2025-11-25T16:21:41.127904Z,urllc,uesimtun0,,,,,,1,0
2025-11-25T16:21:41.127904Z,embb,uesimtun1,,,,,,1,0
2025-11-25T16:21:41.127904Z,mmtc,uesimtun2,,,,,,1,0
2025-11-25T16:21:41.419784Z,urllc,uesimtun0,,,,,,1,0
2025-11-25T16:21:41.419784Z,embb,uesimtun1,,,,,,1,0
2025-11-25T16:21:41.419784Z,mmtc,uesimtun2,,,,,,1,0
2025-11-25T16:21:41.628088Z,urllc,uesimtun0,,,,,,1,0
2025-11-25T16:21:41.628088Z,embb,uesimtun1,,,,,,1,0
2025-11-25T16:21:41.628088Z,mmtc,uesimtun2,,,,,,1,0
2025-11-25T16:21:41.877984Z,urllc,uesimtun0,,,,,,1,0
2025-11-25T16:21:41.877984Z,embb,uesimtun1,,,,,,1,0
2025-11-25T16:21:41.877984Z,mmtc,uesimtun2,,,,,,1,0
2025-11-25T16:21:42.127925Z,urllc,uesimtun0,,,,,,1,0
2025-11-25T16:21:42.127925Z,embb,uesimtun1,,,,,,1,0
2025-11-25T16:21:42.127925Z,mmtc,uesimtun2,,,,,,1,0
2025-11-25T16:21:42.378105Z,urllc,uesimtun0,,,,,,1,0
2025-11-25T16:21:42.378105Z,embb,uesimtun1,,,,,,1,0
2025-11-25T16:21:42.378105Z,mmtc,uesimtun2,,,,,,1,0
2025-11-25T16:21:42.627873Z,urllc,uesimtun0,,,,,,1,0
2025-11-25T16:21:42.627873Z,embb,uesimtun1,,,,,,1,0
2025-11-25T16:21:42.627873Z,mmtc,uesimtun2,,,,,,1,0
2025-11-25T16:21:42.877993Z,urllc,uesimtun0,,,,,,1,0
2025-11-25T16:21:42.877993Z,embb,uesimtun1,,,,,,1,0
2025-11-25T16:21:42.877993Z,mmtc,uesimtun2,,,,,,1,0
2025-11-25T16:21:43.127792Z,urllc,uesimtun0,,,,,,1,0
2025-11-25T16:21:43.127792Z,embb,uesimtun1,,,,,,1,0
2025-11-25T16:21:43.127792Z,mmtc,uesimtun2,,,,,,1,0
2025-11-25T16:21:43.378008Z,urllc,uesimtun0,,,,,,1,0
2025-11-25T16:21:43.378008Z,embb,uesimtun1,,,,,,1,0
2025-11-25T16:21:43.378008Z,mmtc,uesimtun2,,,,,,1,0
2025-11-25T16:21:43.628174Z,urllc,uesimtun0,,,,,,1,0
2025-11-25T16:21:43.628174Z,embb,uesimtun1,,,,,,1,0
2025-11-25T16:21:43.628174Z,mmtc,uesimtun2,,,,,,1,0
2025-11-25T16:21:43.877861Z,urllc,uesimtun0,,,,,,1,0
2025-11-25T16:21:43.877861Z,embb,uesimtun1,,,,,,1,0
2025-11-25T16:21:43.877861Z,mmtc,uesimtun2,,,,,,1,0
2025-11-25T16:21:44.128026Z,urllc,uesimtun0,,,,,,1,0
2025-11-25T16:21:44.128026Z,embb,uesimtun1,,,,,,1,0
2025-11-25T16:21:44.128026Z,mmtc,uesimtun2,,,,,,1,0
2025-11-25T16:21:44.409823Z,urllc,uesimtun0,,,,,,1,0
2025-11-25T16:21:44.409823Z,embb,uesimtun1,,,,,,1,0
2025-11-25T16:21:44.409823Z,mmtc,uesimtun2,,,,,,1,0
