ts,slice,ifname,rx_bytes,rx_pkts,tx_bytes,tx_pkts,probe_rtt_ms,probe_loss,tun_exists
2025-11-25T16:46:55.582028Z,embb,uesimtun0,23308,333,25972,342,,1,1
2025-11-25T16:46:55.582028Z,urllc,uesimtun1,23320,330,25864,339,,1,1
2025-11-25T16:46:55.582028Z,mmtc,uesimtun2,25392,384,29056,393,,1,1
2025-11-25T16:46:55.832472Z,embb,uesimtun0,23432,335,26116,344,,1,1
2025-11-25T16:46:55.832472Z,urllc,uesimtun1,23404,331,25948,340,,1,1
2025-11-25T16:46:55.832472Z,mmtc,uesimtun2,25600,387,29284,396,,1,1
2025-11-25T16:46:56.082705Z,embb,uesimtun0,23516,336,26200,345,,1,1
2025-11-25T16:46:56.082705Z,urllc,uesimtun1,23488,332,26032,341,,1,1
2025-11-25T16:46:56.082705Z,mmtc,uesimtun2,25684,388,29368,397,,1,1
2025-11-25T16:46:56.333025Z,embb,uesimtun0,23600,337,26284,346,,1,1
2025-11-25T16:46:56.333025Z,urllc,uesimtun1,23572,333,26116,342,,1,1
2025-11-25T16:46:56.333025Z,mmtc,uesimtun2,25768,389,29512,399,,1,1
2025-11-25T16:46:56.582706Z,embb,uesimtun0,23976,342,26680,351,,1,1
2025-11-25T16:46:56.582706Z,urllc,uesimtun1,23944,339,26548,348,,1,1
2025-11-25T16:46:56.582706Z,mmtc,uesimtun2,26268,396,29992,405,,1,1
2025-11-25T16:46:56.832394Z,embb,uesimtun0,24144,344,26848,353,,1,1
2025-11-25T16:46:56.832394Z,urllc,uesimtun1,24028,340,26632,349,,1,1
2025-11-25T16:46:56.832394Z,mmtc,uesimtun2,26352,397,30076,406,,1,1
2025-11-25T16:46:57.082658Z,embb,uesimtun0,24228,345,26932,354,,1,1
2025-11-25T16:46:57.082658Z,urllc,uesimtun1,24112,341,26716,350,,1,1
2025-11-25T16:46:57.082658Z,mmtc,uesimtun2,26436,398,30160,407,,1,1
2025-11-25T16:46:57.332944Z,embb,uesimtun0,24312,346,27016,355,,1,1
2025-11-25T16:46:57.332944Z,urllc,uesimtun1,24196,342,26800,351,,1,1
2025-11-25T16:46:57.332944Z,mmtc,uesimtun2,26560,400,30304,409,,1,1
2025-11-25T16:46:57.582633Z,embb,uesimtun0,24772,352,27496,361,,1,1
2025-11-25T16:46:57.582633Z,urllc,uesimtun1,24616,347,27220,356,,1,1
2025-11-25T16:46:57.582633Z,mmtc,uesimtun2,27016,407,30820,416,,1,1
2025-11-25T16:46:57.833142Z,embb,uesimtun0,24940,354,27664,363,,1,1
2025-11-25T16:46:57.833142Z,urllc,uesimtun1,24700,348,27304,357,,1,1
2025-11-25T16:46:57.833142Z,mmtc,uesimtun2,27100,408,30904,417,,1,1
2025-11-25T16:46:58.082425Z,embb,uesimtun0,25024,355,27748,364,,1,1
2025-11-25T16:46:58.082425Z,urllc,uesimtun1,24784,349,27388,358,,1,1
2025-11-25T16:46:58.082425Z,mmtc,uesimtun2,27184,409,30988,418,,1,1
2025-11-25T16:46:58.407270Z,embb,uesimtun0,25108,356,27892,366,,1,1
2025-11-25T16:46:58.407270Z,urllc,uesimtun1,25196,356,27880,365,,1,1
2025-11-25T16:46:58.407270Z,mmtc,uesimtun2,27308,411,31132,420,,1,1
2025-11-25T16:46:58.657974Z,embb,uesimtun0,25400,360,28144,369,,1,1
2025-11-25T16:46:58.657974Z,urllc,uesimtun1,25364,358,28048,367,,1,1
2025-11-25T16:46:58.657974Z,mmtc,uesimtun2,27600,415,31444,424,,1,1
2025-11-25T16:46:58.907469Z,embb,uesimtun0,25484,361,28228,370,,1,1
2025-11-25T16:46:58.907469Z,urllc,uesimtun1,25448,359,28132,368,,1,1
2025-11-25T16:46:58.907469Z,mmtc,uesimtun2,27724,417,31588,426,,1,1
2025-11-25T16:46:59.157537Z,embb,uesimtun0,25568,362,28312,371,,1,1
2025-11-25T16:46:59.157537Z,urllc,uesimtun1,25532,360,28216,369,,1,1
2025-11-25T16:46:59.157537Z,mmtc,uesimtun2,27808,418,31672,427,,1,1
2025-11-25T16:46:59.407589Z,embb,uesimtun0,25652,363,28396,372,,1,1
2025-11-25T16:46:59.407589Z,urllc,uesimtun1,25616,361,28300,370,,1,1
2025-11-25T16:46:59.407589Z,mmtc,uesimtun2,28060,421,31924,430,,1,1
2025-11-25T16:46:59.657683Z,embb,uesimtun0,25984,368,28768,377,,1,1
2025-11-25T16:46:59.657683Z,urllc,uesimtun1,25784,363,28468,372,,1,1
2025-11-25T16:46:59.657683Z,mmtc,uesimtun2,28352,425,32236,434,,1,1
2025-11-25T16:46:59.908270Z,embb,uesimtun0,26068,369,28852,378,,1,1
2025-11-25T16:46:59.908270Z,urllc,uesimtun1,25952,365,28636,374,,1,1
2025-11-25T16:46:59.908270Z,mmtc,uesimtun2,28436,426,32320,435,,1,1
2025-11-25T16:47:00.157706Z,embb,uesimtun0,26152,370,28936,379,,1,1
2025-11-25T16:47:00.157706Z,urllc,uesimtun1,26036,366,28720,375,,1,1
2025-11-25T16:47:00.157706Z,mmtc,uesimtun2,28520,427,32404,436,,1,1
2025-11-25T16:47:00.407779Z,embb,uesimtun0,26236,371,29020,380,,1,1
2025-11-25T16:47:00.407779Z,urllc,uesimtun1,26120,367,28804,376,,1,1
2025-11-25T16:47:00.407779Z,mmtc,uesimtun2,28812,431,32776,441,,1,1
2025-11-25T16:47:00.657517Z,embb,uesimtun0,26736,378,29560,387,,1,1
2025-11-25T16:47:00.657517Z,urllc,uesimtun1,26372,370,29056,379,,1,1
2025-11-25T16:47:00.657517Z,mmtc,uesimtun2,29020,434,32944,443,,1,1
2025-11-25T16:47:00.907833Z,embb,uesimtun0,26820,379,29644,388,,1,1
2025-11-25T16:47:00.907833Z,urllc,uesimtun1,26580,373,29284,382,,1,1
2025-11-25T16:47:00.907833Z,mmtc,uesimtun2,29144,436,33088,445,,1,1
2025-11-25T16:47:01.157521Z,embb,uesimtun0,26904,380,29728,389,,1,1
2025-11-25T16:47:01.157521Z,urllc,uesimtun1,26664,374,29368,383,,1,1
2025-11-25T16:47:01.157521Z,mmtc,uesimtun2,29228,437,33172,446,,1,1
2025-11-25T16:47:01.407745Z,embb,uesimtun0,26988,381,29812,390,,1,1
2025-11-25T16:47:01.407745Z,urllc,uesimtun1,26828,377,29572,386,,1,1
2025-11-25T16:47:01.407745Z,mmtc,uesimtun2,29352,439,33316,448,,1,1
2025-11-25T16:47:01.657978Z,embb,uesimtun0,27448,387,30292,396,,1,1
2025-11-25T16:47:01.657978Z,urllc,uesimtun1,27248,382,29992,391,,1,1
2025-11-25T16:47:01.657978Z,mmtc,uesimtun2,29520,441,33484,450,,1,1
2025-11-25T16:47:01.907808Z,embb,uesimtun0,27572,389,30436,398,,1,1
2025-11-25T16:47:01.907808Z,urllc,uesimtun1,27332,383,30076,392,,1,1
2025-11-25T16:47:01.907808Z,mmtc,uesimtun2,29688,443,33652,452,,1,1
2025-11-25T16:47:02.157736Z,embb,uesimtun0,27656,390,30520,399,,1,1
2025-11-25T16:47:02.157736Z,urllc,uesimtun1,27416,384,30160,393,,1,1
2025-11-25T16:47:02.157736Z,mmtc,uesimtun2,29772,444,33736,453,,1,1
2025-11-25T16:47:02.407657Z,embb,uesimtun0,27740,391,30604,400,,1,1
2025-11-25T16:47:02.407657Z,urllc,uesimtun1,27620,388,30424,397,,1,1
2025-11-25T16:47:02.407657Z,mmtc,uesimtun2,29936,447,33940,456,,1,1
2025-11-25T16:47:02.657630Z,embb,uesimtun0,28032,395,30916,404,,1,1
2025-11-25T16:47:02.657630Z,urllc,uesimtun1,28124,394,30928,403,,1,1
2025-11-25T16:47:02.657630Z,mmtc,uesimtun2,30188,450,34192,459,,1,1
2025-11-25T16:47:02.907560Z,embb,uesimtun0,28156,397,31060,406,,1,1
2025-11-25T16:47:02.907560Z,urllc,uesimtun1,28208,395,31012,404,,1,1
2025-11-25T16:47:02.907560Z,mmtc,uesimtun2,30356,452,34360,461,,1,1
2025-11-25T16:47:03.158338Z,embb,uesimtun0,28240,398,31144,407,,1,1
2025-11-25T16:47:03.158338Z,urllc,uesimtun1,28292,396,31096,405,,1,1
2025-11-25T16:47:03.158338Z,mmtc,uesimtun2,30440,453,34444,462,,1,1
2025-11-25T16:47:03.407545Z,embb,uesimtun0,28324,399,31228,408,,1,1
2025-11-25T16:47:03.407545Z,urllc,uesimtun1,28416,398,31240,407,,1,1
2025-11-25T16:47:03.407545Z,mmtc,uesimtun2,30644,457,34708,466,,1,1
2025-11-25T16:47:03.657831Z,embb,uesimtun0,28532,402,31456,411,,1,1
2025-11-25T16:47:03.657831Z,urllc,uesimtun1,28668,401,31492,410,,1,1
2025-11-25T16:47:03.657831Z,mmtc,uesimtun2,31104,463,35188,472,,1,1
2025-11-25T16:47:03.908058Z,embb,uesimtun0,28740,405,31684,414,,1,1
2025-11-25T16:47:03.908058Z,urllc,uesimtun1,28752,402,31576,411,,1,1
2025-11-25T16:47:03.908058Z,mmtc,uesimtun2,31188,464,35272,473,,1,1
2025-11-25T16:47:04.157516Z,embb,uesimtun0,28824,406,31768,415,,1,1
2025-11-25T16:47:04.157516Z,urllc,uesimtun1,28836,403,31660,412,,1,1
2025-11-25T16:47:04.157516Z,mmtc,uesimtun2,31272,465,35356,474,,1,1
2025-11-25T16:47:04.408033Z,embb,uesimtun0,28908,407,31852,416,,1,1
2025-11-25T16:47:04.408033Z,urllc,uesimtun1,29000,406,31864,415,,1,1
2025-11-25T16:47:04.408033Z,mmtc,uesimtun2,31356,466,35440,475,,1,1
2025-11-25T16:47:04.657735Z,embb,uesimtun0,29368,413,32332,422,,1,1
2025-11-25T16:47:04.657735Z,urllc,uesimtun1,29252,409,32116,418,,1,1
2025-11-25T16:47:04.657735Z,mmtc,uesimtun2,31940,474,36064,483,,1,1
2025-11-25T16:47:04.958065Z,embb,uesimtun0,29576,416,32560,425,,1,1
2025-11-25T16:47:04.958065Z,urllc,uesimtun1,29336,410,32200,419,,1,1
2025-11-25T16:47:04.958065Z,mmtc,uesimtun2,32024,475,36148,484,,1,1
2025-11-25T16:47:05.157722Z,embb,uesimtun0,29660,417,32644,426,,1,1
2025-11-25T16:47:05.157722Z,urllc,uesimtun1,29420,411,32284,420,,1,1
2025-11-25T16:47:05.157722Z,mmtc,uesimtun2,32108,476,36232,485,,1,1
2025-11-25T16:47:05.407738Z,embb,uesimtun0,29744,418,32728,427,,1,1
2025-11-25T16:47:05.407738Z,urllc,uesimtun1,29544,413,32428,422,,1,1
2025-11-25T16:47:05.407738Z,mmtc,uesimtun2,32232,478,36376,487,,1,1
2025-11-25T16:47:05.657655Z,embb,uesimtun0,30204,424,33208,433,,1,1
2025-11-25T16:47:05.657655Z,urllc,uesimtun1,29880,417,32764,426,,1,1
2025-11-25T16:47:05.657655Z,mmtc,uesimtun2,32644,485,36868,494,,1,1
2025-11-25T16:47:05.957066Z,embb,uesimtun0,30288,425,33292,434,,1,1
2025-11-25T16:47:05.957066Z,urllc,uesimtun1,29964,418,32848,427,,1,1
2025-11-25T16:47:05.957066Z,mmtc,uesimtun2,32728,486,36952,495,,1,1
2025-11-25T16:47:06.157591Z,embb,uesimtun0,30372,426,33376,435,,1,1
2025-11-25T16:47:06.157591Z,urllc,uesimtun1,30048,419,32932,428,,1,1
2025-11-25T16:47:06.157591Z,mmtc,uesimtun2,32812,487,37096,497,,1,1
2025-11-25T16:47:06.454629Z,embb,uesimtun0,30456,427,33460,436,,1,1
2025-11-25T16:47:06.454629Z,urllc,uesimtun1,30300,422,33184,431,,1,1
2025-11-25T16:47:06.454629Z,mmtc,uesimtun2,32936,489,37180,498,,1,1
2025-11-25T16:47:06.705819Z,embb,uesimtun0,30748,431,33772,440,,1,1
2025-11-25T16:47:06.705819Z,urllc,uesimtun1,30468,424,33352,433,,1,1
2025-11-25T16:47:06.705819Z,mmtc,uesimtun2,33228,493,37492,502,,1,1
2025-11-25T16:47:06.955186Z,embb,uesimtun0,30832,432,33856,441,,1,1
2025-11-25T16:47:06.955186Z,urllc,uesimtun1,30636,426,33520,435,,1,1
2025-11-25T16:47:06.955186Z,mmtc,uesimtun2,33312,494,37576,503,,1,1
2025-11-25T16:47:07.205842Z,embb,uesimtun0,30916,433,33940,442,,1,1
2025-11-25T16:47:07.205842Z,urllc,uesimtun1,30760,428,33664,437,,1,1
2025-11-25T16:47:07.205842Z,mmtc,uesimtun2,33396,495,37660,504,,1,1
2025-11-25T16:47:07.455237Z,embb,uesimtun0,31000,434,34024,443,,1,1
2025-11-25T16:47:07.455237Z,urllc,uesimtun1,30844,429,33748,438,,1,1
2025-11-25T16:47:07.455237Z,mmtc,uesimtun2,33688,499,37972,508,,1,1
2025-11-25T16:47:07.705210Z,embb,uesimtun0,31292,438,34336,447,,1,1
2025-11-25T16:47:07.705210Z,urllc,uesimtun1,31096,432,34000,441,,1,1
2025-11-25T16:47:07.705210Z,mmtc,uesimtun2,33936,503,38260,512,,1,1
2025-11-25T16:47:07.955019Z,embb,uesimtun0,31376,439,34420,448,,1,1
2025-11-25T16:47:07.955019Z,urllc,uesimtun1,31264,434,34168,443,,1,1
2025-11-25T16:47:07.955019Z,mmtc,uesimtun2,34020,504,38344,513,,1,1
2025-11-25T16:47:08.205514Z,embb,uesimtun0,31460,440,34504,449,,1,1
2025-11-25T16:47:08.205514Z,urllc,uesimtun1,31388,436,34312,445,,1,1
2025-11-25T16:47:08.205514Z,mmtc,uesimtun2,34104,505,38428,514,,1,1
2025-11-25T16:47:08.454824Z,embb,uesimtun0,31544,441,34588,450,,1,1
2025-11-25T16:47:08.454824Z,urllc,uesimtun1,31512,438,34456,447,,1,1
2025-11-25T16:47:08.454824Z,mmtc,uesimtun2,34436,510,38800,519,,1,1
2025-11-25T16:47:08.705294Z,embb,uesimtun0,32004,447,35068,456,,1,1
2025-11-25T16:47:08.705294Z,urllc,uesimtun1,31884,444,34888,453,,1,1
2025-11-25T16:47:08.705294Z,mmtc,uesimtun2,34604,512,38968,521,,1,1
2025-11-25T16:47:08.955421Z,embb,uesimtun0,32088,448,35152,457,,1,1
2025-11-25T16:47:08.955421Z,urllc,uesimtun1,31968,445,34972,454,,1,1
2025-11-25T16:47:08.955421Z,mmtc,uesimtun2,34772,514,39136,523,,1,1
2025-11-25T16:47:09.205658Z,embb,uesimtun0,32172,449,35236,458,,1,1
2025-11-25T16:47:09.205658Z,urllc,uesimtun1,32052,446,35056,455,,1,1
2025-11-25T16:47:09.205658Z,mmtc,uesimtun2,34856,515,39220,524,,1,1
2025-11-25T16:47:09.455285Z,embb,uesimtun0,32256,450,35320,459,,1,1
2025-11-25T16:47:09.455285Z,urllc,uesimtun1,32136,447,35140,456,,1,1
2025-11-25T16:47:09.455285Z,mmtc,uesimtun2,34980,517,39364,526,,1,1
2025-11-25T16:47:09.705299Z,embb,uesimtun0,32716,456,35800,465,,1,1
2025-11-25T16:47:09.705299Z,urllc,uesimtun1,32640,453,35644,462,,1,1
2025-11-25T16:47:09.705299Z,mmtc,uesimtun2,35312,522,39736,531,,1,1
2025-11-25T16:47:09.954819Z,embb,uesimtun0,32800,457,35884,466,,1,1
2025-11-25T16:47:09.954819Z,urllc,uesimtun1,32724,454,35728,463,,1,1
2025-11-25T16:47:09.954819Z,mmtc,uesimtun2,35480,524,39904,533,,1,1
2025-11-25T16:47:10.205588Z,embb,uesimtun0,32884,458,35968,467,,1,1
2025-11-25T16:47:10.205588Z,urllc,uesimtun1,32808,455,35812,464,,1,1
2025-11-25T16:47:10.205588Z,mmtc,uesimtun2,35564,525,39988,534,,1,1
2025-11-25T16:47:10.455115Z,embb,uesimtun0,32968,459,36052,468,,1,1
2025-11-25T16:47:10.455115Z,urllc,uesimtun1,32892,456,36148,468,,1,1
2025-11-25T16:47:10.455115Z,mmtc,uesimtun2,35932,532,40456,541,,1,1
2025-11-25T16:47:10.704975Z,embb,uesimtun0,33136,461,36220,470,,1,1
2025-11-25T16:47:10.704975Z,urllc,uesimtun1,33312,461,36316,470,,1,1
2025-11-25T16:47:10.704975Z,mmtc,uesimtun2,36100,534,40624,543,,1,1
2025-11-25T16:47:10.963181Z,embb,uesimtun0,33344,464,36448,473,,1,1
2025-11-25T16:47:10.963181Z,urllc,uesimtun1,33396,462,36400,471,,1,1
2025-11-25T16:47:10.963181Z,mmtc,uesimtun2,36184,535,40708,544,,1,1
2025-11-25T16:47:11.205101Z,embb,uesimtun0,33428,465,36532,474,,1,1
2025-11-25T16:47:11.205101Z,urllc,uesimtun1,33480,463,36484,472,,1,1
2025-11-25T16:47:11.205101Z,mmtc,uesimtun2,36268,536,40792,545,,1,1
2025-11-25T16:47:11.455527Z,embb,uesimtun0,33512,466,36616,475,,1,1
2025-11-25T16:47:11.455527Z,urllc,uesimtun1,33564,464,36568,473,,1,1
2025-11-25T16:47:11.455527Z,mmtc,uesimtun2,36352,537,40876,546,,1,1
2025-11-25T16:47:11.705118Z,embb,uesimtun0,33720,469,36844,478,,1,1
2025-11-25T16:47:11.705118Z,urllc,uesimtun1,33732,466,36736,475,,1,1
2025-11-25T16:47:11.705118Z,mmtc,uesimtun2,36856,543,41380,552,,1,1
2025-11-25T16:47:11.954953Z,embb,uesimtun0,34012,473,37156,482,,1,1
2025-11-25T16:47:11.954953Z,urllc,uesimtun1,33900,468,36904,477,,1,1
2025-11-25T16:47:11.954953Z,mmtc,uesimtun2,36980,545,41524,554,,1,1
2025-11-25T16:47:12.205542Z,embb,uesimtun0,34096,474,37240,483,,1,1
2025-11-25T16:47:12.205542Z,urllc,uesimtun1,33984,469,36988,478,,1,1
2025-11-25T16:47:12.205542Z,mmtc,uesimtun2,37064,546,41608,555,,1,1
2025-11-25T16:47:12.455816Z,embb,uesimtun0,34180,475,37324,484,,1,1
2025-11-25T16:47:12.455816Z,urllc,uesimtun1,34228,474,37312,483,,1,1
2025-11-25T16:47:12.455816Z,mmtc,uesimtun2,37148,547,41692,556,,1,1
2025-11-25T16:47:12.705383Z,embb,uesimtun0,34556,480,37720,489,,1,1
2025-11-25T16:47:12.705383Z,urllc,uesimtun1,34312,475,37396,484,,1,1
2025-11-25T16:47:12.705383Z,mmtc,uesimtun2,37564,553,42148,562,,1,1
2025-11-25T16:47:12.955295Z,embb,uesimtun0,34764,483,37948,492,,1,1
2025-11-25T16:47:12.955295Z,urllc,uesimtun1,34480,477,37564,486,,1,1
2025-11-25T16:47:12.955295Z,mmtc,uesimtun2,37732,555,42316,564,,1,1
2025-11-25T16:47:13.205306Z,embb,uesimtun0,34848,484,38032,493,,1,1
2025-11-25T16:47:13.205306Z,urllc,uesimtun1,34564,478,37648,487,,1,1
2025-11-25T16:47:13.205306Z,mmtc,uesimtun2,37816,556,42400,565,,1,1
2025-11-25T16:47:13.455507Z,embb,uesimtun0,34932,485,38116,494,,1,1
2025-11-25T16:47:13.455507Z,urllc,uesimtun1,34648,479,37732,488,,1,1
2025-11-25T16:47:13.455507Z,mmtc,uesimtun2,37980,559,42604,568,,1,1
2025-11-25T16:47:13.704981Z,embb,uesimtun0,35308,490,38512,499,,1,1
2025-11-25T16:47:13.704981Z,urllc,uesimtun1,34940,483,38044,492,,1,1
2025-11-25T16:47:13.704981Z,mmtc,uesimtun2,38148,561,42772,570,,1,1
2025-11-25T16:47:13.954800Z,embb,uesimtun0,35476,492,38680,501,,1,1
2025-11-25T16:47:13.954800Z,urllc,uesimtun1,35192,486,38296,495,,1,1
2025-11-25T16:47:13.954800Z,mmtc,uesimtun2,38316,563,42940,572,,1,1
2025-11-25T16:47:14.205088Z,embb,uesimtun0,35560,493,38764,502,,1,1
2025-11-25T16:47:14.205088Z,urllc,uesimtun1,35276,487,38380,496,,1,1
2025-11-25T16:47:14.205088Z,mmtc,uesimtun2,38400,564,43024,573,,1,1
2025-11-25T16:47:14.456678Z,embb,uesimtun0,35644,494,38848,503,,1,1
2025-11-25T16:47:14.456678Z,urllc,uesimtun1,35360,488,38464,497,,1,1
2025-11-25T16:47:14.456678Z,mmtc,uesimtun2,38484,565,43108,574,,1,1
2025-11-25T16:47:14.705060Z,embb,uesimtun0,35852,497,39076,506,,1,1
2025-11-25T16:47:14.705060Z,urllc,uesimtun1,35696,492,38800,501,,1,1
2025-11-25T16:47:14.705060Z,mmtc,uesimtun2,38608,567,43252,576,,1,1
2025-11-25T16:47:14.955399Z,embb,uesimtun0,36060,500,39304,509,,1,1
2025-11-25T16:47:14.955399Z,urllc,uesimtun1,35948,495,39052,504,,1,1
2025-11-25T16:47:14.955399Z,mmtc,uesimtun2,38776,569,43420,578,,1,1
2025-11-25T16:47:15.205056Z,embb,uesimtun0,36144,501,39388,510,,1,1
2025-11-25T16:47:15.205056Z,urllc,uesimtun1,36032,496,39136,505,,1,1
2025-11-25T16:47:15.205056Z,mmtc,uesimtun2,38860,570,43504,579,,1,1
2025-11-25T16:47:15.455366Z,embb,uesimtun0,36228,502,39472,511,,1,1
2025-11-25T16:47:15.455366Z,urllc,uesimtun1,36116,497,39220,506,,1,1
2025-11-25T16:47:15.455366Z,mmtc,uesimtun2,39024,573,43708,582,,1,1
2025-11-25T16:47:15.704940Z,embb,uesimtun0,36436,505,39700,514,,1,1
2025-11-25T16:47:15.704940Z,urllc,uesimtun1,36284,499,39388,508,,1,1
2025-11-25T16:47:15.704940Z,mmtc,uesimtun2,39396,579,44140,588,,1,1
2025-11-25T16:47:15.984191Z,embb,uesimtun0,36644,508,39928,517,,1,1
2025-11-25T16:47:15.984191Z,urllc,uesimtun1,36452,501,39556,510,,1,1
2025-11-25T16:47:15.984191Z,mmtc,uesimtun2,39648,582,44392,591,,1,1
2025-11-25T16:47:16.205624Z,embb,uesimtun0,36728,509,40012,518,,1,1
2025-11-25T16:47:16.205624Z,urllc,uesimtun1,36536,502,39640,511,,1,1
2025-11-25T16:47:16.205624Z,mmtc,uesimtun2,39732,583,44476,592,,1,1
2025-11-25T16:47:16.455195Z,embb,uesimtun0,36812,510,40096,519,,1,1
2025-11-25T16:47:16.455195Z,urllc,uesimtun1,36620,503,39724,512,,1,1
2025-11-25T16:47:16.455195Z,mmtc,uesimtun2,39856,585,44620,594,,1,1
2025-11-25T16:47:16.704774Z,embb,uesimtun0,37188,515,40492,524,,1,1
2025-11-25T16:47:16.704774Z,urllc,uesimtun1,36872,506,39976,515,,1,1
2025-11-25T16:47:16.704774Z,mmtc,uesimtun2,40232,590,45016,599,,1,1
2025-11-25T16:47:16.959325Z,embb,uesimtun0,37396,518,40720,527,,1,1
2025-11-25T16:47:16.959325Z,urllc,uesimtun1,37040,508,40144,517,,1,1
2025-11-25T16:47:16.959325Z,mmtc,uesimtun2,40524,594,45328,603,,1,1
2025-11-25T16:47:17.205586Z,embb,uesimtun0,37480,519,40804,528,,1,1
2025-11-25T16:47:17.205586Z,urllc,uesimtun1,37124,509,40228,518,,1,1
2025-11-25T16:47:17.205586Z,mmtc,uesimtun2,40608,595,45412,604,,1,1
2025-11-25T16:47:17.455116Z,embb,uesimtun0,37564,520,40888,529,,1,1
2025-11-25T16:47:17.455116Z,urllc,uesimtun1,37288,512,40432,521,,1,1
2025-11-25T16:47:17.455116Z,mmtc,uesimtun2,40732,597,45556,606,,1,1
2025-11-25T16:47:17.705007Z,embb,uesimtun0,37816,523,41140,532,,1,1
2025-11-25T16:47:17.705007Z,urllc,uesimtun1,37624,516,40768,525,,1,1
2025-11-25T16:47:17.705007Z,mmtc,uesimtun2,40940,600,45784,609,,1,1
2025-11-25T16:47:17.954842Z,embb,uesimtun0,38108,527,41452,536,,1,1
2025-11-25T16:47:17.954842Z,urllc,uesimtun1,37792,518,40936,527,,1,1
2025-11-25T16:47:17.954842Z,mmtc,uesimtun2,41108,602,45952,611,,1,1
2025-11-25T16:47:18.205496Z,embb,uesimtun0,38192,528,41536,537,,1,1
2025-11-25T16:47:18.205496Z,urllc,uesimtun1,37916,520,41080,529,,1,1
2025-11-25T16:47:18.205496Z,mmtc,uesimtun2,41192,603,46036,612,,1,1
2025-11-25T16:47:18.454907Z,embb,uesimtun0,38276,529,41620,538,,1,1
2025-11-25T16:47:18.454907Z,urllc,uesimtun1,38120,524,41344,533,,1,1
2025-11-25T16:47:18.454907Z,mmtc,uesimtun2,41276,604,46120,613,,1,1
2025-11-25T16:47:18.705386Z,embb,uesimtun0,38444,531,41788,540,,1,1
2025-11-25T16:47:18.705386Z,urllc,uesimtun1,38456,528,41680,537,,1,1
2025-11-25T16:47:18.705386Z,mmtc,uesimtun2,41568,608,46432,617,,1,1
2025-11-25T16:47:18.957392Z,embb,uesimtun0,38736,535,42100,544,,1,1
2025-11-25T16:47:18.957392Z,urllc,uesimtun1,38624,530,41848,539,,1,1
2025-11-25T16:47:18.957392Z,mmtc,uesimtun2,41736,610,46600,619,,1,1
2025-11-25T16:47:19.205107Z,embb,uesimtun0,38820,536,42184,545,,1,1
2025-11-25T16:47:19.205107Z,urllc,uesimtun1,38708,531,41932,540,,1,1
2025-11-25T16:47:19.205107Z,mmtc,uesimtun2,41820,611,46684,620,,1,1
2025-11-25T16:47:19.455725Z,embb,uesimtun0,38904,537,42268,546,,1,1
2025-11-25T16:47:19.455725Z,urllc,uesimtun1,38872,534,42136,543,,1,1
2025-11-25T16:47:19.455725Z,mmtc,uesimtun2,41904,612,46768,621,,1,1
2025-11-25T16:47:19.705559Z,embb,uesimtun0,39112,540,42496,549,,1,1
2025-11-25T16:47:19.705559Z,urllc,uesimtun1,38956,535,42220,544,,1,1
2025-11-25T16:47:19.705559Z,mmtc,uesimtun2,42360,619,47284,628,,1,1
2025-11-25T16:47:19.958117Z,embb,uesimtun0,39320,543,42724,552,,1,1
2025-11-25T16:47:19.958117Z,urllc,uesimtun1,39124,537,42388,546,,1,1
2025-11-25T16:47:19.958117Z,mmtc,uesimtun2,42528,621,47452,630,,1,1
2025-11-25T16:47:20.205252Z,embb,uesimtun0,39404,544,42808,553,,1,1
2025-11-25T16:47:20.205252Z,urllc,uesimtun1,39248,539,42532,548,,1,1
2025-11-25T16:47:20.205252Z,mmtc,uesimtun2,42612,622,47536,631,,1,1
2025-11-25T16:47:20.455794Z,embb,uesimtun0,39488,545,42892,554,,1,1
2025-11-25T16:47:20.455794Z,urllc,uesimtun1,39332,540,42616,549,,1,1
2025-11-25T16:47:20.455794Z,mmtc,uesimtun2,42776,625,47740,634,,1,1
2025-11-25T16:47:20.704811Z,embb,uesimtun0,39864,550,43288,559,,1,1
2025-11-25T16:47:20.704811Z,urllc,uesimtun1,39416,541,42700,550,,1,1
2025-11-25T16:47:20.704811Z,mmtc,uesimtun2,43152,630,48136,639,,1,1
2025-11-25T16:47:20.955061Z,embb,uesimtun0,40032,552,43456,561,,1,1
2025-11-25T16:47:20.955061Z,urllc,uesimtun1,39668,544,42952,553,,1,1
2025-11-25T16:47:20.955061Z,mmtc,uesimtun2,43320,632,48304,641,,1,1
2025-11-25T16:47:21.205461Z,embb,uesimtun0,40116,553,43540,562,,1,1
2025-11-25T16:47:21.205461Z,urllc,uesimtun1,39752,545,43036,554,,1,1
2025-11-25T16:47:21.205461Z,mmtc,uesimtun2,43404,633,48388,642,,1,1
2025-11-25T16:47:21.455143Z,embb,uesimtun0,40200,554,43624,563,,1,1
2025-11-25T16:47:21.455143Z,urllc,uesimtun1,39836,546,43120,555,,1,1
2025-11-25T16:47:21.455143Z,mmtc,uesimtun2,43528,635,48532,644,,1,1
2025-11-25T16:47:21.704783Z,embb,uesimtun0,40576,559,44020,568,,1,1
2025-11-25T16:47:21.704783Z,urllc,uesimtun1,40172,550,43456,559,,1,1
2025-11-25T16:47:21.704783Z,mmtc,uesimtun2,43692,638,48736,647,,1,1
2025-11-25T16:47:21.955135Z,embb,uesimtun0,40660,560,44104,569,,1,1
2025-11-25T16:47:21.955135Z,urllc,uesimtun1,40340,552,43624,561,,1,1
2025-11-25T16:47:21.955135Z,mmtc,uesimtun2,43860,640,48904,649,,1,1
2025-11-25T16:47:22.205331Z,embb,uesimtun0,40828,562,44272,571,,1,1
2025-11-25T16:47:22.205331Z,urllc,uesimtun1,40548,555,43852,564,,1,1
2025-11-25T16:47:22.205331Z,mmtc,uesimtun2,43944,641,48988,650,,1,1
2025-11-25T16:47:22.455149Z,embb,uesimtun0,40912,563,44356,572,,1,1
2025-11-25T16:47:22.455149Z,urllc,uesimtun1,40672,557,43996,566,,1,1
2025-11-25T16:47:22.455149Z,mmtc,uesimtun2,44148,645,49252,654,,1,1
2025-11-25T16:47:22.705836Z,embb,uesimtun0,41120,566,44584,575,,1,1
2025-11-25T16:47:22.705836Z,urllc,uesimtun1,41008,561,44332,570,,1,1
2025-11-25T16:47:22.705836Z,mmtc,uesimtun2,44272,647,49396,656,,1,1
2025-11-25T16:47:22.955256Z,embb,uesimtun0,41244,568,44728,577,,1,1
2025-11-25T16:47:22.955256Z,urllc,uesimtun1,41092,562,44416,571,,1,1
2025-11-25T16:47:22.955256Z,mmtc,uesimtun2,44440,649,49564,658,,1,1
2025-11-25T16:47:23.205342Z,embb,uesimtun0,41412,570,44896,579,,1,1
2025-11-25T16:47:23.205342Z,urllc,uesimtun1,41260,564,44584,573,,1,1
2025-11-25T16:47:23.205342Z,mmtc,uesimtun2,44608,651,49732,660,,1,1
2025-11-25T16:47:23.455022Z,embb,uesimtun0,41496,571,44980,580,,1,1
2025-11-25T16:47:23.455022Z,urllc,uesimtun1,41384,566,44728,575,,1,1
2025-11-25T16:47:23.455022Z,mmtc,uesimtun2,44692,652,49816,661,,1,1
2025-11-25T16:47:23.704978Z,embb,uesimtun0,41704,574,45208,583,,1,1
2025-11-25T16:47:23.704978Z,urllc,uesimtun1,41636,569,44980,578,,1,1
2025-11-25T16:47:23.704978Z,mmtc,uesimtun2,45188,660,50392,669,,1,1
2025-11-25T16:47:23.955155Z,embb,uesimtun0,41828,576,45352,585,,1,1
2025-11-25T16:47:23.955155Z,urllc,uesimtun1,41720,570,45064,579,,1,1
2025-11-25T16:47:23.955155Z,mmtc,uesimtun2,45440,663,50644,672,,1,1
2025-11-25T16:47:24.205433Z,embb,uesimtun0,41996,578,45520,587,,1,1
2025-11-25T16:47:24.205433Z,urllc,uesimtun1,41888,572,45232,581,,1,1
2025-11-25T16:47:24.205433Z,mmtc,uesimtun2,45524,664,50728,673,,1,1
2025-11-25T16:47:24.455378Z,embb,uesimtun0,42080,579,45604,588,,1,1
2025-11-25T16:47:24.455378Z,urllc,uesimtun1,42052,575,45436,584,,1,1
2025-11-25T16:47:24.455378Z,mmtc,uesimtun2,45648,666,50872,675,,1,1
2025-11-25T16:47:24.704909Z,embb,uesimtun0,42288,582,45832,591,,1,1
2025-11-25T16:47:24.704909Z,urllc,uesimtun1,42220,577,45604,586,,1,1
2025-11-25T16:47:24.704909Z,mmtc,uesimtun2,45940,670,51184,679,,1,1
2025-11-25T16:47:24.954913Z,embb,uesimtun0,42580,586,46144,595,,1,1
2025-11-25T16:47:24.954913Z,urllc,uesimtun1,42304,578,45688,587,,1,1
2025-11-25T16:47:24.954913Z,mmtc,uesimtun2,46108,672,51352,681,,1,1
2025-11-25T16:47:25.205361Z,embb,uesimtun0,42748,588,46312,597,,1,1
2025-11-25T16:47:25.205361Z,urllc,uesimtun1,42472,580,45856,589,,1,1
2025-11-25T16:47:25.205361Z,mmtc,uesimtun2,46276,674,51520,683,,1,1
2025-11-25T16:47:25.455395Z,embb,uesimtun0,42832,589,46396,598,,1,1
2025-11-25T16:47:25.455395Z,urllc,uesimtun1,42596,582,46000,591,,1,1
2025-11-25T16:47:25.455395Z,mmtc,uesimtun2,46400,676,51664,685,,1,1
2025-11-25T16:47:25.705272Z,embb,uesimtun0,43084,592,46648,601,,1,1
2025-11-25T16:47:25.705272Z,urllc,uesimtun1,42848,585,46252,594,,1,1
2025-11-25T16:47:25.705272Z,mmtc,uesimtun2,46652,679,51916,688,,1,1
2025-11-25T16:47:25.955134Z,embb,uesimtun0,43376,596,46960,605,,1,1
2025-11-25T16:47:25.955134Z,urllc,uesimtun1,43016,587,46420,596,,1,1
2025-11-25T16:47:25.955134Z,mmtc,uesimtun2,46776,681,52060,690,,1,1
2025-11-25T16:47:26.205364Z,embb,uesimtun0,43544,598,47128,607,,1,1
2025-11-25T16:47:26.205364Z,urllc,uesimtun1,43184,589,46588,598,,1,1
2025-11-25T16:47:26.205364Z,mmtc,uesimtun2,46944,683,52228,692,,1,1
2025-11-25T16:47:26.455010Z,embb,uesimtun0,43628,599,47212,608,,1,1
2025-11-25T16:47:26.455010Z,urllc,uesimtun1,43268,590,46672,599,,1,1
2025-11-25T16:47:26.455010Z,mmtc,uesimtun2,47068,685,52372,694,,1,1
2025-11-25T16:47:26.705139Z,embb,uesimtun0,43836,602,47440,611,,1,1
2025-11-25T16:47:26.705139Z,urllc,uesimtun1,43476,593,46900,602,,1,1
2025-11-25T16:47:26.705139Z,mmtc,uesimtun2,47436,692,52840,701,,1,1
2025-11-25T16:47:26.955372Z,embb,uesimtun0,43960,604,47584,613,,1,1
2025-11-25T16:47:26.955372Z,urllc,uesimtun1,43644,595,47068,604,,1,1
2025-11-25T16:47:26.955372Z,mmtc,uesimtun2,47520,693,52924,702,,1,1
2025-11-25T16:47:27.204986Z,embb,uesimtun0,44128,606,47752,615,,1,1
2025-11-25T16:47:27.204986Z,urllc,uesimtun1,43812,597,47236,606,,1,1
2025-11-25T16:47:27.204986Z,mmtc,uesimtun2,47688,695,53092,704,,1,1
2025-11-25T16:47:27.455166Z,embb,uesimtun0,44212,607,47836,616,,1,1
2025-11-25T16:47:27.455166Z,urllc,uesimtun1,43896,598,47320,607,,1,1
2025-11-25T16:47:27.455166Z,mmtc,uesimtun2,47772,696,53176,705,,1,1
2025-11-25T16:47:27.705735Z,embb,uesimtun0,44420,610,48064,619,,1,1
2025-11-25T16:47:27.705735Z,urllc,uesimtun1,44060,601,47524,610,,1,1
2025-11-25T16:47:27.705735Z,mmtc,uesimtun2,48064,700,53488,709,,1,1
2025-11-25T16:47:27.968275Z,embb,uesimtun0,44544,612,48208,621,,1,1
2025-11-25T16:47:27.968275Z,urllc,uesimtun1,44228,603,47692,612,,1,1
2025-11-25T16:47:27.968275Z,mmtc,uesimtun2,48232,702,53656,711,,1,1
2025-11-25T16:47:28.205349Z,embb,uesimtun0,44712,614,48376,623,,1,1
2025-11-25T16:47:28.205349Z,urllc,uesimtun1,44396,605,47860,614,,1,1
2025-11-25T16:47:28.205349Z,mmtc,uesimtun2,48400,704,53824,713,,1,1
2025-11-25T16:47:28.454977Z,embb,uesimtun0,44796,615,48460,624,,1,1
2025-11-25T16:47:28.454977Z,urllc,uesimtun1,44480,606,47944,615,,1,1
2025-11-25T16:47:28.454977Z,mmtc,uesimtun2,48484,705,53908,714,,1,1
2025-11-25T16:47:28.745797Z,embb,uesimtun0,45004,618,48688,627,,1,1
2025-11-25T16:47:28.745797Z,urllc,uesimtun1,44648,608,48112,617,,1,1
2025-11-25T16:47:28.745797Z,mmtc,uesimtun2,48692,708,54136,717,,1,1
2025-11-25T16:47:28.955163Z,embb,uesimtun0,45256,621,48940,630,,1,1
2025-11-25T16:47:28.955163Z,urllc,uesimtun1,44816,610,48280,619,,1,1
2025-11-25T16:47:28.955163Z,mmtc,uesimtun2,48860,710,54304,719,,1,1
2025-11-25T16:47:29.205065Z,embb,uesimtun0,45424,623,49108,632,,1,1
2025-11-25T16:47:29.205065Z,urllc,uesimtun1,44984,612,48448,621,,1,1
2025-11-25T16:47:29.205065Z,mmtc,uesimtun2,49028,712,54472,721,,1,1
2025-11-25T16:47:29.454924Z,embb,uesimtun0,45508,624,49192,633,,1,1
2025-11-25T16:47:29.454924Z,urllc,uesimtun1,45148,615,48652,624,,1,1
2025-11-25T16:47:29.454924Z,mmtc,uesimtun2,49112,713,54556,722,,1,1
2025-11-25T16:47:29.705636Z,embb,uesimtun0,45716,627,49420,636,,1,1
2025-11-25T16:47:29.705636Z,urllc,uesimtun1,45232,616,48736,625,,1,1
2025-11-25T16:47:29.705636Z,mmtc,uesimtun2,49276,716,54760,725,,1,1
2025-11-25T16:47:30.318500Z,embb,uesimtun0,45968,630,49672,639,,1,1
2025-11-25T16:47:30.318500Z,urllc,uesimtun1,45568,620,49072,629,,1,1
2025-11-25T16:47:30.318500Z,mmtc,uesimtun2,49568,720,55072,729,,1,1
2025-11-25T16:47:30.442891Z,embb,uesimtun0,46136,632,49840,641,,1,1
2025-11-25T16:47:30.442891Z,urllc,uesimtun1,45736,622,49240,631,,1,1
2025-11-25T16:47:30.442891Z,mmtc,uesimtun2,49652,721,55156,730,,1,1
2025-11-25T16:47:30.693372Z,embb,uesimtun0,46344,635,50068,644,,1,1
2025-11-25T16:47:30.693372Z,urllc,uesimtun1,45904,624,49408,633,,1,1
2025-11-25T16:47:30.693372Z,mmtc,uesimtun2,49776,723,55300,732,,1,1
2025-11-25T16:47:30.943440Z,embb,uesimtun0,46468,637,50212,646,,1,1
2025-11-25T16:47:30.943440Z,urllc,uesimtun1,46240,628,49744,637,,1,1
2025-11-25T16:47:30.943440Z,mmtc,uesimtun2,50028,726,55552,735,,1,1
2025-11-25T16:47:31.193616Z,embb,uesimtun0,46552,638,50296,647,,1,1
2025-11-25T16:47:31.193616Z,urllc,uesimtun1,46324,629,49828,638,,1,1
2025-11-25T16:47:31.193616Z,mmtc,uesimtun2,50112,727,55636,736,,1,1
2025-11-25T16:47:31.443461Z,embb,uesimtun0,46636,639,50380,648,,1,1
2025-11-25T16:47:31.443461Z,urllc,uesimtun1,46408,630,49912,639,,1,1
2025-11-25T16:47:31.443461Z,mmtc,uesimtun2,50320,730,55864,739,,1,1
2025-11-25T16:47:31.693168Z,embb,uesimtun0,46844,642,50608,651,,1,1
2025-11-25T16:47:31.693168Z,urllc,uesimtun1,46660,633,50164,642,,1,1
2025-11-25T16:47:31.693168Z,mmtc,uesimtun2,50444,732,56008,741,,1,1
2025-11-25T16:47:32.188314Z,embb,uesimtun0,47052,645,50836,654,,1,1
2025-11-25T16:47:32.188314Z,urllc,uesimtun1,46784,635,50308,644,,1,1
2025-11-25T16:47:32.188314Z,mmtc,uesimtun2,50780,736,56344,745,,1,1
2025-11-25T16:47:32.208118Z,embb,uesimtun0,47136,646,50920,655,,1,1
2025-11-25T16:47:32.208118Z,urllc,uesimtun1,46868,636,50392,645,,1,1
2025-11-25T16:47:32.208118Z,mmtc,uesimtun2,50864,737,56428,746,,1,1
2025-11-25T16:47:32.458580Z,embb,uesimtun0,47220,647,51004,656,,1,1
2025-11-25T16:47:32.458580Z,urllc,uesimtun1,46992,638,50536,647,,1,1
2025-11-25T16:47:32.458580Z,mmtc,uesimtun2,51072,740,56656,749,,1,1
2025-11-25T16:47:32.708794Z,embb,uesimtun0,47428,650,51232,659,,1,1
2025-11-25T16:47:32.708794Z,urllc,uesimtun1,47284,642,50848,651,,1,1
2025-11-25T16:47:32.708794Z,mmtc,uesimtun2,51280,743,56884,752,,1,1
2025-11-25T16:47:32.959213Z,embb,uesimtun0,47804,655,51628,664,,1,1
2025-11-25T16:47:32.959213Z,urllc,uesimtun1,47368,643,50932,652,,1,1
2025-11-25T16:47:32.959213Z,mmtc,uesimtun2,51532,746,57136,755,,1,1
2025-11-25T16:47:33.209097Z,embb,uesimtun0,47888,656,51796,666,,1,1
2025-11-25T16:47:33.209097Z,urllc,uesimtun1,47452,644,51016,653,,1,1
2025-11-25T16:47:33.209097Z,mmtc,uesimtun2,51700,748,57304,757,,1,1
2025-11-25T16:47:33.458545Z,embb,uesimtun0,48056,658,51880,667,,1,1
2025-11-25T16:47:33.458545Z,urllc,uesimtun1,47616,647,51220,656,,1,1
2025-11-25T16:47:33.458545Z,mmtc,uesimtun2,51824,750,57448,759,,1,1
2025-11-25T16:47:33.709150Z,embb,uesimtun0,48264,661,52108,670,,1,1
2025-11-25T16:47:33.709150Z,urllc,uesimtun1,47784,649,51388,658,,1,1
2025-11-25T16:47:33.709150Z,mmtc,uesimtun2,52116,754,57760,763,,1,1
2025-11-25T16:47:33.958543Z,embb,uesimtun0,48556,665,52420,674,,1,1
2025-11-25T16:47:33.958543Z,urllc,uesimtun1,47952,651,51556,660,,1,1
2025-11-25T16:47:33.958543Z,mmtc,uesimtun2,52200,755,57844,764,,1,1
2025-11-25T16:47:34.208378Z,embb,uesimtun0,48640,666,52504,675,,1,1
2025-11-25T16:47:34.208378Z,urllc,uesimtun1,48036,652,51640,661,,1,1
2025-11-25T16:47:34.208378Z,mmtc,uesimtun2,52284,756,57928,765,,1,1
2025-11-25T16:47:34.458683Z,embb,uesimtun0,48808,668,52672,677,,1,1
2025-11-25T16:47:34.458683Z,urllc,uesimtun1,48244,655,51868,664,,1,1
2025-11-25T16:47:34.458683Z,mmtc,uesimtun2,52408,758,58072,767,,1,1
2025-11-25T16:47:34.708431Z,embb,uesimtun0,49016,671,52900,680,,1,1
2025-11-25T16:47:34.708431Z,urllc,uesimtun1,48412,657,52036,666,,1,1
2025-11-25T16:47:34.708431Z,mmtc,uesimtun2,52660,761,58324,770,,1,1
2025-11-25T16:47:35.437757Z,embb,uesimtun0,49224,674,53128,683,,1,1
2025-11-25T16:47:35.437757Z,urllc,uesimtun1,48828,663,52492,672,,1,1
2025-11-25T16:47:35.437757Z,mmtc,uesimtun2,52784,763,58468,772,,1,1
2025-11-25T16:47:35.462711Z,embb,uesimtun0,49308,675,53212,684,,1,1
2025-11-25T16:47:35.462711Z,urllc,uesimtun1,48912,664,52576,673,,1,1
2025-11-25T16:47:35.462711Z,mmtc,uesimtun2,52948,766,58672,775,,1,1
2025-11-25T16:47:35.712987Z,embb,uesimtun0,49600,679,53524,688,,1,1
2025-11-25T16:47:35.712987Z,urllc,uesimtun1,49080,666,52744,675,,1,1
2025-11-25T16:47:35.712987Z,mmtc,uesimtun2,53196,770,58960,779,,1,1
2025-11-25T16:47:35.963532Z,embb,uesimtun0,49724,681,53668,690,,1,1
2025-11-25T16:47:35.963532Z,urllc,uesimtun1,49332,669,52996,678,,1,1
2025-11-25T16:47:35.963532Z,mmtc,uesimtun2,53364,772,59128,781,,1,1
2025-11-25T16:47:36.213571Z,embb,uesimtun0,49808,682,53752,691,,1,1
2025-11-25T16:47:36.213571Z,urllc,uesimtun1,49416,670,53080,679,,1,1
2025-11-25T16:47:36.213571Z,mmtc,uesimtun2,53448,773,59212,782,,1,1
2025-11-25T16:47:36.463757Z,embb,uesimtun0,49892,683,53836,692,,1,1
2025-11-25T16:47:36.463757Z,urllc,uesimtun1,49580,673,53284,682,,1,1
2025-11-25T16:47:36.463757Z,mmtc,uesimtun2,53616,775,59380,784,,1,1
2025-11-25T16:47:36.713937Z,embb,uesimtun0,50184,687,54148,696,,1,1
2025-11-25T16:47:36.713937Z,urllc,uesimtun1,49748,675,53452,684,,1,1
2025-11-25T16:47:36.713937Z,mmtc,uesimtun2,53784,777,59548,786,,1,1
2025-11-25T16:47:36.963153Z,embb,uesimtun0,50392,690,54376,699,,1,1
2025-11-25T16:47:36.963153Z,urllc,uesimtun1,49916,677,53620,686,,1,1
2025-11-25T16:47:36.963153Z,mmtc,uesimtun2,54036,780,59800,789,,1,1
2025-11-25T16:47:37.213750Z,embb,uesimtun0,50476,691,54460,700,,1,1
2025-11-25T16:47:37.213750Z,urllc,uesimtun1,50080,680,53824,689,,1,1
2025-11-25T16:47:37.213750Z,mmtc,uesimtun2,54120,781,59884,790,,1,1
2025-11-25T16:47:37.463122Z,embb,uesimtun0,50644,693,54628,702,,1,1
2025-11-25T16:47:37.463122Z,urllc,uesimtun1,50244,683,54028,692,,1,1
2025-11-25T16:47:37.463122Z,mmtc,uesimtun2,54288,783,60052,792,,1,1
2025-11-25T16:47:37.713579Z,embb,uesimtun0,50936,697,54940,706,,1,1
2025-11-25T16:47:37.713579Z,urllc,uesimtun1,50496,686,54280,695,,1,1
2025-11-25T16:47:37.713579Z,mmtc,uesimtun2,54536,787,60340,796,,1,1
2025-11-25T16:47:37.963913Z,embb,uesimtun0,51144,700,55168,709,,1,1
2025-11-25T16:47:37.963913Z,urllc,uesimtun1,50748,689,54532,698,,1,1
2025-11-25T16:47:37.963913Z,mmtc,uesimtun2,54788,790,60592,799,,1,1
2025-11-25T16:47:38.212993Z,embb,uesimtun0,51228,701,55252,710,,1,1
2025-11-25T16:47:38.212993Z,urllc,uesimtun1,50832,690,54616,699,,1,1
2025-11-25T16:47:38.212993Z,mmtc,uesimtun2,54872,791,60676,800,,1,1
2025-11-25T16:47:38.463474Z,embb,uesimtun0,51312,702,55420,712,,1,1
2025-11-25T16:47:38.463474Z,urllc,uesimtun1,50916,691,54700,700,,1,1
2025-11-25T16:47:38.463474Z,mmtc,uesimtun2,55120,795,60964,804,,1,1
2025-11-25T16:47:38.713340Z,embb,uesimtun0,51564,705,55588,714,,1,1
2025-11-25T16:47:38.713340Z,urllc,uesimtun1,51252,695,55036,704,,1,1
2025-11-25T16:47:38.713340Z,mmtc,uesimtun2,55244,797,61108,806,,1,1
2025-11-25T16:47:38.963380Z,embb,uesimtun0,51772,708,55816,717,,1,1
2025-11-25T16:47:38.963380Z,urllc,uesimtun1,51420,697,55204,706,,1,1
2025-11-25T16:47:38.963380Z,mmtc,uesimtun2,55412,799,61276,808,,1,1
2025-11-25T16:47:39.213160Z,embb,uesimtun0,51856,709,55900,718,,1,1
2025-11-25T16:47:39.213160Z,urllc,uesimtun1,51504,698,55288,707,,1,1
2025-11-25T16:47:39.213160Z,mmtc,uesimtun2,55496,800,61360,809,,1,1
2025-11-25T16:47:39.463062Z,embb,uesimtun0,51940,710,55984,719,,1,1
2025-11-25T16:47:39.463062Z,urllc,uesimtun1,51668,701,55492,710,,1,1
2025-11-25T16:47:39.463062Z,mmtc,uesimtun2,55620,802,61504,811,,1,1
2025-11-25T16:47:39.713631Z,embb,uesimtun0,52108,712,56152,721,,1,1
2025-11-25T16:47:39.713631Z,urllc,uesimtun1,52004,705,55828,714,,1,1
2025-11-25T16:47:39.713631Z,mmtc,uesimtun2,55952,807,61876,816,,1,1
2025-11-25T16:47:39.963887Z,embb,uesimtun0,52400,716,56464,725,,1,1
2025-11-25T16:47:39.963887Z,urllc,uesimtun1,52088,706,55912,715,,1,1
2025-11-25T16:47:39.963887Z,mmtc,uesimtun2,56204,810,62128,819,,1,1
2025-11-25T16:47:40.213341Z,embb,uesimtun0,52484,717,56548,726,,1,1
2025-11-25T16:47:40.213341Z,urllc,uesimtun1,52172,707,55996,716,,1,1
2025-11-25T16:47:40.213341Z,mmtc,uesimtun2,56288,811,62212,820,,1,1
2025-11-25T16:47:40.463576Z,embb,uesimtun0,52568,718,56632,727,,1,1
2025-11-25T16:47:40.463576Z,urllc,uesimtun1,52256,708,56080,717,,1,1
2025-11-25T16:47:40.463576Z,mmtc,uesimtun2,56452,814,62416,823,,1,1
2025-11-25T16:47:40.713672Z,embb,uesimtun0,52736,720,56800,729,,1,1
2025-11-25T16:47:40.713672Z,urllc,uesimtun1,52424,710,56248,719,,1,1
2025-11-25T16:47:40.713672Z,mmtc,uesimtun2,56948,822,62992,831,,1,1
2025-11-25T16:47:41.058365Z,embb,uesimtun0,52944,723,57028,732,,1,1
2025-11-25T16:47:41.058365Z,urllc,uesimtun1,52508,711,56332,720,,1,1
2025-11-25T16:47:41.058365Z,mmtc,uesimtun2,57116,824,63160,833,,1,1
2025-11-25T16:47:41.212881Z,embb,uesimtun0,53112,725,57196,734,,1,1
2025-11-25T16:47:41.212881Z,urllc,uesimtun1,52592,712,56416,721,,1,1
2025-11-25T16:47:41.212881Z,mmtc,uesimtun2,57200,825,63244,834,,1,1
2025-11-25T16:47:41.464537Z,embb,uesimtun0,53196,726,57280,735,,1,1
2025-11-25T16:47:41.464537Z,urllc,uesimtun1,52676,713,56500,722,,1,1
2025-11-25T16:47:41.464537Z,mmtc,uesimtun2,57284,826,63328,835,,1,1
2025-11-25T16:47:41.713410Z,embb,uesimtun0,53448,729,57532,738,,1,1
2025-11-25T16:47:41.713410Z,urllc,uesimtun1,52844,715,56716,725,,1,1
2025-11-25T16:47:41.713410Z,mmtc,uesimtun2,57660,831,63772,841,,1,1
2025-11-25T16:47:41.962855Z,embb,uesimtun0,53616,731,57700,740,,1,1
2025-11-25T16:47:41.962855Z,urllc,uesimtun1,53012,717,56884,727,,1,1
2025-11-25T16:47:41.962855Z,mmtc,uesimtun2,57744,832,63856,842,,1,1
2025-11-25T16:47:42.212792Z,embb,uesimtun0,53824,734,57928,743,,1,1
2025-11-25T16:47:42.212792Z,urllc,uesimtun1,53180,719,57052,729,,1,1
2025-11-25T16:47:42.212792Z,mmtc,uesimtun2,57828,833,63940,843,,1,1
2025-11-25T16:47:42.463511Z,embb,uesimtun0,53908,735,58012,744,,1,1
2025-11-25T16:47:42.463511Z,urllc,uesimtun1,53264,720,57136,730,,1,1
2025-11-25T16:47:42.463511Z,mmtc,uesimtun2,57912,834,64024,844,,1,1
2025-11-25T16:47:42.713218Z,embb,uesimtun0,54284,740,58408,749,,1,1
2025-11-25T16:47:42.713218Z,urllc,uesimtun1,53556,724,57448,734,,1,1
2025-11-25T16:47:42.713218Z,mmtc,uesimtun2,58120,837,64252,847,,1,1
2025-11-25T16:47:42.963472Z,embb,uesimtun0,54368,741,58492,750,,1,1
2025-11-25T16:47:42.963472Z,urllc,uesimtun1,53808,727,57784,738,,1,1
2025-11-25T16:47:42.963472Z,mmtc,uesimtun2,58204,838,64336,848,,1,1
2025-11-25T16:47:43.227168Z,embb,uesimtun0,54452,742,58576,751,,1,1
2025-11-25T16:47:43.227168Z,urllc,uesimtun1,53976,729,57868,739,,1,1
2025-11-25T16:47:43.227168Z,mmtc,uesimtun2,58288,839,64420,849,,1,1
2025-11-25T16:47:43.478118Z,embb,uesimtun0,54536,743,58660,752,,1,1
2025-11-25T16:47:43.478118Z,urllc,uesimtun1,54060,730,57952,740,,1,1
2025-11-25T16:47:43.478118Z,mmtc,uesimtun2,58372,840,64504,850,,1,1
2025-11-25T16:47:43.727876Z,embb,uesimtun0,54828,747,58972,756,,1,1
2025-11-25T16:47:43.727876Z,urllc,uesimtun1,54392,735,58324,745,,1,1
2025-11-25T16:47:43.727876Z,mmtc,uesimtun2,58580,843,64732,853,,1,1
2025-11-25T16:47:43.977543Z,embb,uesimtun0,54912,748,59056,757,,1,1
2025-11-25T16:47:43.977543Z,urllc,uesimtun1,54560,737,58492,747,,1,1
2025-11-25T16:47:43.977543Z,mmtc,uesimtun2,58748,845,64984,856,,1,1
2025-11-25T16:47:44.347715Z,embb,uesimtun0,54912,748,59200,759,,1,1
2025-11-25T16:47:44.347715Z,urllc,uesimtun1,54644,738,58576,748,,1,1
2025-11-25T16:47:44.347715Z,mmtc,uesimtun2,58916,847,65068,857,,1,1
2025-11-25T16:47:44.598104Z,embb,uesimtun0,55120,751,59284,760,,1,1
2025-11-25T16:47:44.598104Z,urllc,uesimtun1,54808,741,58780,751,,1,1
2025-11-25T16:47:44.598104Z,mmtc,uesimtun2,59080,850,65272,860,,1,1
2025-11-25T16:47:44.848162Z,embb,uesimtun0,55412,755,59596,764,,1,1
2025-11-25T16:47:44.848162Z,urllc,uesimtun1,55144,745,59116,755,,1,1
2025-11-25T16:47:44.848162Z,mmtc,uesimtun2,59500,855,65692,865,,1,1
2025-11-25T16:47:45.098077Z,embb,uesimtun0,55496,756,59680,765,,1,1
2025-11-25T16:47:45.098077Z,urllc,uesimtun1,55228,746,59200,756,,1,1
2025-11-25T16:47:45.098077Z,mmtc,uesimtun2,59584,856,65776,866,,1,1
2025-11-25T16:47:45.348838Z,embb,uesimtun0,55664,758,59848,767,,1,1
2025-11-25T16:47:45.348838Z,urllc,uesimtun1,55312,747,59284,757,,1,1
2025-11-25T16:47:45.348838Z,mmtc,uesimtun2,59752,858,65944,868,,1,1
2025-11-25T16:47:45.598384Z,embb,uesimtun0,55788,760,59992,769,,1,1
2025-11-25T16:47:45.598384Z,urllc,uesimtun1,55436,749,59428,759,,1,1
2025-11-25T16:47:45.598384Z,mmtc,uesimtun2,59876,860,66088,870,,1,1
2025-11-25T16:47:45.847986Z,embb,uesimtun0,56164,765,60436,775,,1,1
2025-11-25T16:47:45.847986Z,urllc,uesimtun1,55688,752,59680,762,,1,1
2025-11-25T16:47:45.847986Z,mmtc,uesimtun2,60212,864,66424,874,,1,1
2025-11-25T16:47:46.098050Z,embb,uesimtun0,56248,766,60520,776,,1,1
2025-11-25T16:47:46.098050Z,urllc,uesimtun1,55772,753,59764,763,,1,1
2025-11-25T16:47:46.098050Z,mmtc,uesimtun2,60296,865,66508,875,,1,1
2025-11-25T16:47:46.348129Z,embb,uesimtun0,56416,768,60688,778,,1,1
2025-11-25T16:47:46.348129Z,urllc,uesimtun1,55940,755,59932,765,,1,1
2025-11-25T16:47:46.348129Z,mmtc,uesimtun2,60380,866,66592,876,,1,1
2025-11-25T16:47:46.597808Z,embb,uesimtun0,56540,770,60832,780,,1,1
2025-11-25T16:47:46.597808Z,urllc,uesimtun1,56064,757,60076,767,,1,1
2025-11-25T16:47:46.597808Z,mmtc,uesimtun2,60544,869,66796,879,,1,1
2025-11-25T16:47:46.848379Z,embb,uesimtun0,57000,776,61312,786,,1,1
2025-11-25T16:47:46.848379Z,urllc,uesimtun1,56400,761,60412,771,,1,1
2025-11-25T16:47:46.848379Z,mmtc,uesimtun2,60960,875,67252,885,,1,1
2025-11-25T16:47:47.098200Z,embb,uesimtun0,57084,777,61396,787,,1,1
2025-11-25T16:47:47.098200Z,urllc,uesimtun1,56484,762,60556,773,,1,1
2025-11-25T16:47:47.098200Z,mmtc,uesimtun2,61044,876,67336,886,,1,1
2025-11-25T16:47:47.347944Z,embb,uesimtun0,57168,778,61480,788,,1,1
2025-11-25T16:47:47.347944Z,urllc,uesimtun1,56732,766,60784,776,,1,1
2025-11-25T16:47:47.347944Z,mmtc,uesimtun2,61128,877,67420,887,,1,1
2025-11-25T16:47:47.598668Z,embb,uesimtun0,57292,780,61624,790,,1,1
2025-11-25T16:47:47.598668Z,urllc,uesimtun1,56856,768,60928,778,,1,1
2025-11-25T16:47:47.598668Z,mmtc,uesimtun2,61332,881,67684,891,,1,1
2025-11-25T16:47:47.848422Z,embb,uesimtun0,57584,784,61936,794,,1,1
2025-11-25T16:47:47.848422Z,urllc,uesimtun1,57108,771,61180,781,,1,1
2025-11-25T16:47:47.848422Z,mmtc,uesimtun2,61664,886,68056,896,,1,1
2025-11-25T16:47:48.098164Z,embb,uesimtun0,57668,785,62020,795,,1,1
2025-11-25T16:47:48.098164Z,urllc,uesimtun1,57192,772,61324,783,,1,1
2025-11-25T16:47:48.098164Z,mmtc,uesimtun2,61748,887,68140,897,,1,1
2025-11-25T16:47:48.347959Z,embb,uesimtun0,57752,786,62104,796,,1,1
2025-11-25T16:47:48.347959Z,urllc,uesimtun1,57316,774,61408,784,,1,1
2025-11-25T16:47:48.347959Z,mmtc,uesimtun2,61916,889,68308,899,,1,1
2025-11-25T16:47:48.598364Z,embb,uesimtun0,57876,788,62248,798,,1,1
2025-11-25T16:47:48.598364Z,urllc,uesimtun1,57440,776,61552,786,,1,1
2025-11-25T16:47:48.598364Z,mmtc,uesimtun2,62000,890,68392,900,,1,1
2025-11-25T16:47:48.848093Z,embb,uesimtun0,58128,791,62500,801,,1,1
2025-11-25T16:47:48.848093Z,urllc,uesimtun1,57692,779,61804,789,,1,1
2025-11-25T16:47:48.848093Z,mmtc,uesimtun2,62376,895,68788,905,,1,1
2025-11-25T16:47:49.098120Z,embb,uesimtun0,58212,792,62584,802,,1,1
2025-11-25T16:47:49.098120Z,urllc,uesimtun1,57776,780,61888,790,,1,1
2025-11-25T16:47:49.098120Z,mmtc,uesimtun2,62460,896,68872,906,,1,1
2025-11-25T16:47:49.347888Z,embb,uesimtun0,58380,794,62752,804,,1,1
2025-11-25T16:47:49.347888Z,urllc,uesimtun1,57860,781,61972,791,,1,1
2025-11-25T16:47:49.347888Z,mmtc,uesimtun2,62628,898,69040,908,,1,1
2025-11-25T16:47:49.598185Z,embb,uesimtun0,58504,796,62896,806,,1,1
2025-11-25T16:47:49.598185Z,urllc,uesimtun1,57944,782,62056,792,,1,1
2025-11-25T16:47:49.598185Z,mmtc,uesimtun2,62792,901,69244,911,,1,1
2025-11-25T16:47:49.848456Z,embb,uesimtun0,58840,800,63232,810,,1,1
2025-11-25T16:47:49.848456Z,urllc,uesimtun1,58280,786,62392,796,,1,1
2025-11-25T16:47:49.848456Z,mmtc,uesimtun2,63124,906,69616,916,,1,1
2025-11-25T16:47:50.098227Z,embb,uesimtun0,58924,801,63316,811,,1,1
2025-11-25T16:47:50.098227Z,urllc,uesimtun1,58364,787,62476,797,,1,1
2025-11-25T16:47:50.098227Z,mmtc,uesimtun2,63208,907,69700,917,,1,1
2025-11-25T16:47:50.348215Z,embb,uesimtun0,59092,803,63484,813,,1,1
2025-11-25T16:47:50.348215Z,urllc,uesimtun1,58532,789,62644,799,,1,1
2025-11-25T16:47:50.348215Z,mmtc,uesimtun2,63292,908,69784,918,,1,1
2025-11-25T16:47:50.600102Z,embb,uesimtun0,59216,805,63628,815,,1,1
2025-11-25T16:47:50.600102Z,urllc,uesimtun1,58616,790,62728,800,,1,1
2025-11-25T16:47:50.600102Z,mmtc,uesimtun2,63456,911,69988,921,,1,1
2025-11-25T16:47:50.848017Z,embb,uesimtun0,59592,810,64024,820,,1,1
2025-11-25T16:47:50.848017Z,urllc,uesimtun1,58952,794,63064,804,,1,1
2025-11-25T16:47:50.848017Z,mmtc,uesimtun2,63708,914,70240,924,,1,1
2025-11-25T16:47:51.098168Z,embb,uesimtun0,59676,811,64108,821,,1,1
2025-11-25T16:47:51.098168Z,urllc,uesimtun1,59076,796,63208,806,,1,1
2025-11-25T16:47:51.098168Z,mmtc,uesimtun2,63792,915,70324,925,,1,1
2025-11-25T16:47:51.348648Z,embb,uesimtun0,59760,812,64192,822,,1,1
2025-11-25T16:47:51.348648Z,urllc,uesimtun1,59244,798,63376,808,,1,1
2025-11-25T16:47:51.348648Z,mmtc,uesimtun2,63876,916,70408,926,,1,1
2025-11-25T16:47:51.598201Z,embb,uesimtun0,59884,814,64336,824,,1,1
2025-11-25T16:47:51.598201Z,urllc,uesimtun1,59408,801,63580,811,,1,1
2025-11-25T16:47:51.598201Z,mmtc,uesimtun2,63960,917,70492,927,,1,1
2025-11-25T16:47:51.848042Z,embb,uesimtun0,60176,818,64648,828,,1,1
2025-11-25T16:47:51.848042Z,urllc,uesimtun1,59828,806,64000,816,,1,1
2025-11-25T16:47:51.848042Z,mmtc,uesimtun2,64376,923,70948,933,,1,1
2025-11-25T16:47:52.098590Z,embb,uesimtun0,60260,819,64732,829,,1,1
2025-11-25T16:47:52.098590Z,urllc,uesimtun1,59912,807,64084,817,,1,1
2025-11-25T16:47:52.098590Z,mmtc,uesimtun2,64460,924,71116,935,,1,1
2025-11-25T16:47:52.390712Z,embb,uesimtun0,60344,820,64816,830,,1,1
2025-11-25T16:47:52.390712Z,urllc,uesimtun1,59996,808,64168,818,,1,1
2025-11-25T16:47:52.390712Z,mmtc,uesimtun2,64628,926,71200,936,,1,1
2025-11-25T16:47:52.641197Z,embb,uesimtun0,60468,822,64960,832,,1,1
2025-11-25T16:47:52.641197Z,urllc,uesimtun1,60080,809,64252,819,,1,1
2025-11-25T16:47:52.641197Z,mmtc,uesimtun2,64792,929,71404,939,,1,1
2025-11-25T16:47:52.891976Z,embb,uesimtun0,60760,826,65272,836,,1,1
2025-11-25T16:47:52.891976Z,urllc,uesimtun1,60332,812,64504,822,,1,1
2025-11-25T16:47:52.891976Z,mmtc,uesimtun2,65128,933,71740,943,,1,1
2025-11-25T16:47:53.141515Z,embb,uesimtun0,60844,827,65356,837,,1,1
2025-11-25T16:47:53.141515Z,urllc,uesimtun1,60416,813,64588,823,,1,1
2025-11-25T16:47:53.141515Z,mmtc,uesimtun2,65212,934,71824,944,,1,1
2025-11-25T16:47:53.391149Z,embb,uesimtun0,61012,829,65524,839,,1,1
2025-11-25T16:47:53.391149Z,urllc,uesimtun1,60580,816,64852,827,,1,1
2025-11-25T16:47:53.391149Z,mmtc,uesimtun2,65380,936,71992,946,,1,1
2025-11-25T16:47:53.702420Z,embb,uesimtun0,61260,833,65812,843,,1,1
2025-11-25T16:47:53.702420Z,urllc,uesimtun1,60788,819,65020,829,,1,1
2025-11-25T16:47:53.702420Z,mmtc,uesimtun2,65712,941,72364,951,,1,1
2025-11-25T16:47:53.952915Z,embb,uesimtun0,61596,837,66148,847,,1,1
2025-11-25T16:47:53.952915Z,urllc,uesimtun1,60956,821,65188,831,,1,1
2025-11-25T16:47:53.952915Z,mmtc,uesimtun2,65964,944,72616,954,,1,1
2025-11-25T16:47:54.202893Z,embb,uesimtun0,61680,838,66232,848,,1,1
2025-11-25T16:47:54.202893Z,urllc,uesimtun1,61040,822,65272,832,,1,1
2025-11-25T16:47:54.202893Z,mmtc,uesimtun2,66048,945,72700,955,,1,1
2025-11-25T16:47:54.453115Z,embb,uesimtun0,61848,840,66400,850,,1,1
2025-11-25T16:47:54.453115Z,urllc,uesimtun1,61288,826,65560,836,,1,1
2025-11-25T16:47:54.453115Z,mmtc,uesimtun2,66132,946,72784,956,,1,1
2025-11-25T16:47:54.703027Z,embb,uesimtun0,61932,841,66568,852,,1,1
2025-11-25T16:47:54.703027Z,urllc,uesimtun1,61372,827,65644,837,,1,1
2025-11-25T16:47:54.703027Z,mmtc,uesimtun2,66340,949,73012,959,,1,1
2025-11-25T16:47:54.953440Z,embb,uesimtun0,62348,847,66940,857,,1,1
2025-11-25T16:47:54.953440Z,urllc,uesimtun1,61624,830,65896,840,,1,1
2025-11-25T16:47:54.953440Z,mmtc,uesimtun2,66508,951,73180,961,,1,1
2025-11-25T16:47:55.203251Z,embb,uesimtun0,62432,848,67024,858,,1,1
2025-11-25T16:47:55.203251Z,urllc,uesimtun1,61708,831,65980,841,,1,1
2025-11-25T16:47:55.203251Z,mmtc,uesimtun2,66592,952,73264,962,,1,1
2025-11-25T16:47:55.453050Z,embb,uesimtun0,62516,849,67108,859,,1,1
2025-11-25T16:47:55.453050Z,urllc,uesimtun1,61876,833,66148,843,,1,1
2025-11-25T16:47:55.453050Z,mmtc,uesimtun2,66676,953,73348,963,,1,1
2025-11-25T16:47:55.702604Z,embb,uesimtun0,62600,850,67192,860,,1,1
2025-11-25T16:47:55.702604Z,urllc,uesimtun1,61960,834,66232,844,,1,1
2025-11-25T16:47:55.702604Z,mmtc,uesimtun2,66964,958,73696,968,,1,1
2025-11-25T16:47:55.952962Z,embb,uesimtun0,62932,855,67564,865,,1,1
2025-11-25T16:47:55.952962Z,urllc,uesimtun1,62296,838,66568,848,,1,1
2025-11-25T16:47:55.952962Z,mmtc,uesimtun2,67132,960,73864,970,,1,1
2025-11-25T16:47:56.202978Z,embb,uesimtun0,63016,856,67648,866,,1,1
2025-11-25T16:47:56.202978Z,urllc,uesimtun1,62380,839,66652,849,,1,1
2025-11-25T16:47:56.202978Z,mmtc,uesimtun2,67216,961,73948,971,,1,1
2025-11-25T16:47:56.452558Z,embb,uesimtun0,63100,857,67732,867,,1,1
2025-11-25T16:47:56.452558Z,urllc,uesimtun1,62464,840,66736,850,,1,1
2025-11-25T16:47:56.452558Z,mmtc,uesimtun2,67464,965,74236,975,,1,1
2025-11-25T16:47:56.703485Z,embb,uesimtun0,63184,858,67816,868,,1,1
2025-11-25T16:47:56.703485Z,urllc,uesimtun1,62548,841,66820,851,,1,1
2025-11-25T16:47:56.703485Z,mmtc,uesimtun2,67588,967,74380,977,,1,1
2025-11-25T16:47:56.953291Z,embb,uesimtun0,63436,861,68068,871,,1,1
2025-11-25T16:47:56.953291Z,urllc,uesimtun1,62884,845,67156,855,,1,1
2025-11-25T16:47:56.953291Z,mmtc,uesimtun2,67840,970,74632,980,,1,1
2025-11-25T16:47:57.202489Z,embb,uesimtun0,63520,862,68152,872,,1,1
2025-11-25T16:47:57.202489Z,urllc,uesimtun1,62968,846,67240,856,,1,1
2025-11-25T16:47:57.202489Z,mmtc,uesimtun2,67924,971,74716,981,,1,1
2025-11-25T16:47:57.452940Z,embb,uesimtun0,63688,864,68320,874,,1,1
2025-11-25T16:47:57.452940Z,urllc,uesimtun1,63052,847,67324,857,,1,1
2025-11-25T16:47:57.452940Z,mmtc,uesimtun2,68092,973,74884,983,,1,1
2025-11-25T16:47:57.703559Z,embb,uesimtun0,63772,865,68404,875,,1,1
2025-11-25T16:47:57.703559Z,urllc,uesimtun1,63136,848,67408,858,,1,1
2025-11-25T16:47:57.703559Z,mmtc,uesimtun2,68216,975,75028,985,,1,1
2025-11-25T16:47:57.952868Z,embb,uesimtun0,64148,870,68800,880,,1,1
2025-11-25T16:47:57.952868Z,urllc,uesimtun1,63388,851,67660,861,,1,1
2025-11-25T16:47:57.952868Z,mmtc,uesimtun2,68552,979,75364,989,,1,1
2025-11-25T16:47:58.203026Z,embb,uesimtun0,64232,871,68884,881,,1,1
2025-11-25T16:47:58.203026Z,urllc,uesimtun1,63472,852,67744,862,,1,1
2025-11-25T16:47:58.203026Z,mmtc,uesimtun2,68636,980,75448,990,,1,1
2025-11-25T16:47:58.452790Z,embb,uesimtun0,64400,873,69052,883,,1,1
2025-11-25T16:47:58.452790Z,urllc,uesimtun1,63640,854,67912,864,,1,1
2025-11-25T16:47:58.452790Z,mmtc,uesimtun2,68760,982,75592,992,,1,1
2025-11-25T16:47:58.703393Z,embb,uesimtun0,64484,874,69136,884,,1,1
2025-11-25T16:47:58.703393Z,urllc,uesimtun1,63724,855,67996,865,,1,1
2025-11-25T16:47:58.703393Z,mmtc,uesimtun2,68924,985,75796,995,,1,1
2025-11-25T16:47:58.955595Z,embb,uesimtun0,64776,878,69448,888,,1,1
2025-11-25T16:47:58.955595Z,urllc,uesimtun1,64140,861,68452,871,,1,1
2025-11-25T16:47:58.955595Z,mmtc,uesimtun2,69176,988,76132,999,,1,1
2025-11-25T16:47:59.203796Z,embb,uesimtun0,64944,880,69616,890,,1,1
2025-11-25T16:47:59.203796Z,urllc,uesimtun1,64348,864,68680,874,,1,1
2025-11-25T16:47:59.203796Z,mmtc,uesimtun2,69344,990,76216,1000,,1,1
2025-11-25T16:47:59.452784Z,embb,uesimtun0,65028,881,69700,891,,1,1
2025-11-25T16:47:59.452784Z,urllc,uesimtun1,64516,866,68848,876,,1,1
2025-11-25T16:47:59.452784Z,mmtc,uesimtun2,69428,991,76300,1001,,1,1
2025-11-25T16:47:59.702663Z,embb,uesimtun0,65112,882,69784,892,,1,1
2025-11-25T16:47:59.702663Z,urllc,uesimtun1,64640,868,68992,878,,1,1
2025-11-25T16:47:59.702663Z,mmtc,uesimtun2,69672,996,76624,1006,,1,1
2025-11-25T16:47:59.952528Z,embb,uesimtun0,65360,886,70072,896,,1,1
2025-11-25T16:47:59.952528Z,urllc,uesimtun1,64892,871,69244,881,,1,1
2025-11-25T16:47:59.952528Z,mmtc,uesimtun2,69880,999,76936,1010,,1,1
2025-11-25T16:48:00.202513Z,embb,uesimtun0,65528,888,70240,898,,1,1
2025-11-25T16:48:00.202513Z,urllc,uesimtun1,65060,873,69412,883,,1,1
2025-11-25T16:48:00.202513Z,mmtc,uesimtun2,70048,1001,77020,1011,,1,1
2025-11-25T16:48:00.453621Z,embb,uesimtun0,65612,889,70324,899,,1,1
2025-11-25T16:48:00.453621Z,urllc,uesimtun1,65144,874,69496,884,,1,1
2025-11-25T16:48:00.453621Z,mmtc,uesimtun2,70216,1003,77188,1013,,1,1
2025-11-25T16:48:00.703011Z,embb,uesimtun0,65696,890,70408,900,,1,1
2025-11-25T16:48:00.703011Z,urllc,uesimtun1,65308,877,69700,887,,1,1
2025-11-25T16:48:00.703011Z,mmtc,uesimtun2,70420,1007,77452,1017,,1,1
2025-11-25T16:48:00.979995Z,embb,uesimtun0,66028,895,70780,905,,1,1
2025-11-25T16:48:00.979995Z,urllc,uesimtun1,65476,879,69868,889,,1,1
2025-11-25T16:48:00.979995Z,mmtc,uesimtun2,70756,1011,77788,1021,,1,1
2025-11-25T16:48:01.202946Z,embb,uesimtun0,66196,897,70948,907,,1,1
2025-11-25T16:48:01.202946Z,urllc,uesimtun1,65644,881,70036,891,,1,1
2025-11-25T16:48:01.202946Z,mmtc,uesimtun2,70924,1013,77956,1023,,1,1
2025-11-25T16:48:01.452540Z,embb,uesimtun0,66364,899,71116,909,,1,1
2025-11-25T16:48:01.452540Z,urllc,uesimtun1,65768,883,70180,893,,1,1
2025-11-25T16:48:01.452540Z,mmtc,uesimtun2,71092,1015,78124,1025,,1,1
2025-11-25T16:48:01.703261Z,embb,uesimtun0,66448,900,71200,910,,1,1
2025-11-25T16:48:01.703261Z,urllc,uesimtun1,65852,884,70264,894,,1,1
2025-11-25T16:48:01.703261Z,mmtc,uesimtun2,71176,1016,78208,1026,,1,1
2025-11-25T16:48:01.953204Z,embb,uesimtun0,66780,905,71572,915,,1,1
2025-11-25T16:48:01.953204Z,urllc,uesimtun1,65936,885,70348,895,,1,1
2025-11-25T16:48:01.953204Z,mmtc,uesimtun2,71428,1019,78460,1029,,1,1
2025-11-25T16:48:02.202887Z,embb,uesimtun0,66948,907,71740,917,,1,1
2025-11-25T16:48:02.202887Z,urllc,uesimtun1,66104,887,70516,897,,1,1
2025-11-25T16:48:02.202887Z,mmtc,uesimtun2,71596,1021,78628,1031,,1,1
2025-11-25T16:48:02.453149Z,embb,uesimtun0,67116,909,71908,919,,1,1
2025-11-25T16:48:02.453149Z,urllc,uesimtun1,66272,889,70684,899,,1,1
2025-11-25T16:48:02.453149Z,mmtc,uesimtun2,71680,1022,78712,1032,,1,1
2025-11-25T16:48:02.703307Z,embb,uesimtun0,67200,910,71992,920,,1,1
2025-11-25T16:48:02.703307Z,urllc,uesimtun1,66396,891,70828,901,,1,1
2025-11-25T16:48:02.703307Z,mmtc,uesimtun2,71804,1024,78856,1034,,1,1
2025-11-25T16:48:02.953458Z,embb,uesimtun0,67532,915,72364,925,,1,1
2025-11-25T16:48:02.953458Z,urllc,uesimtun1,66648,894,71080,904,,1,1
2025-11-25T16:48:02.953458Z,mmtc,uesimtun2,71972,1026,79024,1036,,1,1
2025-11-25T16:48:03.202949Z,embb,uesimtun0,67700,917,72532,927,,1,1
2025-11-25T16:48:03.202949Z,urllc,uesimtun1,66816,896,71308,907,,1,1
2025-11-25T16:48:03.202949Z,mmtc,uesimtun2,72140,1028,79192,1038,,1,1
2025-11-25T16:48:03.453183Z,embb,uesimtun0,67784,918,72616,928,,1,1
2025-11-25T16:48:03.453183Z,urllc,uesimtun1,67184,903,71716,913,,1,1
2025-11-25T16:48:03.453183Z,mmtc,uesimtun2,72224,1029,79336,1040,,1,1
2025-11-25T16:48:03.703067Z,embb,uesimtun0,67868,919,72700,929,,1,1
2025-11-25T16:48:03.703067Z,urllc,uesimtun1,67308,905,71860,915,,1,1
2025-11-25T16:48:03.703067Z,mmtc,uesimtun2,72388,1032,79480,1042,,1,1
2025-11-25T16:48:03.953255Z,embb,uesimtun0,68076,922,72928,932,,1,1
2025-11-25T16:48:03.953255Z,urllc,uesimtun1,67644,909,72196,919,,1,1
2025-11-25T16:48:03.953255Z,mmtc,uesimtun2,72472,1033,79564,1043,,1,1
2025-11-25T16:48:04.203242Z,embb,uesimtun0,68244,924,73096,934,,1,1
2025-11-25T16:48:04.203242Z,urllc,uesimtun1,67852,912,72424,922,,1,1
2025-11-25T16:48:04.203242Z,mmtc,uesimtun2,72640,1035,79732,1045,,1,1
2025-11-25T16:48:04.453264Z,embb,uesimtun0,68328,925,73180,935,,1,1
2025-11-25T16:48:04.453264Z,urllc,uesimtun1,67936,913,72508,923,,1,1
2025-11-25T16:48:04.453264Z,mmtc,uesimtun2,72848,1038,79960,1048,,1,1
2025-11-25T16:48:04.703210Z,embb,uesimtun0,68412,926,73264,936,,1,1
2025-11-25T16:48:04.703210Z,urllc,uesimtun1,68020,914,72592,924,,1,1
2025-11-25T16:48:04.703210Z,mmtc,uesimtun2,72972,1040,80104,1050,,1,1
2025-11-25T16:48:04.953124Z,embb,uesimtun0,68620,929,73492,939,,1,1
2025-11-25T16:48:04.953124Z,urllc,uesimtun1,68188,916,72760,926,,1,1
2025-11-25T16:48:04.953124Z,mmtc,uesimtun2,73224,1043,80356,1053,,1,1
2025-11-25T16:48:05.202866Z,embb,uesimtun0,68788,931,73660,941,,1,1
2025-11-25T16:48:05.202866Z,urllc,uesimtun1,68356,918,72928,928,,1,1
2025-11-25T16:48:05.202866Z,mmtc,uesimtun2,73392,1045,80524,1055,,1,1
2025-11-25T16:48:05.453509Z,embb,uesimtun0,68956,933,73828,943,,1,1
2025-11-25T16:48:05.453509Z,urllc,uesimtun1,68480,920,73072,930,,1,1
2025-11-25T16:48:05.453509Z,mmtc,uesimtun2,73560,1047,80692,1057,,1,1
2025-11-25T16:48:05.703258Z,embb,uesimtun0,69040,934,73912,944,,1,1
2025-11-25T16:48:05.703258Z,urllc,uesimtun1,68564,921,73156,931,,1,1
2025-11-25T16:48:05.703258Z,mmtc,uesimtun2,73724,1050,80896,1060,,1,1
2025-11-25T16:48:05.952496Z,embb,uesimtun0,69332,938,74224,948,,1,1
2025-11-25T16:48:05.952496Z,urllc,uesimtun1,68816,924,73408,934,,1,1
2025-11-25T16:48:05.952496Z,mmtc,uesimtun2,74060,1054,81232,1064,,1,1
2025-11-25T16:48:06.203338Z,embb,uesimtun0,69500,940,74392,950,,1,1
2025-11-25T16:48:06.203338Z,urllc,uesimtun1,68984,926,73576,936,,1,1
2025-11-25T16:48:06.203338Z,mmtc,uesimtun2,74228,1056,81400,1066,,1,1
2025-11-25T16:48:06.452929Z,embb,uesimtun0,69668,942,74560,952,,1,1
2025-11-25T16:48:06.452929Z,urllc,uesimtun1,69152,928,73744,938,,1,1
2025-11-25T16:48:06.452929Z,mmtc,uesimtun2,74392,1059,81604,1069,,1,1
2025-11-25T16:48:06.702717Z,embb,uesimtun0,69752,943,74644,953,,1,1
2025-11-25T16:48:06.702717Z,urllc,uesimtun1,69236,929,73828,939,,1,1
2025-11-25T16:48:06.702717Z,mmtc,uesimtun2,74556,1062,81808,1072,,1,1
2025-11-25T16:48:06.953036Z,embb,uesimtun0,70044,947,74956,957,,1,1
2025-11-25T16:48:06.953036Z,urllc,uesimtun1,69488,932,74080,942,,1,1
2025-11-25T16:48:06.953036Z,mmtc,uesimtun2,74764,1065,82036,1075,,1,1
2025-11-25T16:48:07.203197Z,embb,uesimtun0,70212,949,75124,959,,1,1
2025-11-25T16:48:07.203197Z,urllc,uesimtun1,69656,934,74248,944,,1,1
2025-11-25T16:48:07.203197Z,mmtc,uesimtun2,74932,1067,82204,1077,,1,1
2025-11-25T16:48:07.453131Z,embb,uesimtun0,70296,950,75208,960,,1,1
2025-11-25T16:48:07.453131Z,urllc,uesimtun1,69824,936,74416,946,,1,1
2025-11-25T16:48:07.453131Z,mmtc,uesimtun2,75016,1068,82288,1078,,1,1
2025-11-25T16:48:07.703162Z,embb,uesimtun0,70380,951,75292,961,,1,1
2025-11-25T16:48:07.703162Z,urllc,uesimtun1,69908,937,74500,947,,1,1
2025-11-25T16:48:07.703162Z,mmtc,uesimtun2,75180,1071,82492,1081,,1,1
2025-11-25T16:48:07.953080Z,embb,uesimtun0,70588,954,75520,964,,1,1
2025-11-25T16:48:07.953080Z,urllc,uesimtun1,70160,940,74752,950,,1,1
2025-11-25T16:48:07.953080Z,mmtc,uesimtun2,75432,1074,82744,1084,,1,1
2025-11-25T16:48:08.203148Z,embb,uesimtun0,70756,956,75688,966,,1,1
2025-11-25T16:48:08.203148Z,urllc,uesimtun1,70244,941,74836,951,,1,1
2025-11-25T16:48:08.203148Z,mmtc,uesimtun2,75600,1076,82912,1086,,1,1
2025-11-25T16:48:08.453322Z,embb,uesimtun0,70924,958,75856,968,,1,1
2025-11-25T16:48:08.453322Z,urllc,uesimtun1,70452,944,75064,954,,1,1
2025-11-25T16:48:08.453322Z,mmtc,uesimtun2,75768,1078,83080,1088,,1,1
2025-11-25T16:48:08.703144Z,embb,uesimtun0,71008,959,75940,969,,1,1
2025-11-25T16:48:08.703144Z,urllc,uesimtun1,70536,945,75148,955,,1,1
2025-11-25T16:48:08.703144Z,mmtc,uesimtun2,75892,1080,83224,1090,,1,1
2025-11-25T16:48:08.953326Z,embb,uesimtun0,71172,962,76144,972,,1,1
2025-11-25T16:48:08.953326Z,urllc,uesimtun1,70620,946,75232,956,,1,1
2025-11-25T16:48:08.953326Z,mmtc,uesimtun2,76144,1083,83476,1093,,1,1
2025-11-25T16:48:09.202900Z,embb,uesimtun0,71340,964,76312,974,,1,1
2025-11-25T16:48:09.202900Z,urllc,uesimtun1,70704,947,75316,957,,1,1
2025-11-25T16:48:09.202900Z,mmtc,uesimtun2,76228,1084,83560,1094,,1,1
2025-11-25T16:48:09.453077Z,embb,uesimtun0,71508,966,76480,976,,1,1
2025-11-25T16:48:09.453077Z,urllc,uesimtun1,70872,949,75484,959,,1,1
2025-11-25T16:48:09.453077Z,mmtc,uesimtun2,76480,1087,83812,1097,,1,1
2025-11-25T16:48:09.702703Z,embb,uesimtun0,71676,968,76648,978,,1,1
2025-11-25T16:48:09.702703Z,urllc,uesimtun1,70956,950,75568,960,,1,1
2025-11-25T16:48:09.702703Z,mmtc,uesimtun2,76644,1090,84016,1100,,1,1
2025-11-25T16:48:09.952786Z,embb,uesimtun0,71924,972,76936,982,,1,1
2025-11-25T16:48:09.952786Z,urllc,uesimtun1,71124,952,75736,962,,1,1
2025-11-25T16:48:09.952786Z,mmtc,uesimtun2,76896,1093,84268,1103,,1,1
2025-11-25T16:48:10.203306Z,embb,uesimtun0,72092,974,77104,984,,1,1
2025-11-25T16:48:10.203306Z,urllc,uesimtun1,71208,953,75820,963,,1,1
2025-11-25T16:48:10.203306Z,mmtc,uesimtun2,76980,1094,84352,1104,,1,1
2025-11-25T16:48:10.452898Z,embb,uesimtun0,72260,976,77272,986,,1,1
2025-11-25T16:48:10.452898Z,urllc,uesimtun1,71376,955,75988,965,,1,1
2025-11-25T16:48:10.452898Z,mmtc,uesimtun2,77148,1096,84520,1106,,1,1
2025-11-25T16:48:10.703368Z,embb,uesimtun0,72428,978,77440,988,,1,1
2025-11-25T16:48:10.703368Z,urllc,uesimtun1,71544,957,76156,967,,1,1
2025-11-25T16:48:10.703368Z,mmtc,uesimtun2,77352,1100,84784,1110,,1,1
2025-11-25T16:48:10.953231Z,embb,uesimtun0,72760,983,77812,993,,1,1
2025-11-25T16:48:10.953231Z,urllc,uesimtun1,71796,960,76408,970,,1,1
2025-11-25T16:48:10.953231Z,mmtc,uesimtun2,77436,1101,84868,1111,,1,1
2025-11-25T16:48:11.203080Z,embb,uesimtun0,72844,984,77896,994,,1,1
2025-11-25T16:48:11.203080Z,urllc,uesimtun1,71964,962,76576,972,,1,1
2025-11-25T16:48:11.203080Z,mmtc,uesimtun2,77520,1102,84952,1112,,1,1
2025-11-25T16:48:11.452789Z,embb,uesimtun0,73012,986,78064,996,,1,1
2025-11-25T16:48:11.452789Z,urllc,uesimtun1,72132,964,76744,974,,1,1
2025-11-25T16:48:11.452789Z,mmtc,uesimtun2,77688,1104,85120,1114,,1,1
2025-11-25T16:48:11.702853Z,embb,uesimtun0,73096,987,78148,997,,1,1
2025-11-25T16:48:11.702853Z,urllc,uesimtun1,72340,967,76972,977,,1,1
2025-11-25T16:48:11.702853Z,mmtc,uesimtun2,77772,1105,85204,1115,,1,1
2025-11-25T16:48:11.952886Z,embb,uesimtun0,73304,990,78376,1000,,1,1
2025-11-25T16:48:11.952886Z,urllc,uesimtun1,72548,970,77200,980,,1,1
2025-11-25T16:48:11.952886Z,mmtc,uesimtun2,77980,1108,85432,1118,,1,1
2025-11-25T16:48:12.203027Z,embb,uesimtun0,73388,991,78460,1001,,1,1
2025-11-25T16:48:12.203027Z,urllc,uesimtun1,72716,972,77368,982,,1,1
2025-11-25T16:48:12.203027Z,mmtc,uesimtun2,78064,1109,85516,1119,,1,1
2025-11-25T16:48:12.453019Z,embb,uesimtun0,73556,993,78628,1003,,1,1
2025-11-25T16:48:12.453019Z,urllc,uesimtun1,72884,974,77536,984,,1,1
2025-11-25T16:48:12.453019Z,mmtc,uesimtun2,78232,1111,85684,1121,,1,1
2025-11-25T16:48:12.702952Z,embb,uesimtun0,73640,994,78712,1004,,1,1
2025-11-25T16:48:12.702952Z,urllc,uesimtun1,73008,976,77680,986,,1,1
2025-11-25T16:48:12.702952Z,mmtc,uesimtun2,78480,1115,85972,1125,,1,1
2025-11-25T16:48:12.952921Z,embb,uesimtun0,73848,997,78940,1007,,1,1
2025-11-25T16:48:12.952921Z,urllc,uesimtun1,73176,978,77848,988,,1,1
2025-11-25T16:48:12.952921Z,mmtc,uesimtun2,78732,1118,86224,1128,,1,1
2025-11-25T16:48:13.202887Z,embb,uesimtun0,73932,998,79024,1008,,1,1
2025-11-25T16:48:13.202887Z,urllc,uesimtun1,73344,980,78016,990,,1,1
2025-11-25T16:48:13.202887Z,mmtc,uesimtun2,78900,1120,86392,1130,,1,1
2025-11-25T16:48:13.452699Z,embb,uesimtun0,74100,1000,79192,1010,,1,1
2025-11-25T16:48:13.452699Z,urllc,uesimtun1,73552,983,78244,993,,1,1
2025-11-25T16:48:13.452699Z,mmtc,uesimtun2,79068,1122,86560,1132,,1,1
2025-11-25T16:48:13.702935Z,embb,uesimtun0,74268,1002,79360,1012,,1,1
2025-11-25T16:48:13.702935Z,urllc,uesimtun1,73676,985,78388,995,,1,1
2025-11-25T16:48:13.702935Z,mmtc,uesimtun2,79276,1125,86788,1135,,1,1
2025-11-25T16:48:13.953201Z,embb,uesimtun0,74560,1006,79672,1016,,1,1
2025-11-25T16:48:13.953201Z,urllc,uesimtun1,73844,987,78556,997,,1,1
2025-11-25T16:48:13.953201Z,mmtc,uesimtun2,79444,1127,86956,1137,,1,1
2025-11-25T16:48:14.203373Z,embb,uesimtun0,74644,1007,79756,1017,,1,1
2025-11-25T16:48:14.203373Z,urllc,uesimtun1,73928,988,78640,998,,1,1
2025-11-25T16:48:14.203373Z,mmtc,uesimtun2,79612,1129,87124,1139,,1,1
2025-11-25T16:48:14.452509Z,embb,uesimtun0,74812,1009,79924,1019,,1,1
2025-11-25T16:48:14.452509Z,urllc,uesimtun1,74096,990,78808,1000,,1,1
2025-11-25T16:48:14.452509Z,mmtc,uesimtun2,79820,1132,87352,1142,,1,1
2025-11-25T16:48:14.702841Z,embb,uesimtun0,74980,1011,80092,1021,,1,1
2025-11-25T16:48:14.702841Z,urllc,uesimtun1,74264,992,78976,1002,,1,1
2025-11-25T16:48:14.702841Z,mmtc,uesimtun2,80024,1136,87616,1146,,1,1
2025-11-25T16:48:14.952966Z,embb,uesimtun0,75232,1014,80344,1024,,1,1
2025-11-25T16:48:14.952966Z,urllc,uesimtun1,74516,995,79228,1005,,1,1
2025-11-25T16:48:14.952966Z,mmtc,uesimtun2,80192,1138,87784,1148,,1,1
2025-11-25T16:48:15.203552Z,embb,uesimtun0,75400,1016,80512,1026,,1,1
2025-11-25T16:48:15.203552Z,urllc,uesimtun1,74600,996,79312,1006,,1,1
2025-11-25T16:48:15.203552Z,mmtc,uesimtun2,80360,1140,87952,1150,,1,1
2025-11-25T16:48:15.452675Z,embb,uesimtun0,75568,1018,80680,1028,,1,1
2025-11-25T16:48:15.452675Z,urllc,uesimtun1,74768,998,79480,1008,,1,1
2025-11-25T16:48:15.452675Z,mmtc,uesimtun2,80528,1142,88120,1152,,1,1
2025-11-25T16:48:15.703037Z,embb,uesimtun0,75652,1019,80764,1029,,1,1
2025-11-25T16:48:15.703037Z,urllc,uesimtun1,74936,1000,79648,1010,,1,1
2025-11-25T16:48:15.703037Z,mmtc,uesimtun2,80612,1143,88204,1153,,1,1
2025-11-25T16:48:15.979973Z,embb,uesimtun0,75776,1021,80908,1031,,1,1
2025-11-25T16:48:15.979973Z,urllc,uesimtun1,75104,1002,79816,1012,,1,1
2025-11-25T16:48:15.979973Z,mmtc,uesimtun2,80780,1145,88372,1155,,1,1
2025-11-25T16:48:16.203512Z,embb,uesimtun0,75944,1023,81076,1033,,1,1
2025-11-25T16:48:16.203512Z,urllc,uesimtun1,75188,1003,79900,1013,,1,1
2025-11-25T16:48:16.203512Z,mmtc,uesimtun2,80864,1146,88456,1156,,1,1
2025-11-25T16:48:16.453087Z,embb,uesimtun0,76028,1024,81160,1034,,1,1
2025-11-25T16:48:16.453087Z,urllc,uesimtun1,75352,1006,80104,1016,,1,1
2025-11-25T16:48:16.453087Z,mmtc,uesimtun2,81032,1148,88624,1158,,1,1
2025-11-25T16:48:16.703250Z,embb,uesimtun0,76196,1026,81328,1036,,1,1
2025-11-25T16:48:16.703250Z,urllc,uesimtun1,75520,1008,80272,1018,,1,1
2025-11-25T16:48:16.703250Z,mmtc,uesimtun2,81360,1154,89032,1164,,1,1
2025-11-25T16:48:16.953185Z,embb,uesimtun0,76320,1028,81472,1038,,1,1
2025-11-25T16:48:16.953185Z,urllc,uesimtun1,75688,1010,80440,1020,,1,1
2025-11-25T16:48:16.953185Z,mmtc,uesimtun2,81612,1157,89284,1167,,1,1
2025-11-25T16:48:17.203498Z,embb,uesimtun0,76488,1030,81640,1040,,1,1
2025-11-25T16:48:17.203498Z,urllc,uesimtun1,75772,1011,80524,1021,,1,1
2025-11-25T16:48:17.203498Z,mmtc,uesimtun2,81696,1158,89368,1168,,1,1
2025-11-25T16:48:17.453386Z,embb,uesimtun0,76572,1031,81724,1041,,1,1
2025-11-25T16:48:17.453386Z,urllc,uesimtun1,75896,1013,80668,1023,,1,1
2025-11-25T16:48:17.453386Z,mmtc,uesimtun2,81780,1159,89452,1169,,1,1
2025-11-25T16:48:17.703005Z,embb,uesimtun0,76824,1034,81976,1044,,1,1
2025-11-25T16:48:17.703005Z,urllc,uesimtun1,76064,1015,80836,1025,,1,1
2025-11-25T16:48:17.703005Z,mmtc,uesimtun2,82112,1164,89824,1174,,1,1
2025-11-25T16:48:17.952880Z,embb,uesimtun0,77112,1039,82324,1049,,1,1
2025-11-25T16:48:17.952880Z,urllc,uesimtun1,76232,1017,81004,1027,,1,1
2025-11-25T16:48:17.952880Z,mmtc,uesimtun2,82280,1166,89992,1176,,1,1
2025-11-25T16:48:18.202799Z,embb,uesimtun0,77280,1041,82492,1051,,1,1
2025-11-25T16:48:18.202799Z,urllc,uesimtun1,76400,1019,81172,1029,,1,1
2025-11-25T16:48:18.202799Z,mmtc,uesimtun2,82364,1167,90076,1177,,1,1
2025-11-25T16:48:18.452991Z,embb,uesimtun0,77364,1042,82576,1052,,1,1
2025-11-25T16:48:18.452991Z,urllc,uesimtun1,76564,1022,81376,1032,,1,1
2025-11-25T16:48:18.452991Z,mmtc,uesimtun2,82488,1169,90220,1179,,1,1
2025-11-25T16:48:18.703373Z,embb,uesimtun0,77616,1045,82828,1055,,1,1
2025-11-25T16:48:18.703373Z,urllc,uesimtun1,76856,1026,81688,1036,,1,1
2025-11-25T16:48:18.703373Z,mmtc,uesimtun2,82656,1171,90388,1181,,1,1
2025-11-25T16:48:18.980120Z,embb,uesimtun0,77864,1049,83116,1059,,1,1
2025-11-25T16:48:18.980120Z,urllc,uesimtun1,77024,1028,81856,1038,,1,1
2025-11-25T16:48:18.980120Z,mmtc,uesimtun2,82824,1173,90556,1183,,1,1
2025-11-25T16:48:19.203048Z,embb,uesimtun0,78032,1051,83284,1061,,1,1
2025-11-25T16:48:19.203048Z,urllc,uesimtun1,77192,1030,82024,1040,,1,1
2025-11-25T16:48:19.203048Z,mmtc,uesimtun2,82908,1174,90640,1184,,1,1
2025-11-25T16:48:19.452779Z,embb,uesimtun0,78116,1052,83368,1062,,1,1
2025-11-25T16:48:19.452779Z,urllc,uesimtun1,77276,1031,82108,1041,,1,1
2025-11-25T16:48:19.452779Z,mmtc,uesimtun2,82992,1175,90724,1185,,1,1
2025-11-25T16:48:19.703290Z,embb,uesimtun0,78284,1054,83536,1064,,1,1
2025-11-25T16:48:19.703290Z,urllc,uesimtun1,77568,1035,82420,1045,,1,1
2025-11-25T16:48:19.703290Z,mmtc,uesimtun2,83200,1178,90952,1188,,1,1
2025-11-25T16:48:19.953437Z,embb,uesimtun0,78448,1057,83740,1067,,1,1
2025-11-25T16:48:19.953437Z,urllc,uesimtun1,77736,1037,82588,1047,,1,1
2025-11-25T16:48:19.953437Z,mmtc,uesimtun2,83368,1180,91120,1190,,1,1
2025-11-25T16:48:20.202885Z,embb,uesimtun0,78616,1059,83908,1069,,1,1
2025-11-25T16:48:20.202885Z,urllc,uesimtun1,77988,1040,82840,1050,,1,1
2025-11-25T16:48:20.202885Z,mmtc,uesimtun2,83536,1182,91288,1192,,1,1
2025-11-25T16:48:20.452934Z,embb,uesimtun0,78700,1060,83992,1070,,1,1
2025-11-25T16:48:20.452934Z,urllc,uesimtun1,78072,1041,82924,1051,,1,1
2025-11-25T16:48:20.452934Z,mmtc,uesimtun2,83620,1183,91372,1193,,1,1
2025-11-25T16:48:20.703098Z,embb,uesimtun0,78868,1062,84160,1072,,1,1
2025-11-25T16:48:20.703098Z,urllc,uesimtun1,78240,1043,83092,1053,,1,1
2025-11-25T16:48:20.703098Z,mmtc,uesimtun2,83992,1189,91804,1199,,1,1
2025-11-25T16:48:20.974600Z,embb,uesimtun0,79116,1066,84448,1076,,1,1
2025-11-25T16:48:20.974600Z,urllc,uesimtun1,78324,1044,83176,1054,,1,1
2025-11-25T16:48:20.974600Z,mmtc,uesimtun2,84160,1191,91972,1201,,1,1
2025-11-25T16:48:21.202754Z,embb,uesimtun0,79200,1067,84532,1077,,1,1
2025-11-25T16:48:21.202754Z,urllc,uesimtun1,78492,1046,83344,1056,,1,1
2025-11-25T16:48:21.202754Z,mmtc,uesimtun2,84328,1193,92140,1203,,1,1
2025-11-25T16:48:21.452709Z,embb,uesimtun0,79284,1068,84616,1078,,1,1
2025-11-25T16:48:21.452709Z,urllc,uesimtun1,78616,1048,83488,1058,,1,1
2025-11-25T16:48:21.452709Z,mmtc,uesimtun2,84452,1195,92284,1205,,1,1
2025-11-25T16:48:21.702946Z,embb,uesimtun0,79536,1071,84868,1081,,1,1
2025-11-25T16:48:21.702946Z,urllc,uesimtun1,78784,1050,83656,1060,,1,1
2025-11-25T16:48:21.702946Z,mmtc,uesimtun2,84744,1199,92596,1209,,1,1
2025-11-25T16:48:21.979998Z,embb,uesimtun0,79868,1076,85240,1086,,1,1
2025-11-25T16:48:21.979998Z,urllc,uesimtun1,78868,1051,83740,1061,,1,1
2025-11-25T16:48:21.979998Z,mmtc,uesimtun2,84912,1201,92764,1211,,1,1
2025-11-25T16:48:22.203095Z,embb,uesimtun0,80036,1078,85408,1088,,1,1
2025-11-25T16:48:22.203095Z,urllc,uesimtun1,79076,1054,83968,1064,,1,1
2025-11-25T16:48:22.203095Z,mmtc,uesimtun2,85164,1204,93016,1214,,1,1
2025-11-25T16:48:22.453293Z,embb,uesimtun0,80120,1079,85492,1089,,1,1
2025-11-25T16:48:22.453293Z,urllc,uesimtun1,79160,1055,84052,1065,,1,1
2025-11-25T16:48:22.453293Z,mmtc,uesimtun2,85248,1205,93100,1215,,1,1
2025-11-25T16:48:22.703284Z,embb,uesimtun0,80372,1082,85744,1092,,1,1
2025-11-25T16:48:22.703284Z,urllc,uesimtun1,79452,1059,84364,1069,,1,1
2025-11-25T16:48:22.703284Z,mmtc,uesimtun2,85456,1208,93328,1218,,1,1
2025-11-25T16:48:22.953248Z,embb,uesimtun0,80620,1086,86032,1096,,1,1
2025-11-25T16:48:22.953248Z,urllc,uesimtun1,79620,1061,84532,1071,,1,1
2025-11-25T16:48:22.953248Z,mmtc,uesimtun2,85540,1209,93412,1219,,1,1
2025-11-25T16:48:23.203016Z,embb,uesimtun0,80788,1088,86200,1098,,1,1
2025-11-25T16:48:23.203016Z,urllc,uesimtun1,79704,1062,84616,1072,,1,1
2025-11-25T16:48:23.203016Z,mmtc,uesimtun2,85708,1211,93580,1221,,1,1
2025-11-25T16:48:23.453032Z,embb,uesimtun0,80872,1089,86284,1099,,1,1
2025-11-25T16:48:23.453032Z,urllc,uesimtun1,79828,1064,84760,1074,,1,1
2025-11-25T16:48:23.453032Z,mmtc,uesimtun2,85792,1212,93664,1222,,1,1
2025-11-25T16:48:23.702840Z,embb,uesimtun0,81040,1091,86452,1101,,1,1
2025-11-25T16:48:23.702840Z,urllc,uesimtun1,80080,1067,85012,1077,,1,1
2025-11-25T16:48:23.702840Z,mmtc,uesimtun2,85960,1214,93832,1224,,1,1
2025-11-25T16:48:23.980223Z,embb,uesimtun0,81164,1093,86596,1103,,1,1
2025-11-25T16:48:23.980223Z,urllc,uesimtun1,80332,1070,85264,1080,,1,1
2025-11-25T16:48:23.980223Z,mmtc,uesimtun2,86084,1216,93976,1226,,1,1
2025-11-25T16:48:24.203489Z,embb,uesimtun0,81332,1095,86764,1105,,1,1
2025-11-25T16:48:24.203489Z,urllc,uesimtun1,80416,1071,85348,1081,,1,1
2025-11-25T16:48:24.203489Z,mmtc,uesimtun2,86252,1218,94144,1228,,1,1
2025-11-25T16:48:24.453076Z,embb,uesimtun0,81416,1096,86848,1106,,1,1
2025-11-25T16:48:24.453076Z,urllc,uesimtun1,80500,1072,85432,1082,,1,1
2025-11-25T16:48:24.453076Z,mmtc,uesimtun2,86336,1219,94228,1229,,1,1
2025-11-25T16:48:24.702490Z,embb,uesimtun0,81584,1098,87016,1108,,1,1
2025-11-25T16:48:24.702490Z,urllc,uesimtun1,80668,1074,85600,1084,,1,1
2025-11-25T16:48:24.702490Z,mmtc,uesimtun2,86748,1226,94720,1236,,1,1
2025-11-25T16:48:24.953688Z,embb,uesimtun0,81708,1100,87160,1110,,1,1
2025-11-25T16:48:24.953688Z,urllc,uesimtun1,80876,1077,85828,1087,,1,1
2025-11-25T16:48:24.953688Z,mmtc,uesimtun2,86996,1230,95008,1240,,1,1
2025-11-25T16:48:25.202500Z,embb,uesimtun0,81876,1102,87328,1112,,1,1
2025-11-25T16:48:25.202500Z,urllc,uesimtun1,81044,1079,85996,1089,,1,1
2025-11-25T16:48:25.202500Z,mmtc,uesimtun2,87080,1231,95092,1241,,1,1
2025-11-25T16:48:25.452734Z,embb,uesimtun0,81960,1103,87412,1113,,1,1
2025-11-25T16:48:25.452734Z,urllc,uesimtun1,81128,1080,86080,1090,,1,1
2025-11-25T16:48:25.452734Z,mmtc,uesimtun2,87204,1233,95236,1243,,1,1
2025-11-25T16:48:25.703351Z,embb,uesimtun0,82212,1106,87664,1116,,1,1
2025-11-25T16:48:25.703351Z,urllc,uesimtun1,81296,1082,86248,1092,,1,1
2025-11-25T16:48:25.703351Z,mmtc,uesimtun2,87536,1238,95608,1248,,1,1
2025-11-25T16:48:25.952759Z,embb,uesimtun0,82336,1108,87808,1118,,1,1
2025-11-25T16:48:25.952759Z,urllc,uesimtun1,81380,1083,86332,1093,,1,1
2025-11-25T16:48:25.952759Z,mmtc,uesimtun2,87788,1241,95860,1251,,1,1
2025-11-25T16:48:26.202995Z,embb,uesimtun0,82588,1111,88060,1121,,1,1
2025-11-25T16:48:26.202995Z,urllc,uesimtun1,81548,1085,86500,1095,,1,1
2025-11-25T16:48:26.202995Z,mmtc,uesimtun2,87872,1242,95944,1252,,1,1
2025-11-25T16:48:26.453568Z,embb,uesimtun0,82672,1112,88144,1122,,1,1
2025-11-25T16:48:26.453568Z,urllc,uesimtun1,81632,1086,86584,1096,,1,1
2025-11-25T16:48:26.453568Z,mmtc,uesimtun2,87956,1243,96028,1253,,1,1
2025-11-25T16:48:26.702814Z,embb,uesimtun0,82924,1115,88396,1125,,1,1
2025-11-25T16:48:26.702814Z,urllc,uesimtun1,81924,1090,86896,1100,,1,1
2025-11-25T16:48:26.702814Z,mmtc,uesimtun2,88284,1249,96436,1259,,1,1
2025-11-25T16:48:26.952885Z,embb,uesimtun0,83048,1117,88540,1127,,1,1
2025-11-25T16:48:26.952885Z,urllc,uesimtun1,82008,1091,86980,1101,,1,1
2025-11-25T16:48:26.952885Z,mmtc,uesimtun2,88452,1251,96604,1261,,1,1
2025-11-25T16:48:27.202961Z,embb,uesimtun0,83300,1120,88792,1130,,1,1
2025-11-25T16:48:27.202961Z,urllc,uesimtun1,82344,1095,87316,1105,,1,1
2025-11-25T16:48:27.202961Z,mmtc,uesimtun2,88620,1253,96772,1263,,1,1
2025-11-25T16:48:27.452927Z,embb,uesimtun0,83384,1121,88876,1131,,1,1
2025-11-25T16:48:27.452927Z,urllc,uesimtun1,82468,1097,87460,1107,,1,1
2025-11-25T16:48:27.452927Z,mmtc,uesimtun2,88704,1254,96856,1264,,1,1
2025-11-25T16:48:27.702808Z,embb,uesimtun0,83552,1123,89044,1133,,1,1
2025-11-25T16:48:27.702808Z,urllc,uesimtun1,82760,1101,87772,1111,,1,1
2025-11-25T16:48:27.702808Z,mmtc,uesimtun2,88872,1256,97024,1266,,1,1
2025-11-25T16:48:27.952452Z,embb,uesimtun0,83800,1127,89332,1137,,1,1
2025-11-25T16:48:27.952452Z,urllc,uesimtun1,82928,1103,87940,1113,,1,1
2025-11-25T16:48:27.952452Z,mmtc,uesimtun2,88956,1257,97108,1267,,1,1
2025-11-25T16:48:28.202990Z,embb,uesimtun0,83884,1128,89416,1138,,1,1
2025-11-25T16:48:28.202990Z,urllc,uesimtun1,83096,1105,88108,1115,,1,1
2025-11-25T16:48:28.202990Z,mmtc,uesimtun2,89124,1259,97276,1269,,1,1
2025-11-25T16:48:28.453430Z,embb,uesimtun0,83968,1129,89500,1139,,1,1
2025-11-25T16:48:28.453430Z,urllc,uesimtun1,83180,1106,88252,1117,,1,1
2025-11-25T16:48:28.453430Z,mmtc,uesimtun2,89292,1261,97444,1271,,1,1
2025-11-25T16:48:28.705913Z,embb,uesimtun0,84136,1131,89668,1141,,1,1
2025-11-25T16:48:28.705913Z,urllc,uesimtun1,83428,1110,88480,1120,,1,1
2025-11-25T16:48:28.705913Z,mmtc,uesimtun2,89540,1265,97732,1275,,1,1
2025-11-25T16:48:28.952737Z,embb,uesimtun0,84384,1135,89956,1145,,1,1
2025-11-25T16:48:28.952737Z,urllc,uesimtun1,83512,1111,88564,1121,,1,1
2025-11-25T16:48:28.952737Z,mmtc,uesimtun2,89624,1266,97816,1276,,1,1
2025-11-25T16:48:29.202865Z,embb,uesimtun0,84552,1137,90124,1147,,1,1
2025-11-25T16:48:29.202865Z,urllc,uesimtun1,83680,1113,88732,1123,,1,1
2025-11-25T16:48:29.202865Z,mmtc,uesimtun2,89960,1270,98152,1280,,1,1
2025-11-25T16:48:29.452992Z,embb,uesimtun0,84636,1138,90208,1148,,1,1
2025-11-25T16:48:29.452992Z,urllc,uesimtun1,83764,1114,88816,1124,,1,1
2025-11-25T16:48:29.452992Z,mmtc,uesimtun2,90044,1271,98236,1281,,1,1
2025-11-25T16:48:29.702940Z,embb,uesimtun0,84888,1141,90460,1151,,1,1
2025-11-25T16:48:29.702940Z,urllc,uesimtun1,83932,1116,88984,1126,,1,1
2025-11-25T16:48:29.702940Z,mmtc,uesimtun2,90376,1276,98608,1286,,1,1
2025-11-25T16:48:29.954796Z,embb,uesimtun0,85012,1143,90664,1154,,1,1
2025-11-25T16:48:29.954796Z,urllc,uesimtun1,84056,1118,89128,1128,,1,1
2025-11-25T16:48:29.954796Z,mmtc,uesimtun2,90500,1278,98752,1288,,1,1
2025-11-25T16:48:30.203226Z,embb,uesimtun0,85304,1147,90916,1157,,1,1
2025-11-25T16:48:30.203226Z,urllc,uesimtun1,84180,1120,89272,1130,,1,1
2025-11-25T16:48:30.203226Z,mmtc,uesimtun2,90752,1281,99004,1291,,1,1
2025-11-25T16:48:30.452962Z,embb,uesimtun0,85388,1148,91000,1158,,1,1
2025-11-25T16:48:30.452962Z,urllc,uesimtun1,84344,1123,89476,1133,,1,1
2025-11-25T16:48:30.452962Z,mmtc,uesimtun2,90876,1283,99148,1293,,1,1
2025-11-25T16:48:30.703170Z,embb,uesimtun0,85640,1151,91252,1161,,1,1
2025-11-25T16:48:30.703170Z,urllc,uesimtun1,84596,1126,89728,1136,,1,1
2025-11-25T16:48:30.703170Z,mmtc,uesimtun2,91084,1286,99376,1296,,1,1
2025-11-25T16:48:30.953198Z,embb,uesimtun0,85764,1153,91396,1163,,1,1
2025-11-25T16:48:30.953198Z,urllc,uesimtun1,84764,1128,89896,1138,,1,1
2025-11-25T16:48:30.953198Z,mmtc,uesimtun2,91168,1287,99460,1297,,1,1
2025-11-25T16:48:31.202975Z,embb,uesimtun0,86056,1157,91708,1167,,1,1
2025-11-25T16:48:31.202975Z,urllc,uesimtun1,84932,1130,90064,1140,,1,1
2025-11-25T16:48:31.202975Z,mmtc,uesimtun2,91336,1289,99628,1299,,1,1
2025-11-25T16:48:31.452864Z,embb,uesimtun0,86140,1158,91792,1168,,1,1
2025-11-25T16:48:31.452864Z,urllc,uesimtun1,85056,1132,90208,1142,,1,1
2025-11-25T16:48:31.452864Z,mmtc,uesimtun2,91420,1290,99712,1300,,1,1
2025-11-25T16:48:31.702931Z,embb,uesimtun0,86308,1160,91960,1170,,1,1
2025-11-25T16:48:31.702931Z,urllc,uesimtun1,85308,1135,90460,1145,,1,1
2025-11-25T16:48:31.702931Z,mmtc,uesimtun2,91628,1293,99940,1303,,1,1
2025-11-25T16:48:31.980303Z,embb,uesimtun0,86432,1162,92104,1172,,1,1
2025-11-25T16:48:31.980303Z,urllc,uesimtun1,85476,1137,90628,1147,,1,1
2025-11-25T16:48:31.980303Z,mmtc,uesimtun2,91712,1294,100024,1304,,1,1
2025-11-25T16:48:32.202782Z,embb,uesimtun0,86640,1165,92332,1175,,1,1
2025-11-25T16:48:32.202782Z,urllc,uesimtun1,85728,1140,90880,1150,,1,1
2025-11-25T16:48:32.202782Z,mmtc,uesimtun2,91796,1295,100108,1305,,1,1
2025-11-25T16:48:32.452791Z,embb,uesimtun0,86724,1166,92416,1176,,1,1
2025-11-25T16:48:32.452791Z,urllc,uesimtun1,85812,1141,90964,1151,,1,1
2025-11-25T16:48:32.452791Z,mmtc,uesimtun2,91880,1296,100192,1306,,1,1
2025-11-25T16:48:32.703007Z,embb,uesimtun0,86892,1168,92584,1178,,1,1
2025-11-25T16:48:32.703007Z,urllc,uesimtun1,85980,1143,91132,1153,,1,1
2025-11-25T16:48:32.703007Z,mmtc,uesimtun2,92132,1299,100444,1309,,1,1
2025-11-25T16:48:32.952728Z,embb,uesimtun0,87016,1170,92728,1180,,1,1
2025-11-25T16:48:32.952728Z,urllc,uesimtun1,86064,1144,91216,1154,,1,1
2025-11-25T16:48:32.952728Z,mmtc,uesimtun2,92300,1301,100612,1311,,1,1
2025-11-25T16:48:33.202875Z,embb,uesimtun0,87224,1173,92956,1183,,1,1
2025-11-25T16:48:33.202875Z,urllc,uesimtun1,86232,1146,91384,1156,,1,1
2025-11-25T16:48:33.202875Z,mmtc,uesimtun2,92468,1303,100780,1313,,1,1
2025-11-25T16:48:33.452852Z,embb,uesimtun0,87308,1174,93040,1184,,1,1
2025-11-25T16:48:33.452852Z,urllc,uesimtun1,86316,1147,91468,1157,,1,1
2025-11-25T16:48:33.452852Z,mmtc,uesimtun2,92552,1304,100864,1314,,1,1
2025-11-25T16:48:33.702774Z,embb,uesimtun0,87560,1177,93292,1187,,1,1
2025-11-25T16:48:33.702774Z,urllc,uesimtun1,86484,1149,91636,1159,,1,1
2025-11-25T16:48:33.702774Z,mmtc,uesimtun2,92804,1307,101116,1317,,1,1
2025-11-25T16:48:33.952764Z,embb,uesimtun0,87644,1178,93376,1188,,1,1
2025-11-25T16:48:33.952764Z,urllc,uesimtun1,86568,1150,91720,1160,,1,1
2025-11-25T16:48:33.952764Z,mmtc,uesimtun2,92972,1309,101284,1319,,1,1
2025-11-25T16:48:34.203207Z,embb,uesimtun0,87896,1181,93628,1191,,1,1
2025-11-25T16:48:34.203207Z,urllc,uesimtun1,86820,1153,91972,1163,,1,1
2025-11-25T16:48:34.203207Z,mmtc,uesimtun2,93224,1312,101536,1322,,1,1
2025-11-25T16:48:34.452927Z,embb,uesimtun0,87980,1182,93712,1192,,1,1
2025-11-25T16:48:34.452927Z,urllc,uesimtun1,86904,1154,92056,1164,,1,1
2025-11-25T16:48:34.452927Z,mmtc,uesimtun2,93308,1313,101620,1323,,1,1
2025-11-25T16:48:34.702873Z,embb,uesimtun0,88148,1184,93880,1194,,1,1
2025-11-25T16:48:34.702873Z,urllc,uesimtun1,87072,1156,92224,1166,,1,1
2025-11-25T16:48:34.702873Z,mmtc,uesimtun2,93476,1315,101788,1325,,1,1
2025-11-25T16:48:34.952878Z,embb,uesimtun0,88400,1187,94132,1197,,1,1
2025-11-25T16:48:34.952878Z,urllc,uesimtun1,87240,1158,92392,1168,,1,1
2025-11-25T16:48:34.952878Z,mmtc,uesimtun2,93560,1316,101872,1326,,1,1
2025-11-25T16:48:35.202766Z,embb,uesimtun0,88568,1189,94300,1199,,1,1
2025-11-25T16:48:35.202766Z,urllc,uesimtun1,87532,1162,92704,1172,,1,1
2025-11-25T16:48:35.202766Z,mmtc,uesimtun2,93728,1318,102040,1328,,1,1
2025-11-25T16:48:35.453345Z,embb,uesimtun0,88652,1190,94384,1200,,1,1
2025-11-25T16:48:35.453345Z,urllc,uesimtun1,87616,1163,92788,1173,,1,1
2025-11-25T16:48:35.453345Z,mmtc,uesimtun2,93812,1319,102124,1329,,1,1
2025-11-25T16:48:35.702485Z,embb,uesimtun0,88736,1191,94468,1201,,1,1
2025-11-25T16:48:35.702485Z,urllc,uesimtun1,87784,1165,92956,1175,,1,1
2025-11-25T16:48:35.702485Z,mmtc,uesimtun2,94056,1324,102448,1334,,1,1
2025-11-25T16:48:35.953233Z,embb,uesimtun0,88904,1193,94720,1204,,1,1
2025-11-25T16:48:35.953233Z,urllc,uesimtun1,87952,1167,93124,1177,,1,1
2025-11-25T16:48:35.953233Z,mmtc,uesimtun2,94304,1328,102736,1338,,1,1
2025-11-25T16:48:36.202950Z,embb,uesimtun0,89196,1197,94948,1207,,1,1
2025-11-25T16:48:36.202950Z,urllc,uesimtun1,88204,1170,93376,1180,,1,1
2025-11-25T16:48:36.202950Z,mmtc,uesimtun2,94556,1331,102988,1341,,1,1
2025-11-25T16:48:36.453005Z,embb,uesimtun0,89280,1198,95032,1208,,1,1
2025-11-25T16:48:36.453005Z,urllc,uesimtun1,88288,1171,93460,1181,,1,1
2025-11-25T16:48:36.453005Z,mmtc,uesimtun2,94640,1332,103072,1342,,1,1
2025-11-25T16:48:36.703534Z,embb,uesimtun0,89364,1199,95116,1209,,1,1
2025-11-25T16:48:36.703534Z,urllc,uesimtun1,88412,1173,93604,1183,,1,1
2025-11-25T16:48:36.703534Z,mmtc,uesimtun2,94808,1334,103240,1344,,1,1
2025-11-25T16:48:37.101403Z,embb,uesimtun0,89616,1202,95368,1212,,1,1
2025-11-25T16:48:37.101403Z,urllc,uesimtun1,88580,1175,93772,1185,,1,1
2025-11-25T16:48:37.101403Z,mmtc,uesimtun2,95100,1338,103552,1348,,1,1
2025-11-25T16:48:37.202533Z,embb,uesimtun0,89740,1204,95512,1214,,1,1
2025-11-25T16:48:37.202533Z,urllc,uesimtun1,88664,1176,93856,1186,,1,1
2025-11-25T16:48:37.202533Z,mmtc,uesimtun2,95268,1340,103720,1350,,1,1
2025-11-25T16:48:37.453037Z,embb,uesimtun0,89824,1205,95596,1215,,1,1
2025-11-25T16:48:37.453037Z,urllc,uesimtun1,88828,1179,94060,1189,,1,1
2025-11-25T16:48:37.453037Z,mmtc,uesimtun2,95352,1341,103804,1351,,1,1
2025-11-25T16:48:37.702963Z,embb,uesimtun0,89992,1207,95764,1217,,1,1
2025-11-25T16:48:37.702963Z,urllc,uesimtun1,88912,1180,94144,1190,,1,1
2025-11-25T16:48:37.702963Z,mmtc,uesimtun2,95600,1345,104092,1355,,1,1
2025-11-25T16:48:37.952967Z,embb,uesimtun0,90160,1209,95992,1220,,1,1
2025-11-25T16:48:37.952967Z,urllc,uesimtun1,89080,1182,94312,1192,,1,1
2025-11-25T16:48:37.952967Z,mmtc,uesimtun2,95768,1347,104260,1357,,1,1
2025-11-25T16:48:38.202993Z,embb,uesimtun0,90492,1214,96304,1224,,1,1
2025-11-25T16:48:38.202993Z,urllc,uesimtun1,89288,1185,94540,1195,,1,1
2025-11-25T16:48:38.202993Z,mmtc,uesimtun2,96020,1350,104512,1360,,1,1
2025-11-25T16:48:38.452806Z,embb,uesimtun0,90576,1215,96388,1225,,1,1
2025-11-25T16:48:38.452806Z,urllc,uesimtun1,89452,1188,94744,1198,,1,1
2025-11-25T16:48:38.452806Z,mmtc,uesimtun2,96104,1351,104596,1361,,1,1
2025-11-25T16:48:38.702714Z,embb,uesimtun0,90744,1217,96556,1227,,1,1
2025-11-25T16:48:38.702714Z,urllc,uesimtun1,89660,1191,94972,1201,,1,1
2025-11-25T16:48:38.702714Z,mmtc,uesimtun2,96428,1358,105040,1368,,1,1
2025-11-25T16:48:39.020072Z,embb,uesimtun0,90912,1219,96724,1229,,1,1
2025-11-25T16:48:39.020072Z,urllc,uesimtun1,89828,1193,95140,1203,,1,1
2025-11-25T16:48:39.020072Z,mmtc,uesimtun2,96676,1362,105328,1372,,1,1
2025-11-25T16:48:39.203125Z,embb,uesimtun0,91160,1223,97012,1233,,1,1
2025-11-25T16:48:39.203125Z,urllc,uesimtun1,90164,1197,95476,1207,,1,1
2025-11-25T16:48:39.203125Z,mmtc,uesimtun2,96760,1363,105412,1373,,1,1
2025-11-25T16:48:39.453033Z,embb,uesimtun0,91328,1225,97180,1235,,1,1
2025-11-25T16:48:39.453033Z,urllc,uesimtun1,90248,1198,95560,1208,,1,1
2025-11-25T16:48:39.453033Z,mmtc,uesimtun2,96844,1364,105496,1374,,1,1
2025-11-25T16:48:39.703016Z,embb,uesimtun0,91412,1226,97264,1236,,1,1
2025-11-25T16:48:39.703016Z,urllc,uesimtun1,90616,1205,96028,1215,,1,1
2025-11-25T16:48:39.703016Z,mmtc,uesimtun2,96928,1365,105580,1375,,1,1
2025-11-25T16:48:39.953643Z,embb,uesimtun0,91580,1228,97432,1238,,1,1
2025-11-25T16:48:39.953643Z,urllc,uesimtun1,90824,1208,96256,1218,,1,1
2025-11-25T16:48:39.953643Z,mmtc,uesimtun2,97096,1367,105748,1377,,1,1
2025-11-25T16:48:40.203611Z,embb,uesimtun0,91704,1230,97636,1241,,1,1
2025-11-25T16:48:40.203611Z,urllc,uesimtun1,91076,1211,96508,1221,,1,1
2025-11-25T16:48:40.203611Z,mmtc,uesimtun2,97264,1369,105916,1379,,1,1
2025-11-25T16:48:40.453340Z,embb,uesimtun0,91912,1233,97804,1243,,1,1
2025-11-25T16:48:40.453340Z,urllc,uesimtun1,91160,1212,96592,1222,,1,1
2025-11-25T16:48:40.453340Z,mmtc,uesimtun2,97348,1370,106000,1380,,1,1
2025-11-25T16:48:40.703646Z,embb,uesimtun0,91996,1234,97888,1244,,1,1
2025-11-25T16:48:40.703646Z,urllc,uesimtun1,91244,1213,96676,1223,,1,1
2025-11-25T16:48:40.703646Z,mmtc,uesimtun2,97596,1374,106288,1384,,1,1
2025-11-25T16:48:40.977077Z,embb,uesimtun0,92164,1236,98056,1246,,1,1
2025-11-25T16:48:40.977077Z,urllc,uesimtun1,91412,1215,96844,1225,,1,1
2025-11-25T16:48:40.977077Z,mmtc,uesimtun2,97764,1376,106456,1386,,1,1
2025-11-25T16:48:41.203135Z,embb,uesimtun0,92288,1238,98200,1248,,1,1
2025-11-25T16:48:41.203135Z,urllc,uesimtun1,91580,1217,97012,1227,,1,1
2025-11-25T16:48:41.203135Z,mmtc,uesimtun2,98100,1380,106792,1390,,1,1
2025-11-25T16:48:41.453280Z,embb,uesimtun0,92496,1241,98428,1251,,1,1
2025-11-25T16:48:41.453280Z,urllc,uesimtun1,91748,1219,97180,1229,,1,1
2025-11-25T16:48:41.453280Z,mmtc,uesimtun2,98184,1381,106876,1391,,1,1
2025-11-25T16:48:41.702707Z,embb,uesimtun0,92664,1243,98596,1253,,1,1
2025-11-25T16:48:41.702707Z,urllc,uesimtun1,91832,1220,97264,1230,,1,1
2025-11-25T16:48:41.702707Z,mmtc,uesimtun2,98392,1384,107104,1394,,1,1
2025-11-25T16:48:41.987962Z,embb,uesimtun0,92832,1245,98764,1255,,1,1
2025-11-25T16:48:41.987962Z,urllc,uesimtun1,92040,1223,97492,1233,,1,1
2025-11-25T16:48:41.987962Z,mmtc,uesimtun2,98968,1394,187694,1463,,1,1
2025-11-25T16:48:42.203064Z,embb,uesimtun0,93040,1248,98992,1258,,1,1
2025-11-25T16:48:42.203064Z,urllc,uesimtun1,92124,1224,97576,1234,,1,1
2025-11-25T16:48:42.203064Z,mmtc,uesimtun2,99052,1395,285558,1536,,1,1
2025-11-25T16:48:42.452666Z,embb,uesimtun0,93124,1249,99076,1259,,1,1
2025-11-25T16:48:42.452666Z,urllc,uesimtun1,92292,1226,97744,1236,,1,1
2025-11-25T16:48:42.452666Z,mmtc,uesimtun2,99220,1397,388926,1613,,1,1
2025-11-25T16:48:42.703210Z,embb,uesimtun0,93292,1251,99244,1261,,1,1
2025-11-25T16:48:42.703210Z,urllc,uesimtun1,92460,1228,97912,1238,,1,1
2025-11-25T16:48:42.703210Z,mmtc,uesimtun2,99220,1397,496398,1693,,1,1
2025-11-25T16:48:42.953602Z,embb,uesimtun0,93376,1252,99328,1262,,1,1
2025-11-25T16:48:42.953602Z,urllc,uesimtun1,92544,1229,97996,1239,,1,1
2025-11-25T16:48:42.953602Z,mmtc,uesimtun2,99589,1404,613772,1784,,1,1
2025-11-25T16:48:43.202931Z,embb,uesimtun0,93668,1256,99640,1266,,1,1
2025-11-25T16:48:43.202931Z,urllc,uesimtun1,92628,1230,98080,1240,,1,1
2025-11-25T16:48:43.202931Z,mmtc,uesimtun2,99673,1405,721268,1864,,1,1
2025-11-25T16:48:43.452748Z,embb,uesimtun0,93752,1257,99724,1267,,1,1
2025-11-25T16:48:43.452748Z,urllc,uesimtun1,92796,1232,98248,1242,,1,1
2025-11-25T16:48:43.452748Z,mmtc,uesimtun2,100046,1411,820814,1943,,1,1
2025-11-25T16:48:43.702748Z,embb,uesimtun0,93836,1258,99808,1268,,1,1
2025-11-25T16:48:43.702748Z,urllc,uesimtun1,92964,1234,98416,1244,,1,1
2025-11-25T16:48:43.702748Z,mmtc,uesimtun2,100451,1420,928645,2029,,1,1
2025-11-25T16:48:44.031142Z,embb,uesimtun0,94004,1260,99976,1270,,1,1
2025-11-25T16:48:44.031142Z,urllc,uesimtun1,93132,1236,98584,1246,,1,1
2025-11-25T16:48:44.031142Z,mmtc,uesimtun2,101758,1435,972203,2075,,1,1
2025-11-25T16:48:44.202740Z,embb,uesimtun0,94172,1262,100144,1272,,1,1
2025-11-25T16:48:44.202740Z,urllc,uesimtun1,93300,1238,98752,1248,,1,1
2025-11-25T16:48:44.202740Z,mmtc,uesimtun2,102444,1442,972861,2082,,1,1
2025-11-25T16:48:44.452686Z,embb,uesimtun0,94340,1264,100312,1274,,1,1
2025-11-25T16:48:44.452686Z,urllc,uesimtun1,93384,1239,98836,1249,,1,1
2025-11-25T16:48:44.452686Z,mmtc,uesimtun2,102612,1444,973029,2084,,1,1
2025-11-25T16:48:44.703328Z,embb,uesimtun0,94424,1265,100396,1275,,1,1
2025-11-25T16:48:44.703328Z,urllc,uesimtun1,93468,1240,98920,1250,,1,1
2025-11-25T16:48:44.703328Z,mmtc,uesimtun2,102780,1446,973197,2086,,1,1
2025-11-25T16:48:44.952796Z,embb,uesimtun0,94592,1267,100564,1277,,1,1
2025-11-25T16:48:44.952796Z,urllc,uesimtun1,93636,1242,99088,1252,,1,1
2025-11-25T16:48:44.952796Z,mmtc,uesimtun2,102948,1448,973365,2088,,1,1
2025-11-25T16:48:45.202786Z,embb,uesimtun0,94676,1268,100648,1278,,1,1
2025-11-25T16:48:45.202786Z,urllc,uesimtun1,93888,1245,99340,1255,,1,1
2025-11-25T16:48:45.202786Z,mmtc,uesimtun2,103032,1449,973449,2089,,1,1
2025-11-25T16:48:45.453208Z,embb,uesimtun0,94844,1270,100816,1280,,1,1
2025-11-25T16:48:45.453208Z,urllc,uesimtun1,94052,1248,99544,1258,,1,1
2025-11-25T16:48:45.453208Z,mmtc,uesimtun2,103200,1451,973617,2091,,1,1
2025-11-25T16:48:45.702744Z,embb,uesimtun0,95012,1272,100984,1282,,1,1
2025-11-25T16:48:45.702744Z,urllc,uesimtun1,94136,1249,99628,1259,,1,1
2025-11-25T16:48:45.702744Z,mmtc,uesimtun2,103776,1461,981340,2108,,1,1
2025-11-25T16:48:46.286808Z,embb,uesimtun0,95180,1274,101236,1285,,1,1
2025-11-25T16:48:46.286808Z,urllc,uesimtun1,94304,1251,99796,1261,,1,1
2025-11-25T16:48:46.286808Z,mmtc,uesimtun2,104145,1468,1259790,2317,,1,1
2025-11-25T16:48:46.417480Z,embb,uesimtun0,95670,1282,101833,1293,,1,1
2025-11-25T16:48:46.417480Z,urllc,uesimtun1,94388,1252,99880,1262,,1,1
2025-11-25T16:48:46.417480Z,mmtc,uesimtun2,104229,1469,1320418,2362,,1,1
2025-11-25T16:48:46.668899Z,embb,uesimtun0,95840,1285,5468505,5197,,1,1
2025-11-25T16:48:46.668899Z,urllc,uesimtun1,94512,1254,100108,1265,,1,1
2025-11-25T16:48:46.668899Z,mmtc,uesimtun2,104574,1476,1440721,2458,,1,1
2025-11-25T16:48:46.976468Z,embb,uesimtun0,96092,1288,13309121,10897,,1,1
2025-11-25T16:48:46.976468Z,urllc,uesimtun1,94764,1257,100276,1267,,1,1
2025-11-25T16:48:46.976468Z,mmtc,uesimtun2,104658,1477,1614270,2586,,1,1
2025-11-25T16:48:47.167720Z,embb,uesimtun0,96461,1295,18173671,14438,,1,1
2025-11-25T16:48:47.167720Z,urllc,uesimtun1,94848,1258,100360,1268,,1,1
2025-11-25T16:48:47.167720Z,mmtc,uesimtun2,104910,1480,1790739,2718,,1,1
2025-11-25T16:48:47.531465Z,embb,uesimtun0,96461,1295,27489359,21210,,1,1
2025-11-25T16:48:47.531465Z,urllc,uesimtun1,94848,1258,100528,1270,,1,1
2025-11-25T16:48:47.531465Z,mmtc,uesimtun2,105054,1482,1851568,2766,,1,1
2025-11-25T16:48:47.782084Z,embb,uesimtun0,96545,1296,33878211,25854,,1,1
2025-11-25T16:48:47.782084Z,urllc,uesimtun1,95016,1260,100696,1272,,1,1
2025-11-25T16:48:47.782084Z,mmtc,uesimtun2,105560,1492,1970234,2857,,1,1
2025-11-25T16:48:48.031914Z,embb,uesimtun0,96713,1298,40252011,30488,,1,1
2025-11-25T16:48:48.031914Z,urllc,uesimtun1,95184,1262,100864,1274,,1,1
2025-11-25T16:48:48.031914Z,mmtc,uesimtun2,105728,1494,2088738,2945,,1,1
2025-11-25T16:48:48.281692Z,embb,uesimtun0,97134,1306,46632965,35132,,1,1
2025-11-25T16:48:48.281692Z,urllc,uesimtun1,95268,1263,100948,1275,,1,1
2025-11-25T16:48:48.281692Z,mmtc,uesimtun2,105896,1496,2207242,3033,,1,1
2025-11-25T16:48:48.532147Z,embb,uesimtun0,97386,1309,53021985,39778,,1,1
2025-11-25T16:48:48.532147Z,urllc,uesimtun1,96101,1278,146089,1588,,1,1
2025-11-25T16:48:48.532147Z,mmtc,uesimtun2,105980,1497,2328414,3122,,1,1
2025-11-25T16:48:48.781823Z,embb,uesimtun0,97470,1310,59391573,44408,,1,1
2025-11-25T16:48:48.781823Z,urllc,uesimtun1,96185,1279,905413,6719,,1,1
2025-11-25T16:48:48.781823Z,mmtc,uesimtun2,106730,1511,2444778,3218,,1,1
2025-11-25T16:48:49.031824Z,embb,uesimtun0,97554,1311,65779049,49051,,1,1
2025-11-25T16:48:49.031824Z,urllc,uesimtun1,96269,1280,1727637,12275,,1,1
2025-11-25T16:48:49.031824Z,mmtc,uesimtun2,106898,1513,2572914,3313,,1,1
2025-11-25T16:48:49.281993Z,embb,uesimtun0,98063,1319,72154562,53691,,1,1
2025-11-25T16:48:49.281993Z,urllc,uesimtun1,96437,1282,2446197,17131,,1,1
2025-11-25T16:48:49.281993Z,mmtc,uesimtun2,107307,1521,2682113,3400,,1,1
2025-11-25T16:48:49.531771Z,embb,uesimtun0,98231,1321,78529738,58326,,1,1
2025-11-25T16:48:49.531771Z,urllc,uesimtun1,97026,1292,3218711,22356,,1,1
2025-11-25T16:48:49.531771Z,mmtc,uesimtun2,107391,1522,2800533,3487,,1,1
2025-11-25T16:48:49.782063Z,embb,uesimtun0,98399,1323,84917298,62970,,1,1
2025-11-25T16:48:49.782063Z,urllc,uesimtun1,97110,1293,3985879,27540,,1,1
2025-11-25T16:48:49.782063Z,mmtc,uesimtun2,107816,1529,2920666,3580,,1,1
2025-11-25T16:48:50.031799Z,embb,uesimtun0,98483,1324,91293766,67605,,1,1
2025-11-25T16:48:50.031799Z,urllc,uesimtun1,97194,1294,4976823,34236,,1,1
2025-11-25T16:48:50.031799Z,mmtc,uesimtun2,107984,1531,3127234,3732,,1,1
2025-11-25T16:48:50.281517Z,embb,uesimtun0,98627,1326,97656843,72235,,1,1
2025-11-25T16:48:50.281517Z,urllc,uesimtun1,97479,1300,5525405,37946,,1,1
2025-11-25T16:48:50.281517Z,mmtc,uesimtun2,108068,1532,3156214,3754,,1,1
2025-11-25T16:48:50.531771Z,embb,uesimtun0,98711,1327,104056792,76888,,1,1
2025-11-25T16:48:50.531771Z,urllc,uesimtun1,97731,1303,6295849,43153,,1,1
2025-11-25T16:48:50.531771Z,mmtc,uesimtun2,108746,1545,3275329,3852,,1,1
2025-11-25T16:48:50.781624Z,embb,uesimtun0,99076,1333,110432109,81525,,1,1
2025-11-25T16:48:50.781624Z,urllc,uesimtun1,97899,1305,7070797,48390,,1,1
2025-11-25T16:48:50.781624Z,mmtc,uesimtun2,109063,1551,3395579,3947,,1,1
2025-11-25T16:48:51.031623Z,embb,uesimtun0,99160,1334,115330753,85086,,1,1
2025-11-25T16:48:51.031623Z,urllc,uesimtun1,97983,1306,8198577,56011,,1,1
2025-11-25T16:48:51.031623Z,mmtc,uesimtun2,109208,1554,3624289,4118,,1,1
2025-11-25T16:48:51.282027Z,embb,uesimtun0,99160,1334,121714101,89726,,1,1
2025-11-25T16:48:51.282027Z,urllc,uesimtun1,97983,1306,8613209,58813,,1,1
2025-11-25T16:48:51.282027Z,mmtc,uesimtun2,109292,1555,3632629,4125,,1,1
2025-11-25T16:48:51.532278Z,embb,uesimtun0,99244,1335,128101577,94369,,1,1
2025-11-25T16:48:51.532278Z,urllc,uesimtun1,98488,1315,9383927,64025,,1,1
2025-11-25T16:48:51.532278Z,mmtc,uesimtun2,109544,1558,3751301,4215,,1,1
2025-11-25T16:48:51.782584Z,embb,uesimtun0,99533,1340,134468719,99002,,1,1
2025-11-25T16:48:51.782584Z,urllc,uesimtun1,98913,1322,10157352,69254,,1,1
2025-11-25T16:48:51.782584Z,mmtc,uesimtun2,109945,1565,3871611,4311,,1,1
2025-11-25T16:48:52.032346Z,embb,uesimtun0,99617,1341,140850691,103641,,1,1
2025-11-25T16:48:52.032346Z,urllc,uesimtun1,98997,1323,11178044,76151,,1,1
2025-11-25T16:48:52.032346Z,mmtc,uesimtun2,110563,1577,4084098,4474,,1,1
2025-11-25T16:48:52.282175Z,embb,uesimtun0,99701,1342,147238167,108284,,1,1
2025-11-25T16:48:52.282175Z,urllc,uesimtun1,98997,1323,11696212,79653,,1,1
2025-11-25T16:48:52.282175Z,mmtc,uesimtun2,110647,1578,4107574,4492,,1,1
2025-11-25T16:48:52.532321Z,embb,uesimtun0,99869,1344,153617471,112922,,1,1
2025-11-25T16:48:52.532321Z,urllc,uesimtun1,99081,1324,12470188,84883,,1,1
2025-11-25T16:48:52.532321Z,mmtc,uesimtun2,111184,1587,4226552,4587,,1,1
2025-11-25T16:48:52.782354Z,embb,uesimtun0,100238,1351,159991493,117560,,1,1
2025-11-25T16:48:52.782354Z,urllc,uesimtun1,99165,1325,13241796,90097,,1,1
2025-11-25T16:48:52.782354Z,mmtc,uesimtun2,111946,1601,4347043,4686,,1,1
2025-11-25T16:48:53.032104Z,embb,uesimtun0,100322,1352,166377593,122202,,1,1
2025-11-25T16:48:53.032104Z,urllc,uesimtun1,99249,1326,14201216,96580,,1,1
2025-11-25T16:48:53.032104Z,mmtc,uesimtun2,111946,1601,4549543,4836,,1,1
2025-11-25T16:48:53.344168Z,embb,uesimtun0,100406,1353,174336461,127987,,1,1
2025-11-25T16:48:53.344168Z,urllc,uesimtun1,99333,1327,15332780,104227,,1,1
2025-11-25T16:48:53.344168Z,mmtc,uesimtun2,112030,1602,4669423,4925,,1,1
2025-11-25T16:48:53.594766Z,embb,uesimtun0,100490,1354,180737865,132642,,1,1
2025-11-25T16:48:53.594766Z,urllc,uesimtun1,99417,1328,16106312,109454,,1,1
2025-11-25T16:48:53.594766Z,mmtc,uesimtun2,112495,1610,4786857,5017,,1,1
2025-11-25T16:48:53.844500Z,embb,uesimtun0,100574,1355,187102033,137269,,1,1
2025-11-25T16:48:53.844500Z,urllc,uesimtun1,99501,1329,16516504,112226,,1,1
2025-11-25T16:48:53.844500Z,mmtc,uesimtun2,112579,1611,4850237,5064,,1,1
2025-11-25T16:48:54.094419Z,embb,uesimtun0,100658,1356,193475749,141902,,1,1
2025-11-25T16:48:54.094419Z,urllc,uesimtun1,99585,1330,17290332,117455,,1,1
2025-11-25T16:48:54.094419Z,mmtc,uesimtun2,112579,1611,4970033,5152,,1,1
2025-11-25T16:48:54.344349Z,embb,uesimtun0,100742,1357,199868813,146550,,1,1
2025-11-25T16:48:54.344349Z,urllc,uesimtun1,100644,1350,18419621,125095,,1,1
2025-11-25T16:48:54.344349Z,mmtc,uesimtun2,112663,1612,5142261,5280,,1,1
2025-11-25T16:48:54.594409Z,embb,uesimtun0,100826,1358,206257833,151196,,1,1
2025-11-25T16:48:54.594409Z,urllc,uesimtun1,100728,1351,18830109,127869,,1,1
2025-11-25T16:48:54.594409Z,mmtc,uesimtun2,112747,1613,5207017,5328,,1,1
2025-11-25T16:48:54.844490Z,embb,uesimtun0,101279,1366,212614051,155822,,1,1
2025-11-25T16:48:54.844490Z,urllc,uesimtun1,100896,1353,19602097,133086,,1,1
2025-11-25T16:48:54.844490Z,mmtc,uesimtun2,112831,1614,5324061,5414,,1,1
2025-11-25T16:48:55.094472Z,embb,uesimtun0,101363,1367,219018039,160477,,1,1
2025-11-25T16:48:55.094472Z,urllc,uesimtun1,100980,1354,20387765,138395,,1,1
2025-11-25T16:48:55.094472Z,mmtc,uesimtun2,112915,1615,5500417,5545,,1,1
2025-11-25T16:48:55.349508Z,embb,uesimtun0,101447,1368,225504587,165192,,1,1
2025-11-25T16:48:55.349508Z,urllc,uesimtun1,100980,1354,21518949,146039,,1,1
2025-11-25T16:48:55.349508Z,mmtc,uesimtun2,112999,1616,5620297,5634,,1,1
2025-11-25T16:48:55.599686Z,embb,uesimtun0,101531,1369,231904615,169846,,1,1
2025-11-25T16:48:55.599686Z,urllc,uesimtun1,101485,1363,22290259,151255,,1,1
2025-11-25T16:48:55.599686Z,mmtc,uesimtun2,114324,1642,5724964,5733,,1,1
2025-11-25T16:48:55.849841Z,embb,uesimtun0,101816,1375,238293773,174495,,1,1
2025-11-25T16:48:55.849841Z,urllc,uesimtun1,101569,1364,22703855,154050,,1,1
2025-11-25T16:48:55.849841Z,mmtc,uesimtun2,114460,1644,5725361,5735,,1,1
2025-11-25T16:48:56.099831Z,embb,uesimtun0,101900,1376,244667489,179128,,1,1
2025-11-25T16:48:56.099831Z,urllc,uesimtun1,101653,1365,23832587,161677,,1,1
2025-11-25T16:48:56.099831Z,mmtc,uesimtun2,114652,1647,5725870,5739,,1,1
2025-11-25T16:48:56.350139Z,embb,uesimtun0,101900,1376,251055049,183772,,1,1
2025-11-25T16:48:56.350139Z,urllc,uesimtun1,101994,1371,24603412,166888,,1,1
2025-11-25T16:48:56.350139Z,mmtc,uesimtun2,115212,1651,5726247,5745,,1,1
2025-11-25T16:48:56.599960Z,embb,uesimtun0,102068,1378,257430309,188408,,1,1
2025-11-25T16:48:56.599960Z,urllc,uesimtun1,102078,1372,25013604,169660,,1,1
2025-11-25T16:48:56.599960Z,mmtc,uesimtun2,115296,1652,5726331,5746,,1,1
2025-11-25T16:48:56.849789Z,embb,uesimtun0,102409,1384,263805654,193046,,1,1
2025-11-25T16:48:56.849789Z,urllc,uesimtun1,102162,1373,25781512,174849,,1,1
2025-11-25T16:48:56.849789Z,mmtc,uesimtun2,116157,1668,5728793,5763,,1,1
2025-11-25T16:48:57.099855Z,embb,uesimtun0,102493,1385,270193130,197689,,1,1
2025-11-25T16:48:57.099855Z,urllc,uesimtun1,102246,1374,26916904,182521,,1,1
2025-11-25T16:48:57.099855Z,mmtc,uesimtun2,116241,1669,5731773,5768,,1,1
2025-11-25T16:48:57.349682Z,embb,uesimtun0,102493,1385,276547666,202309,,1,1
2025-11-25T16:48:57.349682Z,urllc,uesimtun1,102498,1377,27684832,187711,,1,1
2025-11-25T16:48:57.349682Z,mmtc,uesimtun2,116325,1670,5733233,5770,,1,1
2025-11-25T16:48:57.599688Z,embb,uesimtun0,102577,1386,282933850,206952,,1,1
2025-11-25T16:48:57.599688Z,urllc,uesimtun1,102963,1385,28095414,190489,,1,1
2025-11-25T16:48:57.599688Z,mmtc,uesimtun2,116409,1671,5734693,5772,,1,1
2025-11-25T16:48:57.850003Z,embb,uesimtun0,103082,1395,289328648,211607,,1,1
2025-11-25T16:48:57.850003Z,urllc,uesimtun1,103858,1402,28872718,195749,,1,1
2025-11-25T16:48:57.850003Z,mmtc,uesimtun2,117107,1684,5736902,5786,,1,1
2025-11-25T16:48:58.099872Z,embb,uesimtun0,103166,1396,295630812,216188,,1,1
2025-11-25T16:48:58.099872Z,urllc,uesimtun1,103942,1403,30004262,203395,,1,1
2025-11-25T16:48:58.099872Z,mmtc,uesimtun2,117448,1690,5739991,5793,,1,1
2025-11-25T16:48:58.349991Z,embb,uesimtun0,103166,1396,302069284,220869,,1,1
2025-11-25T16:48:58.349991Z,urllc,uesimtun1,104451,1411,30772443,208589,,1,1
2025-11-25T16:48:58.349991Z,mmtc,uesimtun2,117532,1691,5741451,5795,,1,1
2025-11-25T16:48:58.599884Z,embb,uesimtun0,103166,1396,308473272,225524,,1,1
2025-11-25T16:48:58.599884Z,urllc,uesimtun1,104956,1420,31183373,211370,,1,1
2025-11-25T16:48:58.599884Z,mmtc,uesimtun2,117616,1692,5742911,5797,,1,1
2025-11-25T16:48:58.850128Z,embb,uesimtun0,103671,1405,314858438,230172,,1,1
2025-11-25T16:48:58.850128Z,urllc,uesimtun1,105124,1422,31957433,216601,,1,1
2025-11-25T16:48:58.850128Z,mmtc,uesimtun2,117760,1694,5744572,5802,,1,1
2025-11-25T16:48:59.099805Z,embb,uesimtun0,103755,1406,321212890,234791,,1,1
2025-11-25T16:48:59.099805Z,urllc,uesimtun1,105208,1423,33089145,224249,,1,1
2025-11-25T16:48:59.099805Z,mmtc,uesimtun2,118041,1699,5747460,5806,,1,1
2025-11-25T16:48:59.349748Z,embb,uesimtun0,103755,1406,327570094,239412,,1,1
2025-11-25T16:48:59.349748Z,urllc,uesimtun1,105673,1431,33857443,229444,,1,1
2025-11-25T16:48:59.349748Z,mmtc,uesimtun2,118293,1702,5749088,5810,,1,1
2025-11-25T16:48:59.599673Z,embb,uesimtun0,103755,1406,333950690,244050,,1,1
2025-11-25T16:48:59.599673Z,urllc,uesimtun1,105841,1433,34267571,232216,,1,1
2025-11-25T16:48:59.599673Z,mmtc,uesimtun2,118461,1704,5750632,5813,,1,1
2025-11-25T16:48:59.849793Z,embb,uesimtun0,103839,1407,340329970,248688,,1,1
2025-11-25T16:48:59.849793Z,urllc,uesimtun1,106009,1435,35038967,237429,,1,1
2025-11-25T16:48:59.849793Z,mmtc,uesimtun2,118545,1705,5752092,5815,,1,1
2025-11-25T16:49:00.099829Z,embb,uesimtun0,103923,1408,346711942,253327,,1,1
2025-11-25T16:49:00.099829Z,urllc,uesimtun1,106093,1436,36170891,245078,,1,1
2025-11-25T16:49:00.099829Z,mmtc,uesimtun2,118846,1710,5755234,5823,,1,1
2025-11-25T16:49:00.349816Z,embb,uesimtun0,103923,1408,353089786,257963,,1,1
2025-11-25T16:49:00.349816Z,urllc,uesimtun1,106434,1442,36942160,250292,,1,1
2025-11-25T16:49:00.349816Z,mmtc,uesimtun2,119475,1721,5758544,5833,,1,1
2025-11-25T16:49:00.599736Z,embb,uesimtun0,104007,1409,359470466,262602,,1,1
2025-11-25T16:49:00.599736Z,urllc,uesimtun1,106518,1443,37352204,253063,,1,1
2025-11-25T16:49:00.599736Z,mmtc,uesimtun2,119980,1730,5759070,5841,,1,1
2025-11-25T16:49:00.849822Z,embb,uesimtun0,104428,1417,365850044,267245,,1,1
2025-11-25T16:49:00.849822Z,urllc,uesimtun1,106602,1444,38120112,258252,,1,1
2025-11-25T16:49:00.849822Z,mmtc,uesimtun2,120433,1738,5762296,5850,,1,1
2025-11-25T16:49:01.099806Z,embb,uesimtun0,104512,1418,372237520,271888,,1,1
2025-11-25T16:49:01.099806Z,urllc,uesimtun1,106686,1445,39254320,265916,,1,1
2025-11-25T16:49:01.099806Z,mmtc,uesimtun2,120517,1739,5765300,5855,,1,1
2025-11-25T16:49:01.349620Z,embb,uesimtun0,104512,1418,378587844,276504,,1,1
2025-11-25T16:49:01.349620Z,urllc,uesimtun1,106854,1447,40025716,271129,,1,1
2025-11-25T16:49:01.349620Z,mmtc,uesimtun2,121255,1753,5767456,5868,,1,1
2025-11-25T16:49:01.599694Z,embb,uesimtun0,104680,1420,384989248,281159,,1,1
2025-11-25T16:49:01.599694Z,urllc,uesimtun1,106938,1448,40435316,273897,,1,1
2025-11-25T16:49:01.599694Z,mmtc,uesimtun2,121708,1761,5769306,5876,,1,1
2025-11-25T16:49:01.850024Z,embb,uesimtun0,104848,1422,391367176,285796,,1,1
2025-11-25T16:49:01.850024Z,urllc,uesimtun1,107022,1449,41207072,279112,,1,1
2025-11-25T16:49:01.850024Z,mmtc,uesimtun2,121876,1763,5770850,5879,,1,1
2025-11-25T16:49:02.099838Z,embb,uesimtun0,104932,1423,397753276,290438,,1,1
2025-11-25T16:49:02.099838Z,urllc,uesimtun1,107106,1450,42338024,286754,,1,1
2025-11-25T16:49:02.099838Z,mmtc,uesimtun2,121960,1764,5773770,5883,,1,1
2025-11-25T16:49:02.350003Z,embb,uesimtun0,104932,1423,404133956,295077,,1,1
2025-11-25T16:49:02.350003Z,urllc,uesimtun1,107274,1452,43108976,291964,,1,1
2025-11-25T16:49:02.350003Z,mmtc,uesimtun2,122044,1765,5775230,5885,,1,1
2025-11-25T16:49:02.600184Z,embb,uesimtun0,105100,1425,410520224,299721,,1,1
2025-11-25T16:49:02.600184Z,urllc,uesimtun1,107615,1458,43519273,294739,,1,1
2025-11-25T16:49:02.600184Z,mmtc,uesimtun2,123292,1790,5777913,5907,,1,1
2025-11-25T16:49:02.849785Z,embb,uesimtun0,105525,1432,416870885,304342,,1,1
2025-11-25T16:49:02.849785Z,urllc,uesimtun1,107783,1460,44293481,299971,,1,1
2025-11-25T16:49:02.849785Z,mmtc,uesimtun2,124255,1809,5780290,5924,,1,1
2025-11-25T16:49:03.099814Z,embb,uesimtun0,105609,1433,421195737,307486,,1,1
2025-11-25T16:49:03.099814Z,urllc,uesimtun1,107867,1461,45422149,307598,,1,1
2025-11-25T16:49:03.099814Z,mmtc,uesimtun2,124339,1810,5784502,5928,,1,1
2025-11-25T16:49:03.466197Z,embb,uesimtun0,105861,1436,430534901,314276,,1,1
2025-11-25T16:49:03.466197Z,urllc,uesimtun1,107951,1462,46190057,312787,,1,1
2025-11-25T16:49:03.466197Z,mmtc,uesimtun2,124423,1811,5786046,5931,,1,1
2025-11-25T16:49:03.716765Z,embb,uesimtun0,106029,1438,436936221,318930,,1,1
2025-11-25T16:49:03.716765Z,urllc,uesimtun1,108035,1463,46973801,318083,,1,1
2025-11-25T16:49:03.716765Z,mmtc,uesimtun2,125169,1826,5788222,5945,,1,1
2025-11-25T16:49:04.071390Z,embb,uesimtun0,106438,1446,444130391,324165,,1,1
2025-11-25T16:49:04.071390Z,urllc,uesimtun1,108203,1465,48419485,327852,,1,1
2025-11-25T16:49:04.071390Z,mmtc,uesimtun2,125253,1827,5792434,5949,,1,1
2025-11-25T16:49:04.387249Z,embb,uesimtun0,106522,1447,452243455,330063,,1,1
2025-11-25T16:49:04.387249Z,urllc,uesimtun1,108668,1473,49394243,334442,,1,1
2025-11-25T16:49:04.387249Z,mmtc,uesimtun2,125337,1828,5793978,5952,,1,1
2025-11-25T16:49:04.637397Z,embb,uesimtun0,106690,1449,458602203,334687,,1,1
2025-11-25T16:49:04.637397Z,urllc,uesimtun1,108836,1475,49805407,337221,,1,1
2025-11-25T16:49:04.637397Z,mmtc,uesimtun2,125421,1829,5795438,5954,,1,1
2025-11-25T16:49:04.888034Z,embb,uesimtun0,107099,1457,465005173,339347,,1,1
2025-11-25T16:49:04.888034Z,urllc,uesimtun1,108920,1476,50936359,344863,,1,1
2025-11-25T16:49:04.888034Z,mmtc,uesimtun2,125589,1831,5798358,5958,,1,1
2025-11-25T16:49:05.137325Z,embb,uesimtun0,107183,1458,471330729,343945,,1,1
2025-11-25T16:49:05.137325Z,urllc,uesimtun1,109004,1477,51707671,350075,,1,1
2025-11-25T16:49:05.137325Z,mmtc,uesimtun2,125673,1832,5799902,5961,,1,1
2025-11-25T16:49:05.387445Z,embb,uesimtun0,107183,1458,477763613,348621,,1,1
2025-11-25T16:49:05.387445Z,urllc,uesimtun1,109088,1478,52117715,352846,,1,1
2025-11-25T16:49:05.387445Z,mmtc,uesimtun2,125757,1833,5801362,5963,,1,1
2025-11-25T16:49:05.637481Z,embb,uesimtun0,107351,1460,484127781,353248,,1,1
2025-11-25T16:49:05.637481Z,urllc,uesimtun1,109721,1488,52885589,358039,,1,1
2025-11-25T16:49:05.637481Z,mmtc,uesimtun2,125841,1834,5802822,5965,,1,1
2025-11-25T16:49:05.982926Z,embb,uesimtun0,107804,1468,492947039,359664,,1,1
2025-11-25T16:49:05.982926Z,urllc,uesimtun1,109805,1489,53882305,364774,,1,1
2025-11-25T16:49:05.982926Z,mmtc,uesimtun2,126645,1843,5805099,5977,,1,1
2025-11-25T16:49:06.137423Z,embb,uesimtun0,107888,1469,496878355,362522,,1,1
2025-11-25T16:49:06.137423Z,urllc,uesimtun1,110174,1496,54558991,369350,,1,1
2025-11-25T16:49:06.137423Z,mmtc,uesimtun2,126894,1847,5805492,5983,,1,1
2025-11-25T16:49:06.387667Z,embb,uesimtun0,107888,1469,503286555,367181,,1,1
2025-11-25T16:49:06.387667Z,urllc,uesimtun1,110426,1499,55332543,374578,,1,1
2025-11-25T16:49:06.387667Z,mmtc,uesimtun2,127221,1853,5928430,6078,,1,1
2025-11-25T16:49:06.637353Z,embb,uesimtun0,107888,1469,509639631,371799,,1,1
2025-11-25T16:49:06.637353Z,urllc,uesimtun1,110594,1501,55739267,377327,,1,1
2025-11-25T16:49:06.637353Z,mmtc,uesimtun2,127473,1856,6206550,6282,,1,1
2025-11-25T16:49:06.887456Z,embb,uesimtun0,108341,1477,516045385,376461,,1,1
2025-11-25T16:49:06.887456Z,urllc,uesimtun1,110762,1503,56874299,384997,,1,1
2025-11-25T16:49:06.887456Z,mmtc,uesimtun2,127758,1862,7244504,7043,,1,1
2025-11-25T16:49:07.254357Z,embb,uesimtun0,108425,1478,525384381,383249,,1,1
2025-11-25T16:49:07.254357Z,urllc,uesimtun1,110762,1503,58003199,392626,,1,1
2025-11-25T16:49:07.254357Z,mmtc,uesimtun2,127818,1863,7775925,7433,,1,1
2025-11-25T16:49:07.504461Z,embb,uesimtun0,108425,1478,531764977,387887,,1,1
2025-11-25T16:49:07.504461Z,urllc,uesimtun1,111143,1510,58425685,395484,,1,1
2025-11-25T16:49:07.504461Z,mmtc,uesimtun2,128167,1870,8070882,7654,,1,1
2025-11-25T16:49:07.754610Z,embb,uesimtun0,108509,1479,538145573,392525,,1,1
2025-11-25T16:49:07.754610Z,urllc,uesimtun1,111512,1517,59190643,400656,,1,1
2025-11-25T16:49:07.754610Z,mmtc,uesimtun2,128913,1882,8598691,8050,,1,1
2025-11-25T16:49:08.004550Z,embb,uesimtun0,108850,1485,544548438,397183,,1,1
2025-11-25T16:49:08.004550Z,urllc,uesimtun1,111680,1519,60254931,407848,,1,1
2025-11-25T16:49:08.004550Z,mmtc,uesimtun2,129282,1889,9583065,8773,,1,1
2025-11-25T16:49:08.350174Z,embb,uesimtun0,108934,1486,553353546,403583,,1,1
2025-11-25T16:49:08.350174Z,urllc,uesimtun1,112571,1537,61384728,415491,,1,1
2025-11-25T16:49:08.350174Z,mmtc,uesimtun2,129282,1889,10115661,9161,,1,1
2025-11-25T16:49:08.600302Z,embb,uesimtun0,109102,1488,559709542,408205,,1,1
2025-11-25T16:49:08.600302Z,urllc,uesimtun1,112655,1538,61812680,418383,,1,1
2025-11-25T16:49:08.600302Z,mmtc,uesimtun2,129618,1893,10413213,9381,,1,1
2025-11-25T16:49:08.850368Z,embb,uesimtun0,109186,1489,566092890,412845,,1,1
2025-11-25T16:49:08.850368Z,urllc,uesimtun1,112996,1544,62584689,423602,,1,1
2025-11-25T16:49:08.850368Z,mmtc,uesimtun2,130111,1902,10946311,9777,,1,1
2025-11-25T16:49:09.100522Z,embb,uesimtun0,109270,1490,572470734,417481,,1,1
2025-11-25T16:49:09.100522Z,urllc,uesimtun1,113080,1545,63691813,431083,,1,1
2025-11-25T16:49:09.100522Z,mmtc,uesimtun2,130532,1910,11736745,10360,,1,1
2025-11-25T16:49:09.359676Z,embb,uesimtun0,109270,1490,579130658,422322,,1,1
2025-11-25T16:49:09.359676Z,urllc,uesimtun1,113164,1546,64473781,436367,,1,1
2025-11-25T16:49:09.359676Z,mmtc,uesimtun2,130532,1910,12269341,10748,,1,1
2025-11-25T16:49:09.609814Z,embb,uesimtun0,109522,1493,585510130,426962,,1,1
2025-11-25T16:49:09.609814Z,urllc,uesimtun1,113332,1548,64883909,439139,,1,1
2025-11-25T16:49:09.609814Z,mmtc,uesimtun2,130616,1911,12557009,10958,,1,1
2025-11-25T16:49:09.860089Z,embb,uesimtun0,109947,1500,591864919,431586,,1,1
2025-11-25T16:49:09.860089Z,urllc,uesimtun1,113416,1549,65657589,444367,,1,1
2025-11-25T16:49:09.860089Z,mmtc,uesimtun2,131069,1919,13085927,11350,,1,1
2025-11-25T16:49:10.109829Z,embb,uesimtun0,110031,1501,596466347,434931,,1,1
2025-11-25T16:49:10.109829Z,urllc,uesimtun1,113500,1550,66792537,452036,,1,1
2025-11-25T16:49:10.109829Z,mmtc,uesimtun2,131410,1925,13873336,11927,,1,1
2025-11-25T16:49:10.359965Z,embb,uesimtun0,110031,1501,602790695,439530,,1,1
2025-11-25T16:49:10.359965Z,urllc,uesimtun1,113584,1551,67557337,457204,,1,1
2025-11-25T16:49:10.359965Z,mmtc,uesimtun2,131659,1929,14338870,12272,,1,1
2025-11-25T16:49:10.610061Z,embb,uesimtun0,110199,1503,609179715,444176,,1,1
2025-11-25T16:49:10.610061Z,urllc,uesimtun1,113752,1553,67967761,459978,,1,1
2025-11-25T16:49:10.610061Z,mmtc,uesimtun2,132420,1938,14339581,12280,,1,1
2025-11-25T16:49:10.859984Z,embb,uesimtun0,110584,1509,615552392,448813,,1,1
2025-11-25T16:49:10.859984Z,urllc,uesimtun1,113920,1555,68739601,465194,,1,1
2025-11-25T16:49:10.859984Z,mmtc,uesimtun2,132504,1939,14339665,12281,,1,1
2025-11-25T16:49:11.109968Z,embb,uesimtun0,110708,1511,621942620,453458,,1,1
2025-11-25T16:49:11.109968Z,urllc,uesimtun1,114088,1557,69886029,472941,,1,1
2025-11-25T16:49:11.109968Z,mmtc,uesimtun2,132588,1940,14339809,12283,,1,1
2025-11-25T16:49:11.359980Z,embb,uesimtun0,110708,1511,628316420,458092,,1,1
2025-11-25T16:49:11.359980Z,urllc,uesimtun1,114172,1558,70641209,478044,,1,1
2025-11-25T16:49:11.359980Z,mmtc,uesimtun2,133026,1948,14340403,12291,,1,1
2025-11-25T16:49:11.611138Z,embb,uesimtun0,110792,1512,634710860,462741,,1,1
2025-11-25T16:49:11.611138Z,urllc,uesimtun1,114424,1561,71418461,483297,,1,1
2025-11-25T16:49:11.611138Z,mmtc,uesimtun2,133910,1965,14567115,12472,,1,1
2025-11-25T16:49:11.865501Z,embb,uesimtun0,110852,1513,641198985,467460,,1,1
2025-11-25T16:49:11.865501Z,urllc,uesimtun1,114592,1563,71835249,486114,,1,1
2025-11-25T16:49:11.865501Z,mmtc,uesimtun2,134235,1972,14687209,12565,,1,1
2025-11-25T16:49:12.250851Z,embb,uesimtun0,111173,1519,641966982,468021,,1,1
2025-11-25T16:49:12.250851Z,urllc,uesimtun1,114676,1564,73392057,496634,,1,1
2025-11-25T16:49:12.250851Z,mmtc,uesimtun2,134319,1973,15255725,12981,,1,1
2025-11-25T16:49:12.618794Z,embb,uesimtun0,111257,1520,656091790,478288,,1,1
2025-11-25T16:49:12.618794Z,urllc,uesimtun1,115101,1571,74524194,504287,,1,1
2025-11-25T16:49:12.618794Z,mmtc,uesimtun2,134628,1978,15484756,13156,,1,1
2025-11-25T16:49:12.869089Z,embb,uesimtun0,111341,1521,662479266,482931,,1,1
2025-11-25T16:49:12.869089Z,urllc,uesimtun1,115185,1572,74937790,507082,,1,1
2025-11-25T16:49:12.869089Z,mmtc,uesimtun2,134796,1980,15608764,13248,,1,1
2025-11-25T16:49:13.118974Z,embb,uesimtun0,111682,1527,668854611,487569,,1,1
2025-11-25T16:49:13.118974Z,urllc,uesimtun1,115269,1573,76066226,514707,,1,1
2025-11-25T16:49:13.118974Z,mmtc,uesimtun2,135165,1987,15944987,13499,,1,1
2025-11-25T16:49:13.369149Z,embb,uesimtun0,111682,1527,675232455,492205,,1,1
2025-11-25T16:49:13.369149Z,urllc,uesimtun1,115437,1575,76476502,517480,,1,1
2025-11-25T16:49:13.369149Z,mmtc,uesimtun2,135249,1988,16066248,13589,,1,1
2025-11-25T16:49:13.619136Z,embb,uesimtun0,111850,1529,681620015,496849,,1,1
2025-11-25T16:49:13.619136Z,urllc,uesimtun1,115689,1578,77247982,522694,,1,1
2025-11-25T16:49:13.619136Z,mmtc,uesimtun2,135983,2001,16295455,13767,,1,1
2025-11-25T16:49:13.868929Z,embb,uesimtun0,112018,1531,687995191,501484,,1,1
2025-11-25T16:49:13.868929Z,urllc,uesimtun1,115857,1580,78018342,527900,,1,1
2025-11-25T16:49:13.868929Z,mmtc,uesimtun2,136440,2008,16524340,13940,,1,1
2025-11-25T16:49:14.119012Z,embb,uesimtun0,112246,1534,692647816,504870,,1,1
2025-11-25T16:49:14.119012Z,urllc,uesimtun1,115941,1581,79150034,535547,,1,1
2025-11-25T16:49:14.119012Z,mmtc,uesimtun2,136524,2009,16860168,14185,,1,1
2025-11-25T16:49:14.369041Z,embb,uesimtun0,112246,1534,699028412,509508,,1,1
2025-11-25T16:49:14.369041Z,urllc,uesimtun1,116109,1583,79566822,538364,,1,1
2025-11-25T16:49:14.369041Z,mmtc,uesimtun2,136608,2010,16984092,14276,,1,1
2025-11-25T16:49:14.619366Z,embb,uesimtun0,112611,1540,705413361,514152,,1,1
2025-11-25T16:49:14.619366Z,urllc,uesimtun1,116871,1597,80334982,543561,,1,1
2025-11-25T16:49:14.619366Z,mmtc,uesimtun2,136900,2014,17212850,14446,,1,1
2025-11-25T16:49:14.869153Z,embb,uesimtun0,112779,1542,711773401,518776,,1,1
2025-11-25T16:49:14.869153Z,urllc,uesimtun1,117039,1599,81103566,548755,,1,1
2025-11-25T16:49:14.869153Z,mmtc,uesimtun2,137638,2028,17440670,14623,,1,1
2025-11-25T16:49:15.118971Z,embb,uesimtun0,112947,1544,718173345,523429,,1,1
2025-11-25T16:49:15.118971Z,urllc,uesimtun1,117207,1601,82237710,556419,,1,1
2025-11-25T16:49:15.118971Z,mmtc,uesimtun2,137722,2029,17777874,14869,,1,1
2025-11-25T16:49:15.369173Z,embb,uesimtun0,112947,1544,724548437,528063,,1,1
2025-11-25T16:49:15.369173Z,urllc,uesimtun1,117291,1602,82647902,559191,,1,1
2025-11-25T16:49:15.369173Z,mmtc,uesimtun2,137890,2031,17900506,14960,,1,1
2025-11-25T16:49:15.619085Z,embb,uesimtun0,113288,1550,730988454,532748,,1,1
2025-11-25T16:49:15.619085Z,urllc,uesimtun1,118069,1617,83432246,564498,,1,1
2025-11-25T16:49:15.619085Z,mmtc,uesimtun2,138142,2034,18134678,15133,,1,1
2025-11-25T16:49:15.868950Z,embb,uesimtun0,113456,1552,737320974,537352,,1,1
2025-11-25T16:49:15.868950Z,urllc,uesimtun1,118562,1626,84198524,569680,,1,1
2025-11-25T16:49:15.868950Z,mmtc,uesimtun2,138772,2045,18753366,15595,,1,1
2025-11-25T16:49:16.436350Z,embb,uesimtun0,113540,1553,741526114,540409,,1,1
2025-11-25T16:49:16.436350Z,urllc,uesimtun1,118730,1628,86297244,583862,,1,1
2025-11-25T16:49:16.436350Z,mmtc,uesimtun2,138856,2046,19092174,15845,,1,1
2025-11-25T16:49:16.802687Z,embb,uesimtun0,113708,1555,750867946,547200,,1,1
2025-11-25T16:49:16.802687Z,urllc,uesimtun1,118814,1629,87217000,590077,,1,1
2025-11-25T16:49:16.802687Z,mmtc,uesimtun2,139024,2048,19265898,15976,,1,1
2025-11-25T16:49:17.052911Z,embb,uesimtun0,113876,1557,757267974,551854,,1,1
2025-11-25T16:49:17.052911Z,urllc,uesimtun1,118982,1631,87604484,592696,,1,1
2025-11-25T16:49:17.052911Z,mmtc,uesimtun2,139489,2056,19445108,16111,,1,1
2025-11-25T16:49:17.302726Z,embb,uesimtun0,113960,1558,763648654,556493,,1,1
2025-11-25T16:49:17.302726Z,urllc,uesimtun1,119066,1632,88736324,600344,,1,1
2025-11-25T16:49:17.302726Z,mmtc,uesimtun2,139573,2057,19780936,16356,,1,1
2025-11-25T16:49:17.554874Z,embb,uesimtun0,114044,1559,770081538,561169,,1,1
2025-11-25T16:49:17.554874Z,urllc,uesimtun1,119435,1639,89162066,603224,,1,1
2025-11-25T16:49:17.554874Z,mmtc,uesimtun2,139741,2059,19906320,16449,,1,1
2025-11-25T16:49:17.802938Z,embb,uesimtun0,114212,1561,776403050,565765,,1,1
2025-11-25T16:49:17.802938Z,urllc,uesimtun1,119519,1640,89917542,608329,,1,1
2025-11-25T16:49:17.802938Z,mmtc,uesimtun2,140756,2079,20131745,16630,,1,1
2025-11-25T16:49:18.053150Z,embb,uesimtun0,114380,1563,782790610,570409,,1,1
2025-11-25T16:49:18.053150Z,urllc,uesimtun1,119603,1641,91048938,615974,,1,1
2025-11-25T16:49:18.053150Z,mmtc,uesimtun2,141137,2086,20509303,16912,,1,1
2025-11-25T16:49:18.302963Z,embb,uesimtun0,114380,1563,789165786,575044,,1,1
2025-11-25T16:49:18.302963Z,urllc,uesimtun1,119687,1642,91817882,621170,,1,1
2025-11-25T16:49:18.302963Z,mmtc,uesimtun2,141221,2087,20699275,17051,,1,1
2025-11-25T16:49:18.552773Z,embb,uesimtun0,114548,1565,795569858,579700,,1,1
2025-11-25T16:49:18.552773Z,urllc,uesimtun1,120108,1650,92246932,624073,,1,1
2025-11-25T16:49:18.552773Z,mmtc,uesimtun2,141602,2093,20759086,17100,,1,1
2025-11-25T16:49:18.805333Z,embb,uesimtun0,114716,1567,802001534,584377,,1,1
2025-11-25T16:49:18.805333Z,urllc,uesimtun1,120276,1652,93014036,629257,,1,1
2025-11-25T16:49:18.805333Z,mmtc,uesimtun2,142082,2096,20759431,17106,,1,1
2025-11-25T16:49:19.052870Z,embb,uesimtun0,114884,1569,808302406,588958,,1,1
2025-11-25T16:49:19.052870Z,urllc,uesimtun1,120360,1653,94133444,636821,,1,1
2025-11-25T16:49:19.052870Z,mmtc,uesimtun2,142226,2098,20759776,17111,,1,1
2025-11-25T16:49:19.418741Z,embb,uesimtun0,114884,1569,817624974,595735,,1,1
2025-11-25T16:49:19.418741Z,urllc,uesimtun1,120360,1653,95266528,644478,,1,1
2025-11-25T16:49:19.418741Z,mmtc,uesimtun2,142600,2105,20760457,17120,,1,1
2025-11-25T16:49:19.669279Z,embb,uesimtun0,115052,1571,824023686,600389,,1,1
2025-11-25T16:49:19.669279Z,urllc,uesimtun1,120612,1656,95682216,647288,,1,1
2025-11-25T16:49:19.669279Z,mmtc,uesimtun2,143172,2116,20762326,17129,,1,1
2025-11-25T16:49:20.220138Z,embb,uesimtun0,115136,1572,837698458,610328,,1,1
2025-11-25T16:49:20.220138Z,urllc,uesimtun1,120696,1657,97735820,661165,,1,1
2025-11-25T16:49:20.220138Z,mmtc,uesimtun2,143866,2130,20773000,17152,,1,1
2025-11-25T16:49:20.588560Z,embb,uesimtun0,115220,1573,847483338,617441,,1,1
2025-11-25T16:49:20.588560Z,urllc,uesimtun1,121313,1667,98871396,668847,,1,1
2025-11-25T16:49:20.588560Z,mmtc,uesimtun2,144174,2135,20777437,17159,,1,1
2025-11-25T16:49:20.838927Z,embb,uesimtun0,115437,1577,853884767,622097,,1,1
2025-11-25T16:49:20.838927Z,urllc,uesimtun1,121397,1668,99282180,671623,,1,1
2025-11-25T16:49:20.838927Z,mmtc,uesimtun2,144258,2136,20778897,17161,,1,1
2025-11-25T16:49:21.089124Z,embb,uesimtun0,115521,1578,860272243,626740,,1,1
2025-11-25T16:49:21.089124Z,urllc,uesimtun1,121722,1673,100413357,679268,,1,1
2025-11-25T16:49:21.089124Z,mmtc,uesimtun2,144342,2137,20783109,17165,,1,1
2025-11-25T16:49:21.338941Z,embb,uesimtun0,115521,1578,866643207,631371,,1,1
2025-11-25T16:49:21.338941Z,urllc,uesimtun1,122127,1680,101187315,684500,,1,1
2025-11-25T16:49:21.338941Z,mmtc,uesimtun2,144426,2138,20785945,17168,,1,1
2025-11-25T16:49:21.588779Z,embb,uesimtun0,115521,1578,873022427,636008,,1,1
2025-11-25T16:49:21.588779Z,urllc,uesimtun1,122468,1686,101594652,687255,,1,1
2025-11-25T16:49:21.588779Z,mmtc,uesimtun2,144807,2145,20788974,17174,,1,1
2025-11-25T16:49:21.839018Z,embb,uesimtun0,115890,1585,879408833,640655,,1,1
2025-11-25T16:49:21.839018Z,urllc,uesimtun1,122893,1693,102366153,692471,,1,1
2025-11-25T16:49:21.839018Z,mmtc,uesimtun2,145232,2152,20792147,17182,,1,1
2025-11-25T16:49:22.088868Z,embb,uesimtun0,115974,1586,885247285,644899,,1,1
2025-11-25T16:49:22.088868Z,urllc,uesimtun1,123061,1695,103500889,700139,,1,1
2025-11-25T16:49:22.088868Z,mmtc,uesimtun2,145641,2160,20796717,17192,,1,1
2025-11-25T16:49:22.338693Z,embb,uesimtun0,116058,1587,891636221,649544,,1,1
2025-11-25T16:49:22.338693Z,urllc,uesimtun1,123823,1709,104269048,705336,,1,1
2025-11-25T16:49:22.338693Z,mmtc,uesimtun2,145809,2162,20801097,17198,,1,1
2025-11-25T16:49:22.588686Z,embb,uesimtun0,116058,1587,897927377,654117,,1,1
2025-11-25T16:49:22.588686Z,urllc,uesimtun1,123907,1710,104685604,708151,,1,1
2025-11-25T16:49:22.588686Z,mmtc,uesimtun2,145977,2164,20802641,17201,,1,1
2025-11-25T16:49:22.838802Z,embb,uesimtun0,116479,1595,904385387,658817,,1,1
2025-11-25T16:49:22.838802Z,urllc,uesimtun1,123991,1711,105450552,713320,,1,1
2025-11-25T16:49:22.838802Z,mmtc,uesimtun2,146514,2173,20805951,17211,,1,1
2025-11-25T16:49:23.090410Z,embb,uesimtun0,116563,1596,910819647,663494,,1,1
2025-11-25T16:49:23.090410Z,urllc,uesimtun1,124159,1713,106589284,721015,,1,1
2025-11-25T16:49:23.090410Z,mmtc,uesimtun2,146682,2175,20810247,17216,,1,1
2025-11-25T16:49:23.338913Z,embb,uesimtun0,116563,1596,917145287,668093,,1,1
2025-11-25T16:49:23.338913Z,urllc,uesimtun1,124327,1715,107353132,726177,,1,1
2025-11-25T16:49:23.338913Z,mmtc,uesimtun2,146850,2177,20814627,17222,,1,1
2025-11-25T16:49:23.588685Z,embb,uesimtun0,116731,1598,923499823,672713,,1,1
2025-11-25T16:49:23.588685Z,urllc,uesimtun1,124411,1716,107765544,728964,,1,1
2025-11-25T16:49:23.588685Z,mmtc,uesimtun2,147018,2179,20816171,17225,,1,1
2025-11-25T16:49:23.839026Z,embb,uesimtun0,117240,1606,929911112,677379,,1,1
2025-11-25T16:49:23.839026Z,urllc,uesimtun1,124495,1717,108534044,734157,,1,1
2025-11-25T16:49:23.839026Z,mmtc,uesimtun2,147768,2193,20819702,17239,,1,1
2025-11-25T16:49:24.088815Z,embb,uesimtun0,117324,1607,936286204,682013,,1,1
2025-11-25T16:49:24.088815Z,urllc,uesimtun1,124579,1718,109665884,741805,,1,1
2025-11-25T16:49:24.088815Z,mmtc,uesimtun2,147936,2195,20823998,17244,,1,1
2025-11-25T16:49:24.339154Z,embb,uesimtun0,117324,1607,942699908,686676,,1,1
2025-11-25T16:49:24.339154Z,urllc,uesimtun1,124663,1719,110091912,744684,,1,1
2025-11-25T16:49:24.339154Z,mmtc,uesimtun2,148020,2196,20826834,17247,,1,1
2025-11-25T16:49:24.588964Z,embb,uesimtun0,117660,1611,949050400,691294,,1,1
2025-11-25T16:49:24.588964Z,urllc,uesimtun1,125344,1730,111208527,752235,,1,1
2025-11-25T16:49:24.588964Z,mmtc,uesimtun2,148473,2204,20831436,17257,,1,1
2025-11-25T16:49:24.838781Z,embb,uesimtun0,118085,1618,955450681,695952,,1,1
2025-11-25T16:49:24.838781Z,urllc,uesimtun1,125910,1741,111623073,755040,,1,1
2025-11-25T16:49:24.838781Z,mmtc,uesimtun2,148842,2211,20833202,17264,,1,1
2025-11-25T16:49:25.088750Z,embb,uesimtun0,118253,1620,961807969,700574,,1,1
2025-11-25T16:49:25.088750Z,urllc,uesimtun1,125994,1742,112750621,762659,,1,1
2025-11-25T16:49:25.088750Z,mmtc,uesimtun2,149227,2217,20839127,17274,,1,1
2025-11-25T16:49:25.338726Z,embb,uesimtun0,118253,1620,968213417,705231,,1,1
2025-11-25T16:49:25.338726Z,urllc,uesimtun1,126459,1750,113527947,767915,,1,1
2025-11-25T16:49:25.338726Z,mmtc,uesimtun2,149395,2219,20842047,17278,,1,1
2025-11-25T16:49:25.589221Z,embb,uesimtun0,118421,1622,974563825,709848,,1,1
2025-11-25T16:49:25.589221Z,urllc,uesimtun1,126627,1752,113932155,770647,,1,1
2025-11-25T16:49:25.589221Z,mmtc,uesimtun2,149804,2227,20843866,17286,,1,1
2025-11-25T16:49:25.838996Z,embb,uesimtun0,118846,1629,980951638,714496,,1,1
2025-11-25T16:49:25.838996Z,urllc,uesimtun1,126879,1755,114703339,775859,,1,1
2025-11-25T16:49:25.838996Z,mmtc,uesimtun2,149888,2228,20846702,17289,,1,1
2025-11-25T16:49:26.088849Z,embb,uesimtun0,119014,1631,987326814,719131,,1,1
2025-11-25T16:49:26.088849Z,urllc,uesimtun1,126963,1756,115679631,782456,,1,1
2025-11-25T16:49:26.088849Z,mmtc,uesimtun2,149972,2229,20852290,17294,,1,1
2025-11-25T16:49:26.338736Z,embb,uesimtun0,119014,1631,993708786,723770,,1,1
2025-11-25T16:49:26.338736Z,urllc,uesimtun1,127131,1758,116447771,787647,,1,1
2025-11-25T16:49:26.338736Z,mmtc,uesimtun2,150140,2231,20855210,17298,,1,1
2025-11-25T16:49:26.588926Z,embb,uesimtun0,119098,1632,1000085338,728406,,1,1
2025-11-25T16:49:26.588926Z,urllc,uesimtun1,127215,1759,116848343,790354,,1,1
2025-11-25T16:49:26.588926Z,mmtc,uesimtun2,150806,2244,20857426,17312,,1,1
2025-11-25T16:49:26.838757Z,embb,uesimtun0,119507,1640,1006464916,733049,,1,1
2025-11-25T16:49:26.838757Z,urllc,uesimtun1,127708,1768,117630013,795640,,1,1
2025-11-25T16:49:26.838757Z,mmtc,uesimtun2,151953,2266,20861376,17333,,1,1
2025-11-25T16:49:27.089053Z,embb,uesimtun0,119675,1642,1012903388,737730,,1,1
2025-11-25T16:49:27.089053Z,urllc,uesimtun1,127792,1769,118766885,803322,,1,1
2025-11-25T16:49:27.089053Z,mmtc,uesimtun2,152097,2268,20867105,17340,,1,1
2025-11-25T16:49:27.338713Z,embb,uesimtun0,119675,1642,1019275728,742362,,1,1
2025-11-25T16:49:27.338713Z,urllc,uesimtun1,127876,1770,119186929,806161,,1,1
2025-11-25T16:49:27.338713Z,mmtc,uesimtun2,152181,2269,20868565,17342,,1,1
2025-11-25T16:49:27.588684Z,embb,uesimtun0,119927,1645,1025591820,746955,,1,1
2025-11-25T16:49:27.588684Z,urllc,uesimtun1,128044,1772,119939677,811248,,1,1
2025-11-25T16:49:27.588684Z,mmtc,uesimtun2,152433,2272,20871622,17348,,1,1
2025-11-25T16:49:27.838990Z,embb,uesimtun0,120380,1653,1031992070,751613,,1,1
2025-11-25T16:49:27.838990Z,urllc,uesimtun1,128212,1774,120712997,816474,,1,1
2025-11-25T16:49:27.838990Z,mmtc,uesimtun2,154689,2309,20875546,17385,,1,1
2025-11-25T16:49:28.088773Z,embb,uesimtun0,120464,1654,1038391930,756265,,1,1
2025-11-25T16:49:28.088773Z,urllc,uesimtun1,128296,1775,121848029,824144,,1,1
2025-11-25T16:49:28.088773Z,mmtc,uesimtun2,154813,2311,20875630,17386,,1,1
2025-11-25T16:49:28.339086Z,embb,uesimtun0,120464,1654,1044746382,760884,,1,1
2025-11-25T16:49:28.339086Z,urllc,uesimtun1,128464,1777,122615721,829333,,1,1
2025-11-25T16:49:28.339086Z,mmtc,uesimtun2,154981,2313,20877174,17389,,1,1
2025-11-25T16:49:28.588917Z,embb,uesimtun0,120632,1656,1051124394,765522,,1,1
2025-11-25T16:49:28.588917Z,urllc,uesimtun1,129254,1792,123029265,832134,,1,1
2025-11-25T16:49:28.588917Z,mmtc,uesimtun2,155065,2314,20877258,17390,,1,1
2025-11-25T16:49:28.839016Z,embb,uesimtun0,121137,1665,1057517816,770176,,1,1
2025-11-25T16:49:28.839016Z,urllc,uesimtun1,129422,1794,123801253,837351,,1,1
2025-11-25T16:49:28.839016Z,mmtc,uesimtun2,155775,2327,20877985,17401,,1,1
2025-11-25T16:49:29.088753Z,embb,uesimtun0,121221,1666,1063862636,774788,,1,1
2025-11-25T16:49:29.088753Z,urllc,uesimtun1,129506,1795,124933029,844999,,1,1
2025-11-25T16:49:29.088753Z,mmtc,uesimtun2,155859,2328,20879445,17403,,1,1
2025-11-25T16:49:29.338848Z,embb,uesimtun0,121221,1666,1070268000,779444,,1,1
2025-11-25T16:49:29.338848Z,urllc,uesimtun1,129590,1796,125342777,847768,,1,1
2025-11-25T16:49:29.338848Z,mmtc,uesimtun2,155943,2329,20879613,17405,,1,1
2025-11-25T16:49:29.588873Z,embb,uesimtun0,121389,1668,1076650056,784084,,1,1
2025-11-25T16:49:29.588873Z,urllc,uesimtun1,129842,1799,126111445,852963,,1,1
2025-11-25T16:49:29.588873Z,mmtc,uesimtun2,156111,2331,20879781,17407,,1,1
2025-11-25T16:49:29.838975Z,embb,uesimtun0,121730,1674,1083032281,788727,,1,1
2025-11-25T16:49:29.838975Z,urllc,uesimtun1,130010,1801,126888021,858211,,1,1
2025-11-25T16:49:29.838975Z,mmtc,uesimtun2,156821,2344,20881884,17419,,1,1
2025-11-25T16:49:30.088877Z,embb,uesimtun0,121814,1675,1089407373,793361,,1,1
2025-11-25T16:49:30.088877Z,urllc,uesimtun1,130094,1802,128014321,865822,,1,1
2025-11-25T16:49:30.088877Z,mmtc,uesimtun2,156905,2345,20881968,17420,,1,1
2025-11-25T16:49:30.338855Z,embb,uesimtun0,121814,1675,1095786593,797998,,1,1
2025-11-25T16:49:30.338855Z,urllc,uesimtun1,130178,1803,128784449,871026,,1,1
2025-11-25T16:49:30.338855Z,mmtc,uesimtun2,157073,2347,20883596,17424,,1,1
2025-11-25T16:49:30.589113Z,embb,uesimtun0,121898,1676,1102174153,802642,,1,1
2025-11-25T16:49:30.589113Z,urllc,uesimtun1,130346,1805,129198425,873824,,1,1
2025-11-25T16:49:30.589113Z,mmtc,uesimtun2,157241,2349,20883764,17426,,1,1
2025-11-25T16:49:30.838822Z,embb,uesimtun0,122363,1684,1108528995,807267,,1,1
2025-11-25T16:49:30.838822Z,urllc,uesimtun1,130430,1806,129966481,879014,,1,1
2025-11-25T16:49:30.838822Z,mmtc,uesimtun2,157923,2361,20884438,17436,,1,1
2025-11-25T16:49:31.088849Z,embb,uesimtun0,122447,1685,1114927479,811918,,1,1
2025-11-25T16:49:31.088849Z,urllc,uesimtun1,130514,1807,131097285,886655,,1,1
2025-11-25T16:49:31.088849Z,mmtc,uesimtun2,158264,2367,20886235,17443,,1,1
2025-11-25T16:49:31.338719Z,embb,uesimtun0,122447,1685,1121290271,816544,,1,1
2025-11-25T16:49:31.338719Z,urllc,uesimtun1,130598,1808,131508069,889431,,1,1
2025-11-25T16:49:31.338719Z,mmtc,uesimtun2,158348,2368,20886319,17444,,1,1
2025-11-25T16:49:31.589005Z,embb,uesimtun0,122615,1687,1127688839,821196,,1,1
2025-11-25T16:49:31.589005Z,urllc,uesimtun1,131103,1817,132279823,894650,,1,1
2025-11-25T16:49:31.589005Z,mmtc,uesimtun2,158857,2376,20886824,17451,,1,1
2025-11-25T16:49:31.838988Z,embb,uesimtun0,123208,1696,1134069940,825841,,1,1
2025-11-25T16:49:31.838988Z,urllc,uesimtun1,131187,1818,133050099,899855,,1,1
2025-11-25T16:49:31.838988Z,mmtc,uesimtun2,159282,2383,20888621,17458,,1,1
2025-11-25T16:49:32.088992Z,embb,uesimtun0,123292,1697,1140457416,830484,,1,1
2025-11-25T16:49:32.088992Z,urllc,uesimtun1,131271,1819,134182087,907504,,1,1
2025-11-25T16:49:32.088992Z,mmtc,uesimtun2,159366,2384,20890225,17462,,1,1
2025-11-25T16:49:32.454995Z,embb,uesimtun0,123292,1697,1149790992,837269,,1,1
2025-11-25T16:49:32.454995Z,urllc,uesimtun1,131271,1819,134949463,912690,,1,1
2025-11-25T16:49:32.454995Z,mmtc,uesimtun2,159366,2384,20890309,17463,,1,1
2025-11-25T16:49:32.705382Z,embb,uesimtun0,123628,1701,1156177344,841914,,1,1
2025-11-25T16:49:32.705382Z,urllc,uesimtun1,132261,1836,136082931,920356,,1,1
2025-11-25T16:49:32.705382Z,mmtc,uesimtun2,159831,2392,20890783,17470,,1,1
2025-11-25T16:49:32.955399Z,embb,uesimtun0,123712,1702,1162552520,846549,,1,1
2025-11-25T16:49:32.955399Z,urllc,uesimtun1,132345,1837,136856463,925583,,1,1
2025-11-25T16:49:32.955399Z,mmtc,uesimtun2,159999,2394,20892327,17473,,1,1
2025-11-25T16:49:33.205626Z,embb,uesimtun0,123712,1702,1168933116,851187,,1,1
2025-11-25T16:49:33.205626Z,urllc,uesimtun1,132345,1837,137263547,928334,,1,1
2025-11-25T16:49:33.205626Z,mmtc,uesimtun2,160083,2395,20892411,17474,,1,1
2025-11-25T16:49:33.456084Z,embb,uesimtun0,123796,1703,1175331600,855838,,1,1
2025-11-25T16:49:33.456084Z,urllc,uesimtun1,132429,1838,138043295,933603,,1,1
2025-11-25T16:49:33.456084Z,mmtc,uesimtun2,160504,2403,20892853,17481,,1,1
2025-11-25T16:49:33.705979Z,embb,uesimtun0,123964,1705,1181712280,860477,,1,1
2025-11-25T16:49:33.705979Z,urllc,uesimtun1,133050,1848,138808801,938780,,1,1
2025-11-25T16:49:33.705979Z,mmtc,uesimtun2,160672,2405,20894397,17484,,1,1
2025-11-25T16:49:34.229345Z,embb,uesimtun0,124048,1706,1188544288,865444,,1,1
2025-11-25T16:49:34.229345Z,urllc,uesimtun1,133218,1850,140648989,951215,,1,1
2025-11-25T16:49:34.229345Z,mmtc,uesimtun2,161093,2413,20896215,17492,,1,1
2025-11-25T16:49:34.600847Z,embb,uesimtun0,124048,1706,1202649748,875696,,1,1
2025-11-25T16:49:34.600847Z,urllc,uesimtun1,133218,1850,141789857,958924,,1,1
2025-11-25T16:49:34.600847Z,mmtc,uesimtun2,161345,2416,20896551,17496,,1,1
2025-11-25T16:49:34.851023Z,embb,uesimtun0,124048,1706,1209049692,880349,,1,1
2025-11-25T16:49:34.851023Z,urllc,uesimtun1,133386,1852,142204129,961724,,1,1
2025-11-25T16:49:34.851023Z,mmtc,uesimtun2,161770,2423,20898348,17503,,1,1
2025-11-25T16:49:35.120187Z,embb,uesimtun0,124132,1707,1215873360,885309,,1,1
2025-11-25T16:49:35.120187Z,urllc,uesimtun1,133470,1853,143393689,969762,,1,1
2025-11-25T16:49:35.120187Z,mmtc,uesimtun2,161854,2424,20898432,17504,,1,1
2025-11-25T16:49:35.428579Z,embb,uesimtun0,124216,1708,1223800664,891072,,1,1
2025-11-25T16:49:35.428579Z,urllc,uesimtun1,133638,1855,144007465,973910,,1,1
2025-11-25T16:49:35.428579Z,mmtc,uesimtun2,161938,2425,20899892,17506,,1,1
2025-11-25T16:49:35.678889Z,embb,uesimtun0,124300,1709,1230181260,895710,,1,1
2025-11-25T16:49:35.678889Z,urllc,uesimtun1,133806,1857,144750149,978929,,1,1
2025-11-25T16:49:35.678889Z,mmtc,uesimtun2,162447,2433,20900397,17513,,1,1
2025-11-25T16:49:35.986549Z,embb,uesimtun0,124468,1711,1237465972,901006,,1,1
2025-11-25T16:49:35.986549Z,urllc,uesimtun1,133890,1858,145824773,986191,,1,1
2025-11-25T16:49:35.986549Z,mmtc,uesimtun2,163604,2450,20901856,17533,,1,1
2025-11-25T16:49:36.341616Z,embb,uesimtun0,124468,1711,1246447292,907535,,1,1
2025-11-25T16:49:36.341616Z,urllc,uesimtun1,133890,1858,146544285,991053,,1,1
2025-11-25T16:49:36.341616Z,mmtc,uesimtun2,164006,2452,20902141,17537,,1,1
2025-11-25T16:49:36.592094Z,embb,uesimtun0,124552,1712,1252859536,912196,,1,1
2025-11-25T16:49:36.592094Z,urllc,uesimtun1,134596,1872,147320109,996302,,1,1
2025-11-25T16:49:36.592094Z,mmtc,uesimtun2,164090,2453,20902225,17538,,1,1
2025-11-25T16:49:36.842181Z,embb,uesimtun0,125145,1721,1259235133,916837,,1,1
2025-11-25T16:49:36.842181Z,urllc,uesimtun1,134848,1875,148088777,1001497,,1,1
2025-11-25T16:49:36.842181Z,mmtc,uesimtun2,164559,2460,20902891,17548,,1,1
2025-11-25T16:49:37.092195Z,embb,uesimtun0,125229,1722,1265619857,921478,,1,1
2025-11-25T16:49:37.092195Z,urllc,uesimtun1,134932,1876,149220677,1009146,,1,1
2025-11-25T16:49:37.092195Z,mmtc,uesimtun2,165129,2471,20903595,17558,,1,1
2025-11-25T16:49:37.342018Z,embb,uesimtun0,125229,1722,1271997701,926114,,1,1
2025-11-25T16:49:37.342018Z,urllc,uesimtun1,135016,1877,149631017,1011919,,1,1
2025-11-25T16:49:37.342018Z,mmtc,uesimtun2,165268,2473,20976755,17614,,1,1
2025-11-25T16:49:37.591848Z,embb,uesimtun0,125313,1723,1278372793,930748,,1,1
2025-11-25T16:49:37.591848Z,urllc,uesimtun1,136208,1900,150402854,1017145,,1,1
2025-11-25T16:49:37.591848Z,mmtc,uesimtun2,165352,2474,21758407,18183,,1,1
2025-11-25T16:49:37.841935Z,embb,uesimtun0,125850,1732,1284753863,935393,,1,1
2025-11-25T16:49:37.841935Z,urllc,uesimtun1,136544,1904,151174122,1022358,,1,1
2025-11-25T16:49:37.841935Z,mmtc,uesimtun2,166046,2488,22536739,18762,,1,1
2025-11-25T16:49:38.092173Z,embb,uesimtun0,125934,1733,1290140987,939309,,1,1
2025-11-25T16:49:38.092173Z,urllc,uesimtun1,136997,1912,152306796,1030015,,1,1
2025-11-25T16:49:38.092173Z,mmtc,uesimtun2,166046,2488,23684467,19598,,1,1
2025-11-25T16:49:38.341645Z,embb,uesimtun0,125934,1733,1296502403,943934,,1,1
2025-11-25T16:49:38.341645Z,urllc,uesimtun1,137081,1913,153074112,1035200,,1,1
2025-11-25T16:49:38.341645Z,mmtc,uesimtun2,166046,2488,24823879,20427,,1,1
2025-11-25T16:49:38.633046Z,embb,uesimtun0,125934,1733,1303941203,949342,,1,1
2025-11-25T16:49:38.633046Z,urllc,uesimtun1,137165,1914,153617440,1038872,,1,1
2025-11-25T16:49:38.633046Z,mmtc,uesimtun2,166130,2489,25006971,20561,,1,1
2025-11-25T16:49:38.883098Z,embb,uesimtun0,126443,1741,1310326348,953989,,1,1
2025-11-25T16:49:38.883098Z,urllc,uesimtun1,137875,1927,154745927,1046503,,1,1
2025-11-25T16:49:38.883098Z,mmtc,uesimtun2,167422,2513,26515577,21685,,1,1
2025-11-25T16:49:39.249858Z,embb,uesimtun0,126527,1742,1319691488,960796,,1,1
2025-11-25T16:49:39.249858Z,urllc,uesimtun1,137959,1928,155779579,1053488,,1,1
2025-11-25T16:49:39.249858Z,mmtc,uesimtun2,167422,2513,27139042,22140,,1,1
2025-11-25T16:49:39.500145Z,embb,uesimtun0,126896,1749,1326072474,965440,,1,1
2025-11-25T16:49:39.500145Z,urllc,uesimtun1,138043,1929,156288043,1056924,,1,1
2025-11-25T16:49:39.500145Z,mmtc,uesimtun2,167916,2522,27139689,22146,,1,1
2025-11-25T16:49:39.750183Z,embb,uesimtun0,127064,1751,1332446274,970074,,1,1
2025-11-25T16:49:39.750183Z,urllc,uesimtun1,138127,1930,157068827,1062200,,1,1
2025-11-25T16:49:39.750183Z,mmtc,uesimtun2,168852,2533,27140455,22158,,1,1
2025-11-25T16:49:40.000117Z,embb,uesimtun0,127573,1759,1338830043,974720,,1,1
2025-11-25T16:49:40.000117Z,urllc,uesimtun1,138295,1932,158193647,1069801,,1,1
2025-11-25T16:49:40.000117Z,mmtc,uesimtun2,169374,2542,27141330,22170,,1,1
2025-11-25T16:49:40.326000Z,embb,uesimtun0,127573,1759,1347174191,980785,,1,1
2025-11-25T16:49:40.326000Z,urllc,uesimtun1,138379,1933,158835395,1074138,,1,1
2025-11-25T16:49:40.326000Z,mmtc,uesimtun2,169597,2545,27202022,22216,,1,1
2025-11-25T16:49:40.576195Z,embb,uesimtun0,127657,1760,1353536899,985410,,1,1
2025-11-25T16:49:40.576195Z,urllc,uesimtun1,138463,1934,159610455,1079376,,1,1
2025-11-25T16:49:40.576195Z,mmtc,uesimtun2,170006,2553,28074848,22857,,1,1
2025-11-25T16:49:40.826475Z,embb,uesimtun0,128290,1770,1359887781,990034,,1,1
2025-11-25T16:49:40.826475Z,urllc,uesimtun1,139052,1944,160390137,1084649,,1,1
2025-11-25T16:49:40.826475Z,mmtc,uesimtun2,170375,2560,28947790,23499,,1,1
2025-11-25T16:49:41.076230Z,embb,uesimtun0,128374,1771,1366312409,994704,,1,1
2025-11-25T16:49:41.076230Z,urllc,uesimtun1,139136,1945,161345709,1091106,,1,1
2025-11-25T16:49:41.076230Z,mmtc,uesimtun2,170744,2567,30205896,24420,,1,1
2025-11-25T16:49:41.326197Z,embb,uesimtun0,128374,1771,1372675117,999329,,1,1
2025-11-25T16:49:41.326197Z,urllc,uesimtun1,139220,1946,161762497,1093923,,1,1
2025-11-25T16:49:41.326197Z,mmtc,uesimtun2,170952,2570,30673904,24762,,1,1
2025-11-25T16:49:41.576224Z,embb,uesimtun0,128458,1772,1379050209,1003963,,1,1
2025-11-25T16:49:41.576224Z,urllc,uesimtun1,139601,1953,162524199,1099073,,1,1
2025-11-25T16:49:41.576224Z,mmtc,uesimtun2,171241,2575,31531662,25393,,1,1
2025-11-25T16:49:41.826271Z,embb,uesimtun0,128995,1781,1385425775,1008604,,1,1
2025-11-25T16:49:41.826271Z,urllc,uesimtun1,140876,1976,163297061,1104306,,1,1
2025-11-25T16:49:41.826271Z,mmtc,uesimtun2,171975,2590,32396546,26033,,1,1
2025-11-25T16:49:42.076483Z,embb,uesimtun0,129079,1782,1391814627,1013248,,1,1
2025-11-25T16:49:42.076483Z,urllc,uesimtun1,140960,1977,164428901,1111954,,1,1
2025-11-25T16:49:42.076483Z,mmtc,uesimtun2,172239,2594,33669853,26965,,1,1
2025-11-25T16:49:42.326163Z,embb,uesimtun0,129079,1782,1398188427,1017882,,1,1
2025-11-25T16:49:42.326163Z,urllc,uesimtun1,141044,1978,164838289,1114721,,1,1
2025-11-25T16:49:42.326163Z,mmtc,uesimtun2,172323,2595,34130981,27302,,1,1
2025-11-25T16:49:42.576467Z,embb,uesimtun0,129247,1784,1404593791,1022538,,1,1
2025-11-25T16:49:42.576467Z,urllc,uesimtun1,141128,1979,165615817,1119975,,1,1
2025-11-25T16:49:42.576467Z,mmtc,uesimtun2,172407,2596,35000786,27936,,1,1
2025-11-25T16:49:42.826422Z,embb,uesimtun0,129415,1786,1410946951,1027157,,1,1
2025-11-25T16:49:42.826422Z,urllc,uesimtun1,141464,1983,166380129,1125141,,1,1
2025-11-25T16:49:42.826422Z,mmtc,uesimtun2,173414,2614,35860185,28571,,1,1
2025-11-25T16:49:43.076718Z,embb,uesimtun0,129499,1787,1417352315,1031813,,1,1
2025-11-25T16:49:43.076718Z,urllc,uesimtun1,141548,1984,167514929,1132809,,1,1
2025-11-25T16:49:43.076718Z,mmtc,uesimtun2,173414,2614,37543201,29796,,1,1
2025-11-25T16:49:43.343962Z,embb,uesimtun0,129667,1789,1424169187,1036769,,1,1
2025-11-25T16:49:43.343962Z,urllc,uesimtun1,141632,1985,167980621,1135956,,1,1
2025-11-25T16:49:43.343962Z,mmtc,uesimtun2,173582,2616,37657493,29880,,1,1
2025-11-25T16:49:43.594238Z,embb,uesimtun0,129751,1790,1430558039,1041413,,1,1
2025-11-25T16:49:43.594238Z,urllc,uesimtun1,141716,1986,168752081,1141169,,1,1
2025-11-25T16:49:43.594238Z,mmtc,uesimtun2,173666,2617,38527209,30513,,1,1
2025-11-25T16:49:43.844265Z,embb,uesimtun0,130124,1796,1436952785,1046067,,1,1
2025-11-25T16:49:43.844265Z,urllc,uesimtun1,141800,1987,169519545,1146355,,1,1
2025-11-25T16:49:43.844265Z,mmtc,uesimtun2,174528,2633,39389670,31155,,1,1
2025-11-25T16:49:44.094101Z,embb,uesimtun0,130208,1797,1443308613,1050687,,1,1
2025-11-25T16:49:44.094101Z,urllc,uesimtun1,141884,1988,170651533,1154004,,1,1
2025-11-25T16:49:44.094101Z,mmtc,uesimtun2,174756,2636,40997260,32329,,1,1
2025-11-25T16:49:44.344142Z,embb,uesimtun0,130208,1797,1449697549,1055332,,1,1
2025-11-25T16:49:44.344142Z,urllc,uesimtun1,141968,1989,171061873,1156777,,1,1
2025-11-25T16:49:44.344142Z,mmtc,uesimtun2,174945,2639,40997452,32332,,1,1
2025-11-25T16:49:44.594479Z,embb,uesimtun0,130292,1798,1456065761,1059961,,1,1
2025-11-25T16:49:44.594479Z,urllc,uesimtun1,142052,1990,171838661,1162026,,1,1
2025-11-25T16:49:44.594479Z,mmtc,uesimtun2,176381,2661,41037714,32384,,1,1
2025-11-25T16:49:44.844270Z,embb,uesimtun0,130965,1809,1462449719,1064610,,1,1
2025-11-25T16:49:44.844270Z,urllc,uesimtun1,142304,1993,172603333,1167194,,1,1
2025-11-25T16:49:44.844270Z,mmtc,uesimtun2,177295,2678,41751346,32915,,1,1
2025-11-25T16:49:45.094172Z,embb,uesimtun0,131049,1810,1468593643,1069076,,1,1
2025-11-25T16:49:45.094172Z,urllc,uesimtun1,142388,1994,173735025,1174841,,1,1
2025-11-25T16:49:45.094172Z,mmtc,uesimtun2,177584,2683,43094825,33899,,1,1
2025-11-25T16:49:45.344387Z,embb,uesimtun0,131049,1810,1474993587,1073729,,1,1
2025-11-25T16:49:45.344387Z,urllc,uesimtun1,142472,1995,174148177,1177633,,1,1
2025-11-25T16:49:45.344387Z,mmtc,uesimtun2,177668,2684,43189853,33969,,1,1
2025-11-25T16:49:45.594267Z,embb,uesimtun0,131133,1811,1480622887,1077821,,1,1
2025-11-25T16:49:45.594267Z,urllc,uesimtun1,142556,1996,174866801,1182489,,1,1
2025-11-25T16:49:45.594267Z,mmtc,uesimtun2,178130,2693,43874328,34476,,1,1
2025-11-25T16:49:45.844455Z,embb,uesimtun0,131385,1814,1487000959,1082460,,1,1
2025-11-25T16:49:45.844455Z,urllc,uesimtun1,142808,1999,175647309,1187764,,1,1
2025-11-25T16:49:45.844455Z,mmtc,uesimtun2,179481,2713,44058947,34630,,1,1
2025-11-25T16:49:46.094232Z,embb,uesimtun0,131553,1816,1493432551,1087136,,1,1
2025-11-25T16:49:46.094232Z,urllc,uesimtun1,142976,2001,176772869,1195370,,1,1
2025-11-25T16:49:46.094232Z,mmtc,uesimtun2,179649,2715,45930451,35992,,1,1
2025-11-25T16:49:46.344169Z,embb,uesimtun0,131637,1817,1499758191,1091735,,1,1
2025-11-25T16:49:46.344169Z,urllc,uesimtun1,143766,2016,177537973,1200547,,1,1
2025-11-25T16:49:46.344169Z,mmtc,uesimtun2,179733,2716,46533223,36431,,1,1
2025-11-25T16:49:46.594479Z,embb,uesimtun0,132250,1823,1502669258,1093860,,1,1
2025-11-25T16:49:46.594479Z,urllc,uesimtun1,144420,2029,177948925,1203330,,1,1
2025-11-25T16:49:46.594479Z,mmtc,uesimtun2,179817,2717,47071323,36823,,1,1
2025-11-25T16:49:46.844313Z,embb,uesimtun0,132418,1825,1502669426,1093862,,1,1
2025-11-25T16:49:46.844313Z,urllc,uesimtun1,144588,2031,178720913,1208547,,1,1
2025-11-25T16:49:46.844313Z,mmtc,uesimtun2,180499,2729,48084891,37572,,1,1
2025-11-25T16:49:47.094230Z,embb,uesimtun0,132719,1830,1502669991,1093869,,1,1
2025-11-25T16:49:47.094230Z,urllc,uesimtun1,144672,2032,179854529,1216207,,1,1
2025-11-25T16:49:47.094230Z,mmtc,uesimtun2,180908,2737,49936197,38926,,1,1
2025-11-25T16:49:47.344060Z,embb,uesimtun0,132719,1830,1502670247,1093871,,1,1
2025-11-25T16:49:47.344060Z,urllc,uesimtun1,144840,2034,180261845,1218960,,1,1
2025-11-25T16:49:47.344060Z,mmtc,uesimtun2,180992,2738,50109657,39053,,1,1
2025-11-25T16:49:47.594304Z,embb,uesimtun0,133251,1840,1504909644,1095507,,1,1
2025-11-25T16:49:47.594304Z,urllc,uesimtun1,144924,2035,181035673,1224189,,1,1
2025-11-25T16:49:47.594304Z,mmtc,uesimtun2,181076,2739,51125229,39792,,1,1
2025-11-25T16:49:47.844245Z,embb,uesimtun0,133503,1843,1514471720,1102459,,1,1
2025-11-25T16:49:47.844245Z,urllc,uesimtun1,145092,2037,181807513,1229405,,1,1
2025-11-25T16:49:47.844245Z,mmtc,uesimtun2,181381,2743,51971882,40413,,1,1
2025-11-25T16:49:48.094409Z,embb,uesimtun0,133587,1844,1524037756,1109412,,1,1
2025-11-25T16:49:48.094409Z,urllc,uesimtun1,145176,2038,182936097,1237031,,1,1
2025-11-25T16:49:48.094409Z,mmtc,uesimtun2,181967,2748,51972600,40421,,1,1
2025-11-25T16:49:48.460763Z,embb,uesimtun0,133587,1844,1538055236,1119601,,1,1
2025-11-25T16:49:48.460763Z,urllc,uesimtun1,145428,2041,184067657,1244679,,1,1
2025-11-25T16:49:48.460763Z,mmtc,uesimtun2,182455,2756,51973014,40427,,1,1
2025-11-25T16:49:48.710880Z,embb,uesimtun0,134096,1852,1547624277,1126560,,1,1
2025-11-25T16:49:48.710880Z,urllc,uesimtun1,145881,2049,184480759,1247473,,1,1
2025-11-25T16:49:48.710880Z,mmtc,uesimtun2,182539,2757,51973098,40428,,1,1
2025-11-25T16:49:48.978123Z,embb,uesimtun0,134348,1855,1554898065,1131849,,1,1
2025-11-25T16:49:48.978123Z,urllc,uesimtun1,146133,2052,185662051,1255456,,1,1
2025-11-25T16:49:48.978123Z,mmtc,uesimtun2,182707,2759,51973266,40430,,1,1
2025-11-25T16:49:49.314829Z,embb,uesimtun0,134348,1855,1567792645,1141221,,1,1
2025-11-25T16:49:49.314829Z,urllc,uesimtun1,146217,2053,186344351,1260067,,1,1
2025-11-25T16:49:49.314829Z,mmtc,uesimtun2,182791,2760,51973350,40431,,1,1
2025-11-25T16:49:49.565112Z,embb,uesimtun0,134432,1856,1577360057,1148175,,1,1
2025-11-25T16:49:49.565112Z,urllc,uesimtun1,146301,2054,187111371,1265250,,1,1
2025-11-25T16:49:49.565112Z,mmtc,uesimtun2,182959,2762,51973518,40433,,1,1
2025-11-25T16:49:49.815348Z,embb,uesimtun0,134929,1864,1586867451,1155093,,1,1
2025-11-25T16:49:49.815348Z,urllc,uesimtun1,146637,2058,187895959,1270553,,1,1
2025-11-25T16:49:49.815348Z,mmtc,uesimtun2,183127,2764,51973686,40435,,1,1
2025-11-25T16:49:50.065130Z,embb,uesimtun0,135013,1865,1596503663,1162097,,1,1
2025-11-25T16:49:50.065130Z,urllc,uesimtun1,146805,2060,189014415,1278111,,1,1
2025-11-25T16:49:50.065130Z,mmtc,uesimtun2,183295,2766,51973914,40438,,1,1
2025-11-25T16:49:50.315071Z,embb,uesimtun0,135013,1865,1606066947,1169048,,1,1
2025-11-25T16:49:50.315071Z,urllc,uesimtun1,146805,2060,189427567,1280903,,1,1
2025-11-25T16:49:50.315071Z,mmtc,uesimtun2,183463,2768,51974082,40440,,1,1
2025-11-25T16:49:50.565356Z,embb,uesimtun0,135181,1867,1615642699,1176009,,1,1
2025-11-25T16:49:50.565356Z,urllc,uesimtun1,147431,2072,190197070,1286108,,1,1
2025-11-25T16:49:50.565356Z,mmtc,uesimtun2,183631,2770,51974250,40442,,1,1
2025-11-25T16:49:50.815383Z,embb,uesimtun0,135634,1875,1625211877,1182970,,1,1
2025-11-25T16:49:50.815383Z,urllc,uesimtun1,147968,2081,190970780,1291340,,1,1
2025-11-25T16:49:50.815383Z,mmtc,uesimtun2,183883,2773,51974502,40445,,1,1
2025-11-25T16:49:51.065371Z,embb,uesimtun0,135718,1876,1634790297,1189932,,1,1
2025-11-25T16:49:51.065371Z,urllc,uesimtun1,148052,2082,192099512,1298967,,1,1
2025-11-25T16:49:51.065371Z,mmtc,uesimtun2,184051,2775,51974730,40448,,1,1
2025-11-25T16:49:51.320299Z,embb,uesimtun0,135718,1876,1644547597,1197024,,1,1
2025-11-25T16:49:51.320299Z,urllc,uesimtun1,148136,2083,192531312,1301885,,1,1
2025-11-25T16:49:51.320299Z,mmtc,uesimtun2,184219,2777,51974898,40450,,1,1
2025-11-25T16:49:51.570486Z,embb,uesimtun0,135886,1878,1654130229,1203990,,1,1
2025-11-25T16:49:51.570486Z,urllc,uesimtun1,148734,2094,193299134,1307078,,1,1
2025-11-25T16:49:51.570486Z,mmtc,uesimtun2,184303,2778,51974982,40451,,1,1
2025-11-25T16:49:51.820599Z,embb,uesimtun0,136423,1887,1663696739,1210950,,1,1
2025-11-25T16:49:51.820599Z,urllc,uesimtun1,148902,2096,194070234,1312289,,1,1
2025-11-25T16:49:51.820599Z,mmtc,uesimtun2,185304,2795,52076634,40541,,1,1
2025-11-25T16:49:52.070889Z,embb,uesimtun0,136507,1888,1673254519,1217897,,1,1
2025-11-25T16:49:52.070889Z,urllc,uesimtun1,148986,2097,195171142,1319728,,1,1
2025-11-25T16:49:52.070889Z,mmtc,uesimtun2,185388,2796,52442878,40810,,1,1
2025-11-25T16:49:52.436900Z,embb,uesimtun0,136675,1890,1687267871,1228083,,1,1
2025-11-25T16:49:52.436900Z,urllc,uesimtun1,149243,2102,195939303,1324921,,1,1
2025-11-25T16:49:52.436900Z,mmtc,uesimtun2,185713,2803,52543708,40889,,1,1
2025-11-25T16:49:52.687257Z,embb,uesimtun0,136843,1892,1696867015,1235061,,1,1
2025-11-25T16:49:52.687257Z,urllc,uesimtun1,149612,2109,196707073,1330112,,1,1
2025-11-25T16:49:52.687257Z,mmtc,uesimtun2,186082,2810,52732694,41033,,1,1
2025-11-25T16:49:52.937239Z,embb,uesimtun0,137095,1895,1706436019,1242019,,1,1
2025-11-25T16:49:52.937239Z,urllc,uesimtun1,149780,2111,197841809,1337780,,1,1
2025-11-25T16:49:52.937239Z,mmtc,uesimtun2,186575,2819,53100672,41309,,1,1
2025-11-25T16:49:53.302979Z,embb,uesimtun0,137095,1895,1720446619,1252203,,1,1
2025-11-25T16:49:53.302979Z,urllc,uesimtun1,149780,2111,198973353,1345426,,1,1
2025-11-25T16:49:53.302979Z,mmtc,uesimtun2,186575,2819,53377332,41511,,1,1
2025-11-25T16:49:53.669667Z,embb,uesimtun0,137095,1895,1734469747,1262398,,1,1
2025-11-25T16:49:53.669667Z,urllc,uesimtun1,149780,2111,200099329,1353036,,1,1
2025-11-25T16:49:53.669667Z,mmtc,uesimtun2,186575,2819,53654112,41715,,1,1
2025-11-25T16:49:54.035231Z,embb,uesimtun0,137095,1895,1748469339,1272574,,1,1
2025-11-25T16:49:54.035231Z,urllc,uesimtun1,149780,2111,200427021,1355251,,1,1
2025-11-25T16:49:54.035231Z,mmtc,uesimtun2,186575,2819,53699604,41749,,1,1
2025-11-25T16:49:54.400767Z,embb,uesimtun0,137095,1895,1762455171,1282740,,1,1
2025-11-25T16:49:54.400767Z,urllc,uesimtun1,149780,2111,202356581,1368289,,1,1
2025-11-25T16:49:54.400767Z,mmtc,uesimtun2,186575,2819,54208928,42122,,1,1
2025-11-25T16:49:54.766795Z,embb,uesimtun0,137095,1895,1776465747,1292924,,1,1
2025-11-25T16:49:54.766795Z,urllc,uesimtun1,149780,2111,203482697,1375902,,1,1
2025-11-25T16:49:54.766795Z,mmtc,uesimtun2,186575,2819,54458248,42307,,1,1
2025-11-25T16:49:55.171060Z,embb,uesimtun0,137095,1895,1791958215,1304184,,1,1
2025-11-25T16:49:55.171060Z,urllc,uesimtun1,149780,2111,204732345,1384346,,1,1
2025-11-25T16:49:55.171060Z,mmtc,uesimtun2,186575,2819,54792760,42552,,1,1
2025-11-25T16:49:55.537039Z,embb,uesimtun0,137095,1895,1805927535,1314338,,1,1
2025-11-25T16:49:55.537039Z,urllc,uesimtun1,149780,2111,205859913,1391966,,1,1
2025-11-25T16:49:55.537039Z,mmtc,uesimtun2,186575,2819,55069540,42756,,1,1
2025-11-25T16:49:55.902551Z,embb,uesimtun0,137095,1895,1819943615,1324526,,1,1
2025-11-25T16:49:55.902551Z,urllc,uesimtun1,149780,2111,207090645,1400285,,1,1
2025-11-25T16:49:55.902551Z,mmtc,uesimtun2,186575,2819,55372548,42980,,1,1
2025-11-25T16:49:56.301867Z,embb,uesimtun0,137095,1895,1835225555,1335633,,1,1
2025-11-25T16:49:56.301867Z,urllc,uesimtun1,149780,2111,208219841,1407916,,1,1
2025-11-25T16:49:56.301867Z,mmtc,uesimtun2,186575,2819,55649268,43183,,1,1
2025-11-25T16:49:56.667832Z,embb,uesimtun0,137095,1895,1849238823,1345818,,1,1
2025-11-25T16:49:56.667832Z,urllc,uesimtun1,149780,2111,209357277,1415603,,1,1
2025-11-25T16:49:56.667832Z,mmtc,uesimtun2,186575,2819,55929172,43394,,1,1
2025-11-25T16:49:57.036788Z,embb,uesimtun0,137095,1895,1863370487,1356090,,1,1
2025-11-25T16:49:57.036788Z,urllc,uesimtun1,149780,2111,210387857,1422568,,1,1
2025-11-25T16:49:57.036788Z,mmtc,uesimtun2,186575,2819,56205952,43598,,1,1
2025-11-25T16:49:57.402337Z,embb,uesimtun0,137095,1895,1877354859,1366254,,1,1
2025-11-25T16:49:57.402337Z,urllc,uesimtun1,149780,2111,211516733,1430197,,1,1
2025-11-25T16:49:57.402337Z,mmtc,uesimtun2,186575,2819,56482816,43803,,1,1
2025-11-25T16:49:57.767848Z,embb,uesimtun0,137095,1895,1891326991,1376411,,1,1
2025-11-25T16:49:57.767848Z,urllc,uesimtun1,149780,2111,212642449,1437806,,1,1
2025-11-25T16:49:57.767848Z,mmtc,uesimtun2,186575,2819,56760064,44014,,1,1
2025-11-25T16:49:58.133489Z,embb,uesimtun0,137095,1895,1901220599,1383603,,1,1
2025-11-25T16:49:58.133489Z,urllc,uesimtun1,149780,2111,213771325,1445435,,1,1
2025-11-25T16:49:58.133489Z,mmtc,uesimtun2,186575,2819,57038244,44219,,1,1
2025-11-25T16:49:58.498902Z,embb,uesimtun0,137095,1895,1915193963,1393759,,1,1
2025-11-25T16:49:58.498902Z,urllc,uesimtun1,149780,2111,214899377,1453058,,1,1
2025-11-25T16:49:58.498902Z,mmtc,uesimtun2,186575,2819,57315468,44430,,1,1
2025-11-25T16:49:58.864544Z,embb,uesimtun0,137095,1895,1929205915,1403944,,1,1
2025-11-25T16:49:58.864544Z,urllc,uesimtun1,149780,2111,216454673,1463570,,1,1
2025-11-25T16:49:58.864544Z,mmtc,uesimtun2,186575,2819,57698344,44713,,1,1
2025-11-25T16:49:59.369562Z,embb,uesimtun0,137095,1895,1948538967,1417997,,1,1
2025-11-25T16:49:59.369562Z,urllc,uesimtun1,149780,2111,217583465,1471198,,1,1
2025-11-25T16:49:59.369562Z,mmtc,uesimtun2,186575,2819,57975328,44920,,1,1
2025-11-25T16:49:59.735012Z,embb,uesimtun0,137095,1895,1962512415,1428154,,1,1
2025-11-25T16:49:59.735012Z,urllc,uesimtun1,149780,2111,218711513,1478822,,1,1
2025-11-25T16:49:59.735012Z,mmtc,uesimtun2,186575,2819,58255040,45129,,1,1
2025-11-25T16:50:00.103905Z,embb,uesimtun0,137095,1895,1976631719,1438417,,1,1
2025-11-25T16:50:00.103905Z,urllc,uesimtun1,149780,2111,219846817,1486494,,1,1
2025-11-25T16:50:00.103905Z,mmtc,uesimtun2,186575,2819,58531904,45334,,1,1
2025-11-25T16:50:00.469634Z,embb,uesimtun0,137095,1895,1990642319,1448601,,1,1
2025-11-25T16:50:00.469634Z,urllc,uesimtun1,149780,2111,220975461,1494121,,1,1
2025-11-25T16:50:00.469634Z,mmtc,uesimtun2,186575,2819,58808888,45541,,1,1
2025-11-25T16:50:00.835532Z,embb,uesimtun0,137095,1895,2004652979,1458786,,1,1
2025-11-25T16:50:00.835532Z,urllc,uesimtun1,149780,2111,222104309,1501751,,1,1
2025-11-25T16:50:00.835532Z,mmtc,uesimtun2,186575,2819,59087164,45748,,1,1
2025-11-25T16:50:01.200969Z,embb,uesimtun0,137095,1895,2018653947,1468963,,1,1
2025-11-25T16:50:01.200969Z,urllc,uesimtun1,149780,2111,223232893,1509377,,1,1
2025-11-25T16:50:01.200969Z,mmtc,uesimtun2,186575,2819,59364028,45953,,1,1
2025-11-25T16:50:01.567018Z,embb,uesimtun0,137095,1895,2032638319,1479127,,1,1
2025-11-25T16:50:01.567018Z,urllc,uesimtun1,149780,2111,224358697,1516986,,1,1
2025-11-25T16:50:01.567018Z,mmtc,uesimtun2,186575,2819,59557285,46103,,1,1
2025-11-25T16:50:01.932640Z,embb,uesimtun0,137095,1895,2046649003,1489312,,1,1
2025-11-25T16:50:01.932640Z,urllc,uesimtun1,149780,2111,225488373,1524621,,1,1
2025-11-25T16:50:01.932640Z,mmtc,uesimtun2,186575,2819,59557482,46106,,1,1
2025-11-25T16:50:02.298094Z,embb,uesimtun0,137095,1895,2060649887,1499488,,1,1
2025-11-25T16:50:02.298094Z,urllc,uesimtun1,149780,2111,226615741,1532241,,1,1
2025-11-25T16:50:02.298094Z,mmtc,uesimtun2,186575,2819,59557859,46112,,1,1
2025-11-25T16:50:02.663639Z,embb,uesimtun0,137095,1895,2074632883,1509651,,1,1
2025-11-25T16:50:02.663639Z,urllc,uesimtun1,149780,2111,227742369,1539856,,1,1
2025-11-25T16:50:02.663639Z,mmtc,uesimtun2,186575,2819,59558260,46118,,1,1
2025-11-25T16:50:03.031638Z,embb,uesimtun0,137095,1895,2088720455,1519890,,1,1
2025-11-25T16:50:03.031638Z,urllc,uesimtun1,149780,2111,228877253,1547525,,1,1
2025-11-25T16:50:03.031638Z,mmtc,uesimtun2,186575,2819,59558344,46119,,1,1
2025-11-25T16:50:03.397093Z,embb,uesimtun0,137095,1895,2102725551,1530070,,1,1
2025-11-25T16:50:03.397093Z,urllc,uesimtun1,149780,2111,230004353,1555142,,1,1
2025-11-25T16:50:03.397093Z,mmtc,uesimtun2,186575,2819,59558601,46123,,1,1
2025-11-25T16:50:03.762678Z,embb,uesimtun0,137095,1895,2116705795,1540231,,1,1
2025-11-25T16:50:03.762678Z,urllc,uesimtun1,149780,2111,231130509,1562755,,1,1
2025-11-25T16:50:03.762678Z,mmtc,uesimtun2,186575,2819,59558889,46127,,1,1
2025-11-25T16:50:04.128213Z,embb,uesimtun0,137095,1895,2130706679,1550407,,1,1
2025-11-25T16:50:04.128213Z,urllc,uesimtun1,149780,2111,232265309,1570423,,1,1
2025-11-25T16:50:04.128213Z,mmtc,uesimtun2,186575,2819,59559117,46130,,1,1
2025-11-25T16:50:04.496736Z,embb,uesimtun0,137095,1895,2144792959,1560646,,1,1
2025-11-25T16:50:04.496736Z,urllc,uesimtun1,149780,2111,233397065,1578074,,1,1
2025-11-25T16:50:04.496736Z,mmtc,uesimtun2,186575,2819,59559525,46136,,1,1
2025-11-25T16:50:04.862600Z,embb,uesimtun0,137095,1895,2158798115,1570827,,1,1
2025-11-25T16:50:04.862600Z,urllc,uesimtun1,149780,2111,235457129,1591996,,1,1
2025-11-25T16:50:04.862600Z,mmtc,uesimtun2,186575,2819,59560010,46143,,1,1
2025-11-25T16:50:05.530895Z,embb,uesimtun0,137095,1895,2183808459,1589005,,1,1
2025-11-25T16:50:05.530895Z,urllc,uesimtun1,149780,2111,236586369,1599630,,1,1
2025-11-25T16:50:05.530895Z,mmtc,uesimtun2,186575,2819,59560394,46149,,1,1
2025-11-25T16:50:05.896669Z,embb,uesimtun0,137095,1895,2197806759,1599181,,1,1
2025-11-25T16:50:05.896669Z,urllc,uesimtun1,149780,2111,237314581,1604553,,1,1
2025-11-25T16:50:05.896669Z,mmtc,uesimtun2,186575,2819,59560742,46154,,1,1
2025-11-25T16:50:06.261891Z,embb,uesimtun0,137095,1895,2211784251,1609340,,1,1
2025-11-25T16:50:06.261891Z,urllc,uesimtun1,149780,2111,238787113,1614504,,1,1
2025-11-25T16:50:06.261891Z,mmtc,uesimtun2,186575,2819,59560826,46155,,1,1
2025-11-25T16:50:06.628420Z,embb,uesimtun0,137095,1895,2225844387,1619560,,1,1
2025-11-25T16:50:06.628420Z,urllc,uesimtun1,149780,2111,239919101,1622157,,1,1
2025-11-25T16:50:06.628420Z,mmtc,uesimtun2,186575,2819,59561114,46159,,1,1
2025-11-25T16:50:06.994267Z,embb,uesimtun0,137095,1895,2239846731,1629738,,1,1
2025-11-25T16:50:06.994267Z,urllc,uesimtun1,149780,2111,241047829,1629785,,1,1
2025-11-25T16:50:06.994267Z,mmtc,uesimtun2,186575,2819,59561198,46160,,1,1
2025-11-25T16:50:07.359885Z,embb,uesimtun0,137095,1895,2253821471,1639895,,1,1
2025-11-25T16:50:07.359885Z,urllc,uesimtun1,149780,2111,242176853,1637415,,1,1
2025-11-25T16:50:07.359885Z,mmtc,uesimtun2,186575,2819,59561282,46161,,1,1
2025-11-25T16:50:07.725757Z,embb,uesimtun0,137095,1895,2267823815,1650073,,1,1
2025-11-25T16:50:07.725757Z,urllc,uesimtun1,149780,2111,243306353,1645050,,1,1
2025-11-25T16:50:07.725757Z,mmtc,uesimtun2,186575,2819,59561690,46167,,1,1
2025-11-25T16:50:08.328980Z,embb,uesimtun0,137095,1895,2290827951,1666793,,1,1
2025-11-25T16:50:08.328980Z,urllc,uesimtun1,149780,2111,245169753,1657642,,1,1
2025-11-25T16:50:08.328980Z,mmtc,uesimtun2,186575,2819,59561887,46170,,1,1
2025-11-25T16:50:08.696706Z,embb,uesimtun0,137095,1895,2304995331,1677090,,1,1
2025-11-25T16:50:08.696706Z,urllc,uesimtun1,149780,2111,246297129,1665264,,1,1
2025-11-25T16:50:08.696706Z,mmtc,uesimtun2,186575,2819,59562439,46178,,1,1
2025-11-25T16:50:09.062686Z,embb,uesimtun0,137095,1895,2319023735,1687286,,1,1
2025-11-25T16:50:09.062686Z,urllc,uesimtun1,149780,2111,247203205,1671387,,1,1
2025-11-25T16:50:09.062686Z,mmtc,uesimtun2,186575,2819,59562523,46179,,1,1
2025-11-25T16:50:09.428133Z,embb,uesimtun0,137095,1895,2332995723,1697441,,1,1
2025-11-25T16:50:09.428133Z,urllc,uesimtun1,149780,2111,248331845,1679015,,1,1
2025-11-25T16:50:09.428133Z,mmtc,uesimtun2,186575,2819,59562811,46183,,1,1
2025-11-25T16:50:09.793382Z,embb,uesimtun0,137095,1895,2346992563,1707615,,1,1
2025-11-25T16:50:09.793382Z,urllc,uesimtun1,149780,2111,249460605,1686645,,1,1
2025-11-25T16:50:09.793382Z,mmtc,uesimtun2,186575,2819,59563099,46187,,1,1
2025-11-25T16:50:10.194114Z,embb,uesimtun0,137095,1895,2362335131,1718767,,1,1
2025-11-25T16:50:10.194114Z,urllc,uesimtun1,149780,2111,250694565,1694983,,1,1
2025-11-25T16:50:10.194114Z,mmtc,uesimtun2,186575,2819,59563183,46188,,1,1
2025-11-25T16:50:10.560000Z,embb,uesimtun0,137095,1895,2376341519,1728947,,1,1
2025-11-25T16:50:10.560000Z,urllc,uesimtun1,149780,2111,251824005,1702617,,1,1
2025-11-25T16:50:10.560000Z,mmtc,uesimtun2,186575,2819,59563351,46190,,1,1
2025-11-25T16:50:10.925810Z,embb,uesimtun0,137095,1895,2390323223,1739110,,1,1
2025-11-25T16:50:10.925810Z,urllc,uesimtun1,149780,2111,252949833,1710226,,1,1
2025-11-25T16:50:10.925810Z,mmtc,uesimtun2,186575,2819,59563579,46193,,1,1
2025-11-25T16:50:11.291894Z,embb,uesimtun0,137095,1895,2404361259,1749313,,1,1
2025-11-25T16:50:11.291894Z,urllc,uesimtun1,149780,2111,254081673,1717874,,1,1
2025-11-25T16:50:11.291894Z,mmtc,uesimtun2,186575,2819,59563831,46196,,1,1
2025-11-25T16:50:11.657887Z,embb,uesimtun0,137095,1895,2418348383,1759479,,1,1
2025-11-25T16:50:11.657887Z,urllc,uesimtun1,149780,2111,255209489,1725496,,1,1
2025-11-25T16:50:11.657887Z,mmtc,uesimtun2,186575,2819,59564119,46200,,1,1
2025-11-25T16:50:12.249710Z,embb,uesimtun0,137095,1895,2440997595,1775942,,1,1
2025-11-25T16:50:12.249710Z,urllc,uesimtun1,149780,2111,257031365,1737807,,1,1
2025-11-25T16:50:12.249710Z,mmtc,uesimtun2,186575,2819,59564347,46203,,1,1
2025-11-25T16:50:12.615235Z,embb,uesimtun0,137095,1895,2455014991,1786130,,1,1
2025-11-25T16:50:12.615235Z,urllc,uesimtun1,149780,2111,258161877,1745449,,1,1
2025-11-25T16:50:12.615235Z,mmtc,uesimtun2,186575,2819,59564599,46206,,1,1
2025-11-25T16:50:12.986074Z,embb,uesimtun0,137095,1895,2469208599,1796447,,1,1
2025-11-25T16:50:12.986074Z,urllc,uesimtun1,149780,2111,259302153,1753154,,1,1
2025-11-25T16:50:12.986074Z,mmtc,uesimtun2,186575,2819,59564803,46209,,1,1
2025-11-25T16:50:13.351842Z,embb,uesimtun0,137095,1895,2483179355,1806603,,1,1
2025-11-25T16:50:13.351842Z,urllc,uesimtun1,149780,2111,260432129,1760790,,1,1
2025-11-25T16:50:13.351842Z,mmtc,uesimtun2,186575,2819,59564887,46210,,1,1
2025-11-25T16:50:13.717323Z,embb,uesimtun0,137095,1895,2497195543,1816792,,1,1
2025-11-25T16:50:13.717323Z,urllc,uesimtun1,149780,2111,261560361,1768416,,1,1
2025-11-25T16:50:13.717323Z,mmtc,uesimtun2,186575,2819,59565031,46212,,1,1
2025-11-25T16:50:14.083117Z,embb,uesimtun0,137095,1895,2511207519,1826977,,1,1
2025-11-25T16:50:14.083117Z,urllc,uesimtun1,149780,2111,262688817,1776042,,1,1
2025-11-25T16:50:14.083117Z,mmtc,uesimtun2,186575,2819,59565235,46215,,1,1
2025-11-25T16:50:14.449381Z,embb,uesimtun0,137095,1895,2525218119,1837161,,1,1
2025-11-25T16:50:14.449381Z,urllc,uesimtun1,149780,2111,263816337,1783662,,1,1
2025-11-25T16:50:14.449381Z,mmtc,uesimtun2,186575,2819,59565319,46216,,1,1
2025-11-25T16:50:14.815903Z,embb,uesimtun0,137095,1895,2539223215,1847341,,1,1
2025-11-25T16:50:14.815903Z,urllc,uesimtun1,149780,2111,264948229,1791313,,1,1
2025-11-25T16:50:14.815903Z,mmtc,uesimtun2,186575,2819,59565403,46217,,1,1
2025-11-25T16:50:15.181894Z,embb,uesimtun0,137095,1895,2553269591,1857551,,1,1
2025-11-25T16:50:15.181894Z,urllc,uesimtun1,149780,2111,266075861,1798933,,1,1
2025-11-25T16:50:15.181894Z,mmtc,uesimtun2,186575,2819,59565540,46219,,1,1
2025-11-25T16:50:15.547555Z,embb,uesimtun0,137095,1895,2567256799,1867718,,1,1
2025-11-25T16:50:15.547555Z,urllc,uesimtun1,149780,2111,267205629,1806567,,1,1
2025-11-25T16:50:15.547555Z,mmtc,uesimtun2,186575,2819,59565624,46220,,1,1
2025-11-25T16:50:16.072536Z,embb,uesimtun0,137095,1895,2587343731,1882317,,1,1
2025-11-25T16:50:16.072536Z,urllc,uesimtun1,149780,2111,268824529,1817508,,1,1
2025-11-25T16:50:16.072536Z,mmtc,uesimtun2,186575,2819,59565828,46223,,1,1
2025-11-25T16:50:16.438788Z,embb,uesimtun0,137095,1895,2601373511,1892514,,1,1
2025-11-25T16:50:16.438788Z,urllc,uesimtun1,149780,2111,269952217,1825130,,1,1
2025-11-25T16:50:16.438788Z,mmtc,uesimtun2,186575,2819,59565912,46224,,1,1
2025-11-25T16:50:16.804971Z,embb,uesimtun0,137095,1895,2615399163,1902708,,1,1
2025-11-25T16:50:16.804971Z,urllc,uesimtun1,149780,2111,271082425,1832768,,1,1
2025-11-25T16:50:16.804971Z,mmtc,uesimtun2,186575,2819,59566428,46231,,1,1
2025-11-25T16:50:17.170760Z,embb,uesimtun0,137095,1895,2629387663,1912875,,1,1
2025-11-25T16:50:17.170760Z,urllc,uesimtun1,149780,2111,272211157,1840395,,1,1
2025-11-25T16:50:17.170760Z,mmtc,uesimtun2,186575,2819,59566632,46234,,1,1
2025-11-25T16:50:17.537382Z,embb,uesimtun0,137095,1895,2643422947,1923076,,1,1
2025-11-25T16:50:17.537382Z,urllc,uesimtun1,149780,2111,273339909,1848023,,1,1
2025-11-25T16:50:17.537382Z,mmtc,uesimtun2,186575,2819,59566716,46235,,1,1
2025-11-25T16:50:17.903183Z,embb,uesimtun0,137095,1895,2657397771,1933234,,1,1
2025-11-25T16:50:17.903183Z,urllc,uesimtun1,149780,2111,274469973,1855659,,1,1
2025-11-25T16:50:17.903183Z,mmtc,uesimtun2,186575,2819,59567088,46240,,1,1
2025-11-25T16:50:18.270734Z,embb,uesimtun0,137095,1895,2671478463,1943468,,1,1
2025-11-25T16:50:18.270734Z,urllc,uesimtun1,149780,2111,275601429,1863305,,1,1
2025-11-25T16:50:18.270734Z,mmtc,uesimtun2,186575,2819,59567256,46242,,1,1
2025-11-25T16:50:18.636014Z,embb,uesimtun0,137095,1895,2685483475,1953647,,1,1
2025-11-25T16:50:18.636014Z,urllc,uesimtun1,149780,2111,276728405,1870921,,1,1
2025-11-25T16:50:18.636014Z,mmtc,uesimtun2,186575,2819,59567424,46244,,1,1
2025-11-25T16:50:19.001884Z,embb,uesimtun0,137095,1895,2699481691,1963822,,1,1
2025-11-25T16:50:19.001884Z,urllc,uesimtun1,149780,2111,277857137,1878548,,1,1
2025-11-25T16:50:19.001884Z,mmtc,uesimtun2,186575,2819,59567592,46246,,1,1
2025-11-25T16:50:19.367805Z,embb,uesimtun0,137095,1895,2713486703,1974001,,1,1
2025-11-25T16:50:19.367805Z,urllc,uesimtun1,149780,2111,278984685,1886167,,1,1
2025-11-25T16:50:19.367805Z,mmtc,uesimtun2,186575,2819,59567844,46249,,1,1
2025-11-25T16:50:19.733473Z,embb,uesimtun0,137095,1895,2727484835,1984175,,1,1
2025-11-25T16:50:19.733473Z,urllc,uesimtun1,149780,2111,280112737,1893790,,1,1
2025-11-25T16:50:19.733473Z,mmtc,uesimtun2,186575,2819,59568072,46252,,1,1
2025-11-25T16:50:20.098975Z,embb,uesimtun0,137095,1895,2741478923,1994347,,1,1
2025-11-25T16:50:20.098975Z,urllc,uesimtun1,149780,2111,281245909,1901447,,1,1
2025-11-25T16:50:20.098975Z,mmtc,uesimtun2,186575,2819,59568156,46253,,1,1
2025-11-25T16:50:20.467347Z,embb,uesimtun0,137095,1895,2755574919,2004594,,1,1
2025-11-25T16:50:20.467347Z,urllc,uesimtun1,149780,2111,282375145,1909078,,1,1
2025-11-25T16:50:20.467347Z,mmtc,uesimtun2,186575,2819,59568324,46255,,1,1
2025-11-25T16:50:20.834483Z,embb,uesimtun0,137095,1895,2769625339,2014806,,1,1
2025-11-25T16:50:20.834483Z,urllc,uesimtun1,149780,2111,283506449,1916724,,1,1
2025-11-25T16:50:20.834483Z,mmtc,uesimtun2,186575,2819,59568492,46257,,1,1
2025-11-25T16:50:21.241289Z,embb,uesimtun0,137095,1895,2785177143,2026111,,1,1
2025-11-25T16:50:21.241289Z,urllc,uesimtun1,149780,2111,284764977,1925228,,1,1
2025-11-25T16:50:21.241289Z,mmtc,uesimtun2,186575,2819,59568576,46258,,1,1
2025-11-25T16:50:21.608303Z,embb,uesimtun0,137095,1895,2799220767,2036319,,1,1
2025-11-25T16:50:21.608303Z,urllc,uesimtun1,149780,2111,285895189,1932865,,1,1
2025-11-25T16:50:21.608303Z,mmtc,uesimtun2,186575,2819,59568744,46260,,1,1
2025-11-25T16:50:22.011591Z,embb,uesimtun0,137095,1895,2811997179,2045607,,1,1
2025-11-25T16:50:22.011591Z,urllc,uesimtun1,149780,2111,287136693,1941255,,1,1
2025-11-25T16:50:22.011591Z,mmtc,uesimtun2,186575,2819,59568828,46261,,1,1
2025-11-25T16:50:22.378104Z,embb,uesimtun0,137095,1895,2826042179,2055816,,1,1
2025-11-25T16:50:22.378104Z,urllc,uesimtun1,149780,2111,288269273,1948908,,1,1
2025-11-25T16:50:22.378104Z,mmtc,uesimtun2,186575,2819,59568912,46262,,1,1
2025-11-25T16:50:22.744170Z,embb,uesimtun0,137095,1895,2840018295,2065974,,1,1
2025-11-25T16:50:22.744170Z,urllc,uesimtun1,149780,2111,289398321,1956538,,1,1
2025-11-25T16:50:22.744170Z,mmtc,uesimtun2,186575,2819,59568996,46263,,1,1
2025-11-25T16:50:23.110020Z,embb,uesimtun0,137095,1895,2854057707,2076178,,1,1
2025-11-25T16:50:23.110020Z,urllc,uesimtun1,149780,2111,290525841,1964158,,1,1
2025-11-25T16:50:23.110020Z,mmtc,uesimtun2,186575,2819,59569080,46264,,1,1
2025-11-25T16:50:23.475809Z,embb,uesimtun0,137095,1895,2868048959,2086347,,1,1
2025-11-25T16:50:23.475809Z,urllc,uesimtun1,149780,2111,291652289,1971770,,1,1
2025-11-25T16:50:23.475809Z,mmtc,uesimtun2,186575,2819,59569164,46265,,1,1
2025-11-25T16:50:23.842085Z,embb,uesimtun0,137095,1895,2882044423,2096520,,1,1
2025-11-25T16:50:23.842085Z,urllc,uesimtun1,149780,2111,293852389,1986637,,1,1
2025-11-25T16:50:23.842085Z,mmtc,uesimtun2,186575,2819,59569392,46268,,1,1
2025-11-25T16:50:24.561027Z,embb,uesimtun0,137095,1895,2905868571,2113835,,1,1
2025-11-25T16:50:24.561027Z,urllc,uesimtun1,149780,2111,295001121,1994400,,1,1
2025-11-25T16:50:24.561027Z,mmtc,uesimtun2,186575,2819,59569560,46270,,1,1
2025-11-25T16:50:24.926832Z,embb,uesimtun0,137095,1895,2919857155,2124003,,1,1
2025-11-25T16:50:24.926832Z,urllc,uesimtun1,149780,2111,296125029,2001995,,1,1
2025-11-25T16:50:24.926832Z,mmtc,uesimtun2,186575,2819,59569728,46272,,1,1
2025-11-25T16:50:25.295601Z,embb,uesimtun0,137095,1895,2933963991,2134256,,1,1
2025-11-25T16:50:25.295601Z,urllc,uesimtun1,149780,2111,297263169,2009686,,1,1
2025-11-25T16:50:25.295601Z,mmtc,uesimtun2,186575,2819,59569956,46275,,1,1
2025-11-25T16:50:25.661787Z,embb,uesimtun0,137095,1895,2948011659,2144466,,1,1
2025-11-25T16:50:25.661787Z,urllc,uesimtun1,149780,2111,298396341,2017343,,1,1
2025-11-25T16:50:25.661787Z,mmtc,uesimtun2,186575,2819,59570124,46277,,1,1
2025-11-25T16:50:26.028418Z,embb,uesimtun0,137095,1895,2962023803,2154653,,1,1
2025-11-25T16:50:26.028418Z,urllc,uesimtun1,149780,2111,299526553,2024980,,1,1
2025-11-25T16:50:26.028418Z,mmtc,uesimtun2,186575,2819,59570208,46278,,1,1
2025-11-25T16:50:26.394574Z,embb,uesimtun0,137095,1895,2976032943,2164835,,1,1
2025-11-25T16:50:26.394574Z,urllc,uesimtun1,149780,2111,300653889,2032598,,1,1
2025-11-25T16:50:26.394574Z,mmtc,uesimtun2,186575,2819,59570376,46280,,1,1
2025-11-25T16:50:26.762710Z,embb,uesimtun0,137095,1895,2990124643,2175077,,1,1
2025-11-25T16:50:26.762710Z,urllc,uesimtun1,149780,2111,301790633,2040280,,1,1
2025-11-25T16:50:26.762710Z,mmtc,uesimtun2,186575,2819,59570544,46282,,1,1
2025-11-25T16:50:27.128328Z,embb,uesimtun0,137095,1895,3004128363,2185256,,1,1
2025-11-25T16:50:27.128328Z,urllc,uesimtun1,149780,2111,302916553,2047888,,1,1
2025-11-25T16:50:27.128328Z,mmtc,uesimtun2,186575,2819,59570712,46284,,1,1
2025-11-25T16:50:27.494134Z,embb,uesimtun0,137095,1895,3018145843,2195445,,1,1
2025-11-25T16:50:27.494134Z,urllc,uesimtun1,149780,2111,304045877,2055519,,1,1
2025-11-25T16:50:27.494134Z,mmtc,uesimtun2,186575,2819,59570796,46285,,1,1
2025-11-25T16:50:27.859840Z,embb,uesimtun0,137095,1895,3032130299,2205610,,1,1
2025-11-25T16:50:27.859840Z,urllc,uesimtun1,149780,2111,305087013,2062555,,1,1
2025-11-25T16:50:27.859840Z,mmtc,uesimtun2,186575,2819,59570880,46286,,1,1
2025-11-25T16:50:28.225520Z,embb,uesimtun0,137095,1895,3046128431,2215784,,1,1
2025-11-25T16:50:28.225520Z,urllc,uesimtun1,149780,2111,306299277,2070747,,1,1
2025-11-25T16:50:28.225520Z,mmtc,uesimtun2,186575,2819,59571048,46288,,1,1
2025-11-25T16:50:28.591211Z,embb,uesimtun0,137095,1895,3060097751,2225938,,1,1
2025-11-25T16:50:28.591211Z,urllc,uesimtun1,149780,2111,307428453,2078377,,1,1
2025-11-25T16:50:28.591211Z,mmtc,uesimtun2,186575,2819,59571329,46292,,1,1
2025-11-25T16:50:29.032047Z,embb,uesimtun0,137095,1895,3074839007,2236653,,1,1
2025-11-25T16:50:29.032047Z,urllc,uesimtun1,149780,2111,308787405,2087561,,1,1
2025-11-25T16:50:29.032047Z,mmtc,uesimtun2,186575,2819,59571413,46293,,1,1
2025-11-25T16:50:29.397823Z,embb,uesimtun0,137095,1895,3088828883,2246821,,1,1
2025-11-25T16:50:29.397823Z,urllc,uesimtun1,149780,2111,309914509,2095177,,1,1
2025-11-25T16:50:29.397823Z,mmtc,uesimtun2,186575,2819,59571641,46296,,1,1
2025-11-25T16:50:29.765397Z,embb,uesimtun0,137095,1895,3102897335,2257048,,1,1
2025-11-25T16:50:29.765397Z,urllc,uesimtun1,149780,2111,311047677,2102835,,1,1
2025-11-25T16:50:29.765397Z,mmtc,uesimtun2,186575,2819,59571809,46298,,1,1
2025-11-25T16:50:30.212969Z,embb,uesimtun0,137095,1895,3120034123,2269503,,1,1
2025-11-25T16:50:30.212969Z,urllc,uesimtun1,149780,2111,312429845,2112175,,1,1
2025-11-25T16:50:30.212969Z,mmtc,uesimtun2,186575,2819,59571953,46300,,1,1
2025-11-25T16:50:30.578791Z,embb,uesimtun0,137095,1895,3134036467,2279681,,1,1
2025-11-25T16:50:30.578791Z,urllc,uesimtun1,149780,2111,313556501,2119789,,1,1
2025-11-25T16:50:30.578791Z,mmtc,uesimtun2,186575,2819,59572241,46304,,1,1
2025-11-25T16:50:30.944012Z,embb,uesimtun0,137095,1895,3147990567,2289823,,1,1
2025-11-25T16:50:30.944012Z,urllc,uesimtun1,149780,2111,314732613,2127737,,1,1
2025-11-25T16:50:30.944012Z,mmtc,uesimtun2,186575,2819,59572409,46306,,1,1
2025-11-25T16:50:31.326118Z,embb,uesimtun0,137095,1895,3162649179,2300477,,1,1
2025-11-25T16:50:31.326118Z,urllc,uesimtun1,149780,2111,315858825,2135348,,1,1
2025-11-25T16:50:31.326118Z,mmtc,uesimtun2,186575,2819,59572493,46307,,1,1
2025-11-25T16:50:31.691547Z,embb,uesimtun0,137095,1895,3176621251,2310633,,1,1
2025-11-25T16:50:31.691547Z,urllc,uesimtun1,149780,2111,316990073,2142992,,1,1
2025-11-25T16:50:31.691547Z,mmtc,uesimtun2,186575,2819,59572745,46310,,1,1
2025-11-25T16:50:32.057175Z,embb,uesimtun0,137095,1895,3190638647,2320821,,1,1
2025-11-25T16:50:32.057175Z,urllc,uesimtun1,149780,2111,318116289,2150602,,1,1
2025-11-25T16:50:32.057175Z,mmtc,uesimtun2,186575,2819,59572829,46311,,1,1
2025-11-25T16:50:32.423087Z,embb,uesimtun0,137095,1895,3204638155,2330996,,1,1
2025-11-25T16:50:32.423087Z,urllc,uesimtun1,149780,2111,319244281,2158224,,1,1
2025-11-25T16:50:32.423087Z,mmtc,uesimtun2,186575,2819,59572997,46313,,1,1
2025-11-25T16:50:32.788298Z,embb,uesimtun0,137095,1895,3208928797,2334118,,1,1
2025-11-25T16:50:32.788298Z,urllc,uesimtun1,149780,2111,320369905,2165830,,1,1
2025-11-25T16:50:32.788298Z,mmtc,uesimtun2,186575,2819,59573309,46317,,1,1
2025-11-25T16:50:33.153477Z,embb,uesimtun0,137095,1895,3208929018,2334121,,1,1
2025-11-25T16:50:33.153477Z,urllc,uesimtun1,149780,2111,321496477,2173443,,1,1
2025-11-25T16:50:33.153477Z,mmtc,uesimtun2,186575,2819,59573597,46321,,1,1
2025-11-25T16:50:33.519047Z,embb,uesimtun0,137095,1895,3208929155,2334123,,1,1
2025-11-25T16:50:33.519047Z,urllc,uesimtun1,149780,2111,322623877,2181061,,1,1
2025-11-25T16:50:33.519047Z,mmtc,uesimtun2,186575,2819,59573801,46324,,1,1
2025-11-25T16:50:33.884792Z,embb,uesimtun0,137095,1895,3208929407,2334126,,1,1
2025-11-25T16:50:33.884792Z,urllc,uesimtun1,149780,2111,324353489,2192748,,1,1
2025-11-25T16:50:33.884792Z,mmtc,uesimtun2,186575,2819,59574089,46328,,1,1
2025-11-25T16:50:34.444870Z,embb,uesimtun0,137095,1895,3208929712,2334130,,1,1
2025-11-25T16:50:34.444870Z,urllc,uesimtun1,149780,2111,325479197,2200355,,1,1
2025-11-25T16:50:34.444870Z,mmtc,uesimtun2,186575,2819,59574173,46329,,1,1
2025-11-25T16:50:34.811097Z,embb,uesimtun0,137095,1895,3208929796,2334131,,1,1
2025-11-25T16:50:34.811097Z,urllc,uesimtun1,149780,2111,326815653,2209387,,1,1
2025-11-25T16:50:34.811097Z,mmtc,uesimtun2,186575,2819,59574257,46330,,1,1
2025-11-25T16:50:35.244242Z,embb,uesimtun0,137095,1895,3208930048,2334134,,1,1
2025-11-25T16:50:35.244242Z,urllc,uesimtun1,149780,2111,327945125,2217019,,1,1
2025-11-25T16:50:35.244242Z,mmtc,uesimtun2,186575,2819,59574341,46331,,1,1
2025-11-25T16:50:35.610120Z,embb,uesimtun0,137095,1895,3208930216,2334136,,1,1
2025-11-25T16:50:35.610120Z,urllc,uesimtun1,149780,2111,329071869,2224633,,1,1
2025-11-25T16:50:35.610120Z,mmtc,uesimtun2,186575,2819,59574425,46332,,1,1
2025-11-25T16:50:35.975617Z,embb,uesimtun0,137095,1895,3208930468,2334139,,1,1
2025-11-25T16:50:35.975617Z,urllc,uesimtun1,149780,2111,330197429,2232239,,1,1
2025-11-25T16:50:35.975617Z,mmtc,uesimtun2,186575,2819,59574509,46333,,1,1
2025-11-25T16:50:36.341657Z,embb,uesimtun0,137095,1895,3208930605,2334141,,1,1
2025-11-25T16:50:36.341657Z,urllc,uesimtun1,149780,2111,331327641,2239876,,1,1
2025-11-25T16:50:36.341657Z,mmtc,uesimtun2,186575,2819,59574653,46335,,1,1
2025-11-25T16:50:36.707015Z,embb,uesimtun0,137095,1895,3208930689,2334142,,1,1
2025-11-25T16:50:36.707015Z,urllc,uesimtun1,149780,2111,332452313,2247476,,1,1
2025-11-25T16:50:36.707015Z,mmtc,uesimtun2,186575,2819,59574821,46337,,1,1
2025-11-25T16:50:37.119923Z,embb,uesimtun0,137095,1895,3208930773,2334143,,1,1
2025-11-25T16:50:37.119923Z,urllc,uesimtun1,149780,2111,333727141,2256091,,1,1
2025-11-25T16:50:37.119923Z,mmtc,uesimtun2,186575,2819,59574905,46338,,1,1
2025-11-25T16:50:37.485374Z,embb,uesimtun0,137095,1895,3208930857,2334144,,1,1
2025-11-25T16:50:37.485374Z,urllc,uesimtun1,149780,2111,334854745,2263712,,1,1
2025-11-25T16:50:37.485374Z,mmtc,uesimtun2,186575,2819,59575073,46340,,1,1
2025-11-25T16:50:37.850884Z,embb,uesimtun0,137095,1895,3208931025,2334146,,1,1
2025-11-25T16:50:37.850884Z,urllc,uesimtun1,149780,2111,335980537,2271320,,1,1
2025-11-25T16:50:37.850884Z,mmtc,uesimtun2,186575,2819,59575241,46342,,1,1
2025-11-25T16:50:38.216350Z,embb,uesimtun0,137095,1895,3208931109,2334147,,1,1
2025-11-25T16:50:38.216350Z,urllc,uesimtun1,149780,2111,337109477,2278949,,1,1
2025-11-25T16:50:38.216350Z,mmtc,uesimtun2,186575,2819,59575325,46343,,1,1
2025-11-25T16:50:38.581964Z,embb,uesimtun0,137095,1895,3208931193,2334148,,1,1
2025-11-25T16:50:38.581964Z,urllc,uesimtun1,149780,2111,338234593,2286552,,1,1
2025-11-25T16:50:38.581964Z,mmtc,uesimtun2,186575,2819,59575493,46345,,1,1
2025-11-25T16:50:38.947618Z,embb,uesimtun0,137095,1895,3208931277,2334149,,1,1
2025-11-25T16:50:38.947618Z,urllc,uesimtun1,149780,2111,339364085,2294185,,1,1
2025-11-25T16:50:38.947618Z,mmtc,uesimtun2,186575,2819,59575661,46347,,1,1
2025-11-25T16:50:39.312932Z,embb,uesimtun0,137095,1895,3208931361,2334150,,1,1
2025-11-25T16:50:39.312932Z,urllc,uesimtun1,149780,2111,340492049,2301808,,1,1
2025-11-25T16:50:39.312932Z,mmtc,uesimtun2,186575,2819,59575829,46349,,1,1
2025-11-25T16:50:39.678472Z,embb,uesimtun0,137095,1895,3208931445,2334151,,1,1
2025-11-25T16:50:39.678472Z,urllc,uesimtun1,149780,2111,341617821,2309415,,1,1
2025-11-25T16:50:39.678472Z,mmtc,uesimtun2,186575,2819,59576081,46352,,1,1
2025-11-25T16:50:40.081562Z,embb,uesimtun0,137095,1895,3208931666,2334154,,1,1
2025-11-25T16:50:40.081562Z,urllc,uesimtun1,149780,2111,342864805,2317841,,1,1
2025-11-25T16:50:40.081562Z,mmtc,uesimtun2,186575,2819,59576249,46354,,1,1
2025-11-25T16:50:40.448592Z,embb,uesimtun0,137095,1895,3208931750,2334155,,1,1
2025-11-25T16:50:40.448592Z,urllc,uesimtun1,149780,2111,343992709,2325463,,1,1
2025-11-25T16:50:40.448592Z,mmtc,uesimtun2,186575,2819,59576477,46357,,1,1
2025-11-25T16:50:40.813974Z,embb,uesimtun0,137095,1895,3208931918,2334157,,1,1
2025-11-25T16:50:40.813974Z,urllc,uesimtun1,149780,2111,345118629,2333071,,1,1
2025-11-25T16:50:40.813974Z,mmtc,uesimtun2,186575,2819,59576813,46361,,1,1
2025-11-25T16:50:41.256635Z,embb,uesimtun0,137095,1895,3208932086,2334159,,1,1
2025-11-25T16:50:41.256635Z,urllc,uesimtun1,149780,2111,346484161,2342298,,1,1
2025-11-25T16:50:41.256635Z,mmtc,uesimtun2,186575,2819,59576897,46362,,1,1
2025-11-25T16:50:41.621950Z,embb,uesimtun0,137095,1895,3208932254,2334161,,1,1
2025-11-25T16:50:41.621950Z,urllc,uesimtun1,149780,2111,347608809,2349898,,1,1
2025-11-25T16:50:41.621950Z,mmtc,uesimtun2,186575,2819,59576981,46363,,1,1
2025-11-25T16:50:42.115690Z,embb,uesimtun0,137095,1895,3208932590,2334165,,1,1
2025-11-25T16:50:42.115690Z,urllc,uesimtun1,149780,2111,349132489,2360194,,1,1
2025-11-25T16:50:42.115690Z,mmtc,uesimtun2,186575,2819,59577209,46366,,1,1
2025-11-25T16:50:42.481394Z,embb,uesimtun0,137095,1895,3208932758,2334167,,1,1
2025-11-25T16:50:42.481394Z,urllc,uesimtun1,149780,2111,350261665,2367824,,1,1
2025-11-25T16:50:42.481394Z,mmtc,uesimtun2,186575,2819,59577293,46367,,1,1
2025-11-25T16:50:42.847171Z,embb,uesimtun0,137095,1895,3208932926,2334169,,1,1
2025-11-25T16:50:42.847171Z,urllc,uesimtun1,149780,2111,351389233,2375444,,1,1
2025-11-25T16:50:42.847171Z,mmtc,uesimtun2,186575,2819,59577377,46368,,1,1
2025-11-25T16:50:43.212771Z,embb,uesimtun0,137095,1895,3208933094,2334171,,1,1
2025-11-25T16:50:43.212771Z,urllc,uesimtun1,149780,2111,352518113,2383072,,1,1
2025-11-25T16:50:43.212771Z,mmtc,uesimtun2,186575,2819,59577461,46369,,1,1
2025-11-25T16:50:43.578806Z,embb,uesimtun0,137095,1895,3208933178,2334172,,1,1
2025-11-25T16:50:43.578806Z,urllc,uesimtun1,149780,2111,353646549,2390697,,1,1
2025-11-25T16:50:43.578806Z,mmtc,uesimtun2,186575,2819,59577545,46370,,1,1
2025-11-25T16:50:44.077726Z,embb,uesimtun0,137095,1895,3208933262,2334173,,1,1
2025-11-25T16:50:44.077726Z,urllc,uesimtun1,149780,2111,355182957,2401079,,1,1
2025-11-25T16:50:44.077726Z,mmtc,uesimtun2,186575,2819,59577629,46371,,1,1
2025-11-25T16:50:44.442772Z,embb,uesimtun0,137095,1895,3208933430,2334175,,1,1
2025-11-25T16:50:44.442772Z,urllc,uesimtun1,149780,2111,356310797,2408701,,1,1
2025-11-25T16:50:44.442772Z,mmtc,uesimtun2,186575,2819,59577713,46372,,1,1
2025-11-25T16:50:44.809900Z,embb,uesimtun0,137095,1895,3208933514,2334176,,1,1
2025-11-25T16:50:44.809900Z,urllc,uesimtun1,149780,2111,357439697,2416330,,1,1
2025-11-25T16:50:44.809900Z,mmtc,uesimtun2,186575,2819,59577965,46375,,1,1
2025-11-25T16:50:45.312904Z,embb,uesimtun0,137095,1895,3208933682,2334178,,1,1
2025-11-25T16:50:45.312904Z,urllc,uesimtun1,149780,2111,358993569,2426830,,1,1
2025-11-25T16:50:45.312904Z,mmtc,uesimtun2,186575,2819,59578049,46376,,1,1
2025-11-25T16:50:45.678398Z,embb,uesimtun0,137095,1895,3208933766,2334179,,1,1
2025-11-25T16:50:45.678398Z,urllc,uesimtun1,149780,2111,360121261,2434451,,1,1
2025-11-25T16:50:45.678398Z,mmtc,uesimtun2,186575,2819,59578133,46377,,1,1
2025-11-25T16:50:46.043985Z,embb,uesimtun0,137095,1895,3208933934,2334181,,1,1
2025-11-25T16:50:46.043985Z,urllc,uesimtun1,149780,2111,361249253,2442073,,1,1
2025-11-25T16:50:46.043985Z,mmtc,uesimtun2,186575,2819,59578301,46379,,1,1
2025-11-25T16:50:46.410017Z,embb,uesimtun0,137095,1895,3208934102,2334183,,1,1
2025-11-25T16:50:46.410017Z,urllc,uesimtun1,149780,2111,362375321,2449682,,1,1
2025-11-25T16:50:46.410017Z,mmtc,uesimtun2,186575,2819,59578469,46381,,1,1
2025-11-25T16:50:46.774750Z,embb,uesimtun0,137095,1895,3208934186,2334184,,1,1
2025-11-25T16:50:46.774750Z,urllc,uesimtun1,149780,2111,363499633,2457280,,1,1
2025-11-25T16:50:46.774750Z,mmtc,uesimtun2,186575,2819,59578637,46383,,1,1
2025-11-25T16:50:47.140305Z,embb,uesimtun0,137095,1895,3208934407,2334187,,1,1
2025-11-25T16:50:47.140305Z,urllc,uesimtun1,149780,2111,364627709,2464903,,1,1
2025-11-25T16:50:47.140305Z,mmtc,uesimtun2,186575,2819,59578721,46384,,1,1
2025-11-25T16:50:47.505835Z,embb,uesimtun0,137095,1895,3208934491,2334188,,1,1
2025-11-25T16:50:47.505835Z,urllc,uesimtun1,149780,2111,365756293,2472529,,1,1
2025-11-25T16:50:47.505835Z,mmtc,uesimtun2,186575,2819,59578973,46387,,1,1
2025-11-25T16:50:47.871828Z,embb,uesimtun0,137095,1895,3208934575,2334189,,1,1
2025-11-25T16:50:47.871828Z,urllc,uesimtun1,149780,2111,366881621,2480133,,1,1
2025-11-25T16:50:47.871828Z,mmtc,uesimtun2,186575,2819,59579141,46389,,1,1
2025-11-25T16:50:48.237184Z,embb,uesimtun0,137095,1895,3208934743,2334191,,1,1
2025-11-25T16:50:48.237184Z,urllc,uesimtun1,149780,2111,368010585,2487762,,1,1
2025-11-25T16:50:48.237184Z,mmtc,uesimtun2,186575,2819,59579225,46390,,1,1
2025-11-25T16:50:48.603328Z,embb,uesimtun0,137095,1895,3208934911,2334193,,1,1
2025-11-25T16:50:48.603328Z,urllc,uesimtun1,149780,2111,368529906,2491272,,1,1
2025-11-25T16:50:48.603328Z,mmtc,uesimtun2,186575,2819,59579477,46393,,1,1
2025-11-25T16:50:49.081717Z,embb,uesimtun0,137095,1895,3208935079,2334195,,1,1
2025-11-25T16:50:49.081717Z,urllc,uesimtun1,149780,2111,368530180,2491276,,1,1
2025-11-25T16:50:49.081717Z,mmtc,uesimtun2,186575,2819,59579561,46394,,1,1
2025-11-25T16:50:49.447388Z,embb,uesimtun0,137095,1895,3208935247,2334197,,1,1
2025-11-25T16:50:49.447388Z,urllc,uesimtun1,149780,2111,368530401,2491279,,1,1
2025-11-25T16:50:49.447388Z,mmtc,uesimtun2,186575,2819,59579645,46395,,1,1
2025-11-25T16:50:49.812073Z,embb,uesimtun0,137095,1895,3208935415,2334199,,1,1
2025-11-25T16:50:49.812073Z,urllc,uesimtun1,149780,2111,368530485,2491280,,1,1
2025-11-25T16:50:49.812073Z,mmtc,uesimtun2,186575,2819,59579813,46397,,1,1
2025-11-25T16:50:50.177513Z,embb,uesimtun0,137095,1895,3208935583,2334201,,1,1
2025-11-25T16:50:50.177513Z,urllc,uesimtun1,149780,2111,368530706,2491283,,1,1
2025-11-25T16:50:50.177513Z,mmtc,uesimtun2,186575,2819,59579981,46399,,1,1
2025-11-25T16:50:50.543580Z,embb,uesimtun0,137095,1895,3208935667,2334202,,1,1
2025-11-25T16:50:50.543580Z,urllc,uesimtun1,149780,2111,368530790,2491284,,1,1
2025-11-25T16:50:50.543580Z,mmtc,uesimtun2,186575,2819,59580065,46400,,1,1
2025-11-25T16:50:51.081685Z,embb,uesimtun0,137095,1895,3208935835,2334204,,1,1
2025-11-25T16:50:51.081685Z,urllc,uesimtun1,149780,2111,368531042,2491287,,1,1
2025-11-25T16:50:51.081685Z,mmtc,uesimtun2,186575,2819,59580149,46401,,1,1
2025-11-25T16:50:51.448297Z,embb,uesimtun0,137095,1895,3208935919,2334205,,1,1
2025-11-25T16:50:51.448297Z,urllc,uesimtun1,149780,2111,368531210,2491289,,1,1
2025-11-25T16:50:51.448297Z,mmtc,uesimtun2,186575,2819,59580317,46403,,1,1
2025-11-25T16:50:51.814201Z,embb,uesimtun0,137095,1895,3208936087,2334207,,1,1
2025-11-25T16:50:51.814201Z,urllc,uesimtun1,149780,2111,368531347,2491291,,1,1
2025-11-25T16:50:51.814201Z,mmtc,uesimtun2,186575,2819,59580401,46404,,1,1
2025-11-25T16:50:52.179945Z,embb,uesimtun0,137095,1895,3208936171,2334208,,1,1
2025-11-25T16:50:52.179945Z,urllc,uesimtun1,149780,2111,368531515,2491293,,1,1
2025-11-25T16:50:52.179945Z,mmtc,uesimtun2,186575,2819,59580653,46407,,1,1
2025-11-25T16:50:52.546113Z,embb,uesimtun0,137095,1895,3208936255,2334209,,1,1
2025-11-25T16:50:52.546113Z,urllc,uesimtun1,149780,2111,368531683,2491295,,1,1
2025-11-25T16:50:52.546113Z,mmtc,uesimtun2,186575,2819,59580737,46408,,1,1
2025-11-25T16:50:52.911976Z,embb,uesimtun0,137095,1895,3208936423,2334211,,1,1
2025-11-25T16:50:52.911976Z,urllc,uesimtun1,149780,2111,368531767,2491296,,1,1
2025-11-25T16:50:52.911976Z,mmtc,uesimtun2,186575,2819,59580989,46411,,1,1
2025-11-25T16:50:53.277914Z,embb,uesimtun0,137095,1895,3208936507,2334212,,1,1
2025-11-25T16:50:53.277914Z,urllc,uesimtun1,149780,2111,368531851,2491297,,1,1
2025-11-25T16:50:53.277914Z,mmtc,uesimtun2,186575,2819,59581157,46413,,1,1
2025-11-25T16:50:53.643513Z,embb,uesimtun0,137095,1895,3208936591,2334213,,1,1
2025-11-25T16:50:53.643513Z,urllc,uesimtun1,149780,2111,368531935,2491298,,1,1
2025-11-25T16:50:53.643513Z,mmtc,uesimtun2,186575,2819,59581241,46414,,1,1
2025-11-25T16:50:54.008846Z,embb,uesimtun0,137095,1895,3208936759,2334215,,1,1
2025-11-25T16:50:54.008846Z,urllc,uesimtun1,149780,2111,368532019,2491299,,1,1
2025-11-25T16:50:54.008846Z,mmtc,uesimtun2,186575,2819,59581409,46416,,1,1
2025-11-25T16:50:54.375107Z,embb,uesimtun0,137095,1895,3208936927,2334217,,1,1
2025-11-25T16:50:54.375107Z,urllc,uesimtun1,149780,2111,368532103,2491300,,1,1
2025-11-25T16:50:54.375107Z,mmtc,uesimtun2,186575,2819,59581577,46418,,1,1
2025-11-25T16:50:54.741238Z,embb,uesimtun0,137095,1895,3208937095,2334219,,1,1
2025-11-25T16:50:54.741238Z,urllc,uesimtun1,149780,2111,368532355,2491303,,1,1
2025-11-25T16:50:54.741238Z,mmtc,uesimtun2,186575,2819,59581745,46420,,1,1
2025-11-25T16:50:55.106521Z,embb,uesimtun0,137095,1895,3208937179,2334220,,1,1
2025-11-25T16:50:55.106521Z,urllc,uesimtun1,149780,2111,368532492,2491305,,1,1
2025-11-25T16:50:55.106521Z,mmtc,uesimtun2,186575,2819,59581882,46422,,1,1
2025-11-25T16:50:55.471543Z,embb,uesimtun0,137095,1895,3208937515,2334224,,1,1
2025-11-25T16:50:55.471543Z,urllc,uesimtun1,149780,2111,368532576,2491306,,1,1
2025-11-25T16:50:55.471543Z,mmtc,uesimtun2,186575,2819,59581966,46423,,1,1
2025-11-25T16:50:55.836859Z,embb,uesimtun0,137095,1895,3208937599,2334225,,1,1
2025-11-25T16:50:55.836859Z,urllc,uesimtun1,149780,2111,368532744,2491308,,1,1
2025-11-25T16:50:55.836859Z,mmtc,uesimtun2,186575,2819,59582050,46424,,1,1
2025-11-25T16:50:56.272237Z,embb,uesimtun0,137095,1895,3208937767,2334227,,1,1
2025-11-25T16:50:56.272237Z,urllc,uesimtun1,149780,2111,368532912,2491310,,1,1
2025-11-25T16:50:56.272237Z,mmtc,uesimtun2,186575,2819,59582134,46425,,1,1
2025-11-25T16:50:56.637475Z,embb,uesimtun0,137095,1895,3208938019,2334230,,1,1
2025-11-25T16:50:56.637475Z,urllc,uesimtun1,149780,2111,368532996,2491311,,1,1
2025-11-25T16:50:56.637475Z,mmtc,uesimtun2,186575,2819,59582302,46427,,1,1
2025-11-25T16:50:57.011667Z,embb,uesimtun0,137095,1895,3208938187,2334232,,1,1
2025-11-25T16:50:57.011667Z,urllc,uesimtun1,149780,2111,368533248,2491314,,1,1
2025-11-25T16:50:57.011667Z,mmtc,uesimtun2,186575,2819,59582386,46428,,1,1
2025-11-25T16:50:57.377720Z,embb,uesimtun0,137095,1895,3208938271,2334233,,1,1
2025-11-25T16:50:57.377720Z,urllc,uesimtun1,149780,2111,368533416,2491316,,1,1
2025-11-25T16:50:57.377720Z,mmtc,uesimtun2,186575,2819,59582470,46429,,1,1
2025-11-25T16:50:57.743270Z,embb,uesimtun0,137095,1895,3208938355,2334234,,1,1
2025-11-25T16:50:57.743270Z,urllc,uesimtun1,149780,2111,368533500,2491317,,1,1
2025-11-25T16:50:57.743270Z,mmtc,uesimtun2,186575,2819,59582638,46431,,1,1
2025-11-25T16:50:58.108278Z,embb,uesimtun0,137095,1895,3208938523,2334236,,1,1
2025-11-25T16:50:58.108278Z,urllc,uesimtun1,149780,2111,368533668,2491319,,1,1
2025-11-25T16:50:58.108278Z,mmtc,uesimtun2,186575,2819,59582722,46432,,1,1
2025-11-25T16:50:58.474087Z,embb,uesimtun0,137095,1895,3208938607,2334237,,1,1
2025-11-25T16:50:58.474087Z,urllc,uesimtun1,149780,2111,368533920,2491322,,1,1
2025-11-25T16:50:58.474087Z,mmtc,uesimtun2,186575,2819,59582806,46433,,1,1
2025-11-25T16:50:58.840868Z,embb,uesimtun0,137095,1895,3208938691,2334238,,1,1
2025-11-25T16:50:58.840868Z,urllc,uesimtun1,149780,2111,368534172,2491325,,1,1
2025-11-25T16:50:58.840868Z,mmtc,uesimtun2,186575,2819,59582974,46435,,1,1
2025-11-25T16:50:59.206419Z,embb,uesimtun0,137095,1895,3208938775,2334239,,1,1
2025-11-25T16:50:59.206419Z,urllc,uesimtun1,149780,2111,368534256,2491326,,1,1
2025-11-25T16:50:59.206419Z,mmtc,uesimtun2,186575,2819,59583142,46437,,1,1
2025-11-25T16:50:59.572220Z,embb,uesimtun0,137095,1895,3208938859,2334240,,1,1
2025-11-25T16:50:59.572220Z,urllc,uesimtun1,149780,2111,368534508,2491329,,1,1
2025-11-25T16:50:59.572220Z,mmtc,uesimtun2,186575,2819,59583226,46438,,1,1
2025-11-25T16:50:59.938323Z,embb,uesimtun0,137095,1895,3208938943,2334241,,1,1
2025-11-25T16:50:59.938323Z,urllc,uesimtun1,149780,2111,368534592,2491330,,1,1
2025-11-25T16:50:59.938323Z,mmtc,uesimtun2,186575,2819,59583478,46441,,1,1
2025-11-25T16:51:00.304574Z,embb,uesimtun0,137095,1895,3208939027,2334242,,1,1
2025-11-25T16:51:00.304574Z,urllc,uesimtun1,149780,2111,368534676,2491331,,1,1
2025-11-25T16:51:00.304574Z,mmtc,uesimtun2,186575,2819,59583730,46444,,1,1
2025-11-25T16:51:00.670233Z,embb,uesimtun0,137095,1895,3208939111,2334243,,1,1
2025-11-25T16:51:00.670233Z,urllc,uesimtun1,149780,2111,368534760,2491332,,1,1
2025-11-25T16:51:00.670233Z,mmtc,uesimtun2,186575,2819,59584042,46448,,1,1
2025-11-25T16:51:01.037892Z,embb,uesimtun0,137095,1895,3208939279,2334245,,1,1
2025-11-25T16:51:01.037892Z,urllc,uesimtun1,149780,2111,368534844,2491333,,1,1
2025-11-25T16:51:01.037892Z,mmtc,uesimtun2,186575,2819,59584126,46449,,1,1
2025-11-25T16:51:01.403709Z,embb,uesimtun0,137095,1895,3208939500,2334248,,1,1
2025-11-25T16:51:01.403709Z,urllc,uesimtun1,149780,2111,368534928,2491334,,1,1
2025-11-25T16:51:01.403709Z,mmtc,uesimtun2,186575,2819,59584378,46452,,1,1
2025-11-25T16:51:01.769599Z,embb,uesimtun0,137095,1895,3208939584,2334249,,1,1
2025-11-25T16:51:01.769599Z,urllc,uesimtun1,149780,2111,368535125,2491337,,1,1
2025-11-25T16:51:01.769599Z,mmtc,uesimtun2,186575,2819,59584522,46454,,1,1
2025-11-25T16:51:02.134789Z,embb,uesimtun0,137095,1895,3208939980,2334254,,1,1
2025-11-25T16:51:02.134789Z,urllc,uesimtun1,149780,2111,368535209,2491338,,1,1
2025-11-25T16:51:02.134789Z,mmtc,uesimtun2,186575,2819,59584750,46457,,1,1
2025-11-25T16:51:02.500654Z,embb,uesimtun0,137095,1895,3208940148,2334256,,1,1
2025-11-25T16:51:02.500654Z,urllc,uesimtun1,149780,2111,368535353,2491340,,1,1
2025-11-25T16:51:02.500654Z,mmtc,uesimtun2,186575,2819,59584918,46459,,1,1
2025-11-25T16:51:02.866162Z,embb,uesimtun0,137095,1895,3208940232,2334257,,1,1
2025-11-25T16:51:02.866162Z,urllc,uesimtun1,149780,2111,368535581,2491343,,1,1
2025-11-25T16:51:02.866162Z,mmtc,uesimtun2,186575,2819,59585122,46462,,1,1
2025-11-25T16:51:03.232551Z,embb,uesimtun0,137095,1895,3208940484,2334260,,1,1
2025-11-25T16:51:03.232551Z,urllc,uesimtun1,149780,2111,368535749,2491345,,1,1
2025-11-25T16:51:03.232551Z,mmtc,uesimtun2,186575,2819,59585206,46463,,1,1
2025-11-25T16:51:03.598733Z,embb,uesimtun0,137095,1895,3208940652,2334262,,1,1
2025-11-25T16:51:03.598733Z,urllc,uesimtun1,149780,2111,368535893,2491347,,1,1
2025-11-25T16:51:03.598733Z,mmtc,uesimtun2,186575,2819,59585290,46464,,1,1
2025-11-25T16:51:03.963463Z,embb,uesimtun0,137095,1895,3208940820,2334264,,1,1
2025-11-25T16:51:03.963463Z,urllc,uesimtun1,149780,2111,368535977,2491348,,1,1
2025-11-25T16:51:03.963463Z,mmtc,uesimtun2,186575,2819,59585374,46465,,1,1
2025-11-25T16:51:04.329297Z,embb,uesimtun0,137095,1895,3208940904,2334265,,1,1
2025-11-25T16:51:04.329297Z,urllc,uesimtun1,149780,2111,368536145,2491350,,1,1
2025-11-25T16:51:04.329297Z,mmtc,uesimtun2,186575,2819,59585458,46466,,1,1
2025-11-25T16:51:04.695015Z,embb,uesimtun0,137095,1895,3208941072,2334267,,1,1
2025-11-25T16:51:04.695015Z,urllc,uesimtun1,149780,2111,368536229,2491351,,1,1
2025-11-25T16:51:04.695015Z,mmtc,uesimtun2,186575,2819,59585686,46469,,1,1
2025-11-25T16:51:05.060511Z,embb,uesimtun0,137095,1895,3208941156,2334268,,1,1
2025-11-25T16:51:05.060511Z,urllc,uesimtun1,149780,2111,368536481,2491354,,1,1
2025-11-25T16:51:05.060511Z,mmtc,uesimtun2,186575,2819,59585770,46470,,1,1
2025-11-25T16:51:05.426428Z,embb,uesimtun0,137095,1895,3208941240,2334269,,1,1
2025-11-25T16:51:05.426428Z,urllc,uesimtun1,149780,2111,368536709,2491357,,1,1
2025-11-25T16:51:05.426428Z,mmtc,uesimtun2,186575,2819,59585974,46473,,1,1
2025-11-25T16:51:05.791984Z,embb,uesimtun0,137095,1895,3208941408,2334271,,1,1
2025-11-25T16:51:05.791984Z,urllc,uesimtun1,149780,2111,368536793,2491358,,1,1
2025-11-25T16:51:05.791984Z,mmtc,uesimtun2,186575,2819,59586178,46476,,1,1
2025-11-25T16:51:06.157915Z,embb,uesimtun0,137095,1895,3208941576,2334273,,1,1
2025-11-25T16:51:06.157915Z,urllc,uesimtun1,149780,2111,368537045,2491361,,1,1
2025-11-25T16:51:06.157915Z,mmtc,uesimtun2,186575,2819,59586346,46478,,1,1
2025-11-25T16:51:06.523422Z,embb,uesimtun0,137095,1895,3208941660,2334274,,1,1
2025-11-25T16:51:06.523422Z,urllc,uesimtun1,149780,2111,368537213,2491363,,1,1
2025-11-25T16:51:06.523422Z,mmtc,uesimtun2,186575,2819,59586550,46481,,1,1
2025-11-25T16:51:06.889341Z,embb,uesimtun0,137095,1895,3208941828,2334276,,1,1
2025-11-25T16:51:06.889341Z,urllc,uesimtun1,149780,2111,368537441,2491366,,1,1
2025-11-25T16:51:06.889341Z,mmtc,uesimtun2,186575,2819,59586718,46483,,1,1
2025-11-25T16:51:07.255023Z,embb,uesimtun0,137095,1895,3208941912,2334277,,1,1
2025-11-25T16:51:07.255023Z,urllc,uesimtun1,149780,2111,368537609,2491368,,1,1
2025-11-25T16:51:07.255023Z,mmtc,uesimtun2,186575,2819,59586886,46485,,1,1
2025-11-25T16:51:07.620563Z,embb,uesimtun0,137095,1895,3208941996,2334278,,1,1
2025-11-25T16:51:07.620563Z,urllc,uesimtun1,149780,2111,368537777,2491370,,1,1
2025-11-25T16:51:07.620563Z,mmtc,uesimtun2,186575,2819,59586970,46486,,1,1
2025-11-25T16:51:07.988582Z,embb,uesimtun0,137095,1895,3208942080,2334279,,1,1
2025-11-25T16:51:07.988582Z,urllc,uesimtun1,149780,2111,368537861,2491371,,1,1
2025-11-25T16:51:07.988582Z,mmtc,uesimtun2,186575,2819,59587222,46489,,1,1
2025-11-25T16:51:08.355062Z,embb,uesimtun0,137095,1895,3208942248,2334281,,1,1
2025-11-25T16:51:08.355062Z,urllc,uesimtun1,149780,2111,368537945,2491372,,1,1
2025-11-25T16:51:08.355062Z,mmtc,uesimtun2,186575,2819,59587450,46492,,1,1
2025-11-25T16:51:08.721163Z,embb,uesimtun0,137095,1895,3208942332,2334282,,1,1
2025-11-25T16:51:08.721163Z,urllc,uesimtun1,149780,2111,368538113,2491374,,1,1
2025-11-25T16:51:08.721163Z,mmtc,uesimtun2,186575,2819,59587618,46494,,1,1
2025-11-25T16:51:09.091859Z,embb,uesimtun0,137095,1895,3208942416,2334283,,1,1
2025-11-25T16:51:09.091859Z,urllc,uesimtun1,149780,2111,368538197,2491375,,1,1
2025-11-25T16:51:09.091859Z,mmtc,uesimtun2,186575,2819,59587870,46497,,1,1
2025-11-25T16:51:09.457476Z,embb,uesimtun0,137095,1895,3208942668,2334286,,1,1
2025-11-25T16:51:09.457476Z,urllc,uesimtun1,149780,2111,368538401,2491378,,1,1
2025-11-25T16:51:09.457476Z,mmtc,uesimtun2,186575,2819,59587954,46498,,1,1
2025-11-25T16:51:09.822624Z,embb,uesimtun0,137095,1895,3208942752,2334287,,1,1
2025-11-25T16:51:09.822624Z,urllc,uesimtun1,149780,2111,368538569,2491380,,1,1
2025-11-25T16:51:09.822624Z,mmtc,uesimtun2,186575,2819,59588122,46500,,1,1
2025-11-25T16:51:10.354755Z,embb,uesimtun0,137095,1895,3208943004,2334290,,1,1
2025-11-25T16:51:10.354755Z,urllc,uesimtun1,149780,2111,368538737,2491382,,1,1
2025-11-25T16:51:10.354755Z,mmtc,uesimtun2,186575,2819,59588206,46501,,1,1
2025-11-25T16:51:10.720886Z,embb,uesimtun0,137095,1895,3208943172,2334292,,1,1
2025-11-25T16:51:10.720886Z,urllc,uesimtun1,149780,2111,368538881,2491384,,1,1
2025-11-25T16:51:10.720886Z,mmtc,uesimtun2,186575,2819,59588374,46503,,1,1
2025-11-25T16:51:11.086427Z,embb,uesimtun0,137095,1895,3208943340,2334294,,1,1
2025-11-25T16:51:11.086427Z,urllc,uesimtun1,149780,2111,368539133,2491387,,1,1
2025-11-25T16:51:11.086427Z,mmtc,uesimtun2,186575,2819,59588458,46504,,1,1
2025-11-25T16:51:11.451895Z,embb,uesimtun0,137095,1895,3208943508,2334296,,1,1
2025-11-25T16:51:11.451895Z,urllc,uesimtun1,149780,2111,368539217,2491388,,1,1
2025-11-25T16:51:11.451895Z,mmtc,uesimtun2,186575,2819,59588542,46505,,1,1
2025-11-25T16:51:11.817769Z,embb,uesimtun0,137095,1895,3208943592,2334297,,1,1
2025-11-25T16:51:11.817769Z,urllc,uesimtun1,149780,2111,368539421,2491391,,1,1
2025-11-25T16:51:11.817769Z,mmtc,uesimtun2,186575,2819,59588710,46507,,1,1
2025-11-25T16:51:12.188124Z,embb,uesimtun0,137095,1895,3208943676,2334298,,1,1
2025-11-25T16:51:12.188124Z,urllc,uesimtun1,149780,2111,368539589,2491393,,1,1
2025-11-25T16:51:12.188124Z,mmtc,uesimtun2,186575,2819,59588794,46508,,1,1
2025-11-25T16:51:12.553771Z,embb,uesimtun0,137095,1895,3208943844,2334300,,1,1
2025-11-25T16:51:12.553771Z,urllc,uesimtun1,149780,2111,368539817,2491396,,1,1
2025-11-25T16:51:12.553771Z,mmtc,uesimtun2,186575,2819,59589022,46511,,1,1
2025-11-25T16:51:12.919308Z,embb,uesimtun0,137095,1895,3208943928,2334301,,1,1
2025-11-25T16:51:12.919308Z,urllc,uesimtun1,149780,2111,368539901,2491397,,1,1
2025-11-25T16:51:12.919308Z,mmtc,uesimtun2,186575,2819,59589274,46514,,1,1
2025-11-25T16:51:13.295858Z,embb,uesimtun0,137095,1895,3208944096,2334303,,1,1
2025-11-25T16:51:13.295858Z,urllc,uesimtun1,149780,2111,368540069,2491399,,1,1
2025-11-25T16:51:13.295858Z,mmtc,uesimtun2,186575,2819,59589358,46515,,1,1
2025-11-25T16:51:13.660735Z,embb,uesimtun0,137095,1895,3208944180,2334304,,1,1
2025-11-25T16:51:13.660735Z,urllc,uesimtun1,149780,2111,368540297,2491402,,1,1
2025-11-25T16:51:13.660735Z,mmtc,uesimtun2,186575,2819,59589442,46516,,1,1
2025-11-25T16:51:14.026388Z,embb,uesimtun0,137095,1895,3208944348,2334306,,1,1
2025-11-25T16:51:14.026388Z,urllc,uesimtun1,149780,2111,368540381,2491403,,1,1
2025-11-25T16:51:14.026388Z,mmtc,uesimtun2,186575,2819,59589670,46519,,1,1
2025-11-25T16:51:14.390913Z,embb,uesimtun0,137095,1895,3208944432,2334307,,1,1
2025-11-25T16:51:14.390913Z,urllc,uesimtun1,149780,2111,368540465,2491404,,1,1
2025-11-25T16:51:14.390913Z,mmtc,uesimtun2,186575,2819,59589838,46521,,1,1
2025-11-25T16:51:14.756326Z,embb,uesimtun0,137095,1895,3208944600,2334309,,1,1
2025-11-25T16:51:14.756326Z,urllc,uesimtun1,149780,2111,368540633,2491406,,1,1
2025-11-25T16:51:14.756326Z,mmtc,uesimtun2,186575,2819,59589922,46522,,1,1
2025-11-25T16:51:15.124112Z,embb,uesimtun0,137095,1895,3208944768,2334311,,1,1
2025-11-25T16:51:15.124112Z,urllc,uesimtun1,149780,2111,368540770,2491408,,1,1
2025-11-25T16:51:15.124112Z,mmtc,uesimtun2,186575,2819,59590090,46524,,1,1
2025-11-25T16:51:15.489879Z,embb,uesimtun0,137095,1895,3208944852,2334312,,1,1
2025-11-25T16:51:15.489879Z,urllc,uesimtun1,149780,2111,368540938,2491410,,1,1
2025-11-25T16:51:15.489879Z,mmtc,uesimtun2,186575,2819,59590258,46526,,1,1
2025-11-25T16:51:15.855779Z,embb,uesimtun0,137095,1895,3208945020,2334314,,1,1
2025-11-25T16:51:15.855779Z,urllc,uesimtun1,149780,2111,368541022,2491411,,1,1
2025-11-25T16:51:15.855779Z,mmtc,uesimtun2,186575,2819,59590342,46527,,1,1
2025-11-25T16:51:16.221131Z,embb,uesimtun0,137095,1895,3208945188,2334316,,1,1
2025-11-25T16:51:16.221131Z,urllc,uesimtun1,149780,2111,368541190,2491413,,1,1
2025-11-25T16:51:16.221131Z,mmtc,uesimtun2,186575,2819,59590510,46529,,1,1
2025-11-25T16:51:16.586674Z,embb,uesimtun0,137095,1895,3208945356,2334318,,1,1
2025-11-25T16:51:16.586674Z,urllc,uesimtun1,149780,2111,368541334,2491415,,1,1
2025-11-25T16:51:16.586674Z,mmtc,uesimtun2,186575,2819,59590594,46530,,1,1
2025-11-25T16:51:16.952636Z,embb,uesimtun0,137095,1895,3208945524,2334320,,1,1
2025-11-25T16:51:16.952636Z,urllc,uesimtun1,149780,2111,368541418,2491416,,1,1
2025-11-25T16:51:16.952636Z,mmtc,uesimtun2,186575,2819,59590762,46532,,1,1
2025-11-25T16:51:17.344058Z,embb,uesimtun0,137095,1895,3208945692,2334322,,1,1
2025-11-25T16:51:17.344058Z,urllc,uesimtun1,149780,2111,368541670,2491419,,1,1
2025-11-25T16:51:17.344058Z,mmtc,uesimtun2,186575,2819,59590846,46533,,1,1
2025-11-25T16:51:17.709866Z,embb,uesimtun0,137095,1895,3208945860,2334324,,1,1
2025-11-25T16:51:17.709866Z,urllc,uesimtun1,149780,2111,368541898,2491422,,1,1
2025-11-25T16:51:17.709866Z,mmtc,uesimtun2,186575,2819,59590930,46534,,1,1
2025-11-25T16:51:18.075547Z,embb,uesimtun0,137095,1895,3208946028,2334326,,1,1
2025-11-25T16:51:18.075547Z,urllc,uesimtun1,149780,2111,368541982,2491423,,1,1
2025-11-25T16:51:18.075547Z,mmtc,uesimtun2,186575,2819,59591014,46535,,1,1
2025-11-25T16:51:18.440576Z,embb,uesimtun0,137095,1895,3208946196,2334328,,1,1
2025-11-25T16:51:18.440576Z,urllc,uesimtun1,149780,2111,368542150,2491425,,1,1
2025-11-25T16:51:18.440576Z,mmtc,uesimtun2,186575,2819,59591182,46537,,1,1
2025-11-25T16:51:18.806890Z,embb,uesimtun0,137095,1895,3208946280,2334329,,1,1
2025-11-25T16:51:18.806890Z,urllc,uesimtun1,149780,2111,368542402,2491428,,1,1
2025-11-25T16:51:18.806890Z,mmtc,uesimtun2,186575,2819,59591266,46538,,1,1
2025-11-25T16:51:19.433323Z,embb,uesimtun0,137095,1895,3208946364,2334330,,1,1
2025-11-25T16:51:19.433323Z,urllc,uesimtun1,149780,2111,368542654,2491431,,1,1
2025-11-25T16:51:19.433323Z,mmtc,uesimtun2,186575,2819,59591434,46540,,1,1
2025-11-25T16:51:19.799068Z,embb,uesimtun0,137095,1895,3208946448,2334331,,1,1
2025-11-25T16:51:19.799068Z,urllc,uesimtun1,149780,2111,368542822,2491433,,1,1
2025-11-25T16:51:19.799068Z,mmtc,uesimtun2,186575,2819,59591518,46541,,1,1
2025-11-25T16:51:20.267428Z,embb,uesimtun0,137095,1895,3208946532,2334332,,1,1
2025-11-25T16:51:20.267428Z,urllc,uesimtun1,149780,2111,368542990,2491435,,1,1
2025-11-25T16:51:20.267428Z,mmtc,uesimtun2,186575,2819,59591770,46544,,1,1
2025-11-25T16:51:20.632888Z,embb,uesimtun0,137095,1895,3208946616,2334333,,1,1
2025-11-25T16:51:20.632888Z,urllc,uesimtun1,149780,2111,368543158,2491437,,1,1
2025-11-25T16:51:20.632888Z,mmtc,uesimtun2,186575,2819,59591938,46546,,1,1
2025-11-25T16:51:21.021580Z,embb,uesimtun0,137095,1895,3208946700,2334334,,1,1
2025-11-25T16:51:21.021580Z,urllc,uesimtun1,149780,2111,368543242,2491438,,1,1
2025-11-25T16:51:21.021580Z,mmtc,uesimtun2,186575,2819,59592106,46548,,1,1
2025-11-25T16:51:21.387450Z,embb,uesimtun0,137095,1895,3208946784,2334335,,1,1
2025-11-25T16:51:21.387450Z,urllc,uesimtun1,149780,2111,368543326,2491439,,1,1
2025-11-25T16:51:21.387450Z,mmtc,uesimtun2,186575,2819,59592358,46551,,1,1
2025-11-25T16:51:21.753385Z,embb,uesimtun0,137095,1895,3208946952,2334337,,1,1
2025-11-25T16:51:21.753385Z,urllc,uesimtun1,149780,2111,368543410,2491440,,1,1
2025-11-25T16:51:21.753385Z,mmtc,uesimtun2,186575,2819,59592526,46553,,1,1
2025-11-25T16:51:22.119333Z,embb,uesimtun0,137095,1895,3208947120,2334339,,1,1
2025-11-25T16:51:22.119333Z,urllc,uesimtun1,149780,2111,368543494,2491441,,1,1
2025-11-25T16:51:22.119333Z,mmtc,uesimtun2,186575,2819,59592694,46555,,1,1
2025-11-25T16:51:22.484386Z,embb,uesimtun0,137095,1895,3208947372,2334342,,1,1
2025-11-25T16:51:22.484386Z,urllc,uesimtun1,149780,2111,368543578,2491442,,1,1
2025-11-25T16:51:22.484386Z,mmtc,uesimtun2,186575,2819,59592862,46557,,1,1
2025-11-25T16:51:22.850291Z,embb,uesimtun0,137095,1895,3208947456,2334343,,1,1
2025-11-25T16:51:22.850291Z,urllc,uesimtun1,149780,2111,368543746,2491444,,1,1
2025-11-25T16:51:22.850291Z,mmtc,uesimtun2,186575,2819,59593030,46559,,1,1
2025-11-25T16:51:23.274193Z,embb,uesimtun0,137095,1895,3208947540,2334344,,1,1
2025-11-25T16:51:23.274193Z,urllc,uesimtun1,149780,2111,368543830,2491445,,1,1
2025-11-25T16:51:23.274193Z,mmtc,uesimtun2,186575,2819,59593198,46561,,1,1
2025-11-25T16:51:23.639968Z,embb,uesimtun0,137095,1895,3208947876,2334348,,1,1
2025-11-25T16:51:23.639968Z,urllc,uesimtun1,149780,2111,368543914,2491446,,1,1
2025-11-25T16:51:23.639968Z,mmtc,uesimtun2,186575,2819,59593282,46562,,1,1
2025-11-25T16:51:24.005479Z,embb,uesimtun0,137095,1895,3208947960,2334349,,1,1
2025-11-25T16:51:24.005479Z,urllc,uesimtun1,149780,2111,368543998,2491447,,1,1
2025-11-25T16:51:24.005479Z,mmtc,uesimtun2,186575,2819,59593366,46563,,1,1
2025-11-25T16:51:24.371557Z,embb,uesimtun0,137095,1895,3208948128,2334351,,1,1
2025-11-25T16:51:24.371557Z,urllc,uesimtun1,149780,2111,368544166,2491449,,1,1
2025-11-25T16:51:24.371557Z,mmtc,uesimtun2,186575,2819,59593450,46564,,1,1
2025-11-25T16:51:24.737136Z,embb,uesimtun0,137095,1895,3208948296,2334353,,1,1
2025-11-25T16:51:24.737136Z,urllc,uesimtun1,149780,2111,368544250,2491450,,1,1
2025-11-25T16:51:24.737136Z,mmtc,uesimtun2,186575,2819,59593618,46566,,1,1
2025-11-25T16:51:25.467571Z,embb,uesimtun0,137095,1895,3208948548,2334356,,1,1
2025-11-25T16:51:25.467571Z,urllc,uesimtun1,149780,2111,368544502,2491453,,1,1
2025-11-25T16:51:25.467571Z,mmtc,uesimtun2,186575,2819,59593702,46567,,1,1
2025-11-25T16:51:25.833565Z,embb,uesimtun0,137095,1895,3208948632,2334357,,1,1
2025-11-25T16:51:25.833565Z,urllc,uesimtun1,149780,2111,368544586,2491454,,1,1
2025-11-25T16:51:25.833565Z,mmtc,uesimtun2,186575,2819,59593786,46568,,1,1
2025-11-25T16:51:26.213265Z,embb,uesimtun0,137095,1895,3208948884,2334360,,1,1
2025-11-25T16:51:26.213265Z,urllc,uesimtun1,149780,2111,368544754,2491456,,1,1
2025-11-25T16:51:26.213265Z,mmtc,uesimtun2,186575,2819,59593870,46569,,1,1
2025-11-25T16:51:26.579149Z,embb,uesimtun0,137095,1895,3208948968,2334361,,1,1
2025-11-25T16:51:26.579149Z,urllc,uesimtun1,149780,2111,368545006,2491459,,1,1
2025-11-25T16:51:26.579149Z,mmtc,uesimtun2,186575,2819,59593954,46570,,1,1
2025-11-25T16:51:26.945289Z,embb,uesimtun0,137095,1895,3208949052,2334362,,1,1
2025-11-25T16:51:26.945289Z,urllc,uesimtun1,149780,2111,368545174,2491461,,1,1
2025-11-25T16:51:26.945289Z,mmtc,uesimtun2,186575,2819,59594038,46571,,1,1
2025-11-25T16:51:27.310625Z,embb,uesimtun0,137095,1895,3208949220,2334364,,1,1
2025-11-25T16:51:27.310625Z,urllc,uesimtun1,149780,2111,368545342,2491463,,1,1
2025-11-25T16:51:27.310625Z,mmtc,uesimtun2,186575,2819,59594206,46573,,1,1
2025-11-25T16:51:27.676289Z,embb,uesimtun0,137095,1895,3208949304,2334365,,1,1
2025-11-25T16:51:27.676289Z,urllc,uesimtun1,149780,2111,368545594,2491466,,1,1
2025-11-25T16:51:27.676289Z,mmtc,uesimtun2,186575,2819,59594290,46574,,1,1
2025-11-25T16:51:28.042087Z,embb,uesimtun0,137095,1895,3208949388,2334366,,1,1
2025-11-25T16:51:28.042087Z,urllc,uesimtun1,149780,2111,368545762,2491468,,1,1
2025-11-25T16:51:28.042087Z,mmtc,uesimtun2,186575,2819,59594374,46575,,1,1
2025-11-25T16:51:28.408397Z,embb,uesimtun0,137095,1895,3208949472,2334367,,1,1
2025-11-25T16:51:28.408397Z,urllc,uesimtun1,149780,2111,368545846,2491469,,1,1
2025-11-25T16:51:28.408397Z,mmtc,uesimtun2,186575,2819,59594710,46579,,1,1
2025-11-25T16:51:28.773848Z,embb,uesimtun0,137095,1895,3208949556,2334368,,1,1
2025-11-25T16:51:28.773848Z,urllc,uesimtun1,149780,2111,368545930,2491470,,1,1
2025-11-25T16:51:28.773848Z,mmtc,uesimtun2,186575,2819,59594878,46581,,1,1
2025-11-25T16:51:29.140078Z,embb,uesimtun0,137095,1895,3208949640,2334369,,1,1
2025-11-25T16:51:29.140078Z,urllc,uesimtun1,149780,2111,368546098,2491472,,1,1
2025-11-25T16:51:29.140078Z,mmtc,uesimtun2,186575,2819,59595046,46583,,1,1
2025-11-25T16:51:29.505877Z,embb,uesimtun0,137095,1895,3208949808,2334371,,1,1
2025-11-25T16:51:29.505877Z,urllc,uesimtun1,149780,2111,368546182,2491473,,1,1
2025-11-25T16:51:29.505877Z,mmtc,uesimtun2,186575,2819,59595298,46586,,1,1
2025-11-25T16:51:29.872339Z,embb,uesimtun0,137095,1895,3208949892,2334372,,1,1
2025-11-25T16:51:29.872339Z,urllc,uesimtun1,149780,2111,368546266,2491474,,1,1
2025-11-25T16:51:29.872339Z,mmtc,uesimtun2,186575,2819,59595382,46587,,1,1
2025-11-25T16:51:30.265616Z,embb,uesimtun0,137095,1895,3208950113,2334375,,1,1
2025-11-25T16:51:30.265616Z,urllc,uesimtun1,149780,2111,368546434,2491476,,1,1
2025-11-25T16:51:30.265616Z,mmtc,uesimtun2,186575,2819,59595550,46589,,1,1
2025-11-25T16:51:30.636021Z,embb,uesimtun0,137095,1895,3208950365,2334378,,1,1
2025-11-25T16:51:30.636021Z,urllc,uesimtun1,149780,2111,368546518,2491477,,1,1
2025-11-25T16:51:30.636021Z,mmtc,uesimtun2,186575,2819,59595718,46591,,1,1
2025-11-25T16:51:31.052592Z,embb,uesimtun0,137095,1895,3208950449,2334379,,1,1
2025-11-25T16:51:31.052592Z,urllc,uesimtun1,149780,2111,368546686,2491479,,1,1
2025-11-25T16:51:31.052592Z,mmtc,uesimtun2,186575,2819,59595886,46593,,1,1
2025-11-25T16:51:31.418425Z,embb,uesimtun0,137095,1895,3208950617,2334381,,1,1
2025-11-25T16:51:31.418425Z,urllc,uesimtun1,149780,2111,368546854,2491481,,1,1
2025-11-25T16:51:31.418425Z,mmtc,uesimtun2,186575,2819,59595970,46594,,1,1
2025-11-25T16:51:31.785127Z,embb,uesimtun0,137095,1895,3208950869,2334384,,1,1
2025-11-25T16:51:31.785127Z,urllc,uesimtun1,149780,2111,368546938,2491482,,1,1
2025-11-25T16:51:31.785127Z,mmtc,uesimtun2,186575,2819,59596054,46595,,1,1
2025-11-25T16:51:32.151025Z,embb,uesimtun0,137095,1895,3208950953,2334385,,1,1
2025-11-25T16:51:32.151025Z,urllc,uesimtun1,149780,2111,368547022,2491483,,1,1
2025-11-25T16:51:32.151025Z,mmtc,uesimtun2,186575,2819,59596222,46597,,1,1
2025-11-25T16:51:32.521515Z,embb,uesimtun0,137095,1895,3208951121,2334387,,1,1
2025-11-25T16:51:32.521515Z,urllc,uesimtun1,149780,2111,368547190,2491485,,1,1
2025-11-25T16:51:32.521515Z,mmtc,uesimtun2,186575,2819,59596306,46598,,1,1
2025-11-25T16:51:32.888198Z,embb,uesimtun0,137095,1895,3208951289,2334389,,1,1
2025-11-25T16:51:32.888198Z,urllc,uesimtun1,149780,2111,368547274,2491486,,1,1
2025-11-25T16:51:32.888198Z,mmtc,uesimtun2,186575,2819,59596558,46601,,1,1
2025-11-25T16:51:33.274672Z,embb,uesimtun0,137095,1895,3208951373,2334390,,1,1
2025-11-25T16:51:33.274672Z,urllc,uesimtun1,149780,2111,368547442,2491488,,1,1
2025-11-25T16:51:33.274672Z,mmtc,uesimtun2,186575,2819,59596642,46602,,1,1
2025-11-25T16:51:33.640295Z,embb,uesimtun0,137095,1895,3208951457,2334391,,1,1
2025-11-25T16:51:33.640295Z,urllc,uesimtun1,149780,2111,368547610,2491490,,1,1
2025-11-25T16:51:33.640295Z,mmtc,uesimtun2,186575,2819,59596726,46603,,1,1
2025-11-25T16:51:34.012273Z,embb,uesimtun0,137095,1895,3208951625,2334393,,1,1
2025-11-25T16:51:34.012273Z,urllc,uesimtun1,149780,2111,368547694,2491491,,1,1
2025-11-25T16:51:34.012273Z,mmtc,uesimtun2,186575,2819,59596810,46604,,1,1
2025-11-25T16:51:34.379385Z,embb,uesimtun0,137095,1895,3208951793,2334395,,1,1
2025-11-25T16:51:34.379385Z,urllc,uesimtun1,149780,2111,368547946,2491494,,1,1
2025-11-25T16:51:34.379385Z,mmtc,uesimtun2,186575,2819,59596978,46606,,1,1
2025-11-25T16:51:34.749803Z,embb,uesimtun0,137095,1895,3208951877,2334396,,1,1
2025-11-25T16:51:34.749803Z,urllc,uesimtun1,149780,2111,368548030,2491495,,1,1
2025-11-25T16:51:34.749803Z,mmtc,uesimtun2,186575,2819,59597062,46607,,1,1
2025-11-25T16:51:35.153144Z,embb,uesimtun0,137095,1895,3208952045,2334398,,1,1
2025-11-25T16:51:35.153144Z,urllc,uesimtun1,149780,2111,368548198,2491497,,1,1
2025-11-25T16:51:35.153144Z,mmtc,uesimtun2,186575,2819,59597230,46609,,1,1
2025-11-25T16:51:35.519356Z,embb,uesimtun0,137095,1895,3208952129,2334399,,1,1
2025-11-25T16:51:35.519356Z,urllc,uesimtun1,149780,2111,368548282,2491498,,1,1
2025-11-25T16:51:35.519356Z,mmtc,uesimtun2,186575,2819,59597398,46611,,1,1
2025-11-25T16:51:35.885361Z,embb,uesimtun0,137095,1895,3208952213,2334400,,1,1
2025-11-25T16:51:35.885361Z,urllc,uesimtun1,149780,2111,368548450,2491500,,1,1
2025-11-25T16:51:35.885361Z,mmtc,uesimtun2,186575,2819,59597482,46612,,1,1
2025-11-25T16:51:36.251662Z,embb,uesimtun0,137095,1895,3208952381,2334402,,1,1
2025-11-25T16:51:36.251662Z,urllc,uesimtun1,149780,2111,368548534,2491501,,1,1
2025-11-25T16:51:36.251662Z,mmtc,uesimtun2,186575,2819,59597734,46615,,1,1
2025-11-25T16:51:36.618864Z,embb,uesimtun0,137095,1895,3208952549,2334404,,1,1
2025-11-25T16:51:36.618864Z,urllc,uesimtun1,149780,2111,368548702,2491503,,1,1
2025-11-25T16:51:36.618864Z,mmtc,uesimtun2,186575,2819,59597818,46616,,1,1
2025-11-25T16:51:36.984207Z,embb,uesimtun0,137095,1895,3208952633,2334405,,1,1
2025-11-25T16:51:36.984207Z,urllc,uesimtun1,149780,2111,368548786,2491504,,1,1
2025-11-25T16:51:36.984207Z,mmtc,uesimtun2,186575,2819,59597986,46618,,1,1
2025-11-25T16:51:37.351600Z,embb,uesimtun0,137095,1895,3208952801,2334407,,1,1
2025-11-25T16:51:37.351600Z,urllc,uesimtun1,149780,2111,368548870,2491505,,1,1
2025-11-25T16:51:37.351600Z,mmtc,uesimtun2,186575,2819,59598154,46620,,1,1
2025-11-25T16:51:37.719805Z,embb,uesimtun0,137095,1895,3208953053,2334410,,1,1
2025-11-25T16:51:37.719805Z,urllc,uesimtun1,149780,2111,368549038,2491507,,1,1
2025-11-25T16:51:37.719805Z,mmtc,uesimtun2,186575,2819,59598238,46621,,1,1
2025-11-25T16:51:38.085622Z,embb,uesimtun0,137095,1895,3208953221,2334412,,1,1
2025-11-25T16:51:38.085622Z,urllc,uesimtun1,149780,2111,368549206,2491509,,1,1
2025-11-25T16:51:38.085622Z,mmtc,uesimtun2,186575,2819,59598322,46622,,1,1
2025-11-25T16:51:38.451634Z,embb,uesimtun0,137095,1895,3208953389,2334414,,1,1
2025-11-25T16:51:38.451634Z,urllc,uesimtun1,149780,2111,368549374,2491511,,1,1
2025-11-25T16:51:38.451634Z,mmtc,uesimtun2,186575,2819,59598406,46623,,1,1
2025-11-25T16:51:38.817690Z,embb,uesimtun0,137095,1895,3208953557,2334416,,1,1
2025-11-25T16:51:38.817690Z,urllc,uesimtun1,149780,2111,368549458,2491512,,1,1
2025-11-25T16:51:38.817690Z,mmtc,uesimtun2,186575,2819,59598574,46625,,1,1
2025-11-25T16:51:39.184846Z,embb,uesimtun0,137095,1895,3208953641,2334417,,1,1
2025-11-25T16:51:39.184846Z,urllc,uesimtun1,149780,2111,368549710,2491515,,1,1
2025-11-25T16:51:39.184846Z,mmtc,uesimtun2,186575,2819,59598658,46626,,1,1
2025-11-25T16:51:39.551385Z,embb,uesimtun0,137095,1895,3208953809,2334419,,1,1
2025-11-25T16:51:39.551385Z,urllc,uesimtun1,149780,2111,368549878,2491517,,1,1
2025-11-25T16:51:39.551385Z,mmtc,uesimtun2,186575,2819,59598826,46628,,1,1
2025-11-25T16:51:39.917259Z,embb,uesimtun0,137095,1895,3208953893,2334420,,1,1
2025-11-25T16:51:39.917259Z,urllc,uesimtun1,149780,2111,368549962,2491518,,1,1
2025-11-25T16:51:39.917259Z,mmtc,uesimtun2,186575,2819,59598910,46629,,1,1
2025-11-25T16:51:40.283202Z,embb,uesimtun0,137095,1895,3208953977,2334421,,1,1
2025-11-25T16:51:40.283202Z,urllc,uesimtun1,149780,2111,368550214,2491521,,1,1
2025-11-25T16:51:40.283202Z,mmtc,uesimtun2,186575,2819,59598994,46630,,1,1
2025-11-25T16:51:40.648768Z,embb,uesimtun0,137095,1895,3208954061,2334422,,1,1
2025-11-25T16:51:40.648768Z,urllc,uesimtun1,149780,2111,368550382,2491523,,1,1
2025-11-25T16:51:40.648768Z,mmtc,uesimtun2,186575,2819,59599162,46632,,1,1
2025-11-25T16:51:41.081922Z,embb,uesimtun0,137095,1895,3208954145,2334423,,1,1
2025-11-25T16:51:41.081922Z,urllc,uesimtun1,149780,2111,368550466,2491524,,1,1
2025-11-25T16:51:41.081922Z,mmtc,uesimtun2,186575,2819,59599414,46635,,1,1
2025-11-25T16:51:41.448995Z,embb,uesimtun0,137095,1895,3208954229,2334424,,1,1
2025-11-25T16:51:41.448995Z,urllc,uesimtun1,149780,2111,368550718,2491527,,1,1
2025-11-25T16:51:41.448995Z,mmtc,uesimtun2,186575,2819,59599582,46637,,1,1
2025-11-25T16:51:41.818138Z,embb,uesimtun0,137095,1895,3208954397,2334426,,1,1
2025-11-25T16:51:41.818138Z,urllc,uesimtun1,149780,2111,368550855,2491529,,1,1
2025-11-25T16:51:41.818138Z,mmtc,uesimtun2,186575,2819,59599666,46638,,1,1
2025-11-25T16:51:42.184532Z,embb,uesimtun0,137095,1895,3208954565,2334428,,1,1
2025-11-25T16:51:42.184532Z,urllc,uesimtun1,149780,2111,368550939,2491530,,1,1
2025-11-25T16:51:42.184532Z,mmtc,uesimtun2,186575,2819,59599918,46641,,1,1
2025-11-25T16:51:42.550769Z,embb,uesimtun0,137095,1895,3208954649,2334429,,1,1
2025-11-25T16:51:42.550769Z,urllc,uesimtun1,149780,2111,368551023,2491531,,1,1
2025-11-25T16:51:42.550769Z,mmtc,uesimtun2,186575,2819,59600086,46643,,1,1
2025-11-25T16:51:42.916851Z,embb,uesimtun0,137095,1895,3208954817,2334431,,1,1
2025-11-25T16:51:42.916851Z,urllc,uesimtun1,149780,2111,368551107,2491532,,1,1
2025-11-25T16:51:42.916851Z,mmtc,uesimtun2,186575,2819,59600170,46644,,1,1
2025-11-25T16:51:43.282965Z,embb,uesimtun0,137095,1895,3208954901,2334432,,1,1
2025-11-25T16:51:43.282965Z,urllc,uesimtun1,149780,2111,368551275,2491534,,1,1
2025-11-25T16:51:43.282965Z,mmtc,uesimtun2,186575,2819,59600506,46648,,1,1
2025-11-25T16:51:43.657641Z,embb,uesimtun0,137095,1895,3208955069,2334434,,1,1
2025-11-25T16:51:43.657641Z,urllc,uesimtun1,149780,2111,368551359,2491535,,1,1
2025-11-25T16:51:43.657641Z,mmtc,uesimtun2,186575,2819,59600590,46649,,1,1
2025-11-25T16:51:44.031702Z,embb,uesimtun0,137095,1895,3208955237,2334436,,1,1
2025-11-25T16:51:44.031702Z,urllc,uesimtun1,149780,2111,368551443,2491536,,1,1
2025-11-25T16:51:44.031702Z,mmtc,uesimtun2,186575,2819,59600674,46650,,1,1
2025-11-25T16:51:44.397415Z,embb,uesimtun0,137095,1895,3208955405,2334438,,1,1
2025-11-25T16:51:44.397415Z,urllc,uesimtun1,149780,2111,368551527,2491537,,1,1
2025-11-25T16:51:44.397415Z,mmtc,uesimtun2,186575,2819,59600842,46652,,1,1
2025-11-25T16:51:44.766719Z,embb,uesimtun0,137095,1895,3208955573,2334440,,1,1
2025-11-25T16:51:44.766719Z,urllc,uesimtun1,149780,2111,368551611,2491538,,1,1
2025-11-25T16:51:44.766719Z,mmtc,uesimtun2,186575,2819,59600926,46653,,1,1
2025-11-25T16:51:45.153203Z,embb,uesimtun0,137095,1895,3208955741,2334442,,1,1
2025-11-25T16:51:45.153203Z,urllc,uesimtun1,149780,2111,368551695,2491539,,1,1
2025-11-25T16:51:45.153203Z,mmtc,uesimtun2,186575,2819,59601094,46655,,1,1
2025-11-25T16:51:45.518765Z,embb,uesimtun0,137095,1895,3208956077,2334446,,1,1
2025-11-25T16:51:45.518765Z,urllc,uesimtun1,149780,2111,368551863,2491541,,1,1
2025-11-25T16:51:45.518765Z,mmtc,uesimtun2,186575,2819,59601178,46656,,1,1
2025-11-25T16:51:45.887804Z,embb,uesimtun0,137095,1895,3208956161,2334447,,1,1
2025-11-25T16:51:45.887804Z,urllc,uesimtun1,149780,2111,368552031,2491543,,1,1
2025-11-25T16:51:45.887804Z,mmtc,uesimtun2,186575,2819,59601262,46657,,1,1
2025-11-25T16:51:46.256185Z,embb,uesimtun0,137095,1895,3208956413,2334450,,1,1
2025-11-25T16:51:46.256185Z,urllc,uesimtun1,149780,2111,368552115,2491544,,1,1
2025-11-25T16:51:46.256185Z,mmtc,uesimtun2,186575,2819,59601346,46658,,1,1
2025-11-25T16:51:46.621963Z,embb,uesimtun0,137095,1895,3208956665,2334453,,1,1
2025-11-25T16:51:46.621963Z,urllc,uesimtun1,149780,2111,368552283,2491546,,1,1
2025-11-25T16:51:46.621963Z,mmtc,uesimtun2,186575,2819,59601430,46659,,1,1
2025-11-25T16:51:47.041829Z,embb,uesimtun0,137095,1895,3208956749,2334454,,1,1
2025-11-25T16:51:47.041829Z,urllc,uesimtun1,149780,2111,368552535,2491549,,1,1
2025-11-25T16:51:47.041829Z,mmtc,uesimtun2,186575,2819,59601514,46660,,1,1
2025-11-25T16:51:47.407886Z,embb,uesimtun0,137095,1895,3208957001,2334457,,1,1
2025-11-25T16:51:47.407886Z,urllc,uesimtun1,149780,2111,368552787,2491552,,1,1
2025-11-25T16:51:47.407886Z,mmtc,uesimtun2,186575,2819,59601598,46661,,1,1
2025-11-25T16:51:47.773743Z,embb,uesimtun0,137095,1895,3208957085,2334458,,1,1
2025-11-25T16:51:47.773743Z,urllc,uesimtun1,149780,2111,368552955,2491554,,1,1
2025-11-25T16:51:47.773743Z,mmtc,uesimtun2,186575,2819,59601682,46662,,1,1
2025-11-25T16:51:48.285998Z,embb,uesimtun0,137095,1895,3208957253,2334460,,1,1
2025-11-25T16:51:48.285998Z,urllc,uesimtun1,149780,2111,368553207,2491557,,1,1
2025-11-25T16:51:48.285998Z,mmtc,uesimtun2,186575,2819,59601850,46664,,1,1
2025-11-25T16:51:48.652034Z,embb,uesimtun0,137095,1895,3208957337,2334461,,1,1
2025-11-25T16:51:48.652034Z,urllc,uesimtun1,149780,2111,368553375,2491559,,1,1
2025-11-25T16:51:48.652034Z,mmtc,uesimtun2,186575,2819,59602018,46666,,1,1
2025-11-25T16:51:49.042381Z,embb,uesimtun0,137095,1895,3208957421,2334462,,1,1
2025-11-25T16:51:49.042381Z,urllc,uesimtun1,149780,2111,368553459,2491560,,1,1
2025-11-25T16:51:49.042381Z,mmtc,uesimtun2,186575,2819,59602186,46668,,1,1
2025-11-25T16:51:49.413106Z,embb,uesimtun0,137095,1895,3208957505,2334463,,1,1
2025-11-25T16:51:49.413106Z,urllc,uesimtun1,149780,2111,368553627,2491562,,1,1
2025-11-25T16:51:49.413106Z,mmtc,uesimtun2,186575,2819,59602438,46671,,1,1
2025-11-25T16:51:49.779598Z,embb,uesimtun0,137095,1895,3208957589,2334464,,1,1
2025-11-25T16:51:49.779598Z,urllc,uesimtun1,149780,2111,368553711,2491563,,1,1
2025-11-25T16:51:49.779598Z,mmtc,uesimtun2,186575,2819,59602606,46673,,1,1
2025-11-25T16:51:50.144968Z,embb,uesimtun0,137095,1895,3208957673,2334465,,1,1
2025-11-25T16:51:50.144968Z,urllc,uesimtun1,149780,2111,368553795,2491564,,1,1
2025-11-25T16:51:50.144968Z,mmtc,uesimtun2,186575,2819,59602774,46675,,1,1
2025-11-25T16:51:50.511256Z,embb,uesimtun0,137095,1895,3208957925,2334468,,1,1
2025-11-25T16:51:50.511256Z,urllc,uesimtun1,149780,2111,368553963,2491566,,1,1
2025-11-25T16:51:50.511256Z,mmtc,uesimtun2,186575,2819,59602942,46677,,1,1
2025-11-25T16:51:50.877150Z,embb,uesimtun0,137095,1895,3208958009,2334469,,1,1
2025-11-25T16:51:50.877150Z,urllc,uesimtun1,149780,2111,368554047,2491567,,1,1
2025-11-25T16:51:50.877150Z,mmtc,uesimtun2,186575,2819,59603110,46679,,1,1
2025-11-25T16:51:51.252769Z,embb,uesimtun0,137095,1895,3208958093,2334470,,1,1
2025-11-25T16:51:51.252769Z,urllc,uesimtun1,149780,2111,368554215,2491569,,1,1
2025-11-25T16:51:51.252769Z,mmtc,uesimtun2,186575,2819,59603362,46682,,1,1
2025-11-25T16:51:51.625011Z,embb,uesimtun0,137095,1895,3208958345,2334473,,1,1
2025-11-25T16:51:51.625011Z,urllc,uesimtun1,149780,2111,368554299,2491570,,1,1
2025-11-25T16:51:51.625011Z,mmtc,uesimtun2,186575,2819,59603499,46684,,1,1
2025-11-25T16:51:51.991129Z,embb,uesimtun0,137095,1895,3208958513,2334475,,1,1
2025-11-25T16:51:51.991129Z,urllc,uesimtun1,149780,2111,368554383,2491571,,1,1
2025-11-25T16:51:51.991129Z,mmtc,uesimtun2,186575,2819,59603583,46685,,1,1
2025-11-25T16:51:52.358822Z,embb,uesimtun0,137095,1895,3208958681,2334477,,1,1
2025-11-25T16:51:52.358822Z,urllc,uesimtun1,149780,2111,368554551,2491573,,1,1
2025-11-25T16:51:52.358822Z,mmtc,uesimtun2,186575,2819,59603751,46687,,1,1
2025-11-25T16:51:52.725106Z,embb,uesimtun0,137095,1895,3208958849,2334479,,1,1
2025-11-25T16:51:52.725106Z,urllc,uesimtun1,149780,2111,368554635,2491574,,1,1
2025-11-25T16:51:52.725106Z,mmtc,uesimtun2,186575,2819,59603835,46688,,1,1
2025-11-25T16:51:53.091211Z,embb,uesimtun0,137095,1895,3208959017,2334481,,1,1
2025-11-25T16:51:53.091211Z,urllc,uesimtun1,149780,2111,368554719,2491575,,1,1
2025-11-25T16:51:53.091211Z,mmtc,uesimtun2,186575,2819,59604003,46690,,1,1
2025-11-25T16:51:53.457360Z,embb,uesimtun0,137095,1895,3208959185,2334483,,1,1
2025-11-25T16:51:53.457360Z,urllc,uesimtun1,149780,2111,368554887,2491577,,1,1
2025-11-25T16:51:53.457360Z,mmtc,uesimtun2,186575,2819,59604171,46692,,1,1
2025-11-25T16:51:53.823852Z,embb,uesimtun0,137095,1895,3208959269,2334484,,1,1
2025-11-25T16:51:53.823852Z,urllc,uesimtun1,149780,2111,368554971,2491578,,1,1
2025-11-25T16:51:53.823852Z,mmtc,uesimtun2,186575,2819,59604255,46693,,1,1
2025-11-25T16:51:54.189317Z,embb,uesimtun0,137095,1895,3208959521,2334487,,1,1
2025-11-25T16:51:54.189317Z,urllc,uesimtun1,149780,2111,368555139,2491580,,1,1
2025-11-25T16:51:54.189317Z,mmtc,uesimtun2,186575,2819,59604339,46694,,1,1
2025-11-25T16:51:54.554795Z,embb,uesimtun0,137095,1895,3208959605,2334488,,1,1
2025-11-25T16:51:54.554795Z,urllc,uesimtun1,149780,2111,368555307,2491582,,1,1
2025-11-25T16:51:54.554795Z,mmtc,uesimtun2,186575,2819,59604423,46695,,1,1
2025-11-25T16:51:54.921367Z,embb,uesimtun0,137095,1895,3208959689,2334489,,1,1
2025-11-25T16:51:54.921367Z,urllc,uesimtun1,149780,2111,368555391,2491583,,1,1
2025-11-25T16:51:54.921367Z,mmtc,uesimtun2,186575,2819,59604507,46696,,1,1
2025-11-25T16:51:55.287094Z,embb,uesimtun0,137095,1895,3208959773,2334490,,1,1
2025-11-25T16:51:55.287094Z,urllc,uesimtun1,149780,2111,368555643,2491586,,1,1
2025-11-25T16:51:55.287094Z,mmtc,uesimtun2,186575,2819,59604675,46698,,1,1
2025-11-25T16:51:55.653359Z,embb,uesimtun0,137095,1895,3208959941,2334492,,1,1
2025-11-25T16:51:55.653359Z,urllc,uesimtun1,149780,2111,368555811,2491588,,1,1
2025-11-25T16:51:55.653359Z,mmtc,uesimtun2,186575,2819,59604759,46699,,1,1
2025-11-25T16:51:56.255574Z,embb,uesimtun0,137095,1895,3208960025,2334493,,1,1
2025-11-25T16:51:56.255574Z,urllc,uesimtun1,149780,2111,368555979,2491590,,1,1
2025-11-25T16:51:56.255574Z,mmtc,uesimtun2,186575,2819,59604927,46701,,1,1
2025-11-25T16:51:56.621796Z,embb,uesimtun0,137095,1895,3208960193,2334495,,1,1
2025-11-25T16:51:56.621796Z,urllc,uesimtun1,149780,2111,368556063,2491591,,1,1
2025-11-25T16:51:56.621796Z,mmtc,uesimtun2,186575,2819,59605095,46703,,1,1
2025-11-25T16:51:56.988050Z,embb,uesimtun0,137095,1895,3208960277,2334496,,1,1
2025-11-25T16:51:56.988050Z,urllc,uesimtun1,149780,2111,368556231,2491593,,1,1
2025-11-25T16:51:56.988050Z,mmtc,uesimtun2,186575,2819,59605179,46704,,1,1
2025-11-25T16:51:57.353715Z,embb,uesimtun0,137095,1895,3208960361,2334497,,1,1
2025-11-25T16:51:57.353715Z,urllc,uesimtun1,149780,2111,368556315,2491594,,1,1
2025-11-25T16:51:57.353715Z,mmtc,uesimtun2,186575,2819,59605515,46708,,1,1
2025-11-25T16:51:57.719958Z,embb,uesimtun0,137095,1895,3208960613,2334500,,1,1
2025-11-25T16:51:57.719958Z,urllc,uesimtun1,149780,2111,368556399,2491595,,1,1
2025-11-25T16:51:57.719958Z,mmtc,uesimtun2,186575,2819,59605599,46709,,1,1
2025-11-25T16:51:58.181872Z,embb,uesimtun0,137095,1895,3208960697,2334501,,1,1
2025-11-25T16:51:58.181872Z,urllc,uesimtun1,149780,2111,368556567,2491597,,1,1
2025-11-25T16:51:58.181872Z,mmtc,uesimtun2,186575,2819,59605767,46711,,1,1
2025-11-25T16:51:58.547849Z,embb,uesimtun0,137095,1895,3208961033,2334505,,1,1
2025-11-25T16:51:58.547849Z,urllc,uesimtun1,149780,2111,368556735,2491599,,1,1
2025-11-25T16:51:58.547849Z,mmtc,uesimtun2,186575,2819,59605851,46712,,1,1
2025-11-25T16:51:58.914020Z,embb,uesimtun0,137095,1895,3208961117,2334506,,1,1
2025-11-25T16:51:58.914020Z,urllc,uesimtun1,149780,2111,368556819,2491600,,1,1
2025-11-25T16:51:58.914020Z,mmtc,uesimtun2,186575,2819,59606019,46714,,1,1
2025-11-25T16:51:59.278969Z,embb,uesimtun0,137095,1895,3208961285,2334508,,1,1
2025-11-25T16:51:59.278969Z,urllc,uesimtun1,149780,2111,368557071,2491603,,1,1
2025-11-25T16:51:59.278969Z,mmtc,uesimtun2,186575,2819,59606103,46715,,1,1
2025-11-25T16:51:59.644668Z,embb,uesimtun0,137095,1895,3208961453,2334510,,1,1
2025-11-25T16:51:59.644668Z,urllc,uesimtun1,149780,2111,368557239,2491605,,1,1
2025-11-25T16:51:59.644668Z,mmtc,uesimtun2,186575,2819,59606187,46716,,1,1
2025-11-25T16:52:00.010345Z,embb,uesimtun0,137095,1895,3208961537,2334511,,1,1
2025-11-25T16:52:00.010345Z,urllc,uesimtun1,149780,2111,368557323,2491606,,1,1
2025-11-25T16:52:00.010345Z,mmtc,uesimtun2,186575,2819,59606355,46718,,1,1
2025-11-25T16:52:00.379417Z,embb,uesimtun0,137095,1895,3208961705,2334513,,1,1
2025-11-25T16:52:00.379417Z,urllc,uesimtun1,149780,2111,368557491,2491608,,1,1
2025-11-25T16:52:00.379417Z,mmtc,uesimtun2,186575,2819,59606439,46719,,1,1
2025-11-25T16:52:00.745600Z,embb,uesimtun0,137095,1895,3208961789,2334514,,1,1
2025-11-25T16:52:00.745600Z,urllc,uesimtun1,149780,2111,368557659,2491610,,1,1
2025-11-25T16:52:00.745600Z,mmtc,uesimtun2,186575,2819,59606523,46720,,1,1
2025-11-25T16:52:01.121885Z,embb,uesimtun0,137095,1895,3208961873,2334515,,1,1
2025-11-25T16:52:01.121885Z,urllc,uesimtun1,149780,2111,368557743,2491611,,1,1
2025-11-25T16:52:01.121885Z,mmtc,uesimtun2,186575,2819,59606775,46723,,1,1
2025-11-25T16:52:01.487757Z,embb,uesimtun0,137095,1895,3208961957,2334516,,1,1
2025-11-25T16:52:01.487757Z,urllc,uesimtun1,149780,2111,368557995,2491614,,1,1
2025-11-25T16:52:01.487757Z,mmtc,uesimtun2,186575,2819,59606943,46725,,1,1
2025-11-25T16:52:01.853145Z,embb,uesimtun0,137095,1895,3208962041,2334517,,1,1
2025-11-25T16:52:01.853145Z,urllc,uesimtun1,149780,2111,368558079,2491615,,1,1
2025-11-25T16:52:01.853145Z,mmtc,uesimtun2,186575,2819,59607027,46726,,1,1
2025-11-25T16:52:02.218940Z,embb,uesimtun0,137095,1895,3208962209,2334519,,1,1
2025-11-25T16:52:02.218940Z,urllc,uesimtun1,149780,2111,368558247,2491617,,1,1
2025-11-25T16:52:02.218940Z,mmtc,uesimtun2,186575,2819,59607195,46728,,1,1
2025-11-25T16:52:02.584877Z,embb,uesimtun0,137095,1895,3208962377,2334521,,1,1
2025-11-25T16:52:02.584877Z,urllc,uesimtun1,149780,2111,368558415,2491619,,1,1
2025-11-25T16:52:02.584877Z,mmtc,uesimtun2,186575,2819,59607363,46730,,1,1
2025-11-25T16:52:02.951040Z,embb,uesimtun0,137095,1895,3208962461,2334522,,1,1
2025-11-25T16:52:02.951040Z,urllc,uesimtun1,149780,2111,368558499,2491620,,1,1
2025-11-25T16:52:02.951040Z,mmtc,uesimtun2,186575,2819,59607447,46731,,1,1
2025-11-25T16:52:03.317254Z,embb,uesimtun0,137095,1895,3208962629,2334524,,1,1
2025-11-25T16:52:03.317254Z,urllc,uesimtun1,149780,2111,368558667,2491622,,1,1
2025-11-25T16:52:03.317254Z,mmtc,uesimtun2,186575,2819,59607699,46734,,1,1
2025-11-25T16:52:03.683650Z,embb,uesimtun0,137095,1895,3208962713,2334525,,1,1
2025-11-25T16:52:03.683650Z,urllc,uesimtun1,149780,2111,368558751,2491623,,1,1
2025-11-25T16:52:03.683650Z,mmtc,uesimtun2,186575,2819,59607867,46736,,1,1
2025-11-25T16:52:04.050237Z,embb,uesimtun0,137095,1895,3208962797,2334526,,1,1
2025-11-25T16:52:04.050237Z,urllc,uesimtun1,149780,2111,368558835,2491624,,1,1
2025-11-25T16:52:04.050237Z,mmtc,uesimtun2,186575,2819,59608035,46738,,1,1
2025-11-25T16:52:04.416804Z,embb,uesimtun0,137095,1895,3208963049,2334529,,1,1
2025-11-25T16:52:04.416804Z,urllc,uesimtun1,149780,2111,368558919,2491625,,1,1
2025-11-25T16:52:04.416804Z,mmtc,uesimtun2,186575,2819,59608203,46740,,1,1
2025-11-25T16:52:04.782853Z,embb,uesimtun0,137095,1895,3208963133,2334530,,1,1
2025-11-25T16:52:04.782853Z,urllc,uesimtun1,149780,2111,368559003,2491626,,1,1
2025-11-25T16:52:04.782853Z,mmtc,uesimtun2,186575,2819,59608287,46741,,1,1
2025-11-25T16:52:05.149107Z,embb,uesimtun0,137095,1895,3208963217,2334531,,1,1
2025-11-25T16:52:05.149107Z,urllc,uesimtun1,149780,2111,368559087,2491627,,1,1
2025-11-25T16:52:05.149107Z,mmtc,uesimtun2,186575,2819,59608539,46744,,1,1
2025-11-25T16:52:05.515795Z,embb,uesimtun0,137095,1895,3208963385,2334533,,1,1
2025-11-25T16:52:05.515795Z,urllc,uesimtun1,149780,2111,368559171,2491628,,1,1
2025-11-25T16:52:05.515795Z,mmtc,uesimtun2,186575,2819,59608623,46745,,1,1
2025-11-25T16:52:05.881766Z,embb,uesimtun0,137095,1895,3208963637,2334536,,1,1
2025-11-25T16:52:05.881766Z,urllc,uesimtun1,149780,2111,368559255,2491629,,1,1
2025-11-25T16:52:05.881766Z,mmtc,uesimtun2,186575,2819,59608707,46746,,1,1
2025-11-25T16:52:06.247423Z,embb,uesimtun0,137095,1895,3208963721,2334537,,1,1
2025-11-25T16:52:06.247423Z,urllc,uesimtun1,149780,2111,368559423,2491631,,1,1
2025-11-25T16:52:06.247423Z,mmtc,uesimtun2,186575,2819,59608791,46747,,1,1
2025-11-25T16:52:06.617125Z,embb,uesimtun0,137095,1895,3208964057,2334541,,1,1
2025-11-25T16:52:06.617125Z,urllc,uesimtun1,149780,2111,368559591,2491633,,1,1
2025-11-25T16:52:06.617125Z,mmtc,uesimtun2,186575,2819,59608875,46748,,1,1
2025-11-25T16:52:06.983780Z,embb,uesimtun0,137095,1895,3208964225,2334543,,1,1
2025-11-25T16:52:06.983780Z,urllc,uesimtun1,149780,2111,368559675,2491634,,1,1
2025-11-25T16:52:06.983780Z,mmtc,uesimtun2,186575,2819,59608959,46749,,1,1
2025-11-25T16:52:07.353993Z,embb,uesimtun0,137095,1895,3208964393,2334545,,1,1
2025-11-25T16:52:07.353993Z,urllc,uesimtun1,149780,2111,368560011,2491638,,1,1
2025-11-25T16:52:07.353993Z,mmtc,uesimtun2,186575,2819,59609043,46750,,1,1
2025-11-25T16:52:07.720914Z,embb,uesimtun0,137095,1895,3208964561,2334547,,1,1
2025-11-25T16:52:07.720914Z,urllc,uesimtun1,149780,2111,368560095,2491639,,1,1
2025-11-25T16:52:07.720914Z,mmtc,uesimtun2,186575,2819,59609127,46751,,1,1
2025-11-25T16:52:08.086852Z,embb,uesimtun0,137095,1895,3208964645,2334548,,1,1
2025-11-25T16:52:08.086852Z,urllc,uesimtun1,149780,2111,368560239,2491641,,1,1
2025-11-25T16:52:08.086852Z,mmtc,uesimtun2,186575,2819,59609211,46752,,1,1
2025-11-25T16:52:08.454757Z,embb,uesimtun0,137095,1895,3208964729,2334549,,1,1
2025-11-25T16:52:08.454757Z,urllc,uesimtun1,149780,2111,368560575,2491645,,1,1
2025-11-25T16:52:08.454757Z,mmtc,uesimtun2,186575,2819,59609295,46753,,1,1
2025-11-25T16:52:08.820712Z,embb,uesimtun0,137095,1895,3208964813,2334550,,1,1
2025-11-25T16:52:08.820712Z,urllc,uesimtun1,149780,2111,368560803,2491648,,1,1
2025-11-25T16:52:08.820712Z,mmtc,uesimtun2,186575,2819,59609379,46754,,1,1
2025-11-25T16:52:09.186125Z,embb,uesimtun0,137095,1895,3208964957,2334552,,1,1
2025-11-25T16:52:09.186125Z,urllc,uesimtun1,,,,,,1,0
2025-11-25T16:52:09.186125Z,mmtc,uesimtun2,,,,,,1,0
2025-11-25T16:52:09.436533Z,embb,ogstun,0,0,11424,204,,1,1
2025-11-25T16:52:09.436533Z,urllc,ogstun,0,0,11424,204,,1,1
2025-11-25T16:52:09.436533Z,mmtc,ogstun,0,0,11424,204,,1,1
2025-11-25T16:52:09.686743Z,embb,ogstun,0,0,11424,204,,1,1
2025-11-25T16:52:09.686743Z,urllc,ogstun,0,0,11424,204,,1,1
2025-11-25T16:52:09.686743Z,mmtc,ogstun,0,0,11424,204,,1,1
2025-11-25T16:52:09.936840Z,embb,ogstun,0,0,11424,204,,1,1
2025-11-25T16:52:09.936840Z,urllc,ogstun,0,0,11424,204,,1,1
2025-11-25T16:52:09.936840Z,mmtc,ogstun,0,0,11424,204,,1,1
2025-11-25T16:52:10.186630Z,embb,ogstun,0,0,11424,204,,1,1
2025-11-25T16:52:10.186630Z,urllc,ogstun,0,0,11424,204,,1,1
2025-11-25T16:52:10.186630Z,mmtc,ogstun,0,0,11424,204,,1,1
2025-11-25T16:52:10.436952Z,embb,ogstun,0,0,11424,204,,1,1
2025-11-25T16:52:10.436952Z,urllc,ogstun,0,0,11424,204,,1,1
2025-11-25T16:52:10.436952Z,mmtc,ogstun,0,0,11424,204,,1,1
2025-11-25T16:52:10.686551Z,embb,ogstun,0,0,11424,204,,1,1
2025-11-25T16:52:10.686551Z,urllc,ogstun,0,0,11424,204,,1,1
2025-11-25T16:52:10.686551Z,mmtc,ogstun,0,0,11424,204,,1,1
2025-11-25T16:52:10.936469Z,embb,ogstun,0,0,11424,204,,1,1
2025-11-25T16:52:10.936469Z,urllc,ogstun,0,0,11424,204,,1,1
2025-11-25T16:52:10.936469Z,mmtc,ogstun,0,0,11424,204,,1,1
2025-11-25T16:52:11.186551Z,embb,ogstun,0,0,11424,204,,1,1
2025-11-25T16:52:11.186551Z,urllc,ogstun,0,0,11424,204,,1,1
2025-11-25T16:52:11.186551Z,mmtc,ogstun,0,0,11424,204,,1,1
2025-11-25T16:52:11.436578Z,embb,ogstun,0,0,11424,204,,1,1
2025-11-25T16:52:11.436578Z,urllc,ogstun,0,0,11424,204,,1,1
2025-11-25T16:52:11.436578Z,mmtc,ogstun,0,0,11424,204,,1,1
2025-11-25T16:52:11.686747Z,embb,ogstun,0,0,11424,204,,1,1
2025-11-25T16:52:11.686747Z,urllc,ogstun,0,0,11424,204,,1,1
2025-11-25T16:52:11.686747Z,mmtc,ogstun,0,0,11424,204,,1,1
2025-11-25T16:52:11.936806Z,embb,ogstun,0,0,11424,204,,1,1
2025-11-25T16:52:11.936806Z,urllc,ogstun,0,0,11424,204,,1,1
2025-11-25T16:52:11.936806Z,mmtc,ogstun,0,0,11424,204,,1,1
2025-11-25T16:52:12.186764Z,embb,ogstun,0,0,11424,204,,1,1
2025-11-25T16:52:12.186764Z,urllc,ogstun,0,0,11424,204,,1,1
2025-11-25T16:52:12.186764Z,mmtc,ogstun,0,0,11424,204,,1,1
2025-11-25T16:52:12.438666Z,embb,ogstun,0,0,11424,204,,1,1
2025-11-25T16:52:12.438666Z,urllc,ogstun,0,0,11424,204,,1,1
2025-11-25T16:52:12.438666Z,mmtc,ogstun,0,0,11424,204,,1,1
2025-11-25T16:52:12.686888Z,embb,ogstun,0,0,11424,204,,1,1
2025-11-25T16:52:12.686888Z,urllc,ogstun,0,0,11424,204,,1,1
2025-11-25T16:52:12.686888Z,mmtc,ogstun,0,0,11424,204,,1,1
2025-11-25T16:52:12.936888Z,embb,ogstun,0,0,11424,204,,1,1
2025-11-25T16:52:12.936888Z,urllc,ogstun,0,0,11424,204,,1,1
2025-11-25T16:52:12.936888Z,mmtc,ogstun,0,0,11424,204,,1,1
2025-11-25T16:52:13.186675Z,embb,ogstun,0,0,11424,204,,1,1
2025-11-25T16:52:13.186675Z,urllc,ogstun,0,0,11424,204,,1,1
2025-11-25T16:52:13.186675Z,mmtc,ogstun,0,0,11424,204,,1,1
2025-11-25T16:52:13.436520Z,embb,ogstun,0,0,11424,204,,1,1
2025-11-25T16:52:13.436520Z,urllc,ogstun,0,0,11424,204,,1,1
2025-11-25T16:52:13.436520Z,mmtc,ogstun,0,0,11424,204,,1,1
2025-11-25T16:52:13.686663Z,embb,ogstun,0,0,11424,204,,1,1
2025-11-25T16:52:13.686663Z,urllc,ogstun,0,0,11424,204,,1,1
2025-11-25T16:52:13.686663Z,mmtc,ogstun,0,0,11424,204,,1,1
2025-11-25T16:52:13.936756Z,embb,ogstun,0,0,11424,204,,1,1
2025-11-25T16:52:13.936756Z,urllc,ogstun,0,0,11424,204,,1,1
2025-11-25T16:52:13.936756Z,mmtc,ogstun,0,0,11424,204,,1,1
2025-11-25T16:52:14.186470Z,embb,ogstun,0,0,11424,204,,1,1
2025-11-25T16:52:14.186470Z,urllc,ogstun,0,0,11424,204,,1,1
2025-11-25T16:52:14.186470Z,mmtc,ogstun,0,0,11424,204,,1,1
2025-11-25T16:52:14.436465Z,embb,ogstun,0,0,11424,204,,1,1
2025-11-25T16:52:14.436465Z,urllc,ogstun,0,0,11424,204,,1,1
2025-11-25T16:52:14.436465Z,mmtc,ogstun,0,0,11424,204,,1,1
2025-11-25T16:52:14.686431Z,embb,ogstun,0,0,11424,204,,1,1
2025-11-25T16:52:14.686431Z,urllc,ogstun,0,0,11424,204,,1,1
2025-11-25T16:52:14.686431Z,mmtc,ogstun,0,0,11424,204,,1,1
2025-11-25T16:52:14.936628Z,embb,ogstun,0,0,11424,204,,1,1
2025-11-25T16:52:14.936628Z,urllc,ogstun,0,0,11424,204,,1,1
2025-11-25T16:52:14.936628Z,mmtc,ogstun,0,0,11424,204,,1,1
2025-11-25T16:52:15.186605Z,embb,ogstun,0,0,11424,204,,1,1
2025-11-25T16:52:15.186605Z,urllc,ogstun,0,0,11424,204,,1,1
2025-11-25T16:52:15.186605Z,mmtc,ogstun,0,0,11424,204,,1,1
2025-11-25T16:52:15.436743Z,embb,ogstun,0,0,11424,204,,1,1
2025-11-25T16:52:15.436743Z,urllc,ogstun,0,0,11424,204,,1,1
2025-11-25T16:52:15.436743Z,mmtc,ogstun,0,0,11424,204,,1,1
2025-11-25T16:52:15.687515Z,embb,ogstun,0,0,11424,204,,1,1
2025-11-25T16:52:15.687515Z,urllc,ogstun,0,0,11424,204,,1,1
2025-11-25T16:52:15.687515Z,mmtc,ogstun,0,0,11424,204,,1,1
2025-11-25T16:52:15.936561Z,embb,uesimtun0,0,0,0,0,,1,1
2025-11-25T16:52:15.936561Z,urllc,uesimtun1,0,0,200,3,,1,1
2025-11-25T16:52:15.936561Z,mmtc,ogstun,0,0,11424,204,,1,1
2025-11-25T16:52:16.186410Z,embb,uesimtun0,84,1,84,1,,1,1
2025-11-25T16:52:16.186410Z,urllc,uesimtun1,84,1,284,4,,1,1
2025-11-25T16:52:16.186410Z,mmtc,uesimtun2,0,0,0,0,,1,1
2025-11-25T16:52:16.436671Z,embb,uesimtun0,168,2,168,2,,1,1
2025-11-25T16:52:16.436671Z,urllc,uesimtun1,168,2,368,5,,1,1
2025-11-25T16:52:16.436671Z,mmtc,uesimtun2,84,1,284,4,,1,1
2025-11-25T16:52:16.686683Z,embb,uesimtun0,252,3,252,3,,1,1
2025-11-25T16:52:16.686683Z,urllc,uesimtun1,252,3,452,6,,1,1
2025-11-25T16:52:16.686683Z,mmtc,uesimtun2,168,2,444,6,,1,1
2025-11-25T16:52:16.936491Z,embb,uesimtun0,336,4,536,7,,1,1
2025-11-25T16:52:16.936491Z,urllc,uesimtun1,336,4,688,9,,1,1
2025-11-25T16:52:16.936491Z,mmtc,uesimtun2,252,3,528,7,,1,1
2025-11-25T16:52:17.186316Z,embb,uesimtun0,420,5,696,9,,1,1
2025-11-25T16:52:17.186316Z,urllc,uesimtun1,420,5,772,10,,1,1
2025-11-25T16:52:17.186316Z,mmtc,uesimtun2,336,4,688,9,,1,1
2025-11-25T16:52:17.436846Z,embb,uesimtun0,504,6,856,11,,1,1
2025-11-25T16:52:17.436846Z,urllc,uesimtun1,504,6,856,11,,1,1
2025-11-25T16:52:17.436846Z,mmtc,uesimtun2,420,5,772,10,,1,1
2025-11-25T16:52:17.686904Z,embb,uesimtun0,588,7,940,12,,1,1
2025-11-25T16:52:17.686904Z,urllc,uesimtun1,588,7,940,12,,1,1
2025-11-25T16:52:17.686904Z,mmtc,uesimtun2,504,6,856,11,,1,1
2025-11-25T16:52:17.936779Z,embb,uesimtun0,672,8,1024,13,,1,1
2025-11-25T16:52:17.936779Z,urllc,uesimtun1,672,8,1024,13,,1,1
2025-11-25T16:52:17.936779Z,mmtc,uesimtun2,588,7,940,12,,1,1
2025-11-25T16:52:18.186454Z,embb,uesimtun0,756,9,1108,14,,1,1
2025-11-25T16:52:18.186454Z,urllc,uesimtun1,756,9,1108,14,,1,1
2025-11-25T16:52:18.186454Z,mmtc,uesimtun2,672,8,1024,13,,1,1
2025-11-25T16:52:18.436822Z,embb,uesimtun0,840,10,1192,15,,1,1
2025-11-25T16:52:18.436822Z,urllc,uesimtun1,840,10,1192,15,,1,1
2025-11-25T16:52:18.436822Z,mmtc,uesimtun2,756,9,1108,14,,1,1
2025-11-25T16:52:18.686411Z,embb,uesimtun0,924,11,1276,16,,1,1
2025-11-25T16:52:18.686411Z,urllc,uesimtun1,924,11,1276,16,,1,1
2025-11-25T16:52:18.686411Z,mmtc,uesimtun2,840,10,1192,15,,1,1
2025-11-25T16:52:18.936611Z,embb,uesimtun0,1008,12,1360,17,,1,1
2025-11-25T16:52:18.936611Z,urllc,uesimtun1,1008,12,1360,17,,1,1
2025-11-25T16:52:18.936611Z,mmtc,uesimtun2,924,11,1276,16,,1,1
2025-11-25T16:52:19.186383Z,embb,uesimtun0,1092,13,1444,18,,1,1
2025-11-25T16:52:19.186383Z,urllc,uesimtun1,1092,13,1444,18,,1,1
2025-11-25T16:52:19.186383Z,mmtc,uesimtun2,1008,12,1360,17,,1,1
2025-11-25T16:52:19.436743Z,embb,uesimtun0,1176,14,1528,19,,1,1
2025-11-25T16:52:19.436743Z,urllc,uesimtun1,1176,14,1528,19,,1,1
2025-11-25T16:52:19.436743Z,mmtc,uesimtun2,1092,13,1444,18,,1,1
2025-11-25T16:52:19.686470Z,embb,uesimtun0,1260,15,1612,20,,1,1
2025-11-25T16:52:19.686470Z,urllc,uesimtun1,1260,15,1612,20,,1,1
2025-11-25T16:52:19.686470Z,mmtc,uesimtun2,1176,14,1528,19,,1,1
2025-11-25T16:52:19.936787Z,embb,uesimtun0,1344,16,1696,21,,1,1
2025-11-25T16:52:19.936787Z,urllc,uesimtun1,1344,16,1744,22,,1,1
2025-11-25T16:52:19.936787Z,mmtc,uesimtun2,1260,15,1612,20,,1,1
2025-11-25T16:52:20.186516Z,embb,uesimtun0,1428,17,1780,22,,1,1
2025-11-25T16:52:20.186516Z,urllc,uesimtun1,1428,17,1828,23,,1,1
2025-11-25T16:52:20.186516Z,mmtc,uesimtun2,1344,16,1696,21,,1,1
2025-11-25T16:52:20.436467Z,embb,uesimtun0,1512,18,1864,23,,1,1
2025-11-25T16:52:20.436467Z,urllc,uesimtun1,1512,18,1912,24,,1,1
2025-11-25T16:52:20.436467Z,mmtc,uesimtun2,1428,17,1828,23,,1,1
2025-11-25T16:52:20.686516Z,embb,uesimtun0,1596,19,1996,25,,1,1
2025-11-25T16:52:20.686516Z,urllc,uesimtun1,1596,19,1996,25,,1,1
2025-11-25T16:52:20.686516Z,mmtc,uesimtun2,1512,18,1912,24,,1,1
2025-11-25T16:52:20.936789Z,embb,uesimtun0,1680,20,2080,26,,1,1
2025-11-25T16:52:20.936789Z,urllc,uesimtun1,1680,20,2080,26,,1,1
2025-11-25T16:52:20.936789Z,mmtc,uesimtun2,1596,19,1996,25,,1,1
2025-11-25T16:52:21.187793Z,embb,uesimtun0,1764,21,2164,27,,1,1
2025-11-25T16:52:21.187793Z,urllc,uesimtun1,1764,21,2164,27,,1,1
2025-11-25T16:52:21.187793Z,mmtc,uesimtun2,1680,20,2080,26,,1,1
2025-11-25T16:52:21.436433Z,embb,uesimtun0,1848,22,2248,28,,1,1
2025-11-25T16:52:21.436433Z,urllc,uesimtun1,1848,22,2248,28,,1,1
2025-11-25T16:52:21.436433Z,mmtc,uesimtun2,1764,21,2164,27,,1,1
2025-11-25T16:52:21.686628Z,embb,uesimtun0,1932,23,2332,29,,1,1
2025-11-25T16:52:21.686628Z,urllc,uesimtun1,1932,23,2332,29,,1,1
2025-11-25T16:52:21.686628Z,mmtc,uesimtun2,1848,22,2248,28,,1,1
2025-11-25T16:52:21.936493Z,embb,uesimtun0,2016,24,2416,30,,1,1
2025-11-25T16:52:21.936493Z,urllc,uesimtun1,2016,24,2416,30,,1,1
2025-11-25T16:52:21.936493Z,mmtc,uesimtun2,1932,23,2332,29,,1,1
2025-11-25T16:52:22.186570Z,embb,uesimtun0,2100,25,2500,31,,1,1
2025-11-25T16:52:22.186570Z,urllc,uesimtun1,2100,25,2500,31,,1,1
2025-11-25T16:52:22.186570Z,mmtc,uesimtun2,2016,24,2416,30,,1,1
2025-11-25T16:52:22.436494Z,embb,uesimtun0,2184,26,2584,32,,1,1
2025-11-25T16:52:22.436494Z,urllc,uesimtun1,2184,26,2584,32,,1,1
2025-11-25T16:52:22.436494Z,mmtc,uesimtun2,2100,25,2500,31,,1,1
2025-11-25T16:52:22.686815Z,embb,uesimtun0,2268,27,2668,33,,1,1
2025-11-25T16:52:22.686815Z,urllc,uesimtun1,2268,27,2668,33,,1,1
2025-11-25T16:52:22.686815Z,mmtc,uesimtun2,2184,26,2584,32,,1,1
2025-11-25T16:52:22.936763Z,embb,uesimtun0,2352,28,2752,34,,1,1
2025-11-25T16:52:22.936763Z,urllc,uesimtun1,2352,28,2752,34,,1,1
2025-11-25T16:52:22.936763Z,mmtc,uesimtun2,2268,27,2668,33,,1,1
2025-11-25T16:52:23.186677Z,embb,uesimtun0,2436,29,2836,35,,1,1
2025-11-25T16:52:23.186677Z,urllc,uesimtun1,2436,29,2836,35,,1,1
2025-11-25T16:52:23.186677Z,mmtc,uesimtun2,2352,28,2752,34,,1,1
2025-11-25T16:52:23.463788Z,embb,uesimtun0,2520,30,2920,36,,1,1
2025-11-25T16:52:23.463788Z,urllc,uesimtun1,2520,30,2920,36,,1,1
2025-11-25T16:52:23.463788Z,mmtc,uesimtun2,2436,29,2836,35,,1,1
2025-11-25T16:52:23.713908Z,embb,uesimtun0,2604,31,3004,37,,1,1
2025-11-25T16:52:23.713908Z,urllc,uesimtun1,2604,31,3004,37,,1,1
2025-11-25T16:52:23.713908Z,mmtc,uesimtun2,2520,30,2920,36,,1,1
2025-11-25T16:52:23.964643Z,embb,uesimtun0,2688,32,3088,38,,1,1
2025-11-25T16:52:23.964643Z,urllc,uesimtun1,2688,32,3088,38,,1,1
2025-11-25T16:52:23.964643Z,mmtc,uesimtun2,2604,31,3004,37,,1,1
2025-11-25T16:52:24.214266Z,embb,uesimtun0,2772,33,3172,39,,1,1
2025-11-25T16:52:24.214266Z,urllc,uesimtun1,2772,33,3172,39,,1,1
2025-11-25T16:52:24.214266Z,mmtc,uesimtun2,2688,32,3088,38,,1,1
2025-11-25T16:52:24.463881Z,embb,uesimtun0,2856,34,3256,40,,1,1
2025-11-25T16:52:24.463881Z,urllc,uesimtun1,2856,34,3256,40,,1,1
2025-11-25T16:52:24.463881Z,mmtc,uesimtun2,2772,33,3172,39,,1,1
2025-11-25T16:52:24.714114Z,embb,uesimtun0,2940,35,3340,41,,1,1
2025-11-25T16:52:24.714114Z,urllc,uesimtun1,2940,35,3340,41,,1,1
2025-11-25T16:52:24.714114Z,mmtc,uesimtun2,2856,34,3256,40,,1,1
2025-11-25T16:52:24.964112Z,embb,uesimtun0,3024,36,3424,42,,1,1
2025-11-25T16:52:24.964112Z,urllc,uesimtun1,3024,36,3424,42,,1,1
2025-11-25T16:52:24.964112Z,mmtc,uesimtun2,2940,35,3340,41,,1,1
2025-11-25T16:52:25.214393Z,embb,uesimtun0,3108,37,3508,43,,1,1
2025-11-25T16:52:25.214393Z,urllc,uesimtun1,3108,37,3508,43,,1,1
2025-11-25T16:52:25.214393Z,mmtc,uesimtun2,3024,36,3424,42,,1,1
2025-11-25T16:52:25.464455Z,embb,uesimtun0,3192,38,3592,44,,1,1
2025-11-25T16:52:25.464455Z,urllc,uesimtun1,3192,38,3592,44,,1,1
2025-11-25T16:52:25.464455Z,mmtc,uesimtun2,3108,37,3508,43,,1,1
2025-11-25T16:52:25.714403Z,embb,uesimtun0,3276,39,3676,45,,1,1
2025-11-25T16:52:25.714403Z,urllc,uesimtun1,3276,39,3676,45,,1,1
2025-11-25T16:52:25.714403Z,mmtc,uesimtun2,3192,38,3592,44,,1,1
2025-11-25T16:52:25.963940Z,embb,uesimtun0,3360,40,3760,46,,1,1
2025-11-25T16:52:25.963940Z,urllc,uesimtun1,3360,40,3760,46,,1,1
2025-11-25T16:52:25.963940Z,mmtc,uesimtun2,3276,39,3676,45,,1,1
2025-11-25T16:52:26.214243Z,embb,uesimtun0,3444,41,3844,47,,1,1
2025-11-25T16:52:26.214243Z,urllc,uesimtun1,3444,41,3844,47,,1,1
2025-11-25T16:52:26.214243Z,mmtc,uesimtun2,3360,40,3760,46,,1,1
2025-11-25T16:52:26.464329Z,embb,uesimtun0,3528,42,3928,48,,1,1
2025-11-25T16:52:26.464329Z,urllc,uesimtun1,3528,42,3928,48,,1,1
2025-11-25T16:52:26.464329Z,mmtc,uesimtun2,3444,41,3844,47,,1,1
2025-11-25T16:52:26.714891Z,embb,uesimtun0,3612,43,4012,49,,1,1
2025-11-25T16:52:26.714891Z,urllc,uesimtun1,3612,43,4012,49,,1,1
2025-11-25T16:52:26.714891Z,mmtc,uesimtun2,3528,42,3928,48,,1,1
2025-11-25T16:52:26.964242Z,embb,uesimtun0,3696,44,4096,50,,1,1
2025-11-25T16:52:26.964242Z,urllc,uesimtun1,3696,44,4096,50,,1,1
2025-11-25T16:52:26.964242Z,mmtc,uesimtun2,3612,43,4012,49,,1,1
2025-11-25T16:52:27.214455Z,embb,uesimtun0,3780,45,4180,51,,1,1
2025-11-25T16:52:27.214455Z,urllc,uesimtun1,3780,45,4180,51,,1,1
2025-11-25T16:52:27.214455Z,mmtc,uesimtun2,3696,44,4096,50,,1,1
2025-11-25T16:52:27.464480Z,embb,uesimtun0,3864,46,4264,52,,1,1
2025-11-25T16:52:27.464480Z,urllc,uesimtun1,3864,46,4312,53,,1,1
2025-11-25T16:52:27.464480Z,mmtc,uesimtun2,3780,45,4180,51,,1,1
2025-11-25T16:52:27.714276Z,embb,uesimtun0,3948,47,4348,53,,1,1
2025-11-25T16:52:27.714276Z,urllc,uesimtun1,3948,47,4396,54,,1,1
2025-11-25T16:52:27.714276Z,mmtc,uesimtun2,3864,46,4264,52,,1,1
2025-11-25T16:52:27.964660Z,embb,uesimtun0,4032,48,4432,54,,1,1
2025-11-25T16:52:27.964660Z,urllc,uesimtun1,4032,48,4480,55,,1,1
2025-11-25T16:52:27.964660Z,mmtc,uesimtun2,3948,47,4348,53,,1,1
2025-11-25T16:52:28.214488Z,embb,uesimtun0,4116,49,4516,55,,1,1
2025-11-25T16:52:28.214488Z,urllc,uesimtun1,4116,49,4564,56,,1,1
2025-11-25T16:52:28.214488Z,mmtc,uesimtun2,4032,48,4432,54,,1,1
2025-11-25T16:52:28.464070Z,embb,uesimtun0,4200,50,4648,57,,1,1
2025-11-25T16:52:28.464070Z,urllc,uesimtun1,4200,50,4648,57,,1,1
2025-11-25T16:52:28.464070Z,mmtc,uesimtun2,4116,49,4564,56,,1,1
2025-11-25T16:52:28.714103Z,embb,uesimtun0,4284,51,4732,58,,1,1
2025-11-25T16:52:28.714103Z,urllc,uesimtun1,4284,51,4732,58,,1,1
2025-11-25T16:52:28.714103Z,mmtc,uesimtun2,4200,50,4648,57,,1,1
2025-11-25T16:52:28.964077Z,embb,uesimtun0,4368,52,4816,59,,1,1
2025-11-25T16:52:28.964077Z,urllc,uesimtun1,4368,52,4816,59,,1,1
2025-11-25T16:52:28.964077Z,mmtc,uesimtun2,4284,51,4732,58,,1,1
2025-11-25T16:52:29.214293Z,embb,uesimtun0,4452,53,4900,60,,1,1
2025-11-25T16:52:29.214293Z,urllc,uesimtun1,4452,53,4900,60,,1,1
2025-11-25T16:52:29.214293Z,mmtc,uesimtun2,4368,52,4816,59,,1,1
2025-11-25T16:52:29.464296Z,embb,uesimtun0,4536,54,4984,61,,1,1
2025-11-25T16:52:29.464296Z,urllc,uesimtun1,4536,54,4984,61,,1,1
2025-11-25T16:52:29.464296Z,mmtc,uesimtun2,4452,53,4900,60,,1,1
2025-11-25T16:52:29.714010Z,embb,uesimtun0,4620,55,5068,62,,1,1
2025-11-25T16:52:29.714010Z,urllc,uesimtun1,4620,55,5068,62,,1,1
2025-11-25T16:52:29.714010Z,mmtc,uesimtun2,4536,54,4984,61,,1,1
2025-11-25T16:52:29.964553Z,embb,uesimtun0,4704,56,5152,63,,1,1
2025-11-25T16:52:29.964553Z,urllc,uesimtun1,4704,56,5152,63,,1,1
2025-11-25T16:52:29.964553Z,mmtc,uesimtun2,4620,55,5068,62,,1,1
2025-11-25T16:52:30.214029Z,embb,uesimtun0,4788,57,5236,64,,1,1
2025-11-25T16:52:30.214029Z,urllc,uesimtun1,4788,57,5236,64,,1,1
2025-11-25T16:52:30.214029Z,mmtc,uesimtun2,4704,56,5152,63,,1,1
2025-11-25T16:52:30.463954Z,embb,uesimtun0,4872,58,5320,65,,1,1
2025-11-25T16:52:30.463954Z,urllc,uesimtun1,4872,58,5320,65,,1,1
2025-11-25T16:52:30.463954Z,mmtc,uesimtun2,4788,57,5236,64,,1,1
2025-11-25T16:52:30.714713Z,embb,uesimtun0,4956,59,5404,66,,1,1
2025-11-25T16:52:30.714713Z,urllc,uesimtun1,4956,59,5404,66,,1,1
2025-11-25T16:52:30.714713Z,mmtc,uesimtun2,4872,58,5320,65,,1,1
2025-11-25T16:52:30.964377Z,embb,uesimtun0,5040,60,5488,67,,1,1
2025-11-25T16:52:30.964377Z,urllc,uesimtun1,5040,60,5488,67,,1,1
2025-11-25T16:52:30.964377Z,mmtc,uesimtun2,4956,59,5404,66,,1,1
2025-11-25T16:52:31.214262Z,embb,uesimtun0,5124,61,5572,68,,1,1
2025-11-25T16:52:31.214262Z,urllc,uesimtun1,5124,61,5572,68,,1,1
2025-11-25T16:52:31.214262Z,mmtc,uesimtun2,5040,60,5488,67,,1,1
2025-11-25T16:52:31.464661Z,embb,uesimtun0,5208,62,5656,69,,1,1
2025-11-25T16:52:31.464661Z,urllc,uesimtun1,5208,62,5656,69,,1,1
2025-11-25T16:52:31.464661Z,mmtc,uesimtun2,5124,61,5572,68,,1,1
2025-11-25T16:52:31.714287Z,embb,uesimtun0,5292,63,5740,70,,1,1
2025-11-25T16:52:31.714287Z,urllc,uesimtun1,5292,63,5740,70,,1,1
2025-11-25T16:52:31.714287Z,mmtc,uesimtun2,5208,62,5656,69,,1,1
2025-11-25T16:52:32.051187Z,embb,uesimtun0,5376,64,5824,71,,1,1
2025-11-25T16:52:32.051187Z,urllc,uesimtun1,5376,64,5824,71,,1,1
2025-11-25T16:52:32.051187Z,mmtc,uesimtun2,5292,63,5740,70,,1,1
2025-11-25T16:52:32.214096Z,embb,uesimtun0,5460,65,5908,72,,1,1
2025-11-25T16:52:32.214096Z,urllc,uesimtun1,5460,65,5908,72,,1,1
2025-11-25T16:52:32.214096Z,mmtc,uesimtun2,5376,64,5824,71,,1,1
2025-11-25T16:52:32.463824Z,embb,uesimtun0,5544,66,5992,73,,1,1
2025-11-25T16:52:32.463824Z,urllc,uesimtun1,5544,66,5992,73,,1,1
2025-11-25T16:52:32.463824Z,mmtc,uesimtun2,5460,65,5908,72,,1,1
2025-11-25T16:52:32.714310Z,embb,uesimtun0,5628,67,6076,74,,1,1
2025-11-25T16:52:32.714310Z,urllc,uesimtun1,5628,67,6076,74,,1,1
2025-11-25T16:52:32.714310Z,mmtc,uesimtun2,5544,66,5992,73,,1,1
2025-11-25T16:52:32.964326Z,embb,uesimtun0,5796,69,6244,76,,1,1
2025-11-25T16:52:32.964326Z,urllc,uesimtun1,5712,68,6160,75,,1,1
2025-11-25T16:52:32.964326Z,mmtc,uesimtun2,5628,67,6076,74,,1,1
2025-11-25T16:52:33.213944Z,embb,uesimtun0,5880,70,6328,77,,1,1
2025-11-25T16:52:33.213944Z,urllc,uesimtun1,5796,69,6244,76,,1,1
2025-11-25T16:52:33.213944Z,mmtc,uesimtun2,5712,68,6160,75,,1,1
2025-11-25T16:52:33.464221Z,embb,uesimtun0,5964,71,6412,78,,1,1
2025-11-25T16:52:33.464221Z,urllc,uesimtun1,5880,70,6328,77,,1,1
2025-11-25T16:52:33.464221Z,mmtc,uesimtun2,5796,69,6244,76,,1,1
2025-11-25T16:52:33.714059Z,embb,uesimtun0,6048,72,6496,79,,1,1
2025-11-25T16:52:33.714059Z,urllc,uesimtun1,5964,71,6412,78,,1,1
2025-11-25T16:52:33.714059Z,mmtc,uesimtun2,5880,70,6328,77,,1,1
2025-11-25T16:52:33.964687Z,embb,uesimtun0,6216,74,6664,81,,1,1
2025-11-25T16:52:33.964687Z,urllc,uesimtun1,6048,72,6496,79,,1,1
2025-11-25T16:52:33.964687Z,mmtc,uesimtun2,5964,71,6412,78,,1,1
2025-11-25T16:52:34.214473Z,embb,uesimtun0,6300,75,6748,82,,1,1
2025-11-25T16:52:34.214473Z,urllc,uesimtun1,6132,73,6580,80,,1,1
2025-11-25T16:52:34.214473Z,mmtc,uesimtun2,6048,72,6496,79,,1,1
2025-11-25T16:52:34.464247Z,embb,uesimtun0,6384,76,6832,83,,1,1
2025-11-25T16:52:34.464247Z,urllc,uesimtun1,6216,74,6664,81,,1,1
2025-11-25T16:52:34.464247Z,mmtc,uesimtun2,6132,73,6580,80,,1,1
2025-11-25T16:52:34.714286Z,embb,uesimtun0,6468,77,6916,84,,1,1
2025-11-25T16:52:34.714286Z,urllc,uesimtun1,6300,75,6748,82,,1,1
2025-11-25T16:52:34.714286Z,mmtc,uesimtun2,6216,74,6664,81,,1,1
2025-11-25T16:52:34.964417Z,embb,uesimtun0,6636,79,7084,86,,1,1
2025-11-25T16:52:34.964417Z,urllc,uesimtun1,6384,76,6832,83,,1,1
2025-11-25T16:52:34.964417Z,mmtc,uesimtun2,6300,75,6748,82,,1,1
2025-11-25T16:52:35.214216Z,embb,uesimtun0,6720,80,7168,87,,1,1
2025-11-25T16:52:35.214216Z,urllc,uesimtun1,6468,77,6916,84,,1,1
2025-11-25T16:52:35.214216Z,mmtc,uesimtun2,6384,76,6832,83,,1,1
2025-11-25T16:52:35.464510Z,embb,uesimtun0,6804,81,7252,88,,1,1
2025-11-25T16:52:35.464510Z,urllc,uesimtun1,6552,78,7000,85,,1,1
2025-11-25T16:52:35.464510Z,mmtc,uesimtun2,6468,77,6916,84,,1,1
2025-11-25T16:52:35.714425Z,embb,uesimtun0,6888,82,7336,89,,1,1
2025-11-25T16:52:35.714425Z,urllc,uesimtun1,6636,79,7084,86,,1,1
2025-11-25T16:52:35.714425Z,mmtc,uesimtun2,6552,78,7000,85,,1,1
2025-11-25T16:52:35.964402Z,embb,uesimtun0,6972,83,7420,90,,1,1
2025-11-25T16:52:35.964402Z,urllc,uesimtun1,6720,80,7168,87,,1,1
2025-11-25T16:52:35.964402Z,mmtc,uesimtun2,6636,79,7084,86,,1,1
2025-11-25T16:52:36.214325Z,embb,uesimtun0,7056,84,7504,91,,1,1
2025-11-25T16:52:36.214325Z,urllc,uesimtun1,6804,81,7252,88,,1,1
2025-11-25T16:52:36.214325Z,mmtc,uesimtun2,6720,80,7168,87,,1,1
2025-11-25T16:52:36.464109Z,embb,uesimtun0,7140,85,7588,92,,1,1
2025-11-25T16:52:36.464109Z,urllc,uesimtun1,6888,82,7336,89,,1,1
2025-11-25T16:52:36.464109Z,mmtc,uesimtun2,6804,81,7252,88,,1,1
2025-11-25T16:52:36.714437Z,embb,uesimtun0,7224,86,7672,93,,1,1
2025-11-25T16:52:36.714437Z,urllc,uesimtun1,6972,83,7420,90,,1,1
2025-11-25T16:52:36.714437Z,mmtc,uesimtun2,6888,82,7336,89,,1,1
2025-11-25T16:52:36.963849Z,embb,uesimtun0,7308,87,7756,94,,1,1
2025-11-25T16:52:36.963849Z,urllc,uesimtun1,7056,84,7504,91,,1,1
2025-11-25T16:52:36.963849Z,mmtc,uesimtun2,6972,83,7420,90,,1,1
2025-11-25T16:52:37.214310Z,embb,uesimtun0,7392,88,7840,95,,1,1
2025-11-25T16:52:37.214310Z,urllc,uesimtun1,7140,85,7588,92,,1,1
2025-11-25T16:52:37.214310Z,mmtc,uesimtun2,7056,84,7504,91,,1,1
2025-11-25T16:52:37.464324Z,embb,uesimtun0,7476,89,7924,96,,1,1
2025-11-25T16:52:37.464324Z,urllc,uesimtun1,7224,86,7672,93,,1,1
2025-11-25T16:52:37.464324Z,mmtc,uesimtun2,7140,85,7588,92,,1,1
2025-11-25T16:52:37.714286Z,embb,uesimtun0,7560,90,8008,97,,1,1
2025-11-25T16:52:37.714286Z,urllc,uesimtun1,7308,87,7756,94,,1,1
2025-11-25T16:52:37.714286Z,mmtc,uesimtun2,7224,86,7672,93,,1,1
2025-11-25T16:52:37.964330Z,embb,uesimtun0,7644,91,8092,98,,1,1
2025-11-25T16:52:37.964330Z,urllc,uesimtun1,7392,88,7840,95,,1,1
2025-11-25T16:52:37.964330Z,mmtc,uesimtun2,7308,87,7756,94,,1,1
2025-11-25T16:52:38.214200Z,embb,uesimtun0,7728,92,8176,99,,1,1
2025-11-25T16:52:38.214200Z,urllc,uesimtun1,7476,89,7924,96,,1,1
2025-11-25T16:52:38.214200Z,mmtc,uesimtun2,7392,88,7840,95,,1,1
2025-11-25T16:52:38.464100Z,embb,uesimtun0,7812,93,8260,100,,1,1
2025-11-25T16:52:38.464100Z,urllc,uesimtun1,7560,90,8008,97,,1,1
2025-11-25T16:52:38.464100Z,mmtc,uesimtun2,7476,89,7924,96,,1,1
2025-11-25T16:52:38.714654Z,embb,uesimtun0,7896,94,8344,101,,1,1
2025-11-25T16:52:38.714654Z,urllc,uesimtun1,7644,91,8092,98,,1,1
2025-11-25T16:52:38.714654Z,mmtc,uesimtun2,7560,90,8008,97,,1,1
2025-11-25T16:52:38.964495Z,embb,uesimtun0,7980,95,8428,102,,1,1
2025-11-25T16:52:38.964495Z,urllc,uesimtun1,7728,92,8176,99,,1,1
2025-11-25T16:52:38.964495Z,mmtc,uesimtun2,7644,91,8092,98,,1,1
2025-11-25T16:52:39.214302Z,embb,uesimtun0,8064,96,8512,103,,1,1
2025-11-25T16:52:39.214302Z,urllc,uesimtun1,7812,93,8260,100,,1,1
2025-11-25T16:52:39.214302Z,mmtc,uesimtun2,7728,92,8176,99,,1,1
2025-11-25T16:52:39.464455Z,embb,uesimtun0,8148,97,8596,104,,1,1
2025-11-25T16:52:39.464455Z,urllc,uesimtun1,7896,94,8344,101,,1,1
2025-11-25T16:52:39.464455Z,mmtc,uesimtun2,7812,93,8260,100,,1,1
2025-11-25T16:52:39.714105Z,embb,uesimtun0,8232,98,8680,105,,1,1
2025-11-25T16:52:39.714105Z,urllc,uesimtun1,7980,95,8428,102,,1,1
2025-11-25T16:52:39.714105Z,mmtc,uesimtun2,7896,94,8344,101,,1,1
2025-11-25T16:52:40.069577Z,embb,uesimtun0,8316,99,8764,106,,1,1
2025-11-25T16:52:40.069577Z,urllc,uesimtun1,8064,96,8512,103,,1,1
2025-11-25T16:52:40.069577Z,mmtc,uesimtun2,7980,95,8428,102,,1,1
2025-11-25T16:52:40.213981Z,embb,uesimtun0,8400,100,8848,107,,1,1
2025-11-25T16:52:40.213981Z,urllc,uesimtun1,8148,97,8596,104,,1,1
2025-11-25T16:52:40.213981Z,mmtc,uesimtun2,8064,96,8512,103,,1,1
2025-11-25T16:52:40.464561Z,embb,uesimtun0,8484,101,8932,108,,1,1
2025-11-25T16:52:40.464561Z,urllc,uesimtun1,8232,98,8680,105,,1,1
2025-11-25T16:52:40.464561Z,mmtc,uesimtun2,8148,97,8596,104,,1,1
2025-11-25T16:52:40.714375Z,embb,uesimtun0,8568,102,9016,109,,1,1
2025-11-25T16:52:40.714375Z,urllc,uesimtun1,8316,99,8764,106,,1,1
2025-11-25T16:52:40.714375Z,mmtc,uesimtun2,8232,98,8680,105,,1,1
2025-11-25T16:52:40.964108Z,embb,uesimtun0,8652,103,9100,110,,1,1
2025-11-25T16:52:40.964108Z,urllc,uesimtun1,8400,100,8848,107,,1,1
2025-11-25T16:52:40.964108Z,mmtc,uesimtun2,8316,99,8764,106,,1,1
2025-11-25T16:52:41.214012Z,embb,uesimtun0,8736,104,9184,111,,1,1
2025-11-25T16:52:41.214012Z,urllc,uesimtun1,8484,101,8932,108,,1,1
2025-11-25T16:52:41.214012Z,mmtc,uesimtun2,8400,100,8848,107,,1,1
2025-11-25T16:52:41.464062Z,embb,uesimtun0,8820,105,9268,112,,1,1
2025-11-25T16:52:41.464062Z,urllc,uesimtun1,8568,102,9016,109,,1,1
2025-11-25T16:52:41.464062Z,mmtc,uesimtun2,8484,101,8932,108,,1,1
2025-11-25T16:52:41.714257Z,embb,uesimtun0,8904,106,9352,113,,1,1
2025-11-25T16:52:41.714257Z,urllc,uesimtun1,8652,103,9100,110,,1,1
2025-11-25T16:52:41.714257Z,mmtc,uesimtun2,8568,102,9016,109,,1,1
2025-11-25T16:52:41.964443Z,embb,uesimtun0,8988,107,9436,114,,1,1
2025-11-25T16:52:41.964443Z,urllc,uesimtun1,8736,104,9184,111,,1,1
2025-11-25T16:52:41.964443Z,mmtc,uesimtun2,8652,103,9100,110,,1,1
2025-11-25T16:52:42.213872Z,embb,uesimtun0,9072,108,9520,115,,1,1
2025-11-25T16:52:42.213872Z,urllc,uesimtun1,8820,105,9268,112,,1,1
2025-11-25T16:52:42.213872Z,mmtc,uesimtun2,8736,104,9184,111,,1,1
2025-11-25T16:52:42.463885Z,embb,uesimtun0,9156,109,9604,116,,1,1
2025-11-25T16:52:42.463885Z,urllc,uesimtun1,8904,106,9352,113,,1,1
2025-11-25T16:52:42.463885Z,mmtc,uesimtun2,8820,105,9268,112,,1,1
2025-11-25T16:52:42.714115Z,embb,uesimtun0,9240,110,9688,117,,1,1
2025-11-25T16:52:42.714115Z,urllc,uesimtun1,8988,107,9436,114,,1,1
2025-11-25T16:52:42.714115Z,mmtc,uesimtun2,8904,106,9352,113,,1,1
2025-11-25T16:52:42.964477Z,embb,uesimtun0,9324,111,9772,118,,1,1
2025-11-25T16:52:42.964477Z,urllc,uesimtun1,9072,108,9568,116,,1,1
2025-11-25T16:52:42.964477Z,mmtc,uesimtun2,8988,107,9436,114,,1,1
2025-11-25T16:52:43.214276Z,embb,uesimtun0,9408,112,9856,119,,1,1
2025-11-25T16:52:43.214276Z,urllc,uesimtun1,9156,109,9652,117,,1,1
2025-11-25T16:52:43.214276Z,mmtc,uesimtun2,9072,108,9520,115,,1,1
2025-11-25T16:52:43.464546Z,embb,uesimtun0,9492,113,9940,120,,1,1
2025-11-25T16:52:43.464546Z,urllc,uesimtun1,9240,110,9736,118,,1,1
2025-11-25T16:52:43.464546Z,mmtc,uesimtun2,9156,109,9604,116,,1,1
2025-11-25T16:52:43.714582Z,embb,uesimtun0,9576,114,10024,121,,1,1
2025-11-25T16:52:43.714582Z,urllc,uesimtun1,9324,111,9820,119,,1,1
2025-11-25T16:52:43.714582Z,mmtc,uesimtun2,9240,110,9688,117,,1,1
2025-11-25T16:52:43.964623Z,embb,uesimtun0,9660,115,10108,122,,1,1
2025-11-25T16:52:43.964623Z,urllc,uesimtun1,9408,112,9904,120,,1,1
2025-11-25T16:52:43.964623Z,mmtc,uesimtun2,9324,111,9820,119,,1,1
2025-11-25T16:52:44.214168Z,embb,uesimtun0,9744,116,10192,123,,1,1
2025-11-25T16:52:44.214168Z,urllc,uesimtun1,9492,113,9988,121,,1,1
2025-11-25T16:52:44.214168Z,mmtc,uesimtun2,9408,112,9904,120,,1,1
2025-11-25T16:52:44.464636Z,embb,uesimtun0,9828,117,10324,125,,1,1
2025-11-25T16:52:44.464636Z,urllc,uesimtun1,9576,114,10072,122,,1,1
2025-11-25T16:52:44.464636Z,mmtc,uesimtun2,9492,113,9988,121,,1,1
2025-11-25T16:52:44.714576Z,embb,uesimtun0,9912,118,10408,126,,1,1
2025-11-25T16:52:44.714576Z,urllc,uesimtun1,9660,115,10156,123,,1,1
2025-11-25T16:52:44.714576Z,mmtc,uesimtun2,9576,114,10072,122,,1,1
2025-11-25T16:52:44.964307Z,embb,uesimtun0,9996,119,10492,127,,1,1
2025-11-25T16:52:44.964307Z,urllc,uesimtun1,9744,116,10240,124,,1,1
2025-11-25T16:52:44.964307Z,mmtc,uesimtun2,9660,115,10156,123,,1,1
2025-11-25T16:52:45.214272Z,embb,uesimtun0,10080,120,10576,128,,1,1
2025-11-25T16:52:45.214272Z,urllc,uesimtun1,9828,117,10324,125,,1,1
2025-11-25T16:52:45.214272Z,mmtc,uesimtun2,9744,116,10240,124,,1,1
2025-11-25T16:52:45.464228Z,embb,uesimtun0,10164,121,10660,129,,1,1
2025-11-25T16:52:45.464228Z,urllc,uesimtun1,9912,118,10408,126,,1,1
2025-11-25T16:52:45.464228Z,mmtc,uesimtun2,9828,117,10324,125,,1,1
2025-11-25T16:52:45.714387Z,embb,uesimtun0,10248,122,10744,130,,1,1
2025-11-25T16:52:45.714387Z,urllc,uesimtun1,9996,119,10492,127,,1,1
2025-11-25T16:52:45.714387Z,mmtc,uesimtun2,9912,118,10408,126,,1,1
2025-11-25T16:52:45.964591Z,embb,uesimtun0,10332,123,10828,131,,1,1
2025-11-25T16:52:45.964591Z,urllc,uesimtun1,10080,120,10576,128,,1,1
2025-11-25T16:52:45.964591Z,mmtc,uesimtun2,9996,119,10492,127,,1,1
2025-11-25T16:52:46.214306Z,embb,uesimtun0,10416,124,10912,132,,1,1
2025-11-25T16:52:46.214306Z,urllc,uesimtun1,10164,121,10660,129,,1,1
2025-11-25T16:52:46.214306Z,mmtc,uesimtun2,10080,120,10576,128,,1,1
2025-11-25T16:52:46.464093Z,embb,uesimtun0,10500,125,10996,133,,1,1
2025-11-25T16:52:46.464093Z,urllc,uesimtun1,10248,122,10744,130,,1,1
2025-11-25T16:52:46.464093Z,mmtc,uesimtun2,10164,121,10660,129,,1,1
2025-11-25T16:52:46.714262Z,embb,uesimtun0,10584,126,11080,134,,1,1
2025-11-25T16:52:46.714262Z,urllc,uesimtun1,10332,123,10828,131,,1,1
2025-11-25T16:52:46.714262Z,mmtc,uesimtun2,10248,122,10744,130,,1,1
2025-11-25T16:52:46.964025Z,embb,uesimtun0,10668,127,11164,135,,1,1
2025-11-25T16:52:46.964025Z,urllc,uesimtun1,10416,124,10912,132,,1,1
2025-11-25T16:52:46.964025Z,mmtc,uesimtun2,10332,123,10828,131,,1,1
2025-11-25T16:52:47.214030Z,embb,uesimtun0,10752,128,11248,136,,1,1
2025-11-25T16:52:47.214030Z,urllc,uesimtun1,10500,125,10996,133,,1,1
2025-11-25T16:52:47.214030Z,mmtc,uesimtun2,10416,124,10912,132,,1,1
2025-11-25T16:52:47.464540Z,embb,uesimtun0,10836,129,11332,137,,1,1
2025-11-25T16:52:47.464540Z,urllc,uesimtun1,10584,126,11080,134,,1,1
2025-11-25T16:52:47.464540Z,mmtc,uesimtun2,10500,125,10996,133,,1,1
2025-11-25T16:52:47.714089Z,embb,uesimtun0,10920,130,11416,138,,1,1
2025-11-25T16:52:47.714089Z,urllc,uesimtun1,10668,127,11164,135,,1,1
2025-11-25T16:52:47.714089Z,mmtc,uesimtun2,10584,126,11080,134,,1,1
2025-11-25T16:52:47.964380Z,embb,uesimtun0,11004,131,11500,139,,1,1
2025-11-25T16:52:47.964380Z,urllc,uesimtun1,10752,128,11248,136,,1,1
2025-11-25T16:52:47.964380Z,mmtc,uesimtun2,10668,127,11164,135,,1,1
2025-11-25T16:52:48.213915Z,embb,uesimtun0,11088,132,11584,140,,1,1
2025-11-25T16:52:48.213915Z,urllc,uesimtun1,10836,129,11332,137,,1,1
2025-11-25T16:52:48.213915Z,mmtc,uesimtun2,10752,128,11248,136,,1,1
2025-11-25T16:52:48.463929Z,embb,uesimtun0,11172,133,11668,141,,1,1
2025-11-25T16:52:48.463929Z,urllc,uesimtun1,10920,130,11416,138,,1,1
2025-11-25T16:52:48.463929Z,mmtc,uesimtun2,10836,129,11332,137,,1,1
2025-11-25T16:52:48.714299Z,embb,uesimtun0,11256,134,11752,142,,1,1
2025-11-25T16:52:48.714299Z,urllc,uesimtun1,11004,131,11500,139,,1,1
2025-11-25T16:52:48.714299Z,mmtc,uesimtun2,10920,130,11416,138,,1,1
2025-11-25T16:52:48.964699Z,embb,uesimtun0,11340,135,11836,143,,1,1
2025-11-25T16:52:48.964699Z,urllc,uesimtun1,11088,132,11584,140,,1,1
2025-11-25T16:52:48.964699Z,mmtc,uesimtun2,11004,131,11500,139,,1,1
2025-11-25T16:52:49.214326Z,embb,uesimtun0,11424,136,11920,144,,1,1
2025-11-25T16:52:49.214326Z,urllc,uesimtun1,11172,133,11668,141,,1,1
2025-11-25T16:52:49.214326Z,mmtc,uesimtun2,11088,132,11584,140,,1,1
2025-11-25T16:52:49.464401Z,embb,uesimtun0,11508,137,12004,145,,1,1
2025-11-25T16:52:49.464401Z,urllc,uesimtun1,11256,134,11752,142,,1,1
2025-11-25T16:52:49.464401Z,mmtc,uesimtun2,11172,133,11668,141,,1,1
2025-11-25T16:52:49.714577Z,embb,uesimtun0,11592,138,12088,146,,1,1
2025-11-25T16:52:49.714577Z,urllc,uesimtun1,11340,135,11836,143,,1,1
2025-11-25T16:52:49.714577Z,mmtc,uesimtun2,11256,134,11752,142,,1,1
2025-11-25T16:52:49.963988Z,embb,uesimtun0,11676,139,12172,147,,1,1
2025-11-25T16:52:49.963988Z,urllc,uesimtun1,11424,136,11920,144,,1,1
2025-11-25T16:52:49.963988Z,mmtc,uesimtun2,11340,135,11836,143,,1,1
2025-11-25T16:52:50.216108Z,embb,uesimtun0,11760,140,12256,148,,1,1
2025-11-25T16:52:50.216108Z,urllc,uesimtun1,11508,137,12004,145,,1,1
2025-11-25T16:52:50.216108Z,mmtc,uesimtun2,11424,136,11920,144,,1,1
2025-11-25T16:52:50.464350Z,embb,uesimtun0,11844,141,12340,149,,1,1
2025-11-25T16:52:50.464350Z,urllc,uesimtun1,11592,138,12088,146,,1,1
2025-11-25T16:52:50.464350Z,mmtc,uesimtun2,11508,137,12004,145,,1,1
2025-11-25T16:52:50.714220Z,embb,uesimtun0,11928,142,12424,150,,1,1
2025-11-25T16:52:50.714220Z,urllc,uesimtun1,11676,139,12172,147,,1,1
2025-11-25T16:52:50.714220Z,mmtc,uesimtun2,11592,138,12088,146,,1,1
2025-11-25T16:52:50.964116Z,embb,uesimtun0,12012,143,12508,151,,1,1
2025-11-25T16:52:50.964116Z,urllc,uesimtun1,11760,140,12256,148,,1,1
2025-11-25T16:52:50.964116Z,mmtc,uesimtun2,11676,139,12172,147,,1,1
2025-11-25T16:52:51.214417Z,embb,uesimtun0,12096,144,12592,152,,1,1
2025-11-25T16:52:51.214417Z,urllc,uesimtun1,11844,141,12340,149,,1,1
2025-11-25T16:52:51.214417Z,mmtc,uesimtun2,11760,140,12256,148,,1,1
2025-11-25T16:52:51.464528Z,embb,uesimtun0,12180,145,12676,153,,1,1
2025-11-25T16:52:51.464528Z,urllc,uesimtun1,11928,142,12424,150,,1,1
2025-11-25T16:52:51.464528Z,mmtc,uesimtun2,11844,141,12340,149,,1,1
2025-11-25T16:52:51.714473Z,embb,uesimtun0,12264,146,12760,154,,1,1
2025-11-25T16:52:51.714473Z,urllc,uesimtun1,12012,143,12508,151,,1,1
2025-11-25T16:52:51.714473Z,mmtc,uesimtun2,11928,142,12424,150,,1,1
2025-11-25T16:52:51.964100Z,embb,uesimtun0,12348,147,12844,155,,1,1
2025-11-25T16:52:51.964100Z,urllc,uesimtun1,12096,144,12592,152,,1,1
2025-11-25T16:52:51.964100Z,mmtc,uesimtun2,12012,143,12508,151,,1,1
2025-11-25T16:52:52.214268Z,embb,uesimtun0,12432,148,12928,156,,1,1
2025-11-25T16:52:52.214268Z,urllc,uesimtun1,12180,145,12676,153,,1,1
2025-11-25T16:52:52.214268Z,mmtc,uesimtun2,12096,144,12592,152,,1,1
2025-11-25T16:52:52.464180Z,embb,uesimtun0,12516,149,13012,157,,1,1
2025-11-25T16:52:52.464180Z,urllc,uesimtun1,12264,146,12760,154,,1,1
2025-11-25T16:52:52.464180Z,mmtc,uesimtun2,12180,145,12676,153,,1,1
2025-11-25T16:52:52.714147Z,embb,uesimtun0,12600,150,13096,158,,1,1
2025-11-25T16:52:52.714147Z,urllc,uesimtun1,12348,147,12844,155,,1,1
2025-11-25T16:52:52.714147Z,mmtc,uesimtun2,12264,146,12760,154,,1,1
2025-11-25T16:52:52.964445Z,embb,uesimtun0,12684,151,13180,159,,1,1
2025-11-25T16:52:52.964445Z,urllc,uesimtun1,12432,148,12928,156,,1,1
2025-11-25T16:52:52.964445Z,mmtc,uesimtun2,12348,147,12844,155,,1,1
2025-11-25T16:52:53.214098Z,embb,uesimtun0,12768,152,13264,160,,1,1
2025-11-25T16:52:53.214098Z,urllc,uesimtun1,12516,149,13012,157,,1,1
2025-11-25T16:52:53.214098Z,mmtc,uesimtun2,12432,148,12928,156,,1,1
2025-11-25T16:52:53.464072Z,embb,uesimtun0,12852,153,13348,161,,1,1
2025-11-25T16:52:53.464072Z,urllc,uesimtun1,12600,150,13096,158,,1,1
2025-11-25T16:52:53.464072Z,mmtc,uesimtun2,12516,149,13012,157,,1,1
2025-11-25T16:52:53.714645Z,embb,uesimtun0,12936,154,13432,162,,1,1
2025-11-25T16:52:53.714645Z,urllc,uesimtun1,12684,151,13180,159,,1,1
2025-11-25T16:52:53.714645Z,mmtc,uesimtun2,12600,150,13096,158,,1,1
2025-11-25T16:52:53.964101Z,embb,uesimtun0,13020,155,13516,163,,1,1
2025-11-25T16:52:53.964101Z,urllc,uesimtun1,12768,152,13264,160,,1,1
2025-11-25T16:52:53.964101Z,mmtc,uesimtun2,12684,151,13180,159,,1,1
2025-11-25T16:52:54.214530Z,embb,uesimtun0,13104,156,13600,164,,1,1
2025-11-25T16:52:54.214530Z,urllc,uesimtun1,12852,153,13348,161,,1,1
2025-11-25T16:52:54.214530Z,mmtc,uesimtun2,12768,152,13264,160,,1,1
2025-11-25T16:52:54.464341Z,embb,uesimtun0,13188,157,13684,165,,1,1
2025-11-25T16:52:54.464341Z,urllc,uesimtun1,12936,154,13432,162,,1,1
2025-11-25T16:52:54.464341Z,mmtc,uesimtun2,12852,153,13348,161,,1,1
2025-11-25T16:52:54.714181Z,embb,uesimtun0,13272,158,13768,166,,1,1
2025-11-25T16:52:54.714181Z,urllc,uesimtun1,13020,155,13516,163,,1,1
2025-11-25T16:52:54.714181Z,mmtc,uesimtun2,12936,154,13432,162,,1,1
2025-11-25T16:52:54.964455Z,embb,uesimtun0,13356,159,13852,167,,1,1
2025-11-25T16:52:54.964455Z,urllc,uesimtun1,13104,156,13600,164,,1,1
2025-11-25T16:52:54.964455Z,mmtc,uesimtun2,13020,155,13516,163,,1,1
2025-11-25T16:52:55.214199Z,embb,uesimtun0,13440,160,13936,168,,1,1
2025-11-25T16:52:55.214199Z,urllc,uesimtun1,13188,157,13684,165,,1,1
2025-11-25T16:52:55.214199Z,mmtc,uesimtun2,13104,156,13600,164,,1,1
2025-11-25T16:52:55.464146Z,embb,uesimtun0,13524,161,14020,169,,1,1
2025-11-25T16:52:55.464146Z,urllc,uesimtun1,13272,158,13768,166,,1,1
2025-11-25T16:52:55.464146Z,mmtc,uesimtun2,13188,157,13684,165,,1,1
2025-11-25T16:52:55.714551Z,embb,uesimtun0,13608,162,14104,170,,1,1
2025-11-25T16:52:55.714551Z,urllc,uesimtun1,13356,159,13852,167,,1,1
2025-11-25T16:52:55.714551Z,mmtc,uesimtun2,13272,158,13768,166,,1,1
2025-11-25T16:52:55.964623Z,embb,uesimtun0,13692,163,14188,171,,1,1
2025-11-25T16:52:55.964623Z,urllc,uesimtun1,13440,160,13936,168,,1,1
2025-11-25T16:52:55.964623Z,mmtc,uesimtun2,13356,159,13852,167,,1,1
2025-11-25T16:52:56.214304Z,embb,uesimtun0,13776,164,14272,172,,1,1
2025-11-25T16:52:56.214304Z,urllc,uesimtun1,13524,161,14020,169,,1,1
2025-11-25T16:52:56.214304Z,mmtc,uesimtun2,13440,160,13936,168,,1,1
2025-11-25T16:52:56.464347Z,embb,uesimtun0,13860,165,14356,173,,1,1
2025-11-25T16:52:56.464347Z,urllc,uesimtun1,13608,162,14104,170,,1,1
2025-11-25T16:52:56.464347Z,mmtc,uesimtun2,13524,161,14020,169,,1,1
2025-11-25T16:52:56.714145Z,embb,uesimtun0,13944,166,14440,174,,1,1
2025-11-25T16:52:56.714145Z,urllc,uesimtun1,13692,163,14188,171,,1,1
2025-11-25T16:52:56.714145Z,mmtc,uesimtun2,13608,162,14104,170,,1,1
2025-11-25T16:52:56.963951Z,embb,uesimtun0,14028,167,14524,175,,1,1
2025-11-25T16:52:56.963951Z,urllc,uesimtun1,13776,164,14272,172,,1,1
2025-11-25T16:52:56.963951Z,mmtc,uesimtun2,13692,163,14188,171,,1,1
2025-11-25T16:52:57.213884Z,embb,uesimtun0,14112,168,14608,176,,1,1
2025-11-25T16:52:57.213884Z,urllc,uesimtun1,13860,165,14356,173,,1,1
2025-11-25T16:52:57.213884Z,mmtc,uesimtun2,13776,164,14272,172,,1,1
2025-11-25T16:52:57.464230Z,embb,uesimtun0,14196,169,14692,177,,1,1
2025-11-25T16:52:57.464230Z,urllc,uesimtun1,13944,166,14440,174,,1,1
2025-11-25T16:52:57.464230Z,mmtc,uesimtun2,13860,165,14356,173,,1,1
2025-11-25T16:52:57.714055Z,embb,uesimtun0,14280,170,14776,178,,1,1
2025-11-25T16:52:57.714055Z,urllc,uesimtun1,14028,167,14524,175,,1,1
2025-11-25T16:52:57.714055Z,mmtc,uesimtun2,13944,166,14440,174,,1,1
2025-11-25T16:52:57.964363Z,embb,uesimtun0,14364,171,14860,179,,1,1
2025-11-25T16:52:57.964363Z,urllc,uesimtun1,14112,168,14608,176,,1,1
2025-11-25T16:52:57.964363Z,mmtc,uesimtun2,14028,167,14524,175,,1,1
2025-11-25T16:52:58.213918Z,embb,uesimtun0,14448,172,14944,180,,1,1
2025-11-25T16:52:58.213918Z,urllc,uesimtun1,14196,169,14692,177,,1,1
2025-11-25T16:52:58.213918Z,mmtc,uesimtun2,14112,168,14608,176,,1,1
2025-11-25T16:52:58.464569Z,embb,uesimtun0,14532,173,15028,181,,1,1
2025-11-25T16:52:58.464569Z,urllc,uesimtun1,14280,170,14776,178,,1,1
2025-11-25T16:52:58.464569Z,mmtc,uesimtun2,14196,169,14692,177,,1,1
2025-11-25T16:52:58.714088Z,embb,uesimtun0,14616,174,15112,182,,1,1
2025-11-25T16:52:58.714088Z,urllc,uesimtun1,14364,171,14860,179,,1,1
2025-11-25T16:52:58.714088Z,mmtc,uesimtun2,14280,170,14776,178,,1,1
2025-11-25T16:52:58.964206Z,embb,uesimtun0,14700,175,15196,183,,1,1
2025-11-25T16:52:58.964206Z,urllc,uesimtun1,14448,172,14944,180,,1,1
2025-11-25T16:52:58.964206Z,mmtc,uesimtun2,14364,171,14860,179,,1,1
2025-11-25T16:52:59.214370Z,embb,uesimtun0,14784,176,15280,184,,1,1
2025-11-25T16:52:59.214370Z,urllc,uesimtun1,14532,173,15028,181,,1,1
2025-11-25T16:52:59.214370Z,mmtc,uesimtun2,14448,172,14944,180,,1,1
2025-11-25T16:52:59.464298Z,embb,uesimtun0,14868,177,15364,185,,1,1
2025-11-25T16:52:59.464298Z,urllc,uesimtun1,14616,174,15112,182,,1,1
2025-11-25T16:52:59.464298Z,mmtc,uesimtun2,14532,173,15028,181,,1,1
2025-11-25T16:52:59.714164Z,embb,uesimtun0,14952,178,15448,186,,1,1
2025-11-25T16:52:59.714164Z,urllc,uesimtun1,14700,175,15196,183,,1,1
2025-11-25T16:52:59.714164Z,mmtc,uesimtun2,14616,174,15112,182,,1,1
2025-11-25T16:52:59.964222Z,embb,uesimtun0,15036,179,15532,187,,1,1
2025-11-25T16:52:59.964222Z,urllc,uesimtun1,14784,176,15280,184,,1,1
2025-11-25T16:52:59.964222Z,mmtc,uesimtun2,14700,175,15196,183,,1,1
2025-11-25T16:53:00.334825Z,embb,uesimtun0,15036,179,15616,188,,1,1
2025-11-25T16:53:00.334825Z,urllc,uesimtun1,14868,177,15364,185,,1,1
2025-11-25T16:53:00.334825Z,mmtc,uesimtun2,14784,176,15280,184,,1,1
2025-11-25T16:53:00.585672Z,embb,uesimtun0,15204,181,15700,189,,1,1
2025-11-25T16:53:00.585672Z,urllc,uesimtun1,14952,178,15448,186,,1,1
2025-11-25T16:53:00.585672Z,mmtc,uesimtun2,14868,177,15364,185,,1,1
2025-11-25T16:53:00.835304Z,embb,uesimtun0,15288,182,15784,190,,1,1
2025-11-25T16:53:00.835304Z,urllc,uesimtun1,15036,179,15532,187,,1,1
2025-11-25T16:53:00.835304Z,mmtc,uesimtun2,14952,178,15448,186,,1,1
2025-11-25T16:53:01.085411Z,embb,uesimtun0,15372,183,15868,191,,1,1
2025-11-25T16:53:01.085411Z,urllc,uesimtun1,15120,180,15616,188,,1,1
2025-11-25T16:53:01.085411Z,mmtc,uesimtun2,15036,179,15532,187,,1,1
2025-11-25T16:53:01.335110Z,embb,uesimtun0,15456,184,15952,192,,1,1
2025-11-25T16:53:01.335110Z,urllc,uesimtun1,15204,181,15700,189,,1,1
2025-11-25T16:53:01.335110Z,mmtc,uesimtun2,15120,180,15616,188,,1,1
2025-11-25T16:53:01.584934Z,embb,uesimtun0,15540,185,16036,193,,1,1
2025-11-25T16:53:01.584934Z,urllc,uesimtun1,15288,182,15784,190,,1,1
2025-11-25T16:53:01.584934Z,mmtc,uesimtun2,15204,181,15700,189,,1,1
2025-11-25T16:53:01.835515Z,embb,uesimtun0,15624,186,16120,194,,1,1
2025-11-25T16:53:01.835515Z,urllc,uesimtun1,15372,183,15868,191,,1,1
2025-11-25T16:53:01.835515Z,mmtc,uesimtun2,15288,182,15784,190,,1,1
2025-11-25T16:53:02.085601Z,embb,uesimtun0,15708,187,16204,195,,1,1
2025-11-25T16:53:02.085601Z,urllc,uesimtun1,15456,184,15952,192,,1,1
2025-11-25T16:53:02.085601Z,mmtc,uesimtun2,15372,183,15868,191,,1,1
2025-11-25T16:53:02.335125Z,embb,uesimtun0,15792,188,16288,196,,1,1
2025-11-25T16:53:02.335125Z,urllc,uesimtun1,15540,185,16036,193,,1,1
2025-11-25T16:53:02.335125Z,mmtc,uesimtun2,15456,184,15952,192,,1,1
2025-11-25T16:53:02.586848Z,embb,uesimtun0,15876,189,16372,197,,1,1
2025-11-25T16:53:02.586848Z,urllc,uesimtun1,15624,186,16120,194,,1,1
2025-11-25T16:53:02.586848Z,mmtc,uesimtun2,15540,185,16036,193,,1,1
2025-11-25T16:53:02.835285Z,embb,uesimtun0,15960,190,16456,198,,1,1
2025-11-25T16:53:02.835285Z,urllc,uesimtun1,15708,187,16204,195,,1,1
2025-11-25T16:53:02.835285Z,mmtc,uesimtun2,15624,186,16120,194,,1,1
2025-11-25T16:53:03.085280Z,embb,uesimtun0,16044,191,16540,199,,1,1
2025-11-25T16:53:03.085280Z,urllc,uesimtun1,15792,188,16288,196,,1,1
2025-11-25T16:53:03.085280Z,mmtc,uesimtun2,15708,187,16204,195,,1,1
2025-11-25T16:53:03.335039Z,embb,uesimtun0,16128,192,16624,200,,1,1
2025-11-25T16:53:03.335039Z,urllc,uesimtun1,15876,189,16372,197,,1,1
2025-11-25T16:53:03.335039Z,mmtc,uesimtun2,15792,188,16288,196,,1,1
2025-11-25T16:53:03.585446Z,embb,uesimtun0,16212,193,16708,201,,1,1
2025-11-25T16:53:03.585446Z,urllc,uesimtun1,15960,190,16456,198,,1,1
2025-11-25T16:53:03.585446Z,mmtc,uesimtun2,15876,189,16372,197,,1,1
2025-11-25T16:53:03.835143Z,embb,uesimtun0,16296,194,16792,202,,1,1
2025-11-25T16:53:03.835143Z,urllc,uesimtun1,16044,191,16540,199,,1,1
2025-11-25T16:53:03.835143Z,mmtc,uesimtun2,15960,190,16456,198,,1,1
2025-11-25T16:53:04.084892Z,embb,uesimtun0,16380,195,16876,203,,1,1
2025-11-25T16:53:04.084892Z,urllc,uesimtun1,16128,192,16624,200,,1,1
2025-11-25T16:53:04.084892Z,mmtc,uesimtun2,16044,191,16540,199,,1,1
2025-11-25T16:53:04.335203Z,embb,uesimtun0,16464,196,16960,204,,1,1
2025-11-25T16:53:04.335203Z,urllc,uesimtun1,16212,193,16708,201,,1,1
2025-11-25T16:53:04.335203Z,mmtc,uesimtun2,16128,192,16624,200,,1,1
2025-11-25T16:53:04.585190Z,embb,uesimtun0,16548,197,17044,205,,1,1
2025-11-25T16:53:04.585190Z,urllc,uesimtun1,16296,194,16792,202,,1,1
2025-11-25T16:53:04.585190Z,mmtc,uesimtun2,16212,193,16708,201,,1,1
2025-11-25T16:53:04.835578Z,embb,uesimtun0,16632,198,17128,206,,1,1
2025-11-25T16:53:04.835578Z,urllc,uesimtun1,16380,195,16876,203,,1,1
2025-11-25T16:53:04.835578Z,mmtc,uesimtun2,16296,194,16792,202,,1,1
2025-11-25T16:53:05.085339Z,embb,uesimtun0,16716,199,17212,207,,1,1
2025-11-25T16:53:05.085339Z,urllc,uesimtun1,16464,196,16960,204,,1,1
2025-11-25T16:53:05.085339Z,mmtc,uesimtun2,16380,195,16876,203,,1,1
2025-11-25T16:53:05.335308Z,embb,uesimtun0,16800,200,17296,208,,1,1
2025-11-25T16:53:05.335308Z,urllc,uesimtun1,16548,197,17044,205,,1,1
2025-11-25T16:53:05.335308Z,mmtc,uesimtun2,16464,196,16960,204,,1,1
2025-11-25T16:53:05.585117Z,embb,uesimtun0,16884,201,17380,209,,1,1
2025-11-25T16:53:05.585117Z,urllc,uesimtun1,16632,198,17128,206,,1,1
2025-11-25T16:53:05.585117Z,mmtc,uesimtun2,16548,197,17044,205,,1,1
2025-11-25T16:53:05.835738Z,embb,uesimtun0,16968,202,17464,210,,1,1
2025-11-25T16:53:05.835738Z,urllc,uesimtun1,16716,199,17212,207,,1,1
2025-11-25T16:53:05.835738Z,mmtc,uesimtun2,16632,198,17128,206,,1,1
2025-11-25T16:53:06.085354Z,embb,uesimtun0,17052,203,17548,211,,1,1
2025-11-25T16:53:06.085354Z,urllc,uesimtun1,16800,200,17296,208,,1,1
2025-11-25T16:53:06.085354Z,mmtc,uesimtun2,16716,199,17212,207,,1,1
2025-11-25T16:53:06.335412Z,embb,uesimtun0,17136,204,17632,212,,1,1
2025-11-25T16:53:06.335412Z,urllc,uesimtun1,16884,201,17380,209,,1,1
2025-11-25T16:53:06.335412Z,mmtc,uesimtun2,16800,200,17296,208,,1,1
2025-11-25T16:53:06.587070Z,embb,uesimtun0,17220,205,17716,213,,1,1
2025-11-25T16:53:06.587070Z,urllc,uesimtun1,16968,202,17464,210,,1,1
2025-11-25T16:53:06.587070Z,mmtc,uesimtun2,16884,201,17380,209,,1,1
2025-11-25T16:53:06.835685Z,embb,uesimtun0,17304,206,17800,214,,1,1
2025-11-25T16:53:06.835685Z,urllc,uesimtun1,17052,203,17548,211,,1,1
2025-11-25T16:53:06.835685Z,mmtc,uesimtun2,16968,202,17464,210,,1,1
2025-11-25T16:53:07.085513Z,embb,uesimtun0,17388,207,17884,215,,1,1
2025-11-25T16:53:07.085513Z,urllc,uesimtun1,17136,204,17632,212,,1,1
2025-11-25T16:53:07.085513Z,mmtc,uesimtun2,17052,203,17548,211,,1,1
2025-11-25T16:53:07.335289Z,embb,uesimtun0,17472,208,17968,216,,1,1
2025-11-25T16:53:07.335289Z,urllc,uesimtun1,17220,205,17716,213,,1,1
2025-11-25T16:53:07.335289Z,mmtc,uesimtun2,17136,204,17632,212,,1,1
2025-11-25T16:53:07.585338Z,embb,uesimtun0,17556,209,18052,217,,1,1
2025-11-25T16:53:07.585338Z,urllc,uesimtun1,17304,206,17800,214,,1,1
2025-11-25T16:53:07.585338Z,mmtc,uesimtun2,17220,205,17716,213,,1,1
2025-11-25T16:53:07.835235Z,embb,uesimtun0,17640,210,18136,218,,1,1
2025-11-25T16:53:07.835235Z,urllc,uesimtun1,17388,207,17884,215,,1,1
2025-11-25T16:53:07.835235Z,mmtc,uesimtun2,17304,206,17800,214,,1,1
2025-11-25T16:53:08.085350Z,embb,uesimtun0,17724,211,18220,219,,1,1
2025-11-25T16:53:08.085350Z,urllc,uesimtun1,17472,208,17968,216,,1,1
2025-11-25T16:53:08.085350Z,mmtc,uesimtun2,17388,207,17884,215,,1,1
2025-11-25T16:53:08.335118Z,embb,uesimtun0,17808,212,18304,220,,1,1
2025-11-25T16:53:08.335118Z,urllc,uesimtun1,17556,209,18052,217,,1,1
2025-11-25T16:53:08.335118Z,mmtc,uesimtun2,17472,208,17968,216,,1,1
2025-11-25T16:53:08.585201Z,embb,uesimtun0,17892,213,18388,221,,1,1
2025-11-25T16:53:08.585201Z,urllc,uesimtun1,17640,210,18136,218,,1,1
2025-11-25T16:53:08.585201Z,mmtc,uesimtun2,17556,209,18052,217,,1,1
2025-11-25T16:53:08.835240Z,embb,uesimtun0,17976,214,18472,222,,1,1
2025-11-25T16:53:08.835240Z,urllc,uesimtun1,17724,211,18220,219,,1,1
2025-11-25T16:53:08.835240Z,mmtc,uesimtun2,17640,210,18136,218,,1,1
2025-11-25T16:53:09.085193Z,embb,uesimtun0,18060,215,18556,223,,1,1
2025-11-25T16:53:09.085193Z,urllc,uesimtun1,17808,212,18304,220,,1,1
2025-11-25T16:53:09.085193Z,mmtc,uesimtun2,17724,211,18220,219,,1,1
2025-11-25T16:53:09.451671Z,embb,uesimtun0,18060,215,18640,224,,1,1
2025-11-25T16:53:09.451671Z,urllc,uesimtun1,17892,213,18388,221,,1,1
2025-11-25T16:53:09.451671Z,mmtc,uesimtun2,17808,212,18304,220,,1,1
2025-11-25T16:53:09.702220Z,embb,uesimtun0,18228,217,18724,225,,1,1
2025-11-25T16:53:09.702220Z,urllc,uesimtun1,17976,214,18472,222,,1,1
2025-11-25T16:53:09.702220Z,mmtc,uesimtun2,17892,213,18388,221,,1,1
2025-11-25T16:53:09.952326Z,embb,uesimtun0,18312,218,18808,226,,1,1
2025-11-25T16:53:09.952326Z,urllc,uesimtun1,18060,215,18556,223,,1,1
2025-11-25T16:53:09.952326Z,mmtc,uesimtun2,17976,214,18472,222,,1,1
2025-11-25T16:53:10.201825Z,embb,uesimtun0,18396,219,18892,227,,1,1
2025-11-25T16:53:10.201825Z,urllc,uesimtun1,18144,216,18640,224,,1,1
2025-11-25T16:53:10.201825Z,mmtc,uesimtun2,18060,215,18556,223,,1,1
2025-11-25T16:53:10.451993Z,embb,uesimtun0,18480,220,18976,228,,1,1
2025-11-25T16:53:10.451993Z,urllc,uesimtun1,18228,217,18724,225,,1,1
2025-11-25T16:53:10.451993Z,mmtc,uesimtun2,18144,216,18640,224,,1,1
2025-11-25T16:53:10.703739Z,embb,uesimtun0,18564,221,19060,229,,1,1
2025-11-25T16:53:10.703739Z,urllc,uesimtun1,18312,218,18808,226,,1,1
2025-11-25T16:53:10.703739Z,mmtc,uesimtun2,18228,217,18724,225,,1,1
2025-11-25T16:53:10.952223Z,embb,uesimtun0,18648,222,19144,230,,1,1
2025-11-25T16:53:10.952223Z,urllc,uesimtun1,18396,219,18892,227,,1,1
2025-11-25T16:53:10.952223Z,mmtc,uesimtun2,18312,218,18808,226,,1,1
2025-11-25T16:53:11.202024Z,embb,uesimtun0,18732,223,19228,231,,1,1
2025-11-25T16:53:11.202024Z,urllc,uesimtun1,18480,220,18976,228,,1,1
2025-11-25T16:53:11.202024Z,mmtc,uesimtun2,18396,219,18892,227,,1,1
2025-11-25T16:53:11.452096Z,embb,uesimtun0,18816,224,19312,232,,1,1
2025-11-25T16:53:11.452096Z,urllc,uesimtun1,18564,221,19060,229,,1,1
2025-11-25T16:53:11.452096Z,mmtc,uesimtun2,18480,220,18976,228,,1,1
2025-11-25T16:53:11.702166Z,embb,uesimtun0,18900,225,19396,233,,1,1
2025-11-25T16:53:11.702166Z,urllc,uesimtun1,18648,222,19144,230,,1,1
2025-11-25T16:53:11.702166Z,mmtc,uesimtun2,18564,221,19060,229,,1,1
2025-11-25T16:53:11.951995Z,embb,uesimtun0,18984,226,19480,234,,1,1
2025-11-25T16:53:11.951995Z,urllc,uesimtun1,18732,223,19276,232,,1,1
2025-11-25T16:53:11.951995Z,mmtc,uesimtun2,18648,222,19144,230,,1,1
2025-11-25T16:53:12.201746Z,embb,uesimtun0,19068,227,19564,235,,1,1
2025-11-25T16:53:12.201746Z,urllc,uesimtun1,18816,224,19360,233,,1,1
2025-11-25T16:53:12.201746Z,mmtc,uesimtun2,18732,223,19228,231,,1,1
2025-11-25T16:53:12.452104Z,embb,uesimtun0,19152,228,19648,236,,1,1
2025-11-25T16:53:12.452104Z,urllc,uesimtun1,18900,225,19444,234,,1,1
2025-11-25T16:53:12.452104Z,mmtc,uesimtun2,18816,224,19312,232,,1,1
2025-11-25T16:53:12.702419Z,embb,uesimtun0,19236,229,19732,237,,1,1
2025-11-25T16:53:12.702419Z,urllc,uesimtun1,18984,226,19528,235,,1,1
2025-11-25T16:53:12.702419Z,mmtc,uesimtun2,18900,225,19396,233,,1,1
2025-11-25T16:53:12.952442Z,embb,uesimtun0,19320,230,19816,238,,1,1
2025-11-25T16:53:12.952442Z,urllc,uesimtun1,19068,227,19612,236,,1,1
2025-11-25T16:53:12.952442Z,mmtc,uesimtun2,18984,226,19480,234,,1,1
2025-11-25T16:53:13.201904Z,embb,uesimtun0,19404,231,19900,239,,1,1
2025-11-25T16:53:13.201904Z,urllc,uesimtun1,19152,228,19696,237,,1,1
2025-11-25T16:53:13.201904Z,mmtc,uesimtun2,19068,227,19564,235,,1,1
2025-11-25T16:53:13.452310Z,embb,uesimtun0,19488,232,19984,240,,1,1
2025-11-25T16:53:13.452310Z,urllc,uesimtun1,19236,229,19780,238,,1,1
2025-11-25T16:53:13.452310Z,mmtc,uesimtun2,19152,228,19648,236,,1,1
2025-11-25T16:53:13.702444Z,embb,uesimtun0,19572,233,20068,241,,1,1
2025-11-25T16:53:13.702444Z,urllc,uesimtun1,19320,230,19864,239,,1,1
2025-11-25T16:53:13.702444Z,mmtc,uesimtun2,19236,229,19732,237,,1,1
2025-11-25T16:53:13.952215Z,embb,uesimtun0,19656,234,20152,242,,1,1
2025-11-25T16:53:13.952215Z,urllc,uesimtun1,19404,231,19948,240,,1,1
2025-11-25T16:53:13.952215Z,mmtc,uesimtun2,19320,230,19816,238,,1,1
2025-11-25T16:53:14.202387Z,embb,uesimtun0,19740,235,20236,243,,1,1
2025-11-25T16:53:14.202387Z,urllc,uesimtun1,19488,232,20032,241,,1,1
2025-11-25T16:53:14.202387Z,mmtc,uesimtun2,19404,231,19900,239,,1,1
2025-11-25T16:53:14.452334Z,embb,uesimtun0,19824,236,20320,244,,1,1
2025-11-25T16:53:14.452334Z,urllc,uesimtun1,19572,233,20116,242,,1,1
2025-11-25T16:53:14.452334Z,mmtc,uesimtun2,19488,232,19984,240,,1,1
2025-11-25T16:53:14.702580Z,embb,uesimtun0,19908,237,20404,245,,1,1
2025-11-25T16:53:14.702580Z,urllc,uesimtun1,19656,234,20200,243,,1,1
2025-11-25T16:53:14.702580Z,mmtc,uesimtun2,19572,233,20068,241,,1,1
2025-11-25T16:53:14.952213Z,embb,uesimtun0,19992,238,20488,246,,1,1
2025-11-25T16:53:14.952213Z,urllc,uesimtun1,19740,235,20284,244,,1,1
2025-11-25T16:53:14.952213Z,mmtc,uesimtun2,19656,234,20152,242,,1,1
2025-11-25T16:53:15.202097Z,embb,uesimtun0,20076,239,20572,247,,1,1
2025-11-25T16:53:15.202097Z,urllc,uesimtun1,19824,236,20368,245,,1,1
2025-11-25T16:53:15.202097Z,mmtc,uesimtun2,19740,235,20236,243,,1,1
2025-11-25T16:53:15.452222Z,embb,uesimtun0,20160,240,20656,248,,1,1
2025-11-25T16:53:15.452222Z,urllc,uesimtun1,19908,237,20452,246,,1,1
2025-11-25T16:53:15.452222Z,mmtc,uesimtun2,19824,236,20320,244,,1,1
2025-11-25T16:53:15.701781Z,embb,uesimtun0,20244,241,20788,250,,1,1
2025-11-25T16:53:15.701781Z,urllc,uesimtun1,19992,238,20536,247,,1,1
2025-11-25T16:53:15.701781Z,mmtc,uesimtun2,19908,237,20404,245,,1,1
2025-11-25T16:53:15.951939Z,embb,uesimtun0,20328,242,20872,251,,1,1
2025-11-25T16:53:15.951939Z,urllc,uesimtun1,20076,239,20620,248,,1,1
2025-11-25T16:53:15.951939Z,mmtc,uesimtun2,19992,238,20536,247,,1,1
2025-11-25T16:53:16.202183Z,embb,uesimtun0,20412,243,20956,252,,1,1
2025-11-25T16:53:16.202183Z,urllc,uesimtun1,20160,240,20704,249,,1,1
2025-11-25T16:53:16.202183Z,mmtc,uesimtun2,20076,239,20620,248,,1,1
2025-11-25T16:53:16.451986Z,embb,uesimtun0,20496,244,21040,253,,1,1
2025-11-25T16:53:16.451986Z,urllc,uesimtun1,20244,241,20788,250,,1,1
2025-11-25T16:53:16.451986Z,mmtc,uesimtun2,20160,240,20704,249,,1,1
2025-11-25T16:53:16.702242Z,embb,uesimtun0,20580,245,21124,254,,1,1
2025-11-25T16:53:16.702242Z,urllc,uesimtun1,20328,242,20872,251,,1,1
2025-11-25T16:53:16.702242Z,mmtc,uesimtun2,20244,241,20788,250,,1,1
2025-11-25T16:53:16.951905Z,embb,uesimtun0,20664,246,21208,255,,1,1
2025-11-25T16:53:16.951905Z,urllc,uesimtun1,20412,243,20956,252,,1,1
2025-11-25T16:53:16.951905Z,mmtc,uesimtun2,20328,242,20872,251,,1,1
2025-11-25T16:53:17.205044Z,embb,uesimtun0,20748,247,21292,256,,1,1
2025-11-25T16:53:17.205044Z,urllc,uesimtun1,20496,244,21040,253,,1,1
2025-11-25T16:53:17.205044Z,mmtc,uesimtun2,20412,243,20956,252,,1,1
2025-11-25T16:53:17.452465Z,embb,uesimtun0,20832,248,21376,257,,1,1
2025-11-25T16:53:17.452465Z,urllc,uesimtun1,20580,245,21124,254,,1,1
2025-11-25T16:53:17.452465Z,mmtc,uesimtun2,20496,244,21040,253,,1,1
2025-11-25T16:53:17.702383Z,embb,uesimtun0,20916,249,21460,258,,1,1
2025-11-25T16:53:17.702383Z,urllc,uesimtun1,20664,246,21208,255,,1,1
2025-11-25T16:53:17.702383Z,mmtc,uesimtun2,20580,245,21124,254,,1,1
2025-11-25T16:53:17.952260Z,embb,uesimtun0,21000,250,21544,259,,1,1
2025-11-25T16:53:17.952260Z,urllc,uesimtun1,20748,247,21292,256,,1,1
2025-11-25T16:53:17.952260Z,mmtc,uesimtun2,20664,246,21208,255,,1,1
2025-11-25T16:53:18.202278Z,embb,uesimtun0,21084,251,21628,260,,1,1
2025-11-25T16:53:18.202278Z,urllc,uesimtun1,20832,248,21376,257,,1,1
2025-11-25T16:53:18.202278Z,mmtc,uesimtun2,20748,247,21292,256,,1,1
2025-11-25T16:53:18.452094Z,embb,uesimtun0,21168,252,21712,261,,1,1
2025-11-25T16:53:18.452094Z,urllc,uesimtun1,20916,249,21460,258,,1,1
2025-11-25T16:53:18.452094Z,mmtc,uesimtun2,20832,248,21376,257,,1,1
2025-11-25T16:53:18.702396Z,embb,uesimtun0,21252,253,21796,262,,1,1
2025-11-25T16:53:18.702396Z,urllc,uesimtun1,21000,250,21544,259,,1,1
2025-11-25T16:53:18.702396Z,mmtc,uesimtun2,20916,249,21460,258,,1,1
2025-11-25T16:53:18.951728Z,embb,uesimtun0,21336,254,21880,263,,1,1
2025-11-25T16:53:18.951728Z,urllc,uesimtun1,21084,251,21628,260,,1,1
2025-11-25T16:53:18.951728Z,mmtc,uesimtun2,21000,250,21544,259,,1,1
2025-11-25T16:53:19.201982Z,embb,uesimtun0,21420,255,21964,264,,1,1
2025-11-25T16:53:19.201982Z,urllc,uesimtun1,21168,252,21712,261,,1,1
2025-11-25T16:53:19.201982Z,mmtc,uesimtun2,21084,251,21628,260,,1,1
2025-11-25T16:53:19.451785Z,embb,uesimtun0,21504,256,22048,265,,1,1
2025-11-25T16:53:19.451785Z,urllc,uesimtun1,21252,253,21796,262,,1,1
2025-11-25T16:53:19.451785Z,mmtc,uesimtun2,21168,252,21712,261,,1,1
2025-11-25T16:53:19.701755Z,embb,uesimtun0,21588,257,22132,266,,1,1
2025-11-25T16:53:19.701755Z,urllc,uesimtun1,21336,254,21880,263,,1,1
2025-11-25T16:53:19.701755Z,mmtc,uesimtun2,21252,253,21796,262,,1,1
2025-11-25T16:53:19.951947Z,embb,uesimtun0,21672,258,22216,267,,1,1
2025-11-25T16:53:19.951947Z,urllc,uesimtun1,21420,255,21964,264,,1,1
2025-11-25T16:53:19.951947Z,mmtc,uesimtun2,21336,254,21880,263,,1,1
2025-11-25T16:53:20.201884Z,embb,uesimtun0,21756,259,22300,268,,1,1
2025-11-25T16:53:20.201884Z,urllc,uesimtun1,21504,256,22048,265,,1,1
2025-11-25T16:53:20.201884Z,mmtc,uesimtun2,21420,255,21964,264,,1,1
2025-11-25T16:53:20.452025Z,embb,uesimtun0,21840,260,22384,269,,1,1
2025-11-25T16:53:20.452025Z,urllc,uesimtun1,21588,257,22132,266,,1,1
2025-11-25T16:53:20.452025Z,mmtc,uesimtun2,21504,256,22048,265,,1,1
2025-11-25T16:53:20.702036Z,embb,uesimtun0,21924,261,22468,270,,1,1
2025-11-25T16:53:20.702036Z,urllc,uesimtun1,21672,258,22216,267,,1,1
2025-11-25T16:53:20.702036Z,mmtc,uesimtun2,21588,257,22132,266,,1,1
2025-11-25T16:53:20.952045Z,embb,uesimtun0,22008,262,22552,271,,1,1
2025-11-25T16:53:20.952045Z,urllc,uesimtun1,21756,259,22300,268,,1,1
2025-11-25T16:53:20.952045Z,mmtc,uesimtun2,21672,258,22216,267,,1,1
2025-11-25T16:53:21.202207Z,embb,uesimtun0,22092,263,22636,272,,1,1
2025-11-25T16:53:21.202207Z,urllc,uesimtun1,21840,260,22384,269,,1,1
2025-11-25T16:53:21.202207Z,mmtc,uesimtun2,21756,259,22300,268,,1,1
2025-11-25T16:53:21.452068Z,embb,uesimtun0,22176,264,22720,273,,1,1
2025-11-25T16:53:21.452068Z,urllc,uesimtun1,21924,261,22468,270,,1,1
2025-11-25T16:53:21.452068Z,mmtc,uesimtun2,21840,260,22384,269,,1,1
2025-11-25T16:53:21.702153Z,embb,uesimtun0,22260,265,22804,274,,1,1
2025-11-25T16:53:21.702153Z,urllc,uesimtun1,22008,262,22552,271,,1,1
2025-11-25T16:53:21.702153Z,mmtc,uesimtun2,21924,261,22468,270,,1,1
2025-11-25T16:53:21.951933Z,embb,uesimtun0,22344,266,22888,275,,1,1
2025-11-25T16:53:21.951933Z,urllc,uesimtun1,22092,263,22636,272,,1,1
2025-11-25T16:53:21.951933Z,mmtc,uesimtun2,22008,262,22552,271,,1,1
2025-11-25T16:53:22.202170Z,embb,uesimtun0,22428,267,22972,276,,1,1
2025-11-25T16:53:22.202170Z,urllc,uesimtun1,22176,264,22720,273,,1,1
2025-11-25T16:53:22.202170Z,mmtc,uesimtun2,22092,263,22636,272,,1,1
2025-11-25T16:53:22.452450Z,embb,uesimtun0,22512,268,23056,277,,1,1
2025-11-25T16:53:22.452450Z,urllc,uesimtun1,22260,265,22804,274,,1,1
2025-11-25T16:53:22.452450Z,mmtc,uesimtun2,22176,264,22720,273,,1,1
2025-11-25T16:53:22.701950Z,embb,uesimtun0,22596,269,23140,278,,1,1
2025-11-25T16:53:22.701950Z,urllc,uesimtun1,22344,266,22888,275,,1,1
2025-11-25T16:53:22.701950Z,mmtc,uesimtun2,22260,265,22804,274,,1,1
2025-11-25T16:53:22.951811Z,embb,uesimtun0,22680,270,23224,279,,1,1
2025-11-25T16:53:22.951811Z,urllc,uesimtun1,22428,267,22972,276,,1,1
2025-11-25T16:53:22.951811Z,mmtc,uesimtun2,22344,266,22888,275,,1,1
2025-11-25T16:53:23.202284Z,embb,uesimtun0,22764,271,23308,280,,1,1
2025-11-25T16:53:23.202284Z,urllc,uesimtun1,22512,268,23056,277,,1,1
2025-11-25T16:53:23.202284Z,mmtc,uesimtun2,22428,267,22972,276,,1,1
2025-11-25T16:53:23.451964Z,embb,uesimtun0,22848,272,23392,281,,1,1
2025-11-25T16:53:23.451964Z,urllc,uesimtun1,22596,269,23140,278,,1,1
2025-11-25T16:53:23.451964Z,mmtc,uesimtun2,22512,268,23056,277,,1,1
2025-11-25T16:53:23.702276Z,embb,uesimtun0,22932,273,23476,282,,1,1
2025-11-25T16:53:23.702276Z,urllc,uesimtun1,22680,270,23224,279,,1,1
2025-11-25T16:53:23.702276Z,mmtc,uesimtun2,22596,269,23140,278,,1,1
2025-11-25T16:53:23.954855Z,embb,uesimtun0,23016,274,23560,283,,1,1
2025-11-25T16:53:23.954855Z,urllc,uesimtun1,22764,271,23308,280,,1,1
2025-11-25T16:53:23.954855Z,mmtc,uesimtun2,22680,270,23224,279,,1,1
2025-11-25T16:53:24.202042Z,embb,uesimtun0,23100,275,23644,284,,1,1
2025-11-25T16:53:24.202042Z,urllc,uesimtun1,22848,272,23392,281,,1,1
2025-11-25T16:53:24.202042Z,mmtc,uesimtun2,22764,271,23308,280,,1,1
2025-11-25T16:53:24.452257Z,embb,uesimtun0,23184,276,23728,285,,1,1
2025-11-25T16:53:24.452257Z,urllc,uesimtun1,22932,273,23476,282,,1,1
2025-11-25T16:53:24.452257Z,mmtc,uesimtun2,22848,272,23392,281,,1,1
2025-11-25T16:53:24.703903Z,embb,uesimtun0,23268,277,23812,286,,1,1
2025-11-25T16:53:24.703903Z,urllc,uesimtun1,23016,274,23560,283,,1,1
2025-11-25T16:53:24.703903Z,mmtc,uesimtun2,22932,273,23476,282,,1,1
2025-11-25T16:53:24.954223Z,embb,uesimtun0,23352,278,23896,287,,1,1
2025-11-25T16:53:24.954223Z,urllc,uesimtun1,23100,275,23644,284,,1,1
2025-11-25T16:53:24.954223Z,mmtc,uesimtun2,23016,274,23560,283,,1,1
2025-11-25T16:53:25.203985Z,embb,uesimtun0,23436,279,23980,288,,1,1
2025-11-25T16:53:25.203985Z,urllc,uesimtun1,23184,276,23728,285,,1,1
2025-11-25T16:53:25.203985Z,mmtc,uesimtun2,23100,275,23644,284,,1,1
2025-11-25T16:53:25.456200Z,embb,uesimtun0,23520,280,24064,289,,1,1
2025-11-25T16:53:25.456200Z,urllc,uesimtun1,23268,277,23812,286,,1,1
2025-11-25T16:53:25.456200Z,mmtc,uesimtun2,23184,276,23728,285,,1,1
2025-11-25T16:53:25.707521Z,embb,uesimtun0,23604,281,24148,290,,1,1
2025-11-25T16:53:25.707521Z,urllc,uesimtun1,23352,278,23896,287,,1,1
2025-11-25T16:53:25.707521Z,mmtc,uesimtun2,23268,277,23812,286,,1,1
2025-11-25T16:53:25.954486Z,embb,uesimtun0,23688,282,24232,291,,1,1
2025-11-25T16:53:25.954486Z,urllc,uesimtun1,23436,279,23980,288,,1,1
2025-11-25T16:53:25.954486Z,mmtc,uesimtun2,23352,278,23896,287,,1,1
2025-11-25T16:53:26.204239Z,embb,uesimtun0,23772,283,24316,292,,1,1
2025-11-25T16:53:26.204239Z,urllc,uesimtun1,23520,280,24064,289,,1,1
2025-11-25T16:53:26.204239Z,mmtc,uesimtun2,23436,279,23980,288,,1,1
2025-11-25T16:53:26.454763Z,embb,uesimtun0,23856,284,24400,293,,1,1
2025-11-25T16:53:26.454763Z,urllc,uesimtun1,23604,281,24148,290,,1,1
2025-11-25T16:53:26.454763Z,mmtc,uesimtun2,23520,280,24064,289,,1,1
2025-11-25T16:53:26.743806Z,embb,uesimtun0,23940,285,24484,294,,1,1
2025-11-25T16:53:26.743806Z,urllc,uesimtun1,23688,282,24232,291,,1,1
2025-11-25T16:53:26.743806Z,mmtc,uesimtun2,23604,281,24148,290,,1,1
2025-11-25T16:53:26.994171Z,embb,uesimtun0,24024,286,24568,295,,1,1
2025-11-25T16:53:26.994171Z,urllc,uesimtun1,23772,283,24316,292,,1,1
2025-11-25T16:53:26.994171Z,mmtc,uesimtun2,23688,282,24232,291,,1,1
2025-11-25T16:53:27.244194Z,embb,uesimtun0,24108,287,24652,296,,1,1
2025-11-25T16:53:27.244194Z,urllc,uesimtun1,23856,284,24400,293,,1,1
2025-11-25T16:53:27.244194Z,mmtc,uesimtun2,23772,283,24316,292,,1,1
2025-11-25T16:53:27.494453Z,embb,uesimtun0,24192,288,24736,297,,1,1
2025-11-25T16:53:27.494453Z,urllc,uesimtun1,23940,285,24484,294,,1,1
2025-11-25T16:53:27.494453Z,mmtc,uesimtun2,23856,284,24400,293,,1,1
2025-11-25T16:53:27.744658Z,embb,uesimtun0,24276,289,24820,298,,1,1
2025-11-25T16:53:27.744658Z,urllc,uesimtun1,24024,286,24568,295,,1,1
2025-11-25T16:53:27.744658Z,mmtc,uesimtun2,23940,285,24484,294,,1,1
2025-11-25T16:53:28.071178Z,embb,uesimtun0,24360,290,24904,299,,1,1
2025-11-25T16:53:28.071178Z,urllc,uesimtun1,24108,287,24652,296,,1,1
2025-11-25T16:53:28.071178Z,mmtc,uesimtun2,24024,286,24568,295,,1,1
2025-11-25T16:53:28.244154Z,embb,uesimtun0,24444,291,24988,300,,1,1
2025-11-25T16:53:28.244154Z,urllc,uesimtun1,24192,288,24736,297,,1,1
2025-11-25T16:53:28.244154Z,mmtc,uesimtun2,24108,287,24652,296,,1,1
2025-11-25T16:53:28.494292Z,embb,uesimtun0,24528,292,25072,301,,1,1
2025-11-25T16:53:28.494292Z,urllc,uesimtun1,24276,289,24820,298,,1,1
2025-11-25T16:53:28.494292Z,mmtc,uesimtun2,24192,288,24736,297,,1,1
2025-11-25T16:53:28.743961Z,embb,uesimtun0,24612,293,25156,302,,1,1
2025-11-25T16:53:28.743961Z,urllc,uesimtun1,24360,290,24904,299,,1,1
2025-11-25T16:53:28.743961Z,mmtc,uesimtun2,24276,289,24820,298,,1,1
2025-11-25T16:53:28.994409Z,embb,uesimtun0,24696,294,25240,303,,1,1
2025-11-25T16:53:28.994409Z,urllc,uesimtun1,24444,291,24988,300,,1,1
2025-11-25T16:53:28.994409Z,mmtc,uesimtun2,24360,290,24904,299,,1,1
2025-11-25T16:53:29.244167Z,embb,uesimtun0,24780,295,25324,304,,1,1
2025-11-25T16:53:29.244167Z,urllc,uesimtun1,24528,292,25072,301,,1,1
2025-11-25T16:53:29.244167Z,mmtc,uesimtun2,24444,291,24988,300,,1,1
2025-11-25T16:53:29.494515Z,embb,uesimtun0,24864,296,25408,305,,1,1
2025-11-25T16:53:29.494515Z,urllc,uesimtun1,24612,293,25156,302,,1,1
2025-11-25T16:53:29.494515Z,mmtc,uesimtun2,24528,292,25072,301,,1,1
2025-11-25T16:53:29.744213Z,embb,uesimtun0,24948,297,25492,306,,1,1
2025-11-25T16:53:29.744213Z,urllc,uesimtun1,24696,294,25240,303,,1,1
2025-11-25T16:53:29.744213Z,mmtc,uesimtun2,24612,293,25156,302,,1,1
2025-11-25T16:53:29.994693Z,embb,uesimtun0,25032,298,25576,307,,1,1
2025-11-25T16:53:29.994693Z,urllc,uesimtun1,24780,295,25324,304,,1,1
2025-11-25T16:53:29.994693Z,mmtc,uesimtun2,24696,294,25240,303,,1,1
2025-11-25T16:53:30.244521Z,embb,uesimtun0,25116,299,25660,308,,1,1
2025-11-25T16:53:30.244521Z,urllc,uesimtun1,24864,296,25408,305,,1,1
2025-11-25T16:53:30.244521Z,mmtc,uesimtun2,24780,295,25324,304,,1,1
2025-11-25T16:53:30.494186Z,embb,uesimtun0,25200,300,25744,309,,1,1
2025-11-25T16:53:30.494186Z,urllc,uesimtun1,24948,297,25492,306,,1,1
2025-11-25T16:53:30.494186Z,mmtc,uesimtun2,24864,296,25408,305,,1,1
2025-11-25T16:53:30.743941Z,embb,uesimtun0,25284,301,25828,310,,1,1
2025-11-25T16:53:30.743941Z,urllc,uesimtun1,25032,298,25576,307,,1,1
2025-11-25T16:53:30.743941Z,mmtc,uesimtun2,24948,297,25492,306,,1,1
2025-11-25T16:53:30.994445Z,embb,uesimtun0,25368,302,25912,311,,1,1
2025-11-25T16:53:30.994445Z,urllc,uesimtun1,25116,299,25660,308,,1,1
2025-11-25T16:53:30.994445Z,mmtc,uesimtun2,25032,298,25576,307,,1,1
2025-11-25T16:53:31.243990Z,embb,uesimtun0,25452,303,25996,312,,1,1
2025-11-25T16:53:31.243990Z,urllc,uesimtun1,25200,300,25744,309,,1,1
2025-11-25T16:53:31.243990Z,mmtc,uesimtun2,25116,299,25660,308,,1,1
2025-11-25T16:53:31.494789Z,embb,uesimtun0,25536,304,26080,313,,1,1
2025-11-25T16:53:31.494789Z,urllc,uesimtun1,25284,301,25828,310,,1,1
2025-11-25T16:53:31.494789Z,mmtc,uesimtun2,25200,300,25744,309,,1,1
2025-11-25T16:53:31.744233Z,embb,uesimtun0,25620,305,26164,314,,1,1
2025-11-25T16:53:31.744233Z,urllc,uesimtun1,25368,302,25912,311,,1,1
2025-11-25T16:53:31.744233Z,mmtc,uesimtun2,25284,301,25828,310,,1,1
2025-11-25T16:53:32.391499Z,embb,uesimtun0,25704,306,26248,315,,1,1
2025-11-25T16:53:32.391499Z,urllc,uesimtun1,25452,303,25996,312,,1,1
2025-11-25T16:53:32.391499Z,mmtc,uesimtun2,25368,302,25912,311,,1,1
2025-11-25T16:53:32.430587Z,embb,uesimtun0,25788,307,26332,316,,1,1
2025-11-25T16:53:32.430587Z,urllc,uesimtun1,25536,304,26080,313,,1,1
2025-11-25T16:53:32.430587Z,mmtc,uesimtun2,25452,303,25996,312,,1,1
2025-11-25T16:53:32.681403Z,embb,uesimtun0,25872,308,26416,317,,1,1
2025-11-25T16:53:32.681403Z,urllc,uesimtun1,25620,305,26164,314,,1,1
2025-11-25T16:53:32.681403Z,mmtc,uesimtun2,25536,304,26080,313,,1,1
2025-11-25T16:53:32.930939Z,embb,uesimtun0,25956,309,26500,318,,1,1
2025-11-25T16:53:32.930939Z,urllc,uesimtun1,25704,306,26248,315,,1,1
2025-11-25T16:53:32.930939Z,mmtc,uesimtun2,25620,305,26164,314,,1,1
2025-11-25T16:53:33.180737Z,embb,uesimtun0,26040,310,26584,319,,1,1
2025-11-25T16:53:33.180737Z,urllc,uesimtun1,25788,307,26332,316,,1,1
2025-11-25T16:53:33.180737Z,mmtc,uesimtun2,25704,306,26248,315,,1,1
2025-11-25T16:53:33.430993Z,embb,uesimtun0,26124,311,26668,320,,1,1
2025-11-25T16:53:33.430993Z,urllc,uesimtun1,25872,308,26416,317,,1,1
2025-11-25T16:53:33.430993Z,mmtc,uesimtun2,25788,307,26332,316,,1,1
2025-11-25T16:53:33.682046Z,embb,uesimtun0,26208,312,26752,321,,1,1
2025-11-25T16:53:33.682046Z,urllc,uesimtun1,25956,309,26500,318,,1,1
2025-11-25T16:53:33.682046Z,mmtc,uesimtun2,25872,308,26416,317,,1,1
2025-11-25T16:53:33.931347Z,embb,uesimtun0,26292,313,26836,322,,1,1
2025-11-25T16:53:33.931347Z,urllc,uesimtun1,26040,310,26584,319,,1,1
2025-11-25T16:53:33.931347Z,mmtc,uesimtun2,25956,309,26500,318,,1,1
2025-11-25T16:53:34.181356Z,embb,uesimtun0,26376,314,26920,323,,1,1
2025-11-25T16:53:34.181356Z,urllc,uesimtun1,26124,311,26668,320,,1,1
2025-11-25T16:53:34.181356Z,mmtc,uesimtun2,26040,310,26584,319,,1,1
2025-11-25T16:53:34.431198Z,embb,uesimtun0,26460,315,27004,324,,1,1
2025-11-25T16:53:34.431198Z,urllc,uesimtun1,26208,312,26752,321,,1,1
2025-11-25T16:53:34.431198Z,mmtc,uesimtun2,26124,311,26668,320,,1,1
2025-11-25T16:53:34.680841Z,embb,uesimtun0,26544,316,27088,325,,1,1
2025-11-25T16:53:34.680841Z,urllc,uesimtun1,26292,313,26836,322,,1,1
2025-11-25T16:53:34.680841Z,mmtc,uesimtun2,26208,312,26752,321,,1,1
2025-11-25T16:53:34.931048Z,embb,uesimtun0,26628,317,27172,326,,1,1
2025-11-25T16:53:34.931048Z,urllc,uesimtun1,26376,314,26920,323,,1,1
2025-11-25T16:53:34.931048Z,mmtc,uesimtun2,26292,313,26836,322,,1,1
2025-11-25T16:53:35.181091Z,embb,uesimtun0,26712,318,27256,327,,1,1
2025-11-25T16:53:35.181091Z,urllc,uesimtun1,26460,315,27004,324,,1,1
2025-11-25T16:53:35.181091Z,mmtc,uesimtun2,26376,314,26920,323,,1,1
2025-11-25T16:53:35.430700Z,embb,uesimtun0,26796,319,27340,328,,1,1
2025-11-25T16:53:35.430700Z,urllc,uesimtun1,26544,316,27088,325,,1,1
2025-11-25T16:53:35.430700Z,mmtc,uesimtun2,26460,315,27004,324,,1,1
2025-11-25T16:53:35.681246Z,embb,uesimtun0,26880,320,27424,329,,1,1
2025-11-25T16:53:35.681246Z,urllc,uesimtun1,26628,317,27172,326,,1,1
2025-11-25T16:53:35.681246Z,mmtc,uesimtun2,26544,316,27088,325,,1,1
2025-11-25T16:53:35.931169Z,embb,uesimtun0,26964,321,27508,330,,1,1
2025-11-25T16:53:35.931169Z,urllc,uesimtun1,26712,318,27256,327,,1,1
2025-11-25T16:53:35.931169Z,mmtc,uesimtun2,26628,317,27172,326,,1,1
2025-11-25T16:53:36.181251Z,embb,uesimtun0,27048,322,27592,331,,1,1
2025-11-25T16:53:36.181251Z,urllc,uesimtun1,26796,319,27340,328,,1,1
2025-11-25T16:53:36.181251Z,mmtc,uesimtun2,26712,318,27256,327,,1,1
2025-11-25T16:53:36.431140Z,embb,uesimtun0,27132,323,27676,332,,1,1
2025-11-25T16:53:36.431140Z,urllc,uesimtun1,26880,320,27424,329,,1,1
2025-11-25T16:53:36.431140Z,mmtc,uesimtun2,26796,319,27340,328,,1,1
2025-11-25T16:53:36.681440Z,embb,uesimtun0,27216,324,27760,333,,1,1
2025-11-25T16:53:36.681440Z,urllc,uesimtun1,26964,321,27508,330,,1,1
2025-11-25T16:53:36.681440Z,mmtc,uesimtun2,26880,320,27424,329,,1,1
2025-11-25T16:53:36.931114Z,embb,uesimtun0,27300,325,27844,334,,1,1
2025-11-25T16:53:36.931114Z,urllc,uesimtun1,27048,322,27592,331,,1,1
2025-11-25T16:53:36.931114Z,mmtc,uesimtun2,26964,321,27508,330,,1,1
2025-11-25T16:53:37.181058Z,embb,uesimtun0,27384,326,27928,335,,1,1
2025-11-25T16:53:37.181058Z,urllc,uesimtun1,27132,323,27676,332,,1,1
2025-11-25T16:53:37.181058Z,mmtc,uesimtun2,27048,322,27592,331,,1,1
2025-11-25T16:53:37.431026Z,embb,uesimtun0,27468,327,28012,336,,1,1
2025-11-25T16:53:37.431026Z,urllc,uesimtun1,27216,324,27760,333,,1,1
2025-11-25T16:53:37.431026Z,mmtc,uesimtun2,27132,323,27676,332,,1,1
2025-11-25T16:53:37.681030Z,embb,uesimtun0,27552,328,28096,337,,1,1
2025-11-25T16:53:37.681030Z,urllc,uesimtun1,27300,325,27844,334,,1,1
2025-11-25T16:53:37.681030Z,mmtc,uesimtun2,27216,324,27760,333,,1,1
2025-11-25T16:53:37.931356Z,embb,uesimtun0,27636,329,28180,338,,1,1
2025-11-25T16:53:37.931356Z,urllc,uesimtun1,27384,326,27928,335,,1,1
2025-11-25T16:53:37.931356Z,mmtc,uesimtun2,27300,325,27844,334,,1,1
2025-11-25T16:53:38.181218Z,embb,uesimtun0,27720,330,28264,339,,1,1
2025-11-25T16:53:38.181218Z,urllc,uesimtun1,27468,327,28012,336,,1,1
2025-11-25T16:53:38.181218Z,mmtc,uesimtun2,27384,326,27928,335,,1,1
2025-11-25T16:53:38.430651Z,embb,uesimtun0,27804,331,28348,340,,1,1
2025-11-25T16:53:38.430651Z,urllc,uesimtun1,27552,328,28096,337,,1,1
2025-11-25T16:53:38.430651Z,mmtc,uesimtun2,27468,327,28012,336,,1,1
2025-11-25T16:53:38.681344Z,embb,uesimtun0,27888,332,28432,341,,1,1
2025-11-25T16:53:38.681344Z,urllc,uesimtun1,27636,329,28180,338,,1,1
2025-11-25T16:53:38.681344Z,mmtc,uesimtun2,27552,328,28096,337,,1,1
2025-11-25T16:53:38.930951Z,embb,uesimtun0,27972,333,28516,342,,1,1
2025-11-25T16:53:38.930951Z,urllc,uesimtun1,27720,330,28264,339,,1,1
2025-11-25T16:53:38.930951Z,mmtc,uesimtun2,27636,329,28180,338,,1,1
2025-11-25T16:53:39.281943Z,embb,uesimtun0,28056,334,28600,343,,1,1
2025-11-25T16:53:39.281943Z,urllc,uesimtun1,27804,331,28348,340,,1,1
2025-11-25T16:53:39.281943Z,mmtc,uesimtun2,27720,330,28264,339,,1,1
2025-11-25T16:53:39.430779Z,embb,uesimtun0,28140,335,28684,344,,1,1
2025-11-25T16:53:39.430779Z,urllc,uesimtun1,27888,332,28432,341,,1,1
2025-11-25T16:53:39.430779Z,mmtc,uesimtun2,27804,331,28348,340,,1,1
2025-11-25T16:53:39.681396Z,embb,uesimtun0,28224,336,28768,345,,1,1
2025-11-25T16:53:39.681396Z,urllc,uesimtun1,27972,333,28516,342,,1,1
2025-11-25T16:53:39.681396Z,mmtc,uesimtun2,27888,332,28432,341,,1,1
2025-11-25T16:53:39.931053Z,embb,uesimtun0,28308,337,28852,346,,1,1
2025-11-25T16:53:39.931053Z,urllc,uesimtun1,28056,334,28600,343,,1,1
2025-11-25T16:53:39.931053Z,mmtc,uesimtun2,27972,333,28516,342,,1,1
2025-11-25T16:53:40.181169Z,embb,uesimtun0,28392,338,28936,347,,1,1
2025-11-25T16:53:40.181169Z,urllc,uesimtun1,28140,335,28684,344,,1,1
2025-11-25T16:53:40.181169Z,mmtc,uesimtun2,28056,334,28600,343,,1,1
2025-11-25T16:53:40.431004Z,embb,uesimtun0,28476,339,29020,348,,1,1
2025-11-25T16:53:40.431004Z,urllc,uesimtun1,28224,336,28768,345,,1,1
2025-11-25T16:53:40.431004Z,mmtc,uesimtun2,28140,335,28684,344,,1,1
2025-11-25T16:53:40.681439Z,embb,uesimtun0,28560,340,29104,349,,1,1
2025-11-25T16:53:40.681439Z,urllc,uesimtun1,28308,337,28852,346,,1,1
2025-11-25T16:53:40.681439Z,mmtc,uesimtun2,28224,336,28768,345,,1,1
2025-11-25T16:53:40.931247Z,embb,uesimtun0,28644,341,29188,350,,1,1
2025-11-25T16:53:40.931247Z,urllc,uesimtun1,28392,338,28936,347,,1,1
2025-11-25T16:53:40.931247Z,mmtc,uesimtun2,28308,337,28852,346,,1,1
2025-11-25T16:53:41.181139Z,embb,uesimtun0,28728,342,29272,351,,1,1
2025-11-25T16:53:41.181139Z,urllc,uesimtun1,28476,339,29020,348,,1,1
2025-11-25T16:53:41.181139Z,mmtc,uesimtun2,28392,338,28936,347,,1,1
2025-11-25T16:53:41.431095Z,embb,uesimtun0,28812,343,29356,352,,1,1
2025-11-25T16:53:41.431095Z,urllc,uesimtun1,28560,340,29104,349,,1,1
2025-11-25T16:53:41.431095Z,mmtc,uesimtun2,28476,339,29020,348,,1,1
2025-11-25T16:53:41.680953Z,embb,uesimtun0,28896,344,29440,353,,1,1
2025-11-25T16:53:41.680953Z,urllc,uesimtun1,28644,341,29188,350,,1,1
2025-11-25T16:53:41.680953Z,mmtc,uesimtun2,28560,340,29104,349,,1,1
2025-11-25T16:53:41.931304Z,embb,uesimtun0,28980,345,29524,354,,1,1
2025-11-25T16:53:41.931304Z,urllc,uesimtun1,28728,342,29272,351,,1,1
2025-11-25T16:53:41.931304Z,mmtc,uesimtun2,28644,341,29188,350,,1,1
2025-11-25T16:53:42.180866Z,embb,uesimtun0,29064,346,29608,355,,1,1
2025-11-25T16:53:42.180866Z,urllc,uesimtun1,28812,343,29356,352,,1,1
2025-11-25T16:53:42.180866Z,mmtc,uesimtun2,28728,342,29272,351,,1,1
2025-11-25T16:53:42.464983Z,embb,uesimtun0,29148,347,29692,356,,1,1
2025-11-25T16:53:42.464983Z,urllc,uesimtun1,28896,344,29440,353,,1,1
2025-11-25T16:53:42.464983Z,mmtc,uesimtun2,28812,343,29356,352,,1,1
2025-11-25T16:53:42.715574Z,embb,uesimtun0,29232,348,29776,357,,1,1
2025-11-25T16:53:42.715574Z,urllc,uesimtun1,28980,345,29524,354,,1,1
2025-11-25T16:53:42.715574Z,mmtc,uesimtun2,28896,344,29440,353,,1,1
2025-11-25T16:53:42.965408Z,embb,uesimtun0,29316,349,29860,358,,1,1
2025-11-25T16:53:42.965408Z,urllc,uesimtun1,29064,346,29608,355,,1,1
2025-11-25T16:53:42.965408Z,mmtc,uesimtun2,28980,345,29524,354,,1,1
2025-11-25T16:53:43.215289Z,embb,uesimtun0,29400,350,29944,359,,1,1
2025-11-25T16:53:43.215289Z,urllc,uesimtun1,29148,347,29692,356,,1,1
2025-11-25T16:53:43.215289Z,mmtc,uesimtun2,29064,346,29608,355,,1,1
2025-11-25T16:53:43.465707Z,embb,uesimtun0,29484,351,30028,360,,1,1
2025-11-25T16:53:43.465707Z,urllc,uesimtun1,29232,348,29776,357,,1,1
2025-11-25T16:53:43.465707Z,mmtc,uesimtun2,29148,347,29692,356,,1,1
2025-11-25T16:53:43.715255Z,embb,uesimtun0,29568,352,30112,361,,1,1
2025-11-25T16:53:43.715255Z,urllc,uesimtun1,29316,349,29860,358,,1,1
2025-11-25T16:53:43.715255Z,mmtc,uesimtun2,29232,348,29776,357,,1,1
2025-11-25T16:53:43.965357Z,embb,uesimtun0,29652,353,30196,362,,1,1
2025-11-25T16:53:43.965357Z,urllc,uesimtun1,29400,350,29944,359,,1,1
2025-11-25T16:53:43.965357Z,mmtc,uesimtun2,29316,349,29860,358,,1,1
2025-11-25T16:53:44.424438Z,embb,uesimtun0,29736,354,30280,363,,1,1
2025-11-25T16:53:44.424438Z,urllc,uesimtun1,29484,351,30028,360,,1,1
2025-11-25T16:53:44.424438Z,mmtc,uesimtun2,29400,350,29944,359,,1,1
2025-11-25T16:53:44.674772Z,embb,uesimtun0,29820,355,30364,364,,1,1
2025-11-25T16:53:44.674772Z,urllc,uesimtun1,29568,352,30112,361,,1,1
2025-11-25T16:53:44.674772Z,mmtc,uesimtun2,29484,351,30028,360,,1,1
2025-11-25T16:53:44.925099Z,embb,uesimtun0,29904,356,30448,365,,1,1
2025-11-25T16:53:44.925099Z,urllc,uesimtun1,29652,353,30196,362,,1,1
2025-11-25T16:53:44.925099Z,mmtc,uesimtun2,29568,352,30112,361,,1,1
2025-11-25T16:53:45.174770Z,embb,uesimtun0,29988,357,30532,366,,1,1
2025-11-25T16:53:45.174770Z,urllc,uesimtun1,29736,354,30280,363,,1,1
2025-11-25T16:53:45.174770Z,mmtc,uesimtun2,29652,353,30196,362,,1,1
2025-11-25T16:53:45.424582Z,embb,uesimtun0,30072,358,30616,367,,1,1
2025-11-25T16:53:45.424582Z,urllc,uesimtun1,29820,355,30364,364,,1,1
2025-11-25T16:53:45.424582Z,mmtc,uesimtun2,29736,354,30280,363,,1,1
2025-11-25T16:53:45.675223Z,embb,uesimtun0,30156,359,30700,368,,1,1
2025-11-25T16:53:45.675223Z,urllc,uesimtun1,29904,356,30448,365,,1,1
2025-11-25T16:53:45.675223Z,mmtc,uesimtun2,29820,355,30364,364,,1,1
2025-11-25T16:53:45.924758Z,embb,uesimtun0,30240,360,30784,369,,1,1
2025-11-25T16:53:45.924758Z,urllc,uesimtun1,29988,357,30532,366,,1,1
2025-11-25T16:53:45.924758Z,mmtc,uesimtun2,29904,356,30448,365,,1,1
2025-11-25T16:53:46.181304Z,embb,uesimtun0,30324,361,30868,370,,1,1
2025-11-25T16:53:46.181304Z,urllc,uesimtun1,30072,358,30616,367,,1,1
2025-11-25T16:53:46.181304Z,mmtc,uesimtun2,29988,357,30532,366,,1,1
2025-11-25T16:53:46.425238Z,embb,uesimtun0,30408,362,30952,371,,1,1
2025-11-25T16:53:46.425238Z,urllc,uesimtun1,30156,359,30700,368,,1,1
2025-11-25T16:53:46.425238Z,mmtc,uesimtun2,30072,358,30616,367,,1,1
2025-11-25T16:53:46.674984Z,embb,uesimtun0,30492,363,31036,372,,1,1
2025-11-25T16:53:46.674984Z,urllc,uesimtun1,30240,360,30784,369,,1,1
2025-11-25T16:53:46.674984Z,mmtc,uesimtun2,30156,359,30700,368,,1,1
2025-11-25T16:53:46.925184Z,embb,uesimtun0,30576,364,31120,373,,1,1
2025-11-25T16:53:46.925184Z,urllc,uesimtun1,30324,361,30868,370,,1,1
2025-11-25T16:53:46.925184Z,mmtc,uesimtun2,30240,360,30784,369,,1,1
2025-11-25T16:53:47.262509Z,embb,uesimtun0,30660,365,31204,374,,1,1
2025-11-25T16:53:47.262509Z,urllc,uesimtun1,30408,362,30952,371,,1,1
2025-11-25T16:53:47.262509Z,mmtc,uesimtun2,30324,361,30868,370,,1,1
2025-11-25T16:53:47.424748Z,embb,uesimtun0,30744,366,31288,375,,1,1
2025-11-25T16:53:47.424748Z,urllc,uesimtun1,30492,363,31036,372,,1,1
2025-11-25T16:53:47.424748Z,mmtc,uesimtun2,30408,362,30952,371,,1,1
2025-11-25T16:53:47.675112Z,embb,uesimtun0,30828,367,31372,376,,1,1
2025-11-25T16:53:47.675112Z,urllc,uesimtun1,30576,364,31120,373,,1,1
2025-11-25T16:53:47.675112Z,mmtc,uesimtun2,30492,363,31036,372,,1,1
2025-11-25T16:53:47.924764Z,embb,uesimtun0,30912,368,31456,377,,1,1
2025-11-25T16:53:47.924764Z,urllc,uesimtun1,30660,365,31204,374,,1,1
2025-11-25T16:53:47.924764Z,mmtc,uesimtun2,30576,364,31120,373,,1,1
2025-11-25T16:53:48.174859Z,embb,uesimtun0,30996,369,31540,378,,1,1
2025-11-25T16:53:48.174859Z,urllc,uesimtun1,30744,366,31288,375,,1,1
2025-11-25T16:53:48.174859Z,mmtc,uesimtun2,30660,365,31204,374,,1,1
2025-11-25T16:53:48.424909Z,embb,uesimtun0,31080,370,31624,379,,1,1
2025-11-25T16:53:48.424909Z,urllc,uesimtun1,30828,367,31372,376,,1,1
2025-11-25T16:53:48.424909Z,mmtc,uesimtun2,30744,366,31288,375,,1,1
2025-11-25T16:53:48.674658Z,embb,uesimtun0,31164,371,31708,380,,1,1
2025-11-25T16:53:48.674658Z,urllc,uesimtun1,30912,368,31456,377,,1,1
2025-11-25T16:53:48.674658Z,mmtc,uesimtun2,30828,367,31372,376,,1,1
2025-11-25T16:53:48.924982Z,embb,uesimtun0,31248,372,31792,381,,1,1
2025-11-25T16:53:48.924982Z,urllc,uesimtun1,30996,369,31540,378,,1,1
2025-11-25T16:53:48.924982Z,mmtc,uesimtun2,30912,368,31456,377,,1,1
2025-11-25T16:53:49.174653Z,embb,uesimtun0,31332,373,31876,382,,1,1
2025-11-25T16:53:49.174653Z,urllc,uesimtun1,31080,370,31624,379,,1,1
2025-11-25T16:53:49.174653Z,mmtc,uesimtun2,30996,369,31540,378,,1,1
2025-11-25T16:53:49.425175Z,embb,uesimtun0,31416,374,31960,383,,1,1
2025-11-25T16:53:49.425175Z,urllc,uesimtun1,31164,371,31708,380,,1,1
2025-11-25T16:53:49.425175Z,mmtc,uesimtun2,31080,370,31624,379,,1,1
2025-11-25T16:53:49.674751Z,embb,uesimtun0,31500,375,32044,384,,1,1
2025-11-25T16:53:49.674751Z,urllc,uesimtun1,31248,372,31792,381,,1,1
2025-11-25T16:53:49.674751Z,mmtc,uesimtun2,31164,371,31708,380,,1,1
2025-11-25T16:53:49.925106Z,embb,uesimtun0,31584,376,32128,385,,1,1
2025-11-25T16:53:49.925106Z,urllc,uesimtun1,31332,373,31876,382,,1,1
2025-11-25T16:53:49.925106Z,mmtc,uesimtun2,31248,372,31792,381,,1,1
2025-11-25T16:53:50.174698Z,embb,uesimtun0,31668,377,32212,386,,1,1
2025-11-25T16:53:50.174698Z,urllc,uesimtun1,31416,374,31960,383,,1,1
2025-11-25T16:53:50.174698Z,mmtc,uesimtun2,31332,373,31876,382,,1,1
2025-11-25T16:53:50.424613Z,embb,uesimtun0,31752,378,32296,387,,1,1
2025-11-25T16:53:50.424613Z,urllc,uesimtun1,31500,375,32044,384,,1,1
2025-11-25T16:53:50.424613Z,mmtc,uesimtun2,31416,374,31960,383,,1,1
2025-11-25T16:53:50.674858Z,embb,uesimtun0,31836,379,32380,388,,1,1
2025-11-25T16:53:50.674858Z,urllc,uesimtun1,31584,376,32128,385,,1,1
2025-11-25T16:53:50.674858Z,mmtc,uesimtun2,31500,375,32044,384,,1,1
2025-11-25T16:53:50.925115Z,embb,uesimtun0,31920,380,32464,389,,1,1
2025-11-25T16:53:50.925115Z,urllc,uesimtun1,31668,377,32212,386,,1,1
2025-11-25T16:53:50.925115Z,mmtc,uesimtun2,31584,376,32128,385,,1,1
2025-11-25T16:53:51.175367Z,embb,uesimtun0,32004,381,32548,390,,1,1
2025-11-25T16:53:51.175367Z,urllc,uesimtun1,31752,378,32296,387,,1,1
2025-11-25T16:53:51.175367Z,mmtc,uesimtun2,31668,377,32212,386,,1,1
2025-11-25T16:53:51.425091Z,embb,uesimtun0,32088,382,32632,391,,1,1
2025-11-25T16:53:51.425091Z,urllc,uesimtun1,31836,379,32380,388,,1,1
2025-11-25T16:53:51.425091Z,mmtc,uesimtun2,31752,378,32296,387,,1,1
2025-11-25T16:53:51.674945Z,embb,uesimtun0,32172,383,32716,392,,1,1
2025-11-25T16:53:51.674945Z,urllc,uesimtun1,31920,380,32464,389,,1,1
2025-11-25T16:53:51.674945Z,mmtc,uesimtun2,31836,379,32380,388,,1,1
2025-11-25T16:53:51.925260Z,embb,uesimtun0,32256,384,32800,393,,1,1
2025-11-25T16:53:51.925260Z,urllc,uesimtun1,32004,381,32548,390,,1,1
2025-11-25T16:53:51.925260Z,mmtc,uesimtun2,31920,380,32464,389,,1,1
2025-11-25T16:53:52.175293Z,embb,uesimtun0,32340,385,32884,394,,1,1
2025-11-25T16:53:52.175293Z,urllc,uesimtun1,32088,382,32632,391,,1,1
2025-11-25T16:53:52.175293Z,mmtc,uesimtun2,32004,381,32548,390,,1,1
2025-11-25T16:53:52.425195Z,embb,uesimtun0,32424,386,32968,395,,1,1
2025-11-25T16:53:52.425195Z,urllc,uesimtun1,32172,383,32716,392,,1,1
2025-11-25T16:53:52.425195Z,mmtc,uesimtun2,32088,382,32632,391,,1,1
2025-11-25T16:53:52.675034Z,embb,uesimtun0,32508,387,33052,396,,1,1
2025-11-25T16:53:52.675034Z,urllc,uesimtun1,32256,384,32800,393,,1,1
2025-11-25T16:53:52.675034Z,mmtc,uesimtun2,32172,383,32716,392,,1,1
2025-11-25T16:53:52.924541Z,embb,uesimtun0,32592,388,33136,397,,1,1
2025-11-25T16:53:52.924541Z,urllc,uesimtun1,32340,385,32884,394,,1,1
2025-11-25T16:53:52.924541Z,mmtc,uesimtun2,32256,384,32800,393,,1,1
2025-11-25T16:53:53.174952Z,embb,uesimtun0,32676,389,33220,398,,1,1
2025-11-25T16:53:53.174952Z,urllc,uesimtun1,32424,386,32968,395,,1,1
2025-11-25T16:53:53.174952Z,mmtc,uesimtun2,32340,385,32884,394,,1,1
2025-11-25T16:53:53.425242Z,embb,uesimtun0,32760,390,33304,399,,1,1
2025-11-25T16:53:53.425242Z,urllc,uesimtun1,32508,387,33052,396,,1,1
2025-11-25T16:53:53.425242Z,mmtc,uesimtun2,32424,386,32968,395,,1,1
2025-11-25T16:53:53.675093Z,embb,uesimtun0,32844,391,33388,400,,1,1
2025-11-25T16:53:53.675093Z,urllc,uesimtun1,32592,388,33136,397,,1,1
2025-11-25T16:53:53.675093Z,mmtc,uesimtun2,32508,387,33052,396,,1,1
2025-11-25T16:53:53.925112Z,embb,uesimtun0,32928,392,33472,401,,1,1
2025-11-25T16:53:53.925112Z,urllc,uesimtun1,32676,389,33220,398,,1,1
2025-11-25T16:53:53.925112Z,mmtc,uesimtun2,32592,388,33136,397,,1,1
2025-11-25T16:53:54.174702Z,embb,uesimtun0,33012,393,33556,402,,1,1
2025-11-25T16:53:54.174702Z,urllc,uesimtun1,32760,390,33304,399,,1,1
2025-11-25T16:53:54.174702Z,mmtc,uesimtun2,32676,389,33220,398,,1,1
2025-11-25T16:53:54.433915Z,embb,uesimtun0,33096,394,33640,403,,1,1
2025-11-25T16:53:54.433915Z,urllc,uesimtun1,32844,391,33388,400,,1,1
2025-11-25T16:53:54.433915Z,mmtc,uesimtun2,32760,390,33304,399,,1,1
2025-11-25T16:53:54.684835Z,embb,uesimtun0,33180,395,33724,404,,1,1
2025-11-25T16:53:54.684835Z,urllc,uesimtun1,32928,392,33472,401,,1,1
2025-11-25T16:53:54.684835Z,mmtc,uesimtun2,32844,391,33388,400,,1,1
2025-11-25T16:53:54.934512Z,embb,uesimtun0,33264,396,33808,405,,1,1
2025-11-25T16:53:54.934512Z,urllc,uesimtun1,33012,393,33556,402,,1,1
2025-11-25T16:53:54.934512Z,mmtc,uesimtun2,32928,392,33472,401,,1,1
2025-11-25T16:53:55.184303Z,embb,uesimtun0,33348,397,33892,406,,1,1
2025-11-25T16:53:55.184303Z,urllc,uesimtun1,33096,394,33640,403,,1,1
2025-11-25T16:53:55.184303Z,mmtc,uesimtun2,33012,393,33556,402,,1,1
2025-11-25T16:53:55.434404Z,embb,uesimtun0,33432,398,33976,407,,1,1
2025-11-25T16:53:55.434404Z,urllc,uesimtun1,33180,395,33724,404,,1,1
2025-11-25T16:53:55.434404Z,mmtc,uesimtun2,33096,394,33640,403,,1,1
2025-11-25T16:53:55.684619Z,embb,uesimtun0,33516,399,34060,408,,1,1
2025-11-25T16:53:55.684619Z,urllc,uesimtun1,33264,396,33808,405,,1,1
2025-11-25T16:53:55.684619Z,mmtc,uesimtun2,33180,395,33724,404,,1,1
2025-11-25T16:53:55.934393Z,embb,uesimtun0,33600,400,34144,409,,1,1
2025-11-25T16:53:55.934393Z,urllc,uesimtun1,33348,397,33892,406,,1,1
2025-11-25T16:53:55.934393Z,mmtc,uesimtun2,33264,396,33808,405,,1,1
2025-11-25T16:53:56.184106Z,embb,uesimtun0,33684,401,34228,410,,1,1
2025-11-25T16:53:56.184106Z,urllc,uesimtun1,33432,398,33976,407,,1,1
2025-11-25T16:53:56.184106Z,mmtc,uesimtun2,33348,397,33892,406,,1,1
2025-11-25T16:53:56.478001Z,embb,uesimtun0,33768,402,34312,411,,1,1
2025-11-25T16:53:56.478001Z,urllc,uesimtun1,33516,399,34060,408,,1,1
2025-11-25T16:53:56.478001Z,mmtc,uesimtun2,33432,398,33976,407,,1,1
2025-11-25T16:53:56.728511Z,embb,uesimtun0,33852,403,34396,412,,1,1
2025-11-25T16:53:56.728511Z,urllc,uesimtun1,33600,400,34144,409,,1,1
2025-11-25T16:53:56.728511Z,mmtc,uesimtun2,33516,399,34060,408,,1,1
2025-11-25T16:53:56.978565Z,embb,uesimtun0,33936,404,34480,413,,1,1
2025-11-25T16:53:56.978565Z,urllc,uesimtun1,33684,401,34228,410,,1,1
2025-11-25T16:53:56.978565Z,mmtc,uesimtun2,33600,400,34144,409,,1,1
2025-11-25T16:53:57.228281Z,embb,uesimtun0,34020,405,34564,414,,1,1
2025-11-25T16:53:57.228281Z,urllc,uesimtun1,33768,402,34312,411,,1,1
2025-11-25T16:53:57.228281Z,mmtc,uesimtun2,33684,401,34228,410,,1,1
2025-11-25T16:53:57.478794Z,embb,uesimtun0,34104,406,34648,415,,1,1
2025-11-25T16:53:57.478794Z,urllc,uesimtun1,33852,403,34396,412,,1,1
2025-11-25T16:53:57.478794Z,mmtc,uesimtun2,33768,402,34312,411,,1,1
2025-11-25T16:53:57.728455Z,embb,uesimtun0,34188,407,34732,416,,1,1
2025-11-25T16:53:57.728455Z,urllc,uesimtun1,33936,404,34480,413,,1,1
2025-11-25T16:53:57.728455Z,mmtc,uesimtun2,33852,403,34396,412,,1,1
2025-11-25T16:53:57.978494Z,embb,uesimtun0,34272,408,34816,417,,1,1
2025-11-25T16:53:57.978494Z,urllc,uesimtun1,34020,405,34564,414,,1,1
2025-11-25T16:53:57.978494Z,mmtc,uesimtun2,33936,404,34480,413,,1,1
2025-11-25T16:53:58.228160Z,embb,uesimtun0,34356,409,34900,418,,1,1
2025-11-25T16:53:58.228160Z,urllc,uesimtun1,34104,406,34648,415,,1,1
2025-11-25T16:53:58.228160Z,mmtc,uesimtun2,34020,405,34564,414,,1,1
2025-11-25T16:53:58.478866Z,embb,uesimtun0,34440,410,34984,419,,1,1
2025-11-25T16:53:58.478866Z,urllc,uesimtun1,34188,407,34732,416,,1,1
2025-11-25T16:53:58.478866Z,mmtc,uesimtun2,34104,406,34648,415,,1,1
2025-11-25T16:53:58.728622Z,embb,uesimtun0,34524,411,35068,420,,1,1
2025-11-25T16:53:58.728622Z,urllc,uesimtun1,34272,408,34816,417,,1,1
2025-11-25T16:53:58.728622Z,mmtc,uesimtun2,34188,407,34732,416,,1,1
2025-11-25T16:53:58.978313Z,embb,uesimtun0,34608,412,35152,421,,1,1
2025-11-25T16:53:58.978313Z,urllc,uesimtun1,34356,409,34900,418,,1,1
2025-11-25T16:53:58.978313Z,mmtc,uesimtun2,34272,408,34816,417,,1,1
2025-11-25T16:53:59.228153Z,embb,uesimtun0,34692,413,35236,422,,1,1
2025-11-25T16:53:59.228153Z,urllc,uesimtun1,34440,410,34984,419,,1,1
2025-11-25T16:53:59.228153Z,mmtc,uesimtun2,34356,409,34900,418,,1,1
2025-11-25T16:53:59.478826Z,embb,uesimtun0,34776,414,35320,423,,1,1
2025-11-25T16:53:59.478826Z,urllc,uesimtun1,34524,411,35068,420,,1,1
2025-11-25T16:53:59.478826Z,mmtc,uesimtun2,34440,410,34984,419,,1,1
2025-11-25T16:53:59.728351Z,embb,uesimtun0,34860,415,35404,424,,1,1
2025-11-25T16:53:59.728351Z,urllc,uesimtun1,34608,412,35152,421,,1,1
2025-11-25T16:53:59.728351Z,mmtc,uesimtun2,34524,411,35068,420,,1,1
2025-11-25T16:53:59.978648Z,embb,uesimtun0,34944,416,35488,425,,1,1
2025-11-25T16:53:59.978648Z,urllc,uesimtun1,34692,413,35236,422,,1,1
2025-11-25T16:53:59.978648Z,mmtc,uesimtun2,34608,412,35152,421,,1,1
2025-11-25T16:54:00.228296Z,embb,uesimtun0,35028,417,35572,426,,1,1
2025-11-25T16:54:00.228296Z,urllc,uesimtun1,34776,414,35320,423,,1,1
2025-11-25T16:54:00.228296Z,mmtc,uesimtun2,34692,413,35236,422,,1,1
2025-11-25T16:54:00.478342Z,embb,uesimtun0,35112,418,35656,427,,1,1
2025-11-25T16:54:00.478342Z,urllc,uesimtun1,34860,415,35404,424,,1,1
2025-11-25T16:54:00.478342Z,mmtc,uesimtun2,34776,414,35320,423,,1,1
2025-11-25T16:54:00.728662Z,embb,uesimtun0,35196,419,35740,428,,1,1
2025-11-25T16:54:00.728662Z,urllc,uesimtun1,34944,416,35488,425,,1,1
2025-11-25T16:54:00.728662Z,mmtc,uesimtun2,34860,415,35404,424,,1,1
2025-11-25T16:54:00.978574Z,embb,uesimtun0,35280,420,35824,429,,1,1
2025-11-25T16:54:00.978574Z,urllc,uesimtun1,35028,417,35572,426,,1,1
2025-11-25T16:54:00.978574Z,mmtc,uesimtun2,34944,416,35488,425,,1,1
2025-11-25T16:54:01.228335Z,embb,uesimtun0,35364,421,35908,430,,1,1
2025-11-25T16:54:01.228335Z,urllc,uesimtun1,35112,418,35656,427,,1,1
2025-11-25T16:54:01.228335Z,mmtc,uesimtun2,35028,417,35572,426,,1,1
2025-11-25T16:54:01.478300Z,embb,uesimtun0,35448,422,35992,431,,1,1
2025-11-25T16:54:01.478300Z,urllc,uesimtun1,35196,419,35740,428,,1,1
2025-11-25T16:54:01.478300Z,mmtc,uesimtun2,35112,418,35656,427,,1,1
2025-11-25T16:54:01.728910Z,embb,uesimtun0,35532,423,36076,432,,1,1
2025-11-25T16:54:01.728910Z,urllc,uesimtun1,35280,420,35824,429,,1,1
2025-11-25T16:54:01.728910Z,mmtc,uesimtun2,35196,419,35740,428,,1,1
2025-11-25T16:54:01.978493Z,embb,uesimtun0,35616,424,36160,433,,1,1
2025-11-25T16:54:01.978493Z,urllc,uesimtun1,35364,421,35908,430,,1,1
2025-11-25T16:54:01.978493Z,mmtc,uesimtun2,35280,420,35824,429,,1,1
2025-11-25T16:54:02.321870Z,embb,uesimtun0,35700,425,36244,434,,1,1
2025-11-25T16:54:02.321870Z,urllc,uesimtun1,35448,422,35992,431,,1,1
2025-11-25T16:54:02.321870Z,mmtc,uesimtun2,35364,421,35908,430,,1,1
2025-11-25T16:54:02.572670Z,embb,uesimtun0,35784,426,36328,435,,1,1
2025-11-25T16:54:02.572670Z,urllc,uesimtun1,35532,423,36076,432,,1,1
2025-11-25T16:54:02.572670Z,mmtc,uesimtun2,35448,422,35992,431,,1,1
2025-11-25T16:54:02.822322Z,embb,uesimtun0,35868,427,36412,436,,1,1
2025-11-25T16:54:02.822322Z,urllc,uesimtun1,35616,424,36160,433,,1,1
2025-11-25T16:54:02.822322Z,mmtc,uesimtun2,35532,423,36076,432,,1,1
2025-11-25T16:54:03.141392Z,embb,uesimtun0,35952,428,36496,437,,1,1
2025-11-25T16:54:03.141392Z,urllc,uesimtun1,35700,425,36244,434,,1,1
2025-11-25T16:54:03.141392Z,mmtc,uesimtun2,35616,424,36160,433,,1,1
2025-11-25T16:54:03.322101Z,embb,uesimtun0,36036,429,36580,438,,1,1
2025-11-25T16:54:03.322101Z,urllc,uesimtun1,35784,426,36328,435,,1,1
2025-11-25T16:54:03.322101Z,mmtc,uesimtun2,35700,425,36244,434,,1,1
2025-11-25T16:54:03.572173Z,embb,uesimtun0,36120,430,36664,439,,1,1
2025-11-25T16:54:03.572173Z,urllc,uesimtun1,35868,427,36412,436,,1,1
2025-11-25T16:54:03.572173Z,mmtc,uesimtun2,35784,426,36328,435,,1,1
2025-11-25T16:54:03.822365Z,embb,uesimtun0,36204,431,36748,440,,1,1
2025-11-25T16:54:03.822365Z,urllc,uesimtun1,35952,428,36496,437,,1,1
2025-11-25T16:54:03.822365Z,mmtc,uesimtun2,35868,427,36412,436,,1,1
2025-11-25T16:54:04.089113Z,embb,uesimtun0,36288,432,36832,441,,1,1
2025-11-25T16:54:04.089113Z,urllc,uesimtun1,36036,429,36580,438,,1,1
2025-11-25T16:54:04.089113Z,mmtc,uesimtun2,35952,428,36496,437,,1,1
2025-11-25T16:54:04.322039Z,embb,uesimtun0,36372,433,36916,442,,1,1
2025-11-25T16:54:04.322039Z,urllc,uesimtun1,36120,430,36664,439,,1,1
2025-11-25T16:54:04.322039Z,mmtc,uesimtun2,36036,429,36580,438,,1,1
2025-11-25T16:54:04.572065Z,embb,uesimtun0,36456,434,37000,443,,1,1
2025-11-25T16:54:04.572065Z,urllc,uesimtun1,36204,431,36748,440,,1,1
2025-11-25T16:54:04.572065Z,mmtc,uesimtun2,36120,430,36664,439,,1,1
2025-11-25T16:54:04.822481Z,embb,uesimtun0,36540,435,37084,444,,1,1
2025-11-25T16:54:04.822481Z,urllc,uesimtun1,36288,432,36832,441,,1,1
2025-11-25T16:54:04.822481Z,mmtc,uesimtun2,36204,431,36748,440,,1,1
2025-11-25T16:54:05.211420Z,embb,uesimtun0,36624,436,37168,445,,1,1
2025-11-25T16:54:05.211420Z,urllc,uesimtun1,36372,433,36916,442,,1,1
2025-11-25T16:54:05.211420Z,mmtc,uesimtun2,36288,432,36832,441,,1,1
2025-11-25T16:54:05.322510Z,embb,uesimtun0,36708,437,37252,446,,1,1
2025-11-25T16:54:05.322510Z,urllc,uesimtun1,36456,434,37000,443,,1,1
2025-11-25T16:54:05.322510Z,mmtc,uesimtun2,36372,433,36916,442,,1,1
2025-11-25T16:54:05.572086Z,embb,uesimtun0,36792,438,37336,447,,1,1
2025-11-25T16:54:05.572086Z,urllc,uesimtun1,36540,435,37084,444,,1,1
2025-11-25T16:54:05.572086Z,mmtc,uesimtun2,36456,434,37000,443,,1,1
2025-11-25T16:54:05.822429Z,embb,uesimtun0,36876,439,37420,448,,1,1
2025-11-25T16:54:05.822429Z,urllc,uesimtun1,36624,436,37168,445,,1,1
2025-11-25T16:54:05.822429Z,mmtc,uesimtun2,36540,435,37084,444,,1,1
2025-11-25T16:54:06.411621Z,embb,uesimtun0,36960,440,37504,449,,1,1
2025-11-25T16:54:06.411621Z,urllc,uesimtun1,36708,437,37252,446,,1,1
2025-11-25T16:54:06.411621Z,mmtc,uesimtun2,36624,436,37168,445,,1,1
2025-11-25T16:54:06.434415Z,embb,uesimtun0,37044,441,37588,450,,1,1
2025-11-25T16:54:06.434415Z,urllc,uesimtun1,36792,438,37336,447,,1,1
2025-11-25T16:54:06.434415Z,mmtc,uesimtun2,36708,437,37252,446,,1,1
2025-11-25T16:54:06.684952Z,embb,uesimtun0,37128,442,37672,451,,1,1
2025-11-25T16:54:06.684952Z,urllc,uesimtun1,36876,439,37420,448,,1,1
2025-11-25T16:54:06.684952Z,mmtc,uesimtun2,36792,438,37336,447,,1,1
2025-11-25T16:54:06.935294Z,embb,uesimtun0,37212,443,37756,452,,1,1
2025-11-25T16:54:06.935294Z,urllc,uesimtun1,36960,440,37504,449,,1,1
2025-11-25T16:54:06.935294Z,mmtc,uesimtun2,36876,439,37420,448,,1,1
2025-11-25T16:54:07.185344Z,embb,uesimtun0,37296,444,37840,453,,1,1
2025-11-25T16:54:07.185344Z,urllc,uesimtun1,37044,441,37588,450,,1,1
2025-11-25T16:54:07.185344Z,mmtc,uesimtun2,36960,440,37504,449,,1,1
2025-11-25T16:54:07.435099Z,embb,uesimtun0,37380,445,37924,454,,1,1
2025-11-25T16:54:07.435099Z,urllc,uesimtun1,37128,442,37672,451,,1,1
2025-11-25T16:54:07.435099Z,mmtc,uesimtun2,37044,441,37588,450,,1,1
2025-11-25T16:54:07.684810Z,embb,uesimtun0,37464,446,38008,455,,1,1
2025-11-25T16:54:07.684810Z,urllc,uesimtun1,37212,443,37756,452,,1,1
2025-11-25T16:54:07.684810Z,mmtc,uesimtun2,37128,442,37672,451,,1,1
2025-11-25T16:54:07.935123Z,embb,uesimtun0,37548,447,38092,456,,1,1
2025-11-25T16:54:07.935123Z,urllc,uesimtun1,37296,444,37840,453,,1,1
2025-11-25T16:54:07.935123Z,mmtc,uesimtun2,37212,443,37756,452,,1,1
2025-11-25T16:54:08.241961Z,embb,uesimtun0,37632,448,38176,457,,1,1
2025-11-25T16:54:08.241961Z,urllc,uesimtun1,37380,445,37924,454,,1,1
2025-11-25T16:54:08.241961Z,mmtc,uesimtun2,37296,444,37840,453,,1,1
2025-11-25T16:54:08.435132Z,embb,uesimtun0,37716,449,38260,458,,1,1
2025-11-25T16:54:08.435132Z,urllc,uesimtun1,37464,446,38008,455,,1,1
2025-11-25T16:54:08.435132Z,mmtc,uesimtun2,37380,445,37924,454,,1,1
2025-11-25T16:54:08.685332Z,embb,uesimtun0,37800,450,38344,459,,1,1
2025-11-25T16:54:08.685332Z,urllc,uesimtun1,37548,447,38092,456,,1,1
2025-11-25T16:54:08.685332Z,mmtc,uesimtun2,37464,446,38008,455,,1,1
2025-11-25T16:54:08.934939Z,embb,uesimtun0,37884,451,38428,460,,1,1
2025-11-25T16:54:08.934939Z,urllc,uesimtun1,37632,448,38176,457,,1,1
2025-11-25T16:54:08.934939Z,mmtc,uesimtun2,37548,447,38092,456,,1,1
2025-11-25T16:54:09.185138Z,embb,uesimtun0,37968,452,38512,461,,1,1
2025-11-25T16:54:09.185138Z,urllc,uesimtun1,37716,449,38260,458,,1,1
2025-11-25T16:54:09.185138Z,mmtc,uesimtun2,37632,448,38176,457,,1,1
2025-11-25T16:54:09.434655Z,embb,uesimtun0,38052,453,38596,462,,1,1
2025-11-25T16:54:09.434655Z,urllc,uesimtun1,37800,450,38344,459,,1,1
2025-11-25T16:54:09.434655Z,mmtc,uesimtun2,37716,449,38260,458,,1,1
2025-11-25T16:54:09.685082Z,embb,uesimtun0,38136,454,38680,463,,1,1
2025-11-25T16:54:09.685082Z,urllc,uesimtun1,37884,451,38428,460,,1,1
2025-11-25T16:54:09.685082Z,mmtc,uesimtun2,37800,450,38344,459,,1,1
2025-11-25T16:54:09.934745Z,embb,uesimtun0,38220,455,38764,464,,1,1
2025-11-25T16:54:09.934745Z,urllc,uesimtun1,37968,452,38512,461,,1,1
2025-11-25T16:54:09.934745Z,mmtc,uesimtun2,37884,451,38428,460,,1,1
2025-11-25T16:54:10.189039Z,embb,uesimtun0,38304,456,38848,465,,1,1
2025-11-25T16:54:10.189039Z,urllc,uesimtun1,38052,453,38596,462,,1,1
2025-11-25T16:54:10.189039Z,mmtc,uesimtun2,37968,452,38512,461,,1,1
2025-11-25T16:54:10.434836Z,embb,uesimtun0,38388,457,38932,466,,1,1
2025-11-25T16:54:10.434836Z,urllc,uesimtun1,38136,454,38680,463,,1,1
2025-11-25T16:54:10.434836Z,mmtc,uesimtun2,38052,453,38596,462,,1,1
2025-11-25T16:54:10.684686Z,embb,uesimtun0,38472,458,39016,467,,1,1
2025-11-25T16:54:10.684686Z,urllc,uesimtun1,38220,455,38764,464,,1,1
2025-11-25T16:54:10.684686Z,mmtc,uesimtun2,38136,454,38680,463,,1,1
2025-11-25T16:54:10.935130Z,embb,uesimtun0,38556,459,39100,468,,1,1
2025-11-25T16:54:10.935130Z,urllc,uesimtun1,38304,456,38896,466,,1,1
2025-11-25T16:54:10.935130Z,mmtc,uesimtun2,38220,455,38764,464,,1,1
2025-11-25T16:54:11.184844Z,embb,uesimtun0,38640,460,39184,469,,1,1
2025-11-25T16:54:11.184844Z,urllc,uesimtun1,38388,457,38980,467,,1,1
2025-11-25T16:54:11.184844Z,mmtc,uesimtun2,38304,456,38848,465,,1,1
2025-11-25T16:54:11.434670Z,embb,uesimtun0,38724,461,39268,470,,1,1
2025-11-25T16:54:11.434670Z,urllc,uesimtun1,38472,458,39064,468,,1,1
2025-11-25T16:54:11.434670Z,mmtc,uesimtun2,38388,457,38932,466,,1,1
2025-11-25T16:54:11.685190Z,embb,uesimtun0,38808,462,39352,471,,1,1
2025-11-25T16:54:11.685190Z,urllc,uesimtun1,38556,459,39148,469,,1,1
2025-11-25T16:54:11.685190Z,mmtc,uesimtun2,38472,458,39016,467,,1,1
2025-11-25T16:54:11.934855Z,embb,uesimtun0,38892,463,39436,472,,1,1
2025-11-25T16:54:11.934855Z,urllc,uesimtun1,38640,460,39232,470,,1,1
2025-11-25T16:54:11.934855Z,mmtc,uesimtun2,38556,459,39100,468,,1,1
2025-11-25T16:54:12.185111Z,embb,uesimtun0,38976,464,39520,473,,1,1
2025-11-25T16:54:12.185111Z,urllc,uesimtun1,38724,461,39316,471,,1,1
2025-11-25T16:54:12.185111Z,mmtc,uesimtun2,38640,460,39184,469,,1,1
2025-11-25T16:54:12.513842Z,embb,uesimtun0,39060,465,39604,474,,1,1
2025-11-25T16:54:12.513842Z,urllc,uesimtun1,38808,462,39400,472,,1,1
2025-11-25T16:54:12.513842Z,mmtc,uesimtun2,38724,461,39268,470,,1,1
2025-11-25T16:54:12.764260Z,embb,uesimtun0,39144,466,39688,475,,1,1
2025-11-25T16:54:12.764260Z,urllc,uesimtun1,38892,463,39484,473,,1,1
2025-11-25T16:54:12.764260Z,mmtc,uesimtun2,38808,462,39352,471,,1,1
2025-11-25T16:54:13.014751Z,embb,uesimtun0,39228,467,39772,476,,1,1
2025-11-25T16:54:13.014751Z,urllc,uesimtun1,38976,464,39568,474,,1,1
2025-11-25T16:54:13.014751Z,mmtc,uesimtun2,38892,463,39436,472,,1,1
2025-11-25T16:54:13.263957Z,embb,uesimtun0,39312,468,39856,477,,1,1
2025-11-25T16:54:13.263957Z,urllc,uesimtun1,39060,465,39652,475,,1,1
2025-11-25T16:54:13.263957Z,mmtc,uesimtun2,38976,464,39520,473,,1,1
2025-11-25T16:54:13.514377Z,embb,uesimtun0,39396,469,39940,478,,1,1
2025-11-25T16:54:13.514377Z,urllc,uesimtun1,39144,466,39736,476,,1,1
2025-11-25T16:54:13.514377Z,mmtc,uesimtun2,39060,465,39604,474,,1,1
2025-11-25T16:54:13.764148Z,embb,uesimtun0,39480,470,40024,479,,1,1
2025-11-25T16:54:13.764148Z,urllc,uesimtun1,39228,467,39820,477,,1,1
2025-11-25T16:54:13.764148Z,mmtc,uesimtun2,39144,466,39688,475,,1,1
2025-11-25T16:54:14.402005Z,embb,uesimtun0,39564,471,40108,480,,1,1
2025-11-25T16:54:14.402005Z,urllc,uesimtun1,39312,468,39904,478,,1,1
2025-11-25T16:54:14.402005Z,mmtc,uesimtun2,39228,467,39772,476,,1,1
2025-11-25T16:54:14.459741Z,embb,uesimtun0,39648,472,40192,481,,1,1
2025-11-25T16:54:14.459741Z,urllc,uesimtun1,39396,469,39988,479,,1,1
2025-11-25T16:54:14.459741Z,mmtc,uesimtun2,39312,468,39856,477,,1,1
2025-11-25T16:54:14.710365Z,embb,uesimtun0,39732,473,40276,482,,1,1
2025-11-25T16:54:14.710365Z,urllc,uesimtun1,39480,470,40072,480,,1,1
2025-11-25T16:54:14.710365Z,mmtc,uesimtun2,39396,469,39940,478,,1,1
2025-11-25T16:54:14.960047Z,embb,uesimtun0,39816,474,40360,483,,1,1
2025-11-25T16:54:14.960047Z,urllc,uesimtun1,39564,471,40156,481,,1,1
2025-11-25T16:54:14.960047Z,mmtc,uesimtun2,39480,470,40024,479,,1,1
2025-11-25T16:54:15.210156Z,embb,uesimtun0,39900,475,40444,484,,1,1
2025-11-25T16:54:15.210156Z,urllc,uesimtun1,39648,472,40240,482,,1,1
2025-11-25T16:54:15.210156Z,mmtc,uesimtun2,39564,471,40108,480,,1,1
2025-11-25T16:54:15.460441Z,embb,uesimtun0,39984,476,40528,485,,1,1
2025-11-25T16:54:15.460441Z,urllc,uesimtun1,39732,473,40324,483,,1,1
2025-11-25T16:54:15.460441Z,mmtc,uesimtun2,39648,472,40192,481,,1,1
2025-11-25T16:54:15.710100Z,embb,uesimtun0,40068,477,40612,486,,1,1
2025-11-25T16:54:15.710100Z,urllc,uesimtun1,39816,474,40408,484,,1,1
2025-11-25T16:54:15.710100Z,mmtc,uesimtun2,39732,473,40276,482,,1,1
2025-11-25T16:54:15.960414Z,embb,uesimtun0,40152,478,40696,487,,1,1
2025-11-25T16:54:15.960414Z,urllc,uesimtun1,39900,475,40492,485,,1,1
2025-11-25T16:54:15.960414Z,mmtc,uesimtun2,39816,474,40360,483,,1,1
2025-11-25T16:54:16.210398Z,embb,uesimtun0,40236,479,40780,488,,1,1
2025-11-25T16:54:16.210398Z,urllc,uesimtun1,39984,476,40576,486,,1,1
2025-11-25T16:54:16.210398Z,mmtc,uesimtun2,39900,475,40444,484,,1,1
2025-11-25T16:54:16.460409Z,embb,uesimtun0,40320,480,40864,489,,1,1
2025-11-25T16:54:16.460409Z,urllc,uesimtun1,40068,477,40660,487,,1,1
2025-11-25T16:54:16.460409Z,mmtc,uesimtun2,39984,476,40528,485,,1,1
2025-11-25T16:54:16.710389Z,embb,uesimtun0,40404,481,40948,490,,1,1
2025-11-25T16:54:16.710389Z,urllc,uesimtun1,40152,478,40744,488,,1,1
2025-11-25T16:54:16.710389Z,mmtc,uesimtun2,40068,477,40612,486,,1,1
2025-11-25T16:54:16.960055Z,embb,uesimtun0,40488,482,41032,491,,1,1
2025-11-25T16:54:16.960055Z,urllc,uesimtun1,40236,479,40828,489,,1,1
2025-11-25T16:54:16.960055Z,mmtc,uesimtun2,40152,478,40696,487,,1,1
2025-11-25T16:54:17.371372Z,embb,uesimtun0,40572,483,41116,492,,1,1
2025-11-25T16:54:17.371372Z,urllc,uesimtun1,40320,480,40912,490,,1,1
2025-11-25T16:54:17.371372Z,mmtc,uesimtun2,40236,479,40780,488,,1,1
2025-11-25T16:54:17.461205Z,embb,uesimtun0,40656,484,41200,493,,1,1
2025-11-25T16:54:17.461205Z,urllc,uesimtun1,40404,481,40996,491,,1,1
2025-11-25T16:54:17.461205Z,mmtc,uesimtun2,40320,480,40864,489,,1,1
2025-11-25T16:54:17.711592Z,embb,uesimtun0,40740,485,41284,494,,1,1
2025-11-25T16:54:17.711592Z,urllc,uesimtun1,40488,482,41080,492,,1,1
2025-11-25T16:54:17.711592Z,mmtc,uesimtun2,40404,481,40948,490,,1,1
2025-11-25T16:54:17.961916Z,embb,uesimtun0,40824,486,41368,495,,1,1
2025-11-25T16:54:17.961916Z,urllc,uesimtun1,40572,483,41164,493,,1,1
2025-11-25T16:54:17.961916Z,mmtc,uesimtun2,40488,482,41032,491,,1,1
2025-11-25T16:54:18.292544Z,embb,uesimtun0,40908,487,41452,496,,1,1
2025-11-25T16:54:18.292544Z,urllc,uesimtun1,40656,484,41248,494,,1,1
2025-11-25T16:54:18.292544Z,mmtc,uesimtun2,40572,483,41116,492,,1,1
2025-11-25T16:54:18.543091Z,embb,uesimtun0,40992,488,41536,497,,1,1
2025-11-25T16:54:18.543091Z,urllc,uesimtun1,40740,485,41332,495,,1,1
2025-11-25T16:54:18.543091Z,mmtc,uesimtun2,40656,484,41200,493,,1,1
2025-11-25T16:54:18.792790Z,embb,uesimtun0,41076,489,41620,498,,1,1
2025-11-25T16:54:18.792790Z,urllc,uesimtun1,40824,486,41416,496,,1,1
2025-11-25T16:54:18.792790Z,mmtc,uesimtun2,40740,485,41284,494,,1,1
2025-11-25T16:54:19.071185Z,embb,uesimtun0,41160,490,41752,500,,1,1
2025-11-25T16:54:19.071185Z,urllc,uesimtun1,40908,487,41500,497,,1,1
2025-11-25T16:54:19.071185Z,mmtc,uesimtun2,40824,486,41368,495,,1,1
2025-11-25T16:54:19.292670Z,embb,uesimtun0,41244,491,41836,501,,1,1
2025-11-25T16:54:19.292670Z,urllc,uesimtun1,40992,488,41584,498,,1,1
2025-11-25T16:54:19.292670Z,mmtc,uesimtun2,40908,487,41452,496,,1,1
2025-11-25T16:54:19.542833Z,embb,uesimtun0,41328,492,41920,502,,1,1
2025-11-25T16:54:19.542833Z,urllc,uesimtun1,41076,489,41668,499,,1,1
2025-11-25T16:54:19.542833Z,mmtc,uesimtun2,40992,488,41536,497,,1,1
2025-11-25T16:54:19.793198Z,embb,uesimtun0,41412,493,42004,503,,1,1
2025-11-25T16:54:19.793198Z,urllc,uesimtun1,41160,490,41752,500,,1,1
2025-11-25T16:54:19.793198Z,mmtc,uesimtun2,41076,489,41620,498,,1,1
2025-11-25T16:54:20.042812Z,embb,uesimtun0,41496,494,42088,504,,1,1
2025-11-25T16:54:20.042812Z,urllc,uesimtun1,41244,491,41836,501,,1,1
2025-11-25T16:54:20.042812Z,mmtc,uesimtun2,41160,490,41704,499,,1,1
2025-11-25T16:54:20.538411Z,embb,uesimtun0,41580,495,42172,505,,1,1
2025-11-25T16:54:20.538411Z,urllc,uesimtun1,41328,492,41920,502,,1,1
2025-11-25T16:54:20.538411Z,mmtc,uesimtun2,41244,491,41788,500,,1,1
2025-11-25T16:54:20.789250Z,embb,uesimtun0,41664,496,42256,506,,1,1
2025-11-25T16:54:20.789250Z,urllc,uesimtun1,41412,493,42004,503,,1,1
2025-11-25T16:54:20.789250Z,mmtc,uesimtun2,41328,492,41872,501,,1,1
2025-11-25T16:54:21.069404Z,embb,uesimtun0,41748,497,42340,507,,1,1
2025-11-25T16:54:21.069404Z,urllc,uesimtun1,41496,494,42088,504,,1,1
2025-11-25T16:54:21.069404Z,mmtc,uesimtun2,41412,493,41956,502,,1,1
2025-11-25T16:54:21.288879Z,embb,uesimtun0,41832,498,42424,508,,1,1
2025-11-25T16:54:21.288879Z,urllc,uesimtun1,41580,495,42172,505,,1,1
2025-11-25T16:54:21.288879Z,mmtc,uesimtun2,41496,494,42040,503,,1,1
2025-11-25T16:54:21.538948Z,embb,uesimtun0,41916,499,42508,509,,1,1
2025-11-25T16:54:21.538948Z,urllc,uesimtun1,41664,496,42256,506,,1,1
2025-11-25T16:54:21.538948Z,mmtc,uesimtun2,41580,495,42124,504,,1,1
2025-11-25T16:54:21.789272Z,embb,uesimtun0,42000,500,42592,510,,1,1
2025-11-25T16:54:21.789272Z,urllc,uesimtun1,41748,497,42340,507,,1,1
2025-11-25T16:54:21.789272Z,mmtc,uesimtun2,41664,496,42208,505,,1,1
2025-11-25T16:54:22.161324Z,embb,uesimtun0,42084,501,42676,511,,1,1
2025-11-25T16:54:22.161324Z,urllc,uesimtun1,41832,498,42424,508,,1,1
2025-11-25T16:54:22.161324Z,mmtc,uesimtun2,41748,497,42292,506,,1,1
2025-11-25T16:54:22.288724Z,embb,uesimtun0,42168,502,42760,512,,1,1
2025-11-25T16:54:22.288724Z,urllc,uesimtun1,41916,499,42508,509,,1,1
2025-11-25T16:54:22.288724Z,mmtc,uesimtun2,41832,498,42376,507,,1,1
2025-11-25T16:54:22.538680Z,embb,uesimtun0,42252,503,42844,513,,1,1
2025-11-25T16:54:22.538680Z,urllc,uesimtun1,42000,500,42592,510,,1,1
2025-11-25T16:54:22.538680Z,mmtc,uesimtun2,41916,499,42460,508,,1,1
2025-11-25T16:54:22.788807Z,embb,uesimtun0,42336,504,42928,514,,1,1
2025-11-25T16:54:22.788807Z,urllc,uesimtun1,42084,501,42676,511,,1,1
2025-11-25T16:54:22.788807Z,mmtc,uesimtun2,42000,500,42544,509,,1,1
2025-11-25T16:54:23.038700Z,embb,uesimtun0,42420,505,43012,515,,1,1
2025-11-25T16:54:23.038700Z,urllc,uesimtun1,42168,502,42760,512,,1,1
2025-11-25T16:54:23.038700Z,mmtc,uesimtun2,42084,501,42676,511,,1,1
2025-11-25T16:54:23.288899Z,embb,uesimtun0,42504,506,43096,516,,1,1
2025-11-25T16:54:23.288899Z,urllc,uesimtun1,42252,503,42844,513,,1,1
2025-11-25T16:54:23.288899Z,mmtc,uesimtun2,42168,502,42760,512,,1,1
2025-11-25T16:54:23.539107Z,embb,uesimtun0,42588,507,43180,517,,1,1
2025-11-25T16:54:23.539107Z,urllc,uesimtun1,42336,504,42928,514,,1,1
2025-11-25T16:54:23.539107Z,mmtc,uesimtun2,42252,503,42844,513,,1,1
2025-11-25T16:54:23.789042Z,embb,uesimtun0,42672,508,43264,518,,1,1
2025-11-25T16:54:23.789042Z,urllc,uesimtun1,42420,505,43012,515,,1,1
2025-11-25T16:54:23.789042Z,mmtc,uesimtun2,42336,504,42928,514,,1,1
2025-11-25T16:54:24.073043Z,embb,uesimtun0,42756,509,43348,519,,1,1
2025-11-25T16:54:24.073043Z,urllc,uesimtun1,42504,506,43096,516,,1,1
2025-11-25T16:54:24.073043Z,mmtc,uesimtun2,42420,505,43012,515,,1,1
2025-11-25T16:54:24.288580Z,embb,uesimtun0,42840,510,43432,520,,1,1
2025-11-25T16:54:24.288580Z,urllc,uesimtun1,42588,507,43180,517,,1,1
2025-11-25T16:54:24.288580Z,mmtc,uesimtun2,42504,506,43096,516,,1,1
2025-11-25T16:54:24.538872Z,embb,uesimtun0,42924,511,43516,521,,1,1
2025-11-25T16:54:24.538872Z,urllc,uesimtun1,42672,508,43264,518,,1,1
2025-11-25T16:54:24.538872Z,mmtc,uesimtun2,42588,507,43180,517,,1,1
2025-11-25T16:54:24.788754Z,embb,uesimtun0,43008,512,43600,522,,1,1
2025-11-25T16:54:24.788754Z,urllc,uesimtun1,42756,509,43348,519,,1,1
2025-11-25T16:54:24.788754Z,mmtc,uesimtun2,42672,508,43264,518,,1,1
2025-11-25T16:54:25.038551Z,embb,uesimtun0,43092,513,43684,523,,1,1
2025-11-25T16:54:25.038551Z,urllc,uesimtun1,42840,510,43432,520,,1,1
2025-11-25T16:54:25.038551Z,mmtc,uesimtun2,42756,509,43348,519,,1,1
2025-11-25T16:54:25.289045Z,embb,uesimtun0,43176,514,43768,524,,1,1
2025-11-25T16:54:25.289045Z,urllc,uesimtun1,42924,511,43516,521,,1,1
2025-11-25T16:54:25.289045Z,mmtc,uesimtun2,42840,510,43432,520,,1,1
2025-11-25T16:54:25.538697Z,embb,uesimtun0,43260,515,43852,525,,1,1
2025-11-25T16:54:25.538697Z,urllc,uesimtun1,43008,512,43600,522,,1,1
2025-11-25T16:54:25.538697Z,mmtc,uesimtun2,42924,511,43516,521,,1,1
2025-11-25T16:54:25.788758Z,embb,uesimtun0,43344,516,43936,526,,1,1
2025-11-25T16:54:25.788758Z,urllc,uesimtun1,43092,513,43684,523,,1,1
2025-11-25T16:54:25.788758Z,mmtc,uesimtun2,43008,512,43600,522,,1,1
2025-11-25T16:54:26.038730Z,embb,uesimtun0,43428,517,44020,527,,1,1
2025-11-25T16:54:26.038730Z,urllc,uesimtun1,43176,514,43768,524,,1,1
2025-11-25T16:54:26.038730Z,mmtc,uesimtun2,43092,513,43684,523,,1,1
2025-11-25T16:54:26.288496Z,embb,uesimtun0,43512,518,44104,528,,1,1
2025-11-25T16:54:26.288496Z,urllc,uesimtun1,43260,515,43852,525,,1,1
2025-11-25T16:54:26.288496Z,mmtc,uesimtun2,43176,514,43768,524,,1,1
2025-11-25T16:54:26.539304Z,embb,uesimtun0,43596,519,44188,529,,1,1
2025-11-25T16:54:26.539304Z,urllc,uesimtun1,43344,516,43936,526,,1,1
2025-11-25T16:54:26.539304Z,mmtc,uesimtun2,43260,515,43852,525,,1,1
2025-11-25T16:54:26.788974Z,embb,uesimtun0,43680,520,44272,530,,1,1
2025-11-25T16:54:26.788974Z,urllc,uesimtun1,43428,517,44020,527,,1,1
2025-11-25T16:54:26.788974Z,mmtc,uesimtun2,43344,516,43936,526,,1,1
2025-11-25T16:54:27.038954Z,embb,uesimtun0,43764,521,44356,531,,1,1
2025-11-25T16:54:27.038954Z,urllc,uesimtun1,43512,518,44104,528,,1,1
2025-11-25T16:54:27.038954Z,mmtc,uesimtun2,43428,517,44020,527,,1,1
2025-11-25T16:54:27.289010Z,embb,uesimtun0,43848,522,44440,532,,1,1
2025-11-25T16:54:27.289010Z,urllc,uesimtun1,43596,519,44188,529,,1,1
2025-11-25T16:54:27.289010Z,mmtc,uesimtun2,43512,518,44104,528,,1,1
2025-11-25T16:54:27.538802Z,embb,uesimtun0,43932,523,44524,533,,1,1
2025-11-25T16:54:27.538802Z,urllc,uesimtun1,43680,520,44272,530,,1,1
2025-11-25T16:54:27.538802Z,mmtc,uesimtun2,43596,519,44188,529,,1,1
2025-11-25T16:54:27.789117Z,embb,uesimtun0,44016,524,44608,534,,1,1
2025-11-25T16:54:27.789117Z,urllc,uesimtun1,43764,521,44356,531,,1,1
2025-11-25T16:54:27.789117Z,mmtc,uesimtun2,43680,520,44272,530,,1,1
2025-11-25T16:54:28.038502Z,embb,uesimtun0,44100,525,44692,535,,1,1
2025-11-25T16:54:28.038502Z,urllc,uesimtun1,43848,522,44440,532,,1,1
2025-11-25T16:54:28.038502Z,mmtc,uesimtun2,43764,521,44356,531,,1,1
2025-11-25T16:54:28.288747Z,embb,uesimtun0,44184,526,44776,536,,1,1
2025-11-25T16:54:28.288747Z,urllc,uesimtun1,43932,523,44524,533,,1,1
2025-11-25T16:54:28.288747Z,mmtc,uesimtun2,43848,522,44440,532,,1,1
2025-11-25T16:54:28.539181Z,embb,uesimtun0,44268,527,44860,537,,1,1
2025-11-25T16:54:28.539181Z,urllc,uesimtun1,44016,524,44608,534,,1,1
2025-11-25T16:54:28.539181Z,mmtc,uesimtun2,43932,523,44524,533,,1,1
2025-11-25T16:54:28.789000Z,embb,uesimtun0,44352,528,44944,538,,1,1
2025-11-25T16:54:28.789000Z,urllc,uesimtun1,44100,525,44692,535,,1,1
2025-11-25T16:54:28.789000Z,mmtc,uesimtun2,44016,524,44608,534,,1,1
2025-11-25T16:54:29.038802Z,embb,uesimtun0,44436,529,45028,539,,1,1
2025-11-25T16:54:29.038802Z,urllc,uesimtun1,44184,526,44776,536,,1,1
2025-11-25T16:54:29.038802Z,mmtc,uesimtun2,44100,525,44692,535,,1,1
2025-11-25T16:54:29.288925Z,embb,uesimtun0,44520,530,45112,540,,1,1
2025-11-25T16:54:29.288925Z,urllc,uesimtun1,44268,527,44860,537,,1,1
2025-11-25T16:54:29.288925Z,mmtc,uesimtun2,44184,526,44776,536,,1,1
2025-11-25T16:54:29.538620Z,embb,uesimtun0,44604,531,45196,541,,1,1
2025-11-25T16:54:29.538620Z,urllc,uesimtun1,44352,528,44944,538,,1,1
2025-11-25T16:54:29.538620Z,mmtc,uesimtun2,44268,527,44860,537,,1,1
2025-11-25T16:54:29.788798Z,embb,uesimtun0,44688,532,45280,542,,1,1
2025-11-25T16:54:29.788798Z,urllc,uesimtun1,44436,529,45028,539,,1,1
2025-11-25T16:54:29.788798Z,mmtc,uesimtun2,44352,528,44944,538,,1,1
2025-11-25T16:54:30.038706Z,embb,uesimtun0,44772,533,45364,543,,1,1
2025-11-25T16:54:30.038706Z,urllc,uesimtun1,44520,530,45112,540,,1,1
2025-11-25T16:54:30.038706Z,mmtc,uesimtun2,44436,529,45028,539,,1,1
2025-11-25T16:54:30.433932Z,embb,uesimtun0,44856,534,45448,544,,1,1
2025-11-25T16:54:30.433932Z,urllc,uesimtun1,44604,531,45196,541,,1,1
2025-11-25T16:54:30.433932Z,mmtc,uesimtun2,44520,530,45112,540,,1,1
2025-11-25T16:54:30.684691Z,embb,uesimtun0,44940,535,45532,545,,1,1
2025-11-25T16:54:30.684691Z,urllc,uesimtun1,44688,532,45280,542,,1,1
2025-11-25T16:54:30.684691Z,mmtc,uesimtun2,44604,531,45196,541,,1,1
2025-11-25T16:54:30.934530Z,embb,uesimtun0,45024,536,45616,546,,1,1
2025-11-25T16:54:30.934530Z,urllc,uesimtun1,44772,533,45364,543,,1,1
2025-11-25T16:54:30.934530Z,mmtc,uesimtun2,44688,532,45280,542,,1,1
2025-11-25T16:54:31.184469Z,embb,uesimtun0,45108,537,45700,547,,1,1
2025-11-25T16:54:31.184469Z,urllc,uesimtun1,44856,534,45448,544,,1,1
2025-11-25T16:54:31.184469Z,mmtc,uesimtun2,44772,533,45364,543,,1,1
2025-11-25T16:54:31.434536Z,embb,uesimtun0,45192,538,45784,548,,1,1
2025-11-25T16:54:31.434536Z,urllc,uesimtun1,44940,535,45532,545,,1,1
2025-11-25T16:54:31.434536Z,mmtc,uesimtun2,44856,534,45448,544,,1,1
2025-11-25T16:54:31.684375Z,embb,uesimtun0,45276,539,45868,549,,1,1
2025-11-25T16:54:31.684375Z,urllc,uesimtun1,45024,536,45616,546,,1,1
2025-11-25T16:54:31.684375Z,mmtc,uesimtun2,44940,535,45532,545,,1,1
2025-11-25T16:54:31.933977Z,embb,uesimtun0,45360,540,45952,550,,1,1
2025-11-25T16:54:31.933977Z,urllc,uesimtun1,45108,537,45700,547,,1,1
2025-11-25T16:54:31.933977Z,mmtc,uesimtun2,45024,536,45616,546,,1,1
2025-11-25T16:54:32.184275Z,embb,uesimtun0,45444,541,46036,551,,1,1
2025-11-25T16:54:32.184275Z,urllc,uesimtun1,45192,538,45784,548,,1,1
2025-11-25T16:54:32.184275Z,mmtc,uesimtun2,45108,537,45700,547,,1,1
2025-11-25T16:54:32.434603Z,embb,uesimtun0,45528,542,46120,552,,1,1
2025-11-25T16:54:32.434603Z,urllc,uesimtun1,45276,539,45868,549,,1,1
2025-11-25T16:54:32.434603Z,mmtc,uesimtun2,45192,538,45784,548,,1,1
2025-11-25T16:54:32.684595Z,embb,uesimtun0,45612,543,46204,553,,1,1
2025-11-25T16:54:32.684595Z,urllc,uesimtun1,45360,540,45952,550,,1,1
2025-11-25T16:54:32.684595Z,mmtc,uesimtun2,45276,539,45868,549,,1,1
2025-11-25T16:54:32.934260Z,embb,uesimtun0,45696,544,46288,554,,1,1
2025-11-25T16:54:32.934260Z,urllc,uesimtun1,45444,541,46036,551,,1,1
2025-11-25T16:54:32.934260Z,mmtc,uesimtun2,45360,540,45952,550,,1,1
2025-11-25T16:54:33.184581Z,embb,uesimtun0,45780,545,46372,555,,1,1
2025-11-25T16:54:33.184581Z,urllc,uesimtun1,45528,542,46120,552,,1,1
2025-11-25T16:54:33.184581Z,mmtc,uesimtun2,45444,541,46036,551,,1,1
2025-11-25T16:54:33.434672Z,embb,uesimtun0,45864,546,46456,556,,1,1
2025-11-25T16:54:33.434672Z,urllc,uesimtun1,45612,543,46204,553,,1,1
2025-11-25T16:54:33.434672Z,mmtc,uesimtun2,45528,542,46120,552,,1,1
2025-11-25T16:54:33.684536Z,embb,uesimtun0,45948,547,46540,557,,1,1
2025-11-25T16:54:33.684536Z,urllc,uesimtun1,45696,544,46288,554,,1,1
2025-11-25T16:54:33.684536Z,mmtc,uesimtun2,45612,543,46204,553,,1,1
2025-11-25T16:54:33.934227Z,embb,uesimtun0,46032,548,46624,558,,1,1
2025-11-25T16:54:33.934227Z,urllc,uesimtun1,45780,545,46372,555,,1,1
2025-11-25T16:54:33.934227Z,mmtc,uesimtun2,45696,544,46288,554,,1,1
2025-11-25T16:54:34.184326Z,embb,uesimtun0,46116,549,46708,559,,1,1
2025-11-25T16:54:34.184326Z,urllc,uesimtun1,45864,546,46456,556,,1,1
2025-11-25T16:54:34.184326Z,mmtc,uesimtun2,45780,545,46372,555,,1,1
2025-11-25T16:54:34.434602Z,embb,uesimtun0,46200,550,46792,560,,1,1
2025-11-25T16:54:34.434602Z,urllc,uesimtun1,45948,547,46540,557,,1,1
2025-11-25T16:54:34.434602Z,mmtc,uesimtun2,45864,546,46456,556,,1,1
2025-11-25T16:54:34.684176Z,embb,uesimtun0,46284,551,46876,561,,1,1
2025-11-25T16:54:34.684176Z,urllc,uesimtun1,46032,548,46624,558,,1,1
2025-11-25T16:54:34.684176Z,mmtc,uesimtun2,45948,547,46540,557,,1,1
2025-11-25T16:54:34.934533Z,embb,uesimtun0,46368,552,46960,562,,1,1
2025-11-25T16:54:34.934533Z,urllc,uesimtun1,46116,549,46708,559,,1,1
2025-11-25T16:54:34.934533Z,mmtc,uesimtun2,46032,548,46624,558,,1,1
2025-11-25T16:54:35.184331Z,embb,uesimtun0,46452,553,47044,563,,1,1
2025-11-25T16:54:35.184331Z,urllc,uesimtun1,46200,550,46792,560,,1,1
2025-11-25T16:54:35.184331Z,mmtc,uesimtun2,46116,549,46708,559,,1,1
2025-11-25T16:54:35.434586Z,embb,uesimtun0,46536,554,47128,564,,1,1
2025-11-25T16:54:35.434586Z,urllc,uesimtun1,46284,551,46876,561,,1,1
2025-11-25T16:54:35.434586Z,mmtc,uesimtun2,46200,550,46792,560,,1,1
2025-11-25T16:54:35.684454Z,embb,uesimtun0,46620,555,47212,565,,1,1
2025-11-25T16:54:35.684454Z,urllc,uesimtun1,46368,552,46960,562,,1,1
2025-11-25T16:54:35.684454Z,mmtc,uesimtun2,46284,551,46876,561,,1,1
2025-11-25T16:54:35.934763Z,embb,uesimtun0,46704,556,47296,566,,1,1
2025-11-25T16:54:35.934763Z,urllc,uesimtun1,46452,553,47044,563,,1,1
2025-11-25T16:54:35.934763Z,mmtc,uesimtun2,46368,552,46960,562,,1,1
2025-11-25T16:54:36.184552Z,embb,uesimtun0,46788,557,47380,567,,1,1
2025-11-25T16:54:36.184552Z,urllc,uesimtun1,46536,554,47128,564,,1,1
2025-11-25T16:54:36.184552Z,mmtc,uesimtun2,46452,553,47044,563,,1,1
2025-11-25T16:54:36.434566Z,embb,uesimtun0,46872,558,47464,568,,1,1
2025-11-25T16:54:36.434566Z,urllc,uesimtun1,46620,555,47212,565,,1,1
2025-11-25T16:54:36.434566Z,mmtc,uesimtun2,46536,554,47128,564,,1,1
2025-11-25T16:54:36.684262Z,embb,uesimtun0,46956,559,47548,569,,1,1
2025-11-25T16:54:36.684262Z,urllc,uesimtun1,46704,556,47296,566,,1,1
2025-11-25T16:54:36.684262Z,mmtc,uesimtun2,46620,555,47212,565,,1,1
2025-11-25T16:54:36.934606Z,embb,uesimtun0,47040,560,47632,570,,1,1
2025-11-25T16:54:36.934606Z,urllc,uesimtun1,46788,557,47380,567,,1,1
2025-11-25T16:54:36.934606Z,mmtc,uesimtun2,46704,556,47296,566,,1,1
2025-11-25T16:54:37.184461Z,embb,uesimtun0,47124,561,47716,571,,1,1
2025-11-25T16:54:37.184461Z,urllc,uesimtun1,46872,558,47464,568,,1,1
2025-11-25T16:54:37.184461Z,mmtc,uesimtun2,46788,557,47380,567,,1,1
2025-11-25T16:54:37.434386Z,embb,uesimtun0,47208,562,47800,572,,1,1
2025-11-25T16:54:37.434386Z,urllc,uesimtun1,46956,559,47548,569,,1,1
2025-11-25T16:54:37.434386Z,mmtc,uesimtun2,46872,558,47464,568,,1,1
2025-11-25T16:54:37.684403Z,embb,uesimtun0,47292,563,47884,573,,1,1
2025-11-25T16:54:37.684403Z,urllc,uesimtun1,47040,560,47632,570,,1,1
2025-11-25T16:54:37.684403Z,mmtc,uesimtun2,46956,559,47548,569,,1,1
2025-11-25T16:54:37.934439Z,embb,uesimtun0,47376,564,47968,574,,1,1
2025-11-25T16:54:37.934439Z,urllc,uesimtun1,47124,561,47716,571,,1,1
2025-11-25T16:54:37.934439Z,mmtc,uesimtun2,47040,560,47632,570,,1,1
2025-11-25T16:54:38.183974Z,embb,uesimtun0,47460,565,48052,575,,1,1
2025-11-25T16:54:38.183974Z,urllc,uesimtun1,47208,562,47800,572,,1,1
2025-11-25T16:54:38.183974Z,mmtc,uesimtun2,47124,561,47716,571,,1,1
2025-11-25T16:54:38.434609Z,embb,uesimtun0,47544,566,48136,576,,1,1
2025-11-25T16:54:38.434609Z,urllc,uesimtun1,47292,563,47884,573,,1,1
2025-11-25T16:54:38.434609Z,mmtc,uesimtun2,47208,562,47800,572,,1,1
2025-11-25T16:54:38.684252Z,embb,uesimtun0,47628,567,48220,577,,1,1
2025-11-25T16:54:38.684252Z,urllc,uesimtun1,47376,564,47968,574,,1,1
2025-11-25T16:54:38.684252Z,mmtc,uesimtun2,47292,563,47884,573,,1,1
2025-11-25T16:54:38.934810Z,embb,uesimtun0,47712,568,48304,578,,1,1
2025-11-25T16:54:38.934810Z,urllc,uesimtun1,47460,565,48052,575,,1,1
2025-11-25T16:54:38.934810Z,mmtc,uesimtun2,47376,564,47968,574,,1,1
2025-11-25T16:54:39.184521Z,embb,uesimtun0,47796,569,48388,579,,1,1
2025-11-25T16:54:39.184521Z,urllc,uesimtun1,47544,566,48136,576,,1,1
2025-11-25T16:54:39.184521Z,mmtc,uesimtun2,47460,565,48052,575,,1,1
2025-11-25T16:54:39.434573Z,embb,uesimtun0,47880,570,48472,580,,1,1
2025-11-25T16:54:39.434573Z,urllc,uesimtun1,47628,567,48220,577,,1,1
2025-11-25T16:54:39.434573Z,mmtc,uesimtun2,47544,566,48136,576,,1,1
2025-11-25T16:54:39.684295Z,embb,uesimtun0,47964,571,48556,581,,1,1
2025-11-25T16:54:39.684295Z,urllc,uesimtun1,47712,568,48304,578,,1,1
2025-11-25T16:54:39.684295Z,mmtc,uesimtun2,47628,567,48220,577,,1,1
2025-11-25T16:54:39.934625Z,embb,uesimtun0,48048,572,48640,582,,1,1
2025-11-25T16:54:39.934625Z,urllc,uesimtun1,47796,569,48388,579,,1,1
2025-11-25T16:54:39.934625Z,mmtc,uesimtun2,47712,568,48304,578,,1,1
2025-11-25T16:54:40.184499Z,embb,uesimtun0,48132,573,48724,583,,1,1
2025-11-25T16:54:40.184499Z,urllc,uesimtun1,47880,570,48472,580,,1,1
2025-11-25T16:54:40.184499Z,mmtc,uesimtun2,47796,569,48388,579,,1,1
2025-11-25T16:54:40.434405Z,embb,uesimtun0,48216,574,48808,584,,1,1
2025-11-25T16:54:40.434405Z,urllc,uesimtun1,47964,571,48556,581,,1,1
2025-11-25T16:54:40.434405Z,mmtc,uesimtun2,47880,570,48472,580,,1,1
2025-11-25T16:54:40.684214Z,embb,uesimtun0,48300,575,48892,585,,1,1
2025-11-25T16:54:40.684214Z,urllc,uesimtun1,48048,572,48640,582,,1,1
2025-11-25T16:54:40.684214Z,mmtc,uesimtun2,47964,571,48556,581,,1,1
2025-11-25T16:54:40.933984Z,embb,uesimtun0,48384,576,48976,586,,1,1
2025-11-25T16:54:40.933984Z,urllc,uesimtun1,48132,573,48724,583,,1,1
2025-11-25T16:54:40.933984Z,mmtc,uesimtun2,48048,572,48640,582,,1,1
2025-11-25T16:54:41.222318Z,embb,uesimtun0,48468,577,49060,587,,1,1
2025-11-25T16:54:41.222318Z,urllc,uesimtun1,48216,574,48808,584,,1,1
2025-11-25T16:54:41.222318Z,mmtc,uesimtun2,48132,573,48724,583,,1,1
2025-11-25T16:54:41.436824Z,embb,uesimtun0,48552,578,49144,588,,1,1
2025-11-25T16:54:41.436824Z,urllc,uesimtun1,48300,575,48892,585,,1,1
2025-11-25T16:54:41.436824Z,mmtc,uesimtun2,48216,574,48808,584,,1,1
2025-11-25T16:54:41.684542Z,embb,uesimtun0,48636,579,49228,589,,1,1
2025-11-25T16:54:41.684542Z,urllc,uesimtun1,48384,576,48976,586,,1,1
2025-11-25T16:54:41.684542Z,mmtc,uesimtun2,48300,575,48892,585,,1,1
2025-11-25T16:54:41.934216Z,embb,uesimtun0,48720,580,49312,590,,1,1
2025-11-25T16:54:41.934216Z,urllc,uesimtun1,48468,577,49060,587,,1,1
2025-11-25T16:54:41.934216Z,mmtc,uesimtun2,48384,576,48976,586,,1,1
2025-11-25T16:54:42.184338Z,embb,uesimtun0,48804,581,49396,591,,1,1
2025-11-25T16:54:42.184338Z,urllc,uesimtun1,48552,578,49144,588,,1,1
2025-11-25T16:54:42.184338Z,mmtc,uesimtun2,48468,577,49060,587,,1,1
2025-11-25T16:54:42.434599Z,embb,uesimtun0,48888,582,49480,592,,1,1
2025-11-25T16:54:42.434599Z,urllc,uesimtun1,48636,579,49228,589,,1,1
2025-11-25T16:54:42.434599Z,mmtc,uesimtun2,48552,578,49144,588,,1,1
2025-11-25T16:54:42.684286Z,embb,uesimtun0,48972,583,49564,593,,1,1
2025-11-25T16:54:42.684286Z,urllc,uesimtun1,48720,580,49312,590,,1,1
2025-11-25T16:54:42.684286Z,mmtc,uesimtun2,48636,579,49228,589,,1,1
2025-11-25T16:54:42.934609Z,embb,uesimtun0,49056,584,49648,594,,1,1
2025-11-25T16:54:42.934609Z,urllc,uesimtun1,48804,581,49396,591,,1,1
2025-11-25T16:54:42.934609Z,mmtc,uesimtun2,48720,580,49312,590,,1,1
2025-11-25T16:54:43.184560Z,embb,uesimtun0,49140,585,49732,595,,1,1
2025-11-25T16:54:43.184560Z,urllc,uesimtun1,48888,582,49480,592,,1,1
2025-11-25T16:54:43.184560Z,mmtc,uesimtun2,48804,581,49396,591,,1,1
2025-11-25T16:54:43.433976Z,embb,uesimtun0,49224,586,49816,596,,1,1
2025-11-25T16:54:43.433976Z,urllc,uesimtun1,48972,583,49564,593,,1,1
2025-11-25T16:54:43.433976Z,mmtc,uesimtun2,48888,582,49480,592,,1,1
2025-11-25T16:54:43.684493Z,embb,uesimtun0,49308,587,49900,597,,1,1
2025-11-25T16:54:43.684493Z,urllc,uesimtun1,49056,584,49648,594,,1,1
2025-11-25T16:54:43.684493Z,mmtc,uesimtun2,48972,583,49564,593,,1,1
2025-11-25T16:54:43.934862Z,embb,uesimtun0,49392,588,49984,598,,1,1
2025-11-25T16:54:43.934862Z,urllc,uesimtun1,49140,585,49732,595,,1,1
2025-11-25T16:54:43.934862Z,mmtc,uesimtun2,49056,584,49648,594,,1,1
2025-11-25T16:54:44.184373Z,embb,uesimtun0,49476,589,50068,599,,1,1
2025-11-25T16:54:44.184373Z,urllc,uesimtun1,49224,586,49816,596,,1,1
2025-11-25T16:54:44.184373Z,mmtc,uesimtun2,49140,585,49732,595,,1,1
2025-11-25T16:54:44.434865Z,embb,uesimtun0,49560,590,50152,600,,1,1
2025-11-25T16:54:44.434865Z,urllc,uesimtun1,49308,587,49900,597,,1,1
2025-11-25T16:54:44.434865Z,mmtc,uesimtun2,49224,586,49816,596,,1,1
2025-11-25T16:54:44.684507Z,embb,uesimtun0,49644,591,50236,601,,1,1
2025-11-25T16:54:44.684507Z,urllc,uesimtun1,49392,588,49984,598,,1,1
2025-11-25T16:54:44.684507Z,mmtc,uesimtun2,49308,587,49900,597,,1,1
2025-11-25T16:54:44.934831Z,embb,uesimtun0,49728,592,50320,602,,1,1
2025-11-25T16:54:44.934831Z,urllc,uesimtun1,49476,589,50068,599,,1,1
2025-11-25T16:54:44.934831Z,mmtc,uesimtun2,49392,588,49984,598,,1,1
2025-11-25T16:54:45.184835Z,embb,uesimtun0,49812,593,50404,603,,1,1
2025-11-25T16:54:45.184835Z,urllc,uesimtun1,49560,590,50152,600,,1,1
2025-11-25T16:54:45.184835Z,mmtc,uesimtun2,49476,589,50068,599,,1,1
2025-11-25T16:54:45.434578Z,embb,uesimtun0,49896,594,50488,604,,1,1
2025-11-25T16:54:45.434578Z,urllc,uesimtun1,49644,591,50236,601,,1,1
2025-11-25T16:54:45.434578Z,mmtc,uesimtun2,49560,590,50152,600,,1,1
2025-11-25T16:54:45.684463Z,embb,uesimtun0,49980,595,50572,605,,1,1
2025-11-25T16:54:45.684463Z,urllc,uesimtun1,49728,592,50320,602,,1,1
2025-11-25T16:54:45.684463Z,mmtc,uesimtun2,49644,591,50236,601,,1,1
2025-11-25T16:54:45.934793Z,embb,uesimtun0,50064,596,50656,606,,1,1
2025-11-25T16:54:45.934793Z,urllc,uesimtun1,49812,593,50404,603,,1,1
2025-11-25T16:54:45.934793Z,mmtc,uesimtun2,49728,592,50320,602,,1,1
2025-11-25T16:54:46.184672Z,embb,uesimtun0,50148,597,50740,607,,1,1
2025-11-25T16:54:46.184672Z,urllc,uesimtun1,49896,594,50488,604,,1,1
2025-11-25T16:54:46.184672Z,mmtc,uesimtun2,49812,593,50404,603,,1,1
2025-11-25T16:54:46.434633Z,embb,uesimtun0,50232,598,50824,608,,1,1
2025-11-25T16:54:46.434633Z,urllc,uesimtun1,49980,595,50572,605,,1,1
2025-11-25T16:54:46.434633Z,mmtc,uesimtun2,49896,594,50488,604,,1,1
2025-11-25T16:54:46.684638Z,embb,uesimtun0,50316,599,50908,609,,1,1
2025-11-25T16:54:46.684638Z,urllc,uesimtun1,50064,596,50656,606,,1,1
2025-11-25T16:54:46.684638Z,mmtc,uesimtun2,49980,595,50572,605,,1,1
2025-11-25T16:54:46.934295Z,embb,uesimtun0,50400,600,50992,610,,1,1
2025-11-25T16:54:46.934295Z,urllc,uesimtun1,50148,597,50740,607,,1,1
2025-11-25T16:54:46.934295Z,mmtc,uesimtun2,50064,596,50656,606,,1,1
2025-11-25T16:54:47.187069Z,embb,uesimtun0,50484,601,51076,611,,1,1
2025-11-25T16:54:47.187069Z,urllc,uesimtun1,50232,598,50824,608,,1,1
2025-11-25T16:54:47.187069Z,mmtc,uesimtun2,50148,597,50740,607,,1,1
2025-11-25T16:54:47.434356Z,embb,uesimtun0,50568,602,51160,612,,1,1
2025-11-25T16:54:47.434356Z,urllc,uesimtun1,50316,599,50908,609,,1,1
2025-11-25T16:54:47.434356Z,mmtc,uesimtun2,50232,598,50824,608,,1,1
2025-11-25T16:54:47.684367Z,embb,uesimtun0,50652,603,51244,613,,1,1
2025-11-25T16:54:47.684367Z,urllc,uesimtun1,50400,600,50992,610,,1,1
2025-11-25T16:54:47.684367Z,mmtc,uesimtun2,50316,599,50908,609,,1,1
2025-11-25T16:54:47.934694Z,embb,uesimtun0,50736,604,51328,614,,1,1
2025-11-25T16:54:47.934694Z,urllc,uesimtun1,50484,601,51076,611,,1,1
2025-11-25T16:54:47.934694Z,mmtc,uesimtun2,50400,600,50992,610,,1,1
2025-11-25T16:54:48.184237Z,embb,uesimtun0,50820,605,51412,615,,1,1
2025-11-25T16:54:48.184237Z,urllc,uesimtun1,50568,602,51160,612,,1,1
2025-11-25T16:54:48.184237Z,mmtc,uesimtun2,50484,601,51076,611,,1,1
2025-11-25T16:54:48.434560Z,embb,uesimtun0,50904,606,51496,616,,1,1
2025-11-25T16:54:48.434560Z,urllc,uesimtun1,50652,603,51244,613,,1,1
2025-11-25T16:54:48.434560Z,mmtc,uesimtun2,50568,602,51160,612,,1,1
2025-11-25T16:54:48.684507Z,embb,uesimtun0,50988,607,51580,617,,1,1
2025-11-25T16:54:48.684507Z,urllc,uesimtun1,50736,604,51328,614,,1,1
2025-11-25T16:54:48.684507Z,mmtc,uesimtun2,50652,603,51244,613,,1,1
2025-11-25T16:54:48.934830Z,embb,uesimtun0,51072,608,51664,618,,1,1
2025-11-25T16:54:48.934830Z,urllc,uesimtun1,50820,605,51412,615,,1,1
2025-11-25T16:54:48.934830Z,mmtc,uesimtun2,50736,604,51328,614,,1,1
2025-11-25T16:54:49.184310Z,embb,uesimtun0,51156,609,51748,619,,1,1
2025-11-25T16:54:49.184310Z,urllc,uesimtun1,50904,606,51496,616,,1,1
2025-11-25T16:54:49.184310Z,mmtc,uesimtun2,50820,605,51412,615,,1,1
2025-11-25T16:54:49.436645Z,embb,uesimtun0,51240,610,51832,620,,1,1
2025-11-25T16:54:49.436645Z,urllc,uesimtun1,50988,607,51580,617,,1,1
2025-11-25T16:54:49.436645Z,mmtc,uesimtun2,50904,606,51496,616,,1,1
2025-11-25T16:54:49.684737Z,embb,uesimtun0,51324,611,51916,621,,1,1
2025-11-25T16:54:49.684737Z,urllc,uesimtun1,51072,608,51664,618,,1,1
2025-11-25T16:54:49.684737Z,mmtc,uesimtun2,50988,607,51580,617,,1,1
2025-11-25T16:54:49.934483Z,embb,uesimtun0,51408,612,52000,622,,1,1
2025-11-25T16:54:49.934483Z,urllc,uesimtun1,51156,609,51748,619,,1,1
2025-11-25T16:54:49.934483Z,mmtc,uesimtun2,51072,608,51664,618,,1,1
2025-11-25T16:54:50.184323Z,embb,uesimtun0,51492,613,52084,623,,1,1
2025-11-25T16:54:50.184323Z,urllc,uesimtun1,51240,610,51832,620,,1,1
2025-11-25T16:54:50.184323Z,mmtc,uesimtun2,51156,609,51748,619,,1,1
2025-11-25T16:54:50.434676Z,embb,uesimtun0,51576,614,52168,624,,1,1
2025-11-25T16:54:50.434676Z,urllc,uesimtun1,51324,611,51916,621,,1,1
2025-11-25T16:54:50.434676Z,mmtc,uesimtun2,51240,610,51832,620,,1,1
2025-11-25T16:54:50.684736Z,embb,uesimtun0,51660,615,52252,625,,1,1
2025-11-25T16:54:50.684736Z,urllc,uesimtun1,51408,612,52000,622,,1,1
2025-11-25T16:54:50.684736Z,mmtc,uesimtun2,51324,611,51916,621,,1,1
2025-11-25T16:54:50.934398Z,embb,uesimtun0,51744,616,52336,626,,1,1
2025-11-25T16:54:50.934398Z,urllc,uesimtun1,51492,613,52084,623,,1,1
2025-11-25T16:54:50.934398Z,mmtc,uesimtun2,51408,612,52000,622,,1,1
2025-11-25T16:54:51.184585Z,embb,uesimtun0,51828,617,52420,627,,1,1
2025-11-25T16:54:51.184585Z,urllc,uesimtun1,51576,614,52168,624,,1,1
2025-11-25T16:54:51.184585Z,mmtc,uesimtun2,51492,613,52084,623,,1,1
2025-11-25T16:54:51.434084Z,embb,uesimtun0,51912,618,52504,628,,1,1
2025-11-25T16:54:51.434084Z,urllc,uesimtun1,51660,615,52252,625,,1,1
2025-11-25T16:54:51.434084Z,mmtc,uesimtun2,51576,614,52168,624,,1,1
2025-11-25T16:54:51.684426Z,embb,uesimtun0,51996,619,52588,629,,1,1
2025-11-25T16:54:51.684426Z,urllc,uesimtun1,51744,616,52336,626,,1,1
2025-11-25T16:54:51.684426Z,mmtc,uesimtun2,51660,615,52252,625,,1,1
2025-11-25T16:54:51.934770Z,embb,uesimtun0,52080,620,52672,630,,1,1
2025-11-25T16:54:51.934770Z,urllc,uesimtun1,51828,617,52420,627,,1,1
2025-11-25T16:54:51.934770Z,mmtc,uesimtun2,51744,616,52336,626,,1,1
2025-11-25T16:54:52.184223Z,embb,uesimtun0,52164,621,52756,631,,1,1
2025-11-25T16:54:52.184223Z,urllc,uesimtun1,51912,618,52504,628,,1,1
2025-11-25T16:54:52.184223Z,mmtc,uesimtun2,51828,617,52420,627,,1,1
2025-11-25T16:54:52.434702Z,embb,uesimtun0,52248,622,52840,632,,1,1
2025-11-25T16:54:52.434702Z,urllc,uesimtun1,51996,619,52588,629,,1,1
2025-11-25T16:54:52.434702Z,mmtc,uesimtun2,51912,618,52504,628,,1,1
2025-11-25T16:54:52.684358Z,embb,uesimtun0,52332,623,52924,633,,1,1
2025-11-25T16:54:52.684358Z,urllc,uesimtun1,52080,620,52672,630,,1,1
2025-11-25T16:54:52.684358Z,mmtc,uesimtun2,51996,619,52588,629,,1,1
2025-11-25T16:54:52.934790Z,embb,uesimtun0,52416,624,53008,634,,1,1
2025-11-25T16:54:52.934790Z,urllc,uesimtun1,52164,621,52756,631,,1,1
2025-11-25T16:54:52.934790Z,mmtc,uesimtun2,52080,620,52672,630,,1,1
2025-11-25T16:54:53.184695Z,embb,uesimtun0,52500,625,53092,635,,1,1
2025-11-25T16:54:53.184695Z,urllc,uesimtun1,52248,622,52840,632,,1,1
2025-11-25T16:54:53.184695Z,mmtc,uesimtun2,52164,621,52756,631,,1,1
2025-11-25T16:54:53.434605Z,embb,uesimtun0,52584,626,53176,636,,1,1
2025-11-25T16:54:53.434605Z,urllc,uesimtun1,52332,623,52924,633,,1,1
2025-11-25T16:54:53.434605Z,mmtc,uesimtun2,52248,622,52840,632,,1,1
2025-11-25T16:54:53.684450Z,embb,uesimtun0,52668,627,53260,637,,1,1
2025-11-25T16:54:53.684450Z,urllc,uesimtun1,52416,624,53008,634,,1,1
2025-11-25T16:54:53.684450Z,mmtc,uesimtun2,52332,623,52924,633,,1,1
2025-11-25T16:54:53.934572Z,embb,uesimtun0,52752,628,53344,638,,1,1
2025-11-25T16:54:53.934572Z,urllc,uesimtun1,52500,625,53092,635,,1,1
2025-11-25T16:54:53.934572Z,mmtc,uesimtun2,52416,624,53008,634,,1,1
2025-11-25T16:54:54.184085Z,embb,uesimtun0,52836,629,53428,639,,1,1
2025-11-25T16:54:54.184085Z,urllc,uesimtun1,52584,626,53176,636,,1,1
2025-11-25T16:54:54.184085Z,mmtc,uesimtun2,52500,625,53092,635,,1,1
2025-11-25T16:54:54.434596Z,embb,uesimtun0,52920,630,53512,640,,1,1
2025-11-25T16:54:54.434596Z,urllc,uesimtun1,52668,627,53260,637,,1,1
2025-11-25T16:54:54.434596Z,mmtc,uesimtun2,52584,626,53176,636,,1,1
2025-11-25T16:54:54.684696Z,embb,uesimtun0,53004,631,53596,641,,1,1
2025-11-25T16:54:54.684696Z,urllc,uesimtun1,52752,628,53344,638,,1,1
2025-11-25T16:54:54.684696Z,mmtc,uesimtun2,52668,627,53260,637,,1,1
2025-11-25T16:54:54.934358Z,embb,uesimtun0,53088,632,53680,642,,1,1
2025-11-25T16:54:54.934358Z,urllc,uesimtun1,52836,629,53428,639,,1,1
2025-11-25T16:54:54.934358Z,mmtc,uesimtun2,52752,628,53344,638,,1,1
2025-11-25T16:54:55.184470Z,embb,uesimtun0,53172,633,53764,643,,1,1
2025-11-25T16:54:55.184470Z,urllc,uesimtun1,52920,630,53512,640,,1,1
2025-11-25T16:54:55.184470Z,mmtc,uesimtun2,52836,629,53428,639,,1,1
2025-11-25T16:54:55.434542Z,embb,uesimtun0,53256,634,53848,644,,1,1
2025-11-25T16:54:55.434542Z,urllc,uesimtun1,53004,631,53596,641,,1,1
2025-11-25T16:54:55.434542Z,mmtc,uesimtun2,52920,630,53512,640,,1,1
2025-11-25T16:54:55.684812Z,embb,uesimtun0,53340,635,53932,645,,1,1
2025-11-25T16:54:55.684812Z,urllc,uesimtun1,53088,632,53680,642,,1,1
2025-11-25T16:54:55.684812Z,mmtc,uesimtun2,53004,631,53596,641,,1,1
2025-11-25T16:54:55.934596Z,embb,uesimtun0,53424,636,54016,646,,1,1
2025-11-25T16:54:55.934596Z,urllc,uesimtun1,53172,633,53764,643,,1,1
2025-11-25T16:54:55.934596Z,mmtc,uesimtun2,53088,632,53680,642,,1,1
2025-11-25T16:54:56.184262Z,embb,uesimtun0,53508,637,54100,647,,1,1
2025-11-25T16:54:56.184262Z,urllc,uesimtun1,53256,634,53848,644,,1,1
2025-11-25T16:54:56.184262Z,mmtc,uesimtun2,53172,633,53764,643,,1,1
2025-11-25T16:54:56.434189Z,embb,uesimtun0,53592,638,54184,648,,1,1
2025-11-25T16:54:56.434189Z,urllc,uesimtun1,53340,635,53932,645,,1,1
2025-11-25T16:54:56.434189Z,mmtc,uesimtun2,53256,634,53848,644,,1,1
2025-11-25T16:54:56.684775Z,embb,uesimtun0,53676,639,54268,649,,1,1
2025-11-25T16:54:56.684775Z,urllc,uesimtun1,53424,636,54016,646,,1,1
2025-11-25T16:54:56.684775Z,mmtc,uesimtun2,53340,635,53932,645,,1,1
2025-11-25T16:54:56.934445Z,embb,uesimtun0,53760,640,54352,650,,1,1
2025-11-25T16:54:56.934445Z,urllc,uesimtun1,53508,637,54100,647,,1,1
2025-11-25T16:54:56.934445Z,mmtc,uesimtun2,53424,636,54016,646,,1,1
2025-11-25T16:54:57.184445Z,embb,uesimtun0,53844,641,54436,651,,1,1
2025-11-25T16:54:57.184445Z,urllc,uesimtun1,53592,638,54184,648,,1,1
2025-11-25T16:54:57.184445Z,mmtc,uesimtun2,53508,637,54100,647,,1,1
2025-11-25T16:54:57.434558Z,embb,uesimtun0,53928,642,54520,652,,1,1
2025-11-25T16:54:57.434558Z,urllc,uesimtun1,53676,639,54268,649,,1,1
2025-11-25T16:54:57.434558Z,mmtc,uesimtun2,53592,638,54184,648,,1,1
2025-11-25T16:54:57.684620Z,embb,uesimtun0,54012,643,54604,653,,1,1
2025-11-25T16:54:57.684620Z,urllc,uesimtun1,53760,640,54352,650,,1,1
2025-11-25T16:54:57.684620Z,mmtc,uesimtun2,53676,639,54268,649,,1,1
2025-11-25T16:54:57.934282Z,embb,uesimtun0,54096,644,54688,654,,1,1
2025-11-25T16:54:57.934282Z,urllc,uesimtun1,53844,641,54436,651,,1,1
2025-11-25T16:54:57.934282Z,mmtc,uesimtun2,53760,640,54352,650,,1,1
2025-11-25T16:54:58.184413Z,embb,uesimtun0,54180,645,54772,655,,1,1
2025-11-25T16:54:58.184413Z,urllc,uesimtun1,53928,642,54520,652,,1,1
2025-11-25T16:54:58.184413Z,mmtc,uesimtun2,53844,641,54436,651,,1,1
2025-11-25T16:54:58.434548Z,embb,uesimtun0,54264,646,54856,656,,1,1
2025-11-25T16:54:58.434548Z,urllc,uesimtun1,54012,643,54604,653,,1,1
2025-11-25T16:54:58.434548Z,mmtc,uesimtun2,53928,642,54520,652,,1,1
2025-11-25T16:54:58.684104Z,embb,uesimtun0,54348,647,54940,657,,1,1
2025-11-25T16:54:58.684104Z,urllc,uesimtun1,54096,644,54688,654,,1,1
2025-11-25T16:54:58.684104Z,mmtc,uesimtun2,54012,643,54604,653,,1,1
2025-11-25T16:54:58.934568Z,embb,uesimtun0,54432,648,55024,658,,1,1
2025-11-25T16:54:58.934568Z,urllc,uesimtun1,54180,645,54772,655,,1,1
2025-11-25T16:54:58.934568Z,mmtc,uesimtun2,54096,644,54688,654,,1,1
2025-11-25T16:54:59.184378Z,embb,uesimtun0,54516,649,55108,659,,1,1
2025-11-25T16:54:59.184378Z,urllc,uesimtun1,54264,646,54856,656,,1,1
2025-11-25T16:54:59.184378Z,mmtc,uesimtun2,54180,645,54772,655,,1,1
2025-11-25T16:54:59.434052Z,embb,uesimtun0,54600,650,55192,660,,1,1
2025-11-25T16:54:59.434052Z,urllc,uesimtun1,54348,647,54940,657,,1,1
2025-11-25T16:54:59.434052Z,mmtc,uesimtun2,54264,646,54856,656,,1,1
2025-11-25T16:54:59.684596Z,embb,uesimtun0,54684,651,55276,661,,1,1
2025-11-25T16:54:59.684596Z,urllc,uesimtun1,54432,648,55024,658,,1,1
2025-11-25T16:54:59.684596Z,mmtc,uesimtun2,54348,647,54940,657,,1,1
2025-11-25T16:54:59.934262Z,embb,uesimtun0,54768,652,55360,662,,1,1
2025-11-25T16:54:59.934262Z,urllc,uesimtun1,54516,649,55108,659,,1,1
2025-11-25T16:54:59.934262Z,mmtc,uesimtun2,54432,648,55024,658,,1,1
2025-11-25T16:55:00.184335Z,embb,uesimtun0,54852,653,55444,663,,1,1
2025-11-25T16:55:00.184335Z,urllc,uesimtun1,54600,650,55192,660,,1,1
2025-11-25T16:55:00.184335Z,mmtc,uesimtun2,54516,649,55108,659,,1,1
2025-11-25T16:55:00.434397Z,embb,uesimtun0,54936,654,55528,664,,1,1
2025-11-25T16:55:00.434397Z,urllc,uesimtun1,54684,651,55276,661,,1,1
2025-11-25T16:55:00.434397Z,mmtc,uesimtun2,54600,650,55192,660,,1,1
2025-11-25T16:55:00.684547Z,embb,uesimtun0,55020,655,55612,665,,1,1
2025-11-25T16:55:00.684547Z,urllc,uesimtun1,54768,652,55360,662,,1,1
2025-11-25T16:55:00.684547Z,mmtc,uesimtun2,54684,651,55276,661,,1,1
2025-11-25T16:55:00.934218Z,embb,uesimtun0,55104,656,55696,666,,1,1
2025-11-25T16:55:00.934218Z,urllc,uesimtun1,54852,653,55444,663,,1,1
2025-11-25T16:55:00.934218Z,mmtc,uesimtun2,54768,652,55360,662,,1,1
2025-11-25T16:55:01.184266Z,embb,uesimtun0,55188,657,55780,667,,1,1
2025-11-25T16:55:01.184266Z,urllc,uesimtun1,54936,654,55528,664,,1,1
2025-11-25T16:55:01.184266Z,mmtc,uesimtun2,54852,653,55444,663,,1,1
2025-11-25T16:55:01.434352Z,embb,uesimtun0,55272,658,55864,668,,1,1
2025-11-25T16:55:01.434352Z,urllc,uesimtun1,55020,655,55612,665,,1,1
2025-11-25T16:55:01.434352Z,mmtc,uesimtun2,54936,654,55528,664,,1,1
2025-11-25T16:55:01.684584Z,embb,uesimtun0,55356,659,55948,669,,1,1
2025-11-25T16:55:01.684584Z,urllc,uesimtun1,55104,656,55696,666,,1,1
2025-11-25T16:55:01.684584Z,mmtc,uesimtun2,55020,655,55612,665,,1,1
2025-11-25T16:55:01.934869Z,embb,uesimtun0,55440,660,56032,670,,1,1
2025-11-25T16:55:01.934869Z,urllc,uesimtun1,55188,657,55780,667,,1,1
2025-11-25T16:55:01.934869Z,mmtc,uesimtun2,55104,656,55696,666,,1,1
2025-11-25T16:55:02.184861Z,embb,uesimtun0,55524,661,56116,671,,1,1
2025-11-25T16:55:02.184861Z,urllc,uesimtun1,55272,658,55864,668,,1,1
2025-11-25T16:55:02.184861Z,mmtc,uesimtun2,55188,657,55780,667,,1,1
2025-11-25T16:55:02.454143Z,embb,uesimtun0,55608,662,56200,672,,1,1
2025-11-25T16:55:02.454143Z,urllc,uesimtun1,55356,659,55948,669,,1,1
2025-11-25T16:55:02.454143Z,mmtc,uesimtun2,55272,658,55864,668,,1,1
2025-11-25T16:55:02.704813Z,embb,uesimtun0,55692,663,56284,673,,1,1
2025-11-25T16:55:02.704813Z,urllc,uesimtun1,55440,660,56032,670,,1,1
2025-11-25T16:55:02.704813Z,mmtc,uesimtun2,55356,659,55948,669,,1,1
2025-11-25T16:55:02.954460Z,embb,uesimtun0,55776,664,56368,674,,1,1
2025-11-25T16:55:02.954460Z,urllc,uesimtun1,55524,661,56116,671,,1,1
2025-11-25T16:55:02.954460Z,mmtc,uesimtun2,55440,660,56032,670,,1,1
2025-11-25T16:55:03.204881Z,embb,uesimtun0,55860,665,56452,675,,1,1
2025-11-25T16:55:03.204881Z,urllc,uesimtun1,55608,662,56200,672,,1,1
2025-11-25T16:55:03.204881Z,mmtc,uesimtun2,55524,661,56116,671,,1,1
2025-11-25T16:55:03.454463Z,embb,uesimtun0,55944,666,56536,676,,1,1
2025-11-25T16:55:03.454463Z,urllc,uesimtun1,55692,663,56284,673,,1,1
2025-11-25T16:55:03.454463Z,mmtc,uesimtun2,55608,662,56200,672,,1,1
2025-11-25T16:55:03.704579Z,embb,uesimtun0,56028,667,56620,677,,1,1
2025-11-25T16:55:03.704579Z,urllc,uesimtun1,55776,664,56368,674,,1,1
2025-11-25T16:55:03.704579Z,mmtc,uesimtun2,55692,663,56284,673,,1,1
2025-11-25T16:55:03.954737Z,embb,uesimtun0,56112,668,56704,678,,1,1
2025-11-25T16:55:03.954737Z,urllc,uesimtun1,55860,665,56452,675,,1,1
2025-11-25T16:55:03.954737Z,mmtc,uesimtun2,55776,664,56368,674,,1,1
2025-11-25T16:55:04.205032Z,embb,uesimtun0,56196,669,56788,679,,1,1
2025-11-25T16:55:04.205032Z,urllc,uesimtun1,55944,666,56536,676,,1,1
2025-11-25T16:55:04.205032Z,mmtc,uesimtun2,55860,665,56452,675,,1,1
2025-11-25T16:55:04.454706Z,embb,uesimtun0,56280,670,56872,680,,1,1
2025-11-25T16:55:04.454706Z,urllc,uesimtun1,56028,667,56620,677,,1,1
2025-11-25T16:55:04.454706Z,mmtc,uesimtun2,55944,666,56536,676,,1,1
2025-11-25T16:55:04.704800Z,embb,uesimtun0,56364,671,56956,681,,1,1
2025-11-25T16:55:04.704800Z,urllc,uesimtun1,56112,668,56704,678,,1,1
2025-11-25T16:55:04.704800Z,mmtc,uesimtun2,56028,667,56620,677,,1,1
2025-11-25T16:55:04.954453Z,embb,uesimtun0,56448,672,57040,682,,1,1
2025-11-25T16:55:04.954453Z,urllc,uesimtun1,56196,669,56788,679,,1,1
2025-11-25T16:55:04.954453Z,mmtc,uesimtun2,56112,668,56704,678,,1,1
2025-11-25T16:55:05.204773Z,embb,uesimtun0,56532,673,57124,683,,1,1
2025-11-25T16:55:05.204773Z,urllc,uesimtun1,56280,670,56872,680,,1,1
2025-11-25T16:55:05.204773Z,mmtc,uesimtun2,56196,669,56788,679,,1,1
2025-11-25T16:55:05.454647Z,embb,uesimtun0,56616,674,57208,684,,1,1
2025-11-25T16:55:05.454647Z,urllc,uesimtun1,56364,671,56956,681,,1,1
2025-11-25T16:55:05.454647Z,mmtc,uesimtun2,56280,670,56872,680,,1,1
2025-11-25T16:55:05.704495Z,embb,uesimtun0,56700,675,57292,685,,1,1
2025-11-25T16:55:05.704495Z,urllc,uesimtun1,56448,672,57040,682,,1,1
2025-11-25T16:55:05.704495Z,mmtc,uesimtun2,56364,671,56956,681,,1,1
2025-11-25T16:55:05.954817Z,embb,uesimtun0,56784,676,57376,686,,1,1
2025-11-25T16:55:05.954817Z,urllc,uesimtun1,56532,673,57124,683,,1,1
2025-11-25T16:55:05.954817Z,mmtc,uesimtun2,56448,672,57040,682,,1,1
2025-11-25T16:55:06.204983Z,embb,uesimtun0,56868,677,57460,687,,1,1
2025-11-25T16:55:06.204983Z,urllc,uesimtun1,56616,674,57208,684,,1,1
2025-11-25T16:55:06.204983Z,mmtc,uesimtun2,56532,673,57124,683,,1,1
2025-11-25T16:55:06.454595Z,embb,uesimtun0,56952,678,57544,688,,1,1
2025-11-25T16:55:06.454595Z,urllc,uesimtun1,56700,675,57292,685,,1,1
2025-11-25T16:55:06.454595Z,mmtc,uesimtun2,56616,674,57208,684,,1,1
2025-11-25T16:55:06.704465Z,embb,uesimtun0,57036,679,57628,689,,1,1
2025-11-25T16:55:06.704465Z,urllc,uesimtun1,56784,676,57376,686,,1,1
2025-11-25T16:55:06.704465Z,mmtc,uesimtun2,56700,675,57292,685,,1,1
2025-11-25T16:55:06.954812Z,embb,uesimtun0,57120,680,57712,690,,1,1
2025-11-25T16:55:06.954812Z,urllc,uesimtun1,56868,677,57460,687,,1,1
2025-11-25T16:55:06.954812Z,mmtc,uesimtun2,56784,676,57376,686,,1,1
2025-11-25T16:55:07.205045Z,embb,uesimtun0,57204,681,57796,691,,1,1
2025-11-25T16:55:07.205045Z,urllc,uesimtun1,56952,678,57544,688,,1,1
2025-11-25T16:55:07.205045Z,mmtc,uesimtun2,56868,677,57460,687,,1,1
2025-11-25T16:55:07.454706Z,embb,uesimtun0,57288,682,57880,692,,1,1
2025-11-25T16:55:07.454706Z,urllc,uesimtun1,57036,679,57628,689,,1,1
2025-11-25T16:55:07.454706Z,mmtc,uesimtun2,56952,678,57544,688,,1,1
2025-11-25T16:55:07.705485Z,embb,uesimtun0,57372,683,57964,693,,1,1
2025-11-25T16:55:07.705485Z,urllc,uesimtun1,57120,680,57712,690,,1,1
2025-11-25T16:55:07.705485Z,mmtc,uesimtun2,57036,679,57628,689,,1,1
2025-11-25T16:55:07.954939Z,embb,uesimtun0,57456,684,58048,694,,1,1
2025-11-25T16:55:07.954939Z,urllc,uesimtun1,57204,681,57796,691,,1,1
2025-11-25T16:55:07.954939Z,mmtc,uesimtun2,57120,680,57712,690,,1,1
2025-11-25T16:55:08.204640Z,embb,uesimtun0,57540,685,58132,695,,1,1
2025-11-25T16:55:08.204640Z,urllc,uesimtun1,57288,682,57880,692,,1,1
2025-11-25T16:55:08.204640Z,mmtc,uesimtun2,57204,681,57796,691,,1,1
2025-11-25T16:55:08.454687Z,embb,uesimtun0,57624,686,58216,696,,1,1
2025-11-25T16:55:08.454687Z,urllc,uesimtun1,57372,683,57964,693,,1,1
2025-11-25T16:55:08.454687Z,mmtc,uesimtun2,57288,682,57880,692,,1,1
2025-11-25T16:55:08.704541Z,embb,uesimtun0,57708,687,58300,697,,1,1
2025-11-25T16:55:08.704541Z,urllc,uesimtun1,57456,684,58048,694,,1,1
2025-11-25T16:55:08.704541Z,mmtc,uesimtun2,57372,683,57964,693,,1,1
2025-11-25T16:55:08.954677Z,embb,uesimtun0,57792,688,58384,698,,1,1
2025-11-25T16:55:08.954677Z,urllc,uesimtun1,57540,685,58132,695,,1,1
2025-11-25T16:55:08.954677Z,mmtc,uesimtun2,57456,684,58048,694,,1,1
2025-11-25T16:55:09.204578Z,embb,uesimtun0,57876,689,58468,699,,1,1
2025-11-25T16:55:09.204578Z,urllc,uesimtun1,57624,686,58216,696,,1,1
2025-11-25T16:55:09.204578Z,mmtc,uesimtun2,57540,685,58132,695,,1,1
2025-11-25T16:55:09.454748Z,embb,uesimtun0,57960,690,58552,700,,1,1
2025-11-25T16:55:09.454748Z,urllc,uesimtun1,57708,687,58300,697,,1,1
2025-11-25T16:55:09.454748Z,mmtc,uesimtun2,57624,686,58216,696,,1,1
2025-11-25T16:55:09.704478Z,embb,uesimtun0,58044,691,58636,701,,1,1
2025-11-25T16:55:09.704478Z,urllc,uesimtun1,57792,688,58384,698,,1,1
2025-11-25T16:55:09.704478Z,mmtc,uesimtun2,57708,687,58300,697,,1,1
2025-11-25T16:55:09.954825Z,embb,uesimtun0,58128,692,58720,702,,1,1
2025-11-25T16:55:09.954825Z,urllc,uesimtun1,57876,689,58468,699,,1,1
2025-11-25T16:55:09.954825Z,mmtc,uesimtun2,57792,688,58384,698,,1,1
2025-11-25T16:55:10.204501Z,embb,uesimtun0,58212,693,58804,703,,1,1
2025-11-25T16:55:10.204501Z,urllc,uesimtun1,57960,690,58552,700,,1,1
2025-11-25T16:55:10.204501Z,mmtc,uesimtun2,57876,689,58468,699,,1,1
2025-11-25T16:55:10.454635Z,embb,uesimtun0,58296,694,58888,704,,1,1
2025-11-25T16:55:10.454635Z,urllc,uesimtun1,58044,691,58636,701,,1,1
2025-11-25T16:55:10.454635Z,mmtc,uesimtun2,57960,690,58552,700,,1,1
2025-11-25T16:55:10.704502Z,embb,uesimtun0,58380,695,58972,705,,1,1
2025-11-25T16:55:10.704502Z,urllc,uesimtun1,58128,692,58720,702,,1,1
2025-11-25T16:55:10.704502Z,mmtc,uesimtun2,58044,691,58636,701,,1,1
2025-11-25T16:55:10.954975Z,embb,uesimtun0,58464,696,59056,706,,1,1
2025-11-25T16:55:10.954975Z,urllc,uesimtun1,58212,693,58804,703,,1,1
2025-11-25T16:55:10.954975Z,mmtc,uesimtun2,58128,692,58720,702,,1,1
2025-11-25T16:55:11.204718Z,embb,uesimtun0,58548,697,59140,707,,1,1
2025-11-25T16:55:11.204718Z,urllc,uesimtun1,58296,694,58888,704,,1,1
2025-11-25T16:55:11.204718Z,mmtc,uesimtun2,58212,693,58804,703,,1,1
2025-11-25T16:55:11.477376Z,embb,uesimtun0,58632,698,59224,708,,1,1
2025-11-25T16:55:11.477376Z,urllc,uesimtun1,58380,695,58972,705,,1,1
2025-11-25T16:55:11.477376Z,mmtc,uesimtun2,58296,694,58888,704,,1,1
2025-11-25T16:55:11.727917Z,embb,uesimtun0,58716,699,59308,709,,1,1
2025-11-25T16:55:11.727917Z,urllc,uesimtun1,58464,696,59056,706,,1,1
2025-11-25T16:55:11.727917Z,mmtc,uesimtun2,58380,695,58972,705,,1,1
2025-11-25T16:55:11.978061Z,embb,uesimtun0,58800,700,59392,710,,1,1
2025-11-25T16:55:11.978061Z,urllc,uesimtun1,58548,697,59140,707,,1,1
2025-11-25T16:55:11.978061Z,mmtc,uesimtun2,58464,696,59056,706,,1,1
2025-11-25T16:55:12.227840Z,embb,uesimtun0,58884,701,59476,711,,1,1
2025-11-25T16:55:12.227840Z,urllc,uesimtun1,58632,698,59224,708,,1,1
2025-11-25T16:55:12.227840Z,mmtc,uesimtun2,58548,697,59140,707,,1,1
2025-11-25T16:55:12.477821Z,embb,uesimtun0,58968,702,59560,712,,1,1
2025-11-25T16:55:12.477821Z,urllc,uesimtun1,58716,699,59308,709,,1,1
2025-11-25T16:55:12.477821Z,mmtc,uesimtun2,58632,698,59224,708,,1,1
2025-11-25T16:55:12.728067Z,embb,uesimtun0,59052,703,59644,713,,1,1
2025-11-25T16:55:12.728067Z,urllc,uesimtun1,58800,700,59392,710,,1,1
2025-11-25T16:55:12.728067Z,mmtc,uesimtun2,58716,699,59308,709,,1,1
2025-11-25T16:55:12.977766Z,embb,uesimtun0,59136,704,59728,714,,1,1
2025-11-25T16:55:12.977766Z,urllc,uesimtun1,58884,701,59476,711,,1,1
2025-11-25T16:55:12.977766Z,mmtc,uesimtun2,58800,700,59392,710,,1,1
2025-11-25T16:55:13.227861Z,embb,uesimtun0,59220,705,59812,715,,1,1
2025-11-25T16:55:13.227861Z,urllc,uesimtun1,58968,702,59560,712,,1,1
2025-11-25T16:55:13.227861Z,mmtc,uesimtun2,58884,701,59476,711,,1,1
2025-11-25T16:55:13.477992Z,embb,uesimtun0,59304,706,59896,716,,1,1
2025-11-25T16:55:13.477992Z,urllc,uesimtun1,59052,703,59644,713,,1,1
2025-11-25T16:55:13.477992Z,mmtc,uesimtun2,58968,702,59560,712,,1,1
2025-11-25T16:55:13.728126Z,embb,uesimtun0,59388,707,59980,717,,1,1
2025-11-25T16:55:13.728126Z,urllc,uesimtun1,59136,704,59728,714,,1,1
2025-11-25T16:55:13.728126Z,mmtc,uesimtun2,59052,703,59644,713,,1,1
2025-11-25T16:55:13.978043Z,embb,uesimtun0,59472,708,60064,718,,1,1
2025-11-25T16:55:13.978043Z,urllc,uesimtun1,59220,705,59812,715,,1,1
2025-11-25T16:55:13.978043Z,mmtc,uesimtun2,59136,704,59728,714,,1,1
2025-11-25T16:55:14.228201Z,embb,uesimtun0,59556,709,60148,719,,1,1
2025-11-25T16:55:14.228201Z,urllc,uesimtun1,59304,706,59896,716,,1,1
2025-11-25T16:55:14.228201Z,mmtc,uesimtun2,59220,705,59812,715,,1,1
2025-11-25T16:55:14.477814Z,embb,uesimtun0,59640,710,60232,720,,1,1
2025-11-25T16:55:14.477814Z,urllc,uesimtun1,59388,707,59980,717,,1,1
2025-11-25T16:55:14.477814Z,mmtc,uesimtun2,59304,706,59896,716,,1,1
2025-11-25T16:55:14.727676Z,embb,uesimtun0,59724,711,60316,721,,1,1
2025-11-25T16:55:14.727676Z,urllc,uesimtun1,59472,708,60064,718,,1,1
2025-11-25T16:55:14.727676Z,mmtc,uesimtun2,59388,707,59980,717,,1,1
2025-11-25T16:55:14.978019Z,embb,uesimtun0,59808,712,60400,722,,1,1
2025-11-25T16:55:14.978019Z,urllc,uesimtun1,59556,709,60148,719,,1,1
2025-11-25T16:55:14.978019Z,mmtc,uesimtun2,59472,708,60064,718,,1,1
2025-11-25T16:55:15.230693Z,embb,uesimtun0,59892,713,60484,723,,1,1
2025-11-25T16:55:15.230693Z,urllc,uesimtun1,59640,710,60232,720,,1,1
2025-11-25T16:55:15.230693Z,mmtc,uesimtun2,59556,709,60148,719,,1,1
2025-11-25T16:55:15.478145Z,embb,uesimtun0,59976,714,60568,724,,1,1
2025-11-25T16:55:15.478145Z,urllc,uesimtun1,59724,711,60316,721,,1,1
2025-11-25T16:55:15.478145Z,mmtc,uesimtun2,59640,710,60232,720,,1,1
2025-11-25T16:55:15.727964Z,embb,uesimtun0,60060,715,60652,725,,1,1
2025-11-25T16:55:15.727964Z,urllc,uesimtun1,59808,712,60400,722,,1,1
2025-11-25T16:55:15.727964Z,mmtc,uesimtun2,59724,711,60316,721,,1,1
2025-11-25T16:55:15.977734Z,embb,uesimtun0,60144,716,60736,726,,1,1
2025-11-25T16:55:15.977734Z,urllc,uesimtun1,59892,713,60484,723,,1,1
2025-11-25T16:55:15.977734Z,mmtc,uesimtun2,59808,712,60400,722,,1,1
2025-11-25T16:55:16.227762Z,embb,uesimtun0,60228,717,60820,727,,1,1
2025-11-25T16:55:16.227762Z,urllc,uesimtun1,59976,714,60568,724,,1,1
2025-11-25T16:55:16.227762Z,mmtc,uesimtun2,59892,713,60484,723,,1,1
2025-11-25T16:55:16.477726Z,embb,uesimtun0,60312,718,60904,728,,1,1
2025-11-25T16:55:16.477726Z,urllc,uesimtun1,60060,715,60652,725,,1,1
2025-11-25T16:55:16.477726Z,mmtc,uesimtun2,59976,714,60568,724,,1,1
2025-11-25T16:55:16.727679Z,embb,uesimtun0,60396,719,60988,729,,1,1
2025-11-25T16:55:16.727679Z,urllc,uesimtun1,60144,716,60736,726,,1,1
2025-11-25T16:55:16.727679Z,mmtc,uesimtun2,60060,715,60652,725,,1,1
2025-11-25T16:55:16.977770Z,embb,uesimtun0,60480,720,61072,730,,1,1
2025-11-25T16:55:16.977770Z,urllc,uesimtun1,60228,717,60820,727,,1,1
2025-11-25T16:55:16.977770Z,mmtc,uesimtun2,60144,716,60736,726,,1,1
2025-11-25T16:55:17.227676Z,embb,uesimtun0,60564,721,61156,731,,1,1
2025-11-25T16:55:17.227676Z,urllc,uesimtun1,60312,718,60904,728,,1,1
2025-11-25T16:55:17.227676Z,mmtc,uesimtun2,60228,717,60820,727,,1,1
2025-11-25T16:55:17.477495Z,embb,uesimtun0,60648,722,61240,732,,1,1
2025-11-25T16:55:17.477495Z,urllc,uesimtun1,60396,719,60988,729,,1,1
2025-11-25T16:55:17.477495Z,mmtc,uesimtun2,60312,718,60904,728,,1,1
2025-11-25T16:55:17.727808Z,embb,uesimtun0,60732,723,61324,733,,1,1
2025-11-25T16:55:17.727808Z,urllc,uesimtun1,60480,720,61072,730,,1,1
2025-11-25T16:55:17.727808Z,mmtc,uesimtun2,60396,719,60988,729,,1,1
2025-11-25T16:55:17.977755Z,embb,uesimtun0,60816,724,61408,734,,1,1
2025-11-25T16:55:17.977755Z,urllc,uesimtun1,60564,721,61156,731,,1,1
2025-11-25T16:55:17.977755Z,mmtc,uesimtun2,60480,720,61072,730,,1,1
2025-11-25T16:55:18.227505Z,embb,uesimtun0,60900,725,61492,735,,1,1
2025-11-25T16:55:18.227505Z,urllc,uesimtun1,60648,722,61240,732,,1,1
2025-11-25T16:55:18.227505Z,mmtc,uesimtun2,60564,721,61156,731,,1,1
2025-11-25T16:55:18.480552Z,embb,uesimtun0,60984,726,61576,736,,1,1
2025-11-25T16:55:18.480552Z,urllc,uesimtun1,60732,723,61324,733,,1,1
2025-11-25T16:55:18.480552Z,mmtc,uesimtun2,60648,722,61240,732,,1,1
2025-11-25T16:55:18.731140Z,embb,uesimtun0,61068,727,61660,737,,1,1
2025-11-25T16:55:18.731140Z,urllc,uesimtun1,60816,724,61408,734,,1,1
2025-11-25T16:55:18.731140Z,mmtc,uesimtun2,60732,723,61324,733,,1,1
2025-11-25T16:55:18.980953Z,embb,uesimtun0,61152,728,61744,738,,1,1
2025-11-25T16:55:18.980953Z,urllc,uesimtun1,60900,725,61492,735,,1,1
2025-11-25T16:55:18.980953Z,mmtc,uesimtun2,60816,724,61408,734,,1,1
2025-11-25T16:55:19.230570Z,embb,uesimtun0,61236,729,61828,739,,1,1
2025-11-25T16:55:19.230570Z,urllc,uesimtun1,60984,726,61576,736,,1,1
2025-11-25T16:55:19.230570Z,mmtc,uesimtun2,60900,725,61492,735,,1,1
2025-11-25T16:55:19.481274Z,embb,uesimtun0,61320,730,61912,740,,1,1
2025-11-25T16:55:19.481274Z,urllc,uesimtun1,61068,727,61660,737,,1,1
2025-11-25T16:55:19.481274Z,mmtc,uesimtun2,60984,726,61576,736,,1,1
2025-11-25T16:55:19.731089Z,embb,uesimtun0,61404,731,61996,741,,1,1
2025-11-25T16:55:19.731089Z,urllc,uesimtun1,61152,728,61744,738,,1,1
2025-11-25T16:55:19.731089Z,mmtc,uesimtun2,61068,727,61660,737,,1,1
2025-11-25T16:55:19.981252Z,embb,uesimtun0,61488,732,62080,742,,1,1
2025-11-25T16:55:19.981252Z,urllc,uesimtun1,61236,729,61828,739,,1,1
2025-11-25T16:55:19.981252Z,mmtc,uesimtun2,61152,728,61744,738,,1,1
2025-11-25T16:55:20.230610Z,embb,uesimtun0,61572,733,62164,743,,1,1
2025-11-25T16:55:20.230610Z,urllc,uesimtun1,61320,730,61912,740,,1,1
2025-11-25T16:55:20.230610Z,mmtc,uesimtun2,61236,729,61828,739,,1,1
2025-11-25T16:55:20.481009Z,embb,uesimtun0,61656,734,62248,744,,1,1
2025-11-25T16:55:20.481009Z,urllc,uesimtun1,61404,731,61996,741,,1,1
2025-11-25T16:55:20.481009Z,mmtc,uesimtun2,61320,730,61912,740,,1,1
2025-11-25T16:55:20.731369Z,embb,uesimtun0,61740,735,62332,745,,1,1
2025-11-25T16:55:20.731369Z,urllc,uesimtun1,61488,732,62080,742,,1,1
2025-11-25T16:55:20.731369Z,mmtc,uesimtun2,61404,731,61996,741,,1,1
2025-11-25T16:55:20.980830Z,embb,uesimtun0,61824,736,62416,746,,1,1
2025-11-25T16:55:20.980830Z,urllc,uesimtun1,61572,733,62164,743,,1,1
2025-11-25T16:55:20.980830Z,mmtc,uesimtun2,61488,732,62080,742,,1,1
2025-11-25T16:55:21.276986Z,embb,uesimtun0,61908,737,62500,747,,1,1
2025-11-25T16:55:21.276986Z,urllc,uesimtun1,61656,734,62248,744,,1,1
2025-11-25T16:55:21.276986Z,mmtc,uesimtun2,61572,733,62164,743,,1,1
2025-11-25T16:55:21.527725Z,embb,uesimtun0,61992,738,62584,748,,1,1
2025-11-25T16:55:21.527725Z,urllc,uesimtun1,61740,735,62332,745,,1,1
2025-11-25T16:55:21.527725Z,mmtc,uesimtun2,61656,734,62248,744,,1,1
2025-11-25T16:55:21.777379Z,embb,uesimtun0,62076,739,62668,749,,1,1
2025-11-25T16:55:21.777379Z,urllc,uesimtun1,61824,736,62416,746,,1,1
2025-11-25T16:55:21.777379Z,mmtc,uesimtun2,61740,735,62332,745,,1,1
2025-11-25T16:55:22.027541Z,embb,uesimtun0,62160,740,62752,750,,1,1
2025-11-25T16:55:22.027541Z,urllc,uesimtun1,61908,737,62500,747,,1,1
2025-11-25T16:55:22.027541Z,mmtc,uesimtun2,61824,736,62416,746,,1,1
2025-11-25T16:55:22.277144Z,embb,uesimtun0,62244,741,62836,751,,1,1
2025-11-25T16:55:22.277144Z,urllc,uesimtun1,61992,738,62584,748,,1,1
2025-11-25T16:55:22.277144Z,mmtc,uesimtun2,61908,737,62500,747,,1,1
2025-11-25T16:55:22.527341Z,embb,uesimtun0,62328,742,62920,752,,1,1
2025-11-25T16:55:22.527341Z,urllc,uesimtun1,62076,739,62668,749,,1,1
2025-11-25T16:55:22.527341Z,mmtc,uesimtun2,61992,738,62584,748,,1,1
2025-11-25T16:55:22.777655Z,embb,uesimtun0,62412,743,63004,753,,1,1
2025-11-25T16:55:22.777655Z,urllc,uesimtun1,62160,740,62752,750,,1,1
2025-11-25T16:55:22.777655Z,mmtc,uesimtun2,62076,739,62668,749,,1,1
2025-11-25T16:55:23.092194Z,embb,uesimtun0,62496,744,63088,754,,1,1
2025-11-25T16:55:23.092194Z,urllc,uesimtun1,62244,741,62836,751,,1,1
2025-11-25T16:55:23.092194Z,mmtc,uesimtun2,62160,740,62752,750,,1,1
2025-11-25T16:55:23.277734Z,embb,uesimtun0,62580,745,63172,755,,1,1
2025-11-25T16:55:23.277734Z,urllc,uesimtun1,62328,742,62920,752,,1,1
2025-11-25T16:55:23.277734Z,mmtc,uesimtun2,62244,741,62836,751,,1,1
2025-11-25T16:55:23.527585Z,embb,uesimtun0,62664,746,63256,756,,1,1
2025-11-25T16:55:23.527585Z,urllc,uesimtun1,62412,743,63004,753,,1,1
2025-11-25T16:55:23.527585Z,mmtc,uesimtun2,62328,742,62920,752,,1,1
2025-11-25T16:55:23.777902Z,embb,uesimtun0,62748,747,63340,757,,1,1
2025-11-25T16:55:23.777902Z,urllc,uesimtun1,62496,744,63088,754,,1,1
2025-11-25T16:55:23.777902Z,mmtc,uesimtun2,62412,743,63004,753,,1,1
2025-11-25T16:55:24.532051Z,embb,uesimtun0,62832,748,63424,758,,1,1
2025-11-25T16:55:24.532051Z,urllc,uesimtun1,62580,745,63172,755,,1,1
2025-11-25T16:55:24.532051Z,mmtc,uesimtun2,62496,744,63088,754,,1,1
2025-11-25T16:55:24.556791Z,embb,uesimtun0,62916,749,63508,759,,1,1
2025-11-25T16:55:24.556791Z,urllc,uesimtun1,62664,746,63256,756,,1,1
2025-11-25T16:55:24.556791Z,mmtc,uesimtun2,62580,745,63172,755,,1,1
2025-11-25T16:55:24.807201Z,embb,uesimtun0,63000,750,63592,760,,1,1
2025-11-25T16:55:24.807201Z,urllc,uesimtun1,62748,747,63340,757,,1,1
2025-11-25T16:55:24.807201Z,mmtc,uesimtun2,62664,746,63256,756,,1,1
2025-11-25T16:55:25.057588Z,embb,uesimtun0,63084,751,63676,761,,1,1
2025-11-25T16:55:25.057588Z,urllc,uesimtun1,62832,748,63424,758,,1,1
2025-11-25T16:55:25.057588Z,mmtc,uesimtun2,62748,747,63340,757,,1,1
2025-11-25T16:55:25.307220Z,embb,uesimtun0,63168,752,63760,762,,1,1
2025-11-25T16:55:25.307220Z,urllc,uesimtun1,62916,749,63508,759,,1,1
2025-11-25T16:55:25.307220Z,mmtc,uesimtun2,62832,748,63424,758,,1,1
2025-11-25T16:55:25.557335Z,embb,uesimtun0,63252,753,63844,763,,1,1
2025-11-25T16:55:25.557335Z,urllc,uesimtun1,63000,750,63592,760,,1,1
2025-11-25T16:55:25.557335Z,mmtc,uesimtun2,62916,749,63508,759,,1,1
2025-11-25T16:55:25.807664Z,embb,uesimtun0,63336,754,63928,764,,1,1
2025-11-25T16:55:25.807664Z,urllc,uesimtun1,63084,751,63676,761,,1,1
2025-11-25T16:55:25.807664Z,mmtc,uesimtun2,63000,750,63592,760,,1,1
2025-11-25T16:55:26.057349Z,embb,uesimtun0,63420,755,64012,765,,1,1
2025-11-25T16:55:26.057349Z,urllc,uesimtun1,63168,752,63760,762,,1,1
2025-11-25T16:55:26.057349Z,mmtc,uesimtun2,63084,751,63676,761,,1,1
2025-11-25T16:55:26.492329Z,embb,uesimtun0,63504,756,64096,766,,1,1
2025-11-25T16:55:26.492329Z,urllc,uesimtun1,63252,753,63844,763,,1,1
2025-11-25T16:55:26.492329Z,mmtc,uesimtun2,63168,752,63760,762,,1,1
2025-11-25T16:55:26.742734Z,embb,uesimtun0,63588,757,64180,767,,1,1
2025-11-25T16:55:26.742734Z,urllc,uesimtun1,63336,754,63928,764,,1,1
2025-11-25T16:55:26.742734Z,mmtc,uesimtun2,63252,753,63844,763,,1,1
2025-11-25T16:55:26.993031Z,embb,uesimtun0,63672,758,64264,768,,1,1
2025-11-25T16:55:26.993031Z,urllc,uesimtun1,63420,755,64012,765,,1,1
2025-11-25T16:55:26.993031Z,mmtc,uesimtun2,63336,754,63928,764,,1,1
2025-11-25T16:55:27.242644Z,embb,uesimtun0,63756,759,64348,769,,1,1
2025-11-25T16:55:27.242644Z,urllc,uesimtun1,63504,756,64096,766,,1,1
2025-11-25T16:55:27.242644Z,mmtc,uesimtun2,63420,755,64012,765,,1,1
2025-11-25T16:55:27.492652Z,embb,uesimtun0,63840,760,64432,770,,1,1
2025-11-25T16:55:27.492652Z,urllc,uesimtun1,63588,757,64180,767,,1,1
2025-11-25T16:55:27.492652Z,mmtc,uesimtun2,63504,756,64096,766,,1,1
2025-11-25T16:55:27.742975Z,embb,uesimtun0,63924,761,64516,771,,1,1
2025-11-25T16:55:27.742975Z,urllc,uesimtun1,63672,758,64264,768,,1,1
2025-11-25T16:55:27.742975Z,mmtc,uesimtun2,63588,757,64180,767,,1,1
2025-11-25T16:55:27.993031Z,embb,uesimtun0,64008,762,64600,772,,1,1
2025-11-25T16:55:27.993031Z,urllc,uesimtun1,63756,759,64348,769,,1,1
2025-11-25T16:55:27.993031Z,mmtc,uesimtun2,63672,758,64264,768,,1,1
2025-11-25T16:55:28.242762Z,embb,uesimtun0,64092,763,64684,773,,1,1
2025-11-25T16:55:28.242762Z,urllc,uesimtun1,63840,760,64432,770,,1,1
2025-11-25T16:55:28.242762Z,mmtc,uesimtun2,63756,759,64348,769,,1,1
2025-11-25T16:55:28.493094Z,embb,uesimtun0,64176,764,64768,774,,1,1
2025-11-25T16:55:28.493094Z,urllc,uesimtun1,63924,761,64516,771,,1,1
2025-11-25T16:55:28.493094Z,mmtc,uesimtun2,63840,760,64432,770,,1,1
2025-11-25T16:55:28.742872Z,embb,uesimtun0,64260,765,64852,775,,1,1
2025-11-25T16:55:28.742872Z,urllc,uesimtun1,64008,762,64600,772,,1,1
2025-11-25T16:55:28.742872Z,mmtc,uesimtun2,63924,761,64516,771,,1,1
2025-11-25T16:55:28.992730Z,embb,uesimtun0,64344,766,64936,776,,1,1
2025-11-25T16:55:28.992730Z,urllc,uesimtun1,64092,763,64684,773,,1,1
2025-11-25T16:55:28.992730Z,mmtc,uesimtun2,64008,762,64600,772,,1,1
2025-11-25T16:55:29.242826Z,embb,uesimtun0,64428,767,65020,777,,1,1
2025-11-25T16:55:29.242826Z,urllc,uesimtun1,64176,764,64768,774,,1,1
2025-11-25T16:55:29.242826Z,mmtc,uesimtun2,64092,763,64684,773,,1,1
2025-11-25T16:55:29.492766Z,embb,uesimtun0,64512,768,65104,778,,1,1
2025-11-25T16:55:29.492766Z,urllc,uesimtun1,64260,765,64852,775,,1,1
2025-11-25T16:55:29.492766Z,mmtc,uesimtun2,64176,764,64768,774,,1,1
2025-11-25T16:55:29.742935Z,embb,uesimtun0,64596,769,65188,779,,1,1
2025-11-25T16:55:29.742935Z,urllc,uesimtun1,64344,766,64936,776,,1,1
2025-11-25T16:55:29.742935Z,mmtc,uesimtun2,64260,765,64852,775,,1,1
2025-11-25T16:55:29.992640Z,embb,uesimtun0,64680,770,65272,780,,1,1
2025-11-25T16:55:29.992640Z,urllc,uesimtun1,64428,767,65020,777,,1,1
2025-11-25T16:55:29.992640Z,mmtc,uesimtun2,64344,766,64936,776,,1,1
2025-11-25T16:55:30.296090Z,embb,uesimtun0,64764,771,65356,781,,1,1
2025-11-25T16:55:30.296090Z,urllc,uesimtun1,64512,768,65104,778,,1,1
2025-11-25T16:55:30.296090Z,mmtc,uesimtun2,64428,767,65020,777,,1,1
2025-11-25T16:55:30.547011Z,embb,uesimtun0,64848,772,65440,782,,1,1
2025-11-25T16:55:30.547011Z,urllc,uesimtun1,64596,769,65188,779,,1,1
2025-11-25T16:55:30.547011Z,mmtc,uesimtun2,64512,768,65104,778,,1,1
2025-11-25T16:55:30.796980Z,embb,uesimtun0,64932,773,65524,783,,1,1
2025-11-25T16:55:30.796980Z,urllc,uesimtun1,64680,770,65272,780,,1,1
2025-11-25T16:55:30.796980Z,mmtc,uesimtun2,64596,769,65188,779,,1,1
2025-11-25T16:55:31.046780Z,embb,uesimtun0,65016,774,65608,784,,1,1
2025-11-25T16:55:31.046780Z,urllc,uesimtun1,64764,771,65356,781,,1,1
2025-11-25T16:55:31.046780Z,mmtc,uesimtun2,64680,770,65272,780,,1,1
2025-11-25T16:55:31.296551Z,embb,uesimtun0,65100,775,65692,785,,1,1
2025-11-25T16:55:31.296551Z,urllc,uesimtun1,64848,772,65440,782,,1,1
2025-11-25T16:55:31.296551Z,mmtc,uesimtun2,64764,771,65356,781,,1,1
2025-11-25T16:55:31.546722Z,embb,uesimtun0,65184,776,65776,786,,1,1
2025-11-25T16:55:31.546722Z,urllc,uesimtun1,64932,773,65524,783,,1,1
2025-11-25T16:55:31.546722Z,mmtc,uesimtun2,64848,772,65440,782,,1,1
2025-11-25T16:55:31.796797Z,embb,uesimtun0,65268,777,65860,787,,1,1
2025-11-25T16:55:31.796797Z,urllc,uesimtun1,65016,774,65608,784,,1,1
2025-11-25T16:55:31.796797Z,mmtc,uesimtun2,64932,773,65524,783,,1,1
2025-11-25T16:55:32.046626Z,embb,uesimtun0,65352,778,65944,788,,1,1
2025-11-25T16:55:32.046626Z,urllc,uesimtun1,65100,775,65692,785,,1,1
2025-11-25T16:55:32.046626Z,mmtc,uesimtun2,65016,774,65608,784,,1,1
2025-11-25T16:55:32.296339Z,embb,uesimtun0,65436,779,66028,789,,1,1
2025-11-25T16:55:32.296339Z,urllc,uesimtun1,65184,776,65776,786,,1,1
2025-11-25T16:55:32.296339Z,mmtc,uesimtun2,65100,775,65692,785,,1,1
2025-11-25T16:55:32.546442Z,embb,uesimtun0,65520,780,66112,790,,1,1
2025-11-25T16:55:32.546442Z,urllc,uesimtun1,65268,777,65860,787,,1,1
2025-11-25T16:55:32.546442Z,mmtc,uesimtun2,65184,776,65776,786,,1,1
2025-11-25T16:55:32.796699Z,embb,uesimtun0,65604,781,66196,791,,1,1
2025-11-25T16:55:32.796699Z,urllc,uesimtun1,65352,778,65944,788,,1,1
2025-11-25T16:55:32.796699Z,mmtc,uesimtun2,65268,777,65860,787,,1,1
2025-11-25T16:55:33.103332Z,embb,uesimtun0,65688,782,66280,792,,1,1
2025-11-25T16:55:33.103332Z,urllc,uesimtun1,65436,779,66028,789,,1,1
2025-11-25T16:55:33.103332Z,mmtc,uesimtun2,65352,778,65944,788,,1,1
2025-11-25T16:55:33.296323Z,embb,uesimtun0,65772,783,66364,793,,1,1
2025-11-25T16:55:33.296323Z,urllc,uesimtun1,65520,780,66112,790,,1,1
2025-11-25T16:55:33.296323Z,mmtc,uesimtun2,65436,779,66028,789,,1,1
2025-11-25T16:55:33.546735Z,embb,uesimtun0,65856,784,66448,794,,1,1
2025-11-25T16:55:33.546735Z,urllc,uesimtun1,65604,781,66196,791,,1,1
2025-11-25T16:55:33.546735Z,mmtc,uesimtun2,65520,780,66112,790,,1,1
2025-11-25T16:55:33.796652Z,embb,uesimtun0,65940,785,66532,795,,1,1
2025-11-25T16:55:33.796652Z,urllc,uesimtun1,65688,782,66280,792,,1,1
2025-11-25T16:55:33.796652Z,mmtc,uesimtun2,65604,781,66196,791,,1,1
2025-11-25T16:55:34.046661Z,embb,uesimtun0,66024,786,66616,796,,1,1
2025-11-25T16:55:34.046661Z,urllc,uesimtun1,65772,783,66364,793,,1,1
2025-11-25T16:55:34.046661Z,mmtc,uesimtun2,65688,782,66280,792,,1,1
2025-11-25T16:55:34.297367Z,embb,uesimtun0,66108,787,66700,797,,1,1
2025-11-25T16:55:34.297367Z,urllc,uesimtun1,65856,784,66448,794,,1,1
2025-11-25T16:55:34.297367Z,mmtc,uesimtun2,65772,783,66364,793,,1,1
2025-11-25T16:55:34.547914Z,embb,uesimtun0,66192,788,66784,798,,1,1
2025-11-25T16:55:34.547914Z,urllc,uesimtun1,65940,785,66532,795,,1,1
2025-11-25T16:55:34.547914Z,mmtc,uesimtun2,65856,784,66448,794,,1,1
2025-11-25T16:55:34.798075Z,embb,uesimtun0,66276,789,66868,799,,1,1
2025-11-25T16:55:34.798075Z,urllc,uesimtun1,66024,786,66616,796,,1,1
2025-11-25T16:55:34.798075Z,mmtc,uesimtun2,65940,785,66532,795,,1,1
2025-11-25T16:55:35.089537Z,embb,uesimtun0,66360,790,66952,800,,1,1
2025-11-25T16:55:35.089537Z,urllc,uesimtun1,66108,787,66700,797,,1,1
2025-11-25T16:55:35.089537Z,mmtc,uesimtun2,66024,786,66616,796,,1,1
2025-11-25T16:55:35.297620Z,embb,uesimtun0,66444,791,67036,801,,1,1
2025-11-25T16:55:35.297620Z,urllc,uesimtun1,66192,788,66784,798,,1,1
2025-11-25T16:55:35.297620Z,mmtc,uesimtun2,66108,787,66700,797,,1,1
2025-11-25T16:55:35.547946Z,embb,uesimtun0,66528,792,67120,802,,1,1
2025-11-25T16:55:35.547946Z,urllc,uesimtun1,66276,789,66868,799,,1,1
2025-11-25T16:55:35.547946Z,mmtc,uesimtun2,66192,788,66784,798,,1,1
2025-11-25T16:55:35.797842Z,embb,uesimtun0,66612,793,67204,803,,1,1
2025-11-25T16:55:35.797842Z,urllc,uesimtun1,66360,790,66952,800,,1,1
2025-11-25T16:55:35.797842Z,mmtc,uesimtun2,66276,789,66868,799,,1,1
2025-11-25T16:55:36.047864Z,embb,uesimtun0,66696,794,67288,804,,1,1
2025-11-25T16:55:36.047864Z,urllc,uesimtun1,66444,791,67036,801,,1,1
2025-11-25T16:55:36.047864Z,mmtc,uesimtun2,66360,790,66952,800,,1,1
2025-11-25T16:55:36.297697Z,embb,uesimtun0,66780,795,67372,805,,1,1
2025-11-25T16:55:36.297697Z,urllc,uesimtun1,66528,792,67120,802,,1,1
2025-11-25T16:55:36.297697Z,mmtc,uesimtun2,66444,791,67036,801,,1,1
2025-11-25T16:55:36.547788Z,embb,uesimtun0,66864,796,67456,806,,1,1
2025-11-25T16:55:36.547788Z,urllc,uesimtun1,66612,793,67204,803,,1,1
2025-11-25T16:55:36.547788Z,mmtc,uesimtun2,66528,792,67120,802,,1,1
2025-11-25T16:55:36.797889Z,embb,uesimtun0,66948,797,67540,807,,1,1
2025-11-25T16:55:36.797889Z,urllc,uesimtun1,66696,794,67288,804,,1,1
2025-11-25T16:55:36.797889Z,mmtc,uesimtun2,66612,793,67204,803,,1,1
2025-11-25T16:55:37.048072Z,embb,uesimtun0,67032,798,67624,808,,1,1
2025-11-25T16:55:37.048072Z,urllc,uesimtun1,66780,795,67372,805,,1,1
2025-11-25T16:55:37.048072Z,mmtc,uesimtun2,66696,794,67288,804,,1,1
2025-11-25T16:55:37.297469Z,embb,uesimtun0,67116,799,67708,809,,1,1
2025-11-25T16:55:37.297469Z,urllc,uesimtun1,66864,796,67456,806,,1,1
2025-11-25T16:55:37.297469Z,mmtc,uesimtun2,66780,795,67372,805,,1,1
2025-11-25T16:55:37.547955Z,embb,uesimtun0,67200,800,67792,810,,1,1
2025-11-25T16:55:37.547955Z,urllc,uesimtun1,66948,797,67540,807,,1,1
2025-11-25T16:55:37.547955Z,mmtc,uesimtun2,66864,796,67456,806,,1,1
2025-11-25T16:55:37.797961Z,embb,uesimtun0,67284,801,67876,811,,1,1
2025-11-25T16:55:37.797961Z,urllc,uesimtun1,67032,798,67624,808,,1,1
2025-11-25T16:55:37.797961Z,mmtc,uesimtun2,66948,797,67540,807,,1,1
2025-11-25T16:55:38.047948Z,embb,uesimtun0,67368,802,67960,812,,1,1
2025-11-25T16:55:38.047948Z,urllc,uesimtun1,67116,799,67708,809,,1,1
2025-11-25T16:55:38.047948Z,mmtc,uesimtun2,67032,798,67624,808,,1,1
2025-11-25T16:55:38.297673Z,embb,uesimtun0,67452,803,68044,813,,1,1
2025-11-25T16:55:38.297673Z,urllc,uesimtun1,67200,800,67792,810,,1,1
2025-11-25T16:55:38.297673Z,mmtc,uesimtun2,67116,799,67708,809,,1,1
2025-11-25T16:55:38.548073Z,embb,uesimtun0,67536,804,68128,814,,1,1
2025-11-25T16:55:38.548073Z,urllc,uesimtun1,67284,801,67876,811,,1,1
2025-11-25T16:55:38.548073Z,mmtc,uesimtun2,67200,800,67792,810,,1,1
2025-11-25T16:55:38.798062Z,embb,uesimtun0,67620,805,68212,815,,1,1
2025-11-25T16:55:38.798062Z,urllc,uesimtun1,67368,802,67960,812,,1,1
2025-11-25T16:55:38.798062Z,mmtc,uesimtun2,67284,801,67876,811,,1,1
2025-11-25T16:55:39.106229Z,embb,uesimtun0,67704,806,68296,816,,1,1
2025-11-25T16:55:39.106229Z,urllc,uesimtun1,67452,803,68044,813,,1,1
2025-11-25T16:55:39.106229Z,mmtc,uesimtun2,67368,802,67960,812,,1,1
2025-11-25T16:55:39.297873Z,embb,uesimtun0,67788,807,68380,817,,1,1
2025-11-25T16:55:39.297873Z,urllc,uesimtun1,67536,804,68128,814,,1,1
2025-11-25T16:55:39.297873Z,mmtc,uesimtun2,67452,803,68044,813,,1,1
2025-11-25T16:55:39.547714Z,embb,uesimtun0,67872,808,68464,818,,1,1
2025-11-25T16:55:39.547714Z,urllc,uesimtun1,67620,805,68212,815,,1,1
2025-11-25T16:55:39.547714Z,mmtc,uesimtun2,67536,804,68128,814,,1,1
2025-11-25T16:55:39.797701Z,embb,uesimtun0,67956,809,68548,819,,1,1
2025-11-25T16:55:39.797701Z,urllc,uesimtun1,67704,806,68296,816,,1,1
2025-11-25T16:55:39.797701Z,mmtc,uesimtun2,67620,805,68212,815,,1,1
2025-11-25T16:55:40.088203Z,embb,uesimtun0,68040,810,68632,820,,1,1
2025-11-25T16:55:40.088203Z,urllc,uesimtun1,67788,807,68380,817,,1,1
2025-11-25T16:55:40.088203Z,mmtc,uesimtun2,67704,806,68296,816,,1,1
2025-11-25T16:55:40.297521Z,embb,uesimtun0,68124,811,68716,821,,1,1
2025-11-25T16:55:40.297521Z,urllc,uesimtun1,67872,808,68464,818,,1,1
2025-11-25T16:55:40.297521Z,mmtc,uesimtun2,67788,807,68380,817,,1,1
2025-11-25T16:55:40.547855Z,embb,uesimtun0,68208,812,68800,822,,1,1
2025-11-25T16:55:40.547855Z,urllc,uesimtun1,67956,809,68548,819,,1,1
2025-11-25T16:55:40.547855Z,mmtc,uesimtun2,67872,808,68464,818,,1,1
2025-11-25T16:55:40.797522Z,embb,uesimtun0,68292,813,68884,823,,1,1
2025-11-25T16:55:40.797522Z,urllc,uesimtun1,68040,810,68632,820,,1,1
2025-11-25T16:55:40.797522Z,mmtc,uesimtun2,67956,809,68548,819,,1,1
2025-11-25T16:55:41.098971Z,embb,uesimtun0,68376,814,68968,824,,1,1
2025-11-25T16:55:41.098971Z,urllc,uesimtun1,68124,811,68716,821,,1,1
2025-11-25T16:55:41.098971Z,mmtc,uesimtun2,68040,810,68632,820,,1,1
2025-11-25T16:55:41.354989Z,embb,uesimtun0,68460,815,69052,825,,1,1
2025-11-25T16:55:41.354989Z,urllc,uesimtun1,68124,811,68800,822,,1,1
2025-11-25T16:55:41.354989Z,mmtc,uesimtun2,68124,811,68716,821,,1,1
2025-11-25T16:55:41.605717Z,embb,uesimtun0,68544,816,69136,826,,1,1
2025-11-25T16:55:41.605717Z,urllc,uesimtun1,68292,813,68884,823,,1,1
2025-11-25T16:55:41.605717Z,mmtc,uesimtun2,68208,812,68800,822,,1,1
2025-11-25T16:55:41.855548Z,embb,uesimtun0,68628,817,69220,827,,1,1
2025-11-25T16:55:41.855548Z,urllc,uesimtun1,68376,814,68968,824,,1,1
2025-11-25T16:55:41.855548Z,mmtc,uesimtun2,68292,813,68884,823,,1,1
2025-11-25T16:55:42.105760Z,embb,uesimtun0,68712,818,69304,828,,1,1
2025-11-25T16:55:42.105760Z,urllc,uesimtun1,68460,815,69052,825,,1,1
2025-11-25T16:55:42.105760Z,mmtc,uesimtun2,68376,814,68968,824,,1,1
2025-11-25T16:55:42.355157Z,embb,uesimtun0,68796,819,69388,829,,1,1
2025-11-25T16:55:42.355157Z,urllc,uesimtun1,68544,816,69136,826,,1,1
2025-11-25T16:55:42.355157Z,mmtc,uesimtun2,68460,815,69052,825,,1,1
2025-11-25T16:55:42.605437Z,embb,uesimtun0,68880,820,69472,830,,1,1
2025-11-25T16:55:42.605437Z,urllc,uesimtun1,68628,817,69220,827,,1,1
2025-11-25T16:55:42.605437Z,mmtc,uesimtun2,68544,816,69136,826,,1,1
2025-11-25T16:55:42.855432Z,embb,uesimtun0,68964,821,69556,831,,1,1
2025-11-25T16:55:42.855432Z,urllc,uesimtun1,68712,818,69304,828,,1,1
2025-11-25T16:55:42.855432Z,mmtc,uesimtun2,68628,817,69220,827,,1,1
2025-11-25T16:55:43.105546Z,embb,uesimtun0,69048,822,69640,832,,1,1
2025-11-25T16:55:43.105546Z,urllc,uesimtun1,68796,819,69388,829,,1,1
2025-11-25T16:55:43.105546Z,mmtc,uesimtun2,68712,818,69304,828,,1,1
2025-11-25T16:55:43.355361Z,embb,uesimtun0,69132,823,69724,833,,1,1
2025-11-25T16:55:43.355361Z,urllc,uesimtun1,68880,820,69472,830,,1,1
2025-11-25T16:55:43.355361Z,mmtc,uesimtun2,68796,819,69388,829,,1,1
2025-11-25T16:55:43.605482Z,embb,uesimtun0,69216,824,69808,834,,1,1
2025-11-25T16:55:43.605482Z,urllc,uesimtun1,68964,821,69556,831,,1,1
2025-11-25T16:55:43.605482Z,mmtc,uesimtun2,68880,820,69472,830,,1,1
2025-11-25T16:55:43.856912Z,embb,uesimtun0,69300,825,69892,835,,1,1
2025-11-25T16:55:43.856912Z,urllc,uesimtun1,69048,822,69640,832,,1,1
2025-11-25T16:55:43.856912Z,mmtc,uesimtun2,68964,821,69556,831,,1,1
2025-11-25T16:55:44.105514Z,embb,uesimtun0,69384,826,69976,836,,1,1
2025-11-25T16:55:44.105514Z,urllc,uesimtun1,69132,823,69724,833,,1,1
2025-11-25T16:55:44.105514Z,mmtc,uesimtun2,69048,822,69640,832,,1,1
2025-11-25T16:55:44.355268Z,embb,uesimtun0,69468,827,70060,837,,1,1
2025-11-25T16:55:44.355268Z,urllc,uesimtun1,69216,824,69808,834,,1,1
2025-11-25T16:55:44.355268Z,mmtc,uesimtun2,69132,823,69724,833,,1,1
2025-11-25T16:55:44.609073Z,embb,uesimtun0,69552,828,70144,838,,1,1
2025-11-25T16:55:44.609073Z,urllc,uesimtun1,69300,825,69892,835,,1,1
2025-11-25T16:55:44.609073Z,mmtc,uesimtun2,69216,824,69808,834,,1,1
2025-11-25T16:55:44.855774Z,embb,uesimtun0,69636,829,70228,839,,1,1
2025-11-25T16:55:44.855774Z,urllc,uesimtun1,69384,826,69976,836,,1,1
2025-11-25T16:55:44.855774Z,mmtc,uesimtun2,69300,825,69892,835,,1,1
2025-11-25T16:55:45.105708Z,embb,uesimtun0,69720,830,70312,840,,1,1
2025-11-25T16:55:45.105708Z,urllc,uesimtun1,69468,827,70060,837,,1,1
2025-11-25T16:55:45.105708Z,mmtc,uesimtun2,69384,826,69976,836,,1,1
2025-11-25T16:55:45.355427Z,embb,uesimtun0,69804,831,70396,841,,1,1
2025-11-25T16:55:45.355427Z,urllc,uesimtun1,69552,828,70144,838,,1,1
2025-11-25T16:55:45.355427Z,mmtc,uesimtun2,69468,827,70060,837,,1,1
2025-11-25T16:55:45.605419Z,embb,uesimtun0,69888,832,70480,842,,1,1
2025-11-25T16:55:45.605419Z,urllc,uesimtun1,69636,829,70228,839,,1,1
2025-11-25T16:55:45.605419Z,mmtc,uesimtun2,69552,828,70144,838,,1,1
2025-11-25T16:55:45.855476Z,embb,uesimtun0,69972,833,70564,843,,1,1
2025-11-25T16:55:45.855476Z,urllc,uesimtun1,69720,830,70312,840,,1,1
2025-11-25T16:55:45.855476Z,mmtc,uesimtun2,69636,829,70228,839,,1,1
2025-11-25T16:55:46.105340Z,embb,uesimtun0,70056,834,70648,844,,1,1
2025-11-25T16:55:46.105340Z,urllc,uesimtun1,69804,831,70396,841,,1,1
2025-11-25T16:55:46.105340Z,mmtc,uesimtun2,69720,830,70312,840,,1,1
2025-11-25T16:55:46.355588Z,embb,uesimtun0,70140,835,70732,845,,1,1
2025-11-25T16:55:46.355588Z,urllc,uesimtun1,69888,832,70480,842,,1,1
2025-11-25T16:55:46.355588Z,mmtc,uesimtun2,69804,831,70396,841,,1,1
2025-11-25T16:55:46.605477Z,embb,uesimtun0,70224,836,70816,846,,1,1
2025-11-25T16:55:46.605477Z,urllc,uesimtun1,69972,833,70564,843,,1,1
2025-11-25T16:55:46.605477Z,mmtc,uesimtun2,69888,832,70480,842,,1,1
2025-11-25T16:55:46.855589Z,embb,uesimtun0,70308,837,70900,847,,1,1
2025-11-25T16:55:46.855589Z,urllc,uesimtun1,70056,834,70648,844,,1,1
2025-11-25T16:55:46.855589Z,mmtc,uesimtun2,69972,833,70564,843,,1,1
2025-11-25T16:55:47.105550Z,embb,uesimtun0,70392,838,70984,848,,1,1
2025-11-25T16:55:47.105550Z,urllc,uesimtun1,70140,835,70732,845,,1,1
2025-11-25T16:55:47.105550Z,mmtc,uesimtun2,70056,834,70648,844,,1,1
2025-11-25T16:55:47.355301Z,embb,uesimtun0,70476,839,71068,849,,1,1
2025-11-25T16:55:47.355301Z,urllc,uesimtun1,70224,836,70816,846,,1,1
2025-11-25T16:55:47.355301Z,mmtc,uesimtun2,70140,835,70732,845,,1,1
2025-11-25T16:55:47.605390Z,embb,uesimtun0,70560,840,71152,850,,1,1
2025-11-25T16:55:47.605390Z,urllc,uesimtun1,70308,837,70900,847,,1,1
2025-11-25T16:55:47.605390Z,mmtc,uesimtun2,70224,836,70816,846,,1,1
2025-11-25T16:55:47.855666Z,embb,uesimtun0,70644,841,71236,851,,1,1
2025-11-25T16:55:47.855666Z,urllc,uesimtun1,70392,838,70984,848,,1,1
2025-11-25T16:55:47.855666Z,mmtc,uesimtun2,70308,837,70900,847,,1,1
2025-11-25T16:55:48.105647Z,embb,uesimtun0,70728,842,71320,852,,1,1
2025-11-25T16:55:48.105647Z,urllc,uesimtun1,70476,839,71068,849,,1,1
2025-11-25T16:55:48.105647Z,mmtc,uesimtun2,70392,838,70984,848,,1,1
2025-11-25T16:55:48.355582Z,embb,uesimtun0,70812,843,71404,853,,1,1
2025-11-25T16:55:48.355582Z,urllc,uesimtun1,70560,840,71152,850,,1,1
2025-11-25T16:55:48.355582Z,mmtc,uesimtun2,70476,839,71068,849,,1,1
2025-11-25T16:55:48.605398Z,embb,uesimtun0,70896,844,71488,854,,1,1
2025-11-25T16:55:48.605398Z,urllc,uesimtun1,70644,841,71236,851,,1,1
2025-11-25T16:55:48.605398Z,mmtc,uesimtun2,70560,840,71152,850,,1,1
2025-11-25T16:55:48.855107Z,embb,uesimtun0,70980,845,71572,855,,1,1
2025-11-25T16:55:48.855107Z,urllc,uesimtun1,70728,842,71320,852,,1,1
2025-11-25T16:55:48.855107Z,mmtc,uesimtun2,70644,841,71236,851,,1,1
2025-11-25T16:55:49.105146Z,embb,uesimtun0,71064,846,71656,856,,1,1
2025-11-25T16:55:49.105146Z,urllc,uesimtun1,70812,843,71404,853,,1,1
2025-11-25T16:55:49.105146Z,mmtc,uesimtun2,70728,842,71320,852,,1,1
2025-11-25T16:55:49.355169Z,embb,uesimtun0,71148,847,71740,857,,1,1
2025-11-25T16:55:49.355169Z,urllc,uesimtun1,70896,844,71488,854,,1,1
2025-11-25T16:55:49.355169Z,mmtc,uesimtun2,70812,843,71404,853,,1,1
2025-11-25T16:55:49.605810Z,embb,uesimtun0,71232,848,71824,858,,1,1
2025-11-25T16:55:49.605810Z,urllc,uesimtun1,70980,845,71572,855,,1,1
2025-11-25T16:55:49.605810Z,mmtc,uesimtun2,70896,844,71488,854,,1,1
2025-11-25T16:55:49.855769Z,embb,uesimtun0,71316,849,71908,859,,1,1
2025-11-25T16:55:49.855769Z,urllc,uesimtun1,71064,846,71656,856,,1,1
2025-11-25T16:55:49.855769Z,mmtc,uesimtun2,70980,845,71572,855,,1,1
2025-11-25T16:55:50.105506Z,embb,uesimtun0,71400,850,71992,860,,1,1
2025-11-25T16:55:50.105506Z,urllc,uesimtun1,71148,847,71740,857,,1,1
2025-11-25T16:55:50.105506Z,mmtc,uesimtun2,71064,846,71656,856,,1,1
2025-11-25T16:55:50.355210Z,embb,uesimtun0,71484,851,72076,861,,1,1
2025-11-25T16:55:50.355210Z,urllc,uesimtun1,71232,848,71824,858,,1,1
2025-11-25T16:55:50.355210Z,mmtc,uesimtun2,71148,847,71740,857,,1,1
2025-11-25T16:55:50.605639Z,embb,uesimtun0,71568,852,72160,862,,1,1
2025-11-25T16:55:50.605639Z,urllc,uesimtun1,71316,849,71908,859,,1,1
2025-11-25T16:55:50.605639Z,mmtc,uesimtun2,71232,848,71824,858,,1,1
2025-11-25T16:55:50.855528Z,embb,uesimtun0,71652,853,72244,863,,1,1
2025-11-25T16:55:50.855528Z,urllc,uesimtun1,71400,850,71992,860,,1,1
2025-11-25T16:55:50.855528Z,mmtc,uesimtun2,71316,849,71908,859,,1,1
2025-11-25T16:55:51.106867Z,embb,uesimtun0,71736,854,72328,864,,1,1
2025-11-25T16:55:51.106867Z,urllc,uesimtun1,71484,851,72076,861,,1,1
2025-11-25T16:55:51.106867Z,mmtc,uesimtun2,71400,850,71992,860,,1,1
2025-11-25T16:55:51.355402Z,embb,uesimtun0,71820,855,72412,865,,1,1
2025-11-25T16:55:51.355402Z,urllc,uesimtun1,71568,852,72160,862,,1,1
2025-11-25T16:55:51.355402Z,mmtc,uesimtun2,71484,851,72076,861,,1,1
2025-11-25T16:55:51.605639Z,embb,uesimtun0,71904,856,72496,866,,1,1
2025-11-25T16:55:51.605639Z,urllc,uesimtun1,71652,853,72244,863,,1,1
2025-11-25T16:55:51.605639Z,mmtc,uesimtun2,71568,852,72160,862,,1,1
2025-11-25T16:55:51.855263Z,embb,uesimtun0,71988,857,72580,867,,1,1
2025-11-25T16:55:51.855263Z,urllc,uesimtun1,71736,854,72328,864,,1,1
2025-11-25T16:55:51.855263Z,mmtc,uesimtun2,71652,853,72244,863,,1,1
2025-11-25T16:55:52.105629Z,embb,uesimtun0,72072,858,72664,868,,1,1
2025-11-25T16:55:52.105629Z,urllc,uesimtun1,71820,855,72412,865,,1,1
2025-11-25T16:55:52.105629Z,mmtc,uesimtun2,71736,854,72328,864,,1,1
2025-11-25T16:55:52.355191Z,embb,uesimtun0,72156,859,72748,869,,1,1
2025-11-25T16:55:52.355191Z,urllc,uesimtun1,71904,856,72496,866,,1,1
2025-11-25T16:55:52.355191Z,mmtc,uesimtun2,71820,855,72412,865,,1,1
2025-11-25T16:55:52.605245Z,embb,uesimtun0,72240,860,72832,870,,1,1
2025-11-25T16:55:52.605245Z,urllc,uesimtun1,71988,857,72580,867,,1,1
2025-11-25T16:55:52.605245Z,mmtc,uesimtun2,71904,856,72496,866,,1,1
2025-11-25T16:55:52.855324Z,embb,uesimtun0,72324,861,72916,871,,1,1
2025-11-25T16:55:52.855324Z,urllc,uesimtun1,72072,858,72664,868,,1,1
2025-11-25T16:55:52.855324Z,mmtc,uesimtun2,71988,857,72580,867,,1,1
2025-11-25T16:55:53.105378Z,embb,uesimtun0,72408,862,73000,872,,1,1
2025-11-25T16:55:53.105378Z,urllc,uesimtun1,72156,859,72748,869,,1,1
2025-11-25T16:55:53.105378Z,mmtc,uesimtun2,72072,858,72664,868,,1,1
2025-11-25T16:55:53.355559Z,embb,uesimtun0,72492,863,73084,873,,1,1
2025-11-25T16:55:53.355559Z,urllc,uesimtun1,72240,860,72832,870,,1,1
2025-11-25T16:55:53.355559Z,mmtc,uesimtun2,72156,859,72748,869,,1,1
2025-11-25T16:55:53.605546Z,embb,uesimtun0,72576,864,73168,874,,1,1
2025-11-25T16:55:53.605546Z,urllc,uesimtun1,72324,861,72916,871,,1,1
2025-11-25T16:55:53.605546Z,mmtc,uesimtun2,72240,860,72832,870,,1,1
2025-11-25T16:55:53.855692Z,embb,uesimtun0,72660,865,73252,875,,1,1
2025-11-25T16:55:53.855692Z,urllc,uesimtun1,72408,862,73000,872,,1,1
2025-11-25T16:55:53.855692Z,mmtc,uesimtun2,72324,861,72916,871,,1,1
2025-11-25T16:55:54.105319Z,embb,uesimtun0,72744,866,73336,876,,1,1
2025-11-25T16:55:54.105319Z,urllc,uesimtun1,72492,863,73084,873,,1,1
2025-11-25T16:55:54.105319Z,mmtc,uesimtun2,72408,862,73000,872,,1,1
2025-11-25T16:55:54.355167Z,embb,uesimtun0,72828,867,73420,877,,1,1
2025-11-25T16:55:54.355167Z,urllc,uesimtun1,72576,864,73168,874,,1,1
2025-11-25T16:55:54.355167Z,mmtc,uesimtun2,72492,863,73084,873,,1,1
2025-11-25T16:55:54.605503Z,embb,uesimtun0,72912,868,73504,878,,1,1
2025-11-25T16:55:54.605503Z,urllc,uesimtun1,72660,865,73252,875,,1,1
2025-11-25T16:55:54.605503Z,mmtc,uesimtun2,72576,864,73168,874,,1,1
2025-11-25T16:55:54.855427Z,embb,uesimtun0,72996,869,73588,879,,1,1
2025-11-25T16:55:54.855427Z,urllc,uesimtun1,72744,866,73336,876,,1,1
2025-11-25T16:55:54.855427Z,mmtc,uesimtun2,72660,865,73252,875,,1,1
2025-11-25T16:55:55.105815Z,embb,uesimtun0,73080,870,73672,880,,1,1
2025-11-25T16:55:55.105815Z,urllc,uesimtun1,72828,867,73420,877,,1,1
2025-11-25T16:55:55.105815Z,mmtc,uesimtun2,72744,866,73336,876,,1,1
2025-11-25T16:55:55.355569Z,embb,uesimtun0,73164,871,73756,881,,1,1
2025-11-25T16:55:55.355569Z,urllc,uesimtun1,72912,868,73504,878,,1,1
2025-11-25T16:55:55.355569Z,mmtc,uesimtun2,72828,867,73420,877,,1,1
2025-11-25T16:55:55.605561Z,embb,uesimtun0,73248,872,73840,882,,1,1
2025-11-25T16:55:55.605561Z,urllc,uesimtun1,72996,869,73588,879,,1,1
2025-11-25T16:55:55.605561Z,mmtc,uesimtun2,72912,868,73504,878,,1,1
2025-11-25T16:55:55.855337Z,embb,uesimtun0,73332,873,73924,883,,1,1
2025-11-25T16:55:55.855337Z,urllc,uesimtun1,73080,870,73672,880,,1,1
2025-11-25T16:55:55.855337Z,mmtc,uesimtun2,72996,869,73588,879,,1,1
2025-11-25T16:55:56.106897Z,embb,uesimtun0,73416,874,74008,884,,1,1
2025-11-25T16:55:56.106897Z,urllc,uesimtun1,73164,871,73756,881,,1,1
2025-11-25T16:55:56.106897Z,mmtc,uesimtun2,73080,870,73672,880,,1,1
2025-11-25T16:55:56.355637Z,embb,uesimtun0,73500,875,74092,885,,1,1
2025-11-25T16:55:56.355637Z,urllc,uesimtun1,73248,872,73840,882,,1,1
2025-11-25T16:55:56.355637Z,mmtc,uesimtun2,73164,871,73756,881,,1,1
2025-11-25T16:55:56.605342Z,embb,uesimtun0,73584,876,74176,886,,1,1
2025-11-25T16:55:56.605342Z,urllc,uesimtun1,73332,873,73924,883,,1,1
2025-11-25T16:55:56.605342Z,mmtc,uesimtun2,73248,872,73840,882,,1,1
2025-11-25T16:55:56.858018Z,embb,uesimtun0,73668,877,74260,887,,1,1
2025-11-25T16:55:56.858018Z,urllc,uesimtun1,73416,874,74008,884,,1,1
2025-11-25T16:55:56.858018Z,mmtc,uesimtun2,73332,873,73924,883,,1,1
2025-11-25T16:55:57.105274Z,embb,uesimtun0,73752,878,74344,888,,1,1
2025-11-25T16:55:57.105274Z,urllc,uesimtun1,73500,875,74092,885,,1,1
2025-11-25T16:55:57.105274Z,mmtc,uesimtun2,73416,874,74008,884,,1,1
2025-11-25T16:55:57.355513Z,embb,uesimtun0,73836,879,74428,889,,1,1
2025-11-25T16:55:57.355513Z,urllc,uesimtun1,73584,876,74176,886,,1,1
2025-11-25T16:55:57.355513Z,mmtc,uesimtun2,73500,875,74092,885,,1,1
2025-11-25T16:55:57.605446Z,embb,uesimtun0,73920,880,74512,890,,1,1
2025-11-25T16:55:57.605446Z,urllc,uesimtun1,73668,877,74260,887,,1,1
2025-11-25T16:55:57.605446Z,mmtc,uesimtun2,73584,876,74176,886,,1,1
2025-11-25T16:55:57.855482Z,embb,uesimtun0,74004,881,74596,891,,1,1
2025-11-25T16:55:57.855482Z,urllc,uesimtun1,73752,878,74344,888,,1,1
2025-11-25T16:55:57.855482Z,mmtc,uesimtun2,73668,877,74260,887,,1,1
2025-11-25T16:55:58.105609Z,embb,uesimtun0,74088,882,74680,892,,1,1
2025-11-25T16:55:58.105609Z,urllc,uesimtun1,73836,879,74428,889,,1,1
2025-11-25T16:55:58.105609Z,mmtc,uesimtun2,73752,878,74344,888,,1,1
2025-11-25T16:55:58.356355Z,embb,uesimtun0,74172,883,74764,893,,1,1
2025-11-25T16:55:58.356355Z,urllc,uesimtun1,73920,880,74512,890,,1,1
2025-11-25T16:55:58.356355Z,mmtc,uesimtun2,73836,879,74428,889,,1,1
2025-11-25T16:55:58.605273Z,embb,uesimtun0,74256,884,74848,894,,1,1
2025-11-25T16:55:58.605273Z,urllc,uesimtun1,74004,881,74596,891,,1,1
2025-11-25T16:55:58.605273Z,mmtc,uesimtun2,73920,880,74512,890,,1,1
2025-11-25T16:55:58.855463Z,embb,uesimtun0,74340,885,74932,895,,1,1
2025-11-25T16:55:58.855463Z,urllc,uesimtun1,74088,882,74680,892,,1,1
2025-11-25T16:55:58.855463Z,mmtc,uesimtun2,74004,881,74596,891,,1,1
2025-11-25T16:55:59.105800Z,embb,uesimtun0,74424,886,75016,896,,1,1
2025-11-25T16:55:59.105800Z,urllc,uesimtun1,74172,883,74764,893,,1,1
2025-11-25T16:55:59.105800Z,mmtc,uesimtun2,74088,882,74680,892,,1,1
2025-11-25T16:55:59.355469Z,embb,uesimtun0,74508,887,75100,897,,1,1
2025-11-25T16:55:59.355469Z,urllc,uesimtun1,74256,884,74848,894,,1,1
2025-11-25T16:55:59.355469Z,mmtc,uesimtun2,74172,883,74764,893,,1,1
2025-11-25T16:55:59.605216Z,embb,uesimtun0,74592,888,75184,898,,1,1
2025-11-25T16:55:59.605216Z,urllc,uesimtun1,74340,885,74932,895,,1,1
2025-11-25T16:55:59.605216Z,mmtc,uesimtun2,74256,884,74848,894,,1,1
2025-11-25T16:55:59.855310Z,embb,uesimtun0,74676,889,75268,899,,1,1
2025-11-25T16:55:59.855310Z,urllc,uesimtun1,74424,886,75016,896,,1,1
2025-11-25T16:55:59.855310Z,mmtc,uesimtun2,74340,885,74932,895,,1,1
2025-11-25T16:56:00.105079Z,embb,uesimtun0,74760,890,75352,900,,1,1
2025-11-25T16:56:00.105079Z,urllc,uesimtun1,74508,887,75100,897,,1,1
2025-11-25T16:56:00.105079Z,mmtc,uesimtun2,74424,886,75016,896,,1,1
2025-11-25T16:56:00.355197Z,embb,uesimtun0,74844,891,75436,901,,1,1
2025-11-25T16:56:00.355197Z,urllc,uesimtun1,74592,888,75184,898,,1,1
2025-11-25T16:56:00.355197Z,mmtc,uesimtun2,74508,887,75100,897,,1,1
2025-11-25T16:56:00.606910Z,embb,uesimtun0,74928,892,75520,902,,1,1
2025-11-25T16:56:00.606910Z,urllc,uesimtun1,74676,889,75268,899,,1,1
2025-11-25T16:56:00.606910Z,mmtc,uesimtun2,74592,888,75184,898,,1,1
2025-11-25T16:56:00.855703Z,embb,uesimtun0,75012,893,75604,903,,1,1
2025-11-25T16:56:00.855703Z,urllc,uesimtun1,74760,890,75352,900,,1,1
2025-11-25T16:56:00.855703Z,mmtc,uesimtun2,74676,889,75268,899,,1,1
2025-11-25T16:56:01.131585Z,embb,uesimtun0,75096,894,75688,904,,1,1
2025-11-25T16:56:01.131585Z,urllc,uesimtun1,74844,891,75436,901,,1,1
2025-11-25T16:56:01.131585Z,mmtc,uesimtun2,74760,890,75352,900,,1,1
2025-11-25T16:56:01.355205Z,embb,uesimtun0,75180,895,75772,905,,1,1
2025-11-25T16:56:01.355205Z,urllc,uesimtun1,74928,892,75520,902,,1,1
2025-11-25T16:56:01.355205Z,mmtc,uesimtun2,74844,891,75436,901,,1,1
2025-11-25T16:56:01.605254Z,embb,uesimtun0,75264,896,75856,906,,1,1
2025-11-25T16:56:01.605254Z,urllc,uesimtun1,75012,893,75604,903,,1,1
2025-11-25T16:56:01.605254Z,mmtc,uesimtun2,74928,892,75520,902,,1,1
2025-11-25T16:56:01.855283Z,embb,uesimtun0,75348,897,75940,907,,1,1
2025-11-25T16:56:01.855283Z,urllc,uesimtun1,75096,894,75688,904,,1,1
2025-11-25T16:56:01.855283Z,mmtc,uesimtun2,75012,893,75604,903,,1,1
2025-11-25T16:56:02.111229Z,embb,uesimtun0,75432,898,76024,908,,1,1
2025-11-25T16:56:02.111229Z,urllc,uesimtun1,75180,895,75772,905,,1,1
2025-11-25T16:56:02.111229Z,mmtc,uesimtun2,75096,894,75688,904,,1,1
2025-11-25T16:56:02.355623Z,embb,uesimtun0,75516,899,76108,909,,1,1
2025-11-25T16:56:02.355623Z,urllc,uesimtun1,75264,896,75856,906,,1,1
2025-11-25T16:56:02.355623Z,mmtc,uesimtun2,75180,895,75772,905,,1,1
2025-11-25T16:56:02.605176Z,embb,uesimtun0,75600,900,76192,910,,1,1
2025-11-25T16:56:02.605176Z,urllc,uesimtun1,75348,897,75940,907,,1,1
2025-11-25T16:56:02.605176Z,mmtc,uesimtun2,75264,896,75856,906,,1,1
2025-11-25T16:56:02.855759Z,embb,uesimtun0,75684,901,76276,911,,1,1
2025-11-25T16:56:02.855759Z,urllc,uesimtun1,75432,898,76024,908,,1,1
2025-11-25T16:56:02.855759Z,mmtc,uesimtun2,75348,897,75940,907,,1,1
2025-11-25T16:56:03.107673Z,embb,uesimtun0,75768,902,76360,912,,1,1
2025-11-25T16:56:03.107673Z,urllc,uesimtun1,75516,899,76108,909,,1,1
2025-11-25T16:56:03.107673Z,mmtc,uesimtun2,75432,898,76024,908,,1,1
2025-11-25T16:56:03.473791Z,embb,uesimtun0,75768,902,76444,913,,1,1
2025-11-25T16:56:03.473791Z,urllc,uesimtun1,75600,900,76192,910,,1,1
2025-11-25T16:56:03.473791Z,mmtc,uesimtun2,75516,899,76108,909,,1,1
2025-11-25T16:56:03.723898Z,embb,uesimtun0,75936,904,76528,914,,1,1
2025-11-25T16:56:03.723898Z,urllc,uesimtun1,75684,901,76276,911,,1,1
2025-11-25T16:56:03.723898Z,mmtc,uesimtun2,75600,900,76192,910,,1,1
2025-11-25T16:56:03.976708Z,embb,uesimtun0,76020,905,76612,915,,1,1
2025-11-25T16:56:03.976708Z,urllc,uesimtun1,75768,902,76360,912,,1,1
2025-11-25T16:56:03.976708Z,mmtc,uesimtun2,75684,901,76276,911,,1,1
2025-11-25T16:56:04.224553Z,embb,uesimtun0,76104,906,76696,916,,1,1
2025-11-25T16:56:04.224553Z,urllc,uesimtun1,75852,903,76444,913,,1,1
2025-11-25T16:56:04.224553Z,mmtc,uesimtun2,75768,902,76360,912,,1,1
2025-11-25T16:56:04.474113Z,embb,uesimtun0,76188,907,76780,917,,1,1
2025-11-25T16:56:04.474113Z,urllc,uesimtun1,75936,904,76528,914,,1,1
2025-11-25T16:56:04.474113Z,mmtc,uesimtun2,75852,903,76444,913,,1,1
2025-11-25T16:56:04.724084Z,embb,uesimtun0,76272,908,76864,918,,1,1
2025-11-25T16:56:04.724084Z,urllc,uesimtun1,76020,905,76612,915,,1,1
2025-11-25T16:56:04.724084Z,mmtc,uesimtun2,75936,904,76528,914,,1,1
2025-11-25T16:56:04.974572Z,embb,uesimtun0,76356,909,76948,919,,1,1
2025-11-25T16:56:04.974572Z,urllc,uesimtun1,76104,906,76696,916,,1,1
2025-11-25T16:56:04.974572Z,mmtc,uesimtun2,76020,905,76612,915,,1,1
2025-11-25T16:56:05.224635Z,embb,uesimtun0,76440,910,77032,920,,1,1
2025-11-25T16:56:05.224635Z,urllc,uesimtun1,76188,907,76780,917,,1,1
2025-11-25T16:56:05.224635Z,mmtc,uesimtun2,76104,906,76696,916,,1,1
2025-11-25T16:56:05.474519Z,embb,uesimtun0,76524,911,77116,921,,1,1
2025-11-25T16:56:05.474519Z,urllc,uesimtun1,76272,908,76864,918,,1,1
2025-11-25T16:56:05.474519Z,mmtc,uesimtun2,76188,907,76780,917,,1,1
2025-11-25T16:56:05.724714Z,embb,uesimtun0,76608,912,77200,922,,1,1
2025-11-25T16:56:05.724714Z,urllc,uesimtun1,76356,909,76948,919,,1,1
2025-11-25T16:56:05.724714Z,mmtc,uesimtun2,76272,908,76864,918,,1,1
2025-11-25T16:56:05.974506Z,embb,uesimtun0,76692,913,77284,923,,1,1
2025-11-25T16:56:05.974506Z,urllc,uesimtun1,76440,910,77032,920,,1,1
2025-11-25T16:56:05.974506Z,mmtc,uesimtun2,76356,909,76948,919,,1,1
2025-11-25T16:56:06.224474Z,embb,uesimtun0,76776,914,77368,924,,1,1
2025-11-25T16:56:06.224474Z,urllc,uesimtun1,76524,911,77116,921,,1,1
2025-11-25T16:56:06.224474Z,mmtc,uesimtun2,76440,910,77032,920,,1,1
2025-11-25T16:56:06.474708Z,embb,uesimtun0,76860,915,77452,925,,1,1
2025-11-25T16:56:06.474708Z,urllc,uesimtun1,76608,912,77200,922,,1,1
2025-11-25T16:56:06.474708Z,mmtc,uesimtun2,76524,911,77116,921,,1,1
2025-11-25T16:56:06.724420Z,embb,uesimtun0,76944,916,77536,926,,1,1
2025-11-25T16:56:06.724420Z,urllc,uesimtun1,76692,913,77284,923,,1,1
2025-11-25T16:56:06.724420Z,mmtc,uesimtun2,76608,912,77200,922,,1,1
2025-11-25T16:56:06.974509Z,embb,uesimtun0,77028,917,77620,927,,1,1
2025-11-25T16:56:06.974509Z,urllc,uesimtun1,76776,914,77368,924,,1,1
2025-11-25T16:56:06.974509Z,mmtc,uesimtun2,76692,913,77284,923,,1,1
2025-11-25T16:56:07.224620Z,embb,uesimtun0,77112,918,77704,928,,1,1
2025-11-25T16:56:07.224620Z,urllc,uesimtun1,76860,915,77452,925,,1,1
2025-11-25T16:56:07.224620Z,mmtc,uesimtun2,76776,914,77368,924,,1,1
2025-11-25T16:56:07.474344Z,embb,uesimtun0,77196,919,77788,929,,1,1
2025-11-25T16:56:07.474344Z,urllc,uesimtun1,76944,916,77536,926,,1,1
2025-11-25T16:56:07.474344Z,mmtc,uesimtun2,76860,915,77452,925,,1,1
2025-11-25T16:56:07.724125Z,embb,uesimtun0,77280,920,77872,930,,1,1
2025-11-25T16:56:07.724125Z,urllc,uesimtun1,77028,917,77620,927,,1,1
2025-11-25T16:56:07.724125Z,mmtc,uesimtun2,76944,916,77536,926,,1,1
2025-11-25T16:56:07.974228Z,embb,uesimtun0,77364,921,77956,931,,1,1
2025-11-25T16:56:07.974228Z,urllc,uesimtun1,77112,918,77704,928,,1,1
2025-11-25T16:56:07.974228Z,mmtc,uesimtun2,77028,917,77620,927,,1,1
2025-11-25T16:56:08.224220Z,embb,uesimtun0,77448,922,78040,932,,1,1
2025-11-25T16:56:08.224220Z,urllc,uesimtun1,77196,919,77788,929,,1,1
2025-11-25T16:56:08.224220Z,mmtc,uesimtun2,77112,918,77704,928,,1,1
2025-11-25T16:56:08.474577Z,embb,uesimtun0,77532,923,78124,933,,1,1
2025-11-25T16:56:08.474577Z,urllc,uesimtun1,77280,920,77872,930,,1,1
2025-11-25T16:56:08.474577Z,mmtc,uesimtun2,77196,919,77788,929,,1,1
2025-11-25T16:56:08.724230Z,embb,uesimtun0,77616,924,78208,934,,1,1
2025-11-25T16:56:08.724230Z,urllc,uesimtun1,77364,921,77956,931,,1,1
2025-11-25T16:56:08.724230Z,mmtc,uesimtun2,77280,920,77872,930,,1,1
2025-11-25T16:56:08.974574Z,embb,uesimtun0,77700,925,78292,935,,1,1
2025-11-25T16:56:08.974574Z,urllc,uesimtun1,77448,922,78040,932,,1,1
2025-11-25T16:56:08.974574Z,mmtc,uesimtun2,77364,921,77956,931,,1,1
2025-11-25T16:56:09.224562Z,embb,uesimtun0,77784,926,78376,936,,1,1
2025-11-25T16:56:09.224562Z,urllc,uesimtun1,77532,923,78124,933,,1,1
2025-11-25T16:56:09.224562Z,mmtc,uesimtun2,77448,922,78040,932,,1,1
2025-11-25T16:56:09.474523Z,embb,uesimtun0,77868,927,78460,937,,1,1
2025-11-25T16:56:09.474523Z,urllc,uesimtun1,77616,924,78208,934,,1,1
2025-11-25T16:56:09.474523Z,mmtc,uesimtun2,77532,923,78124,933,,1,1
2025-11-25T16:56:09.724080Z,embb,uesimtun0,77952,928,78544,938,,1,1
2025-11-25T16:56:09.724080Z,urllc,uesimtun1,77700,925,78292,935,,1,1
2025-11-25T16:56:09.724080Z,mmtc,uesimtun2,77616,924,78208,934,,1,1
2025-11-25T16:56:09.974302Z,embb,uesimtun0,78036,929,78628,939,,1,1
2025-11-25T16:56:09.974302Z,urllc,uesimtun1,77784,926,78376,936,,1,1
2025-11-25T16:56:09.974302Z,mmtc,uesimtun2,77700,925,78292,935,,1,1
2025-11-25T16:56:10.224091Z,embb,uesimtun0,78120,930,78712,940,,1,1
2025-11-25T16:56:10.224091Z,urllc,uesimtun1,77868,927,78460,937,,1,1
2025-11-25T16:56:10.224091Z,mmtc,uesimtun2,77784,926,78376,936,,1,1
2025-11-25T16:56:10.474702Z,embb,uesimtun0,78204,931,78796,941,,1,1
2025-11-25T16:56:10.474702Z,urllc,uesimtun1,77952,928,78544,938,,1,1
2025-11-25T16:56:10.474702Z,mmtc,uesimtun2,77868,927,78460,937,,1,1
2025-11-25T16:56:10.724130Z,embb,uesimtun0,78288,932,78880,942,,1,1
2025-11-25T16:56:10.724130Z,urllc,uesimtun1,78036,929,78628,939,,1,1
2025-11-25T16:56:10.724130Z,mmtc,uesimtun2,77952,928,78544,938,,1,1
2025-11-25T16:56:10.974141Z,embb,uesimtun0,78372,933,78964,943,,1,1
2025-11-25T16:56:10.974141Z,urllc,uesimtun1,78120,930,78712,940,,1,1
2025-11-25T16:56:10.974141Z,mmtc,uesimtun2,78036,929,78628,939,,1,1
2025-11-25T16:56:11.223876Z,embb,uesimtun0,78456,934,79048,944,,1,1
2025-11-25T16:56:11.223876Z,urllc,uesimtun1,78204,931,78796,941,,1,1
2025-11-25T16:56:11.223876Z,mmtc,uesimtun2,78120,930,78712,940,,1,1
2025-11-25T16:56:11.474184Z,embb,uesimtun0,78540,935,79132,945,,1,1
2025-11-25T16:56:11.474184Z,urllc,uesimtun1,78288,932,78880,942,,1,1
2025-11-25T16:56:11.474184Z,mmtc,uesimtun2,78204,931,78796,941,,1,1
2025-11-25T16:56:11.724015Z,embb,uesimtun0,78624,936,79216,946,,1,1
2025-11-25T16:56:11.724015Z,urllc,uesimtun1,78372,933,78964,943,,1,1
2025-11-25T16:56:11.724015Z,mmtc,uesimtun2,78288,932,78880,942,,1,1
2025-11-25T16:56:11.974487Z,embb,uesimtun0,78708,937,79300,947,,1,1
2025-11-25T16:56:11.974487Z,urllc,uesimtun1,78456,934,79048,944,,1,1
2025-11-25T16:56:11.974487Z,mmtc,uesimtun2,78372,933,78964,943,,1,1
2025-11-25T16:56:12.224316Z,embb,uesimtun0,78792,938,79384,948,,1,1
2025-11-25T16:56:12.224316Z,urllc,uesimtun1,78540,935,79132,945,,1,1
2025-11-25T16:56:12.224316Z,mmtc,uesimtun2,78456,934,79048,944,,1,1
2025-11-25T16:56:12.474330Z,embb,uesimtun0,78876,939,79468,949,,1,1
2025-11-25T16:56:12.474330Z,urllc,uesimtun1,78624,936,79216,946,,1,1
2025-11-25T16:56:12.474330Z,mmtc,uesimtun2,78540,935,79132,945,,1,1
2025-11-25T16:56:12.724267Z,embb,uesimtun0,78960,940,79552,950,,1,1
2025-11-25T16:56:12.724267Z,urllc,uesimtun1,78708,937,79300,947,,1,1
2025-11-25T16:56:12.724267Z,mmtc,uesimtun2,78624,936,79216,946,,1,1
2025-11-25T16:56:12.974454Z,embb,uesimtun0,79044,941,79636,951,,1,1
2025-11-25T16:56:12.974454Z,urllc,uesimtun1,78792,938,79384,948,,1,1
2025-11-25T16:56:12.974454Z,mmtc,uesimtun2,78708,937,79300,947,,1,1
2025-11-25T16:56:13.224182Z,embb,uesimtun0,79128,942,79720,952,,1,1
2025-11-25T16:56:13.224182Z,urllc,uesimtun1,78876,939,79468,949,,1,1
2025-11-25T16:56:13.224182Z,mmtc,uesimtun2,78792,938,79384,948,,1,1
2025-11-25T16:56:13.474220Z,embb,uesimtun0,79212,943,79804,953,,1,1
2025-11-25T16:56:13.474220Z,urllc,uesimtun1,78960,940,79552,950,,1,1
2025-11-25T16:56:13.474220Z,mmtc,uesimtun2,78876,939,79468,949,,1,1
2025-11-25T16:56:13.724364Z,embb,uesimtun0,79296,944,79888,954,,1,1
2025-11-25T16:56:13.724364Z,urllc,uesimtun1,79044,941,79684,952,,1,1
2025-11-25T16:56:13.724364Z,mmtc,uesimtun2,78960,940,79552,950,,1,1
2025-11-25T16:56:13.974168Z,embb,uesimtun0,79380,945,79972,955,,1,1
2025-11-25T16:56:13.974168Z,urllc,uesimtun1,79128,942,79768,953,,1,1
2025-11-25T16:56:13.974168Z,mmtc,uesimtun2,79044,941,79636,951,,1,1
2025-11-25T16:56:14.224281Z,embb,uesimtun0,79464,946,80056,956,,1,1
2025-11-25T16:56:14.224281Z,urllc,uesimtun1,79212,943,79852,954,,1,1
2025-11-25T16:56:14.224281Z,mmtc,uesimtun2,79128,942,79720,952,,1,1
2025-11-25T16:56:14.474486Z,embb,uesimtun0,79548,947,80140,957,,1,1
2025-11-25T16:56:14.474486Z,urllc,uesimtun1,79296,944,79936,955,,1,1
2025-11-25T16:56:14.474486Z,mmtc,uesimtun2,79212,943,79804,953,,1,1
2025-11-25T16:56:14.724370Z,embb,uesimtun0,79632,948,80224,958,,1,1
2025-11-25T16:56:14.724370Z,urllc,uesimtun1,79380,945,80020,956,,1,1
2025-11-25T16:56:14.724370Z,mmtc,uesimtun2,79296,944,79888,954,,1,1
2025-11-25T16:56:14.974206Z,embb,uesimtun0,79716,949,80308,959,,1,1
2025-11-25T16:56:14.974206Z,urllc,uesimtun1,79464,946,80104,957,,1,1
2025-11-25T16:56:14.974206Z,mmtc,uesimtun2,79380,945,79972,955,,1,1
2025-11-25T16:56:15.224120Z,embb,uesimtun0,79800,950,80392,960,,1,1
2025-11-25T16:56:15.224120Z,urllc,uesimtun1,79548,947,80188,958,,1,1
2025-11-25T16:56:15.224120Z,mmtc,uesimtun2,79464,946,80056,956,,1,1
2025-11-25T16:56:15.474530Z,embb,uesimtun0,79884,951,80476,961,,1,1
2025-11-25T16:56:15.474530Z,urllc,uesimtun1,79632,948,80272,959,,1,1
2025-11-25T16:56:15.474530Z,mmtc,uesimtun2,79548,947,80140,957,,1,1
2025-11-25T16:56:15.723899Z,embb,uesimtun0,79968,952,80560,962,,1,1
2025-11-25T16:56:15.723899Z,urllc,uesimtun1,79716,949,80356,960,,1,1
2025-11-25T16:56:15.723899Z,mmtc,uesimtun2,79632,948,80224,958,,1,1
2025-11-25T16:56:15.974077Z,embb,uesimtun0,80052,953,80644,963,,1,1
2025-11-25T16:56:15.974077Z,urllc,uesimtun1,79800,950,80440,961,,1,1
2025-11-25T16:56:15.974077Z,mmtc,uesimtun2,79716,949,80308,959,,1,1
2025-11-25T16:56:16.225671Z,embb,uesimtun0,80136,954,80728,964,,1,1
2025-11-25T16:56:16.225671Z,urllc,uesimtun1,79884,951,80524,962,,1,1
2025-11-25T16:56:16.225671Z,mmtc,uesimtun2,79800,950,80392,960,,1,1
2025-11-25T16:56:16.474503Z,embb,uesimtun0,80220,955,80812,965,,1,1
2025-11-25T16:56:16.474503Z,urllc,uesimtun1,79968,952,80608,963,,1,1
2025-11-25T16:56:16.474503Z,mmtc,uesimtun2,79884,951,80476,961,,1,1
2025-11-25T16:56:16.724682Z,embb,uesimtun0,80304,956,80896,966,,1,1
2025-11-25T16:56:16.724682Z,urllc,uesimtun1,80052,953,80692,964,,1,1
2025-11-25T16:56:16.724682Z,mmtc,uesimtun2,79968,952,80560,962,,1,1
2025-11-25T16:56:16.974039Z,embb,uesimtun0,80388,957,80980,967,,1,1
2025-11-25T16:56:16.974039Z,urllc,uesimtun1,80136,954,80776,965,,1,1
2025-11-25T16:56:16.974039Z,mmtc,uesimtun2,80052,953,80644,963,,1,1
2025-11-25T16:56:17.401995Z,embb,uesimtun0,80472,958,81064,968,,1,1
2025-11-25T16:56:17.401995Z,urllc,uesimtun1,80220,955,80860,966,,1,1
2025-11-25T16:56:17.401995Z,mmtc,uesimtun2,80136,954,80728,964,,1,1
2025-11-25T16:56:17.479780Z,embb,uesimtun0,80556,959,81148,969,,1,1
2025-11-25T16:56:17.479780Z,urllc,uesimtun1,80304,956,80944,967,,1,1
2025-11-25T16:56:17.479780Z,mmtc,uesimtun2,80220,955,80812,965,,1,1
2025-11-25T16:56:17.730349Z,embb,uesimtun0,80640,960,81232,970,,1,1
2025-11-25T16:56:17.730349Z,urllc,uesimtun1,80388,957,81028,968,,1,1
2025-11-25T16:56:17.730349Z,mmtc,uesimtun2,80304,956,80896,966,,1,1
2025-11-25T16:56:17.980671Z,embb,uesimtun0,80724,961,81364,972,,1,1
2025-11-25T16:56:17.980671Z,urllc,uesimtun1,80472,958,81112,969,,1,1
2025-11-25T16:56:17.980671Z,mmtc,uesimtun2,80388,957,80980,967,,1,1
2025-11-25T16:56:18.230149Z,embb,uesimtun0,80808,962,81448,973,,1,1
2025-11-25T16:56:18.230149Z,urllc,uesimtun1,80556,959,81196,970,,1,1
2025-11-25T16:56:18.230149Z,mmtc,uesimtun2,80472,958,81064,968,,1,1
2025-11-25T16:56:18.480460Z,embb,uesimtun0,80892,963,81532,974,,1,1
2025-11-25T16:56:18.480460Z,urllc,uesimtun1,80640,960,81280,971,,1,1
2025-11-25T16:56:18.480460Z,mmtc,uesimtun2,80556,959,81148,969,,1,1
2025-11-25T16:56:18.808784Z,embb,uesimtun0,80976,964,81616,975,,1,1
2025-11-25T16:56:18.808784Z,urllc,uesimtun1,80724,961,81364,972,,1,1
2025-11-25T16:56:18.808784Z,mmtc,uesimtun2,80640,960,81232,970,,1,1
2025-11-25T16:56:19.059270Z,embb,uesimtun0,81060,965,81700,976,,1,1
2025-11-25T16:56:19.059270Z,urllc,uesimtun1,80808,962,81448,973,,1,1
2025-11-25T16:56:19.059270Z,mmtc,uesimtun2,80724,961,81316,971,,1,1
2025-11-25T16:56:19.309187Z,embb,uesimtun0,81144,966,81784,977,,1,1
2025-11-25T16:56:19.309187Z,urllc,uesimtun1,80892,963,81532,974,,1,1
2025-11-25T16:56:19.309187Z,mmtc,uesimtun2,80808,962,81400,972,,1,1
2025-11-25T16:56:19.559594Z,embb,uesimtun0,81228,967,81868,978,,1,1
2025-11-25T16:56:19.559594Z,urllc,uesimtun1,80976,964,81616,975,,1,1
2025-11-25T16:56:19.559594Z,mmtc,uesimtun2,80892,963,81484,973,,1,1
2025-11-25T16:56:19.809209Z,embb,uesimtun0,81312,968,81952,979,,1,1
2025-11-25T16:56:19.809209Z,urllc,uesimtun1,81060,965,81700,976,,1,1
2025-11-25T16:56:19.809209Z,mmtc,uesimtun2,80976,964,81568,974,,1,1
2025-11-25T16:56:20.059229Z,embb,uesimtun0,81396,969,82036,980,,1,1
2025-11-25T16:56:20.059229Z,urllc,uesimtun1,81144,966,81784,977,,1,1
2025-11-25T16:56:20.059229Z,mmtc,uesimtun2,81060,965,81652,975,,1,1
2025-11-25T16:56:20.309396Z,embb,uesimtun0,81480,970,82120,981,,1,1
2025-11-25T16:56:20.309396Z,urllc,uesimtun1,81228,967,81868,978,,1,1
2025-11-25T16:56:20.309396Z,mmtc,uesimtun2,81144,966,81736,976,,1,1
2025-11-25T16:56:20.559139Z,embb,uesimtun0,81564,971,82204,982,,1,1
2025-11-25T16:56:20.559139Z,urllc,uesimtun1,81312,968,81952,979,,1,1
2025-11-25T16:56:20.559139Z,mmtc,uesimtun2,81228,967,81820,977,,1,1
2025-11-25T16:56:20.809097Z,embb,uesimtun0,81648,972,82288,983,,1,1
2025-11-25T16:56:20.809097Z,urllc,uesimtun1,81396,969,82036,980,,1,1
2025-11-25T16:56:20.809097Z,mmtc,uesimtun2,81312,968,81904,978,,1,1
2025-11-25T16:56:21.059557Z,embb,uesimtun0,81732,973,82372,984,,1,1
2025-11-25T16:56:21.059557Z,urllc,uesimtun1,81480,970,82120,981,,1,1
2025-11-25T16:56:21.059557Z,mmtc,uesimtun2,81396,969,81988,979,,1,1
2025-11-25T16:56:21.308956Z,embb,uesimtun0,81816,974,82456,985,,1,1
2025-11-25T16:56:21.308956Z,urllc,uesimtun1,81564,971,82204,982,,1,1
2025-11-25T16:56:21.308956Z,mmtc,uesimtun2,81480,970,82072,980,,1,1
2025-11-25T16:56:21.559618Z,embb,uesimtun0,81900,975,82540,986,,1,1
2025-11-25T16:56:21.559618Z,urllc,uesimtun1,81648,972,82288,983,,1,1
2025-11-25T16:56:21.559618Z,mmtc,uesimtun2,81564,971,82156,981,,1,1
2025-11-25T16:56:21.809319Z,embb,uesimtun0,81984,976,82624,987,,1,1
2025-11-25T16:56:21.809319Z,urllc,uesimtun1,81732,973,82372,984,,1,1
2025-11-25T16:56:21.809319Z,mmtc,uesimtun2,81648,972,82240,982,,1,1
2025-11-25T16:56:22.106334Z,embb,uesimtun0,82068,977,82708,988,,1,1
2025-11-25T16:56:22.106334Z,urllc,uesimtun1,81816,974,82456,985,,1,1
2025-11-25T16:56:22.106334Z,mmtc,uesimtun2,81732,973,82324,983,,1,1
2025-11-25T16:56:22.310758Z,embb,uesimtun0,82152,978,82792,989,,1,1
2025-11-25T16:56:22.310758Z,urllc,uesimtun1,81900,975,82540,986,,1,1
2025-11-25T16:56:22.310758Z,mmtc,uesimtun2,81816,974,82408,984,,1,1
2025-11-25T16:56:22.559078Z,embb,uesimtun0,82236,979,82876,990,,1,1
2025-11-25T16:56:22.559078Z,urllc,uesimtun1,81984,976,82624,987,,1,1
2025-11-25T16:56:22.559078Z,mmtc,uesimtun2,81900,975,82492,985,,1,1
2025-11-25T16:56:22.809325Z,embb,uesimtun0,82320,980,82960,991,,1,1
2025-11-25T16:56:22.809325Z,urllc,uesimtun1,82068,977,82708,988,,1,1
2025-11-25T16:56:22.809325Z,mmtc,uesimtun2,81984,976,82576,986,,1,1
2025-11-25T16:56:23.111729Z,embb,uesimtun0,82404,981,83044,992,,1,1
2025-11-25T16:56:23.111729Z,urllc,uesimtun1,82152,978,82792,989,,1,1
2025-11-25T16:56:23.111729Z,mmtc,uesimtun2,82068,977,82660,987,,1,1
2025-11-25T16:56:23.308817Z,embb,uesimtun0,82488,982,83128,993,,1,1
2025-11-25T16:56:23.308817Z,urllc,uesimtun1,82236,979,82876,990,,1,1
2025-11-25T16:56:23.308817Z,mmtc,uesimtun2,82152,978,82744,988,,1,1
2025-11-25T16:56:23.559176Z,embb,uesimtun0,82572,983,83212,994,,1,1
2025-11-25T16:56:23.559176Z,urllc,uesimtun1,82320,980,82960,991,,1,1
2025-11-25T16:56:23.559176Z,mmtc,uesimtun2,82236,979,82828,989,,1,1
2025-11-25T16:56:23.809113Z,embb,uesimtun0,82656,984,83296,995,,1,1
2025-11-25T16:56:23.809113Z,urllc,uesimtun1,82404,981,83044,992,,1,1
2025-11-25T16:56:23.809113Z,mmtc,uesimtun2,82320,980,82912,990,,1,1
2025-11-25T16:56:24.059375Z,embb,uesimtun0,82740,985,83380,996,,1,1
2025-11-25T16:56:24.059375Z,urllc,uesimtun1,82488,982,83128,993,,1,1
2025-11-25T16:56:24.059375Z,mmtc,uesimtun2,82404,981,82996,991,,1,1
2025-11-25T16:56:24.309261Z,embb,uesimtun0,82824,986,83464,997,,1,1
2025-11-25T16:56:24.309261Z,urllc,uesimtun1,82572,983,83212,994,,1,1
2025-11-25T16:56:24.309261Z,mmtc,uesimtun2,82488,982,83080,992,,1,1
2025-11-25T16:56:24.559111Z,embb,uesimtun0,82908,987,83548,998,,1,1
2025-11-25T16:56:24.559111Z,urllc,uesimtun1,82656,984,83296,995,,1,1
2025-11-25T16:56:24.559111Z,mmtc,uesimtun2,82572,983,83164,993,,1,1
2025-11-25T16:56:24.809107Z,embb,uesimtun0,82992,988,83632,999,,1,1
2025-11-25T16:56:24.809107Z,urllc,uesimtun1,82740,985,83380,996,,1,1
2025-11-25T16:56:24.809107Z,mmtc,uesimtun2,82656,984,83248,994,,1,1
2025-11-25T16:56:25.059112Z,embb,uesimtun0,83076,989,83716,1000,,1,1
2025-11-25T16:56:25.059112Z,urllc,uesimtun1,82824,986,83464,997,,1,1
2025-11-25T16:56:25.059112Z,mmtc,uesimtun2,82740,985,83332,995,,1,1
2025-11-25T16:56:25.309443Z,embb,uesimtun0,83160,990,83800,1001,,1,1
2025-11-25T16:56:25.309443Z,urllc,uesimtun1,82908,987,83548,998,,1,1
2025-11-25T16:56:25.309443Z,mmtc,uesimtun2,82824,986,83416,996,,1,1
2025-11-25T16:56:25.559368Z,embb,uesimtun0,83244,991,83884,1002,,1,1
2025-11-25T16:56:25.559368Z,urllc,uesimtun1,82992,988,83632,999,,1,1
2025-11-25T16:56:25.559368Z,mmtc,uesimtun2,82908,987,83500,997,,1,1
2025-11-25T16:56:25.809650Z,embb,uesimtun0,83328,992,83968,1003,,1,1
2025-11-25T16:56:25.809650Z,urllc,uesimtun1,83076,989,83716,1000,,1,1
2025-11-25T16:56:25.809650Z,mmtc,uesimtun2,82992,988,83584,998,,1,1
2025-11-25T16:56:26.059066Z,embb,uesimtun0,83412,993,84052,1004,,1,1
2025-11-25T16:56:26.059066Z,urllc,uesimtun1,83160,990,83800,1001,,1,1
2025-11-25T16:56:26.059066Z,mmtc,uesimtun2,83076,989,83668,999,,1,1
2025-11-25T16:56:26.309050Z,embb,uesimtun0,83496,994,84136,1005,,1,1
2025-11-25T16:56:26.309050Z,urllc,uesimtun1,83244,991,83884,1002,,1,1
2025-11-25T16:56:26.309050Z,mmtc,uesimtun2,83160,990,83752,1000,,1,1
2025-11-25T16:56:26.559493Z,embb,uesimtun0,83580,995,84220,1006,,1,1
2025-11-25T16:56:26.559493Z,urllc,uesimtun1,83328,992,83968,1003,,1,1
2025-11-25T16:56:26.559493Z,mmtc,uesimtun2,83244,991,83836,1001,,1,1
2025-11-25T16:56:26.809103Z,embb,uesimtun0,83664,996,84304,1007,,1,1
2025-11-25T16:56:26.809103Z,urllc,uesimtun1,83412,993,84052,1004,,1,1
2025-11-25T16:56:26.809103Z,mmtc,uesimtun2,83328,992,83920,1002,,1,1
2025-11-25T16:56:27.058919Z,embb,uesimtun0,83748,997,84388,1008,,1,1
2025-11-25T16:56:27.058919Z,urllc,uesimtun1,83496,994,84136,1005,,1,1
2025-11-25T16:56:27.058919Z,mmtc,uesimtun2,83412,993,84004,1003,,1,1
2025-11-25T16:56:27.309479Z,embb,uesimtun0,83832,998,84472,1009,,1,1
2025-11-25T16:56:27.309479Z,urllc,uesimtun1,83580,995,84220,1006,,1,1
2025-11-25T16:56:27.309479Z,mmtc,uesimtun2,83496,994,84088,1004,,1,1
2025-11-25T16:56:27.559549Z,embb,uesimtun0,83916,999,84556,1010,,1,1
2025-11-25T16:56:27.559549Z,urllc,uesimtun1,83664,996,84304,1007,,1,1
2025-11-25T16:56:27.559549Z,mmtc,uesimtun2,83580,995,84172,1005,,1,1
2025-11-25T16:56:27.809244Z,embb,uesimtun0,84000,1000,84640,1011,,1,1
2025-11-25T16:56:27.809244Z,urllc,uesimtun1,83748,997,84388,1008,,1,1
2025-11-25T16:56:27.809244Z,mmtc,uesimtun2,83664,996,84256,1006,,1,1
2025-11-25T16:56:28.111100Z,embb,uesimtun0,84084,1001,84724,1012,,1,1
2025-11-25T16:56:28.111100Z,urllc,uesimtun1,83832,998,84472,1009,,1,1
2025-11-25T16:56:28.111100Z,mmtc,uesimtun2,83748,997,84340,1007,,1,1
2025-11-25T16:56:28.309062Z,embb,uesimtun0,84168,1002,84808,1013,,1,1
2025-11-25T16:56:28.309062Z,urllc,uesimtun1,83916,999,84556,1010,,1,1
2025-11-25T16:56:28.309062Z,mmtc,uesimtun2,83832,998,84424,1008,,1,1
2025-11-25T16:56:28.559664Z,embb,uesimtun0,84252,1003,84892,1014,,1,1
2025-11-25T16:56:28.559664Z,urllc,uesimtun1,84000,1000,84640,1011,,1,1
2025-11-25T16:56:28.559664Z,mmtc,uesimtun2,83916,999,84508,1009,,1,1
2025-11-25T16:56:28.809053Z,embb,uesimtun0,84336,1004,84976,1015,,1,1
2025-11-25T16:56:28.809053Z,urllc,uesimtun1,84084,1001,84724,1012,,1,1
2025-11-25T16:56:28.809053Z,mmtc,uesimtun2,84000,1000,84592,1010,,1,1
2025-11-25T16:56:29.059378Z,embb,uesimtun0,84420,1005,85060,1016,,1,1
2025-11-25T16:56:29.059378Z,urllc,uesimtun1,84168,1002,84808,1013,,1,1
2025-11-25T16:56:29.059378Z,mmtc,uesimtun2,84084,1001,84676,1011,,1,1
2025-11-25T16:56:29.309436Z,embb,uesimtun0,84504,1006,85144,1017,,1,1
2025-11-25T16:56:29.309436Z,urllc,uesimtun1,84252,1003,84892,1014,,1,1
2025-11-25T16:56:29.309436Z,mmtc,uesimtun2,84168,1002,84760,1012,,1,1
2025-11-25T16:56:29.559072Z,embb,uesimtun0,84588,1007,85228,1018,,1,1
2025-11-25T16:56:29.559072Z,urllc,uesimtun1,84336,1004,84976,1015,,1,1
2025-11-25T16:56:29.559072Z,mmtc,uesimtun2,84252,1003,84844,1013,,1,1
2025-11-25T16:56:29.809478Z,embb,uesimtun0,84672,1008,85312,1019,,1,1
2025-11-25T16:56:29.809478Z,urllc,uesimtun1,84420,1005,85060,1016,,1,1
2025-11-25T16:56:29.809478Z,mmtc,uesimtun2,84336,1004,84928,1014,,1,1
2025-11-25T16:56:30.111520Z,embb,uesimtun0,84756,1009,85396,1020,,1,1
2025-11-25T16:56:30.111520Z,urllc,uesimtun1,84504,1006,85144,1017,,1,1
2025-11-25T16:56:30.111520Z,mmtc,uesimtun2,84420,1005,85012,1015,,1,1
2025-11-25T16:56:30.309246Z,embb,uesimtun0,84840,1010,85480,1021,,1,1
2025-11-25T16:56:30.309246Z,urllc,uesimtun1,84588,1007,85228,1018,,1,1
2025-11-25T16:56:30.309246Z,mmtc,uesimtun2,84504,1006,85096,1016,,1,1
2025-11-25T16:56:30.559050Z,embb,uesimtun0,84924,1011,85564,1022,,1,1
2025-11-25T16:56:30.559050Z,urllc,uesimtun1,84672,1008,85312,1019,,1,1
2025-11-25T16:56:30.559050Z,mmtc,uesimtun2,84588,1007,85180,1017,,1,1
2025-11-25T16:56:30.808908Z,embb,uesimtun0,85008,1012,85648,1023,,1,1
2025-11-25T16:56:30.808908Z,urllc,uesimtun1,84756,1009,85396,1020,,1,1
2025-11-25T16:56:30.808908Z,mmtc,uesimtun2,84672,1008,85264,1018,,1,1
2025-11-25T16:56:31.059521Z,embb,uesimtun0,85092,1013,85732,1024,,1,1
2025-11-25T16:56:31.059521Z,urllc,uesimtun1,84840,1010,85480,1021,,1,1
2025-11-25T16:56:31.059521Z,mmtc,uesimtun2,84756,1009,85348,1019,,1,1
2025-11-25T16:56:31.309247Z,embb,uesimtun0,85176,1014,85816,1025,,1,1
2025-11-25T16:56:31.309247Z,urllc,uesimtun1,84924,1011,85564,1022,,1,1
2025-11-25T16:56:31.309247Z,mmtc,uesimtun2,84840,1010,85432,1020,,1,1
2025-11-25T16:56:31.558950Z,embb,uesimtun0,85260,1015,85900,1026,,1,1
2025-11-25T16:56:31.558950Z,urllc,uesimtun1,85008,1012,85648,1023,,1,1
2025-11-25T16:56:31.558950Z,mmtc,uesimtun2,84924,1011,85516,1021,,1,1
2025-11-25T16:56:31.809115Z,embb,uesimtun0,85344,1016,85984,1027,,1,1
2025-11-25T16:56:31.809115Z,urllc,uesimtun1,85092,1013,85732,1024,,1,1
2025-11-25T16:56:31.809115Z,mmtc,uesimtun2,85008,1012,85600,1022,,1,1
2025-11-25T16:56:32.058831Z,embb,uesimtun0,85428,1017,86068,1028,,1,1
2025-11-25T16:56:32.058831Z,urllc,uesimtun1,85176,1014,85816,1025,,1,1
2025-11-25T16:56:32.058831Z,mmtc,uesimtun2,85092,1013,85684,1023,,1,1
2025-11-25T16:56:32.309030Z,embb,uesimtun0,85512,1018,86152,1029,,1,1
2025-11-25T16:56:32.309030Z,urllc,uesimtun1,85260,1015,85900,1026,,1,1
2025-11-25T16:56:32.309030Z,mmtc,uesimtun2,85176,1014,85768,1024,,1,1
2025-11-25T16:56:32.559122Z,embb,uesimtun0,85596,1019,86236,1030,,1,1
2025-11-25T16:56:32.559122Z,urllc,uesimtun1,85344,1016,85984,1027,,1,1
2025-11-25T16:56:32.559122Z,mmtc,uesimtun2,85260,1015,85852,1025,,1,1
2025-11-25T16:56:32.809441Z,embb,uesimtun0,85680,1020,86320,1031,,1,1
2025-11-25T16:56:32.809441Z,urllc,uesimtun1,85428,1017,86068,1028,,1,1
2025-11-25T16:56:32.809441Z,mmtc,uesimtun2,85344,1016,85936,1026,,1,1
2025-11-25T16:56:33.059331Z,embb,uesimtun0,85764,1021,86404,1032,,1,1
2025-11-25T16:56:33.059331Z,urllc,uesimtun1,85512,1018,86152,1029,,1,1
2025-11-25T16:56:33.059331Z,mmtc,uesimtun2,85428,1017,86020,1027,,1,1
2025-11-25T16:56:33.309110Z,embb,uesimtun0,85848,1022,86488,1033,,1,1
2025-11-25T16:56:33.309110Z,urllc,uesimtun1,85596,1019,86236,1030,,1,1
2025-11-25T16:56:33.309110Z,mmtc,uesimtun2,85512,1018,86104,1028,,1,1
2025-11-25T16:56:33.559029Z,embb,uesimtun0,85932,1023,86572,1034,,1,1
2025-11-25T16:56:33.559029Z,urllc,uesimtun1,85680,1020,86320,1031,,1,1
2025-11-25T16:56:33.559029Z,mmtc,uesimtun2,85596,1019,86188,1029,,1,1
2025-11-25T16:56:33.809681Z,embb,uesimtun0,86016,1024,86656,1035,,1,1
2025-11-25T16:56:33.809681Z,urllc,uesimtun1,85764,1021,86404,1032,,1,1
2025-11-25T16:56:33.809681Z,mmtc,uesimtun2,85680,1020,86272,1030,,1,1
2025-11-25T16:56:34.059058Z,embb,uesimtun0,86100,1025,86740,1036,,1,1
2025-11-25T16:56:34.059058Z,urllc,uesimtun1,85848,1022,86488,1033,,1,1
2025-11-25T16:56:34.059058Z,mmtc,uesimtun2,85764,1021,86356,1031,,1,1
2025-11-25T16:56:34.309148Z,embb,uesimtun0,86184,1026,86824,1037,,1,1
2025-11-25T16:56:34.309148Z,urllc,uesimtun1,85932,1023,86572,1034,,1,1
2025-11-25T16:56:34.309148Z,mmtc,uesimtun2,85848,1022,86440,1032,,1,1
2025-11-25T16:56:34.559086Z,embb,uesimtun0,86268,1027,86908,1038,,1,1
2025-11-25T16:56:34.559086Z,urllc,uesimtun1,86016,1024,86656,1035,,1,1
2025-11-25T16:56:34.559086Z,mmtc,uesimtun2,85932,1023,86524,1033,,1,1
2025-11-25T16:56:34.809527Z,embb,uesimtun0,86352,1028,86992,1039,,1,1
2025-11-25T16:56:34.809527Z,urllc,uesimtun1,86100,1025,86740,1036,,1,1
2025-11-25T16:56:34.809527Z,mmtc,uesimtun2,86016,1024,86608,1034,,1,1
2025-11-25T16:56:35.059663Z,embb,uesimtun0,86436,1029,87076,1040,,1,1
2025-11-25T16:56:35.059663Z,urllc,uesimtun1,86184,1026,86824,1037,,1,1
2025-11-25T16:56:35.059663Z,mmtc,uesimtun2,86100,1025,86692,1035,,1,1
2025-11-25T16:56:35.428391Z,embb,uesimtun0,86436,1029,87160,1041,,1,1
2025-11-25T16:56:35.428391Z,urllc,uesimtun1,86268,1027,86908,1038,,1,1
2025-11-25T16:56:35.428391Z,mmtc,uesimtun2,86184,1026,86776,1036,,1,1
2025-11-25T16:56:35.678948Z,embb,uesimtun0,86604,1031,87244,1042,,1,1
2025-11-25T16:56:35.678948Z,urllc,uesimtun1,86352,1028,86992,1039,,1,1
2025-11-25T16:56:35.678948Z,mmtc,uesimtun2,86268,1027,86860,1037,,1,1
2025-11-25T16:56:35.929203Z,embb,uesimtun0,86688,1032,87328,1043,,1,1
2025-11-25T16:56:35.929203Z,urllc,uesimtun1,86436,1029,87076,1040,,1,1
2025-11-25T16:56:35.929203Z,mmtc,uesimtun2,86352,1028,86944,1038,,1,1
2025-11-25T16:56:36.219490Z,embb,uesimtun0,86772,1033,87412,1044,,1,1
2025-11-25T16:56:36.219490Z,urllc,uesimtun1,86520,1030,87160,1041,,1,1
2025-11-25T16:56:36.219490Z,mmtc,uesimtun2,86436,1029,87028,1039,,1,1
2025-11-25T16:56:36.428454Z,embb,uesimtun0,86856,1034,87496,1045,,1,1
2025-11-25T16:56:36.428454Z,urllc,uesimtun1,86604,1031,87244,1042,,1,1
2025-11-25T16:56:36.428454Z,mmtc,uesimtun2,86520,1030,87112,1040,,1,1
2025-11-25T16:56:36.679019Z,embb,uesimtun0,86940,1035,87580,1046,,1,1
2025-11-25T16:56:36.679019Z,urllc,uesimtun1,86688,1032,87328,1043,,1,1
2025-11-25T16:56:36.679019Z,mmtc,uesimtun2,86604,1031,87196,1041,,1,1
2025-11-25T16:56:36.928663Z,embb,uesimtun0,87024,1036,87664,1047,,1,1
2025-11-25T16:56:36.928663Z,urllc,uesimtun1,86772,1033,87412,1044,,1,1
2025-11-25T16:56:36.928663Z,mmtc,uesimtun2,86688,1032,87280,1042,,1,1
2025-11-25T16:56:37.178808Z,embb,uesimtun0,87108,1037,87748,1048,,1,1
2025-11-25T16:56:37.178808Z,urllc,uesimtun1,86856,1034,87496,1045,,1,1
2025-11-25T16:56:37.178808Z,mmtc,uesimtun2,86772,1033,87364,1043,,1,1
2025-11-25T16:56:37.428713Z,embb,uesimtun0,87192,1038,87832,1049,,1,1
2025-11-25T16:56:37.428713Z,urllc,uesimtun1,86940,1035,87580,1046,,1,1
2025-11-25T16:56:37.428713Z,mmtc,uesimtun2,86856,1034,87448,1044,,1,1
2025-11-25T16:56:37.679125Z,embb,uesimtun0,87276,1039,87916,1050,,1,1
2025-11-25T16:56:37.679125Z,urllc,uesimtun1,87024,1036,87664,1047,,1,1
2025-11-25T16:56:37.679125Z,mmtc,uesimtun2,86940,1035,87532,1045,,1,1
2025-11-25T16:56:37.928850Z,embb,uesimtun0,87360,1040,88000,1051,,1,1
2025-11-25T16:56:37.928850Z,urllc,uesimtun1,87108,1037,87748,1048,,1,1
2025-11-25T16:56:37.928850Z,mmtc,uesimtun2,87024,1036,87616,1046,,1,1
2025-11-25T16:56:38.178885Z,embb,uesimtun0,87444,1041,88084,1052,,1,1
2025-11-25T16:56:38.178885Z,urllc,uesimtun1,87192,1038,87832,1049,,1,1
2025-11-25T16:56:38.178885Z,mmtc,uesimtun2,87108,1037,87748,1048,,1,1
2025-11-25T16:56:38.491599Z,embb,uesimtun0,87528,1042,88168,1053,,1,1
2025-11-25T16:56:38.491599Z,urllc,uesimtun1,87276,1039,87916,1050,,1,1
2025-11-25T16:56:38.491599Z,mmtc,uesimtun2,87192,1038,87832,1049,,1,1
2025-11-25T16:56:38.742118Z,embb,uesimtun0,87612,1043,88252,1054,,1,1
2025-11-25T16:56:38.742118Z,urllc,uesimtun1,87360,1040,88000,1051,,1,1
2025-11-25T16:56:38.742118Z,mmtc,uesimtun2,87276,1039,87916,1050,,1,1
2025-11-25T16:56:38.992439Z,embb,uesimtun0,87696,1044,88336,1055,,1,1
2025-11-25T16:56:38.992439Z,urllc,uesimtun1,87444,1041,88084,1052,,1,1
2025-11-25T16:56:38.992439Z,mmtc,uesimtun2,87360,1040,88000,1051,,1,1
2025-11-25T16:56:39.242446Z,embb,uesimtun0,87780,1045,88420,1056,,1,1
2025-11-25T16:56:39.242446Z,urllc,uesimtun1,87528,1042,88168,1053,,1,1
2025-11-25T16:56:39.242446Z,mmtc,uesimtun2,87444,1041,88084,1052,,1,1
2025-11-25T16:56:39.491775Z,embb,uesimtun0,87864,1046,88504,1057,,1,1
2025-11-25T16:56:39.491775Z,urllc,uesimtun1,87612,1043,88252,1054,,1,1
2025-11-25T16:56:39.491775Z,mmtc,uesimtun2,87528,1042,88168,1053,,1,1
2025-11-25T16:56:39.741956Z,embb,uesimtun0,87948,1047,88588,1058,,1,1
2025-11-25T16:56:39.741956Z,urllc,uesimtun1,87696,1044,88336,1055,,1,1
2025-11-25T16:56:39.741956Z,mmtc,uesimtun2,87612,1043,88252,1054,,1,1
2025-11-25T16:56:39.992525Z,embb,uesimtun0,88032,1048,88672,1059,,1,1
2025-11-25T16:56:39.992525Z,urllc,uesimtun1,87780,1045,88420,1056,,1,1
2025-11-25T16:56:39.992525Z,mmtc,uesimtun2,87696,1044,88336,1055,,1,1
2025-11-25T16:56:40.242369Z,embb,uesimtun0,88116,1049,88756,1060,,1,1
2025-11-25T16:56:40.242369Z,urllc,uesimtun1,87864,1046,88504,1057,,1,1
2025-11-25T16:56:40.242369Z,mmtc,uesimtun2,87780,1045,88420,1056,,1,1
2025-11-25T16:56:40.492346Z,embb,uesimtun0,88200,1050,88840,1061,,1,1
2025-11-25T16:56:40.492346Z,urllc,uesimtun1,87948,1047,88588,1058,,1,1
2025-11-25T16:56:40.492346Z,mmtc,uesimtun2,87864,1046,88504,1057,,1,1
2025-11-25T16:56:40.742046Z,embb,uesimtun0,88284,1051,88924,1062,,1,1
2025-11-25T16:56:40.742046Z,urllc,uesimtun1,88032,1048,88672,1059,,1,1
2025-11-25T16:56:40.742046Z,mmtc,uesimtun2,87948,1047,88588,1058,,1,1
2025-11-25T16:56:40.992526Z,embb,uesimtun0,88368,1052,89008,1063,,1,1
2025-11-25T16:56:40.992526Z,urllc,uesimtun1,88116,1049,88756,1060,,1,1
2025-11-25T16:56:40.992526Z,mmtc,uesimtun2,88032,1048,88672,1059,,1,1
2025-11-25T16:56:41.243166Z,embb,uesimtun0,88452,1053,89092,1064,,1,1
2025-11-25T16:56:41.243166Z,urllc,uesimtun1,88200,1050,88840,1061,,1,1
2025-11-25T16:56:41.243166Z,mmtc,uesimtun2,88116,1049,88756,1060,,1,1
2025-11-25T16:56:41.492323Z,embb,uesimtun0,88536,1054,89176,1065,,1,1
2025-11-25T16:56:41.492323Z,urllc,uesimtun1,88284,1051,88924,1062,,1,1
2025-11-25T16:56:41.492323Z,mmtc,uesimtun2,88200,1050,88840,1061,,1,1
2025-11-25T16:56:41.741752Z,embb,uesimtun0,88620,1055,89260,1066,,1,1
2025-11-25T16:56:41.741752Z,urllc,uesimtun1,88368,1052,89008,1063,,1,1
2025-11-25T16:56:41.741752Z,mmtc,uesimtun2,88284,1051,88924,1062,,1,1
2025-11-25T16:56:41.992305Z,embb,uesimtun0,88704,1056,89344,1067,,1,1
2025-11-25T16:56:41.992305Z,urllc,uesimtun1,88452,1053,89092,1064,,1,1
2025-11-25T16:56:41.992305Z,mmtc,uesimtun2,88368,1052,89008,1063,,1,1
2025-11-25T16:56:42.261530Z,embb,uesimtun0,88788,1057,89428,1068,,1,1
2025-11-25T16:56:42.261530Z,urllc,uesimtun1,88536,1054,89176,1065,,1,1
2025-11-25T16:56:42.261530Z,mmtc,uesimtun2,88452,1053,89092,1064,,1,1
2025-11-25T16:56:42.493679Z,embb,uesimtun0,88872,1058,89512,1069,,1,1
2025-11-25T16:56:42.493679Z,urllc,uesimtun1,88620,1055,89260,1066,,1,1
2025-11-25T16:56:42.493679Z,mmtc,uesimtun2,88536,1054,89176,1065,,1,1
2025-11-25T16:56:42.741939Z,embb,uesimtun0,88956,1059,89596,1070,,1,1
2025-11-25T16:56:42.741939Z,urllc,uesimtun1,88704,1056,89344,1067,,1,1
2025-11-25T16:56:42.741939Z,mmtc,uesimtun2,88620,1055,89260,1066,,1,1
2025-11-25T16:56:42.992257Z,embb,uesimtun0,89040,1060,89680,1071,,1,1
2025-11-25T16:56:42.992257Z,urllc,uesimtun1,88788,1057,89428,1068,,1,1
2025-11-25T16:56:42.992257Z,mmtc,uesimtun2,88704,1056,89344,1067,,1,1
2025-11-25T16:56:43.242208Z,embb,uesimtun0,89124,1061,89764,1072,,1,1
2025-11-25T16:56:43.242208Z,urllc,uesimtun1,88872,1058,89512,1069,,1,1
2025-11-25T16:56:43.242208Z,mmtc,uesimtun2,88788,1057,89428,1068,,1,1
2025-11-25T16:56:43.492070Z,embb,uesimtun0,89208,1062,89848,1073,,1,1
2025-11-25T16:56:43.492070Z,urllc,uesimtun1,88956,1059,89596,1070,,1,1
2025-11-25T16:56:43.492070Z,mmtc,uesimtun2,88872,1058,89512,1069,,1,1
2025-11-25T16:56:43.741964Z,embb,uesimtun0,89292,1063,89932,1074,,1,1
2025-11-25T16:56:43.741964Z,urllc,uesimtun1,89040,1060,89680,1071,,1,1
2025-11-25T16:56:43.741964Z,mmtc,uesimtun2,88956,1059,89596,1070,,1,1
2025-11-25T16:56:43.991972Z,embb,uesimtun0,89376,1064,90016,1075,,1,1
2025-11-25T16:56:43.991972Z,urllc,uesimtun1,89124,1061,89764,1072,,1,1
2025-11-25T16:56:43.991972Z,mmtc,uesimtun2,89040,1060,89680,1071,,1,1
2025-11-25T16:56:44.241864Z,embb,uesimtun0,89460,1065,90100,1076,,1,1
2025-11-25T16:56:44.241864Z,urllc,uesimtun1,89208,1062,89848,1073,,1,1
2025-11-25T16:56:44.241864Z,mmtc,uesimtun2,89124,1061,89764,1072,,1,1
2025-11-25T16:56:44.492106Z,embb,uesimtun0,89544,1066,90184,1077,,1,1
2025-11-25T16:56:44.492106Z,urllc,uesimtun1,89292,1063,89932,1074,,1,1
2025-11-25T16:56:44.492106Z,mmtc,uesimtun2,89208,1062,89848,1073,,1,1
2025-11-25T16:56:44.742511Z,embb,uesimtun0,89628,1067,90268,1078,,1,1
2025-11-25T16:56:44.742511Z,urllc,uesimtun1,89376,1064,90016,1075,,1,1
2025-11-25T16:56:44.742511Z,mmtc,uesimtun2,89292,1063,89932,1074,,1,1
2025-11-25T16:56:44.992178Z,embb,uesimtun0,89712,1068,90352,1079,,1,1
2025-11-25T16:56:44.992178Z,urllc,uesimtun1,89460,1065,90100,1076,,1,1
2025-11-25T16:56:44.992178Z,mmtc,uesimtun2,89376,1064,90016,1075,,1,1
2025-11-25T16:56:45.241692Z,embb,uesimtun0,89796,1069,90436,1080,,1,1
2025-11-25T16:56:45.241692Z,urllc,uesimtun1,89544,1066,90184,1077,,1,1
2025-11-25T16:56:45.241692Z,mmtc,uesimtun2,89460,1065,90100,1076,,1,1
2025-11-25T16:56:45.493396Z,embb,uesimtun0,89880,1070,90520,1081,,1,1
2025-11-25T16:56:45.493396Z,urllc,uesimtun1,89628,1067,90268,1078,,1,1
2025-11-25T16:56:45.493396Z,mmtc,uesimtun2,89544,1066,90184,1077,,1,1
2025-11-25T16:56:45.743697Z,embb,uesimtun0,89964,1071,90604,1082,,1,1
2025-11-25T16:56:45.743697Z,urllc,uesimtun1,89712,1068,90352,1079,,1,1
2025-11-25T16:56:45.743697Z,mmtc,uesimtun2,89628,1067,90268,1078,,1,1
2025-11-25T16:56:45.994274Z,embb,uesimtun0,90048,1072,90688,1083,,1,1
2025-11-25T16:56:45.994274Z,urllc,uesimtun1,89796,1069,90436,1080,,1,1
2025-11-25T16:56:45.994274Z,mmtc,uesimtun2,89712,1068,90352,1079,,1,1
2025-11-25T16:56:46.243992Z,embb,uesimtun0,90132,1073,90772,1084,,1,1
2025-11-25T16:56:46.243992Z,urllc,uesimtun1,89880,1070,90520,1081,,1,1
2025-11-25T16:56:46.243992Z,mmtc,uesimtun2,89796,1069,90436,1080,,1,1
2025-11-25T16:56:46.493587Z,embb,uesimtun0,90216,1074,90856,1085,,1,1
2025-11-25T16:56:46.493587Z,urllc,uesimtun1,89964,1071,90604,1082,,1,1
2025-11-25T16:56:46.493587Z,mmtc,uesimtun2,89880,1070,90520,1081,,1,1
2025-11-25T16:56:46.743839Z,embb,uesimtun0,90300,1075,90940,1086,,1,1
2025-11-25T16:56:46.743839Z,urllc,uesimtun1,90048,1072,90688,1083,,1,1
2025-11-25T16:56:46.743839Z,mmtc,uesimtun2,89964,1071,90604,1082,,1,1
2025-11-25T16:56:46.993965Z,embb,uesimtun0,90384,1076,91024,1087,,1,1
2025-11-25T16:56:46.993965Z,urllc,uesimtun1,90132,1073,90772,1084,,1,1
2025-11-25T16:56:46.993965Z,mmtc,uesimtun2,90048,1072,90688,1083,,1,1
2025-11-25T16:56:47.292131Z,embb,uesimtun0,90468,1077,91108,1088,,1,1
2025-11-25T16:56:47.292131Z,urllc,uesimtun1,90216,1074,90856,1085,,1,1
2025-11-25T16:56:47.292131Z,mmtc,uesimtun2,90132,1073,90772,1084,,1,1
2025-11-25T16:56:47.542524Z,embb,uesimtun0,90552,1078,91192,1089,,1,1
2025-11-25T16:56:47.542524Z,urllc,uesimtun1,90300,1075,90940,1086,,1,1
2025-11-25T16:56:47.542524Z,mmtc,uesimtun2,90216,1074,90856,1085,,1,1
2025-11-25T16:56:47.792837Z,embb,uesimtun0,90636,1079,91276,1090,,1,1
2025-11-25T16:56:47.792837Z,urllc,uesimtun1,90384,1076,91024,1087,,1,1
2025-11-25T16:56:47.792837Z,mmtc,uesimtun2,90300,1075,90940,1086,,1,1
2025-11-25T16:56:48.042770Z,embb,uesimtun0,90720,1080,91360,1091,,1,1
2025-11-25T16:56:48.042770Z,urllc,uesimtun1,90468,1077,91108,1088,,1,1
2025-11-25T16:56:48.042770Z,mmtc,uesimtun2,90384,1076,91024,1087,,1,1
2025-11-25T16:56:48.292776Z,embb,uesimtun0,90804,1081,91444,1092,,1,1
2025-11-25T16:56:48.292776Z,urllc,uesimtun1,90552,1078,91192,1089,,1,1
2025-11-25T16:56:48.292776Z,mmtc,uesimtun2,90468,1077,91108,1088,,1,1
2025-11-25T16:56:48.542804Z,embb,uesimtun0,90888,1082,91528,1093,,1,1
2025-11-25T16:56:48.542804Z,urllc,uesimtun1,90636,1079,91276,1090,,1,1
2025-11-25T16:56:48.542804Z,mmtc,uesimtun2,90552,1078,91192,1089,,1,1
2025-11-25T16:56:48.792785Z,embb,uesimtun0,90972,1083,91612,1094,,1,1
2025-11-25T16:56:48.792785Z,urllc,uesimtun1,90720,1080,91360,1091,,1,1
2025-11-25T16:56:48.792785Z,mmtc,uesimtun2,90636,1079,91276,1090,,1,1
2025-11-25T16:56:49.042433Z,embb,uesimtun0,91056,1084,91696,1095,,1,1
2025-11-25T16:56:49.042433Z,urllc,uesimtun1,90804,1081,91444,1092,,1,1
2025-11-25T16:56:49.042433Z,mmtc,uesimtun2,90720,1080,91360,1091,,1,1
2025-11-25T16:56:49.292268Z,embb,uesimtun0,91140,1085,91780,1096,,1,1
2025-11-25T16:56:49.292268Z,urllc,uesimtun1,90888,1082,91528,1093,,1,1
2025-11-25T16:56:49.292268Z,mmtc,uesimtun2,90804,1081,91444,1092,,1,1
2025-11-25T16:56:49.542619Z,embb,uesimtun0,91224,1086,91864,1097,,1,1
2025-11-25T16:56:49.542619Z,urllc,uesimtun1,90972,1083,91612,1094,,1,1
2025-11-25T16:56:49.542619Z,mmtc,uesimtun2,90888,1082,91528,1093,,1,1
2025-11-25T16:56:49.792628Z,embb,uesimtun0,91308,1087,91948,1098,,1,1
2025-11-25T16:56:49.792628Z,urllc,uesimtun1,91056,1084,91696,1095,,1,1
2025-11-25T16:56:49.792628Z,mmtc,uesimtun2,90972,1083,91612,1094,,1,1
2025-11-25T16:56:50.042810Z,embb,uesimtun0,91392,1088,92032,1099,,1,1
2025-11-25T16:56:50.042810Z,urllc,uesimtun1,91140,1085,91780,1096,,1,1
2025-11-25T16:56:50.042810Z,mmtc,uesimtun2,91056,1084,91696,1095,,1,1
2025-11-25T16:56:50.292510Z,embb,uesimtun0,91476,1089,92116,1100,,1,1
2025-11-25T16:56:50.292510Z,urllc,uesimtun1,91224,1086,91864,1097,,1,1
2025-11-25T16:56:50.292510Z,mmtc,uesimtun2,91140,1085,91780,1096,,1,1
2025-11-25T16:56:50.542913Z,embb,uesimtun0,91560,1090,92200,1101,,1,1
2025-11-25T16:56:50.542913Z,urllc,uesimtun1,91308,1087,91948,1098,,1,1
2025-11-25T16:56:50.542913Z,mmtc,uesimtun2,91224,1086,91864,1097,,1,1
2025-11-25T16:56:50.792571Z,embb,uesimtun0,91644,1091,92284,1102,,1,1
2025-11-25T16:56:50.792571Z,urllc,uesimtun1,91392,1088,92032,1099,,1,1
2025-11-25T16:56:50.792571Z,mmtc,uesimtun2,91308,1087,91948,1098,,1,1
2025-11-25T16:56:51.042644Z,embb,uesimtun0,91728,1092,92368,1103,,1,1
2025-11-25T16:56:51.042644Z,urllc,uesimtun1,91476,1089,92116,1100,,1,1
2025-11-25T16:56:51.042644Z,mmtc,uesimtun2,91392,1088,92032,1099,,1,1
2025-11-25T16:56:51.292611Z,embb,uesimtun0,91812,1093,92452,1104,,1,1
2025-11-25T16:56:51.292611Z,urllc,uesimtun1,91560,1090,92200,1101,,1,1
2025-11-25T16:56:51.292611Z,mmtc,uesimtun2,91476,1089,92116,1100,,1,1
2025-11-25T16:56:51.542540Z,embb,uesimtun0,91896,1094,92536,1105,,1,1
2025-11-25T16:56:51.542540Z,urllc,uesimtun1,91644,1091,92284,1102,,1,1
2025-11-25T16:56:51.542540Z,mmtc,uesimtun2,91560,1090,92200,1101,,1,1
2025-11-25T16:56:51.793027Z,embb,uesimtun0,91980,1095,92620,1106,,1,1
2025-11-25T16:56:51.793027Z,urllc,uesimtun1,91728,1092,92368,1103,,1,1
2025-11-25T16:56:51.793027Z,mmtc,uesimtun2,91644,1091,92284,1102,,1,1
2025-11-25T16:56:52.042988Z,embb,uesimtun0,92064,1096,92704,1107,,1,1
2025-11-25T16:56:52.042988Z,urllc,uesimtun1,91812,1093,92452,1104,,1,1
2025-11-25T16:56:52.042988Z,mmtc,uesimtun2,91728,1092,92368,1103,,1,1
2025-11-25T16:56:52.292698Z,embb,uesimtun0,92148,1097,92788,1108,,1,1
2025-11-25T16:56:52.292698Z,urllc,uesimtun1,91896,1094,92536,1105,,1,1
2025-11-25T16:56:52.292698Z,mmtc,uesimtun2,91812,1093,92452,1104,,1,1
2025-11-25T16:56:52.542742Z,embb,uesimtun0,92232,1098,92872,1109,,1,1
2025-11-25T16:56:52.542742Z,urllc,uesimtun1,91980,1095,92620,1106,,1,1
2025-11-25T16:56:52.542742Z,mmtc,uesimtun2,91896,1094,92536,1105,,1,1
2025-11-25T16:56:52.792941Z,embb,uesimtun0,92316,1099,92956,1110,,1,1
2025-11-25T16:56:52.792941Z,urllc,uesimtun1,92064,1096,92704,1107,,1,1
2025-11-25T16:56:52.792941Z,mmtc,uesimtun2,91980,1095,92620,1106,,1,1
2025-11-25T16:56:53.042985Z,embb,uesimtun0,92400,1100,93040,1111,,1,1
2025-11-25T16:56:53.042985Z,urllc,uesimtun1,92148,1097,92788,1108,,1,1
2025-11-25T16:56:53.042985Z,mmtc,uesimtun2,92064,1096,92704,1107,,1,1
2025-11-25T16:56:53.292664Z,embb,uesimtun0,92484,1101,93124,1112,,1,1
2025-11-25T16:56:53.292664Z,urllc,uesimtun1,92232,1098,92872,1109,,1,1
2025-11-25T16:56:53.292664Z,mmtc,uesimtun2,92148,1097,92788,1108,,1,1
2025-11-25T16:56:53.542823Z,embb,uesimtun0,92568,1102,93208,1113,,1,1
2025-11-25T16:56:53.542823Z,urllc,uesimtun1,92316,1099,92956,1110,,1,1
2025-11-25T16:56:53.542823Z,mmtc,uesimtun2,92232,1098,92872,1109,,1,1
2025-11-25T16:56:53.792894Z,embb,uesimtun0,92652,1103,93292,1114,,1,1
2025-11-25T16:56:53.792894Z,urllc,uesimtun1,92400,1100,93040,1111,,1,1
2025-11-25T16:56:53.792894Z,mmtc,uesimtun2,92316,1099,92956,1110,,1,1
2025-11-25T16:56:54.042976Z,embb,uesimtun0,92736,1104,93376,1115,,1,1
2025-11-25T16:56:54.042976Z,urllc,uesimtun1,92484,1101,93124,1112,,1,1
2025-11-25T16:56:54.042976Z,mmtc,uesimtun2,92400,1100,93040,1111,,1,1
2025-11-25T16:56:54.350707Z,embb,uesimtun0,92820,1105,93460,1116,,1,1
2025-11-25T16:56:54.350707Z,urllc,uesimtun1,92568,1102,93208,1113,,1,1
2025-11-25T16:56:54.350707Z,mmtc,uesimtun2,92484,1101,93124,1112,,1,1
2025-11-25T16:56:54.601258Z,embb,uesimtun0,92904,1106,93544,1117,,1,1
2025-11-25T16:56:54.601258Z,urllc,uesimtun1,92652,1103,93292,1114,,1,1
2025-11-25T16:56:54.601258Z,mmtc,uesimtun2,92568,1102,93208,1113,,1,1
2025-11-25T16:56:54.851530Z,embb,uesimtun0,92988,1107,93628,1118,,1,1
2025-11-25T16:56:54.851530Z,urllc,uesimtun1,92736,1104,93376,1115,,1,1
2025-11-25T16:56:54.851530Z,mmtc,uesimtun2,92652,1103,93292,1114,,1,1
2025-11-25T16:56:55.101231Z,embb,uesimtun0,93072,1108,93712,1119,,1,1
2025-11-25T16:56:55.101231Z,urllc,uesimtun1,92820,1105,93460,1116,,1,1
2025-11-25T16:56:55.101231Z,mmtc,uesimtun2,92736,1104,93376,1115,,1,1
2025-11-25T16:56:55.351324Z,embb,uesimtun0,93156,1109,93796,1120,,1,1
2025-11-25T16:56:55.351324Z,urllc,uesimtun1,92904,1106,93544,1117,,1,1
2025-11-25T16:56:55.351324Z,mmtc,uesimtun2,92820,1105,93460,1116,,1,1
2025-11-25T16:56:55.601241Z,embb,uesimtun0,93240,1110,93880,1121,,1,1
2025-11-25T16:56:55.601241Z,urllc,uesimtun1,92988,1107,93628,1118,,1,1
2025-11-25T16:56:55.601241Z,mmtc,uesimtun2,92904,1106,93544,1117,,1,1
2025-11-25T16:56:55.851396Z,embb,uesimtun0,93324,1111,93964,1122,,1,1
2025-11-25T16:56:55.851396Z,urllc,uesimtun1,93072,1108,93712,1119,,1,1
2025-11-25T16:56:55.851396Z,mmtc,uesimtun2,92988,1107,93628,1118,,1,1
2025-11-25T16:56:56.101448Z,embb,uesimtun0,93408,1112,94048,1123,,1,1
2025-11-25T16:56:56.101448Z,urllc,uesimtun1,93156,1109,93796,1120,,1,1
2025-11-25T16:56:56.101448Z,mmtc,uesimtun2,93072,1108,93712,1119,,1,1
2025-11-25T16:56:56.351132Z,embb,uesimtun0,93492,1113,94132,1124,,1,1
2025-11-25T16:56:56.351132Z,urllc,uesimtun1,93240,1110,93880,1121,,1,1
2025-11-25T16:56:56.351132Z,mmtc,uesimtun2,93156,1109,93796,1120,,1,1
2025-11-25T16:56:56.601200Z,embb,uesimtun0,93576,1114,94216,1125,,1,1
2025-11-25T16:56:56.601200Z,urllc,uesimtun1,93324,1111,93964,1122,,1,1
2025-11-25T16:56:56.601200Z,mmtc,uesimtun2,93240,1110,93880,1121,,1,1
2025-11-25T16:56:56.851321Z,embb,uesimtun0,93660,1115,94300,1126,,1,1
2025-11-25T16:56:56.851321Z,urllc,uesimtun1,93408,1112,94048,1123,,1,1
2025-11-25T16:56:56.851321Z,mmtc,uesimtun2,93324,1111,93964,1122,,1,1
2025-11-25T16:56:57.101217Z,embb,uesimtun0,93744,1116,94384,1127,,1,1
2025-11-25T16:56:57.101217Z,urllc,uesimtun1,93492,1113,94132,1124,,1,1
2025-11-25T16:56:57.101217Z,mmtc,uesimtun2,93408,1112,94048,1123,,1,1
2025-11-25T16:56:57.350934Z,embb,uesimtun0,93828,1117,94468,1128,,1,1
2025-11-25T16:56:57.350934Z,urllc,uesimtun1,93576,1114,94216,1125,,1,1
2025-11-25T16:56:57.350934Z,mmtc,uesimtun2,93492,1113,94132,1124,,1,1
2025-11-25T16:56:57.601253Z,embb,uesimtun0,93912,1118,94552,1129,,1,1
2025-11-25T16:56:57.601253Z,urllc,uesimtun1,93660,1115,94300,1126,,1,1
2025-11-25T16:56:57.601253Z,mmtc,uesimtun2,93576,1114,94216,1125,,1,1
2025-11-25T16:56:57.851525Z,embb,uesimtun0,93996,1119,94636,1130,,1,1
2025-11-25T16:56:57.851525Z,urllc,uesimtun1,93744,1116,94384,1127,,1,1
2025-11-25T16:56:57.851525Z,mmtc,uesimtun2,93660,1115,94300,1126,,1,1
2025-11-25T16:56:58.132045Z,embb,uesimtun0,94080,1120,94720,1131,,1,1
2025-11-25T16:56:58.132045Z,urllc,uesimtun1,93828,1117,94468,1128,,1,1
2025-11-25T16:56:58.132045Z,mmtc,uesimtun2,93744,1116,94384,1127,,1,1
2025-11-25T16:56:58.351216Z,embb,uesimtun0,94164,1121,94804,1132,,1,1
2025-11-25T16:56:58.351216Z,urllc,uesimtun1,93912,1118,94552,1129,,1,1
2025-11-25T16:56:58.351216Z,mmtc,uesimtun2,93828,1117,94468,1128,,1,1
2025-11-25T16:56:58.601614Z,embb,uesimtun0,94248,1122,94888,1133,,1,1
2025-11-25T16:56:58.601614Z,urllc,uesimtun1,93996,1119,94636,1130,,1,1
2025-11-25T16:56:58.601614Z,mmtc,uesimtun2,93912,1118,94552,1129,,1,1
2025-11-25T16:56:58.851266Z,embb,uesimtun0,94332,1123,94972,1134,,1,1
2025-11-25T16:56:58.851266Z,urllc,uesimtun1,94080,1120,94720,1131,,1,1
2025-11-25T16:56:58.851266Z,mmtc,uesimtun2,93996,1119,94636,1130,,1,1
2025-11-25T16:56:59.101065Z,embb,uesimtun0,94416,1124,95056,1135,,1,1
2025-11-25T16:56:59.101065Z,urllc,uesimtun1,94164,1121,94804,1132,,1,1
2025-11-25T16:56:59.101065Z,mmtc,uesimtun2,94080,1120,94720,1131,,1,1
2025-11-25T16:56:59.351335Z,embb,uesimtun0,94500,1125,95140,1136,,1,1
2025-11-25T16:56:59.351335Z,urllc,uesimtun1,94248,1122,94888,1133,,1,1
2025-11-25T16:56:59.351335Z,mmtc,uesimtun2,94164,1121,94804,1132,,1,1
2025-11-25T16:56:59.601271Z,embb,uesimtun0,94584,1126,95224,1137,,1,1
2025-11-25T16:56:59.601271Z,urllc,uesimtun1,94332,1123,94972,1134,,1,1
2025-11-25T16:56:59.601271Z,mmtc,uesimtun2,94248,1122,94888,1133,,1,1
2025-11-25T16:56:59.851556Z,embb,uesimtun0,94668,1127,95308,1138,,1,1
2025-11-25T16:56:59.851556Z,urllc,uesimtun1,94416,1124,95056,1135,,1,1
2025-11-25T16:56:59.851556Z,mmtc,uesimtun2,94332,1123,94972,1134,,1,1
2025-11-25T16:57:00.500110Z,embb,uesimtun0,94752,1128,95392,1139,,1,1
2025-11-25T16:57:00.500110Z,urllc,uesimtun1,94500,1125,95140,1136,,1,1
2025-11-25T16:57:00.500110Z,mmtc,uesimtun2,94416,1124,95056,1135,,1,1
2025-11-25T16:57:00.517889Z,embb,uesimtun0,94836,1129,95476,1140,,1,1
2025-11-25T16:57:00.517889Z,urllc,uesimtun1,94584,1126,95224,1137,,1,1
2025-11-25T16:57:00.517889Z,mmtc,uesimtun2,94500,1125,95140,1136,,1,1
2025-11-25T16:57:00.768488Z,embb,uesimtun0,94920,1130,95560,1141,,1,1
2025-11-25T16:57:00.768488Z,urllc,uesimtun1,94668,1127,95308,1138,,1,1
2025-11-25T16:57:00.768488Z,mmtc,uesimtun2,94584,1126,95224,1137,,1,1
2025-11-25T16:57:01.114398Z,embb,uesimtun0,95004,1131,95644,1142,,1,1
2025-11-25T16:57:01.114398Z,urllc,uesimtun1,94752,1128,95392,1139,,1,1
2025-11-25T16:57:01.114398Z,mmtc,uesimtun2,94668,1127,95308,1138,,1,1
2025-11-25T16:57:01.268188Z,embb,uesimtun0,95088,1132,95728,1143,,1,1
2025-11-25T16:57:01.268188Z,urllc,uesimtun1,94836,1129,95476,1140,,1,1
2025-11-25T16:57:01.268188Z,mmtc,uesimtun2,94752,1128,95392,1139,,1,1
2025-11-25T16:57:01.518197Z,embb,uesimtun0,95172,1133,95812,1144,,1,1
2025-11-25T16:57:01.518197Z,urllc,uesimtun1,94920,1130,95560,1141,,1,1
2025-11-25T16:57:01.518197Z,mmtc,uesimtun2,94836,1129,95476,1140,,1,1
2025-11-25T16:57:01.769947Z,embb,uesimtun0,95256,1134,95896,1145,,1,1
2025-11-25T16:57:01.769947Z,urllc,uesimtun1,95004,1131,95644,1142,,1,1
2025-11-25T16:57:01.769947Z,mmtc,uesimtun2,94920,1130,95560,1141,,1,1
2025-11-25T16:57:02.018594Z,embb,uesimtun0,95340,1135,95980,1146,,1,1
2025-11-25T16:57:02.018594Z,urllc,uesimtun1,95088,1132,95728,1143,,1,1
2025-11-25T16:57:02.018594Z,mmtc,uesimtun2,95004,1131,95644,1142,,1,1
2025-11-25T16:57:02.344644Z,embb,uesimtun0,95424,1136,96064,1147,,1,1
2025-11-25T16:57:02.344644Z,urllc,uesimtun1,95172,1133,95812,1144,,1,1
2025-11-25T16:57:02.344644Z,mmtc,uesimtun2,95088,1132,95728,1143,,1,1
2025-11-25T16:57:02.594806Z,embb,uesimtun0,95508,1137,96148,1148,,1,1
2025-11-25T16:57:02.594806Z,urllc,uesimtun1,95256,1134,95896,1145,,1,1
2025-11-25T16:57:02.594806Z,mmtc,uesimtun2,95172,1133,95812,1144,,1,1
2025-11-25T16:57:02.845068Z,embb,uesimtun0,95592,1138,96232,1149,,1,1
2025-11-25T16:57:02.845068Z,urllc,uesimtun1,95340,1135,95980,1146,,1,1
2025-11-25T16:57:02.845068Z,mmtc,uesimtun2,95256,1134,95896,1145,,1,1
2025-11-25T16:57:03.351568Z,embb,uesimtun0,95676,1139,96316,1150,,1,1
2025-11-25T16:57:03.351568Z,urllc,uesimtun1,95424,1136,96064,1147,,1,1
2025-11-25T16:57:03.351568Z,mmtc,uesimtun2,95340,1135,95980,1146,,1,1
2025-11-25T16:57:03.368144Z,embb,uesimtun0,95760,1140,96400,1151,,1,1
2025-11-25T16:57:03.368144Z,urllc,uesimtun1,95508,1137,96148,1148,,1,1
2025-11-25T16:57:03.368144Z,mmtc,uesimtun2,95424,1136,96064,1147,,1,1
2025-11-25T16:57:03.618578Z,embb,uesimtun0,95844,1141,96484,1152,,1,1
2025-11-25T16:57:03.618578Z,urllc,uesimtun1,95592,1138,96232,1149,,1,1
2025-11-25T16:57:03.618578Z,mmtc,uesimtun2,95508,1137,96148,1148,,1,1
2025-11-25T16:57:03.868838Z,embb,uesimtun0,95928,1142,96568,1153,,1,1
2025-11-25T16:57:03.868838Z,urllc,uesimtun1,95676,1139,96316,1150,,1,1
2025-11-25T16:57:03.868838Z,mmtc,uesimtun2,95592,1138,96232,1149,,1,1
2025-11-25T16:57:04.118804Z,embb,uesimtun0,96012,1143,96652,1154,,1,1
2025-11-25T16:57:04.118804Z,urllc,uesimtun1,95760,1140,96400,1151,,1,1
2025-11-25T16:57:04.118804Z,mmtc,uesimtun2,95676,1139,96316,1150,,1,1
2025-11-25T16:57:04.368603Z,embb,uesimtun0,96096,1144,96736,1155,,1,1
2025-11-25T16:57:04.368603Z,urllc,uesimtun1,95844,1141,96484,1152,,1,1
2025-11-25T16:57:04.368603Z,mmtc,uesimtun2,95760,1140,96400,1151,,1,1
2025-11-25T16:57:04.619054Z,embb,uesimtun0,96180,1145,96820,1156,,1,1
2025-11-25T16:57:04.619054Z,urllc,uesimtun1,95928,1142,96568,1153,,1,1
2025-11-25T16:57:04.619054Z,mmtc,uesimtun2,95844,1141,96484,1152,,1,1
2025-11-25T16:57:04.868846Z,embb,uesimtun0,96264,1146,96904,1157,,1,1
2025-11-25T16:57:04.868846Z,urllc,uesimtun1,96012,1143,96652,1154,,1,1
2025-11-25T16:57:04.868846Z,mmtc,uesimtun2,95928,1142,96568,1153,,1,1
2025-11-25T16:57:05.201487Z,embb,uesimtun0,96348,1147,96988,1158,,1,1
2025-11-25T16:57:05.201487Z,urllc,uesimtun1,96096,1144,96736,1155,,1,1
2025-11-25T16:57:05.201487Z,mmtc,uesimtun2,96012,1143,96652,1154,,1,1
2025-11-25T16:57:05.368475Z,embb,uesimtun0,96432,1148,97072,1159,,1,1
2025-11-25T16:57:05.368475Z,urllc,uesimtun1,96180,1145,96820,1156,,1,1
2025-11-25T16:57:05.368475Z,mmtc,uesimtun2,96096,1144,96736,1155,,1,1
2025-11-25T16:57:05.618587Z,embb,uesimtun0,96516,1149,97156,1160,,1,1
2025-11-25T16:57:05.618587Z,urllc,uesimtun1,96264,1146,96904,1157,,1,1
2025-11-25T16:57:05.618587Z,mmtc,uesimtun2,96180,1145,96820,1156,,1,1
2025-11-25T16:57:05.868923Z,embb,uesimtun0,96600,1150,97240,1161,,1,1
2025-11-25T16:57:05.868923Z,urllc,uesimtun1,96348,1147,96988,1158,,1,1
2025-11-25T16:57:05.868923Z,mmtc,uesimtun2,96264,1146,96904,1157,,1,1
2025-11-25T16:57:06.118658Z,embb,uesimtun0,96684,1151,97324,1162,,1,1
2025-11-25T16:57:06.118658Z,urllc,uesimtun1,96432,1148,97072,1159,,1,1
2025-11-25T16:57:06.118658Z,mmtc,uesimtun2,96348,1147,96988,1158,,1,1
2025-11-25T16:57:06.368884Z,embb,uesimtun0,96768,1152,97408,1163,,1,1
2025-11-25T16:57:06.368884Z,urllc,uesimtun1,96516,1149,97156,1160,,1,1
2025-11-25T16:57:06.368884Z,mmtc,uesimtun2,96432,1148,97072,1159,,1,1
2025-11-25T16:57:06.618695Z,embb,uesimtun0,96852,1153,97492,1164,,1,1
2025-11-25T16:57:06.618695Z,urllc,uesimtun1,96600,1150,97240,1161,,1,1
2025-11-25T16:57:06.618695Z,mmtc,uesimtun2,96516,1149,97156,1160,,1,1
2025-11-25T16:57:06.869017Z,embb,uesimtun0,96936,1154,97576,1165,,1,1
2025-11-25T16:57:06.869017Z,urllc,uesimtun1,96684,1151,97324,1162,,1,1
2025-11-25T16:57:06.869017Z,mmtc,uesimtun2,96600,1150,97240,1161,,1,1
2025-11-25T16:57:07.118677Z,embb,uesimtun0,97020,1155,97660,1166,,1,1
2025-11-25T16:57:07.118677Z,urllc,uesimtun1,96768,1152,97408,1163,,1,1
2025-11-25T16:57:07.118677Z,mmtc,uesimtun2,96684,1151,97324,1162,,1,1
2025-11-25T16:57:07.368800Z,embb,uesimtun0,97104,1156,97744,1167,,1,1
2025-11-25T16:57:07.368800Z,urllc,uesimtun1,96852,1153,97492,1164,,1,1
2025-11-25T16:57:07.368800Z,mmtc,uesimtun2,96768,1152,97408,1163,,1,1
2025-11-25T16:57:07.618755Z,embb,uesimtun0,97188,1157,97828,1168,,1,1
2025-11-25T16:57:07.618755Z,urllc,uesimtun1,96936,1154,97576,1165,,1,1
2025-11-25T16:57:07.618755Z,mmtc,uesimtun2,96852,1153,97492,1164,,1,1
2025-11-25T16:57:07.868609Z,embb,uesimtun0,97272,1158,97912,1169,,1,1
2025-11-25T16:57:07.868609Z,urllc,uesimtun1,97020,1155,97660,1166,,1,1
2025-11-25T16:57:07.868609Z,mmtc,uesimtun2,96936,1154,97576,1165,,1,1
2025-11-25T16:57:08.118659Z,embb,uesimtun0,97356,1159,97996,1170,,1,1
2025-11-25T16:57:08.118659Z,urllc,uesimtun1,97104,1156,97744,1167,,1,1
2025-11-25T16:57:08.118659Z,mmtc,uesimtun2,97020,1155,97660,1166,,1,1
2025-11-25T16:57:08.484070Z,embb,uesimtun0,97356,1159,98080,1171,,1,1
2025-11-25T16:57:08.484070Z,urllc,uesimtun1,97188,1157,97828,1168,,1,1
2025-11-25T16:57:08.484070Z,mmtc,uesimtun2,97104,1156,97744,1167,,1,1
2025-11-25T16:57:08.734879Z,embb,uesimtun0,97524,1161,98164,1172,,1,1
2025-11-25T16:57:08.734879Z,urllc,uesimtun1,97272,1158,97912,1169,,1,1
2025-11-25T16:57:08.734879Z,mmtc,uesimtun2,97188,1157,97828,1168,,1,1
2025-11-25T16:57:08.984773Z,embb,uesimtun0,97608,1162,98248,1173,,1,1
2025-11-25T16:57:08.984773Z,urllc,uesimtun1,97356,1159,97996,1170,,1,1
2025-11-25T16:57:08.984773Z,mmtc,uesimtun2,97272,1158,97912,1169,,1,1
2025-11-25T16:57:09.401845Z,embb,uesimtun0,97692,1163,98332,1174,,1,1
2025-11-25T16:57:09.401845Z,urllc,uesimtun1,97440,1160,98080,1171,,1,1
2025-11-25T16:57:09.401845Z,mmtc,uesimtun2,97356,1159,97996,1170,,1,1
2025-11-25T16:57:09.500514Z,embb,uesimtun0,97776,1164,98416,1175,,1,1
2025-11-25T16:57:09.500514Z,urllc,uesimtun1,97524,1161,98164,1172,,1,1
2025-11-25T16:57:09.500514Z,mmtc,uesimtun2,97440,1160,98080,1171,,1,1
2025-11-25T16:57:09.751244Z,embb,uesimtun0,97860,1165,98500,1176,,1,1
2025-11-25T16:57:09.751244Z,urllc,uesimtun1,97608,1162,98248,1173,,1,1
2025-11-25T16:57:09.751244Z,mmtc,uesimtun2,97524,1161,98164,1172,,1,1
2025-11-25T16:57:10.001175Z,embb,uesimtun0,97944,1166,98584,1177,,1,1
2025-11-25T16:57:10.001175Z,urllc,uesimtun1,97692,1163,98332,1174,,1,1
2025-11-25T16:57:10.001175Z,mmtc,uesimtun2,97608,1162,98248,1173,,1,1
2025-11-25T16:57:10.254159Z,embb,uesimtun0,98028,1167,98668,1178,,1,1
2025-11-25T16:57:10.254159Z,urllc,uesimtun1,97776,1164,98416,1175,,1,1
2025-11-25T16:57:10.254159Z,mmtc,uesimtun2,97692,1163,98332,1174,,1,1
2025-11-25T16:57:10.504843Z,embb,uesimtun0,98112,1168,98752,1179,,1,1
2025-11-25T16:57:10.504843Z,urllc,uesimtun1,97860,1165,98500,1176,,1,1
2025-11-25T16:57:10.504843Z,mmtc,uesimtun2,97776,1164,98416,1175,,1,1
2025-11-25T16:57:10.754745Z,embb,uesimtun0,98196,1169,98836,1180,,1,1
2025-11-25T16:57:10.754745Z,urllc,uesimtun1,97944,1166,98584,1177,,1,1
2025-11-25T16:57:10.754745Z,mmtc,uesimtun2,97860,1165,98500,1176,,1,1
2025-11-25T16:57:11.005166Z,embb,uesimtun0,98280,1170,98920,1181,,1,1
2025-11-25T16:57:11.005166Z,urllc,uesimtun1,98028,1167,98668,1178,,1,1
2025-11-25T16:57:11.005166Z,mmtc,uesimtun2,97944,1166,98584,1177,,1,1
2025-11-25T16:57:11.279538Z,embb,uesimtun0,98364,1171,99004,1182,,1,1
2025-11-25T16:57:11.279538Z,urllc,uesimtun1,98112,1168,98752,1179,,1,1
2025-11-25T16:57:11.279538Z,mmtc,uesimtun2,98028,1167,98668,1178,,1,1
2025-11-25T16:57:11.529826Z,embb,uesimtun0,98448,1172,99088,1183,,1,1
2025-11-25T16:57:11.529826Z,urllc,uesimtun1,98196,1169,98836,1180,,1,1
2025-11-25T16:57:11.529826Z,mmtc,uesimtun2,98112,1168,98752,1179,,1,1
2025-11-25T16:57:11.779820Z,embb,uesimtun0,98532,1173,99172,1184,,1,1
2025-11-25T16:57:11.779820Z,urllc,uesimtun1,98280,1170,98920,1181,,1,1
2025-11-25T16:57:11.779820Z,mmtc,uesimtun2,98196,1169,98836,1180,,1,1
2025-11-25T16:57:12.029854Z,embb,uesimtun0,98616,1174,99256,1185,,1,1
2025-11-25T16:57:12.029854Z,urllc,uesimtun1,98364,1171,99004,1182,,1,1
2025-11-25T16:57:12.029854Z,mmtc,uesimtun2,98280,1170,98920,1181,,1,1
2025-11-25T16:57:12.280945Z,embb,uesimtun0,98700,1175,99340,1186,,1,1
2025-11-25T16:57:12.280945Z,urllc,uesimtun1,98448,1172,99088,1183,,1,1
2025-11-25T16:57:12.280945Z,mmtc,uesimtun2,98364,1171,99004,1182,,1,1
2025-11-25T16:57:12.529868Z,embb,uesimtun0,98784,1176,99424,1187,,1,1
2025-11-25T16:57:12.529868Z,urllc,uesimtun1,98532,1173,99172,1184,,1,1
2025-11-25T16:57:12.529868Z,mmtc,uesimtun2,98448,1172,99088,1183,,1,1
2025-11-25T16:57:12.779895Z,embb,uesimtun0,98868,1177,99508,1188,,1,1
2025-11-25T16:57:12.779895Z,urllc,uesimtun1,98616,1174,99256,1185,,1,1
2025-11-25T16:57:12.779895Z,mmtc,uesimtun2,98532,1173,99172,1184,,1,1
2025-11-25T16:57:13.030429Z,embb,uesimtun0,98952,1178,99592,1189,,1,1
2025-11-25T16:57:13.030429Z,urllc,uesimtun1,98700,1175,99340,1186,,1,1
2025-11-25T16:57:13.030429Z,mmtc,uesimtun2,98616,1174,99256,1185,,1,1
2025-11-25T16:57:13.279627Z,embb,uesimtun0,99036,1179,99676,1190,,1,1
2025-11-25T16:57:13.279627Z,urllc,uesimtun1,98784,1176,99424,1187,,1,1
2025-11-25T16:57:13.279627Z,mmtc,uesimtun2,98700,1175,99340,1186,,1,1
2025-11-25T16:57:13.529729Z,embb,uesimtun0,99120,1180,99760,1191,,1,1
2025-11-25T16:57:13.529729Z,urllc,uesimtun1,98868,1177,99508,1188,,1,1
2025-11-25T16:57:13.529729Z,mmtc,uesimtun2,98784,1176,99424,1187,,1,1
2025-11-25T16:57:13.780435Z,embb,uesimtun0,99204,1181,99844,1192,,1,1
2025-11-25T16:57:13.780435Z,urllc,uesimtun1,98952,1178,99592,1189,,1,1
2025-11-25T16:57:13.780435Z,mmtc,uesimtun2,98868,1177,99508,1188,,1,1
2025-11-25T16:57:14.030361Z,embb,uesimtun0,99288,1182,99928,1193,,1,1
2025-11-25T16:57:14.030361Z,urllc,uesimtun1,99036,1179,99676,1190,,1,1
2025-11-25T16:57:14.030361Z,mmtc,uesimtun2,98952,1178,99592,1189,,1,1
2025-11-25T16:57:14.279853Z,embb,uesimtun0,99372,1183,100012,1194,,1,1
2025-11-25T16:57:14.279853Z,urllc,uesimtun1,99120,1180,99760,1191,,1,1
2025-11-25T16:57:14.279853Z,mmtc,uesimtun2,99036,1179,99676,1190,,1,1
2025-11-25T16:57:14.530451Z,embb,uesimtun0,99456,1184,100096,1195,,1,1
2025-11-25T16:57:14.530451Z,urllc,uesimtun1,99204,1181,99844,1192,,1,1
2025-11-25T16:57:14.530451Z,mmtc,uesimtun2,99120,1180,99760,1191,,1,1
2025-11-25T16:57:14.780090Z,embb,uesimtun0,99540,1185,100180,1196,,1,1
2025-11-25T16:57:14.780090Z,urllc,uesimtun1,99288,1182,99928,1193,,1,1
2025-11-25T16:57:14.780090Z,mmtc,uesimtun2,99204,1181,99844,1192,,1,1
2025-11-25T16:57:15.030093Z,embb,uesimtun0,99624,1186,100264,1197,,1,1
2025-11-25T16:57:15.030093Z,urllc,uesimtun1,99372,1183,100012,1194,,1,1
2025-11-25T16:57:15.030093Z,mmtc,uesimtun2,99288,1182,99928,1193,,1,1
2025-11-25T16:57:15.397178Z,embb,uesimtun0,99624,1186,100348,1198,,1,1
2025-11-25T16:57:15.397178Z,urllc,uesimtun1,99372,1183,100096,1195,,1,1
2025-11-25T16:57:15.397178Z,mmtc,uesimtun2,99372,1183,100012,1194,,1,1
2025-11-25T16:57:15.647821Z,embb,uesimtun0,99792,1188,100432,1199,,1,1
2025-11-25T16:57:15.647821Z,urllc,uesimtun1,99540,1185,100180,1196,,1,1
2025-11-25T16:57:15.647821Z,mmtc,uesimtun2,99456,1184,100096,1195,,1,1
2025-11-25T16:57:15.897997Z,embb,uesimtun0,99876,1189,100516,1200,,1,1
2025-11-25T16:57:15.897997Z,urllc,uesimtun1,99624,1186,100264,1197,,1,1
2025-11-25T16:57:15.897997Z,mmtc,uesimtun2,99540,1185,100180,1196,,1,1
2025-11-25T16:57:16.147629Z,embb,uesimtun0,99960,1190,100600,1201,,1,1
2025-11-25T16:57:16.147629Z,urllc,uesimtun1,99708,1187,100348,1198,,1,1
2025-11-25T16:57:16.147629Z,mmtc,uesimtun2,99624,1186,100264,1197,,1,1
2025-11-25T16:57:16.397827Z,embb,uesimtun0,100044,1191,100684,1202,,1,1
2025-11-25T16:57:16.397827Z,urllc,uesimtun1,99792,1188,100432,1199,,1,1
2025-11-25T16:57:16.397827Z,mmtc,uesimtun2,99708,1187,100348,1198,,1,1
2025-11-25T16:57:16.647875Z,embb,uesimtun0,100128,1192,100768,1203,,1,1
2025-11-25T16:57:16.647875Z,urllc,uesimtun1,99876,1189,100516,1200,,1,1
2025-11-25T16:57:16.647875Z,mmtc,uesimtun2,99792,1188,100432,1199,,1,1
2025-11-25T16:57:16.897679Z,embb,uesimtun0,100212,1193,100852,1204,,1,1
2025-11-25T16:57:16.897679Z,urllc,uesimtun1,99960,1190,100600,1201,,1,1
2025-11-25T16:57:16.897679Z,mmtc,uesimtun2,99876,1189,100516,1200,,1,1
2025-11-25T16:57:17.147635Z,embb,uesimtun0,100296,1194,100936,1205,,1,1
2025-11-25T16:57:17.147635Z,urllc,uesimtun1,100044,1191,100684,1202,,1,1
2025-11-25T16:57:17.147635Z,mmtc,uesimtun2,99960,1190,100600,1201,,1,1
2025-11-25T16:57:17.397418Z,embb,uesimtun0,100380,1195,101020,1206,,1,1
2025-11-25T16:57:17.397418Z,urllc,uesimtun1,100128,1192,100768,1203,,1,1
2025-11-25T16:57:17.397418Z,mmtc,uesimtun2,100044,1191,100684,1202,,1,1
2025-11-25T16:57:17.647640Z,embb,uesimtun0,100464,1196,101104,1207,,1,1
2025-11-25T16:57:17.647640Z,urllc,uesimtun1,100212,1193,100852,1204,,1,1
2025-11-25T16:57:17.647640Z,mmtc,uesimtun2,100128,1192,100768,1203,,1,1
2025-11-25T16:57:17.897969Z,embb,uesimtun0,100548,1197,101188,1208,,1,1
2025-11-25T16:57:17.897969Z,urllc,uesimtun1,100296,1194,100936,1205,,1,1
2025-11-25T16:57:17.897969Z,mmtc,uesimtun2,100212,1193,100852,1204,,1,1
2025-11-25T16:57:18.147901Z,embb,uesimtun0,100632,1198,101272,1209,,1,1
2025-11-25T16:57:18.147901Z,urllc,uesimtun1,100380,1195,101020,1206,,1,1
2025-11-25T16:57:18.147901Z,mmtc,uesimtun2,100296,1194,100936,1205,,1,1
2025-11-25T16:57:18.493089Z,embb,uesimtun0,100716,1199,101356,1210,,1,1
2025-11-25T16:57:18.493089Z,urllc,uesimtun1,100464,1196,101104,1207,,1,1
2025-11-25T16:57:18.493089Z,mmtc,uesimtun2,100380,1195,101020,1206,,1,1
2025-11-25T16:57:18.743789Z,embb,uesimtun0,100800,1200,101440,1211,,1,1
2025-11-25T16:57:18.743789Z,urllc,uesimtun1,100548,1197,101188,1208,,1,1
2025-11-25T16:57:18.743789Z,mmtc,uesimtun2,100464,1196,101104,1207,,1,1
2025-11-25T16:57:18.993455Z,embb,uesimtun0,100884,1201,101524,1212,,1,1
2025-11-25T16:57:18.993455Z,urllc,uesimtun1,100632,1198,101272,1209,,1,1
2025-11-25T16:57:18.993455Z,mmtc,uesimtun2,100548,1197,101188,1208,,1,1
2025-11-25T16:57:19.243990Z,embb,uesimtun0,100968,1202,101608,1213,,1,1
2025-11-25T16:57:19.243990Z,urllc,uesimtun1,100716,1199,101356,1210,,1,1
2025-11-25T16:57:19.243990Z,mmtc,uesimtun2,100632,1198,101272,1209,,1,1
2025-11-25T16:57:19.493989Z,embb,uesimtun0,101052,1203,101692,1214,,1,1
2025-11-25T16:57:19.493989Z,urllc,uesimtun1,100800,1200,101440,1211,,1,1
2025-11-25T16:57:19.493989Z,mmtc,uesimtun2,100716,1199,101356,1210,,1,1
2025-11-25T16:57:19.743424Z,embb,uesimtun0,101136,1204,101776,1215,,1,1
2025-11-25T16:57:19.743424Z,urllc,uesimtun1,100884,1201,101524,1212,,1,1
2025-11-25T16:57:19.743424Z,mmtc,uesimtun2,100800,1200,101440,1211,,1,1
2025-11-25T16:57:19.993804Z,embb,uesimtun0,101220,1205,101860,1216,,1,1
2025-11-25T16:57:19.993804Z,urllc,uesimtun1,100968,1202,101608,1213,,1,1
2025-11-25T16:57:19.993804Z,mmtc,uesimtun2,100884,1201,101524,1212,,1,1
2025-11-25T16:57:20.243801Z,embb,uesimtun0,101304,1206,101944,1217,,1,1
2025-11-25T16:57:20.243801Z,urllc,uesimtun1,101052,1203,101692,1214,,1,1
2025-11-25T16:57:20.243801Z,mmtc,uesimtun2,100968,1202,101608,1213,,1,1
2025-11-25T16:57:20.494919Z,embb,uesimtun0,101388,1207,102028,1218,,1,1
2025-11-25T16:57:20.494919Z,urllc,uesimtun1,101136,1204,101776,1215,,1,1
2025-11-25T16:57:20.494919Z,mmtc,uesimtun2,101052,1203,101692,1214,,1,1
2025-11-25T16:57:20.743496Z,embb,uesimtun0,101472,1208,102112,1219,,1,1
2025-11-25T16:57:20.743496Z,urllc,uesimtun1,101220,1205,101860,1216,,1,1
2025-11-25T16:57:20.743496Z,mmtc,uesimtun2,101136,1204,101776,1215,,1,1
2025-11-25T16:57:20.993827Z,embb,uesimtun0,101556,1209,102196,1220,,1,1
2025-11-25T16:57:20.993827Z,urllc,uesimtun1,101304,1206,101944,1217,,1,1
2025-11-25T16:57:20.993827Z,mmtc,uesimtun2,101220,1205,101860,1216,,1,1
2025-11-25T16:57:21.243923Z,embb,uesimtun0,101640,1210,102280,1221,,1,1
2025-11-25T16:57:21.243923Z,urllc,uesimtun1,101388,1207,102028,1218,,1,1
2025-11-25T16:57:21.243923Z,mmtc,uesimtun2,101304,1206,101944,1217,,1,1
2025-11-25T16:57:21.493542Z,embb,uesimtun0,101724,1211,102364,1222,,1,1
2025-11-25T16:57:21.493542Z,urllc,uesimtun1,101472,1208,102112,1219,,1,1
2025-11-25T16:57:21.493542Z,mmtc,uesimtun2,101388,1207,102028,1218,,1,1
2025-11-25T16:57:21.743615Z,embb,uesimtun0,101808,1212,102448,1223,,1,1
2025-11-25T16:57:21.743615Z,urllc,uesimtun1,101556,1209,102196,1220,,1,1
2025-11-25T16:57:21.743615Z,mmtc,uesimtun2,101472,1208,102112,1219,,1,1
2025-11-25T16:57:21.993465Z,embb,uesimtun0,101892,1213,102532,1224,,1,1
2025-11-25T16:57:21.993465Z,urllc,uesimtun1,101640,1210,102280,1221,,1,1
2025-11-25T16:57:21.993465Z,mmtc,uesimtun2,101556,1209,102196,1220,,1,1
2025-11-25T16:57:22.243866Z,embb,uesimtun0,101976,1214,102616,1225,,1,1
2025-11-25T16:57:22.243866Z,urllc,uesimtun1,101724,1211,102364,1222,,1,1
2025-11-25T16:57:22.243866Z,mmtc,uesimtun2,101640,1210,102280,1221,,1,1
2025-11-25T16:57:22.493614Z,embb,uesimtun0,102060,1215,102700,1226,,1,1
2025-11-25T16:57:22.493614Z,urllc,uesimtun1,101808,1212,102448,1223,,1,1
2025-11-25T16:57:22.493614Z,mmtc,uesimtun2,101724,1211,102364,1222,,1,1
2025-11-25T16:57:22.743411Z,embb,uesimtun0,102144,1216,102784,1227,,1,1
2025-11-25T16:57:22.743411Z,urllc,uesimtun1,101892,1213,102532,1224,,1,1
2025-11-25T16:57:22.743411Z,mmtc,uesimtun2,101808,1212,102448,1223,,1,1
2025-11-25T16:57:22.993682Z,embb,uesimtun0,102228,1217,102868,1228,,1,1
2025-11-25T16:57:22.993682Z,urllc,uesimtun1,101976,1214,102616,1225,,1,1
2025-11-25T16:57:22.993682Z,mmtc,uesimtun2,101892,1213,102532,1224,,1,1
2025-11-25T16:57:23.243584Z,embb,uesimtun0,102312,1218,102952,1229,,1,1
2025-11-25T16:57:23.243584Z,urllc,uesimtun1,102060,1215,102700,1226,,1,1
2025-11-25T16:57:23.243584Z,mmtc,uesimtun2,101976,1214,102616,1225,,1,1
2025-11-25T16:57:23.493938Z,embb,uesimtun0,102396,1219,103036,1230,,1,1
2025-11-25T16:57:23.493938Z,urllc,uesimtun1,102144,1216,102784,1227,,1,1
2025-11-25T16:57:23.493938Z,mmtc,uesimtun2,102060,1215,102700,1226,,1,1
2025-11-25T16:57:23.743517Z,embb,uesimtun0,102480,1220,103120,1231,,1,1
2025-11-25T16:57:23.743517Z,urllc,uesimtun1,102228,1217,102868,1228,,1,1
2025-11-25T16:57:23.743517Z,mmtc,uesimtun2,102144,1216,102784,1227,,1,1
2025-11-25T16:57:23.993450Z,embb,uesimtun0,102564,1221,103204,1232,,1,1
2025-11-25T16:57:23.993450Z,urllc,uesimtun1,102312,1218,102952,1229,,1,1
2025-11-25T16:57:23.993450Z,mmtc,uesimtun2,102228,1217,102868,1228,,1,1
2025-11-25T16:57:24.243342Z,embb,uesimtun0,102648,1222,103288,1233,,1,1
2025-11-25T16:57:24.243342Z,urllc,uesimtun1,102396,1219,103036,1230,,1,1
2025-11-25T16:57:24.243342Z,mmtc,uesimtun2,102312,1218,102952,1229,,1,1
2025-11-25T16:57:24.493742Z,embb,uesimtun0,102732,1223,103372,1234,,1,1
2025-11-25T16:57:24.493742Z,urllc,uesimtun1,102480,1220,103120,1231,,1,1
2025-11-25T16:57:24.493742Z,mmtc,uesimtun2,102396,1219,103036,1230,,1,1
2025-11-25T16:57:24.743408Z,embb,uesimtun0,102816,1224,103456,1235,,1,1
2025-11-25T16:57:24.743408Z,urllc,uesimtun1,102564,1221,103204,1232,,1,1
2025-11-25T16:57:24.743408Z,mmtc,uesimtun2,102480,1220,103120,1231,,1,1
2025-11-25T16:57:24.993732Z,embb,uesimtun0,102900,1225,103540,1236,,1,1
2025-11-25T16:57:24.993732Z,urllc,uesimtun1,102648,1222,103288,1233,,1,1
2025-11-25T16:57:24.993732Z,mmtc,uesimtun2,102564,1221,103204,1232,,1,1
2025-11-25T16:57:25.243505Z,embb,uesimtun0,102984,1226,103624,1237,,1,1
2025-11-25T16:57:25.243505Z,urllc,uesimtun1,102732,1223,103372,1234,,1,1
2025-11-25T16:57:25.243505Z,mmtc,uesimtun2,102648,1222,103288,1233,,1,1
2025-11-25T16:57:25.493378Z,embb,uesimtun0,103068,1227,103708,1238,,1,1
2025-11-25T16:57:25.493378Z,urllc,uesimtun1,102816,1224,103456,1235,,1,1
2025-11-25T16:57:25.493378Z,mmtc,uesimtun2,102732,1223,103372,1234,,1,1
2025-11-25T16:57:25.743734Z,embb,uesimtun0,103152,1228,103792,1239,,1,1
2025-11-25T16:57:25.743734Z,urllc,uesimtun1,102900,1225,103540,1236,,1,1
2025-11-25T16:57:25.743734Z,mmtc,uesimtun2,102816,1224,103456,1235,,1,1
2025-11-25T16:57:25.993516Z,embb,uesimtun0,103236,1229,103876,1240,,1,1
2025-11-25T16:57:25.993516Z,urllc,uesimtun1,102984,1226,103624,1237,,1,1
2025-11-25T16:57:25.993516Z,mmtc,uesimtun2,102900,1225,103540,1236,,1,1
2025-11-25T16:57:26.243834Z,embb,uesimtun0,103320,1230,103960,1241,,1,1
2025-11-25T16:57:26.243834Z,urllc,uesimtun1,103068,1227,103708,1238,,1,1
2025-11-25T16:57:26.243834Z,mmtc,uesimtun2,102984,1226,103624,1237,,1,1
2025-11-25T16:57:26.493685Z,embb,uesimtun0,103404,1231,104044,1242,,1,1
2025-11-25T16:57:26.493685Z,urllc,uesimtun1,103152,1228,103792,1239,,1,1
2025-11-25T16:57:26.493685Z,mmtc,uesimtun2,103068,1227,103708,1238,,1,1
2025-11-25T16:57:26.743917Z,embb,uesimtun0,103488,1232,104128,1243,,1,1
2025-11-25T16:57:26.743917Z,urllc,uesimtun1,103236,1229,103876,1240,,1,1
2025-11-25T16:57:26.743917Z,mmtc,uesimtun2,103152,1228,103792,1239,,1,1
2025-11-25T16:57:26.993568Z,embb,uesimtun0,103572,1233,104212,1244,,1,1
2025-11-25T16:57:26.993568Z,urllc,uesimtun1,103320,1230,103960,1241,,1,1
2025-11-25T16:57:26.993568Z,mmtc,uesimtun2,103236,1229,103876,1240,,1,1
2025-11-25T16:57:27.243966Z,embb,uesimtun0,103656,1234,104296,1245,,1,1
2025-11-25T16:57:27.243966Z,urllc,uesimtun1,103404,1231,104044,1242,,1,1
2025-11-25T16:57:27.243966Z,mmtc,uesimtun2,103320,1230,103960,1241,,1,1
2025-11-25T16:57:27.493563Z,embb,uesimtun0,103740,1235,104380,1246,,1,1
2025-11-25T16:57:27.493563Z,urllc,uesimtun1,103488,1232,104128,1243,,1,1
2025-11-25T16:57:27.493563Z,mmtc,uesimtun2,103404,1231,104044,1242,,1,1
2025-11-25T16:57:27.743476Z,embb,uesimtun0,103824,1236,104464,1247,,1,1
2025-11-25T16:57:27.743476Z,urllc,uesimtun1,103572,1233,104212,1244,,1,1
2025-11-25T16:57:27.743476Z,mmtc,uesimtun2,103488,1232,104128,1243,,1,1
2025-11-25T16:57:27.993998Z,embb,uesimtun0,103908,1237,104548,1248,,1,1
2025-11-25T16:57:27.993998Z,urllc,uesimtun1,103656,1234,104296,1245,,1,1
2025-11-25T16:57:27.993998Z,mmtc,uesimtun2,103572,1233,104212,1244,,1,1
2025-11-25T16:57:28.243918Z,embb,uesimtun0,103992,1238,104632,1249,,1,1
2025-11-25T16:57:28.243918Z,urllc,uesimtun1,103740,1235,104380,1246,,1,1
2025-11-25T16:57:28.243918Z,mmtc,uesimtun2,103656,1234,104296,1245,,1,1
2025-11-25T16:57:28.493808Z,embb,uesimtun0,104076,1239,104716,1250,,1,1
2025-11-25T16:57:28.493808Z,urllc,uesimtun1,103824,1236,104464,1247,,1,1
2025-11-25T16:57:28.493808Z,mmtc,uesimtun2,103740,1235,104380,1246,,1,1
2025-11-25T16:57:28.743513Z,embb,uesimtun0,104160,1240,104800,1251,,1,1
2025-11-25T16:57:28.743513Z,urllc,uesimtun1,103908,1237,104548,1248,,1,1
2025-11-25T16:57:28.743513Z,mmtc,uesimtun2,103824,1236,104464,1247,,1,1
2025-11-25T16:57:28.993529Z,embb,uesimtun0,104244,1241,104884,1252,,1,1
2025-11-25T16:57:28.993529Z,urllc,uesimtun1,103992,1238,104632,1249,,1,1
2025-11-25T16:57:28.993529Z,mmtc,uesimtun2,103908,1237,104548,1248,,1,1
2025-11-25T16:57:29.243791Z,embb,uesimtun0,104328,1242,104968,1253,,1,1
2025-11-25T16:57:29.243791Z,urllc,uesimtun1,104076,1239,104716,1250,,1,1
2025-11-25T16:57:29.243791Z,mmtc,uesimtun2,103992,1238,104632,1249,,1,1
2025-11-25T16:57:29.493882Z,embb,uesimtun0,104412,1243,105052,1254,,1,1
2025-11-25T16:57:29.493882Z,urllc,uesimtun1,104160,1240,104800,1251,,1,1
2025-11-25T16:57:29.493882Z,mmtc,uesimtun2,104076,1239,104716,1250,,1,1
2025-11-25T16:57:29.743657Z,embb,uesimtun0,104496,1244,105136,1255,,1,1
2025-11-25T16:57:29.743657Z,urllc,uesimtun1,104244,1241,104884,1252,,1,1
2025-11-25T16:57:29.743657Z,mmtc,uesimtun2,104160,1240,104800,1251,,1,1
2025-11-25T16:57:29.993927Z,embb,uesimtun0,104580,1245,105220,1256,,1,1
2025-11-25T16:57:29.993927Z,urllc,uesimtun1,104328,1242,104968,1253,,1,1
2025-11-25T16:57:29.993927Z,mmtc,uesimtun2,104244,1241,104884,1252,,1,1
2025-11-25T16:57:30.243994Z,embb,uesimtun0,104664,1246,105304,1257,,1,1
2025-11-25T16:57:30.243994Z,urllc,uesimtun1,104412,1243,105052,1254,,1,1
2025-11-25T16:57:30.243994Z,mmtc,uesimtun2,104328,1242,104968,1253,,1,1
2025-11-25T16:57:30.493506Z,embb,uesimtun0,104748,1247,105388,1258,,1,1
2025-11-25T16:57:30.493506Z,urllc,uesimtun1,104496,1244,105136,1255,,1,1
2025-11-25T16:57:30.493506Z,mmtc,uesimtun2,104412,1243,105052,1254,,1,1
2025-11-25T16:57:30.743425Z,embb,uesimtun0,104832,1248,105472,1259,,1,1
2025-11-25T16:57:30.743425Z,urllc,uesimtun1,104580,1245,105220,1256,,1,1
2025-11-25T16:57:30.743425Z,mmtc,uesimtun2,104496,1244,105136,1255,,1,1
2025-11-25T16:57:30.993599Z,embb,uesimtun0,104916,1249,105556,1260,,1,1
2025-11-25T16:57:30.993599Z,urllc,uesimtun1,104664,1246,105304,1257,,1,1
2025-11-25T16:57:30.993599Z,mmtc,uesimtun2,104580,1245,105220,1256,,1,1
2025-11-25T16:57:31.243521Z,embb,uesimtun0,105000,1250,105640,1261,,1,1
2025-11-25T16:57:31.243521Z,urllc,uesimtun1,104748,1247,105388,1258,,1,1
2025-11-25T16:57:31.243521Z,mmtc,uesimtun2,104664,1246,105304,1257,,1,1
2025-11-25T16:57:31.493839Z,embb,uesimtun0,105084,1251,105724,1262,,1,1
2025-11-25T16:57:31.493839Z,urllc,uesimtun1,104832,1248,105472,1259,,1,1
2025-11-25T16:57:31.493839Z,mmtc,uesimtun2,104748,1247,105388,1258,,1,1
2025-11-25T16:57:31.743631Z,embb,uesimtun0,105168,1252,105808,1263,,1,1
2025-11-25T16:57:31.743631Z,urllc,uesimtun1,104916,1249,105556,1260,,1,1
2025-11-25T16:57:31.743631Z,mmtc,uesimtun2,104832,1248,105472,1259,,1,1
2025-11-25T16:57:31.993756Z,embb,uesimtun0,105252,1253,105892,1264,,1,1
2025-11-25T16:57:31.993756Z,urllc,uesimtun1,105000,1250,105640,1261,,1,1
2025-11-25T16:57:31.993756Z,mmtc,uesimtun2,104916,1249,105556,1260,,1,1
2025-11-25T16:57:32.243844Z,embb,uesimtun0,105336,1254,105976,1265,,1,1
2025-11-25T16:57:32.243844Z,urllc,uesimtun1,105084,1251,105724,1262,,1,1
2025-11-25T16:57:32.243844Z,mmtc,uesimtun2,105000,1250,105640,1261,,1,1
2025-11-25T16:57:32.493725Z,embb,uesimtun0,105420,1255,106060,1266,,1,1
2025-11-25T16:57:32.493725Z,urllc,uesimtun1,105168,1252,105808,1263,,1,1
2025-11-25T16:57:32.493725Z,mmtc,uesimtun2,105084,1251,105724,1262,,1,1
2025-11-25T16:57:32.743497Z,embb,uesimtun0,105504,1256,106144,1267,,1,1
2025-11-25T16:57:32.743497Z,urllc,uesimtun1,105252,1253,105892,1264,,1,1
2025-11-25T16:57:32.743497Z,mmtc,uesimtun2,105168,1252,105808,1263,,1,1
2025-11-25T16:57:32.993830Z,embb,uesimtun0,105588,1257,106228,1268,,1,1
2025-11-25T16:57:32.993830Z,urllc,uesimtun1,105336,1254,105976,1265,,1,1
2025-11-25T16:57:32.993830Z,mmtc,uesimtun2,105252,1253,105892,1264,,1,1
2025-11-25T16:57:33.243372Z,embb,uesimtun0,105672,1258,106312,1269,,1,1
2025-11-25T16:57:33.243372Z,urllc,uesimtun1,105420,1255,106060,1266,,1,1
2025-11-25T16:57:33.243372Z,mmtc,uesimtun2,105336,1254,105976,1265,,1,1
2025-11-25T16:57:33.493357Z,embb,uesimtun0,105756,1259,106396,1270,,1,1
2025-11-25T16:57:33.493357Z,urllc,uesimtun1,105504,1256,106144,1267,,1,1
2025-11-25T16:57:33.493357Z,mmtc,uesimtun2,105420,1255,106060,1266,,1,1
2025-11-25T16:57:33.743749Z,embb,uesimtun0,105840,1260,106480,1271,,1,1
2025-11-25T16:57:33.743749Z,urllc,uesimtun1,105588,1257,106228,1268,,1,1
2025-11-25T16:57:33.743749Z,mmtc,uesimtun2,105504,1256,106144,1267,,1,1
2025-11-25T16:57:33.993639Z,embb,uesimtun0,105924,1261,106564,1272,,1,1
2025-11-25T16:57:33.993639Z,urllc,uesimtun1,105672,1258,106312,1269,,1,1
2025-11-25T16:57:33.993639Z,mmtc,uesimtun2,105588,1257,106228,1268,,1,1
2025-11-25T16:57:34.243564Z,embb,uesimtun0,106008,1262,106648,1273,,1,1
2025-11-25T16:57:34.243564Z,urllc,uesimtun1,105756,1259,106396,1270,,1,1
2025-11-25T16:57:34.243564Z,mmtc,uesimtun2,105672,1258,106312,1269,,1,1
2025-11-25T16:57:34.493378Z,embb,uesimtun0,106092,1263,106732,1274,,1,1
2025-11-25T16:57:34.493378Z,urllc,uesimtun1,105840,1260,106480,1271,,1,1
2025-11-25T16:57:34.493378Z,mmtc,uesimtun2,105756,1259,106396,1270,,1,1
2025-11-25T16:57:34.743798Z,embb,uesimtun0,106176,1264,106816,1275,,1,1
2025-11-25T16:57:34.743798Z,urllc,uesimtun1,105924,1261,106564,1272,,1,1
2025-11-25T16:57:34.743798Z,mmtc,uesimtun2,105840,1260,106480,1271,,1,1
2025-11-25T16:57:34.993918Z,embb,uesimtun0,106260,1265,106900,1276,,1,1
2025-11-25T16:57:34.993918Z,urllc,uesimtun1,106008,1262,106648,1273,,1,1
2025-11-25T16:57:34.993918Z,mmtc,uesimtun2,105924,1261,106564,1272,,1,1
2025-11-25T16:57:35.243997Z,embb,uesimtun0,106344,1266,106984,1277,,1,1
2025-11-25T16:57:35.243997Z,urllc,uesimtun1,106092,1263,106732,1274,,1,1
2025-11-25T16:57:35.243997Z,mmtc,uesimtun2,106008,1262,106648,1273,,1,1
2025-11-25T16:57:35.493837Z,embb,uesimtun0,106428,1267,107068,1278,,1,1
2025-11-25T16:57:35.493837Z,urllc,uesimtun1,106176,1264,106816,1275,,1,1
2025-11-25T16:57:35.493837Z,mmtc,uesimtun2,106092,1263,106732,1274,,1,1
2025-11-25T16:57:35.743561Z,embb,uesimtun0,106512,1268,107152,1279,,1,1
2025-11-25T16:57:35.743561Z,urllc,uesimtun1,106260,1265,106900,1276,,1,1
2025-11-25T16:57:35.743561Z,mmtc,uesimtun2,106176,1264,106816,1275,,1,1
2025-11-25T16:57:35.993967Z,embb,uesimtun0,106596,1269,107236,1280,,1,1
2025-11-25T16:57:35.993967Z,urllc,uesimtun1,106344,1266,106984,1277,,1,1
2025-11-25T16:57:35.993967Z,mmtc,uesimtun2,106260,1265,106900,1276,,1,1
2025-11-25T16:57:36.243384Z,embb,uesimtun0,106680,1270,107320,1281,,1,1
2025-11-25T16:57:36.243384Z,urllc,uesimtun1,106428,1267,107068,1278,,1,1
2025-11-25T16:57:36.243384Z,mmtc,uesimtun2,106344,1266,106984,1277,,1,1
2025-11-25T16:57:36.493813Z,embb,uesimtun0,106764,1271,107404,1282,,1,1
2025-11-25T16:57:36.493813Z,urllc,uesimtun1,106512,1268,107152,1279,,1,1
2025-11-25T16:57:36.493813Z,mmtc,uesimtun2,106428,1267,107068,1278,,1,1
2025-11-25T16:57:36.743950Z,embb,uesimtun0,106848,1272,107488,1283,,1,1
2025-11-25T16:57:36.743950Z,urllc,uesimtun1,106596,1269,107236,1280,,1,1
2025-11-25T16:57:36.743950Z,mmtc,uesimtun2,106512,1268,107152,1279,,1,1
2025-11-25T16:57:36.993417Z,embb,uesimtun0,106932,1273,107572,1284,,1,1
2025-11-25T16:57:36.993417Z,urllc,uesimtun1,106680,1270,107320,1281,,1,1
2025-11-25T16:57:36.993417Z,mmtc,uesimtun2,106596,1269,107236,1280,,1,1
2025-11-25T16:57:37.243827Z,embb,uesimtun0,107016,1274,107656,1285,,1,1
2025-11-25T16:57:37.243827Z,urllc,uesimtun1,106764,1271,107404,1282,,1,1
2025-11-25T16:57:37.243827Z,mmtc,uesimtun2,106680,1270,107320,1281,,1,1
2025-11-25T16:57:37.494006Z,embb,uesimtun0,107100,1275,107740,1286,,1,1
2025-11-25T16:57:37.494006Z,urllc,uesimtun1,106848,1272,107488,1283,,1,1
2025-11-25T16:57:37.494006Z,mmtc,uesimtun2,106764,1271,107404,1282,,1,1
2025-11-25T16:57:37.743489Z,embb,uesimtun0,107184,1276,107824,1287,,1,1
2025-11-25T16:57:37.743489Z,urllc,uesimtun1,106932,1273,107572,1284,,1,1
2025-11-25T16:57:37.743489Z,mmtc,uesimtun2,106848,1272,107488,1283,,1,1
2025-11-25T16:57:37.993631Z,embb,uesimtun0,107268,1277,107908,1288,,1,1
2025-11-25T16:57:37.993631Z,urllc,uesimtun1,107016,1274,107656,1285,,1,1
2025-11-25T16:57:37.993631Z,mmtc,uesimtun2,106932,1273,107572,1284,,1,1
2025-11-25T16:57:38.243965Z,embb,uesimtun0,107352,1278,107992,1289,,1,1
2025-11-25T16:57:38.243965Z,urllc,uesimtun1,107100,1275,107740,1286,,1,1
2025-11-25T16:57:38.243965Z,mmtc,uesimtun2,107016,1274,107656,1285,,1,1
2025-11-25T16:57:38.495957Z,embb,uesimtun0,107436,1279,108076,1290,,1,1
2025-11-25T16:57:38.495957Z,urllc,uesimtun1,107184,1276,107824,1287,,1,1
2025-11-25T16:57:38.495957Z,mmtc,uesimtun2,107100,1275,107740,1286,,1,1
2025-11-25T16:57:38.743671Z,embb,uesimtun0,107520,1280,108160,1291,,1,1
2025-11-25T16:57:38.743671Z,urllc,uesimtun1,107268,1277,107908,1288,,1,1
2025-11-25T16:57:38.743671Z,mmtc,uesimtun2,107184,1276,107824,1287,,1,1
2025-11-25T16:57:38.993989Z,embb,uesimtun0,107604,1281,108244,1292,,1,1
2025-11-25T16:57:38.993989Z,urllc,uesimtun1,107352,1278,107992,1289,,1,1
2025-11-25T16:57:38.993989Z,mmtc,uesimtun2,107268,1277,107908,1288,,1,1
2025-11-25T16:57:39.243523Z,embb,uesimtun0,107688,1282,108328,1293,,1,1
2025-11-25T16:57:39.243523Z,urllc,uesimtun1,107436,1279,108076,1290,,1,1
2025-11-25T16:57:39.243523Z,mmtc,uesimtun2,107352,1278,107992,1289,,1,1
2025-11-25T16:57:39.493587Z,embb,uesimtun0,107772,1283,108412,1294,,1,1
2025-11-25T16:57:39.493587Z,urllc,uesimtun1,107520,1280,108160,1291,,1,1
2025-11-25T16:57:39.493587Z,mmtc,uesimtun2,107436,1279,108076,1290,,1,1
2025-11-25T16:57:39.743562Z,embb,uesimtun0,107856,1284,108496,1295,,1,1
2025-11-25T16:57:39.743562Z,urllc,uesimtun1,107604,1281,108244,1292,,1,1
2025-11-25T16:57:39.743562Z,mmtc,uesimtun2,107520,1280,108160,1291,,1,1
2025-11-25T16:57:39.993409Z,embb,uesimtun0,107940,1285,108580,1296,,1,1
2025-11-25T16:57:39.993409Z,urllc,uesimtun1,107688,1282,108328,1293,,1,1
2025-11-25T16:57:39.993409Z,mmtc,uesimtun2,107604,1281,108244,1292,,1,1
2025-11-25T16:57:40.243983Z,embb,uesimtun0,108024,1286,108664,1297,,1,1
2025-11-25T16:57:40.243983Z,urllc,uesimtun1,107772,1283,108412,1294,,1,1
2025-11-25T16:57:40.243983Z,mmtc,uesimtun2,107688,1282,108328,1293,,1,1
2025-11-25T16:57:40.493868Z,embb,uesimtun0,108108,1287,108748,1298,,1,1
2025-11-25T16:57:40.493868Z,urllc,uesimtun1,107856,1284,108496,1295,,1,1
2025-11-25T16:57:40.493868Z,mmtc,uesimtun2,107772,1283,108412,1294,,1,1
2025-11-25T16:57:40.743572Z,embb,uesimtun0,108192,1288,108832,1299,,1,1
2025-11-25T16:57:40.743572Z,urllc,uesimtun1,107940,1285,108580,1296,,1,1
2025-11-25T16:57:40.743572Z,mmtc,uesimtun2,107856,1284,108496,1295,,1,1
2025-11-25T16:57:40.993564Z,embb,uesimtun0,108276,1289,108916,1300,,1,1
2025-11-25T16:57:40.993564Z,urllc,uesimtun1,108024,1286,108664,1297,,1,1
2025-11-25T16:57:40.993564Z,mmtc,uesimtun2,107940,1285,108580,1296,,1,1
2025-11-25T16:57:41.243571Z,embb,uesimtun0,108360,1290,109000,1301,,1,1
2025-11-25T16:57:41.243571Z,urllc,uesimtun1,108108,1287,108748,1298,,1,1
2025-11-25T16:57:41.243571Z,mmtc,uesimtun2,108024,1286,108664,1297,,1,1
2025-11-25T16:57:41.493670Z,embb,uesimtun0,108444,1291,109084,1302,,1,1
2025-11-25T16:57:41.493670Z,urllc,uesimtun1,108192,1288,108832,1299,,1,1
2025-11-25T16:57:41.493670Z,mmtc,uesimtun2,108108,1287,108748,1298,,1,1
2025-11-25T16:57:41.743586Z,embb,uesimtun0,108528,1292,109168,1303,,1,1
2025-11-25T16:57:41.743586Z,urllc,uesimtun1,108276,1289,108916,1300,,1,1
2025-11-25T16:57:41.743586Z,mmtc,uesimtun2,108192,1288,108832,1299,,1,1
2025-11-25T16:57:41.993699Z,embb,uesimtun0,108612,1293,109252,1304,,1,1
2025-11-25T16:57:41.993699Z,urllc,uesimtun1,108360,1290,109000,1301,,1,1
2025-11-25T16:57:41.993699Z,mmtc,uesimtun2,108276,1289,108916,1300,,1,1
2025-11-25T16:57:42.276591Z,embb,uesimtun0,108696,1294,109336,1305,,1,1
2025-11-25T16:57:42.276591Z,urllc,uesimtun1,108444,1291,109084,1302,,1,1
2025-11-25T16:57:42.276591Z,mmtc,uesimtun2,108360,1290,109000,1301,,1,1
2025-11-25T16:57:42.493868Z,embb,uesimtun0,108780,1295,109420,1306,,1,1
2025-11-25T16:57:42.493868Z,urllc,uesimtun1,108528,1292,109168,1303,,1,1
2025-11-25T16:57:42.493868Z,mmtc,uesimtun2,108444,1291,109084,1302,,1,1
2025-11-25T16:57:42.743489Z,embb,uesimtun0,108864,1296,109504,1307,,1,1
2025-11-25T16:57:42.743489Z,urllc,uesimtun1,108612,1293,109252,1304,,1,1
2025-11-25T16:57:42.743489Z,mmtc,uesimtun2,108528,1292,109168,1303,,1,1
2025-11-25T16:57:42.993826Z,embb,uesimtun0,108948,1297,109588,1308,,1,1
2025-11-25T16:57:42.993826Z,urllc,uesimtun1,108696,1294,109336,1305,,1,1
2025-11-25T16:57:42.993826Z,mmtc,uesimtun2,108612,1293,109252,1304,,1,1
2025-11-25T16:57:43.243954Z,embb,uesimtun0,109032,1298,109672,1309,,1,1
2025-11-25T16:57:43.243954Z,urllc,uesimtun1,108780,1295,109420,1306,,1,1
2025-11-25T16:57:43.243954Z,mmtc,uesimtun2,108696,1294,109336,1305,,1,1
2025-11-25T16:57:43.493482Z,embb,uesimtun0,109116,1299,109756,1310,,1,1
2025-11-25T16:57:43.493482Z,urllc,uesimtun1,108864,1296,109504,1307,,1,1
2025-11-25T16:57:43.493482Z,mmtc,uesimtun2,108780,1295,109420,1306,,1,1
2025-11-25T16:57:43.743262Z,embb,uesimtun0,109200,1300,109840,1311,,1,1
2025-11-25T16:57:43.743262Z,urllc,uesimtun1,108948,1297,109588,1308,,1,1
2025-11-25T16:57:43.743262Z,mmtc,uesimtun2,108864,1296,109504,1307,,1,1
2025-11-25T16:57:43.993915Z,embb,uesimtun0,109284,1301,109924,1312,,1,1
2025-11-25T16:57:43.993915Z,urllc,uesimtun1,109032,1298,109672,1309,,1,1
2025-11-25T16:57:43.993915Z,mmtc,uesimtun2,108948,1297,109588,1308,,1,1
2025-11-25T16:57:44.243438Z,embb,uesimtun0,109368,1302,110008,1313,,1,1
2025-11-25T16:57:44.243438Z,urllc,uesimtun1,109116,1299,109756,1310,,1,1
2025-11-25T16:57:44.243438Z,mmtc,uesimtun2,109032,1298,109672,1309,,1,1
2025-11-25T16:57:44.493486Z,embb,uesimtun0,109452,1303,110092,1314,,1,1
2025-11-25T16:57:44.493486Z,urllc,uesimtun1,109200,1300,109840,1311,,1,1
2025-11-25T16:57:44.493486Z,mmtc,uesimtun2,109116,1299,109756,1310,,1,1
2025-11-25T16:57:44.743872Z,embb,uesimtun0,109536,1304,110176,1315,,1,1
2025-11-25T16:57:44.743872Z,urllc,uesimtun1,109284,1301,109924,1312,,1,1
2025-11-25T16:57:44.743872Z,mmtc,uesimtun2,109200,1300,109840,1311,,1,1
2025-11-25T16:57:44.993539Z,embb,uesimtun0,109620,1305,110260,1316,,1,1
2025-11-25T16:57:44.993539Z,urllc,uesimtun1,109368,1302,110008,1313,,1,1
2025-11-25T16:57:44.993539Z,mmtc,uesimtun2,109284,1301,109924,1312,,1,1
2025-11-25T16:57:45.244211Z,embb,uesimtun0,109704,1306,110344,1317,,1,1
2025-11-25T16:57:45.244211Z,urllc,uesimtun1,109452,1303,110092,1314,,1,1
2025-11-25T16:57:45.244211Z,mmtc,uesimtun2,109368,1302,110008,1313,,1,1
2025-11-25T16:57:45.493912Z,embb,uesimtun0,109788,1307,110428,1318,,1,1
2025-11-25T16:57:45.493912Z,urllc,uesimtun1,109536,1304,110176,1315,,1,1
2025-11-25T16:57:45.493912Z,mmtc,uesimtun2,109452,1303,110092,1314,,1,1
2025-11-25T16:57:45.743455Z,embb,uesimtun0,109872,1308,110512,1319,,1,1
2025-11-25T16:57:45.743455Z,urllc,uesimtun1,109620,1305,110260,1316,,1,1
2025-11-25T16:57:45.743455Z,mmtc,uesimtun2,109536,1304,110176,1315,,1,1
2025-11-25T16:57:45.993913Z,embb,uesimtun0,109956,1309,110596,1320,,1,1
2025-11-25T16:57:45.993913Z,urllc,uesimtun1,109704,1306,110344,1317,,1,1
2025-11-25T16:57:45.993913Z,mmtc,uesimtun2,109620,1305,110260,1316,,1,1
2025-11-25T16:57:46.243808Z,embb,uesimtun0,110040,1310,110680,1321,,1,1
2025-11-25T16:57:46.243808Z,urllc,uesimtun1,109788,1307,110428,1318,,1,1
2025-11-25T16:57:46.243808Z,mmtc,uesimtun2,109704,1306,110344,1317,,1,1
2025-11-25T16:57:46.493873Z,embb,uesimtun0,110124,1311,110764,1322,,1,1
2025-11-25T16:57:46.493873Z,urllc,uesimtun1,109872,1308,110512,1319,,1,1
2025-11-25T16:57:46.493873Z,mmtc,uesimtun2,109788,1307,110428,1318,,1,1
2025-11-25T16:57:46.743334Z,embb,uesimtun0,110208,1312,110848,1323,,1,1
2025-11-25T16:57:46.743334Z,urllc,uesimtun1,109956,1309,110596,1320,,1,1
2025-11-25T16:57:46.743334Z,mmtc,uesimtun2,109872,1308,110512,1319,,1,1
2025-11-25T16:57:46.993566Z,embb,uesimtun0,110292,1313,110932,1324,,1,1
2025-11-25T16:57:46.993566Z,urllc,uesimtun1,110040,1310,110680,1321,,1,1
2025-11-25T16:57:46.993566Z,mmtc,uesimtun2,109956,1309,110596,1320,,1,1
2025-11-25T16:57:47.243877Z,embb,uesimtun0,110376,1314,111016,1325,,1,1
2025-11-25T16:57:47.243877Z,urllc,uesimtun1,110124,1311,110764,1322,,1,1
2025-11-25T16:57:47.243877Z,mmtc,uesimtun2,110040,1310,110680,1321,,1,1
2025-11-25T16:57:47.493559Z,embb,uesimtun0,110460,1315,111100,1326,,1,1
2025-11-25T16:57:47.493559Z,urllc,uesimtun1,110208,1312,110848,1323,,1,1
2025-11-25T16:57:47.493559Z,mmtc,uesimtun2,110124,1311,110764,1322,,1,1
2025-11-25T16:57:47.743565Z,embb,uesimtun0,110544,1316,111184,1327,,1,1
2025-11-25T16:57:47.743565Z,urllc,uesimtun1,110292,1313,110932,1324,,1,1
2025-11-25T16:57:47.743565Z,mmtc,uesimtun2,110208,1312,110848,1323,,1,1
2025-11-25T16:57:47.993496Z,embb,uesimtun0,110628,1317,111268,1328,,1,1
2025-11-25T16:57:47.993496Z,urllc,uesimtun1,110376,1314,111016,1325,,1,1
2025-11-25T16:57:47.993496Z,mmtc,uesimtun2,110292,1313,110932,1324,,1,1
2025-11-25T16:57:48.243511Z,embb,uesimtun0,110712,1318,111352,1329,,1,1
2025-11-25T16:57:48.243511Z,urllc,uesimtun1,110460,1315,111100,1326,,1,1
2025-11-25T16:57:48.243511Z,mmtc,uesimtun2,110376,1314,111016,1325,,1,1
2025-11-25T16:57:48.493483Z,embb,uesimtun0,110796,1319,111436,1330,,1,1
2025-11-25T16:57:48.493483Z,urllc,uesimtun1,110544,1316,111184,1327,,1,1
2025-11-25T16:57:48.493483Z,mmtc,uesimtun2,110460,1315,111100,1326,,1,1
2025-11-25T16:57:48.743401Z,embb,uesimtun0,110880,1320,111520,1331,,1,1
2025-11-25T16:57:48.743401Z,urllc,uesimtun1,110628,1317,111268,1328,,1,1
2025-11-25T16:57:48.743401Z,mmtc,uesimtun2,110544,1316,111184,1327,,1,1
2025-11-25T16:57:48.993713Z,embb,uesimtun0,110964,1321,111604,1332,,1,1
2025-11-25T16:57:48.993713Z,urllc,uesimtun1,110712,1318,111352,1329,,1,1
2025-11-25T16:57:48.993713Z,mmtc,uesimtun2,110628,1317,111268,1328,,1,1
2025-11-25T16:57:49.243914Z,embb,uesimtun0,111048,1322,111688,1333,,1,1
2025-11-25T16:57:49.243914Z,urllc,uesimtun1,110796,1319,111436,1330,,1,1
2025-11-25T16:57:49.243914Z,mmtc,uesimtun2,110712,1318,111352,1329,,1,1
2025-11-25T16:57:49.493503Z,embb,uesimtun0,111132,1323,111772,1334,,1,1
2025-11-25T16:57:49.493503Z,urllc,uesimtun1,110880,1320,111520,1331,,1,1
2025-11-25T16:57:49.493503Z,mmtc,uesimtun2,110796,1319,111436,1330,,1,1
2025-11-25T16:57:49.743747Z,embb,uesimtun0,111216,1324,111856,1335,,1,1
2025-11-25T16:57:49.743747Z,urllc,uesimtun1,110964,1321,111604,1332,,1,1
2025-11-25T16:57:49.743747Z,mmtc,uesimtun2,110880,1320,111520,1331,,1,1
2025-11-25T16:57:49.993612Z,embb,uesimtun0,111300,1325,111940,1336,,1,1
2025-11-25T16:57:49.993612Z,urllc,uesimtun1,111048,1322,111688,1333,,1,1
2025-11-25T16:57:49.993612Z,mmtc,uesimtun2,110964,1321,111604,1332,,1,1
2025-11-25T16:57:50.243731Z,embb,uesimtun0,111384,1326,112024,1337,,1,1
2025-11-25T16:57:50.243731Z,urllc,uesimtun1,111132,1323,111772,1334,,1,1
2025-11-25T16:57:50.243731Z,mmtc,uesimtun2,111048,1322,111688,1333,,1,1
2025-11-25T16:57:50.493529Z,embb,uesimtun0,111468,1327,112108,1338,,1,1
2025-11-25T16:57:50.493529Z,urllc,uesimtun1,111216,1324,111856,1335,,1,1
2025-11-25T16:57:50.493529Z,mmtc,uesimtun2,111132,1323,111772,1334,,1,1
2025-11-25T16:57:50.743759Z,embb,uesimtun0,111552,1328,112192,1339,,1,1
2025-11-25T16:57:50.743759Z,urllc,uesimtun1,111300,1325,111940,1336,,1,1
2025-11-25T16:57:50.743759Z,mmtc,uesimtun2,111216,1324,111856,1335,,1,1
2025-11-25T16:57:50.993421Z,embb,uesimtun0,111636,1329,112276,1340,,1,1
2025-11-25T16:57:50.993421Z,urllc,uesimtun1,111384,1326,112024,1337,,1,1
2025-11-25T16:57:50.993421Z,mmtc,uesimtun2,111300,1325,111940,1336,,1,1
2025-11-25T16:57:51.243361Z,embb,uesimtun0,111720,1330,112360,1341,,1,1
2025-11-25T16:57:51.243361Z,urllc,uesimtun1,111468,1327,112108,1338,,1,1
2025-11-25T16:57:51.243361Z,mmtc,uesimtun2,111384,1326,112024,1337,,1,1
2025-11-25T16:57:51.494084Z,embb,uesimtun0,111804,1331,112444,1342,,1,1
2025-11-25T16:57:51.494084Z,urllc,uesimtun1,111552,1328,112192,1339,,1,1
2025-11-25T16:57:51.494084Z,mmtc,uesimtun2,111468,1327,112108,1338,,1,1
2025-11-25T16:57:51.743394Z,embb,uesimtun0,111888,1332,112528,1343,,1,1
2025-11-25T16:57:51.743394Z,urllc,uesimtun1,111636,1329,112276,1340,,1,1
2025-11-25T16:57:51.743394Z,mmtc,uesimtun2,111552,1328,112192,1339,,1,1
2025-11-25T16:57:51.993720Z,embb,uesimtun0,111972,1333,112612,1344,,1,1
2025-11-25T16:57:51.993720Z,urllc,uesimtun1,111720,1330,112360,1341,,1,1
2025-11-25T16:57:51.993720Z,mmtc,uesimtun2,111636,1329,112276,1340,,1,1
2025-11-25T16:57:52.243788Z,embb,uesimtun0,112056,1334,112696,1345,,1,1
2025-11-25T16:57:52.243788Z,urllc,uesimtun1,111804,1331,112444,1342,,1,1
2025-11-25T16:57:52.243788Z,mmtc,uesimtun2,111720,1330,112360,1341,,1,1
2025-11-25T16:57:52.493648Z,embb,uesimtun0,112140,1335,112780,1346,,1,1
2025-11-25T16:57:52.493648Z,urllc,uesimtun1,111888,1332,112528,1343,,1,1
2025-11-25T16:57:52.493648Z,mmtc,uesimtun2,111804,1331,112444,1342,,1,1
2025-11-25T16:57:52.743449Z,embb,uesimtun0,112224,1336,112864,1347,,1,1
2025-11-25T16:57:52.743449Z,urllc,uesimtun1,111972,1333,112612,1344,,1,1
2025-11-25T16:57:52.743449Z,mmtc,uesimtun2,111888,1332,112528,1343,,1,1
2025-11-25T16:57:52.993643Z,embb,uesimtun0,112308,1337,112948,1348,,1,1
2025-11-25T16:57:52.993643Z,urllc,uesimtun1,112056,1334,112696,1345,,1,1
2025-11-25T16:57:52.993643Z,mmtc,uesimtun2,111972,1333,112612,1344,,1,1
2025-11-25T16:57:53.243424Z,embb,uesimtun0,112392,1338,113032,1349,,1,1
2025-11-25T16:57:53.243424Z,urllc,uesimtun1,112140,1335,112780,1346,,1,1
2025-11-25T16:57:53.243424Z,mmtc,uesimtun2,112056,1334,112696,1345,,1,1
2025-11-25T16:57:53.493899Z,embb,uesimtun0,112476,1339,113116,1350,,1,1
2025-11-25T16:57:53.493899Z,urllc,uesimtun1,112224,1336,112864,1347,,1,1
2025-11-25T16:57:53.493899Z,mmtc,uesimtun2,112140,1335,112780,1346,,1,1
2025-11-25T16:57:53.743468Z,embb,uesimtun0,112560,1340,113200,1351,,1,1
2025-11-25T16:57:53.743468Z,urllc,uesimtun1,112308,1337,112948,1348,,1,1
2025-11-25T16:57:53.743468Z,mmtc,uesimtun2,112224,1336,112864,1347,,1,1
2025-11-25T16:57:53.993388Z,embb,uesimtun0,112644,1341,113284,1352,,1,1
2025-11-25T16:57:53.993388Z,urllc,uesimtun1,112392,1338,113032,1349,,1,1
2025-11-25T16:57:53.993388Z,mmtc,uesimtun2,112308,1337,112948,1348,,1,1
2025-11-25T16:57:54.243465Z,embb,uesimtun0,112728,1342,113368,1353,,1,1
2025-11-25T16:57:54.243465Z,urllc,uesimtun1,112476,1339,113116,1350,,1,1
2025-11-25T16:57:54.243465Z,mmtc,uesimtun2,112392,1338,113032,1349,,1,1
2025-11-25T16:57:54.493714Z,embb,uesimtun0,112812,1343,113452,1354,,1,1
2025-11-25T16:57:54.493714Z,urllc,uesimtun1,112560,1340,113200,1351,,1,1
2025-11-25T16:57:54.493714Z,mmtc,uesimtun2,112476,1339,113116,1350,,1,1
2025-11-25T16:57:54.743286Z,embb,uesimtun0,112896,1344,113536,1355,,1,1
2025-11-25T16:57:54.743286Z,urllc,uesimtun1,112644,1341,113284,1352,,1,1
2025-11-25T16:57:54.743286Z,mmtc,uesimtun2,112560,1340,113200,1351,,1,1
2025-11-25T16:57:54.993604Z,embb,uesimtun0,112980,1345,113620,1356,,1,1
2025-11-25T16:57:54.993604Z,urllc,uesimtun1,112728,1342,113368,1353,,1,1
2025-11-25T16:57:54.993604Z,mmtc,uesimtun2,112644,1341,113284,1352,,1,1
2025-11-25T16:57:55.243903Z,embb,uesimtun0,113064,1346,113704,1357,,1,1
2025-11-25T16:57:55.243903Z,urllc,uesimtun1,112812,1343,113452,1354,,1,1
2025-11-25T16:57:55.243903Z,mmtc,uesimtun2,112728,1342,113368,1353,,1,1
2025-11-25T16:57:55.493392Z,embb,uesimtun0,113148,1347,113788,1358,,1,1
2025-11-25T16:57:55.493392Z,urllc,uesimtun1,112896,1344,113536,1355,,1,1
2025-11-25T16:57:55.493392Z,mmtc,uesimtun2,112812,1343,113452,1354,,1,1
2025-11-25T16:57:55.743730Z,embb,uesimtun0,113232,1348,113872,1359,,1,1
2025-11-25T16:57:55.743730Z,urllc,uesimtun1,112980,1345,113620,1356,,1,1
2025-11-25T16:57:55.743730Z,mmtc,uesimtun2,112896,1344,113536,1355,,1,1
2025-11-25T16:57:55.993605Z,embb,uesimtun0,113316,1349,113956,1360,,1,1
2025-11-25T16:57:55.993605Z,urllc,uesimtun1,113064,1346,113704,1357,,1,1
2025-11-25T16:57:55.993605Z,mmtc,uesimtun2,112980,1345,113620,1356,,1,1
2025-11-25T16:57:56.243946Z,embb,uesimtun0,113400,1350,114040,1361,,1,1
2025-11-25T16:57:56.243946Z,urllc,uesimtun1,113148,1347,113788,1358,,1,1
2025-11-25T16:57:56.243946Z,mmtc,uesimtun2,113064,1346,113704,1357,,1,1
2025-11-25T16:57:56.493808Z,embb,uesimtun0,113484,1351,114124,1362,,1,1
2025-11-25T16:57:56.493808Z,urllc,uesimtun1,113232,1348,113872,1359,,1,1
2025-11-25T16:57:56.493808Z,mmtc,uesimtun2,113148,1347,113788,1358,,1,1
2025-11-25T16:57:56.743850Z,embb,uesimtun0,113568,1352,114208,1363,,1,1
2025-11-25T16:57:56.743850Z,urllc,uesimtun1,113316,1349,113956,1360,,1,1
2025-11-25T16:57:56.743850Z,mmtc,uesimtun2,113232,1348,113872,1359,,1,1
2025-11-25T16:57:56.993518Z,embb,uesimtun0,113652,1353,114292,1364,,1,1
2025-11-25T16:57:56.993518Z,urllc,uesimtun1,113400,1350,114040,1361,,1,1
2025-11-25T16:57:56.993518Z,mmtc,uesimtun2,113316,1349,113956,1360,,1,1
2025-11-25T16:57:57.243726Z,embb,uesimtun0,113736,1354,114376,1365,,1,1
2025-11-25T16:57:57.243726Z,urllc,uesimtun1,113484,1351,114124,1362,,1,1
2025-11-25T16:57:57.243726Z,mmtc,uesimtun2,113400,1350,114040,1361,,1,1
2025-11-25T16:57:57.493851Z,embb,uesimtun0,113820,1355,114460,1366,,1,1
2025-11-25T16:57:57.493851Z,urllc,uesimtun1,113568,1352,114208,1363,,1,1
2025-11-25T16:57:57.493851Z,mmtc,uesimtun2,113484,1351,114124,1362,,1,1
2025-11-25T16:57:57.743382Z,embb,uesimtun0,113904,1356,114544,1367,,1,1
2025-11-25T16:57:57.743382Z,urllc,uesimtun1,113652,1353,114292,1364,,1,1
2025-11-25T16:57:57.743382Z,mmtc,uesimtun2,113568,1352,114208,1363,,1,1
2025-11-25T16:57:57.993995Z,embb,uesimtun0,113988,1357,114628,1368,,1,1
2025-11-25T16:57:57.993995Z,urllc,uesimtun1,113736,1354,114376,1365,,1,1
2025-11-25T16:57:57.993995Z,mmtc,uesimtun2,113652,1353,114292,1364,,1,1
2025-11-25T16:57:58.244000Z,embb,uesimtun0,114072,1358,114712,1369,,1,1
2025-11-25T16:57:58.244000Z,urllc,uesimtun1,113820,1355,114460,1366,,1,1
2025-11-25T16:57:58.244000Z,mmtc,uesimtun2,113736,1354,114376,1365,,1,1
2025-11-25T16:57:58.493394Z,embb,uesimtun0,114156,1359,114796,1370,,1,1
2025-11-25T16:57:58.493394Z,urllc,uesimtun1,113904,1356,114544,1367,,1,1
2025-11-25T16:57:58.493394Z,mmtc,uesimtun2,113820,1355,114460,1366,,1,1
2025-11-25T16:57:58.743833Z,embb,uesimtun0,114240,1360,114880,1371,,1,1
2025-11-25T16:57:58.743833Z,urllc,uesimtun1,113988,1357,114628,1368,,1,1
2025-11-25T16:57:58.743833Z,mmtc,uesimtun2,113904,1356,114544,1367,,1,1
2025-11-25T16:57:58.993401Z,embb,uesimtun0,114324,1361,114964,1372,,1,1
2025-11-25T16:57:58.993401Z,urllc,uesimtun1,114072,1358,114712,1369,,1,1
2025-11-25T16:57:58.993401Z,mmtc,uesimtun2,113988,1357,114628,1368,,1,1
2025-11-25T16:57:59.243726Z,embb,uesimtun0,114408,1362,115048,1373,,1,1
2025-11-25T16:57:59.243726Z,urllc,uesimtun1,114156,1359,114796,1370,,1,1
2025-11-25T16:57:59.243726Z,mmtc,uesimtun2,114072,1358,114712,1369,,1,1
2025-11-25T16:57:59.493985Z,embb,uesimtun0,114492,1363,115132,1374,,1,1
2025-11-25T16:57:59.493985Z,urllc,uesimtun1,114240,1360,114880,1371,,1,1
2025-11-25T16:57:59.493985Z,mmtc,uesimtun2,114156,1359,114796,1370,,1,1
2025-11-25T16:57:59.743851Z,embb,uesimtun0,114576,1364,115216,1375,,1,1
2025-11-25T16:57:59.743851Z,urllc,uesimtun1,114324,1361,114964,1372,,1,1
2025-11-25T16:57:59.743851Z,mmtc,uesimtun2,114240,1360,114880,1371,,1,1
2025-11-25T16:57:59.993558Z,embb,uesimtun0,114660,1365,115300,1376,,1,1
2025-11-25T16:57:59.993558Z,urllc,uesimtun1,114408,1362,115048,1373,,1,1
2025-11-25T16:57:59.993558Z,mmtc,uesimtun2,114324,1361,114964,1372,,1,1
2025-11-25T16:58:00.243483Z,embb,uesimtun0,114744,1366,115384,1377,,1,1
2025-11-25T16:58:00.243483Z,urllc,uesimtun1,114492,1363,115132,1374,,1,1
2025-11-25T16:58:00.243483Z,mmtc,uesimtun2,114408,1362,115048,1373,,1,1
2025-11-25T16:58:00.493622Z,embb,uesimtun0,114828,1367,115468,1378,,1,1
2025-11-25T16:58:00.493622Z,urllc,uesimtun1,114576,1364,115216,1375,,1,1
2025-11-25T16:58:00.493622Z,mmtc,uesimtun2,114492,1363,115132,1374,,1,1
2025-11-25T16:58:00.743485Z,embb,uesimtun0,114912,1368,115552,1379,,1,1
2025-11-25T16:58:00.743485Z,urllc,uesimtun1,114660,1365,115300,1376,,1,1
2025-11-25T16:58:00.743485Z,mmtc,uesimtun2,114576,1364,115216,1375,,1,1
2025-11-25T16:58:00.993803Z,embb,uesimtun0,114996,1369,115636,1380,,1,1
2025-11-25T16:58:00.993803Z,urllc,uesimtun1,114744,1366,115384,1377,,1,1
2025-11-25T16:58:00.993803Z,mmtc,uesimtun2,114660,1365,115300,1376,,1,1
2025-11-25T16:58:01.243942Z,embb,uesimtun0,115080,1370,115720,1381,,1,1
2025-11-25T16:58:01.243942Z,urllc,uesimtun1,114828,1367,115468,1378,,1,1
2025-11-25T16:58:01.243942Z,mmtc,uesimtun2,114744,1366,115384,1377,,1,1
2025-11-25T16:58:01.493676Z,embb,uesimtun0,115164,1371,115804,1382,,1,1
2025-11-25T16:58:01.493676Z,urllc,uesimtun1,114912,1368,115552,1379,,1,1
2025-11-25T16:58:01.493676Z,mmtc,uesimtun2,114828,1367,115468,1378,,1,1
2025-11-25T16:58:01.743840Z,embb,uesimtun0,115248,1372,115888,1383,,1,1
2025-11-25T16:58:01.743840Z,urllc,uesimtun1,114996,1369,115636,1380,,1,1
2025-11-25T16:58:01.743840Z,mmtc,uesimtun2,114912,1368,115552,1379,,1,1
2025-11-25T16:58:01.993985Z,embb,uesimtun0,115332,1373,115972,1384,,1,1
2025-11-25T16:58:01.993985Z,urllc,uesimtun1,115080,1370,115720,1381,,1,1
2025-11-25T16:58:01.993985Z,mmtc,uesimtun2,114996,1369,115636,1380,,1,1
2025-11-25T16:58:02.243660Z,embb,uesimtun0,115416,1374,116056,1385,,1,1
2025-11-25T16:58:02.243660Z,urllc,uesimtun1,115164,1371,115804,1382,,1,1
2025-11-25T16:58:02.243660Z,mmtc,uesimtun2,115080,1370,115720,1381,,1,1
2025-11-25T16:58:02.493657Z,embb,uesimtun0,115500,1375,116140,1386,,1,1
2025-11-25T16:58:02.493657Z,urllc,uesimtun1,115248,1372,115888,1383,,1,1
2025-11-25T16:58:02.493657Z,mmtc,uesimtun2,115164,1371,115804,1382,,1,1
2025-11-25T16:58:02.743631Z,embb,uesimtun0,115584,1376,116224,1387,,1,1
2025-11-25T16:58:02.743631Z,urllc,uesimtun1,115332,1373,115972,1384,,1,1
2025-11-25T16:58:02.743631Z,mmtc,uesimtun2,115248,1372,115888,1383,,1,1
2025-11-25T16:58:02.993944Z,embb,uesimtun0,115668,1377,116308,1388,,1,1
2025-11-25T16:58:02.993944Z,urllc,uesimtun1,115416,1374,116056,1385,,1,1
2025-11-25T16:58:02.993944Z,mmtc,uesimtun2,115332,1373,115972,1384,,1,1
2025-11-25T16:58:03.243942Z,embb,uesimtun0,115752,1378,116392,1389,,1,1
2025-11-25T16:58:03.243942Z,urllc,uesimtun1,115500,1375,116140,1386,,1,1
2025-11-25T16:58:03.243942Z,mmtc,uesimtun2,115416,1374,116056,1385,,1,1
2025-11-25T16:58:03.493139Z,embb,uesimtun0,115836,1379,116476,1390,,1,1
2025-11-25T16:58:03.493139Z,urllc,uesimtun1,115584,1376,116224,1387,,1,1
2025-11-25T16:58:03.493139Z,mmtc,uesimtun2,115500,1375,116140,1386,,1,1
2025-11-25T16:58:03.743875Z,embb,uesimtun0,115920,1380,116560,1391,,1,1
2025-11-25T16:58:03.743875Z,urllc,uesimtun1,115668,1377,116308,1388,,1,1
2025-11-25T16:58:03.743875Z,mmtc,uesimtun2,115584,1376,116224,1387,,1,1
2025-11-25T16:58:03.993521Z,embb,uesimtun0,116004,1381,116644,1392,,1,1
2025-11-25T16:58:03.993521Z,urllc,uesimtun1,115752,1378,116392,1389,,1,1
2025-11-25T16:58:03.993521Z,mmtc,uesimtun2,115668,1377,116308,1388,,1,1
2025-11-25T16:58:04.243539Z,embb,uesimtun0,116088,1382,116728,1393,,1,1
2025-11-25T16:58:04.243539Z,urllc,uesimtun1,115836,1379,116476,1390,,1,1
2025-11-25T16:58:04.243539Z,mmtc,uesimtun2,115752,1378,116392,1389,,1,1
2025-11-25T16:58:04.493633Z,embb,uesimtun0,116172,1383,116812,1394,,1,1
2025-11-25T16:58:04.493633Z,urllc,uesimtun1,115920,1380,116560,1391,,1,1
2025-11-25T16:58:04.493633Z,mmtc,uesimtun2,115836,1379,116476,1390,,1,1
2025-11-25T16:58:04.743584Z,embb,uesimtun0,116256,1384,116896,1395,,1,1
2025-11-25T16:58:04.743584Z,urllc,uesimtun1,116004,1381,116644,1392,,1,1
2025-11-25T16:58:04.743584Z,mmtc,uesimtun2,115920,1380,116560,1391,,1,1
2025-11-25T16:58:04.993491Z,embb,uesimtun0,116340,1385,116980,1396,,1,1
2025-11-25T16:58:04.993491Z,urllc,uesimtun1,116088,1382,116728,1393,,1,1
2025-11-25T16:58:04.993491Z,mmtc,uesimtun2,116004,1381,116644,1392,,1,1
2025-11-25T16:58:05.243911Z,embb,uesimtun0,116424,1386,117064,1397,,1,1
2025-11-25T16:58:05.243911Z,urllc,uesimtun1,116172,1383,116812,1394,,1,1
2025-11-25T16:58:05.243911Z,mmtc,uesimtun2,116088,1382,116728,1393,,1,1
2025-11-25T16:58:05.493894Z,embb,uesimtun0,116508,1387,117148,1398,,1,1
2025-11-25T16:58:05.493894Z,urllc,uesimtun1,116256,1384,116896,1395,,1,1
2025-11-25T16:58:05.493894Z,mmtc,uesimtun2,116172,1383,116812,1394,,1,1
2025-11-25T16:58:05.743622Z,embb,uesimtun0,116592,1388,117232,1399,,1,1
2025-11-25T16:58:05.743622Z,urllc,uesimtun1,116340,1385,116980,1396,,1,1
2025-11-25T16:58:05.743622Z,mmtc,uesimtun2,116256,1384,116896,1395,,1,1
2025-11-25T16:58:05.993565Z,embb,uesimtun0,116676,1389,117316,1400,,1,1
2025-11-25T16:58:05.993565Z,urllc,uesimtun1,116424,1386,117064,1397,,1,1
2025-11-25T16:58:05.993565Z,mmtc,uesimtun2,116340,1385,116980,1396,,1,1
2025-11-25T16:58:06.243643Z,embb,uesimtun0,116760,1390,117400,1401,,1,1
2025-11-25T16:58:06.243643Z,urllc,uesimtun1,116508,1387,117148,1398,,1,1
2025-11-25T16:58:06.243643Z,mmtc,uesimtun2,116424,1386,117064,1397,,1,1
2025-11-25T16:58:06.493917Z,embb,uesimtun0,116844,1391,117484,1402,,1,1
2025-11-25T16:58:06.493917Z,urllc,uesimtun1,116592,1388,117232,1399,,1,1
2025-11-25T16:58:06.493917Z,mmtc,uesimtun2,116508,1387,117148,1398,,1,1
2025-11-25T16:58:06.743835Z,embb,uesimtun0,116928,1392,117568,1403,,1,1
2025-11-25T16:58:06.743835Z,urllc,uesimtun1,116676,1389,117316,1400,,1,1
2025-11-25T16:58:06.743835Z,mmtc,uesimtun2,116592,1388,117232,1399,,1,1
2025-11-25T16:58:06.993503Z,embb,uesimtun0,117012,1393,117652,1404,,1,1
2025-11-25T16:58:06.993503Z,urllc,uesimtun1,116760,1390,117400,1401,,1,1
2025-11-25T16:58:06.993503Z,mmtc,uesimtun2,116676,1389,117316,1400,,1,1
2025-11-25T16:58:07.243413Z,embb,uesimtun0,117096,1394,117736,1405,,1,1
2025-11-25T16:58:07.243413Z,urllc,uesimtun1,116844,1391,117484,1402,,1,1
2025-11-25T16:58:07.243413Z,mmtc,uesimtun2,116760,1390,117400,1401,,1,1
2025-11-25T16:58:07.493987Z,embb,uesimtun0,117180,1395,117820,1406,,1,1
2025-11-25T16:58:07.493987Z,urllc,uesimtun1,116928,1392,117568,1403,,1,1
2025-11-25T16:58:07.493987Z,mmtc,uesimtun2,116844,1391,117484,1402,,1,1
2025-11-25T16:58:07.743637Z,embb,uesimtun0,117264,1396,117904,1407,,1,1
2025-11-25T16:58:07.743637Z,urllc,uesimtun1,117012,1393,117652,1404,,1,1
2025-11-25T16:58:07.743637Z,mmtc,uesimtun2,116928,1392,117568,1403,,1,1
2025-11-25T16:58:07.993572Z,embb,uesimtun0,117348,1397,117988,1408,,1,1
2025-11-25T16:58:07.993572Z,urllc,uesimtun1,117096,1394,117736,1405,,1,1
2025-11-25T16:58:07.993572Z,mmtc,uesimtun2,117012,1393,117652,1404,,1,1
2025-11-25T16:58:08.389736Z,embb,uesimtun0,117432,1398,118072,1409,,1,1
2025-11-25T16:58:08.389736Z,urllc,uesimtun1,117180,1395,117820,1406,,1,1
2025-11-25T16:58:08.389736Z,mmtc,uesimtun2,117096,1394,117736,1405,,1,1
2025-11-25T16:58:08.493462Z,embb,uesimtun0,117516,1399,118156,1410,,1,1
2025-11-25T16:58:08.493462Z,urllc,uesimtun1,117264,1396,117904,1407,,1,1
2025-11-25T16:58:08.493462Z,mmtc,uesimtun2,117180,1395,117820,1406,,1,1
2025-11-25T16:58:08.743577Z,embb,uesimtun0,117600,1400,118240,1411,,1,1
2025-11-25T16:58:08.743577Z,urllc,uesimtun1,117348,1397,117988,1408,,1,1
2025-11-25T16:58:08.743577Z,mmtc,uesimtun2,117264,1396,117904,1407,,1,1
2025-11-25T16:58:08.993908Z,embb,uesimtun0,117684,1401,118324,1412,,1,1
2025-11-25T16:58:08.993908Z,urllc,uesimtun1,117432,1398,118072,1409,,1,1
2025-11-25T16:58:08.993908Z,mmtc,uesimtun2,117348,1397,117988,1408,,1,1
2025-11-25T16:58:09.243543Z,embb,uesimtun0,117768,1402,118408,1413,,1,1
2025-11-25T16:58:09.243543Z,urllc,uesimtun1,117516,1399,118156,1410,,1,1
2025-11-25T16:58:09.243543Z,mmtc,uesimtun2,117432,1398,118072,1409,,1,1
2025-11-25T16:58:09.493154Z,embb,uesimtun0,117852,1403,118492,1414,,1,1
2025-11-25T16:58:09.493154Z,urllc,uesimtun1,117600,1400,118240,1411,,1,1
2025-11-25T16:58:09.493154Z,mmtc,uesimtun2,117516,1399,118156,1410,,1,1
2025-11-25T16:58:09.743719Z,embb,uesimtun0,117936,1404,118576,1415,,1,1
2025-11-25T16:58:09.743719Z,urllc,uesimtun1,117684,1401,118324,1412,,1,1
2025-11-25T16:58:09.743719Z,mmtc,uesimtun2,117600,1400,118240,1411,,1,1
2025-11-25T16:58:09.993671Z,embb,uesimtun0,118020,1405,118660,1416,,1,1
2025-11-25T16:58:09.993671Z,urllc,uesimtun1,117768,1402,118408,1413,,1,1
2025-11-25T16:58:09.993671Z,mmtc,uesimtun2,117684,1401,118324,1412,,1,1
2025-11-25T16:58:10.243719Z,embb,uesimtun0,118104,1406,118744,1417,,1,1
2025-11-25T16:58:10.243719Z,urllc,uesimtun1,117852,1403,118492,1414,,1,1
2025-11-25T16:58:10.243719Z,mmtc,uesimtun2,117768,1402,118408,1413,,1,1
2025-11-25T16:58:10.493830Z,embb,uesimtun0,118188,1407,118828,1418,,1,1
2025-11-25T16:58:10.493830Z,urllc,uesimtun1,117936,1404,118576,1415,,1,1
2025-11-25T16:58:10.493830Z,mmtc,uesimtun2,117852,1403,118492,1414,,1,1
2025-11-25T16:58:10.743801Z,embb,uesimtun0,118272,1408,118912,1419,,1,1
2025-11-25T16:58:10.743801Z,urllc,uesimtun1,118020,1405,118660,1416,,1,1
2025-11-25T16:58:10.743801Z,mmtc,uesimtun2,117936,1404,118576,1415,,1,1
2025-11-25T16:58:10.993564Z,embb,uesimtun0,118356,1409,118996,1420,,1,1
2025-11-25T16:58:10.993564Z,urllc,uesimtun1,118104,1406,118744,1417,,1,1
2025-11-25T16:58:10.993564Z,mmtc,uesimtun2,118020,1405,118660,1416,,1,1
2025-11-25T16:58:11.243523Z,embb,uesimtun0,118440,1410,119080,1421,,1,1
2025-11-25T16:58:11.243523Z,urllc,uesimtun1,118188,1407,118828,1418,,1,1
2025-11-25T16:58:11.243523Z,mmtc,uesimtun2,118104,1406,118744,1417,,1,1
2025-11-25T16:58:11.493816Z,embb,uesimtun0,118524,1411,119164,1422,,1,1
2025-11-25T16:58:11.493816Z,urllc,uesimtun1,118272,1408,118912,1419,,1,1
2025-11-25T16:58:11.493816Z,mmtc,uesimtun2,118188,1407,118828,1418,,1,1
2025-11-25T16:58:11.743606Z,embb,uesimtun0,118608,1412,119248,1423,,1,1
2025-11-25T16:58:11.743606Z,urllc,uesimtun1,118356,1409,118996,1420,,1,1
2025-11-25T16:58:11.743606Z,mmtc,uesimtun2,118272,1408,118912,1419,,1,1
2025-11-25T16:58:11.993593Z,embb,uesimtun0,118692,1413,119332,1424,,1,1
2025-11-25T16:58:11.993593Z,urllc,uesimtun1,118440,1410,119080,1421,,1,1
2025-11-25T16:58:11.993593Z,mmtc,uesimtun2,118356,1409,118996,1420,,1,1
2025-11-25T16:58:12.243994Z,embb,uesimtun0,118776,1414,119416,1425,,1,1
2025-11-25T16:58:12.243994Z,urllc,uesimtun1,118524,1411,119164,1422,,1,1
2025-11-25T16:58:12.243994Z,mmtc,uesimtun2,118440,1410,119080,1421,,1,1
2025-11-25T16:58:12.493623Z,embb,uesimtun0,118860,1415,119500,1426,,1,1
2025-11-25T16:58:12.493623Z,urllc,uesimtun1,118608,1412,119248,1423,,1,1
2025-11-25T16:58:12.493623Z,mmtc,uesimtun2,118524,1411,119164,1422,,1,1
2025-11-25T16:58:12.743884Z,embb,uesimtun0,118944,1416,119584,1427,,1,1
2025-11-25T16:58:12.743884Z,urllc,uesimtun1,118692,1413,119332,1424,,1,1
2025-11-25T16:58:12.743884Z,mmtc,uesimtun2,118608,1412,119248,1423,,1,1
2025-11-25T16:58:12.993544Z,embb,uesimtun0,119028,1417,119668,1428,,1,1
2025-11-25T16:58:12.993544Z,urllc,uesimtun1,118776,1414,119416,1425,,1,1
2025-11-25T16:58:12.993544Z,mmtc,uesimtun2,118692,1413,119332,1424,,1,1
2025-11-25T16:58:13.243573Z,embb,uesimtun0,119112,1418,119752,1429,,1,1
2025-11-25T16:58:13.243573Z,urllc,uesimtun1,118860,1415,119500,1426,,1,1
2025-11-25T16:58:13.243573Z,mmtc,uesimtun2,118776,1414,119416,1425,,1,1
2025-11-25T16:58:13.493975Z,embb,uesimtun0,119196,1419,119836,1430,,1,1
2025-11-25T16:58:13.493975Z,urllc,uesimtun1,118944,1416,119584,1427,,1,1
2025-11-25T16:58:13.493975Z,mmtc,uesimtun2,118860,1415,119500,1426,,1,1
2025-11-25T16:58:13.743252Z,embb,uesimtun0,119280,1420,119920,1431,,1,1
2025-11-25T16:58:13.743252Z,urllc,uesimtun1,119028,1417,119668,1428,,1,1
2025-11-25T16:58:13.743252Z,mmtc,uesimtun2,118944,1416,119584,1427,,1,1
2025-11-25T16:58:13.993965Z,embb,uesimtun0,119364,1421,120004,1432,,1,1
2025-11-25T16:58:13.993965Z,urllc,uesimtun1,119112,1418,119752,1429,,1,1
2025-11-25T16:58:13.993965Z,mmtc,uesimtun2,119028,1417,119668,1428,,1,1
2025-11-25T16:58:14.260953Z,embb,uesimtun0,119448,1422,120088,1433,,1,1
2025-11-25T16:58:14.260953Z,urllc,uesimtun1,119196,1419,119836,1430,,1,1
2025-11-25T16:58:14.260953Z,mmtc,uesimtun2,119112,1418,119752,1429,,1,1
2025-11-25T16:58:14.493608Z,embb,uesimtun0,119532,1423,120172,1434,,1,1
2025-11-25T16:58:14.493608Z,urllc,uesimtun1,119280,1420,119920,1431,,1,1
2025-11-25T16:58:14.493608Z,mmtc,uesimtun2,119196,1419,119836,1430,,1,1
2025-11-25T16:58:14.743400Z,embb,uesimtun0,119616,1424,120256,1435,,1,1
2025-11-25T16:58:14.743400Z,urllc,uesimtun1,119364,1421,120004,1432,,1,1
2025-11-25T16:58:14.743400Z,mmtc,uesimtun2,119280,1420,119920,1431,,1,1
2025-11-25T16:58:14.993721Z,embb,uesimtun0,119700,1425,120340,1436,,1,1
2025-11-25T16:58:14.993721Z,urllc,uesimtun1,119448,1422,120088,1433,,1,1
2025-11-25T16:58:14.993721Z,mmtc,uesimtun2,119364,1421,120004,1432,,1,1
2025-11-25T16:58:15.243783Z,embb,uesimtun0,119784,1426,120424,1437,,1,1
2025-11-25T16:58:15.243783Z,urllc,uesimtun1,119532,1423,120172,1434,,1,1
2025-11-25T16:58:15.243783Z,mmtc,uesimtun2,119448,1422,120088,1433,,1,1
2025-11-25T16:58:15.493840Z,embb,uesimtun0,119868,1427,120508,1438,,1,1
2025-11-25T16:58:15.493840Z,urllc,uesimtun1,119616,1424,120256,1435,,1,1
2025-11-25T16:58:15.493840Z,mmtc,uesimtun2,119532,1423,120172,1434,,1,1
2025-11-25T16:58:15.743302Z,embb,uesimtun0,119952,1428,120592,1439,,1,1
2025-11-25T16:58:15.743302Z,urllc,uesimtun1,119700,1425,120340,1436,,1,1
2025-11-25T16:58:15.743302Z,mmtc,uesimtun2,119616,1424,120256,1435,,1,1
2025-11-25T16:58:15.993431Z,embb,uesimtun0,120036,1429,120676,1440,,1,1
2025-11-25T16:58:15.993431Z,urllc,uesimtun1,119784,1426,120424,1437,,1,1
2025-11-25T16:58:15.993431Z,mmtc,uesimtun2,119700,1425,120340,1436,,1,1
2025-11-25T16:58:16.243835Z,embb,uesimtun0,120120,1430,120760,1441,,1,1
2025-11-25T16:58:16.243835Z,urllc,uesimtun1,119868,1427,120508,1438,,1,1
2025-11-25T16:58:16.243835Z,mmtc,uesimtun2,119784,1426,120424,1437,,1,1
2025-11-25T16:58:16.493747Z,embb,uesimtun0,120204,1431,120844,1442,,1,1
2025-11-25T16:58:16.493747Z,urllc,uesimtun1,119952,1428,120592,1439,,1,1
2025-11-25T16:58:16.493747Z,mmtc,uesimtun2,119868,1427,120508,1438,,1,1
2025-11-25T16:58:16.743521Z,embb,uesimtun0,120288,1432,120928,1443,,1,1
2025-11-25T16:58:16.743521Z,urllc,uesimtun1,120036,1429,120676,1440,,1,1
2025-11-25T16:58:16.743521Z,mmtc,uesimtun2,119952,1428,120592,1439,,1,1
2025-11-25T16:58:16.993466Z,embb,uesimtun0,120372,1433,121012,1444,,1,1
2025-11-25T16:58:16.993466Z,urllc,uesimtun1,120120,1430,120760,1441,,1,1
2025-11-25T16:58:16.993466Z,mmtc,uesimtun2,120036,1429,120676,1440,,1,1
2025-11-25T16:58:17.281638Z,embb,uesimtun0,120456,1434,121096,1445,,1,1
2025-11-25T16:58:17.281638Z,urllc,uesimtun1,120204,1431,120844,1442,,1,1
2025-11-25T16:58:17.281638Z,mmtc,uesimtun2,120120,1430,120760,1441,,1,1
2025-11-25T16:58:17.493739Z,embb,uesimtun0,120540,1435,121180,1446,,1,1
2025-11-25T16:58:17.493739Z,urllc,uesimtun1,120288,1432,120928,1443,,1,1
2025-11-25T16:58:17.493739Z,mmtc,uesimtun2,120204,1431,120844,1442,,1,1
2025-11-25T16:58:17.743451Z,embb,uesimtun0,120624,1436,121264,1447,,1,1
2025-11-25T16:58:17.743451Z,urllc,uesimtun1,120372,1433,121012,1444,,1,1
2025-11-25T16:58:17.743451Z,mmtc,uesimtun2,120288,1432,120928,1443,,1,1
2025-11-25T16:58:17.993865Z,embb,uesimtun0,120708,1437,121348,1448,,1,1
2025-11-25T16:58:17.993865Z,urllc,uesimtun1,120456,1434,121096,1445,,1,1
2025-11-25T16:58:17.993865Z,mmtc,uesimtun2,120372,1433,121012,1444,,1,1
2025-11-25T16:58:18.244008Z,embb,uesimtun0,120792,1438,121432,1449,,1,1
2025-11-25T16:58:18.244008Z,urllc,uesimtun1,120540,1435,121180,1446,,1,1
2025-11-25T16:58:18.244008Z,mmtc,uesimtun2,120456,1434,121096,1445,,1,1
2025-11-25T16:58:18.493761Z,embb,uesimtun0,120876,1439,121516,1450,,1,1
2025-11-25T16:58:18.493761Z,urllc,uesimtun1,120624,1436,121264,1447,,1,1
2025-11-25T16:58:18.493761Z,mmtc,uesimtun2,120540,1435,121180,1446,,1,1
2025-11-25T16:58:18.743347Z,embb,uesimtun0,120960,1440,121600,1451,,1,1
2025-11-25T16:58:18.743347Z,urllc,uesimtun1,120708,1437,121348,1448,,1,1
2025-11-25T16:58:18.743347Z,mmtc,uesimtun2,120624,1436,121264,1447,,1,1
2025-11-25T16:58:18.993913Z,embb,uesimtun0,121044,1441,121684,1452,,1,1
2025-11-25T16:58:18.993913Z,urllc,uesimtun1,120792,1438,121432,1449,,1,1
2025-11-25T16:58:18.993913Z,mmtc,uesimtun2,120708,1437,121348,1448,,1,1
2025-11-25T16:58:19.243610Z,embb,uesimtun0,121128,1442,121768,1453,,1,1
2025-11-25T16:58:19.243610Z,urllc,uesimtun1,120876,1439,121516,1450,,1,1
2025-11-25T16:58:19.243610Z,mmtc,uesimtun2,120792,1438,121432,1449,,1,1
2025-11-25T16:58:19.493813Z,embb,uesimtun0,121212,1443,121852,1454,,1,1
2025-11-25T16:58:19.493813Z,urllc,uesimtun1,120960,1440,121600,1451,,1,1
2025-11-25T16:58:19.493813Z,mmtc,uesimtun2,120876,1439,121516,1450,,1,1
2025-11-25T16:58:19.743730Z,embb,uesimtun0,121296,1444,121936,1455,,1,1
2025-11-25T16:58:19.743730Z,urllc,uesimtun1,121044,1441,121684,1452,,1,1
2025-11-25T16:58:19.743730Z,mmtc,uesimtun2,120960,1440,121600,1451,,1,1
2025-11-25T16:58:19.993678Z,embb,uesimtun0,121380,1445,122020,1456,,1,1
2025-11-25T16:58:19.993678Z,urllc,uesimtun1,121128,1442,121768,1453,,1,1
2025-11-25T16:58:19.993678Z,mmtc,uesimtun2,121044,1441,121684,1452,,1,1
2025-11-25T16:58:20.243790Z,embb,uesimtun0,121464,1446,122104,1457,,1,1
2025-11-25T16:58:20.243790Z,urllc,uesimtun1,121212,1443,121852,1454,,1,1
2025-11-25T16:58:20.243790Z,mmtc,uesimtun2,121128,1442,121768,1453,,1,1
2025-11-25T16:58:20.493361Z,embb,uesimtun0,121548,1447,122188,1458,,1,1
2025-11-25T16:58:20.493361Z,urllc,uesimtun1,121296,1444,121936,1455,,1,1
2025-11-25T16:58:20.493361Z,mmtc,uesimtun2,121212,1443,121852,1454,,1,1
2025-11-25T16:58:20.743389Z,embb,uesimtun0,121632,1448,122272,1459,,1,1
2025-11-25T16:58:20.743389Z,urllc,uesimtun1,121380,1445,122020,1456,,1,1
2025-11-25T16:58:20.743389Z,mmtc,uesimtun2,121296,1444,121936,1455,,1,1
2025-11-25T16:58:20.993718Z,embb,uesimtun0,121716,1449,122356,1460,,1,1
2025-11-25T16:58:20.993718Z,urllc,uesimtun1,121464,1446,122104,1457,,1,1
2025-11-25T16:58:20.993718Z,mmtc,uesimtun2,121380,1445,122020,1456,,1,1
2025-11-25T16:58:21.243868Z,embb,uesimtun0,121800,1450,122440,1461,,1,1
2025-11-25T16:58:21.243868Z,urllc,uesimtun1,121548,1447,122188,1458,,1,1
2025-11-25T16:58:21.243868Z,mmtc,uesimtun2,121464,1446,122104,1457,,1,1
2025-11-25T16:58:21.493398Z,embb,uesimtun0,121884,1451,122524,1462,,1,1
2025-11-25T16:58:21.493398Z,urllc,uesimtun1,121632,1448,122272,1459,,1,1
2025-11-25T16:58:21.493398Z,mmtc,uesimtun2,121548,1447,122188,1458,,1,1
2025-11-25T16:58:21.743900Z,embb,uesimtun0,121968,1452,122608,1463,,1,1
2025-11-25T16:58:21.743900Z,urllc,uesimtun1,121716,1449,122356,1460,,1,1
2025-11-25T16:58:21.743900Z,mmtc,uesimtun2,121632,1448,122272,1459,,1,1
2025-11-25T16:58:21.993509Z,embb,uesimtun0,122052,1453,122692,1464,,1,1
2025-11-25T16:58:21.993509Z,urllc,uesimtun1,121800,1450,122440,1461,,1,1
2025-11-25T16:58:21.993509Z,mmtc,uesimtun2,121716,1449,122356,1460,,1,1
2025-11-25T16:58:22.243623Z,embb,uesimtun0,122136,1454,122776,1465,,1,1
2025-11-25T16:58:22.243623Z,urllc,uesimtun1,121884,1451,122524,1462,,1,1
2025-11-25T16:58:22.243623Z,mmtc,uesimtun2,121800,1450,122440,1461,,1,1
2025-11-25T16:58:22.493500Z,embb,uesimtun0,122220,1455,122860,1466,,1,1
2025-11-25T16:58:22.493500Z,urllc,uesimtun1,121968,1452,122608,1463,,1,1
2025-11-25T16:58:22.493500Z,mmtc,uesimtun2,121884,1451,122524,1462,,1,1
2025-11-25T16:58:22.743841Z,embb,uesimtun0,122304,1456,122944,1467,,1,1
2025-11-25T16:58:22.743841Z,urllc,uesimtun1,122052,1453,122692,1464,,1,1
2025-11-25T16:58:22.743841Z,mmtc,uesimtun2,121968,1452,122608,1463,,1,1
2025-11-25T16:58:22.993779Z,embb,uesimtun0,122388,1457,123028,1468,,1,1
2025-11-25T16:58:22.993779Z,urllc,uesimtun1,122136,1454,122776,1465,,1,1
2025-11-25T16:58:22.993779Z,mmtc,uesimtun2,122052,1453,122692,1464,,1,1
2025-11-25T16:58:23.243404Z,embb,uesimtun0,122472,1458,123112,1469,,1,1
2025-11-25T16:58:23.243404Z,urllc,uesimtun1,122220,1455,122860,1466,,1,1
2025-11-25T16:58:23.243404Z,mmtc,uesimtun2,122136,1454,122776,1465,,1,1
2025-11-25T16:58:23.493846Z,embb,uesimtun0,122556,1459,123196,1470,,1,1
2025-11-25T16:58:23.493846Z,urllc,uesimtun1,122304,1456,122944,1467,,1,1
2025-11-25T16:58:23.493846Z,mmtc,uesimtun2,122220,1455,122860,1466,,1,1
2025-11-25T16:58:23.743726Z,embb,uesimtun0,122640,1460,123280,1471,,1,1
2025-11-25T16:58:23.743726Z,urllc,uesimtun1,122388,1457,123028,1468,,1,1
2025-11-25T16:58:23.743726Z,mmtc,uesimtun2,122304,1456,122944,1467,,1,1
2025-11-25T16:58:23.993631Z,embb,uesimtun0,122724,1461,123364,1472,,1,1
2025-11-25T16:58:23.993631Z,urllc,uesimtun1,122472,1458,123112,1469,,1,1
2025-11-25T16:58:23.993631Z,mmtc,uesimtun2,122388,1457,123028,1468,,1,1
2025-11-25T16:58:24.243632Z,embb,uesimtun0,122808,1462,123448,1473,,1,1
2025-11-25T16:58:24.243632Z,urllc,uesimtun1,122556,1459,123196,1470,,1,1
2025-11-25T16:58:24.243632Z,mmtc,uesimtun2,122472,1458,123112,1469,,1,1
2025-11-25T16:58:24.493814Z,embb,uesimtun0,122892,1463,123532,1474,,1,1
2025-11-25T16:58:24.493814Z,urllc,uesimtun1,122640,1460,123280,1471,,1,1
2025-11-25T16:58:24.493814Z,mmtc,uesimtun2,122556,1459,123196,1470,,1,1
2025-11-25T16:58:24.743321Z,embb,uesimtun0,122976,1464,123616,1475,,1,1
2025-11-25T16:58:24.743321Z,urllc,uesimtun1,122724,1461,123364,1472,,1,1
2025-11-25T16:58:24.743321Z,mmtc,uesimtun2,122640,1460,123280,1471,,1,1
2025-11-25T16:58:24.993641Z,embb,uesimtun0,123060,1465,123700,1476,,1,1
2025-11-25T16:58:24.993641Z,urllc,uesimtun1,122808,1462,123448,1473,,1,1
2025-11-25T16:58:24.993641Z,mmtc,uesimtun2,122724,1461,123364,1472,,1,1
2025-11-25T16:58:25.243795Z,embb,uesimtun0,123144,1466,123784,1477,,1,1
2025-11-25T16:58:25.243795Z,urllc,uesimtun1,122892,1463,123532,1474,,1,1
2025-11-25T16:58:25.243795Z,mmtc,uesimtun2,122808,1462,123448,1473,,1,1
2025-11-25T16:58:25.493999Z,embb,uesimtun0,123228,1467,123868,1478,,1,1
2025-11-25T16:58:25.493999Z,urllc,uesimtun1,122976,1464,123616,1475,,1,1
2025-11-25T16:58:25.493999Z,mmtc,uesimtun2,122892,1463,123532,1474,,1,1
2025-11-25T16:58:25.743753Z,embb,uesimtun0,123312,1468,123952,1479,,1,1
2025-11-25T16:58:25.743753Z,urllc,uesimtun1,123060,1465,123700,1476,,1,1
2025-11-25T16:58:25.743753Z,mmtc,uesimtun2,122976,1464,123616,1475,,1,1
2025-11-25T16:58:25.996893Z,embb,uesimtun0,123396,1469,124036,1480,,1,1
2025-11-25T16:58:25.996893Z,urllc,uesimtun1,123144,1466,123784,1477,,1,1
2025-11-25T16:58:25.996893Z,mmtc,uesimtun2,123060,1465,123700,1476,,1,1
2025-11-25T16:58:26.301602Z,embb,uesimtun0,123480,1470,124120,1481,,1,1
2025-11-25T16:58:26.301602Z,urllc,uesimtun1,123228,1467,123868,1478,,1,1
2025-11-25T16:58:26.301602Z,mmtc,uesimtun2,123144,1466,123784,1477,,1,1
2025-11-25T16:58:26.493862Z,embb,uesimtun0,123564,1471,124204,1482,,1,1
2025-11-25T16:58:26.493862Z,urllc,uesimtun1,123312,1468,123952,1479,,1,1
2025-11-25T16:58:26.493862Z,mmtc,uesimtun2,123228,1467,123868,1478,,1,1
2025-11-25T16:58:26.743882Z,embb,uesimtun0,123648,1472,124288,1483,,1,1
2025-11-25T16:58:26.743882Z,urllc,uesimtun1,123396,1469,124036,1480,,1,1
2025-11-25T16:58:26.743882Z,mmtc,uesimtun2,123312,1468,123952,1479,,1,1
2025-11-25T16:58:26.993470Z,embb,uesimtun0,123732,1473,124372,1484,,1,1
2025-11-25T16:58:26.993470Z,urllc,uesimtun1,123480,1470,124120,1481,,1,1
2025-11-25T16:58:26.993470Z,mmtc,uesimtun2,123396,1469,124036,1480,,1,1
2025-11-25T16:58:27.243367Z,embb,uesimtun0,123816,1474,124456,1485,,1,1
2025-11-25T16:58:27.243367Z,urllc,uesimtun1,123564,1471,124204,1482,,1,1
2025-11-25T16:58:27.243367Z,mmtc,uesimtun2,123480,1470,124120,1481,,1,1
2025-11-25T16:58:27.493622Z,embb,uesimtun0,123900,1475,124540,1486,,1,1
2025-11-25T16:58:27.493622Z,urllc,uesimtun1,123648,1472,124288,1483,,1,1
2025-11-25T16:58:27.493622Z,mmtc,uesimtun2,123564,1471,124204,1482,,1,1
2025-11-25T16:58:27.743410Z,embb,uesimtun0,123984,1476,124624,1487,,1,1
2025-11-25T16:58:27.743410Z,urllc,uesimtun1,123732,1473,124372,1484,,1,1
2025-11-25T16:58:27.743410Z,mmtc,uesimtun2,123648,1472,124288,1483,,1,1
2025-11-25T16:58:27.993190Z,embb,uesimtun0,124068,1477,124708,1488,,1,1
2025-11-25T16:58:27.993190Z,urllc,uesimtun1,123816,1474,124456,1485,,1,1
2025-11-25T16:58:27.993190Z,mmtc,uesimtun2,123732,1473,124372,1484,,1,1
2025-11-25T16:58:28.243599Z,embb,uesimtun0,124152,1478,124792,1489,,1,1
2025-11-25T16:58:28.243599Z,urllc,uesimtun1,123900,1475,124540,1486,,1,1
2025-11-25T16:58:28.243599Z,mmtc,uesimtun2,123816,1474,124456,1485,,1,1
2025-11-25T16:58:28.493505Z,embb,uesimtun0,124236,1479,124876,1490,,1,1
2025-11-25T16:58:28.493505Z,urllc,uesimtun1,123984,1476,124624,1487,,1,1
2025-11-25T16:58:28.493505Z,mmtc,uesimtun2,123900,1475,124540,1486,,1,1
2025-11-25T16:58:28.743339Z,embb,uesimtun0,124320,1480,124960,1491,,1,1
2025-11-25T16:58:28.743339Z,urllc,uesimtun1,124068,1477,124708,1488,,1,1
2025-11-25T16:58:28.743339Z,mmtc,uesimtun2,123984,1476,124624,1487,,1,1
2025-11-25T16:58:28.993617Z,embb,uesimtun0,124404,1481,125044,1492,,1,1
2025-11-25T16:58:28.993617Z,urllc,uesimtun1,124152,1478,124792,1489,,1,1
2025-11-25T16:58:28.993617Z,mmtc,uesimtun2,124068,1477,124708,1488,,1,1
2025-11-25T16:58:29.243377Z,embb,uesimtun0,124488,1482,125128,1493,,1,1
2025-11-25T16:58:29.243377Z,urllc,uesimtun1,124236,1479,124876,1490,,1,1
2025-11-25T16:58:29.243377Z,mmtc,uesimtun2,124152,1478,124792,1489,,1,1
2025-11-25T16:58:29.493650Z,embb,uesimtun0,124572,1483,125212,1494,,1,1
2025-11-25T16:58:29.493650Z,urllc,uesimtun1,124320,1480,124960,1491,,1,1
2025-11-25T16:58:29.493650Z,mmtc,uesimtun2,124236,1479,124876,1490,,1,1
2025-11-25T16:58:29.743837Z,embb,uesimtun0,124656,1484,125296,1495,,1,1
2025-11-25T16:58:29.743837Z,urllc,uesimtun1,124404,1481,125044,1492,,1,1
2025-11-25T16:58:29.743837Z,mmtc,uesimtun2,124320,1480,124960,1491,,1,1
2025-11-25T16:58:29.993742Z,embb,uesimtun0,124740,1485,125380,1496,,1,1
2025-11-25T16:58:29.993742Z,urllc,uesimtun1,124488,1482,125128,1493,,1,1
2025-11-25T16:58:29.993742Z,mmtc,uesimtun2,124404,1481,125044,1492,,1,1
2025-11-25T16:58:30.401463Z,embb,uesimtun0,124824,1486,125464,1497,,1,1
2025-11-25T16:58:30.401463Z,urllc,uesimtun1,124572,1483,125212,1494,,1,1
2025-11-25T16:58:30.401463Z,mmtc,uesimtun2,124488,1482,125128,1493,,1,1
2025-11-25T16:58:30.493469Z,embb,uesimtun0,124908,1487,125548,1498,,1,1
2025-11-25T16:58:30.493469Z,urllc,uesimtun1,124656,1484,125296,1495,,1,1
2025-11-25T16:58:30.493469Z,mmtc,uesimtun2,124572,1483,125212,1494,,1,1
2025-11-25T16:58:30.743364Z,embb,uesimtun0,124992,1488,125632,1499,,1,1
2025-11-25T16:58:30.743364Z,urllc,uesimtun1,124740,1485,125380,1496,,1,1
2025-11-25T16:58:30.743364Z,mmtc,uesimtun2,124656,1484,125296,1495,,1,1
2025-11-25T16:58:30.993689Z,embb,uesimtun0,125076,1489,125716,1500,,1,1
2025-11-25T16:58:30.993689Z,urllc,uesimtun1,124824,1486,125464,1497,,1,1
2025-11-25T16:58:30.993689Z,mmtc,uesimtun2,124740,1485,125380,1496,,1,1
2025-11-25T16:58:31.243704Z,embb,uesimtun0,125160,1490,125800,1501,,1,1
2025-11-25T16:58:31.243704Z,urllc,uesimtun1,124908,1487,125548,1498,,1,1
2025-11-25T16:58:31.243704Z,mmtc,uesimtun2,124824,1486,125464,1497,,1,1
2025-11-25T16:58:31.493969Z,embb,uesimtun0,125244,1491,125884,1502,,1,1
2025-11-25T16:58:31.493969Z,urllc,uesimtun1,124992,1488,125632,1499,,1,1
2025-11-25T16:58:31.493969Z,mmtc,uesimtun2,124908,1487,125548,1498,,1,1
2025-11-25T16:58:31.743731Z,embb,uesimtun0,125328,1492,125968,1503,,1,1
2025-11-25T16:58:31.743731Z,urllc,uesimtun1,125076,1489,125716,1500,,1,1
2025-11-25T16:58:31.743731Z,mmtc,uesimtun2,124992,1488,125632,1499,,1,1
2025-11-25T16:58:31.993667Z,embb,uesimtun0,125412,1493,126052,1504,,1,1
2025-11-25T16:58:31.993667Z,urllc,uesimtun1,125160,1490,125800,1501,,1,1
2025-11-25T16:58:31.993667Z,mmtc,uesimtun2,125076,1489,125716,1500,,1,1
2025-11-25T16:58:32.243820Z,embb,uesimtun0,125496,1494,126136,1505,,1,1
2025-11-25T16:58:32.243820Z,urllc,uesimtun1,125244,1491,125884,1502,,1,1
2025-11-25T16:58:32.243820Z,mmtc,uesimtun2,125160,1490,125800,1501,,1,1
2025-11-25T16:58:32.493891Z,embb,uesimtun0,125580,1495,126220,1506,,1,1
2025-11-25T16:58:32.493891Z,urllc,uesimtun1,125328,1492,125968,1503,,1,1
2025-11-25T16:58:32.493891Z,mmtc,uesimtun2,125244,1491,125884,1502,,1,1
2025-11-25T16:58:32.743335Z,embb,uesimtun0,125664,1496,126304,1507,,1,1
2025-11-25T16:58:32.743335Z,urllc,uesimtun1,125412,1493,126052,1504,,1,1
2025-11-25T16:58:32.743335Z,mmtc,uesimtun2,125328,1492,125968,1503,,1,1
2025-11-25T16:58:32.993668Z,embb,uesimtun0,125748,1497,126388,1508,,1,1
2025-11-25T16:58:32.993668Z,urllc,uesimtun1,125496,1494,126136,1505,,1,1
2025-11-25T16:58:32.993668Z,mmtc,uesimtun2,125412,1493,126052,1504,,1,1
2025-11-25T16:58:33.243556Z,embb,uesimtun0,125832,1498,126472,1509,,1,1
2025-11-25T16:58:33.243556Z,urllc,uesimtun1,125580,1495,126220,1506,,1,1
2025-11-25T16:58:33.243556Z,mmtc,uesimtun2,125496,1494,126136,1505,,1,1
2025-11-25T16:58:33.493742Z,embb,uesimtun0,125916,1499,126556,1510,,1,1
2025-11-25T16:58:33.493742Z,urllc,uesimtun1,125664,1496,126304,1507,,1,1
2025-11-25T16:58:33.493742Z,mmtc,uesimtun2,125580,1495,126220,1506,,1,1
2025-11-25T16:58:33.743685Z,embb,uesimtun0,126000,1500,126640,1511,,1,1
2025-11-25T16:58:33.743685Z,urllc,uesimtun1,125748,1497,126388,1508,,1,1
2025-11-25T16:58:33.743685Z,mmtc,uesimtun2,125664,1496,126304,1507,,1,1
2025-11-25T16:58:33.993637Z,embb,uesimtun0,126084,1501,126724,1512,,1,1
2025-11-25T16:58:33.993637Z,urllc,uesimtun1,125832,1498,126472,1509,,1,1
2025-11-25T16:58:33.993637Z,mmtc,uesimtun2,125748,1497,126388,1508,,1,1
2025-11-25T16:58:34.243743Z,embb,uesimtun0,126168,1502,126808,1513,,1,1
2025-11-25T16:58:34.243743Z,urllc,uesimtun1,125916,1499,126556,1510,,1,1
2025-11-25T16:58:34.243743Z,mmtc,uesimtun2,125832,1498,126472,1509,,1,1
2025-11-25T16:58:34.493624Z,embb,uesimtun0,126252,1503,126892,1514,,1,1
2025-11-25T16:58:34.493624Z,urllc,uesimtun1,126000,1500,126640,1511,,1,1
2025-11-25T16:58:34.493624Z,mmtc,uesimtun2,125916,1499,126556,1510,,1,1
2025-11-25T16:58:34.743343Z,embb,uesimtun0,126336,1504,126976,1515,,1,1
2025-11-25T16:58:34.743343Z,urllc,uesimtun1,126084,1501,126724,1512,,1,1
2025-11-25T16:58:34.743343Z,mmtc,uesimtun2,126000,1500,126640,1511,,1,1
2025-11-25T16:58:34.993143Z,embb,uesimtun0,126420,1505,127060,1516,,1,1
2025-11-25T16:58:34.993143Z,urllc,uesimtun1,126168,1502,126808,1513,,1,1
2025-11-25T16:58:34.993143Z,mmtc,uesimtun2,126084,1501,126724,1512,,1,1
2025-11-25T16:58:35.243978Z,embb,uesimtun0,126504,1506,127144,1517,,1,1
2025-11-25T16:58:35.243978Z,urllc,uesimtun1,126252,1503,126892,1514,,1,1
2025-11-25T16:58:35.243978Z,mmtc,uesimtun2,126168,1502,126808,1513,,1,1
2025-11-25T16:58:35.493381Z,embb,uesimtun0,126588,1507,127228,1518,,1,1
2025-11-25T16:58:35.493381Z,urllc,uesimtun1,126336,1504,126976,1515,,1,1
2025-11-25T16:58:35.493381Z,mmtc,uesimtun2,126252,1503,126892,1514,,1,1
2025-11-25T16:58:35.743846Z,embb,uesimtun0,126672,1508,127312,1519,,1,1
2025-11-25T16:58:35.743846Z,urllc,uesimtun1,126420,1505,127060,1516,,1,1
2025-11-25T16:58:35.743846Z,mmtc,uesimtun2,126336,1504,126976,1515,,1,1
2025-11-25T16:58:35.993611Z,embb,uesimtun0,126756,1509,127396,1520,,1,1
2025-11-25T16:58:35.993611Z,urllc,uesimtun1,126504,1506,127144,1517,,1,1
2025-11-25T16:58:35.993611Z,mmtc,uesimtun2,126420,1505,127060,1516,,1,1
2025-11-25T16:58:36.243396Z,embb,uesimtun0,126840,1510,127480,1521,,1,1
2025-11-25T16:58:36.243396Z,urllc,uesimtun1,126588,1507,127228,1518,,1,1
2025-11-25T16:58:36.243396Z,mmtc,uesimtun2,126504,1506,127144,1517,,1,1
2025-11-25T16:58:36.526632Z,embb,uesimtun0,126924,1511,127564,1522,,1,1
2025-11-25T16:58:36.526632Z,urllc,uesimtun1,126672,1508,127312,1519,,1,1
2025-11-25T16:58:36.526632Z,mmtc,uesimtun2,126588,1507,127228,1518,,1,1
2025-11-25T16:58:36.777022Z,embb,uesimtun0,127008,1512,127648,1523,,1,1
2025-11-25T16:58:36.777022Z,urllc,uesimtun1,126756,1509,127396,1520,,1,1
2025-11-25T16:58:36.777022Z,mmtc,uesimtun2,126672,1508,127312,1519,,1,1
2025-11-25T16:58:37.027350Z,embb,uesimtun0,127092,1513,127732,1524,,1,1
2025-11-25T16:58:37.027350Z,urllc,uesimtun1,126840,1510,127480,1521,,1,1
2025-11-25T16:58:37.027350Z,mmtc,uesimtun2,126756,1509,127396,1520,,1,1
2025-11-25T16:58:37.306016Z,embb,uesimtun0,127176,1514,127816,1525,,1,1
2025-11-25T16:58:37.306016Z,urllc,uesimtun1,126924,1511,127564,1522,,1,1
2025-11-25T16:58:37.306016Z,mmtc,uesimtun2,126840,1510,127480,1521,,1,1
2025-11-25T16:58:37.556412Z,embb,uesimtun0,127260,1515,127900,1526,,1,1
2025-11-25T16:58:37.556412Z,urllc,uesimtun1,127008,1512,127648,1523,,1,1
2025-11-25T16:58:37.556412Z,mmtc,uesimtun2,126924,1511,127564,1522,,1,1
2025-11-25T16:58:37.806688Z,embb,uesimtun0,127344,1516,127984,1527,,1,1
2025-11-25T16:58:37.806688Z,urllc,uesimtun1,127092,1513,127732,1524,,1,1
2025-11-25T16:58:37.806688Z,mmtc,uesimtun2,127008,1512,127648,1523,,1,1
2025-11-25T16:58:38.056680Z,embb,uesimtun0,127428,1517,128068,1528,,1,1
2025-11-25T16:58:38.056680Z,urllc,uesimtun1,127176,1514,127816,1525,,1,1
2025-11-25T16:58:38.056680Z,mmtc,uesimtun2,127092,1513,127732,1524,,1,1
2025-11-25T16:58:38.428357Z,embb,uesimtun0,127428,1517,128152,1529,,1,1
2025-11-25T16:58:38.428357Z,urllc,uesimtun1,127176,1514,127900,1526,,1,1
2025-11-25T16:58:38.428357Z,mmtc,uesimtun2,127176,1514,127816,1525,,1,1
2025-11-25T16:58:38.678836Z,embb,uesimtun0,127596,1519,128236,1530,,1,1
2025-11-25T16:58:38.678836Z,urllc,uesimtun1,127344,1516,127984,1527,,1,1
2025-11-25T16:58:38.678836Z,mmtc,uesimtun2,127260,1515,127900,1526,,1,1
2025-11-25T16:58:38.928478Z,embb,uesimtun0,127680,1520,128320,1531,,1,1
2025-11-25T16:58:38.928478Z,urllc,uesimtun1,127428,1517,128068,1528,,1,1
2025-11-25T16:58:38.928478Z,mmtc,uesimtun2,127344,1516,127984,1527,,1,1
2025-11-25T16:58:39.264349Z,embb,uesimtun0,127764,1521,128404,1532,,1,1
2025-11-25T16:58:39.264349Z,urllc,uesimtun1,127512,1518,128152,1529,,1,1
2025-11-25T16:58:39.264349Z,mmtc,uesimtun2,127428,1517,128068,1528,,1,1
2025-11-25T16:58:39.428569Z,embb,uesimtun0,127848,1522,128488,1533,,1,1
2025-11-25T16:58:39.428569Z,urllc,uesimtun1,127596,1519,128236,1530,,1,1
2025-11-25T16:58:39.428569Z,mmtc,uesimtun2,127512,1518,128152,1529,,1,1
2025-11-25T16:58:39.678529Z,embb,uesimtun0,127932,1523,128572,1534,,1,1
2025-11-25T16:58:39.678529Z,urllc,uesimtun1,127680,1520,128320,1531,,1,1
2025-11-25T16:58:39.678529Z,mmtc,uesimtun2,127596,1519,128236,1530,,1,1
2025-11-25T16:58:39.928789Z,embb,uesimtun0,128016,1524,128656,1535,,1,1
2025-11-25T16:58:39.928789Z,urllc,uesimtun1,127764,1521,128404,1532,,1,1
2025-11-25T16:58:39.928789Z,mmtc,uesimtun2,127680,1520,128320,1531,,1,1
2025-11-25T16:58:40.179195Z,embb,uesimtun0,128100,1525,128740,1536,,1,1
2025-11-25T16:58:40.179195Z,urllc,uesimtun1,127848,1522,128488,1533,,1,1
2025-11-25T16:58:40.179195Z,mmtc,uesimtun2,127764,1521,128404,1532,,1,1
2025-11-25T16:58:40.428856Z,embb,uesimtun0,128184,1526,128824,1537,,1,1
2025-11-25T16:58:40.428856Z,urllc,uesimtun1,127932,1523,128572,1534,,1,1
2025-11-25T16:58:40.428856Z,mmtc,uesimtun2,127848,1522,128488,1533,,1,1
2025-11-25T16:58:40.678522Z,embb,uesimtun0,128268,1527,128908,1538,,1,1
2025-11-25T16:58:40.678522Z,urllc,uesimtun1,128016,1524,128656,1535,,1,1
2025-11-25T16:58:40.678522Z,mmtc,uesimtun2,127932,1523,128572,1534,,1,1
2025-11-25T16:58:40.928673Z,embb,uesimtun0,128352,1528,128992,1539,,1,1
2025-11-25T16:58:40.928673Z,urllc,uesimtun1,128100,1525,128740,1536,,1,1
2025-11-25T16:58:40.928673Z,mmtc,uesimtun2,128016,1524,128656,1535,,1,1
2025-11-25T16:58:41.178863Z,embb,uesimtun0,128436,1529,129076,1540,,1,1
2025-11-25T16:58:41.178863Z,urllc,uesimtun1,128184,1526,128824,1537,,1,1
2025-11-25T16:58:41.178863Z,mmtc,uesimtun2,128100,1525,128740,1536,,1,1
2025-11-25T16:58:41.429134Z,embb,uesimtun0,128520,1530,129160,1541,,1,1
2025-11-25T16:58:41.429134Z,urllc,uesimtun1,128268,1527,128908,1538,,1,1
2025-11-25T16:58:41.429134Z,mmtc,uesimtun2,128184,1526,128824,1537,,1,1
2025-11-25T16:58:41.679088Z,embb,uesimtun0,128604,1531,129244,1542,,1,1
2025-11-25T16:58:41.679088Z,urllc,uesimtun1,128352,1528,128992,1539,,1,1
2025-11-25T16:58:41.679088Z,mmtc,uesimtun2,128268,1527,128908,1538,,1,1
2025-11-25T16:58:41.929171Z,embb,uesimtun0,128688,1532,129328,1543,,1,1
2025-11-25T16:58:41.929171Z,urllc,uesimtun1,128436,1529,129076,1540,,1,1
2025-11-25T16:58:41.929171Z,mmtc,uesimtun2,128352,1528,128992,1539,,1,1
2025-11-25T16:58:42.211326Z,embb,uesimtun0,128772,1533,129412,1544,,1,1
2025-11-25T16:58:42.211326Z,urllc,uesimtun1,128520,1530,129160,1541,,1,1
2025-11-25T16:58:42.211326Z,mmtc,uesimtun2,128436,1529,129076,1540,,1,1
2025-11-25T16:58:42.428937Z,embb,uesimtun0,128856,1534,129496,1545,,1,1
2025-11-25T16:58:42.428937Z,urllc,uesimtun1,128604,1531,129244,1542,,1,1
2025-11-25T16:58:42.428937Z,mmtc,uesimtun2,128520,1530,129160,1541,,1,1
2025-11-25T16:58:42.679973Z,embb,uesimtun0,128940,1535,129580,1546,,1,1
2025-11-25T16:58:42.679973Z,urllc,uesimtun1,128688,1532,129328,1543,,1,1
2025-11-25T16:58:42.679973Z,mmtc,uesimtun2,128604,1531,129244,1542,,1,1
2025-11-25T16:58:42.928787Z,embb,uesimtun0,129024,1536,129664,1547,,1,1
2025-11-25T16:58:42.928787Z,urllc,uesimtun1,128772,1533,129412,1544,,1,1
2025-11-25T16:58:42.928787Z,mmtc,uesimtun2,128688,1532,129328,1543,,1,1
2025-11-25T16:58:43.191864Z,embb,uesimtun0,129108,1537,129748,1548,,1,1
2025-11-25T16:58:43.191864Z,urllc,uesimtun1,128856,1534,129496,1545,,1,1
2025-11-25T16:58:43.191864Z,mmtc,uesimtun2,128772,1533,129412,1544,,1,1
2025-11-25T16:58:43.428454Z,embb,uesimtun0,129192,1538,129832,1549,,1,1
2025-11-25T16:58:43.428454Z,urllc,uesimtun1,128940,1535,129580,1546,,1,1
2025-11-25T16:58:43.428454Z,mmtc,uesimtun2,128856,1534,129496,1545,,1,1
2025-11-25T16:58:43.679040Z,embb,uesimtun0,129276,1539,129916,1550,,1,1
2025-11-25T16:58:43.679040Z,urllc,uesimtun1,129024,1536,129664,1547,,1,1
2025-11-25T16:58:43.679040Z,mmtc,uesimtun2,128940,1535,129580,1546,,1,1
2025-11-25T16:58:43.928973Z,embb,uesimtun0,129360,1540,130000,1551,,1,1
2025-11-25T16:58:43.928973Z,urllc,uesimtun1,129108,1537,129748,1548,,1,1
2025-11-25T16:58:43.928973Z,mmtc,uesimtun2,129024,1536,129664,1547,,1,1
2025-11-25T16:58:44.411534Z,embb,uesimtun0,129444,1541,130084,1552,,1,1
2025-11-25T16:58:44.411534Z,urllc,uesimtun1,129192,1538,129832,1549,,1,1
2025-11-25T16:58:44.411534Z,mmtc,uesimtun2,129108,1537,129748,1548,,1,1
2025-11-25T16:58:44.428605Z,embb,uesimtun0,129528,1542,130168,1553,,1,1
2025-11-25T16:58:44.428605Z,urllc,uesimtun1,129276,1539,129916,1550,,1,1
2025-11-25T16:58:44.428605Z,mmtc,uesimtun2,129192,1538,129832,1549,,1,1
2025-11-25T16:58:44.678726Z,embb,uesimtun0,129612,1543,130252,1554,,1,1
2025-11-25T16:58:44.678726Z,urllc,uesimtun1,129360,1540,130000,1551,,1,1
2025-11-25T16:58:44.678726Z,mmtc,uesimtun2,129276,1539,129916,1550,,1,1
2025-11-25T16:58:44.928992Z,embb,uesimtun0,129696,1544,130336,1555,,1,1
2025-11-25T16:58:44.928992Z,urllc,uesimtun1,129444,1541,130084,1552,,1,1
2025-11-25T16:58:44.928992Z,mmtc,uesimtun2,129360,1540,130000,1551,,1,1
2025-11-25T16:58:45.178705Z,embb,uesimtun0,129780,1545,130420,1556,,1,1
2025-11-25T16:58:45.178705Z,urllc,uesimtun1,129528,1542,130168,1553,,1,1
2025-11-25T16:58:45.178705Z,mmtc,uesimtun2,129444,1541,130084,1552,,1,1
2025-11-25T16:58:45.428691Z,embb,uesimtun0,129864,1546,130504,1557,,1,1
2025-11-25T16:58:45.428691Z,urllc,uesimtun1,129612,1543,130252,1554,,1,1
2025-11-25T16:58:45.428691Z,mmtc,uesimtun2,129528,1542,130168,1553,,1,1
2025-11-25T16:58:45.678702Z,embb,uesimtun0,129948,1547,130588,1558,,1,1
2025-11-25T16:58:45.678702Z,urllc,uesimtun1,129696,1544,130336,1555,,1,1
2025-11-25T16:58:45.678702Z,mmtc,uesimtun2,129612,1543,130252,1554,,1,1
2025-11-25T16:58:45.929029Z,embb,uesimtun0,130032,1548,130672,1559,,1,1
2025-11-25T16:58:45.929029Z,urllc,uesimtun1,129780,1545,130420,1556,,1,1
2025-11-25T16:58:45.929029Z,mmtc,uesimtun2,129696,1544,130336,1555,,1,1
2025-11-25T16:58:46.179009Z,embb,uesimtun0,130116,1549,130756,1560,,1,1
2025-11-25T16:58:46.179009Z,urllc,uesimtun1,129864,1546,130504,1557,,1,1
2025-11-25T16:58:46.179009Z,mmtc,uesimtun2,129780,1545,130420,1556,,1,1
2025-11-25T16:58:46.428992Z,embb,uesimtun0,130200,1550,130840,1561,,1,1
2025-11-25T16:58:46.428992Z,urllc,uesimtun1,129948,1547,130588,1558,,1,1
2025-11-25T16:58:46.428992Z,mmtc,uesimtun2,129864,1546,130504,1557,,1,1
2025-11-25T16:58:46.678603Z,embb,uesimtun0,130284,1551,130924,1562,,1,1
2025-11-25T16:58:46.678603Z,urllc,uesimtun1,130032,1548,130672,1559,,1,1
2025-11-25T16:58:46.678603Z,mmtc,uesimtun2,129948,1547,130588,1558,,1,1
2025-11-25T16:58:46.928644Z,embb,uesimtun0,130368,1552,131008,1563,,1,1
2025-11-25T16:58:46.928644Z,urllc,uesimtun1,130116,1549,130756,1560,,1,1
2025-11-25T16:58:46.928644Z,mmtc,uesimtun2,130032,1548,130672,1559,,1,1
2025-11-25T16:58:47.178706Z,embb,uesimtun0,130452,1553,131092,1564,,1,1
2025-11-25T16:58:47.178706Z,urllc,uesimtun1,130200,1550,130840,1561,,1,1
2025-11-25T16:58:47.178706Z,mmtc,uesimtun2,130116,1549,130756,1560,,1,1
2025-11-25T16:58:47.428974Z,embb,uesimtun0,130536,1554,131176,1565,,1,1
2025-11-25T16:58:47.428974Z,urllc,uesimtun1,130284,1551,130924,1562,,1,1
2025-11-25T16:58:47.428974Z,mmtc,uesimtun2,130200,1550,130840,1561,,1,1
2025-11-25T16:58:47.678727Z,embb,uesimtun0,130620,1555,131260,1566,,1,1
2025-11-25T16:58:47.678727Z,urllc,uesimtun1,130368,1552,131008,1563,,1,1
2025-11-25T16:58:47.678727Z,mmtc,uesimtun2,130284,1551,130924,1562,,1,1
2025-11-25T16:58:47.929055Z,embb,uesimtun0,130704,1556,131344,1567,,1,1
2025-11-25T16:58:47.929055Z,urllc,uesimtun1,130452,1553,131092,1564,,1,1
2025-11-25T16:58:47.929055Z,mmtc,uesimtun2,130368,1552,131008,1563,,1,1
2025-11-25T16:58:48.180993Z,embb,uesimtun0,130788,1557,131428,1568,,1,1
2025-11-25T16:58:48.180993Z,urllc,uesimtun1,130536,1554,131176,1565,,1,1
2025-11-25T16:58:48.180993Z,mmtc,uesimtun2,130452,1553,131092,1564,,1,1
2025-11-25T16:58:48.557970Z,embb,uesimtun0,130872,1558,131512,1569,,1,1
2025-11-25T16:58:48.557970Z,urllc,uesimtun1,130620,1555,131260,1566,,1,1
2025-11-25T16:58:48.557970Z,mmtc,uesimtun2,130536,1554,131176,1565,,1,1
2025-11-25T16:58:48.808812Z,embb,uesimtun0,130956,1559,131596,1570,,1,1
2025-11-25T16:58:48.808812Z,urllc,uesimtun1,130704,1556,131344,1567,,1,1
2025-11-25T16:58:48.808812Z,mmtc,uesimtun2,130620,1555,131260,1566,,1,1
2025-11-25T16:58:49.058865Z,embb,uesimtun0,131040,1560,131680,1571,,1,1
2025-11-25T16:58:49.058865Z,urllc,uesimtun1,130788,1557,131428,1568,,1,1
2025-11-25T16:58:49.058865Z,mmtc,uesimtun2,130704,1556,131344,1567,,1,1
2025-11-25T16:58:49.308175Z,embb,uesimtun0,131124,1561,131764,1572,,1,1
2025-11-25T16:58:49.308175Z,urllc,uesimtun1,130872,1558,131512,1569,,1,1
2025-11-25T16:58:49.308175Z,mmtc,uesimtun2,130788,1557,131428,1568,,1,1
2025-11-25T16:58:49.558348Z,embb,uesimtun0,131208,1562,131848,1573,,1,1
2025-11-25T16:58:49.558348Z,urllc,uesimtun1,130956,1559,131596,1570,,1,1
2025-11-25T16:58:49.558348Z,mmtc,uesimtun2,130872,1558,131512,1569,,1,1
2025-11-25T16:58:49.808359Z,embb,uesimtun0,131292,1563,131932,1574,,1,1
2025-11-25T16:58:49.808359Z,urllc,uesimtun1,131040,1560,131680,1571,,1,1
2025-11-25T16:58:49.808359Z,mmtc,uesimtun2,130956,1559,131596,1570,,1,1
2025-11-25T16:58:50.261387Z,embb,uesimtun0,131376,1564,132016,1575,,1,1
2025-11-25T16:58:50.261387Z,urllc,uesimtun1,131124,1561,131764,1572,,1,1
2025-11-25T16:58:50.261387Z,mmtc,uesimtun2,131040,1560,131680,1571,,1,1
2025-11-25T16:58:50.318568Z,embb,uesimtun0,131460,1565,132100,1576,,1,1
2025-11-25T16:58:50.318568Z,urllc,uesimtun1,131208,1562,131848,1573,,1,1
2025-11-25T16:58:50.318568Z,mmtc,uesimtun2,131124,1561,131764,1572,,1,1
2025-11-25T16:58:50.569031Z,embb,uesimtun0,131544,1566,132184,1577,,1,1
2025-11-25T16:58:50.569031Z,urllc,uesimtun1,131292,1563,131932,1574,,1,1
2025-11-25T16:58:50.569031Z,mmtc,uesimtun2,131208,1562,131848,1573,,1,1
2025-11-25T16:58:50.818800Z,embb,uesimtun0,131628,1567,132268,1578,,1,1
2025-11-25T16:58:50.818800Z,urllc,uesimtun1,131376,1564,132016,1575,,1,1
2025-11-25T16:58:50.818800Z,mmtc,uesimtun2,131292,1563,131932,1574,,1,1
2025-11-25T16:58:51.069282Z,embb,uesimtun0,131712,1568,132352,1579,,1,1
2025-11-25T16:58:51.069282Z,urllc,uesimtun1,131460,1565,132100,1576,,1,1
2025-11-25T16:58:51.069282Z,mmtc,uesimtun2,131376,1564,132016,1575,,1,1
2025-11-25T16:58:51.434357Z,embb,uesimtun0,131712,1568,132436,1580,,1,1
2025-11-25T16:58:51.434357Z,urllc,uesimtun1,131460,1565,132184,1577,,1,1
2025-11-25T16:58:51.434357Z,mmtc,uesimtun2,131460,1565,132100,1576,,1,1
2025-11-25T16:58:51.684985Z,embb,uesimtun0,131880,1570,132520,1581,,1,1
2025-11-25T16:58:51.684985Z,urllc,uesimtun1,131628,1567,132268,1578,,1,1
2025-11-25T16:58:51.684985Z,mmtc,uesimtun2,131544,1566,132184,1577,,1,1
2025-11-25T16:58:51.934640Z,embb,uesimtun0,131964,1571,132604,1582,,1,1
2025-11-25T16:58:51.934640Z,urllc,uesimtun1,131712,1568,132352,1579,,1,1
2025-11-25T16:58:51.934640Z,mmtc,uesimtun2,131628,1567,132268,1578,,1,1
2025-11-25T16:58:52.281681Z,embb,uesimtun0,132048,1572,132688,1583,,1,1
2025-11-25T16:58:52.281681Z,urllc,uesimtun1,131796,1569,132436,1580,,1,1
2025-11-25T16:58:52.281681Z,mmtc,uesimtun2,131712,1568,132352,1579,,1,1
2025-11-25T16:58:52.435128Z,embb,uesimtun0,132132,1573,132772,1584,,1,1
2025-11-25T16:58:52.435128Z,urllc,uesimtun1,131880,1570,132520,1581,,1,1
2025-11-25T16:58:52.435128Z,mmtc,uesimtun2,131796,1569,132436,1580,,1,1
2025-11-25T16:58:52.684513Z,embb,uesimtun0,132216,1574,132856,1585,,1,1
2025-11-25T16:58:52.684513Z,urllc,uesimtun1,131964,1571,132604,1582,,1,1
2025-11-25T16:58:52.684513Z,mmtc,uesimtun2,131880,1570,132520,1581,,1,1
2025-11-25T16:58:52.935051Z,embb,uesimtun0,132300,1575,132940,1586,,1,1
2025-11-25T16:58:52.935051Z,urllc,uesimtun1,132048,1572,132688,1583,,1,1
2025-11-25T16:58:52.935051Z,mmtc,uesimtun2,131964,1571,132604,1582,,1,1
2025-11-25T16:58:53.184798Z,embb,uesimtun0,132384,1576,133024,1587,,1,1
2025-11-25T16:58:53.184798Z,urllc,uesimtun1,132132,1573,132772,1584,,1,1
2025-11-25T16:58:53.184798Z,mmtc,uesimtun2,132048,1572,132688,1583,,1,1
2025-11-25T16:58:53.435058Z,embb,uesimtun0,132468,1577,133108,1588,,1,1
2025-11-25T16:58:53.435058Z,urllc,uesimtun1,132216,1574,132856,1585,,1,1
2025-11-25T16:58:53.435058Z,mmtc,uesimtun2,132132,1573,132772,1584,,1,1
2025-11-25T16:58:53.684704Z,embb,uesimtun0,132552,1578,133192,1589,,1,1
2025-11-25T16:58:53.684704Z,urllc,uesimtun1,132300,1575,132940,1586,,1,1
2025-11-25T16:58:53.684704Z,mmtc,uesimtun2,132216,1574,132856,1585,,1,1
2025-11-25T16:58:53.935049Z,embb,uesimtun0,132636,1579,133276,1590,,1,1
2025-11-25T16:58:53.935049Z,urllc,uesimtun1,132384,1576,133024,1587,,1,1
2025-11-25T16:58:53.935049Z,mmtc,uesimtun2,132300,1575,132940,1586,,1,1
2025-11-25T16:58:54.184653Z,embb,uesimtun0,132720,1580,133360,1591,,1,1
2025-11-25T16:58:54.184653Z,urllc,uesimtun1,132468,1577,133108,1588,,1,1
2025-11-25T16:58:54.184653Z,mmtc,uesimtun2,132384,1576,133024,1587,,1,1
2025-11-25T16:58:54.569650Z,embb,uesimtun0,132804,1581,133444,1592,,1,1
2025-11-25T16:58:54.569650Z,urllc,uesimtun1,132552,1578,133192,1589,,1,1
2025-11-25T16:58:54.569650Z,mmtc,uesimtun2,132468,1577,133108,1588,,1,1
2025-11-25T16:58:54.820253Z,embb,uesimtun0,132888,1582,133528,1593,,1,1
2025-11-25T16:58:54.820253Z,urllc,uesimtun1,132636,1579,133276,1590,,1,1
2025-11-25T16:58:54.820253Z,mmtc,uesimtun2,132552,1578,133192,1589,,1,1
2025-11-25T16:58:55.070287Z,embb,uesimtun0,132972,1583,133612,1594,,1,1
2025-11-25T16:58:55.070287Z,urllc,uesimtun1,132720,1580,133360,1591,,1,1
2025-11-25T16:58:55.070287Z,mmtc,uesimtun2,132636,1579,133276,1590,,1,1
2025-11-25T16:58:55.320425Z,embb,uesimtun0,133056,1584,133696,1595,,1,1
2025-11-25T16:58:55.320425Z,urllc,uesimtun1,132804,1581,133444,1592,,1,1
2025-11-25T16:58:55.320425Z,mmtc,uesimtun2,132720,1580,133360,1591,,1,1
2025-11-25T16:58:55.569869Z,embb,uesimtun0,133140,1585,133780,1596,,1,1
2025-11-25T16:58:55.569869Z,urllc,uesimtun1,132888,1582,133528,1593,,1,1
2025-11-25T16:58:55.569869Z,mmtc,uesimtun2,132804,1581,133444,1592,,1,1
2025-11-25T16:58:55.819993Z,embb,uesimtun0,133224,1586,133864,1597,,1,1
2025-11-25T16:58:55.819993Z,urllc,uesimtun1,132972,1583,133612,1594,,1,1
2025-11-25T16:58:55.819993Z,mmtc,uesimtun2,132888,1582,133528,1593,,1,1
2025-11-25T16:58:56.069733Z,embb,uesimtun0,133308,1587,133948,1598,,1,1
2025-11-25T16:58:56.069733Z,urllc,uesimtun1,133056,1584,133696,1595,,1,1
2025-11-25T16:58:56.069733Z,mmtc,uesimtun2,132972,1583,133612,1594,,1,1
2025-11-25T16:58:56.319720Z,embb,uesimtun0,133392,1588,134032,1599,,1,1
2025-11-25T16:58:56.319720Z,urllc,uesimtun1,133140,1585,133780,1596,,1,1
2025-11-25T16:58:56.319720Z,mmtc,uesimtun2,133056,1584,133696,1595,,1,1
2025-11-25T16:58:56.569919Z,embb,uesimtun0,133476,1589,134116,1600,,1,1
2025-11-25T16:58:56.569919Z,urllc,uesimtun1,133224,1586,133864,1597,,1,1
2025-11-25T16:58:56.569919Z,mmtc,uesimtun2,133140,1585,133780,1596,,1,1
2025-11-25T16:58:56.820489Z,embb,uesimtun0,133560,1590,134200,1601,,1,1
2025-11-25T16:58:56.820489Z,urllc,uesimtun1,133308,1587,133948,1598,,1,1
2025-11-25T16:58:56.820489Z,mmtc,uesimtun2,133224,1586,133864,1597,,1,1
2025-11-25T16:58:57.141343Z,embb,uesimtun0,133644,1591,134284,1602,,1,1
2025-11-25T16:58:57.141343Z,urllc,uesimtun1,133392,1588,134032,1599,,1,1
2025-11-25T16:58:57.141343Z,mmtc,uesimtun2,133308,1587,133948,1598,,1,1
2025-11-25T16:58:57.319982Z,embb,uesimtun0,133728,1592,134368,1603,,1,1
2025-11-25T16:58:57.319982Z,urllc,uesimtun1,133476,1589,134116,1600,,1,1
2025-11-25T16:58:57.319982Z,mmtc,uesimtun2,133392,1588,134032,1599,,1,1
2025-11-25T16:58:57.569918Z,embb,uesimtun0,133812,1593,134452,1604,,1,1
2025-11-25T16:58:57.569918Z,urllc,uesimtun1,133560,1590,134200,1601,,1,1
2025-11-25T16:58:57.569918Z,mmtc,uesimtun2,133476,1589,134116,1600,,1,1
2025-11-25T16:58:57.820420Z,embb,uesimtun0,133896,1594,134536,1605,,1,1
2025-11-25T16:58:57.820420Z,urllc,uesimtun1,133644,1591,134284,1602,,1,1
2025-11-25T16:58:57.820420Z,mmtc,uesimtun2,133560,1590,134200,1601,,1,1
2025-11-25T16:58:58.070114Z,embb,uesimtun0,133980,1595,134620,1606,,1,1
2025-11-25T16:58:58.070114Z,urllc,uesimtun1,133728,1592,134368,1603,,1,1
2025-11-25T16:58:58.070114Z,mmtc,uesimtun2,133644,1591,134284,1602,,1,1
2025-11-25T16:58:58.319857Z,embb,uesimtun0,134064,1596,134704,1607,,1,1
2025-11-25T16:58:58.319857Z,urllc,uesimtun1,133812,1593,134452,1604,,1,1
2025-11-25T16:58:58.319857Z,mmtc,uesimtun2,133728,1592,134368,1603,,1,1
2025-11-25T16:58:58.569936Z,embb,uesimtun0,134148,1597,134788,1608,,1,1
2025-11-25T16:58:58.569936Z,urllc,uesimtun1,133896,1594,134536,1605,,1,1
2025-11-25T16:58:58.569936Z,mmtc,uesimtun2,133812,1593,134452,1604,,1,1
2025-11-25T16:58:58.820250Z,embb,uesimtun0,134232,1598,134872,1609,,1,1
2025-11-25T16:58:58.820250Z,urllc,uesimtun1,133980,1595,134620,1606,,1,1
2025-11-25T16:58:58.820250Z,mmtc,uesimtun2,133896,1594,134536,1605,,1,1
2025-11-25T16:58:59.069923Z,embb,uesimtun0,134316,1599,134956,1610,,1,1
2025-11-25T16:58:59.069923Z,urllc,uesimtun1,134064,1596,134704,1607,,1,1
2025-11-25T16:58:59.069923Z,mmtc,uesimtun2,133980,1595,134620,1606,,1,1
2025-11-25T16:58:59.320175Z,embb,uesimtun0,134400,1600,135040,1611,,1,1
2025-11-25T16:58:59.320175Z,urllc,uesimtun1,134148,1597,134788,1608,,1,1
2025-11-25T16:58:59.320175Z,mmtc,uesimtun2,134064,1596,134704,1607,,1,1
2025-11-25T16:58:59.570318Z,embb,uesimtun0,134484,1601,135124,1612,,1,1
2025-11-25T16:58:59.570318Z,urllc,uesimtun1,134232,1598,134872,1609,,1,1
2025-11-25T16:58:59.570318Z,mmtc,uesimtun2,134148,1597,134788,1608,,1,1
2025-11-25T16:58:59.820154Z,embb,uesimtun0,134568,1602,135208,1613,,1,1
2025-11-25T16:58:59.820154Z,urllc,uesimtun1,134316,1599,134956,1610,,1,1
2025-11-25T16:58:59.820154Z,mmtc,uesimtun2,134232,1598,134872,1609,,1,1
2025-11-25T16:59:00.070066Z,embb,uesimtun0,134652,1603,135292,1614,,1,1
2025-11-25T16:59:00.070066Z,urllc,uesimtun1,134400,1600,135040,1611,,1,1
2025-11-25T16:59:00.070066Z,mmtc,uesimtun2,134316,1599,134956,1610,,1,1
2025-11-25T16:59:00.319778Z,embb,uesimtun0,134736,1604,135376,1615,,1,1
2025-11-25T16:59:00.319778Z,urllc,uesimtun1,134484,1601,135124,1612,,1,1
2025-11-25T16:59:00.319778Z,mmtc,uesimtun2,134400,1600,135040,1611,,1,1
2025-11-25T16:59:00.570122Z,embb,uesimtun0,134820,1605,135460,1616,,1,1
2025-11-25T16:59:00.570122Z,urllc,uesimtun1,134568,1602,135208,1613,,1,1
2025-11-25T16:59:00.570122Z,mmtc,uesimtun2,134484,1601,135124,1612,,1,1
2025-11-25T16:59:00.820125Z,embb,uesimtun0,134904,1606,135544,1617,,1,1
2025-11-25T16:59:00.820125Z,urllc,uesimtun1,134652,1603,135292,1614,,1,1
2025-11-25T16:59:00.820125Z,mmtc,uesimtun2,134568,1602,135208,1613,,1,1
2025-11-25T16:59:01.070325Z,embb,uesimtun0,134988,1607,135628,1618,,1,1
2025-11-25T16:59:01.070325Z,urllc,uesimtun1,134736,1604,135376,1615,,1,1
2025-11-25T16:59:01.070325Z,mmtc,uesimtun2,134652,1603,135292,1614,,1,1
2025-11-25T16:59:01.319781Z,embb,uesimtun0,135072,1608,135712,1619,,1,1
2025-11-25T16:59:01.319781Z,urllc,uesimtun1,134820,1605,135460,1616,,1,1
2025-11-25T16:59:01.319781Z,mmtc,uesimtun2,134736,1604,135376,1615,,1,1
2025-11-25T16:59:01.570375Z,embb,uesimtun0,135156,1609,135796,1620,,1,1
2025-11-25T16:59:01.570375Z,urllc,uesimtun1,134904,1606,135544,1617,,1,1
2025-11-25T16:59:01.570375Z,mmtc,uesimtun2,134820,1605,135460,1616,,1,1
2025-11-25T16:59:01.819804Z,embb,uesimtun0,135240,1610,135880,1621,,1,1
2025-11-25T16:59:01.819804Z,urllc,uesimtun1,134988,1607,135628,1618,,1,1
2025-11-25T16:59:01.819804Z,mmtc,uesimtun2,134904,1606,135544,1617,,1,1
2025-11-25T16:59:02.070008Z,embb,uesimtun0,135324,1611,135964,1622,,1,1
2025-11-25T16:59:02.070008Z,urllc,uesimtun1,135072,1608,135712,1619,,1,1
2025-11-25T16:59:02.070008Z,mmtc,uesimtun2,134988,1607,135628,1618,,1,1
2025-11-25T16:59:02.438130Z,embb,uesimtun0,135324,1611,136048,1623,,1,1
2025-11-25T16:59:02.438130Z,urllc,uesimtun1,135156,1609,135796,1620,,1,1
2025-11-25T16:59:02.438130Z,mmtc,uesimtun2,135072,1608,135712,1619,,1,1
2025-11-25T16:59:02.688805Z,embb,uesimtun0,135492,1613,136132,1624,,1,1
2025-11-25T16:59:02.688805Z,urllc,uesimtun1,135240,1610,135880,1621,,1,1
2025-11-25T16:59:02.688805Z,mmtc,uesimtun2,135156,1609,135796,1620,,1,1
2025-11-25T16:59:02.938504Z,embb,uesimtun0,135576,1614,136216,1625,,1,1
2025-11-25T16:59:02.938504Z,urllc,uesimtun1,135324,1611,135964,1622,,1,1
2025-11-25T16:59:02.938504Z,mmtc,uesimtun2,135240,1610,135880,1621,,1,1
2025-11-25T16:59:03.188761Z,embb,uesimtun0,135660,1615,136300,1626,,1,1
2025-11-25T16:59:03.188761Z,urllc,uesimtun1,135408,1612,136048,1623,,1,1
2025-11-25T16:59:03.188761Z,mmtc,uesimtun2,135324,1611,135964,1622,,1,1
2025-11-25T16:59:03.438517Z,embb,uesimtun0,135744,1616,136384,1627,,1,1
2025-11-25T16:59:03.438517Z,urllc,uesimtun1,135492,1613,136132,1624,,1,1
2025-11-25T16:59:03.438517Z,mmtc,uesimtun2,135408,1612,136048,1623,,1,1
2025-11-25T16:59:03.688591Z,embb,uesimtun0,135828,1617,136468,1628,,1,1
2025-11-25T16:59:03.688591Z,urllc,uesimtun1,135576,1614,136216,1625,,1,1
2025-11-25T16:59:03.688591Z,mmtc,uesimtun2,135492,1613,136132,1624,,1,1
2025-11-25T16:59:03.938923Z,embb,uesimtun0,135912,1618,136552,1629,,1,1
2025-11-25T16:59:03.938923Z,urllc,uesimtun1,135660,1615,136300,1626,,1,1
2025-11-25T16:59:03.938923Z,mmtc,uesimtun2,135576,1614,136216,1625,,1,1
2025-11-25T16:59:04.188602Z,embb,uesimtun0,135996,1619,136636,1630,,1,1
2025-11-25T16:59:04.188602Z,urllc,uesimtun1,135744,1616,136384,1627,,1,1
2025-11-25T16:59:04.188602Z,mmtc,uesimtun2,135660,1615,136300,1626,,1,1
2025-11-25T16:59:04.438627Z,embb,uesimtun0,136080,1620,136720,1631,,1,1
2025-11-25T16:59:04.438627Z,urllc,uesimtun1,135828,1617,136468,1628,,1,1
2025-11-25T16:59:04.438627Z,mmtc,uesimtun2,135744,1616,136384,1627,,1,1
2025-11-25T16:59:04.688658Z,embb,uesimtun0,136164,1621,136804,1632,,1,1
2025-11-25T16:59:04.688658Z,urllc,uesimtun1,135912,1618,136552,1629,,1,1
2025-11-25T16:59:04.688658Z,mmtc,uesimtun2,135828,1617,136468,1628,,1,1
2025-11-25T16:59:04.938821Z,embb,uesimtun0,136248,1622,136888,1633,,1,1
2025-11-25T16:59:04.938821Z,urllc,uesimtun1,135996,1619,136636,1630,,1,1
2025-11-25T16:59:04.938821Z,mmtc,uesimtun2,135912,1618,136552,1629,,1,1
2025-11-25T16:59:05.229354Z,embb,uesimtun0,136332,1623,136972,1634,,1,1
2025-11-25T16:59:05.229354Z,urllc,uesimtun1,136080,1620,136720,1631,,1,1
2025-11-25T16:59:05.229354Z,mmtc,uesimtun2,135996,1619,136636,1630,,1,1
2025-11-25T16:59:05.438499Z,embb,uesimtun0,136416,1624,137056,1635,,1,1
2025-11-25T16:59:05.438499Z,urllc,uesimtun1,136164,1621,136804,1632,,1,1
2025-11-25T16:59:05.438499Z,mmtc,uesimtun2,136080,1620,136720,1631,,1,1
2025-11-25T16:59:05.688673Z,embb,uesimtun0,136500,1625,137140,1636,,1,1
2025-11-25T16:59:05.688673Z,urllc,uesimtun1,136248,1622,136888,1633,,1,1
2025-11-25T16:59:05.688673Z,mmtc,uesimtun2,136164,1621,136804,1632,,1,1
2025-11-25T16:59:05.938959Z,embb,uesimtun0,136584,1626,137224,1637,,1,1
2025-11-25T16:59:05.938959Z,urllc,uesimtun1,136332,1623,136972,1634,,1,1
2025-11-25T16:59:05.938959Z,mmtc,uesimtun2,136248,1622,136888,1633,,1,1
2025-11-25T16:59:06.188784Z,embb,uesimtun0,136668,1627,137308,1638,,1,1
2025-11-25T16:59:06.188784Z,urllc,uesimtun1,136416,1624,137056,1635,,1,1
2025-11-25T16:59:06.188784Z,mmtc,uesimtun2,136332,1623,136972,1634,,1,1
2025-11-25T16:59:06.441188Z,embb,uesimtun0,136752,1628,137392,1639,,1,1
2025-11-25T16:59:06.441188Z,urllc,uesimtun1,136500,1625,137140,1636,,1,1
2025-11-25T16:59:06.441188Z,mmtc,uesimtun2,136416,1624,137056,1635,,1,1
2025-11-25T16:59:06.691738Z,embb,uesimtun0,136836,1629,137476,1640,,1,1
2025-11-25T16:59:06.691738Z,urllc,uesimtun1,136584,1626,137224,1637,,1,1
2025-11-25T16:59:06.691738Z,mmtc,uesimtun2,136500,1625,137140,1636,,1,1
2025-11-25T16:59:06.942003Z,embb,uesimtun0,136920,1630,137560,1641,,1,1
2025-11-25T16:59:06.942003Z,urllc,uesimtun1,136668,1627,137308,1638,,1,1
2025-11-25T16:59:06.942003Z,mmtc,uesimtun2,136584,1626,137224,1637,,1,1
2025-11-25T16:59:07.191799Z,embb,uesimtun0,137004,1631,137644,1642,,1,1
2025-11-25T16:59:07.191799Z,urllc,uesimtun1,136752,1628,137392,1639,,1,1
2025-11-25T16:59:07.191799Z,mmtc,uesimtun2,136668,1627,137308,1638,,1,1
2025-11-25T16:59:07.441541Z,embb,uesimtun0,137088,1632,137728,1643,,1,1
2025-11-25T16:59:07.441541Z,urllc,uesimtun1,136836,1629,137476,1640,,1,1
2025-11-25T16:59:07.441541Z,mmtc,uesimtun2,136752,1628,137392,1639,,1,1
2025-11-25T16:59:07.691731Z,embb,uesimtun0,137172,1633,137812,1644,,1,1
2025-11-25T16:59:07.691731Z,urllc,uesimtun1,136920,1630,137560,1641,,1,1
2025-11-25T16:59:07.691731Z,mmtc,uesimtun2,136836,1629,137476,1640,,1,1
2025-11-25T16:59:07.941869Z,embb,uesimtun0,137256,1634,137896,1645,,1,1
2025-11-25T16:59:07.941869Z,urllc,uesimtun1,137004,1631,137644,1642,,1,1
2025-11-25T16:59:07.941869Z,mmtc,uesimtun2,136920,1630,137560,1641,,1,1
2025-11-25T16:59:08.471992Z,embb,uesimtun0,137340,1635,137980,1646,,1,1
2025-11-25T16:59:08.471992Z,urllc,uesimtun1,137088,1632,137728,1643,,1,1
2025-11-25T16:59:08.471992Z,mmtc,uesimtun2,137004,1631,137644,1642,,1,1
2025-11-25T16:59:08.564143Z,embb,uesimtun0,137424,1636,138064,1647,,1,1
2025-11-25T16:59:08.564143Z,urllc,uesimtun1,137172,1633,137812,1644,,1,1
2025-11-25T16:59:08.564143Z,mmtc,uesimtun2,137088,1632,137728,1643,,1,1
2025-11-25T16:59:08.814441Z,embb,uesimtun0,137508,1637,138148,1648,,1,1
2025-11-25T16:59:08.814441Z,urllc,uesimtun1,137256,1634,137896,1645,,1,1
2025-11-25T16:59:08.814441Z,mmtc,uesimtun2,137172,1633,137812,1644,,1,1
2025-11-25T16:59:09.064448Z,embb,uesimtun0,137592,1638,138232,1649,,1,1
2025-11-25T16:59:09.064448Z,urllc,uesimtun1,137340,1635,137980,1646,,1,1
2025-11-25T16:59:09.064448Z,mmtc,uesimtun2,137256,1634,137896,1645,,1,1
2025-11-25T16:59:09.429460Z,embb,uesimtun0,137592,1638,138316,1650,,1,1
2025-11-25T16:59:09.429460Z,urllc,uesimtun1,137424,1636,138064,1647,,1,1
2025-11-25T16:59:09.429460Z,mmtc,uesimtun2,137340,1635,137980,1646,,1,1
2025-11-25T16:59:09.680053Z,embb,uesimtun0,137760,1640,138400,1651,,1,1
2025-11-25T16:59:09.680053Z,urllc,uesimtun1,137508,1637,138148,1648,,1,1
2025-11-25T16:59:09.680053Z,mmtc,uesimtun2,137424,1636,138064,1647,,1,1
2025-11-25T16:59:09.930332Z,embb,uesimtun0,137844,1641,138484,1652,,1,1
2025-11-25T16:59:09.930332Z,urllc,uesimtun1,137592,1638,138232,1649,,1,1
2025-11-25T16:59:09.930332Z,mmtc,uesimtun2,137508,1637,138148,1648,,1,1
2025-11-25T16:59:10.231482Z,embb,uesimtun0,137928,1642,138568,1653,,1,1
2025-11-25T16:59:10.231482Z,urllc,uesimtun1,137676,1639,138316,1650,,1,1
2025-11-25T16:59:10.231482Z,mmtc,uesimtun2,137592,1638,138232,1649,,1,1
2025-11-25T16:59:10.429569Z,embb,uesimtun0,138012,1643,138652,1654,,1,1
2025-11-25T16:59:10.429569Z,urllc,uesimtun1,137760,1640,138400,1651,,1,1
2025-11-25T16:59:10.429569Z,mmtc,uesimtun2,137676,1639,138316,1650,,1,1
2025-11-25T16:59:10.679987Z,embb,uesimtun0,138096,1644,138736,1655,,1,1
2025-11-25T16:59:10.679987Z,urllc,uesimtun1,137844,1641,138484,1652,,1,1
2025-11-25T16:59:10.679987Z,mmtc,uesimtun2,137760,1640,138400,1651,,1,1
2025-11-25T16:59:10.930332Z,embb,uesimtun0,138180,1645,138820,1656,,1,1
2025-11-25T16:59:10.930332Z,urllc,uesimtun1,137928,1642,138568,1653,,1,1
2025-11-25T16:59:10.930332Z,mmtc,uesimtun2,137844,1641,138484,1652,,1,1
2025-11-25T16:59:11.179527Z,embb,uesimtun0,138264,1646,138904,1657,,1,1
2025-11-25T16:59:11.179527Z,urllc,uesimtun1,138012,1643,138652,1654,,1,1
2025-11-25T16:59:11.179527Z,mmtc,uesimtun2,137928,1642,138568,1653,,1,1
2025-11-25T16:59:11.429825Z,embb,uesimtun0,138348,1647,138988,1658,,1,1
2025-11-25T16:59:11.429825Z,urllc,uesimtun1,138096,1644,138736,1655,,1,1
2025-11-25T16:59:11.429825Z,mmtc,uesimtun2,138012,1643,138652,1654,,1,1
2025-11-25T16:59:11.680123Z,embb,uesimtun0,138432,1648,139072,1659,,1,1
2025-11-25T16:59:11.680123Z,urllc,uesimtun1,138180,1645,138820,1656,,1,1
2025-11-25T16:59:11.680123Z,mmtc,uesimtun2,138096,1644,138736,1655,,1,1
2025-11-25T16:59:11.929778Z,embb,uesimtun0,138516,1649,139156,1660,,1,1
2025-11-25T16:59:11.929778Z,urllc,uesimtun1,138264,1646,138904,1657,,1,1
2025-11-25T16:59:11.929778Z,mmtc,uesimtun2,138180,1645,138820,1656,,1,1
2025-11-25T16:59:12.281256Z,embb,uesimtun0,138600,1650,139240,1661,,1,1
2025-11-25T16:59:12.281256Z,urllc,uesimtun1,138348,1647,138988,1658,,1,1
2025-11-25T16:59:12.281256Z,mmtc,uesimtun2,138264,1646,138904,1657,,1,1
2025-11-25T16:59:12.429675Z,embb,uesimtun0,138684,1651,139324,1662,,1,1
2025-11-25T16:59:12.429675Z,urllc,uesimtun1,138432,1648,139072,1659,,1,1
2025-11-25T16:59:12.429675Z,mmtc,uesimtun2,138348,1647,138988,1658,,1,1
2025-11-25T16:59:12.680136Z,embb,uesimtun0,138768,1652,139408,1663,,1,1
2025-11-25T16:59:12.680136Z,urllc,uesimtun1,138516,1649,139156,1660,,1,1
2025-11-25T16:59:12.680136Z,mmtc,uesimtun2,138432,1648,139072,1659,,1,1
2025-11-25T16:59:12.929803Z,embb,uesimtun0,138852,1653,139492,1664,,1,1
2025-11-25T16:59:12.929803Z,urllc,uesimtun1,138600,1650,139240,1661,,1,1
2025-11-25T16:59:12.929803Z,mmtc,uesimtun2,138516,1649,139156,1660,,1,1
2025-11-25T16:59:13.179831Z,embb,uesimtun0,138936,1654,139576,1665,,1,1
2025-11-25T16:59:13.179831Z,urllc,uesimtun1,138684,1651,139324,1662,,1,1
2025-11-25T16:59:13.179831Z,mmtc,uesimtun2,138600,1650,139240,1661,,1,1
2025-11-25T16:59:13.430150Z,embb,uesimtun0,139020,1655,139660,1666,,1,1
2025-11-25T16:59:13.430150Z,urllc,uesimtun1,138768,1652,139408,1663,,1,1
2025-11-25T16:59:13.430150Z,mmtc,uesimtun2,138684,1651,139324,1662,,1,1
2025-11-25T16:59:13.680232Z,embb,uesimtun0,139104,1656,139744,1667,,1,1
2025-11-25T16:59:13.680232Z,urllc,uesimtun1,138852,1653,139492,1664,,1,1
2025-11-25T16:59:13.680232Z,mmtc,uesimtun2,138768,1652,139408,1663,,1,1
2025-11-25T16:59:13.930003Z,embb,uesimtun0,139188,1657,139828,1668,,1,1
2025-11-25T16:59:13.930003Z,urllc,uesimtun1,138936,1654,139576,1665,,1,1
2025-11-25T16:59:13.930003Z,mmtc,uesimtun2,138852,1653,139492,1664,,1,1
2025-11-25T16:59:14.180182Z,embb,uesimtun0,139272,1658,139912,1669,,1,1
2025-11-25T16:59:14.180182Z,urllc,uesimtun1,139020,1655,139660,1666,,1,1
2025-11-25T16:59:14.180182Z,mmtc,uesimtun2,138936,1654,139576,1665,,1,1
2025-11-25T16:59:14.641915Z,embb,uesimtun0,139356,1659,139996,1670,,1,1
2025-11-25T16:59:14.641915Z,urllc,uesimtun1,139104,1656,139744,1667,,1,1
2025-11-25T16:59:14.641915Z,mmtc,uesimtun2,139020,1655,139660,1666,,1,1
2025-11-25T16:59:14.892217Z,embb,uesimtun0,139440,1660,140080,1671,,1,1
2025-11-25T16:59:14.892217Z,urllc,uesimtun1,139188,1657,139828,1668,,1,1
2025-11-25T16:59:14.892217Z,mmtc,uesimtun2,139104,1656,139744,1667,,1,1
2025-11-25T16:59:15.142820Z,embb,uesimtun0,139524,1661,140164,1672,,1,1
2025-11-25T16:59:15.142820Z,urllc,uesimtun1,139272,1658,139912,1669,,1,1
2025-11-25T16:59:15.142820Z,mmtc,uesimtun2,139188,1657,139828,1668,,1,1
2025-11-25T16:59:15.392526Z,embb,uesimtun0,139608,1662,140248,1673,,1,1
2025-11-25T16:59:15.392526Z,urllc,uesimtun1,139356,1659,139996,1670,,1,1
2025-11-25T16:59:15.392526Z,mmtc,uesimtun2,139272,1658,139912,1669,,1,1
2025-11-25T16:59:15.642382Z,embb,uesimtun0,139692,1663,140332,1674,,1,1
2025-11-25T16:59:15.642382Z,urllc,uesimtun1,139440,1660,140080,1671,,1,1
2025-11-25T16:59:15.642382Z,mmtc,uesimtun2,139356,1659,139996,1670,,1,1
2025-11-25T16:59:15.894688Z,embb,uesimtun0,139776,1664,140416,1675,,1,1
2025-11-25T16:59:15.894688Z,urllc,uesimtun1,139524,1661,140164,1672,,1,1
2025-11-25T16:59:15.894688Z,mmtc,uesimtun2,139440,1660,140080,1671,,1,1
2025-11-25T16:59:16.201539Z,embb,uesimtun0,139860,1665,140500,1676,,1,1
2025-11-25T16:59:16.201539Z,urllc,uesimtun1,139608,1662,140248,1673,,1,1
2025-11-25T16:59:16.201539Z,mmtc,uesimtun2,139524,1661,140164,1672,,1,1
2025-11-25T16:59:16.392535Z,embb,uesimtun0,139944,1666,140584,1677,,1,1
2025-11-25T16:59:16.392535Z,urllc,uesimtun1,139692,1663,140332,1674,,1,1
2025-11-25T16:59:16.392535Z,mmtc,uesimtun2,139608,1662,140248,1673,,1,1
2025-11-25T16:59:16.642821Z,embb,uesimtun0,140028,1667,140668,1678,,1,1
2025-11-25T16:59:16.642821Z,urllc,uesimtun1,139776,1664,140416,1675,,1,1
2025-11-25T16:59:16.642821Z,mmtc,uesimtun2,139692,1663,140332,1674,,1,1
2025-11-25T16:59:16.891952Z,embb,uesimtun0,140112,1668,140752,1679,,1,1
2025-11-25T16:59:16.891952Z,urllc,uesimtun1,139860,1665,140500,1676,,1,1
2025-11-25T16:59:16.891952Z,mmtc,uesimtun2,139776,1664,140416,1675,,1,1
2025-11-25T16:59:17.511552Z,embb,uesimtun0,140196,1669,140836,1680,,1,1
2025-11-25T16:59:17.511552Z,urllc,uesimtun1,139944,1666,140584,1677,,1,1
2025-11-25T16:59:17.511552Z,mmtc,uesimtun2,139860,1665,140500,1676,,1,1
2025-11-25T16:59:17.568541Z,embb,uesimtun0,140280,1670,140920,1681,,1,1
2025-11-25T16:59:17.568541Z,urllc,uesimtun1,140028,1667,140668,1678,,1,1
2025-11-25T16:59:17.568541Z,mmtc,uesimtun2,139944,1666,140584,1677,,1,1
2025-11-25T16:59:17.818842Z,embb,uesimtun0,140364,1671,141004,1682,,1,1
2025-11-25T16:59:17.818842Z,urllc,uesimtun1,140112,1668,140752,1679,,1,1
2025-11-25T16:59:17.818842Z,mmtc,uesimtun2,140028,1667,140668,1678,,1,1
2025-11-25T16:59:18.068810Z,embb,uesimtun0,140448,1672,141088,1683,,1,1
2025-11-25T16:59:18.068810Z,urllc,uesimtun1,140196,1669,140836,1680,,1,1
2025-11-25T16:59:18.068810Z,mmtc,uesimtun2,140112,1668,140752,1679,,1,1
2025-11-25T16:59:18.439222Z,embb,uesimtun0,140532,1673,141172,1684,,1,1
2025-11-25T16:59:18.439222Z,urllc,uesimtun1,140280,1670,140920,1681,,1,1
2025-11-25T16:59:18.439222Z,mmtc,uesimtun2,140196,1669,140836,1680,,1,1
2025-11-25T16:59:18.689866Z,embb,uesimtun0,140616,1674,141256,1685,,1,1
2025-11-25T16:59:18.689866Z,urllc,uesimtun1,140364,1671,141004,1682,,1,1
2025-11-25T16:59:18.689866Z,mmtc,uesimtun2,140280,1670,140920,1681,,1,1
2025-11-25T16:59:18.939526Z,embb,uesimtun0,140700,1675,141340,1686,,1,1
2025-11-25T16:59:18.939526Z,urllc,uesimtun1,140448,1672,141088,1683,,1,1
2025-11-25T16:59:18.939526Z,mmtc,uesimtun2,140364,1671,141004,1682,,1,1
2025-11-25T16:59:19.189972Z,embb,uesimtun0,140784,1676,141424,1687,,1,1
2025-11-25T16:59:19.189972Z,urllc,uesimtun1,140532,1673,141172,1684,,1,1
2025-11-25T16:59:19.189972Z,mmtc,uesimtun2,140448,1672,141088,1683,,1,1
2025-11-25T16:59:19.439411Z,embb,uesimtun0,140868,1677,141508,1688,,1,1
2025-11-25T16:59:19.439411Z,urllc,uesimtun1,140616,1674,141256,1685,,1,1
2025-11-25T16:59:19.439411Z,mmtc,uesimtun2,140532,1673,141172,1684,,1,1
2025-11-25T16:59:19.689394Z,embb,uesimtun0,140952,1678,141592,1689,,1,1
2025-11-25T16:59:19.689394Z,urllc,uesimtun1,140700,1675,141340,1686,,1,1
2025-11-25T16:59:19.689394Z,mmtc,uesimtun2,140616,1674,141256,1685,,1,1
2025-11-25T16:59:19.940049Z,embb,uesimtun0,141036,1679,141676,1690,,1,1
2025-11-25T16:59:19.940049Z,urllc,uesimtun1,140784,1676,141424,1687,,1,1
2025-11-25T16:59:19.940049Z,mmtc,uesimtun2,140700,1675,141340,1686,,1,1
2025-11-25T16:59:20.189495Z,embb,uesimtun0,141120,1680,141760,1691,,1,1
2025-11-25T16:59:20.189495Z,urllc,uesimtun1,140868,1677,141508,1688,,1,1
2025-11-25T16:59:20.189495Z,mmtc,uesimtun2,140784,1676,141424,1687,,1,1
2025-11-25T16:59:20.439871Z,embb,uesimtun0,141204,1681,141844,1692,,1,1
2025-11-25T16:59:20.439871Z,urllc,uesimtun1,140952,1678,141592,1689,,1,1
2025-11-25T16:59:20.439871Z,mmtc,uesimtun2,140868,1677,141508,1688,,1,1
2025-11-25T16:59:20.689705Z,embb,uesimtun0,141288,1682,141928,1693,,1,1
2025-11-25T16:59:20.689705Z,urllc,uesimtun1,141036,1679,141676,1690,,1,1
2025-11-25T16:59:20.689705Z,mmtc,uesimtun2,140952,1678,141592,1689,,1,1
2025-11-25T16:59:20.939702Z,embb,uesimtun0,141372,1683,142012,1694,,1,1
2025-11-25T16:59:20.939702Z,urllc,uesimtun1,141120,1680,141760,1691,,1,1
2025-11-25T16:59:20.939702Z,mmtc,uesimtun2,141036,1679,141676,1690,,1,1
