ts,slice,ifname,rx_bytes,rx_pkts,tx_bytes,tx_pkts,probe_rtt_ms,probe_loss,tun_exists
2025-11-25T15:31:00.083590Z,embb,uesimtun0,130096,2530,2044364996,1488165,,1,1
2025-11-25T15:31:00.083590Z,urllc,uesimtun1,24395,427,191523823,2081912,,1,1
2025-11-25T15:31:00.083590Z,mmtc,uesimtun2,36282,613,63081256,46543,,1,1
2025-11-25T15:31:01.084136Z,embb,uesimtun0,130096,2530,2082670965,1516016,,1,1
2025-11-25T15:31:01.084136Z,urllc,uesimtun1,24395,427,195120481,2121008,,1,1
2025-11-25T15:31:01.084136Z,mmtc,uesimtun2,36282,613,63081896,46553,,1,1
2025-11-25T15:31:02.084339Z,embb,uesimtun0,130096,2530,2120722394,1543683,,1,1
2025-11-25T15:31:02.084339Z,urllc,uesimtun1,24395,427,198715565,2160087,,1,1
2025-11-25T15:31:02.084339Z,mmtc,uesimtun2,36282,613,63082425,46561,,1,1
2025-11-25T15:31:03.084074Z,embb,uesimtun0,130096,2530,2158991297,1571509,,1,1
2025-11-25T15:31:03.084074Z,urllc,uesimtun1,24395,427,202309082,2199149,,1,1
2025-11-25T15:31:03.084074Z,mmtc,uesimtun2,36282,613,63083134,46571,,1,1
2025-11-25T15:31:04.083914Z,embb,uesimtun0,130096,2530,2197242222,1599321,,1,1
2025-11-25T15:31:04.083914Z,urllc,uesimtun1,24395,427,205903678,2238222,,1,1
2025-11-25T15:31:04.083914Z,mmtc,uesimtun2,36282,613,63083819,46582,,1,1
2025-11-25T15:31:05.084104Z,embb,uesimtun0,130096,2530,2235551228,1627179,,1,1
2025-11-25T15:31:05.084104Z,urllc,uesimtun1,24395,427,209493762,2277247,,1,1
2025-11-25T15:31:05.084104Z,mmtc,uesimtun2,36282,613,63084595,46595,,1,1
2025-11-25T15:31:06.084309Z,embb,uesimtun0,130096,2530,2273833993,1655016,,1,1
2025-11-25T15:31:06.084309Z,urllc,uesimtun1,24395,427,213092139,2316363,,1,1
2025-11-25T15:31:06.084309Z,mmtc,uesimtun2,36282,613,63085232,46605,,1,1
2025-11-25T15:31:07.084036Z,embb,uesimtun0,130096,2530,2312102561,1682837,,1,1
2025-11-25T15:31:07.084036Z,urllc,uesimtun1,24395,427,216687395,2355445,,1,1
2025-11-25T15:31:07.084036Z,mmtc,uesimtun2,36282,613,63086073,46619,,1,1
2025-11-25T15:31:08.084273Z,embb,uesimtun0,130096,2530,2350389053,1710672,,1,1
2025-11-25T15:31:08.084273Z,urllc,uesimtun1,24395,427,220280875,2394509,,1,1
2025-11-25T15:31:08.084273Z,mmtc,uesimtun2,36282,613,63086597,46628,,1,1
2025-11-25T15:31:09.084008Z,embb,uesimtun0,130096,2530,2388640934,1738478,,1,1
2025-11-25T15:31:09.084008Z,urllc,uesimtun1,24395,427,223876155,2433591,,1,1
2025-11-25T15:31:09.084008Z,mmtc,uesimtun2,36282,613,63087289,46639,,1,1
2025-11-25T15:31:10.084255Z,embb,uesimtun0,130096,2530,2426949196,1766324,,1,1
2025-11-25T15:31:10.084255Z,urllc,uesimtun1,24395,427,227469875,2472657,,1,1
2025-11-25T15:31:10.084255Z,mmtc,uesimtun2,36282,613,63087861,46648,,1,1
2025-11-25T15:31:11.084002Z,embb,uesimtun0,130096,2530,2465198176,1794126,,1,1
2025-11-25T15:31:11.084002Z,urllc,uesimtun1,24395,427,231038527,2511450,,1,1
2025-11-25T15:31:11.084002Z,mmtc,uesimtun2,36282,613,63088433,46657,,1,1
2025-11-25T15:31:12.083860Z,embb,uesimtun0,130096,2530,2503468120,1821948,,1,1
2025-11-25T15:31:12.083860Z,urllc,uesimtun1,24395,427,234634304,2550539,,1,1
2025-11-25T15:31:12.083860Z,mmtc,uesimtun2,36282,613,63089154,46668,,1,1
2025-11-25T15:31:13.084478Z,embb,uesimtun0,130096,2530,2541788771,1849803,,1,1
2025-11-25T15:31:13.084478Z,urllc,uesimtun1,24395,427,238230860,2589634,,1,1
2025-11-25T15:31:13.084478Z,mmtc,uesimtun2,36282,613,63089510,46673,,1,1
2025-11-25T15:31:14.083920Z,embb,uesimtun0,130096,2530,2579589055,1877277,,1,1
2025-11-25T15:31:14.083920Z,urllc,uesimtun1,24395,427,241823240,2628685,,1,1
2025-11-25T15:31:14.083920Z,mmtc,uesimtun2,36282,613,63089979,46680,,1,1
2025-11-25T15:31:15.083990Z,embb,uesimtun0,130096,2530,2617864107,1905097,,1,1
2025-11-25T15:31:15.083990Z,urllc,uesimtun1,24395,427,245416968,2667749,,1,1
2025-11-25T15:31:15.083990Z,mmtc,uesimtun2,36282,613,63090143,46683,,1,1
2025-11-25T15:31:16.084210Z,embb,uesimtun0,130096,2530,2656161295,1932934,,1,1
2025-11-25T15:31:16.084210Z,urllc,uesimtun1,24395,427,249013492,2706844,,1,1
2025-11-25T15:31:16.084210Z,mmtc,uesimtun2,36282,613,63090631,46691,,1,1
2025-11-25T15:31:17.084490Z,embb,uesimtun0,130096,2530,2693789687,1960284,,1,1
2025-11-25T15:31:17.084490Z,urllc,uesimtun1,24395,427,252608280,2745919,,1,1
2025-11-25T15:31:17.084490Z,mmtc,uesimtun2,36282,613,63090927,46695,,1,1
2025-11-25T15:31:18.083954Z,embb,uesimtun0,130096,2530,2732022143,1988073,,1,1
2025-11-25T15:31:18.083954Z,urllc,uesimtun1,24395,427,256199836,2784960,,1,1
2025-11-25T15:31:18.083954Z,mmtc,uesimtun2,36282,613,63091055,46697,,1,1
2025-11-25T15:31:19.083922Z,embb,uesimtun0,130096,2530,2770306952,2015901,,1,1
2025-11-25T15:31:19.083922Z,urllc,uesimtun1,24395,427,259789500,2823980,,1,1
2025-11-25T15:31:19.083922Z,mmtc,uesimtun2,36282,613,63091159,46699,,1,1
2025-11-25T15:31:20.084490Z,embb,uesimtun0,130096,2530,2808634364,2043760,,1,1
2025-11-25T15:31:20.084490Z,urllc,uesimtun1,24395,427,263386620,2863082,,1,1
2025-11-25T15:31:20.084490Z,mmtc,uesimtun2,36282,613,63091527,46705,,1,1
2025-11-25T15:31:21.083881Z,embb,uesimtun0,130096,2530,2846861514,2071549,,1,1
2025-11-25T15:31:21.083881Z,urllc,uesimtun1,24395,427,266982736,2902171,,1,1
2025-11-25T15:31:21.083881Z,mmtc,uesimtun2,36282,613,63091739,46708,,1,1
2025-11-25T15:31:22.084328Z,embb,uesimtun0,130096,2530,2885173670,2099395,,1,1
2025-11-25T15:31:22.084328Z,urllc,uesimtun1,24395,427,270574848,2941217,,1,1
2025-11-25T15:31:22.084328Z,mmtc,uesimtun2,36282,613,63091951,46711,,1,1
2025-11-25T15:31:23.084117Z,embb,uesimtun0,130096,2530,2923455554,2127219,,1,1
2025-11-25T15:31:23.084117Z,urllc,uesimtun1,24395,427,274169376,2980289,,1,1
2025-11-25T15:31:23.084117Z,mmtc,uesimtun2,36282,613,63092307,46716,,1,1
2025-11-25T15:31:24.084166Z,embb,uesimtun0,130096,2530,2961737438,2155043,,1,1
2025-11-25T15:31:24.084166Z,urllc,uesimtun1,24395,427,277764225,3019364,,1,1
2025-11-25T15:31:24.084166Z,mmtc,uesimtun2,36282,613,63092956,46725,,1,1
2025-11-25T15:31:25.083684Z,embb,uesimtun0,130096,2530,2999991915,2182848,,1,1
2025-11-25T15:31:25.083684Z,urllc,uesimtun1,24395,427,281356645,3058413,,1,1
2025-11-25T15:31:25.083684Z,mmtc,uesimtun2,36282,613,63093348,46731,,1,1
2025-11-25T15:31:26.084145Z,embb,uesimtun0,130096,2530,3038293255,2210688,,1,1
2025-11-25T15:31:26.084145Z,urllc,uesimtun1,24395,427,284950657,3097480,,1,1
2025-11-25T15:31:26.084145Z,mmtc,uesimtun2,36282,613,63093392,46732,,1,1
2025-11-25T15:31:27.084163Z,embb,uesimtun0,130096,2530,3076572495,2238511,,1,1
2025-11-25T15:31:27.084163Z,urllc,uesimtun1,24395,427,288546133,3136563,,1,1
2025-11-25T15:31:27.084163Z,mmtc,uesimtun2,36282,613,63093496,46734,,1,1
2025-11-25T15:31:28.083990Z,embb,uesimtun0,130096,2530,3114825423,2266313,,1,1
2025-11-25T15:31:28.083990Z,urllc,uesimtun1,24395,427,292139073,3175618,,1,1
2025-11-25T15:31:28.083990Z,mmtc,uesimtun2,36282,613,63093737,46738,,1,1
2025-11-25T15:31:29.084102Z,embb,uesimtun0,130096,2530,3153129263,2294152,,1,1
2025-11-25T15:31:29.084102Z,urllc,uesimtun1,24395,427,295732705,3214680,,1,1
2025-11-25T15:31:29.084102Z,mmtc,uesimtun2,36282,613,63093949,46741,,1,1
2025-11-25T15:31:30.084083Z,embb,uesimtun0,130096,2530,3191408419,2321974,,1,1
2025-11-25T15:31:30.084083Z,urllc,uesimtun1,24395,427,299328821,3253769,,1,1
2025-11-25T15:31:30.084083Z,mmtc,uesimtun2,36282,613,63094077,46743,,1,1
2025-11-25T15:31:31.084116Z,embb,uesimtun0,130096,2530,3229687491,2349795,,1,1
2025-11-25T15:31:31.084116Z,urllc,uesimtun1,24395,427,302921041,3292816,,1,1
2025-11-25T15:31:31.084116Z,mmtc,uesimtun2,36282,613,63094289,46746,,1,1
2025-11-25T15:31:32.084211Z,embb,uesimtun0,130096,2530,3267970691,2377619,,1,1
2025-11-25T15:31:32.084211Z,urllc,uesimtun1,24395,427,306514781,3331879,,1,1
2025-11-25T15:31:32.084211Z,mmtc,uesimtun2,36282,613,63094585,46750,,1,1
2025-11-25T15:31:33.084136Z,embb,uesimtun0,130096,2530,3306247095,2405439,,1,1
2025-11-25T15:31:33.084136Z,urllc,uesimtun1,24395,427,310109165,3370949,,1,1
2025-11-25T15:31:33.084136Z,mmtc,uesimtun2,36282,613,63094881,46754,,1,1
2025-11-25T15:31:34.084023Z,embb,uesimtun0,130096,2530,3343429579,2432464,,1,1
2025-11-25T15:31:34.084023Z,urllc,uesimtun1,24395,427,313628845,3409207,,1,1
2025-11-25T15:31:34.084023Z,mmtc,uesimtun2,36282,613,63095093,46757,,1,1
2025-11-25T15:31:35.084478Z,embb,uesimtun0,130096,2530,3381748471,2460313,,1,1
2025-11-25T15:31:35.084478Z,urllc,uesimtun1,24395,427,317224477,3448291,,1,1
2025-11-25T15:31:35.084478Z,mmtc,uesimtun2,36282,613,63095221,46759,,1,1
2025-11-25T15:31:36.084102Z,embb,uesimtun0,130096,2530,3420013963,2488127,,1,1
2025-11-25T15:31:36.084102Z,urllc,uesimtun1,24395,427,320816129,3487332,,1,1
2025-11-25T15:31:36.084102Z,mmtc,uesimtun2,36282,613,63095529,46764,,1,1
2025-11-25T15:31:37.083954Z,embb,uesimtun0,130096,2530,3435036570,2499057,,1,1
2025-11-25T15:31:37.083954Z,urllc,uesimtun1,24395,427,324394197,3526225,,1,1
2025-11-25T15:31:37.083954Z,mmtc,uesimtun2,36282,613,63095741,46767,,1,1
2025-11-25T15:31:38.084065Z,embb,uesimtun0,130096,2530,3435037152,2499065,,1,1
2025-11-25T15:31:38.084065Z,urllc,uesimtun1,24395,427,327989017,3565300,,1,1
2025-11-25T15:31:38.084065Z,mmtc,uesimtun2,36282,613,63095953,46770,,1,1
2025-11-25T15:31:39.084254Z,embb,uesimtun0,130096,2530,3435037477,2499070,,1,1
2025-11-25T15:31:39.084254Z,urllc,uesimtun1,24395,427,331582833,3604364,,1,1
2025-11-25T15:31:39.084254Z,mmtc,uesimtun2,36282,613,63096141,46773,,1,1
2025-11-25T15:31:40.084319Z,embb,uesimtun0,130096,2530,3435037809,2499075,,1,1
2025-11-25T15:31:40.084319Z,urllc,uesimtun1,24395,427,335176833,3643430,,1,1
2025-11-25T15:31:40.084319Z,mmtc,uesimtun2,36282,613,63096365,46777,,1,1
2025-11-25T15:31:41.084186Z,embb,uesimtun0,130096,2530,3435037990,2499078,,1,1
2025-11-25T15:31:41.084186Z,urllc,uesimtun1,24395,427,338771261,3682501,,1,1
2025-11-25T15:31:41.084186Z,mmtc,uesimtun2,36282,613,63096673,46782,,1,1
2025-11-25T15:31:42.084023Z,embb,uesimtun0,130096,2530,3435038208,2499081,,1,1
2025-11-25T15:31:42.084023Z,urllc,uesimtun1,24395,427,342366401,3721580,,1,1
2025-11-25T15:31:42.084023Z,mmtc,uesimtun2,36282,613,63096969,46786,,1,1
2025-11-25T15:31:43.084056Z,embb,uesimtun0,130096,2530,3435038252,2499082,,1,1
2025-11-25T15:31:43.084056Z,urllc,uesimtun1,24395,427,345958749,3760629,,1,1
2025-11-25T15:31:43.084056Z,mmtc,uesimtun2,36282,613,63097325,46791,,1,1
2025-11-25T15:31:44.083820Z,embb,uesimtun0,130096,2530,3435038380,2499084,,1,1
2025-11-25T15:31:44.083820Z,urllc,uesimtun1,24395,427,349554237,3799711,,1,1
2025-11-25T15:31:44.083820Z,mmtc,uesimtun2,36282,613,63097621,46795,,1,1
2025-11-25T15:31:45.083914Z,embb,uesimtun0,130096,2530,3435038598,2499087,,1,1
2025-11-25T15:31:45.083914Z,urllc,uesimtun1,24395,427,353147829,3838773,,1,1
2025-11-25T15:31:45.083914Z,mmtc,uesimtun2,36282,613,63097977,46800,,1,1
2025-11-25T15:31:46.084178Z,embb,uesimtun0,130096,2530,3435038947,2499092,,1,1
2025-11-25T15:31:46.084178Z,urllc,uesimtun1,24395,427,356705781,3877447,,1,1
2025-11-25T15:31:46.084178Z,mmtc,uesimtun2,36282,613,63098105,46802,,1,1
2025-11-25T15:31:47.083702Z,embb,uesimtun0,130096,2530,3435039327,2499097,,1,1
2025-11-25T15:31:47.083702Z,urllc,uesimtun1,24395,427,360296014,3916472,,1,1
2025-11-25T15:31:47.083702Z,mmtc,uesimtun2,36282,613,63098149,46803,,1,1
2025-11-25T15:31:48.084067Z,embb,uesimtun0,130096,2530,3435039623,2499101,,1,1
2025-11-25T15:31:48.084067Z,urllc,uesimtun1,24395,427,363893954,3955581,,1,1
2025-11-25T15:31:48.084067Z,mmtc,uesimtun2,36282,613,63098193,46804,,1,1
2025-11-25T15:31:49.083869Z,embb,uesimtun0,130096,2530,3435039840,2499104,,1,1
2025-11-25T15:31:49.083869Z,urllc,uesimtun1,24395,427,367486590,3994632,,1,1
2025-11-25T15:31:49.083869Z,mmtc,uesimtun2,36282,613,63098494,46808,,1,1
2025-11-25T15:31:50.084373Z,embb,uesimtun0,130096,2530,3435039968,2499106,,1,1
2025-11-25T15:31:50.084373Z,urllc,uesimtun1,24395,427,371072954,4033615,,1,1
2025-11-25T15:31:50.084373Z,mmtc,uesimtun2,36282,613,63098622,46810,,1,1
2025-11-25T15:31:51.084134Z,embb,uesimtun0,130096,2530,3435040096,2499108,,1,1
2025-11-25T15:31:51.084134Z,urllc,uesimtun1,24395,427,374674366,4072762,,1,1
2025-11-25T15:31:51.084134Z,mmtc,uesimtun2,36282,613,63098750,46812,,1,1
2025-11-25T15:31:52.083869Z,embb,uesimtun0,130096,2530,3435040224,2499110,,1,1
2025-11-25T15:31:52.083869Z,urllc,uesimtun1,24395,427,378269938,4111845,,1,1
2025-11-25T15:31:52.083869Z,mmtc,uesimtun2,36282,613,63099046,46816,,1,1
2025-11-25T15:31:53.084112Z,embb,uesimtun0,130096,2530,3435040352,2499112,,1,1
2025-11-25T15:31:53.084112Z,urllc,uesimtun1,24395,427,381863402,4150905,,1,1
2025-11-25T15:31:53.084112Z,mmtc,uesimtun2,36282,613,63099510,46822,,1,1
2025-11-25T15:31:54.084137Z,embb,uesimtun0,130096,2530,3435040648,2499116,,1,1
2025-11-25T15:31:54.084137Z,urllc,uesimtun1,24395,427,385457418,4189971,,1,1
2025-11-25T15:31:54.084137Z,mmtc,uesimtun2,36282,613,63099638,46824,,1,1
2025-11-25T15:31:55.084122Z,embb,uesimtun0,130096,2530,3435040829,2499119,,1,1
2025-11-25T15:31:55.084122Z,urllc,uesimtun1,24395,427,389050690,4229029,,1,1
2025-11-25T15:31:55.084122Z,mmtc,uesimtun2,36282,613,63099819,46827,,1,1
2025-11-25T15:31:56.084251Z,embb,uesimtun0,130096,2530,3435040957,2499121,,1,1
2025-11-25T15:31:56.084251Z,urllc,uesimtun1,24395,427,392647926,4268130,,1,1
2025-11-25T15:31:56.084251Z,mmtc,uesimtun2,36282,613,63099947,46829,,1,1
2025-11-25T15:31:57.083764Z,embb,uesimtun0,130096,2530,3435041169,2499124,,1,1
2025-11-25T15:31:57.083764Z,urllc,uesimtun1,24395,427,396238906,4307163,,1,1
2025-11-25T15:31:57.083764Z,mmtc,uesimtun2,36282,613,63100159,46832,,1,1
2025-11-25T15:31:58.084004Z,embb,uesimtun0,130096,2530,3435041549,2499129,,1,1
2025-11-25T15:31:58.084004Z,urllc,uesimtun1,24395,427,399831634,4346215,,1,1
2025-11-25T15:31:58.084004Z,mmtc,uesimtun2,36282,613,63100287,46834,,1,1
2025-11-25T15:31:59.084238Z,embb,uesimtun0,130096,2530,3435041761,2499132,,1,1
2025-11-25T15:31:59.084238Z,urllc,uesimtun1,24395,427,403227574,4383128,,1,1
2025-11-25T15:31:59.084238Z,mmtc,uesimtun2,36282,613,63100499,46837,,1,1
2025-11-25T15:32:00.084292Z,embb,uesimtun0,130096,2530,3435041889,2499134,,1,1
2025-11-25T15:32:00.084292Z,urllc,uesimtun1,24395,427,406818814,4422164,,1,1
2025-11-25T15:32:00.084292Z,mmtc,uesimtun2,36282,613,63100627,46839,,1,1
2025-11-25T15:32:01.084243Z,embb,uesimtun0,130096,2530,3435042101,2499137,,1,1
2025-11-25T15:32:01.084243Z,urllc,uesimtun1,24395,427,410414654,4461250,,1,1
2025-11-25T15:32:01.084243Z,mmtc,uesimtun2,36282,613,63100755,46841,,1,1
2025-11-25T15:32:02.084352Z,embb,uesimtun0,130096,2530,3435042313,2499140,,1,1
2025-11-25T15:32:02.084352Z,urllc,uesimtun1,24395,427,414007918,4500308,,1,1
2025-11-25T15:32:02.084352Z,mmtc,uesimtun2,36282,613,63100799,46842,,1,1
2025-11-25T15:32:03.084122Z,embb,uesimtun0,130096,2530,3435042357,2499141,,1,1
2025-11-25T15:32:03.084122Z,urllc,uesimtun1,24395,427,417601742,4539372,,1,1
2025-11-25T15:32:03.084122Z,mmtc,uesimtun2,36282,613,63101095,46846,,1,1
2025-11-25T15:32:04.084022Z,embb,uesimtun0,130096,2530,3435042401,2499142,,1,1
2025-11-25T15:32:04.084022Z,urllc,uesimtun1,24395,427,421197690,4578459,,1,1
2025-11-25T15:32:04.084022Z,mmtc,uesimtun2,36282,613,63101391,46850,,1,1
2025-11-25T15:32:05.083886Z,embb,uesimtun0,130096,2530,3435042529,2499144,,1,1
2025-11-25T15:32:05.083886Z,urllc,uesimtun1,24395,427,424790050,4617507,,1,1
2025-11-25T15:32:05.083886Z,mmtc,uesimtun2,36282,613,63101771,46855,,1,1
2025-11-25T15:32:06.083950Z,embb,uesimtun0,130096,2530,3435042825,2499148,,1,1
2025-11-25T15:32:06.083950Z,urllc,uesimtun1,24395,427,427981850,4652201,,1,1
2025-11-25T15:32:06.083950Z,mmtc,uesimtun2,36282,613,63101983,46858,,1,1
2025-11-25T15:32:07.084011Z,embb,uesimtun0,130096,2530,3435043121,2499152,,1,1
2025-11-25T15:32:07.084011Z,urllc,uesimtun1,24395,427,430381620,4678287,,1,1
2025-11-25T15:32:07.084011Z,mmtc,uesimtun2,36282,613,63102111,46860,,1,1
2025-11-25T15:32:08.084479Z,embb,uesimtun0,130096,2530,3435043681,2499160,,1,1
2025-11-25T15:32:08.084479Z,urllc,uesimtun1,24395,427,430381854,4678291,,1,1
2025-11-25T15:32:08.084479Z,mmtc,uesimtun2,36282,613,63102335,46864,,1,1
2025-11-25T15:32:09.084817Z,embb,uesimtun0,130096,2530,3435044253,2499169,,1,1
2025-11-25T15:32:09.084817Z,urllc,uesimtun1,24395,427,430382215,4678297,,1,1
2025-11-25T15:32:09.084817Z,mmtc,uesimtun2,36282,613,63102463,46866,,1,1
2025-11-25T15:32:10.083969Z,embb,uesimtun0,130096,2530,3435044441,2499172,,1,1
2025-11-25T15:32:10.083969Z,urllc,uesimtun1,24395,427,430382511,4678301,,1,1
2025-11-25T15:32:10.083969Z,mmtc,uesimtun2,36282,613,63102591,46868,,1,1
2025-11-25T15:32:11.084065Z,embb,uesimtun0,,,,,,1,0
2025-11-25T15:32:11.084065Z,urllc,uesimtun1,,,,,,1,0
2025-11-25T15:32:11.084065Z,mmtc,uesimtun2,,,,,,1,0
2025-11-25T15:32:12.084673Z,embb,uesimtun0,,,,,,1,0
2025-11-25T15:32:12.084673Z,urllc,uesimtun1,,,,,,1,0
2025-11-25T15:32:12.084673Z,mmtc,uesimtun2,,,,,,1,0
2025-11-25T15:32:13.084457Z,embb,uesimtun0,,,,,,1,0
2025-11-25T15:32:13.084457Z,urllc,uesimtun1,,,,,,1,0
2025-11-25T15:32:13.084457Z,mmtc,uesimtun2,,,,,,1,0
2025-11-25T15:32:14.085084Z,embb,uesimtun0,,,,,,1,0
2025-11-25T15:32:14.085084Z,urllc,uesimtun1,,,,,,1,0
2025-11-25T15:32:14.085084Z,mmtc,uesimtun2,,,,,,1,0
2025-11-25T15:32:15.085061Z,embb,uesimtun0,,,,,,1,0
2025-11-25T15:32:15.085061Z,urllc,uesimtun1,,,,,,1,0
2025-11-25T15:32:15.085061Z,mmtc,uesimtun2,,,,,,1,0
2025-11-25T15:32:16.084470Z,embb,uesimtun0,,,,,,1,0
2025-11-25T15:32:16.084470Z,urllc,uesimtun1,,,,,,1,0
2025-11-25T15:32:16.084470Z,mmtc,uesimtun2,,,,,,1,0
2025-11-25T15:32:17.084521Z,embb,uesimtun0,,,,,,1,0
2025-11-25T15:32:17.084521Z,urllc,uesimtun1,,,,,,1,0
2025-11-25T15:32:17.084521Z,mmtc,uesimtun2,,,,,,1,0
2025-11-25T15:32:18.084529Z,embb,uesimtun0,,,,,,1,0
2025-11-25T15:32:18.084529Z,urllc,uesimtun1,,,,,,1,0
2025-11-25T15:32:18.084529Z,mmtc,uesimtun2,,,,,,1,0
2025-11-25T15:32:19.084817Z,embb,uesimtun0,,,,,,1,0
2025-11-25T15:32:19.084817Z,urllc,uesimtun1,,,,,,1,0
2025-11-25T15:32:19.084817Z,mmtc,uesimtun2,,,,,,1,0
2025-11-25T15:32:20.085110Z,embb,uesimtun0,,,,,,1,0
2025-11-25T15:32:20.085110Z,urllc,uesimtun1,,,,,,1,0
2025-11-25T15:32:20.085110Z,mmtc,uesimtun2,,,,,,1,0
2025-11-25T15:36:03.490094Z,embb,uesimtun0,261309,5170,1763158923,1285727,2.012,0,1
2025-11-25T15:36:03.490094Z,mmtc,uesimtun1,58365,972,136783675,100401,47.789,0,1
2025-11-25T15:36:03.490094Z,urllc,uesimtun2,48603,840,300679277,2032042,1.524,0,1
2025-11-25T15:36:04.490219Z,embb,uesimtun0,264793,5240,1769543105,1290423,1.785,0,1
2025-11-25T15:36:04.490219Z,mmtc,uesimtun1,58902,982,137191541,100706,,1,1
2025-11-25T15:36:04.490219Z,urllc,uesimtun2,49325,854,304396316,2057165,142.868,0,1
2025-11-25T15:36:05.491003Z,embb,uesimtun0,268561,5316,1775933055,1295128,1.881,0,1
2025-11-25T15:36:05.491003Z,mmtc,uesimtun1,59600,996,137599817,101017,196.002,0,1
2025-11-25T15:36:05.491003Z,urllc,uesimtun2,49794,862,307233053,2076336,,1,1
2025-11-25T15:36:06.490477Z,embb,uesimtun0,272293,5392,1782309245,1299823,1.602,0,1
2025-11-25T15:36:06.490477Z,mmtc,uesimtun1,59933,1002,138007743,101323,21.614,0,1
2025-11-25T15:36:06.490477Z,urllc,uesimtun2,50881,883,309777911,2093542,1.891,0,1
2025-11-25T15:36:07.490869Z,embb,uesimtun0,275965,5467,1788692231,1304522,1.952,0,1
2025-11-25T15:36:07.490869Z,mmtc,uesimtun1,60695,1017,138417277,101633,1.993,0,1
2025-11-25T15:36:07.490869Z,urllc,uesimtun2,51177,887,312803475,2113987,1.750,0,1
2025-11-25T15:36:08.491279Z,embb,uesimtun0,278064,5510,1795082154,1309205,1.671,0,1
2025-11-25T15:36:08.491279Z,mmtc,uesimtun1,62496,1046,138772886,101919,1.464,0,1
2025-11-25T15:36:08.491279Z,urllc,uesimtun2,51967,903,315883987,2134810,1.336,0,1
2025-11-25T15:36:09.490445Z,embb,uesimtun0,281724,5583,1801459644,1313899,1.404,0,1
2025-11-25T15:36:09.490445Z,mmtc,uesimtun1,63453,1064,138775504,101939,1.996,0,1
2025-11-25T15:36:09.490445Z,urllc,uesimtun2,52011,904,318968435,2155652,1.949,0,1
2025-11-25T15:36:10.490719Z,embb,uesimtun0,285785,5665,1807843140,1318605,1.920,0,1
2025-11-25T15:36:10.490719Z,mmtc,uesimtun1,64504,1084,138782145,101961,2.065,0,1
2025-11-25T15:36:10.490719Z,urllc,uesimtun2,52396,911,322054320,2176506,1.957,0,1
2025-11-25T15:36:11.490473Z,embb,uesimtun0,289757,5745,1814229291,1323312,1.461,0,1
2025-11-25T15:36:11.490473Z,mmtc,uesimtun1,65511,1104,138788778,101983,1.907,0,1
2025-11-25T15:36:11.490473Z,urllc,uesimtun2,52608,914,325134792,2197322,2.115,0,1
2025-11-25T15:36:12.491142Z,embb,uesimtun0,293986,5832,1820618517,1328027,1.563,0,1
2025-11-25T15:36:12.491142Z,mmtc,uesimtun1,66301,1120,138795126,102001,1.853,0,1
2025-11-25T15:36:12.491142Z,urllc,uesimtun2,53454,930,328222588,2218194,2.251,0,1
2025-11-25T15:36:13.490621Z,embb,uesimtun0,297943,5913,1826999303,1332733,1.099,0,1
2025-11-25T15:36:13.490621Z,mmtc,uesimtun1,67027,1133,138801432,102017,1.110,0,1
2025-11-25T15:36:13.490621Z,urllc,uesimtun2,54127,942,331300187,2238995,1.436,0,1
2025-11-25T15:36:14.490499Z,embb,uesimtun0,301073,5977,1833380412,1337423,1.524,0,1
2025-11-25T15:36:14.490499Z,mmtc,uesimtun1,67777,1147,138806686,102034,1.564,0,1
2025-11-25T15:36:14.490499Z,urllc,uesimtun2,55190,962,334387508,2259865,1.517,0,1
2025-11-25T15:36:15.491213Z,embb,uesimtun0,303879,6032,1839768013,1342110,1.228,0,1
2025-11-25T15:36:15.491213Z,mmtc,uesimtun1,69205,1168,138989932,102191,57.964,0,1
2025-11-25T15:36:15.491213Z,urllc,uesimtun2,55916,975,337647630,2281899,1.719,0,1
2025-11-25T15:36:16.490527Z,embb,uesimtun0,307796,6110,1846145900,1346810,1.554,0,1
2025-11-25T15:36:16.490527Z,mmtc,uesimtun1,69763,1178,141943966,104355,,1,1
2025-11-25T15:36:16.490527Z,urllc,uesimtun2,56381,984,341323548,2306741,,1,1
2025-11-25T15:36:17.490458Z,embb,uesimtun0,311352,6181,1852531519,1351508,1.398,0,1
2025-11-25T15:36:17.490458Z,mmtc,uesimtun1,70216,1186,144721483,106384,220.094,0,1
2025-11-25T15:36:17.490458Z,urllc,uesimtun2,56465,985,344311732,2326933,,1,1
2025-11-25T15:36:18.490499Z,embb,uesimtun0,314610,6246,1858912745,1356199,1.310,0,1
2025-11-25T15:36:18.490499Z,mmtc,uesimtun1,71454,1204,144723098,106403,1.668,0,1
2025-11-25T15:36:18.490499Z,urllc,uesimtun2,57063,996,346722926,2343231,2.777,0,1
2025-11-25T15:36:19.491160Z,embb,uesimtun0,317868,6311,1865303603,1360897,1.611,0,1
2025-11-25T15:36:19.491160Z,mmtc,uesimtun1,71990,1214,144783093,106458,17.722,0,1
2025-11-25T15:36:19.491160Z,urllc,uesimtun2,57275,999,349859342,2364425,1.740,0,1
2025-11-25T15:36:20.490496Z,embb,uesimtun0,321267,6380,1871679487,1365587,1.318,0,1
2025-11-25T15:36:20.490496Z,mmtc,uesimtun1,72568,1225,145463721,106966,180.806,0,1
2025-11-25T15:36:20.490496Z,urllc,uesimtun2,57940,1010,353442664,2388642,,1,1
2025-11-25T15:36:21.490178Z,embb,uesimtun0,324273,6442,1878063189,1370276,1.649,0,1
2025-11-25T15:36:21.490178Z,mmtc,uesimtun1,73430,1242,146143139,107475,68.187,0,1
2025-11-25T15:36:21.490178Z,urllc,uesimtun2,58690,1024,356178463,2407135,1.542,0,1
2025-11-25T15:36:22.490480Z,embb,uesimtun0,327564,6508,1884445793,1374968,1.245,0,1
2025-11-25T15:36:22.490480Z,mmtc,uesimtun1,73971,1251,146823622,107980,10.364,0,1
2025-11-25T15:36:22.490480Z,urllc,uesimtun2,59617,1042,359084939,2426782,1.860,0,1
2025-11-25T15:36:23.490517Z,embb,uesimtun0,331047,6578,1890830016,1379665,1.576,0,1
2025-11-25T15:36:23.490517Z,mmtc,uesimtun1,75700,1286,147505358,108506,40.526,0,1
2025-11-25T15:36:23.490517Z,urllc,uesimtun2,60664,1063,362264485,2448276,1.575,0,1
2025-11-25T15:36:24.490768Z,embb,uesimtun0,335297,6663,1897213654,1384373,2.087,0,1
2025-11-25T15:36:24.490768Z,mmtc,uesimtun1,76490,1302,148184510,109012,1.972,0,1
2025-11-25T15:36:24.490768Z,urllc,uesimtun2,61386,1077,365231884,2468333,1.761,0,1
2025-11-25T15:36:25.490588Z,embb,uesimtun0,339455,6746,1903598689,1389083,2.272,0,1
2025-11-25T15:36:25.490588Z,mmtc,uesimtun1,77212,1316,148864993,109518,2.029,0,1
2025-11-25T15:36:25.490588Z,urllc,uesimtun2,61811,1084,368081449,2487590,1.287,0,1
2025-11-25T15:36:26.490513Z,embb,uesimtun0,344044,6833,1908635729,1392818,3.894,0,1
2025-11-25T15:36:26.490513Z,mmtc,uesimtun1,77625,1324,149545171,110019,6.657,0,1
2025-11-25T15:36:26.490513Z,urllc,uesimtun2,63375,1108,368867877,2492919,,1,1
2025-11-25T15:36:27.490542Z,embb,uesimtun0,346685,6885,1927778501,1406770,1.563,0,1
2025-11-25T15:36:27.490542Z,mmtc,uesimtun1,78206,1334,150222849,110521,1.452,0,1
2025-11-25T15:36:27.490542Z,urllc,uesimtun2,63627,1111,371926001,2513584,1.756,0,1
2025-11-25T15:36:28.490836Z,embb,uesimtun0,350248,6956,1946946124,1420763,1.654,0,1
2025-11-25T15:36:28.490836Z,mmtc,uesimtun1,79044,1349,150903532,111029,2.067,0,1
2025-11-25T15:36:28.490836Z,urllc,uesimtun2,64465,1126,374755432,2532709,1.826,0,1
2025-11-25T15:36:29.490602Z,embb,uesimtun0,353350,7019,1966084074,1434722,1.929,0,1
2025-11-25T15:36:29.490602Z,mmtc,uesimtun1,80178,1364,151524019,111496,1.890,0,1
2025-11-25T15:36:29.490602Z,urllc,uesimtun2,65130,1137,377839550,2553553,1.466,0,1
2025-11-25T15:36:30.490968Z,embb,uesimtun0,356135,7075,1985118573,1448602,2.069,0,1
2025-11-25T15:36:30.490968Z,mmtc,uesimtun1,81191,1382,152344063,112111,24.926,0,1
2025-11-25T15:36:30.490968Z,urllc,uesimtun2,65856,1150,380997848,2574899,1.350,0,1
2025-11-25T15:36:31.490472Z,embb,uesimtun0,359040,7132,2004253472,1462554,3.163,0,1
2025-11-25T15:36:31.490472Z,mmtc,uesimtun1,81812,1393,154986781,114043,,1,1
2025-11-25T15:36:31.490472Z,urllc,uesimtun2,65984,1152,384778044,2600442,,1,1
2025-11-25T15:36:32.490442Z,embb,uesimtun0,362262,7195,2023395588,1476516,1.505,0,1
2025-11-25T15:36:32.490442Z,mmtc,uesimtun1,82807,1413,157621647,115976,1.398,0,1
2025-11-25T15:36:32.490442Z,urllc,uesimtun2,66750,1165,387088238,2616058,1.556,0,1
2025-11-25T15:36:33.490474Z,embb,uesimtun0,366508,7277,2042526438,1490487,1.549,0,1
2025-11-25T15:36:33.490474Z,mmtc,uesimtun1,83477,1426,160260126,117904,1.785,0,1
2025-11-25T15:36:33.490474Z,urllc,uesimtun2,67046,1169,390174714,2636915,1.771,0,1
2025-11-25T15:36:34.490678Z,embb,uesimtun0,370309,7353,2061687198,1504475,2.131,0,1
2025-11-25T15:36:34.490678Z,mmtc,uesimtun1,85334,1456,162173649,119325,2.389,0,1
2025-11-25T15:36:34.490678Z,urllc,uesimtun2,67510,1175,393262162,2657779,1.665,0,1
2025-11-25T15:36:35.490589Z,embb,uesimtun0,373709,7422,2080826816,1518440,,1,1
2025-11-25T15:36:35.490589Z,mmtc,uesimtun1,86312,1472,164845435,121280,118.387,0,1
2025-11-25T15:36:35.490589Z,urllc,uesimtun2,68493,1193,397468701,2686210,,1,1
2025-11-25T15:36:36.490957Z,embb,uesimtun0,377433,7499,2099979383,1532424,1.784,0,1
2025-11-25T15:36:36.490957Z,mmtc,uesimtun1,86946,1483,166363926,122395,1.461,0,1
2025-11-25T15:36:36.490957Z,urllc,uesimtun2,68661,1195,399426805,2699442,1.817,0,1
2025-11-25T15:36:37.491364Z,embb,uesimtun0,381851,7586,2119118984,1546409,2.043,0,1
2025-11-25T15:36:37.491364Z,mmtc,uesimtun1,88149,1499,166365307,122412,2.547,0,1
2025-11-25T15:36:37.491364Z,urllc,uesimtun2,69495,1211,402517329,2720332,1.930,0,1
2025-11-25T15:36:38.490845Z,embb,uesimtun0,386563,7679,2138264186,1560399,1.823,0,1
2025-11-25T15:36:38.490845Z,mmtc,uesimtun1,89046,1516,167515755,123271,12.663,0,1
2025-11-25T15:36:38.490845Z,urllc,uesimtun2,70333,1226,405629192,2741366,1.448,0,1
2025-11-25T15:36:39.490528Z,embb,uesimtun0,389822,7742,2157403921,1574365,3.403,0,1
2025-11-25T15:36:39.490528Z,mmtc,uesimtun1,89659,1527,168711409,124158,,1,1
2025-11-25T15:36:39.490528Z,urllc,uesimtun2,71263,1243,409451448,2767201,,1,1
2025-11-25T15:36:40.490620Z,embb,uesimtun0,392795,7801,2176545917,1588326,1.553,0,1
2025-11-25T15:36:40.490620Z,mmtc,uesimtun1,91501,1556,168754759,124217,2.323,0,1
2025-11-25T15:36:40.490620Z,urllc,uesimtun2,71688,1250,411764645,2782835,1.804,0,1
2025-11-25T15:36:41.490470Z,embb,uesimtun0,395740,7859,2195674193,1602277,1.623,0,1
2025-11-25T15:36:41.490470Z,mmtc,uesimtun1,92136,1567,172646877,127057,67.816,0,1
2025-11-25T15:36:41.490470Z,urllc,uesimtun2,72482,1265,414997788,2804688,2.601,0,1
2025-11-25T15:36:42.490525Z,embb,uesimtun0,399099,7927,2214811023,1616240,1.726,0,1
2025-11-25T15:36:42.490525Z,mmtc,uesimtun1,92633,1576,176619991,129953,15.778,0,1
2025-11-25T15:36:42.490525Z,urllc,uesimtun2,73316,1281,417919168,2824436,1.533,0,1
2025-11-25T15:36:43.490608Z,embb,uesimtun0,402707,7999,2233956431,1630213,1.529,0,1
2025-11-25T15:36:43.490608Z,mmtc,uesimtun1,94350,1611,180595642,132870,238.722,0,1
2025-11-25T15:36:43.490608Z,urllc,uesimtun2,73981,1292,421693326,2849942,,1,1
2025-11-25T15:36:44.490481Z,embb,uesimtun0,405460,8053,2253116104,1644183,1.841,0,1
2025-11-25T15:36:44.490481Z,mmtc,uesimtun1,94983,1622,184570184,135768,1.599,0,1
2025-11-25T15:36:44.490481Z,urllc,uesimtun2,74065,1293,424046506,2865843,1.858,0,1
2025-11-25T15:36:45.490940Z,embb,uesimtun0,408157,8107,2272262099,1658145,1.487,0,1
2025-11-25T15:36:45.490940Z,mmtc,uesimtun1,95873,1638,188544979,138670,17.081,0,1
2025-11-25T15:36:45.490940Z,urllc,uesimtun2,74478,1301,427176252,2886994,1.394,0,1
2025-11-25T15:36:46.490454Z,embb,uesimtun0,410613,8155,2291400631,1672092,5.287,0,1
2025-11-25T15:36:46.490454Z,mmtc,uesimtun1,97005,1660,192534094,141591,4.048,0,1
2025-11-25T15:36:46.490454Z,urllc,uesimtun2,75099,1312,430229406,2907629,2.802,0,1
2025-11-25T15:36:47.490635Z,embb,uesimtun0,414333,8229,2310525470,1686051,,1,1
2025-11-25T15:36:47.490635Z,mmtc,uesimtun1,97246,1664,196571768,144533,75.945,0,1
2025-11-25T15:36:47.490635Z,urllc,uesimtun2,75395,1316,434293718,2935093,14.289,0,1
2025-11-25T15:36:48.490471Z,embb,uesimtun0,417366,8289,2329670210,1700014,1.682,0,1
2025-11-25T15:36:48.490471Z,mmtc,uesimtun1,99037,1692,196678236,144635,183.901,0,1
2025-11-25T15:36:48.490471Z,urllc,uesimtun2,75691,1320,436943362,2952998,,1,1
2025-11-25T15:36:49.490736Z,embb,uesimtun0,420769,8357,2348830404,1713993,1.390,0,1
2025-11-25T15:36:49.490736Z,mmtc,uesimtun1,99943,1709,197561296,145292,,1,1
2025-11-25T15:36:49.490736Z,urllc,uesimtun2,76196,1329,440229976,2975210,,1,1
2025-11-25T15:36:50.490207Z,embb,uesimtun0,424458,8431,2367955171,1727951,7.545,0,1
2025-11-25T15:36:50.490207Z,mmtc,uesimtun1,100396,1717,198449418,145946,34.693,0,1
2025-11-25T15:36:50.490207Z,urllc,uesimtun2,76962,1342,442666562,2991680,1.498,0,1
2025-11-25T15:36:51.490616Z,embb,uesimtun0,428286,8508,2387117236,1741939,1.877,0,1
2025-11-25T15:36:51.490616Z,mmtc,uesimtun1,100776,1722,199326142,146586,1.560,0,1
2025-11-25T15:36:51.490616Z,urllc,uesimtun2,77768,1357,445633601,3011735,4.829,0,1
2025-11-25T15:36:52.490465Z,embb,uesimtun0,431845,8578,2406250140,1755901,2.051,0,1
2025-11-25T15:36:52.490465Z,mmtc,uesimtun1,101530,1736,200210389,147241,244.527,0,1
2025-11-25T15:36:52.490465Z,urllc,uesimtun2,79055,1381,449468003,3037655,,1,1
2025-11-25T15:36:53.490737Z,embb,uesimtun0,434846,8638,2425346609,1769827,7.252,0,1
2025-11-25T15:36:53.490737Z,mmtc,uesimtun1,102420,1752,201097445,147899,3.767,0,1
2025-11-25T15:36:53.490737Z,urllc,uesimtun2,79564,1389,451826932,3053598,3.117,0,1
2025-11-25T15:36:54.491106Z,embb,uesimtun0,438325,8708,2444546960,1783839,2.217,0,1
2025-11-25T15:36:54.491106Z,mmtc,uesimtun1,103848,1780,201976904,148562,1.471,0,1
2025-11-25T15:36:54.491106Z,urllc,uesimtun2,79860,1393,454885880,3074269,1.655,0,1
2025-11-25T15:36:55.491236Z,embb,uesimtun0,441532,8770,2463689176,1797802,5.184,0,1
2025-11-25T15:36:55.491236Z,mmtc,uesimtun1,104228,1785,202862052,149210,2.907,0,1
2025-11-25T15:36:55.491236Z,urllc,uesimtun2,80329,1401,457985465,3095216,2.261,0,1
2025-11-25T15:36:56.491105Z,embb,uesimtun0,444798,8834,2482832696,1811765,1.847,0,1
2025-11-25T15:36:56.491105Z,mmtc,uesimtun1,105150,1801,203743691,149865,39.742,0,1
2025-11-25T15:36:56.491105Z,urllc,uesimtun2,81829,1430,461174660,3116779,5.248,0,1
2025-11-25T15:36:57.490520Z,embb,uesimtun0,448482,8906,2501974309,1825741,1.763,0,1
2025-11-25T15:36:57.490520Z,mmtc,uesimtun1,106253,1816,204520950,150445,2.083,0,1
2025-11-25T15:36:57.490520Z,urllc,uesimtun2,82125,1434,464138064,3136804,1.725,0,1
2025-11-25T15:36:58.491003Z,embb,uesimtun0,451315,8964,2521121642,1839704,2.072,0,1
2025-11-25T15:36:58.491003Z,mmtc,uesimtun1,107210,1834,205610695,151256,15.363,0,1
2025-11-25T15:36:58.491003Z,urllc,uesimtun2,82678,1443,467266381,3157946,2.198,0,1
2025-11-25T15:36:59.490581Z,embb,uesimtun0,455151,9040,2540261698,1853676,1.840,0,1
2025-11-25T15:36:59.490581Z,mmtc,uesimtun1,108048,1849,207554653,152684,239.506,0,1
2025-11-25T15:36:59.490581Z,urllc,uesimtun2,83512,1459,471040137,3183452,,1,1
2025-11-25T15:37:00.490503Z,embb,uesimtun0,458268,9101,2559386038,1867627,4.334,0,1
2025-11-25T15:37:00.490503Z,mmtc,uesimtun1,109223,1871,209505659,154120,3.798,0,1
2025-11-25T15:37:00.490503Z,urllc,uesimtun2,83764,1462,473405177,3199434,2.337,0,1
2025-11-25T15:37:01.491328Z,embb,uesimtun0,461426,9164,2578548852,1881605,1.896,0,1
2025-11-25T15:37:01.491328Z,mmtc,uesimtun1,110342,1893,211448377,155550,1.679,0,1
2025-11-25T15:37:01.491328Z,urllc,uesimtun2,85280,1490,476478107,3220211,1.566,0,1
2025-11-25T15:37:02.490140Z,embb,uesimtun0,464805,9232,2597676135,1895562,2.711,0,1
2025-11-25T15:37:02.490140Z,mmtc,uesimtun1,111564,1909,212304239,156189,2.709,0,1
2025-11-25T15:37:02.490140Z,urllc,uesimtun2,85749,1498,479562828,3241058,2.399,0,1
2025-11-25T15:37:03.490570Z,embb,uesimtun0,468268,9301,2616835037,1909541,1.493,0,1
2025-11-25T15:37:03.490570Z,mmtc,uesimtun1,112352,1922,212313488,156209,28.242,0,1
2025-11-25T15:37:03.490570Z,urllc,uesimtun2,86459,1512,482723600,3262422,1.893,0,1
2025-11-25T15:37:04.490455Z,embb,uesimtun0,470772,9348,2635957396,1923480,1.896,0,1
2025-11-25T15:37:04.490455Z,mmtc,uesimtun1,113062,1935,212329749,156234,44.484,0,1
2025-11-25T15:37:04.490455Z,urllc,uesimtun2,86671,1515,485846020,3283521,1.717,0,1
2025-11-25T15:37:05.490557Z,embb,uesimtun0,473722,9407,2655120271,1937459,2.699,0,1
2025-11-25T15:37:05.490557Z,mmtc,uesimtun1,114103,1949,212334911,156253,30.262,0,1
2025-11-25T15:37:05.490557Z,urllc,uesimtun2,87224,1524,488887821,3304078,4.965,0,1
2025-11-25T15:37:06.490489Z,embb,uesimtun0,476825,9468,2674241927,1951409,2.456,0,1
2025-11-25T15:37:06.490489Z,mmtc,uesimtun1,116117,1990,212353659,156301,15.253,0,1
2025-11-25T15:37:06.490489Z,urllc,uesimtun2,87990,1538,491755796,3323463,1.809,0,1
2025-11-25T15:37:07.490631Z,embb,uesimtun0,480160,9534,2692538820,1964772,1.876,0,1
2025-11-25T15:37:07.490631Z,mmtc,uesimtun1,116738,2001,212372202,156324,,1,1
2025-11-25T15:37:07.490631Z,urllc,uesimtun2,88370,1543,495563032,3349190,125.198,0,1
2025-11-25T15:37:08.490922Z,embb,uesimtun0,482756,9585,2711695610,1978738,1.576,0,1
2025-11-25T15:37:08.490922Z,mmtc,uesimtun1,118170,2030,212390326,156362,10.050,0,1
2025-11-25T15:37:08.490922Z,urllc,uesimtun2,89047,1554,497905226,3365021,1.519,0,1
2025-11-25T15:37:09.490562Z,embb,uesimtun0,485565,9641,2730839110,1992702,1.838,0,1
2025-11-25T15:37:09.490562Z,mmtc,uesimtun1,118550,2035,212408594,156380,66.881,0,1
2025-11-25T15:37:09.490562Z,urllc,uesimtun2,89801,1568,501164513,3387050,177.596,0,1
2025-11-25T15:37:10.490581Z,embb,uesimtun0,489690,9722,2749980871,2006680,2.092,0,1
2025-11-25T15:37:10.490581Z,mmtc,uesimtun1,119187,2045,212425739,156401,1.218,0,1
2025-11-25T15:37:10.490581Z,urllc,uesimtun2,90583,1583,504047637,3406538,1.691,0,1
2025-11-25T15:37:11.490561Z,embb,uesimtun0,493578,9798,2769125223,2020657,1.663,0,1
2025-11-25T15:37:11.490561Z,mmtc,uesimtun1,120009,2061,212444608,156430,14.257,0,1
2025-11-25T15:37:11.490561Z,urllc,uesimtun2,90879,1587,507168365,3427626,1.393,0,1
2025-11-25T15:37:12.490504Z,embb,uesimtun0,496660,9858,2788257659,2034611,1.514,0,1
2025-11-25T15:37:12.490504Z,mmtc,uesimtun1,121986,2094,212460590,156473,2.843,0,1
2025-11-25T15:37:12.490504Z,urllc,uesimtun2,92343,1614,510219403,3448254,2.289,0,1
2025-11-25T15:37:13.490750Z,embb,uesimtun0,499775,9921,2807413399,2048582,1.614,0,1
2025-11-25T15:37:13.490750Z,mmtc,uesimtun1,123673,2128,212671673,156655,194.359,0,1
2025-11-25T15:37:13.490750Z,urllc,uesimtun2,92812,1622,513690468,3471711,,1,1
2025-11-25T15:37:14.490463Z,embb,uesimtun0,503543,9997,2826542356,2062545,1.750,0,1
2025-11-25T15:37:14.490463Z,mmtc,uesimtun1,124539,2144,213145985,157014,,1,1
2025-11-25T15:37:14.490463Z,urllc,uesimtun2,93064,1625,517181872,3495304,,1,1
2025-11-25T15:37:15.490716Z,embb,uesimtun0,506754,10060,2845701438,2076526,1.582,0,1
2025-11-25T15:37:15.490716Z,mmtc,uesimtun1,125321,2159,213620225,157372,63.010,0,1
2025-11-25T15:37:15.490716Z,urllc,uesimtun2,94059,1644,519452169,3510654,1.429,0,1
2025-11-25T15:37:16.490480Z,embb,uesimtun0,509676,10116,2864824025,2090469,2.089,0,1
2025-11-25T15:37:16.490480Z,mmtc,uesimtun1,126439,2173,213884382,157581,1.196,0,1
2025-11-25T15:37:16.490480Z,urllc,uesimtun2,94608,1654,522344363,3530201,1.376,0,1
2025-11-25T15:37:17.491652Z,embb,uesimtun0,512361,10168,2883946245,2104407,5.957,0,1
2025-11-25T15:37:17.491652Z,mmtc,uesimtun1,128768,2218,213890975,157622,4.449,0,1
2025-11-25T15:37:17.491652Z,urllc,uesimtun2,94820,1657,525456571,3551231,3.539,0,1
2025-11-25T15:37:18.490473Z,embb,uesimtun0,515663,10233,2903106354,2118384,1.490,0,1
2025-11-25T15:37:18.490473Z,mmtc,uesimtun1,129321,2227,213894276,157632,1.487,0,1
2025-11-25T15:37:18.490473Z,urllc,uesimtun2,95373,1666,528512728,3571885,1.730,0,1
2025-11-25T15:37:19.490610Z,embb,uesimtun0,519656,10311,2922254892,2132365,1.783,0,1
2025-11-25T15:37:19.490610Z,mmtc,uesimtun1,130103,2242,213899228,157648,1.940,0,1
2025-11-25T15:37:19.490610Z,urllc,uesimtun2,96793,1693,531599847,3592757,1.370,0,1
2025-11-25T15:37:20.491214Z,embb,uesimtun0,524660,10412,2941415533,2146373,1.488,0,1
2025-11-25T15:37:20.491214Z,mmtc,uesimtun1,130656,2251,213902529,157658,1.394,0,1
2025-11-25T15:37:20.491214Z,urllc,uesimtun2,97089,1697,534683575,3613595,1.575,0,1
2025-11-25T15:37:21.491231Z,embb,uesimtun0,528509,10488,2960556864,2160344,1.346,0,1
2025-11-25T15:37:21.491231Z,mmtc,uesimtun1,131454,2265,213907512,157674,1.727,0,1
2025-11-25T15:37:21.491231Z,urllc,uesimtun2,97794,1709,537768397,3634445,3.277,0,1
2025-11-25T15:37:22.490707Z,embb,uesimtun0,532470,10568,2979351870,2174071,1.636,0,1
2025-11-25T15:37:22.490707Z,mmtc,uesimtun1,131750,2269,213910560,157680,1.520,0,1
2025-11-25T15:37:22.490707Z,urllc,uesimtun2,98431,1719,540850182,3655272,1.370,0,1
2025-11-25T15:37:23.490449Z,embb,uesimtun0,536756,10653,2998485439,2188044,1.367,0,1
2025-11-25T15:37:23.490449Z,mmtc,uesimtun1,132672,2285,213915627,157697,1.106,0,1
2025-11-25T15:37:23.490449Z,urllc,uesimtun2,99241,1733,543931456,3676098,1.905,0,1
2025-11-25T15:37:24.491481Z,embb,uesimtun0,541635,10752,3017641815,2202047,1.623,0,1
2025-11-25T15:37:24.491481Z,mmtc,uesimtun1,133389,2297,213919117,157710,1.376,0,1
2025-11-25T15:37:24.491481Z,urllc,uesimtun2,99738,1742,547018810,3696963,1.589,0,1
2025-11-25T15:37:25.490499Z,embb,uesimtun0,545205,10822,3036781637,2216015,2.205,0,1
2025-11-25T15:37:25.490499Z,mmtc,uesimtun1,134643,2314,213922698,157734,1.707,0,1
2025-11-25T15:37:25.490499Z,urllc,uesimtun2,100034,1746,550102834,3717803,1.815,0,1
2025-11-25T15:37:26.490922Z,embb,uesimtun0,548447,10886,3055932082,2229985,1.504,0,1
2025-11-25T15:37:26.490922Z,mmtc,uesimtun1,135150,2324,217791256,160555,43.588,0,1
2025-11-25T15:37:26.490922Z,urllc,uesimtun2,100246,1749,553314942,3739508,2.264,0,1
2025-11-25T15:37:27.490543Z,embb,uesimtun0,551958,10957,3075052723,2243941,,1,1
2025-11-25T15:37:27.490543Z,mmtc,uesimtun1,135864,2337,222631731,164089,143.887,0,1
2025-11-25T15:37:27.490543Z,urllc,uesimtun2,101084,1764,557475209,3767626,108.337,0,1
2025-11-25T15:37:28.490575Z,embb,uesimtun0,555638,11030,3094210469,2257923,2.069,0,1
2025-11-25T15:37:28.490575Z,mmtc,uesimtun1,136931,2358,225544537,166224,58.866,0,1
2025-11-25T15:37:28.490575Z,urllc,uesimtun2,101962,1780,559529448,3781513,1.744,0,1
2025-11-25T15:37:29.490283Z,embb,uesimtun0,559234,11102,3113336569,2271882,1.824,0,1
2025-11-25T15:37:29.490283Z,mmtc,uesimtun1,138335,2386,229419578,169064,60.010,0,1
2025-11-25T15:37:29.490283Z,urllc,uesimtun2,103819,1816,562618690,3802404,1.556,0,1
2025-11-25T15:37:30.491284Z,embb,uesimtun0,562388,11165,3131883015,2285414,1.670,0,1
2025-11-25T15:37:30.491284Z,mmtc,uesimtun1,138715,2391,233294774,171885,69.698,0,1
2025-11-25T15:37:30.491284Z,urllc,uesimtun2,104115,1820,565733498,3823452,154.012,0,1
2025-11-25T15:37:31.490940Z,embb,uesimtun0,565799,11234,3151025403,2299381,1.899,0,1
2025-11-25T15:37:31.490940Z,mmtc,uesimtun1,139011,2395,237171346,174707,,1,1
2025-11-25T15:37:31.490940Z,urllc,uesimtun2,104416,1826,569375335,3848062,,1,1
2025-11-25T15:37:32.490504Z,embb,uesimtun0,569209,11299,3170154331,2313341,2.103,0,1
2025-11-25T15:37:32.490504Z,mmtc,uesimtun1,140124,2410,237172814,174728,1.969,0,1
2025-11-25T15:37:32.490504Z,urllc,uesimtun2,105318,1843,571691363,3863720,1.453,0,1
2025-11-25T15:37:33.490494Z,embb,uesimtun0,572684,11366,3189292676,2327306,1.831,0,1
2025-11-25T15:37:33.490494Z,mmtc,uesimtun1,141270,2433,238078253,175407,39.584,0,1
2025-11-25T15:37:33.490494Z,urllc,uesimtun2,106208,1859,574841794,3885015,3.410,0,1
2025-11-25T15:37:34.490554Z,embb,uesimtun0,576425,11441,3208450786,2341292,2.167,0,1
2025-11-25T15:37:34.490554Z,mmtc,uesimtun1,141807,2443,242050019,178303,233.368,0,1
2025-11-25T15:37:34.490554Z,urllc,uesimtun2,107046,1874,578524445,3909905,,1,1
2025-11-25T15:37:35.490463Z,embb,uesimtun0,580487,11522,3227580137,2355261,,1,1
2025-11-25T15:37:35.490463Z,mmtc,uesimtun1,142532,2455,247004506,181916,,1,1
2025-11-25T15:37:35.490463Z,urllc,uesimtun2,107382,1878,582254869,3935113,2.354,0,1
2025-11-25T15:37:36.490496Z,embb,uesimtun0,583573,11582,3246734837,2369235,4.241,0,1
2025-11-25T15:37:36.490496Z,mmtc,uesimtun1,143065,2463,249997827,184098,2.599,0,1
2025-11-25T15:37:36.490496Z,urllc,uesimtun2,107510,1880,583815065,3945656,1.752,0,1
2025-11-25T15:37:37.490472Z,embb,uesimtun0,587345,11655,3265883217,2383212,1.966,0,1
2025-11-25T15:37:37.490472Z,mmtc,uesimtun1,144886,2500,253957153,187006,4.465,0,1
2025-11-25T15:37:37.490472Z,urllc,uesimtun2,108480,1898,586899213,3966504,2.020,0,1
2025-11-25T15:37:38.491277Z,embb,uesimtun0,589825,11704,3285027607,2397169,1.837,0,1
2025-11-25T15:37:38.491277Z,mmtc,uesimtun1,146073,2522,257930878,189912,26.720,0,1
2025-11-25T15:37:38.491277Z,urllc,uesimtun2,109442,1915,590054528,3987832,1.706,0,1
2025-11-25T15:37:39.490553Z,embb,uesimtun0,593830,11784,3304151292,2411131,1.883,0,1
2025-11-25T15:37:39.490553Z,mmtc,uesimtun1,146883,2538,261900423,192814,24.837,0,1
2025-11-25T15:37:39.490553Z,urllc,uesimtun2,109654,1918,593128700,4008605,2.045,0,1
2025-11-25T15:37:40.491470Z,embb,uesimtun0,597699,11860,3323313295,2425117,1.619,0,1
2025-11-25T15:37:40.491470Z,mmtc,uesimtun1,147741,2554,265870942,195711,1.917,0,1
2025-11-25T15:37:40.491470Z,urllc,uesimtun2,111070,1946,596145983,4029006,1.642,0,1
2025-11-25T15:37:41.490769Z,embb,uesimtun0,602310,11952,3342459817,2439109,1.543,0,1
2025-11-25T15:37:41.490769Z,mmtc,uesimtun1,149211,2575,268932847,197958,1.854,0,1
2025-11-25T15:37:41.490769Z,urllc,uesimtun2,111282,1949,599226963,4049825,1.519,0,1
2025-11-25T15:37:42.490521Z,embb,uesimtun0,605941,12025,3361599820,2453080,1.467,0,1
2025-11-25T15:37:42.490521Z,mmtc,uesimtun1,150004,2590,268936676,197976,1.573,0,1
2025-11-25T15:37:42.490521Z,urllc,uesimtun2,111999,1961,602310393,4070665,1.899,0,1
2025-11-25T15:37:43.490901Z,embb,uesimtun0,609473,12095,3380750507,2467053,1.443,0,1
2025-11-25T15:37:43.490901Z,mmtc,uesimtun1,152062,2629,268948478,198017,34.140,0,1
2025-11-25T15:37:43.490901Z,urllc,uesimtun2,112552,1970,605496790,4092199,1.870,0,1
2025-11-25T15:37:44.490462Z,embb,uesimtun0,613470,12174,3399870160,2481013,2.860,0,1
2025-11-25T15:37:44.490462Z,mmtc,uesimtun1,153610,2657,268961008,198048,1.487,0,1
2025-11-25T15:37:44.490462Z,urllc,uesimtun2,113575,1989,608481938,4112378,1.951,0,1
2025-11-25T15:37:45.491200Z,embb,uesimtun0,616813,12238,3419033480,2494997,1.885,0,1
2025-11-25T15:37:45.491200Z,mmtc,uesimtun1,154203,2667,268971242,198064,1.634,0,1
2025-11-25T15:37:45.491200Z,urllc,uesimtun2,114750,2011,611563179,4133208,2.173,0,1
2025-11-25T15:37:46.490483Z,embb,uesimtun0,619566,12292,3438157431,2508941,1.423,0,1
2025-11-25T15:37:46.490483Z,mmtc,uesimtun1,154957,2681,268983021,198084,1.852,0,1
2025-11-25T15:37:46.490483Z,urllc,uesimtun2,115836,2030,614647295,4154056,2.068,0,1
2025-11-25T15:37:47.490520Z,embb,uesimtun0,622311,12347,3457314410,2522910,2.071,0,1
2025-11-25T15:37:47.490520Z,mmtc,uesimtun1,155510,2690,268994578,198100,1.673,0,1
2025-11-25T15:37:47.490520Z,urllc,uesimtun2,116132,2034,617731171,4174895,1.827,0,1
2025-11-25T15:37:48.490493Z,embb,uesimtun0,624968,12398,3476443607,2536853,1.557,0,1
2025-11-25T15:37:48.490493Z,mmtc,uesimtun1,155974,2696,269004674,198113,1.374,0,1
2025-11-25T15:37:48.490493Z,urllc,uesimtun2,116601,2042,620812256,4195717,1.576,0,1
2025-11-25T15:37:49.491589Z,embb,uesimtun0,628475,12467,3495110037,2550476,1.827,0,1
2025-11-25T15:37:49.491589Z,mmtc,uesimtun1,157326,2721,269017043,198142,11.279,0,1
2025-11-25T15:37:49.491589Z,urllc,uesimtun2,117098,2051,623931514,4216798,1.336,0,1
2025-11-25T15:37:50.490576Z,embb,uesimtun0,631978,12537,3514233322,2564432,2.428,0,1
2025-11-25T15:37:50.490576Z,mmtc,uesimtun1,157875,2731,269027245,198158,1.258,0,1
2025-11-25T15:37:50.490576Z,urllc,uesimtun2,118140,2070,626984750,4237438,1.766,0,1
2025-11-25T15:37:51.490698Z,embb,uesimtun0,635233,12601,3533376854,2578396,1.307,0,1
2025-11-25T15:37:51.490698Z,mmtc,uesimtun1,159152,2749,269038521,198188,1.701,0,1
2025-11-25T15:37:51.490698Z,urllc,uesimtun2,119130,2088,630064786,4258258,1.249,0,1
2025-11-25T15:37:52.491237Z,embb,uesimtun0,639130,12678,3552521251,2592374,2.244,0,1
2025-11-25T15:37:52.491237Z,mmtc,uesimtun1,160298,2772,270524829,199291,62.291,0,1
2025-11-25T15:37:52.491237Z,urllc,uesimtun2,119996,2104,633343302,4280418,5.951,0,1
2025-11-25T15:37:53.490597Z,embb,uesimtun0,643424,12762,3571666010,2606356,2.415,0,1
2025-11-25T15:37:53.490597Z,mmtc,uesimtun1,160762,2778,272121285,200455,,1,1
2025-11-25T15:37:53.490597Z,urllc,uesimtun2,121042,2122,637005158,4305169,,1,1
2025-11-25T15:37:54.490829Z,embb,uesimtun0,647136,12835,3590796414,2620320,1.480,0,1
2025-11-25T15:37:54.490829Z,mmtc,uesimtun1,161893,2800,273715946,201633,1.258,0,1
2025-11-25T15:37:54.490829Z,urllc,uesimtun2,121294,2125,639318102,4320799,1.753,0,1
2025-11-25T15:37:55.491163Z,embb,uesimtun0,650904,12913,3609951588,2634304,2.202,0,1
2025-11-25T15:37:55.491163Z,mmtc,uesimtun1,162876,2818,275313250,202810,11.856,0,1
2025-11-25T15:37:55.491163Z,urllc,uesimtun2,121590,2129,642438830,4341887,2.026,0,1
2025-11-25T15:37:56.490456Z,embb,uesimtun0,654520,12978,3625610458,2645743,1.843,0,1
2025-11-25T15:37:56.490456Z,mmtc,uesimtun1,163971,2838,276907924,203988,1.161,0,1
2025-11-25T15:37:56.490456Z,urllc,uesimtun2,121975,2136,645484691,4362471,1.601,0,1
2025-11-25T15:37:57.490544Z,embb,uesimtun0,657724,13041,3644645206,2659627,1.980,0,1
2025-11-25T15:37:57.490544Z,mmtc,uesimtun1,165255,2861,278505392,205168,1.581,0,1
2025-11-25T15:37:57.490544Z,urllc,uesimtun2,123155,2160,648365329,4381947,1.436,0,1
2025-11-25T15:37:58.491200Z,embb,uesimtun0,661123,13109,3663793238,2673600,2.351,0,1
2025-11-25T15:37:58.491200Z,mmtc,uesimtun1,166262,2881,280104057,206347,1.641,0,1
2025-11-25T15:37:58.491200Z,urllc,uesimtun2,123776,2171,651452819,4402814,1.816,0,1
2025-11-25T15:37:59.490620Z,embb,uesimtun0,664245,13172,3681845619,2686772,2.386,0,1
2025-11-25T15:37:59.490620Z,mmtc,uesimtun1,167030,2889,280214089,206440,1.740,0,1
2025-11-25T15:37:59.490620Z,urllc,uesimtun2,124818,2190,654410511,4422808,3.034,0,1
2025-11-25T15:38:00.491239Z,embb,uesimtun0,667528,13237,3700985256,2700737,1.644,0,1
2025-11-25T15:38:00.491239Z,mmtc,uesimtun1,168549,2918,281133834,207137,223.994,0,1
2025-11-25T15:38:00.491239Z,urllc,uesimtun2,125736,2207,658034299,4447302,,1,1
2025-11-25T15:38:01.490503Z,embb,uesimtun0,671545,13318,3720131199,2714718,2.265,0,1
2025-11-25T15:38:01.490503Z,mmtc,uesimtun1,169042,2926,284632265,209688,59.212,0,1
2025-11-25T15:38:01.490503Z,urllc,uesimtun2,126402,2220,660609795,4464711,2.307,0,1
2025-11-25T15:38:02.491201Z,embb,uesimtun0,675763,13403,3739272994,2728697,1.890,0,1
2025-11-25T15:38:02.491201Z,mmtc,uesimtun1,169808,2939,287098103,211497,2.007,0,1
2025-11-25T15:38:02.491201Z,urllc,uesimtun2,126614,2223,663517319,4484358,1.690,0,1
2025-11-25T15:38:03.490688Z,embb,uesimtun0,679672,13482,3758418836,2742678,1.736,0,1
2025-11-25T15:38:03.490688Z,mmtc,uesimtun1,171821,2973,288080359,212249,22.802,0,1
2025-11-25T15:38:03.490688Z,urllc,uesimtun2,126742,2225,666662975,4505614,1.636,0,1
2025-11-25T15:38:04.490456Z,embb,uesimtun0,683557,13559,3777561898,2756656,4.272,0,1
2025-11-25T15:38:04.490456Z,mmtc,uesimtun1,172615,2990,290488073,214015,215.175,0,1
2025-11-25T15:38:04.490456Z,urllc,uesimtun2,128122,2251,670348510,4530530,,1,1
2025-11-25T15:38:05.490472Z,embb,uesimtun0,686190,13610,3796703442,2770609,1.451,0,1
2025-11-25T15:38:05.490472Z,mmtc,uesimtun1,173698,3010,292884850,215774,,1,1
2025-11-25T15:38:05.490472Z,urllc,uesimtun2,128414,2255,673532133,4552044,84.649,0,1
2025-11-25T15:38:06.490731Z,embb,uesimtun0,689585,13677,3815847260,2784578,1.755,0,1
2025-11-25T15:38:06.490731Z,mmtc,uesimtun1,173994,3014,295291962,217530,37.031,0,1
2025-11-25T15:38:06.490731Z,urllc,uesimtun2,128626,2258,675961109,4568458,3.090,0,1
2025-11-25T15:38:07.490450Z,embb,uesimtun0,692454,13734,3834987747,2798535,3.675,0,1
2025-11-25T15:38:07.490450Z,mmtc,uesimtun1,174551,3024,297697929,219289,247.964,0,1
2025-11-25T15:38:07.490450Z,urllc,uesimtun2,129504,2274,679699905,4593728,,1,1
2025-11-25T15:38:08.490496Z,embb,uesimtun0,696712,13820,3854133860,2812520,1.406,0,1
2025-11-25T15:38:08.490496Z,mmtc,uesimtun1,175357,3039,300097057,221044,42.916,0,1
2025-11-25T15:38:08.490496Z,urllc,uesimtun2,129672,2276,682144189,4610245,2.896,0,1
2025-11-25T15:38:09.490680Z,embb,uesimtun0,700701,13901,3873275631,2826499,1.681,0,1
2025-11-25T15:38:09.490680Z,mmtc,uesimtun1,176420,3059,302503554,222811,1.627,0,1
2025-11-25T15:38:09.490680Z,urllc,uesimtun2,130181,2285,685101599,4630232,1.887,0,1
2025-11-25T15:38:10.491446Z,embb,uesimtun0,704802,13983,3892439557,2840495,2.240,0,1
2025-11-25T15:38:10.491446Z,mmtc,uesimtun1,176973,3068,304909351,224567,1.585,0,1
2025-11-25T15:38:10.491446Z,urllc,uesimtun2,131099,2302,688189839,4651107,1.930,0,1
2025-11-25T15:38:11.490458Z,embb,uesimtun0,708871,14064,3911563437,2854460,2.916,0,1
2025-11-25T15:38:11.490458Z,mmtc,uesimtun1,177450,3076,307312619,226325,2.533,0,1
2025-11-25T15:38:11.490458Z,urllc,uesimtun2,131395,2306,691276083,4671962,2.401,0,1
2025-11-25T15:38:12.490514Z,embb,uesimtun0,712560,14138,3930707488,2868433,2.088,0,1
2025-11-25T15:38:12.490514Z,mmtc,uesimtun1,178834,3096,308735596,227379,1.550,0,1
2025-11-25T15:38:12.490514Z,urllc,uesimtun2,131691,2310,693991079,4690309,1.982,0,1
2025-11-25T15:38:13.491160Z,embb,uesimtun0,716361,14214,3949855752,2882410,2.163,0,1
2025-11-25T15:38:13.491160Z,mmtc,uesimtun1,179538,3108,308949846,227548,34.427,0,1
2025-11-25T15:38:13.491160Z,urllc,uesimtun2,132445,2324,697170086,4711796,2.182,0,1
2025-11-25T15:38:14.490602Z,embb,uesimtun0,719515,14275,3968977440,2896360,1.873,0,1
2025-11-25T15:38:14.490602Z,mmtc,uesimtun1,180585,3128,309955681,228299,11.220,0,1
2025-11-25T15:38:14.490602Z,urllc,uesimtun2,133127,2337,700031613,4731137,1.696,0,1
2025-11-25T15:38:15.490529Z,embb,uesimtun0,723335,14350,3988124251,2910335,1.930,0,1
2025-11-25T15:38:15.490529Z,mmtc,uesimtun1,180914,3135,310960768,229038,54.812,0,1
2025-11-25T15:38:15.490529Z,urllc,uesimtun2,135249,2379,703251812,4752916,1.590,0,1
2025-11-25T15:38:16.490513Z,embb,uesimtun0,725992,14403,4007263109,2924288,2.094,0,1
2025-11-25T15:38:16.490513Z,mmtc,uesimtun1,181748,3151,311967673,229785,46.274,0,1
2025-11-25T15:38:16.490513Z,urllc,uesimtun2,136721,2407,706312342,4773609,4.569,0,1
2025-11-25T15:38:17.490636Z,embb,uesimtun0,728761,14458,4026409172,2938250,1.822,0,1
2025-11-25T15:38:17.490636Z,mmtc,uesimtun1,182811,3171,312973202,230531,28.896,0,1
2025-11-25T15:38:17.490636Z,urllc,uesimtun2,137017,2411,709341162,4794076,1.569,0,1
2025-11-25T15:38:18.490868Z,embb,uesimtun0,732762,14539,4045549647,2952228,1.714,0,1
2025-11-25T15:38:18.490868Z,mmtc,uesimtun1,183717,3188,313980019,231277,22.576,0,1
2025-11-25T15:38:18.490868Z,urllc,uesimtun2,137145,2413,712249638,4813729,1.553,0,1
2025-11-25T15:38:19.490629Z,embb,uesimtun0,736574,14617,4064697974,2966207,1.551,0,1
2025-11-25T15:38:19.490629Z,mmtc,uesimtun1,184700,3206,314985559,232023,8.089,0,1
2025-11-25T15:38:19.490629Z,urllc,uesimtun2,137357,2416,715288374,4834263,1.445,0,1
2025-11-25T15:38:20.491338Z,embb,uesimtun0,739035,14664,4083835338,2980156,2.253,0,1
2025-11-25T15:38:20.491338Z,mmtc,uesimtun1,186116,3234,315992903,232778,50.182,0,1
2025-11-25T15:38:20.491338Z,urllc,uesimtun2,137910,2425,718506527,4856012,1.275,0,1
2025-11-25T15:38:21.490591Z,embb,uesimtun0,742189,14727,4102983032,2994124,1.608,0,1
2025-11-25T15:38:21.490591Z,mmtc,uesimtun1,186910,3249,316998259,233522,2.404,0,1
2025-11-25T15:38:21.490591Z,urllc,uesimtun2,138122,2428,721435807,4875806,1.443,0,1
2025-11-25T15:38:22.490482Z,embb,uesimtun0,745909,14801,4122120277,3008093,1.894,0,1
2025-11-25T15:38:22.490482Z,mmtc,uesimtun1,188069,3271,317793842,234121,53.881,0,1
2025-11-25T15:38:22.490482Z,urllc,uesimtun2,138334,2431,724681063,4897736,1.833,0,1
2025-11-25T15:38:23.490583Z,embb,uesimtun0,749609,14875,4141268452,3022069,2.332,0,1
2025-11-25T15:38:23.490583Z,mmtc,uesimtun1,189063,3284,317794665,234135,1.388,0,1
2025-11-25T15:38:23.490583Z,urllc,uesimtun2,139224,2447,727604886,4917499,1.519,0,1
2025-11-25T15:38:24.490497Z,embb,uesimtun0,752876,14939,4160409397,3036033,2.034,0,1
2025-11-25T15:38:24.490497Z,mmtc,uesimtun1,189827,3297,317802656,234156,217.334,0,1
2025-11-25T15:38:24.490497Z,urllc,uesimtun2,140226,2465,731354030,4942840,,1,1
2025-11-25T15:38:25.490556Z,embb,uesimtun0,757547,15035,4178707032,3049410,1.698,0,1
2025-11-25T15:38:25.490556Z,mmtc,uesimtun1,190184,3303,318101828,234381,13.155,0,1
2025-11-25T15:38:25.490556Z,urllc,uesimtun2,140310,2466,733805334,4959404,1.725,0,1
2025-11-25T15:38:26.491175Z,embb,uesimtun0,761395,15113,4197856950,3063394,2.215,0,1
2025-11-25T15:38:26.491175Z,mmtc,uesimtun1,191034,3318,318401365,234612,1.885,0,1
2025-11-25T15:38:26.491175Z,urllc,uesimtun2,141222,2478,736092398,4974865,1.447,0,1
2025-11-25T15:38:27.490593Z,embb,uesimtun0,764875,15182,4216995333,3077360,1.892,0,1
2025-11-25T15:38:27.490593Z,mmtc,uesimtun1,192394,3346,318701451,234853,52.193,0,1
2025-11-25T15:38:27.490593Z,urllc,uesimtun2,143363,2520,737838450,4986684,1.401,0,1
2025-11-25T15:38:28.491094Z,embb,uesimtun0,768278,15250,4236143143,3091330,3.773,0,1
2025-11-25T15:38:28.491094Z,mmtc,uesimtun1,192438,3347,319000171,235072,51.719,0,1
2025-11-25T15:38:28.491094Z,urllc,uesimtun2,143832,2528,740928859,5007569,3.762,0,1
2025-11-25T15:38:29.491085Z,embb,uesimtun0,771669,15318,4255280029,3105293,1.529,0,1
2025-11-25T15:38:29.491085Z,mmtc,uesimtun1,192650,3350,319297683,235292,1.889,0,1
2025-11-25T15:38:29.491085Z,urllc,uesimtun2,143960,2530,743850655,5027312,1.525,0,1
2025-11-25T15:38:30.490322Z,embb,uesimtun0,775088,15387,4274410005,3119251,1.300,0,1
2025-11-25T15:38:30.490322Z,mmtc,uesimtun1,193199,3360,319596929,235519,1.724,0,1
2025-11-25T15:38:30.490322Z,urllc,uesimtun2,144373,2538,746907077,5047968,2.128,0,1
2025-11-25T15:38:31.491625Z,embb,uesimtun0,776653,15417,4293586441,3133215,2.215,0,1
2025-11-25T15:38:31.491625Z,mmtc,uesimtun1,193584,3367,319895962,235743,1.412,0,1
2025-11-25T15:38:31.491625Z,urllc,uesimtun2,145468,2558,749997981,5068862,1.628,0,1
2025-11-25T15:38:32.491343Z,embb,uesimtun0,779650,15478,4312705053,3147160,1.558,0,1
2025-11-25T15:38:32.491343Z,mmtc,uesimtun1,194913,3393,320189325,235982,1.424,0,1
2025-11-25T15:38:32.491343Z,urllc,uesimtun2,145764,2562,753075345,5089657,1.550,0,1
2025-11-25T15:38:33.491575Z,embb,uesimtun0,783326,15554,4331869839,3161150,2.424,0,1
2025-11-25T15:38:33.491575Z,mmtc,uesimtun1,196100,3409,320190613,235999,1.715,0,1
2025-11-25T15:38:33.491575Z,urllc,uesimtun2,145892,2564,756164973,5110534,1.461,0,1
2025-11-25T15:38:34.490806Z,embb,uesimtun0,786890,15626,4350999991,3175111,2.602,0,1
2025-11-25T15:38:34.490806Z,mmtc,uesimtun1,196804,3421,321153348,236711,51.879,0,1
2025-11-25T15:38:34.490806Z,urllc,uesimtun2,147333,2592,759403791,5132432,3.202,0,1
2025-11-25T15:38:35.490566Z,embb,uesimtun0,790695,15701,4370138656,3189081,1.869,0,1
2025-11-25T15:38:35.490566Z,mmtc,uesimtun1,197583,3437,322995398,238065,21.935,0,1
2025-11-25T15:38:35.490566Z,urllc,uesimtun2,147545,2595,762392123,5152625,1.855,0,1
2025-11-25T15:38:36.490657Z,embb,uesimtun0,795005,15788,4389280556,3203062,2.442,0,1
2025-11-25T15:38:36.490657Z,mmtc,uesimtun1,197996,3445,324841216,239415,2.269,0,1
2025-11-25T15:38:36.490657Z,urllc,uesimtun2,147757,2598,765416567,5173062,1.903,0,1
2025-11-25T15:38:37.490534Z,embb,uesimtun0,798673,15863,4408426174,3217039,2.091,0,1
2025-11-25T15:38:37.490534Z,mmtc,uesimtun1,198629,3456,326683047,240764,26.719,0,1
2025-11-25T15:38:37.490534Z,urllc,uesimtun2,148090,2604,768572265,5194389,2.057,0,1
2025-11-25T15:38:38.490500Z,embb,uesimtun0,802177,15934,4427547893,3230991,1.315,0,1
2025-11-25T15:38:38.490500Z,mmtc,uesimtun1,199379,3471,328526476,242118,25.226,0,1
2025-11-25T15:38:38.490500Z,urllc,uesimtun2,148707,2616,771652215,5215205,2.580,0,1
2025-11-25T15:38:39.491118Z,embb,uesimtun0,805680,16004,4446710976,3244974,2.351,0,1
2025-11-25T15:38:39.491118Z,mmtc,uesimtun1,201429,3512,330375196,243495,4.139,0,1
2025-11-25T15:38:39.491118Z,urllc,uesimtun2,150123,2644,774675507,5235646,2.119,0,1
2025-11-25T15:38:40.491111Z,embb,uesimtun0,809905,16090,4465859712,3258960,,1,1
2025-11-25T15:38:40.491111Z,mmtc,uesimtun1,202793,3539,332676011,245190,,1,1
2025-11-25T15:38:40.491111Z,urllc,uesimtun2,150961,2659,779283538,5266789,3.322,0,1
2025-11-25T15:38:41.490469Z,embb,uesimtun0,812948,16151,4484997685,3272919,1.914,0,1
2025-11-25T15:38:41.490469Z,mmtc,uesimtun1,204236,3561,333233986,245623,41.358,0,1
2025-11-25T15:38:41.490469Z,urllc,uesimtun2,152036,2681,780955904,5278100,1.323,0,1
2025-11-25T15:38:42.490529Z,embb,uesimtun0,815942,16211,4504140984,3286880,2.412,0,1
2025-11-25T15:38:42.490529Z,mmtc,uesimtun1,205256,3575,333598217,245900,1.774,0,1
2025-11-25T15:38:42.490529Z,urllc,uesimtun2,152421,2688,783918737,5298123,1.279,0,1
2025-11-25T15:38:43.490510Z,embb,uesimtun0,819995,16293,4523284030,3300858,2.061,0,1
2025-11-25T15:38:43.490510Z,mmtc,uesimtun1,206213,3593,333845939,246100,19.930,0,1
2025-11-25T15:38:43.490510Z,urllc,uesimtun2,152549,2690,787057649,5319333,1.300,0,1
2025-11-25T15:38:44.490502Z,embb,uesimtun0,823391,16360,4542427756,3314825,1.991,0,1
2025-11-25T15:38:44.490502Z,mmtc,uesimtun1,206686,3602,336772118,248238,68.538,0,1
2025-11-25T15:38:44.490502Z,urllc,uesimtun2,153102,2699,790293182,5341199,2.085,0,1
2025-11-25T15:38:45.490559Z,embb,uesimtun0,826810,16429,4561566071,3328790,1.957,0,1
2025-11-25T15:38:45.490559Z,mmtc,uesimtun1,207456,3617,339695622,250376,26.419,0,1
2025-11-25T15:38:45.490559Z,urllc,uesimtun2,153314,2702,793227198,5361025,2.657,0,1
2025-11-25T15:38:46.490579Z,embb,uesimtun0,829856,16491,4580715058,3342758,1.802,0,1
2025-11-25T15:38:46.490579Z,mmtc,uesimtun1,208243,3632,342622364,252523,189.220,0,1
2025-11-25T15:38:46.490579Z,urllc,uesimtun2,153610,2706,796812646,5385253,,1,1
2025-11-25T15:38:47.490633Z,embb,uesimtun0,833255,16559,4599858973,3356728,2.077,0,1
2025-11-25T15:38:47.490633Z,mmtc,uesimtun1,208877,3643,345298071,254479,2.067,0,1
2025-11-25T15:38:47.490633Z,urllc,uesimtun2,153778,2708,799319682,5402194,1.549,0,1
2025-11-25T15:38:48.490671Z,embb,uesimtun0,837076,16636,4618997778,3370700,1.726,0,1
2025-11-25T15:38:48.490671Z,mmtc,uesimtun1,210470,3667,346172249,255137,192.523,0,1
2025-11-25T15:38:48.490671Z,urllc,uesimtun2,155138,2734,802992352,5427022,,1,1
2025-11-25T15:38:49.490459Z,embb,uesimtun0,841198,16718,4638140896,3384679,2.277,0,1
2025-11-25T15:38:49.490459Z,mmtc,uesimtun1,211621,3689,347995287,256480,221.793,0,1
2025-11-25T15:38:49.490459Z,urllc,uesimtun2,155306,2736,806102656,5448040,,1,1
2025-11-25T15:38:50.490458Z,embb,uesimtun0,845203,16798,4657286681,3398658,1.606,0,1
2025-11-25T15:38:50.490458Z,mmtc,uesimtun1,211833,3692,349817323,257807,19.786,0,1
2025-11-25T15:38:50.490458Z,urllc,uesimtun2,155474,2738,808561148,5464653,1.352,0,1
2025-11-25T15:38:51.491151Z,embb,uesimtun0,849152,16878,4676428397,3412635,2.466,0,1
2025-11-25T15:38:51.491151Z,mmtc,uesimtun1,212655,3708,351644151,259148,18.640,0,1
2025-11-25T15:38:51.491151Z,urllc,uesimtun2,157151,2770,811648223,5485527,1.965,0,1
2025-11-25T15:38:52.491398Z,embb,uesimtun0,853057,16958,4695592112,3426629,2.061,0,1
2025-11-25T15:38:52.491398Z,mmtc,uesimtun1,213694,3728,353465849,260490,17.184,0,1
2025-11-25T15:38:52.491398Z,urllc,uesimtun2,158298,2791,814726599,5506337,1.741,0,1
2025-11-25T15:38:53.490473Z,embb,uesimtun0,856681,17031,4714720912,3440589,2.112,0,1
2025-11-25T15:38:53.490473Z,mmtc,uesimtun1,214572,3744,355288665,261829,2.051,0,1
2025-11-25T15:38:53.490473Z,urllc,uesimtun2,158919,2802,817761697,5526850,2.197,0,1
2025-11-25T15:38:54.490493Z,embb,uesimtun0,860417,17106,4733859616,3454560,2.439,0,1
2025-11-25T15:38:54.490493Z,mmtc,uesimtun1,215422,3759,357111344,263166,1.404,0,1
2025-11-25T15:38:54.490493Z,urllc,uesimtun2,159344,2810,820846239,5547696,2.249,0,1
2025-11-25T15:38:55.491113Z,embb,uesimtun0,863784,17172,4752408981,3468096,1.628,0,1
2025-11-25T15:38:55.491113Z,mmtc,uesimtun1,215634,3762,358933380,264493,59.648,0,1
2025-11-25T15:38:55.491113Z,urllc,uesimtun2,159556,2813,824001663,5569018,1.825,0,1
2025-11-25T15:38:56.490539Z,embb,uesimtun0,867444,17245,4771547412,3482063,1.872,0,1
2025-11-25T15:38:56.490539Z,mmtc,uesimtun1,216424,3778,360754756,265831,1.695,0,1
2025-11-25T15:38:56.490539Z,urllc,uesimtun2,160707,2835,826907165,5588661,1.906,0,1
2025-11-25T15:38:57.490562Z,embb,uesimtun0,870538,17307,4790686809,3496024,2.432,0,1
2025-11-25T15:38:57.490562Z,mmtc,uesimtun1,217876,3800,361865630,266662,56.513,0,1
2025-11-25T15:38:57.490562Z,urllc,uesimtun2,161344,2845,830161874,5610657,1.679,0,1
2025-11-25T15:38:58.490500Z,embb,uesimtun0,874435,17386,4809832483,3510002,2.074,0,1
2025-11-25T15:38:58.490500Z,mmtc,uesimtun1,218826,3817,365160819,269072,46.038,0,1
2025-11-25T15:38:58.490500Z,urllc,uesimtun2,161556,2848,833210442,5631257,2.484,0,1
2025-11-25T15:38:59.490488Z,embb,uesimtun0,878043,17460,4828962780,3523966,2.177,0,1
2025-11-25T15:38:59.490488Z,mmtc,uesimtun1,219877,3836,368302266,271372,1.464,0,1
2025-11-25T15:38:59.490488Z,urllc,uesimtun2,162378,2864,836158738,5651186,2.120,0,1
2025-11-25T15:39:00.491452Z,embb,uesimtun0,881839,17537,4848137281,3537964,1.945,0,1
2025-11-25T15:39:00.491452Z,mmtc,uesimtun1,221425,3861,368653553,271654,4.318,0,1
2025-11-25T15:39:00.491452Z,urllc,uesimtun2,163268,2880,839253141,5672102,1.588,0,1
2025-11-25T15:39:01.490451Z,embb,uesimtun0,885552,17611,4867260756,3551922,1.694,0,1
2025-11-25T15:39:01.490451Z,mmtc,uesimtun1,222123,3875,369546085,272316,,1,1
2025-11-25T15:39:01.490451Z,urllc,uesimtun2,163396,2882,843091549,5698039,,1,1
2025-11-25T15:39:02.490472Z,embb,uesimtun0,889108,17680,4886406061,3565892,2.209,0,1
2025-11-25T15:39:02.490472Z,mmtc,uesimtun1,223431,3902,370440729,272991,31.875,0,1
2025-11-25T15:39:02.490472Z,urllc,uesimtun2,163480,2883,845503485,5714337,1.575,0,1
2025-11-25T15:39:03.490468Z,embb,uesimtun0,892896,17756,4905529546,3579851,2.400,0,1
2025-11-25T15:39:03.490468Z,mmtc,uesimtun1,225127,3929,370986087,273412,1.657,0,1
2025-11-25T15:39:03.490468Z,urllc,uesimtun2,163977,2892,848495019,5734555,1.791,0,1
2025-11-25T15:39:04.490623Z,embb,uesimtun0,896046,17818,4924694969,3593829,1.803,0,1
2025-11-25T15:39:04.490623Z,mmtc,uesimtun1,226177,3949,372081486,274228,211.153,0,1
2025-11-25T15:39:04.490623Z,urllc,uesimtun2,164895,2909,852222999,5759753,,1,1
2025-11-25T15:39:05.490465Z,embb,uesimtun0,898759,17871,4943833753,3607780,1.384,0,1
2025-11-25T15:39:05.490465Z,mmtc,uesimtun1,226971,3964,374209634,275787,8.740,0,1
2025-11-25T15:39:05.490465Z,urllc,uesimtun2,165231,2913,854681067,5776364,2.546,0,1
2025-11-25T15:39:06.491041Z,embb,uesimtun0,901717,17931,4962978422,3621742,1.554,0,1
2025-11-25T15:39:06.491041Z,mmtc,uesimtun1,227593,3975,376338087,277351,71.980,0,1
2025-11-25T15:39:06.491041Z,urllc,uesimtun2,165611,2918,857863743,5797871,163.592,0,1
2025-11-25T15:39:07.490786Z,embb,uesimtun0,905213,18003,4982126369,3635715,1.746,0,1
2025-11-25T15:39:07.490786Z,mmtc,uesimtun1,228006,3983,378466153,278908,19.939,0,1
2025-11-25T15:39:07.490786Z,urllc,uesimtun2,166253,2930,860787461,5817632,2.054,0,1
2025-11-25T15:39:08.490503Z,embb,uesimtun0,909118,18081,5001263903,3649688,2.364,0,1
2025-11-25T15:39:08.490503Z,mmtc,uesimtun1,228755,3995,380595427,280464,1.417,0,1
2025-11-25T15:39:08.490503Z,urllc,uesimtun2,166975,2944,863815752,5838100,2.195,0,1
2025-11-25T15:39:09.490785Z,embb,uesimtun0,913316,18165,5019734483,3663183,2.015,0,1
2025-11-25T15:39:09.490785Z,mmtc,uesimtun1,229481,4008,382723501,282022,1.419,0,1
2025-11-25T15:39:09.490785Z,urllc,uesimtun2,167930,2963,866900177,5858950,1.940,0,1
2025-11-25T15:39:10.491152Z,embb,uesimtun0,917204,18241,5038874543,3677154,1.503,0,1
2025-11-25T15:39:10.491152Z,mmtc,uesimtun1,229934,4017,384848532,283574,,1,1
2025-11-25T15:39:10.491152Z,urllc,uesimtun2,168925,2983,870617142,5884075,,1,1
2025-11-25T15:39:11.490733Z,embb,uesimtun0,921085,18319,5058014793,3691129,2.464,0,1
2025-11-25T15:39:11.490733Z,mmtc,uesimtun1,231292,4037,385887854,284353,26.574,0,1
2025-11-25T15:39:11.490733Z,urllc,uesimtun2,170088,3004,873011103,5900261,1.548,0,1
2025-11-25T15:39:12.490986Z,embb,uesimtun0,924465,18387,5077161581,3705104,1.438,0,1
2025-11-25T15:39:12.490986Z,mmtc,uesimtun1,231890,4049,385952072,284413,208.364,0,1
2025-11-25T15:39:12.490986Z,urllc,uesimtun2,170966,3020,876654227,5924885,,1,1
2025-11-25T15:39:13.490477Z,embb,uesimtun0,927263,18444,5096300908,3719064,1.988,0,1
2025-11-25T15:39:13.490477Z,mmtc,uesimtun1,232929,4069,386018010,284480,2.222,0,1
2025-11-25T15:39:13.490477Z,urllc,uesimtun2,171218,3023,879102147,5941427,1.529,0,1
2025-11-25T15:39:14.490704Z,embb,uesimtun0,929988,18499,5115449579,3733027,2.138,0,1
2025-11-25T15:39:14.490704Z,mmtc,uesimtun1,233430,4077,386082181,284539,1.462,0,1
2025-11-25T15:39:14.490704Z,urllc,uesimtun2,171346,3025,882185411,5962261,1.724,0,1
2025-11-25T15:39:15.491136Z,embb,uesimtun0,932593,18551,5134592756,3746985,1.775,0,1
2025-11-25T15:39:15.491136Z,mmtc,uesimtun1,234104,4089,386142164,284595,1.414,0,1
2025-11-25T15:39:15.491136Z,urllc,uesimtun2,171474,3027,885269711,5983102,1.858,0,1
2025-11-25T15:39:16.490526Z,embb,uesimtun0,935555,18610,5153715792,3760936,2.113,0,1
2025-11-25T15:39:16.490526Z,mmtc,uesimtun1,235588,4111,386580021,284934,,1,1
2025-11-25T15:39:16.490526Z,urllc,uesimtun2,171927,3036,888818813,6007088,208.850,0,1
2025-11-25T15:39:17.490490Z,embb,uesimtun0,938031,18660,5172872843,3774906,1.996,0,1
2025-11-25T15:39:17.490490Z,mmtc,uesimtun1,235632,4112,389852349,287315,226.329,0,1
2025-11-25T15:39:17.490490Z,urllc,uesimtun2,171971,3037,891963561,6028337,,1,1
2025-11-25T15:39:18.490657Z,embb,uesimtun0,941715,18733,5192018302,3788879,1.796,0,1
2025-11-25T15:39:18.490657Z,mmtc,uesimtun1,237290,4146,392687749,289406,230.603,0,1
2025-11-25T15:39:18.490657Z,urllc,uesimtun2,172392,3045,895061031,6049271,,1,1
2025-11-25T15:39:19.490514Z,embb,uesimtun0,944946,18797,5211145382,3802832,2.190,0,1
2025-11-25T15:39:19.490514Z,mmtc,uesimtun1,237832,4151,392688054,289412,1.731,0,1
2025-11-25T15:39:19.490514Z,urllc,uesimtun2,172560,3047,897440047,6065347,1.915,0,1
2025-11-25T15:39:20.491139Z,embb,uesimtun0,947538,18849,5230302012,3816796,1.249,0,1
2025-11-25T15:39:20.491139Z,mmtc,uesimtun1,238368,4161,393506285,290019,201.376,0,1
2025-11-25T15:39:20.491139Z,urllc,uesimtun2,174244,3077,901138065,6090348,,1,1
2025-11-25T15:39:21.490677Z,embb,uesimtun0,950628,18912,5249442762,3830759,1.535,0,1
2025-11-25T15:39:21.490677Z,mmtc,uesimtun1,239439,4181,395860543,291749,225.834,0,1
2025-11-25T15:39:21.490677Z,urllc,uesimtun2,175134,3092,904296880,6111699,,1,1
2025-11-25T15:39:22.490636Z,embb,uesimtun0,953594,18973,5268587484,3844722,2.103,0,1
2025-11-25T15:39:22.490636Z,mmtc,uesimtun1,240265,4196,398214579,293475,63.010,0,1
2025-11-25T15:39:22.490636Z,urllc,uesimtun2,176001,3110,906881033,6129169,1.197,0,1
2025-11-25T15:39:23.490652Z,embb,uesimtun0,956451,19030,5287730760,3858682,,1,1
2025-11-25T15:39:23.490652Z,mmtc,uesimtun1,241954,4228,401155518,295639,,1,1
2025-11-25T15:39:23.490652Z,urllc,uesimtun2,176129,3112,911308813,6159088,1.365,0,1
2025-11-25T15:39:24.490449Z,embb,uesimtun0,960078,19101,5306871995,3872651,1.551,0,1
2025-11-25T15:39:24.490449Z,mmtc,uesimtun1,242323,4235,402924112,296931,1.629,0,1
2025-11-25T15:39:24.490449Z,urllc,uesimtun2,176678,3122,912858499,6169564,1.712,0,1
2025-11-25T15:39:25.490511Z,embb,uesimtun0,964435,19189,5326014019,3886634,1.825,0,1
2025-11-25T15:39:25.490511Z,mmtc,uesimtun1,242451,4237,405277200,298643,50.362,0,1
2025-11-25T15:39:25.490511Z,urllc,uesimtun2,177259,3132,916092457,6191420,1.552,0,1
2025-11-25T15:39:26.490610Z,embb,uesimtun0,968761,19276,5345160217,3900620,2.179,0,1
2025-11-25T15:39:26.490610Z,mmtc,uesimtun1,243271,4246,406812391,299770,1.793,0,1
2025-11-25T15:39:26.490610Z,urllc,uesimtun2,178555,3157,919029663,6211278,1.654,0,1
2025-11-25T15:39:27.491189Z,embb,uesimtun0,973391,19361,5360471993,3911823,2.299,0,1
2025-11-25T15:39:27.491189Z,mmtc,uesimtun1,244228,4264,406820538,299794,13.027,0,1
2025-11-25T15:39:27.491189Z,urllc,uesimtun2,179529,3174,922150494,6232373,1.726,0,1
2025-11-25T15:39:28.490486Z,embb,uesimtun0,976394,19419,5398710111,3939661,2.099,0,1
2025-11-25T15:39:28.490486Z,mmtc,uesimtun1,245664,4286,406833183,299825,2.191,0,1
2025-11-25T15:39:28.490486Z,urllc,uesimtun2,180318,3187,925198636,6252975,2.767,0,1
2025-11-25T15:39:29.490463Z,embb,uesimtun0,979400,19481,5437003445,3967543,1.592,0,1
2025-11-25T15:39:29.490463Z,mmtc,uesimtun1,246452,4299,406835551,299840,1.510,0,1
2025-11-25T15:39:29.490463Z,urllc,uesimtun2,180815,3196,928278294,6273788,1.726,0,1
2025-11-25T15:39:30.491220Z,embb,uesimtun0,982029,19535,5475311412,3995428,1.464,0,1
2025-11-25T15:39:30.491220Z,mmtc,uesimtun1,247169,4311,406844545,299857,1.640,0,1
2025-11-25T15:39:30.491220Z,urllc,uesimtun2,180943,3198,931365110,6294646,1.731,0,1
2025-11-25T15:39:31.490479Z,embb,uesimtun0,985933,19612,5513558661,4023286,1.882,0,1
2025-11-25T15:39:31.490479Z,mmtc,uesimtun1,247802,4322,406854831,299874,2.032,0,1
2025-11-25T15:39:31.490479Z,urllc,uesimtun2,181356,3206,934449060,6315488,1.909,0,1
2025-11-25T15:39:32.490495Z,embb,uesimtun0,989263,19676,5551850757,4051168,1.959,0,1
2025-11-25T15:39:32.490495Z,mmtc,uesimtun1,249323,4352,406865108,299909,1.745,0,1
2025-11-25T15:39:32.490495Z,urllc,uesimtun2,181905,3216,937532850,6336330,1.575,0,1
2025-11-25T15:39:33.490738Z,embb,uesimtun0,992281,19734,5590118222,4079034,6.219,0,1
2025-11-25T15:39:33.490738Z,mmtc,uesimtun1,250499,4369,406893682,299946,214.413,0,1
2025-11-25T15:39:33.490738Z,urllc,uesimtun2,182570,3227,941286372,6361697,155.810,0,1
2025-11-25T15:39:34.490754Z,embb,uesimtun0,996106,19811,5628405074,4106917,1.931,0,1
2025-11-25T15:39:34.490754Z,mmtc,uesimtun1,250627,4371,407002742,300030,32.913,0,1
2025-11-25T15:39:34.490754Z,urllc,uesimtun2,182866,3231,943795860,6378655,1.819,0,1
2025-11-25T15:39:35.491285Z,embb,uesimtun0,1000044,19890,5666725174,4134828,1.635,0,1
2025-11-25T15:39:35.491285Z,mmtc,uesimtun1,252004,4398,407087113,300119,2.165,0,1
2025-11-25T15:39:35.491285Z,urllc,uesimtun2,183246,3236,946784064,6398848,1.480,0,1
2025-11-25T15:39:36.491196Z,embb,uesimtun0,1004033,19969,5705015476,4162724,1.295,0,1
2025-11-25T15:39:36.491196Z,mmtc,uesimtun1,253341,4416,407280062,300280,,1,1
2025-11-25T15:39:36.491196Z,urllc,uesimtun2,183715,3244,950641853,6424918,,1,1
2025-11-25T15:39:37.490530Z,embb,uesimtun0,1008368,20056,5743259343,4190592,1.926,0,1
2025-11-25T15:39:37.490530Z,mmtc,uesimtun1,254713,4443,409546924,301957,59.094,0,1
2025-11-25T15:39:37.490530Z,urllc,uesimtun2,184923,3268,953128220,6441730,1.571,0,1
2025-11-25T15:39:38.491228Z,embb,uesimtun0,1012241,20131,5781581055,4218506,1.331,0,1
2025-11-25T15:39:38.491228Z,mmtc,uesimtun1,255151,4451,411619662,303471,1.306,0,1
2025-11-25T15:39:38.491228Z,urllc,uesimtun2,185219,3272,956033756,6461364,1.303,0,1
2025-11-25T15:39:39.490538Z,embb,uesimtun0,1016138,20208,5819818704,4246358,1.913,0,1
2025-11-25T15:39:39.490538Z,mmtc,uesimtun1,256332,4468,412384794,304045,250.217,0,1
2025-11-25T15:39:39.490538Z,urllc,uesimtun2,185857,3285,959884863,6487392,,1,1
2025-11-25T15:39:40.490512Z,embb,uesimtun0,1019524,20276,5858110979,4274244,1.459,0,1
2025-11-25T15:39:40.490512Z,mmtc,uesimtun1,257070,4483,414093202,305299,,1,1
2025-11-25T15:39:40.490512Z,urllc,uesimtun2,187149,3310,962969678,6508248,,1,1
2025-11-25T15:39:41.490467Z,embb,uesimtun0,1022044,20327,5894163377,4300485,4.290,0,1
2025-11-25T15:39:41.490467Z,mmtc,uesimtun1,257656,4495,415805789,306556,46.414,0,1
2025-11-25T15:39:41.490467Z,urllc,uesimtun2,187569,3315,965433602,6524899,1.670,0,1
2025-11-25T15:39:42.490489Z,embb,uesimtun0,1025299,20393,5932458195,4328370,1.972,0,1
2025-11-25T15:39:42.490489Z,mmtc,uesimtun1,258209,4504,417508366,307800,1.592,0,1
2025-11-25T15:39:42.490489Z,urllc,uesimtun2,188543,3332,968372985,6544768,1.696,0,1
2025-11-25T15:39:43.490515Z,embb,uesimtun0,1029028,20468,5970753655,4356265,,1,1
2025-11-25T15:39:43.490515Z,mmtc,uesimtun1,260467,4547,419642546,309392,,1,1
2025-11-25T15:39:43.490515Z,urllc,uesimtun2,189622,3353,972990234,6575976,1.688,0,1
2025-11-25T15:39:44.490688Z,embb,uesimtun0,1032074,20531,6009014420,4384130,1.662,0,1
2025-11-25T15:39:44.490688Z,mmtc,uesimtun1,261663,4569,420926620,310349,1.354,0,1
2025-11-25T15:39:44.490688Z,urllc,uesimtun2,190003,3361,974538716,6586443,1.403,0,1
2025-11-25T15:39:45.490547Z,embb,uesimtun0,1035618,20603,6047296963,4412007,1.773,0,1
2025-11-25T15:39:45.490547Z,mmtc,uesimtun1,261996,4575,422633527,311600,1.719,0,1
2025-11-25T15:39:45.490547Z,urllc,uesimtun2,190131,3363,977624876,6607297,2.115,0,1
2025-11-25T15:39:46.491196Z,embb,uesimtun0,1039405,20679,6085625379,4439925,1.335,0,1
2025-11-25T15:39:46.491196Z,mmtc,uesimtun1,263802,4613,424343135,312874,1.431,0,1
2025-11-25T15:39:46.491196Z,urllc,uesimtun2,190259,3365,980705116,6628111,1.437,0,1
2025-11-25T15:39:47.490399Z,embb,uesimtun0,1042960,20750,6123879315,4467786,1.729,0,1
2025-11-25T15:39:47.490399Z,mmtc,uesimtun1,263846,4614,426050939,314118,1.813,0,1
2025-11-25T15:39:47.490399Z,urllc,uesimtun2,190712,3374,983789626,6648957,2.207,0,1
2025-11-25T15:39:48.490972Z,embb,uesimtun0,1046163,20815,6159397704,4493658,1.581,0,1
2025-11-25T15:39:48.490972Z,mmtc,uesimtun1,264476,4626,427758063,315372,1.075,0,1
2025-11-25T15:39:48.490972Z,urllc,uesimtun2,190924,3377,986872974,6669792,1.314,0,1
2025-11-25T15:39:49.490460Z,embb,uesimtun0,1049205,20878,6197651051,4521510,2.386,0,1
2025-11-25T15:39:49.490460Z,mmtc,uesimtun1,265900,4648,428743834,316114,234.121,0,1
2025-11-25T15:39:49.490460Z,urllc,uesimtun2,191220,3381,990675830,6695490,,1,1
2025-11-25T15:39:50.490543Z,embb,uesimtun0,1052540,20946,6235925373,4549382,1.810,0,1
2025-11-25T15:39:50.490543Z,mmtc,uesimtun1,266317,4655,429985504,317024,14.004,0,1
2025-11-25T15:39:50.490543Z,urllc,uesimtun2,191809,3391,993080508,6711744,1.899,0,1
2025-11-25T15:39:51.491144Z,embb,uesimtun0,1056771,21031,6274248777,4577304,1.127,0,1
2025-11-25T15:39:51.491144Z,mmtc,uesimtun1,269290,4716,431229895,317978,4.823,0,1
2025-11-25T15:39:51.491144Z,urllc,uesimtun2,192820,3410,996137200,6732407,1.788,0,1
2025-11-25T15:39:52.490767Z,embb,uesimtun0,1060624,21108,6312504535,4605173,1.541,0,1
2025-11-25T15:39:52.490767Z,mmtc,uesimtun1,269843,4725,432473032,318890,2.421,0,1
2025-11-25T15:39:52.490767Z,urllc,uesimtun2,193731,3429,999212325,6753196,1.508,0,1
2025-11-25T15:39:53.491498Z,embb,uesimtun0,1064517,21186,6350814971,4633076,1.806,0,1
2025-11-25T15:39:53.491498Z,mmtc,uesimtun1,270380,4735,433717566,319804,189.598,0,1
2025-11-25T15:39:53.491498Z,urllc,uesimtun2,194574,3446,1002739153,6777035,,1,1
2025-11-25T15:39:54.490459Z,embb,uesimtun0,1067980,21255,6387447758,4659755,2.312,0,1
2025-11-25T15:39:54.490459Z,mmtc,uesimtun1,271006,4748,434960838,320719,59.394,0,1
2025-11-25T15:39:54.490459Z,urllc,uesimtun2,195537,3465,1005422758,6795178,1.406,0,1
2025-11-25T15:39:55.491117Z,embb,uesimtun0,1070664,21309,6425755840,4687642,1.994,0,1
2025-11-25T15:39:55.491117Z,mmtc,uesimtun1,271564,4759,436204144,321634,18.018,0,1
2025-11-25T15:39:55.491117Z,urllc,uesimtun2,195833,3469,1008379798,6815160,1.398,0,1
2025-11-25T15:39:56.491120Z,embb,uesimtun0,1073486,21365,6464039383,4715513,1.778,0,1
2025-11-25T15:39:56.491120Z,mmtc,uesimtun1,271977,4767,437445867,322545,1.312,0,1
2025-11-25T15:39:56.491120Z,urllc,uesimtun2,196302,3477,1011396059,6835544,1.779,0,1
2025-11-25T15:39:57.490605Z,embb,uesimtun0,1076882,21432,6502294544,4743372,1.609,0,1
2025-11-25T15:39:57.490605Z,mmtc,uesimtun1,273056,4788,438688233,323466,1.365,0,1
2025-11-25T15:39:57.490605Z,urllc,uesimtun2,196514,3480,1014477419,6856366,1.727,0,1
2025-11-25T15:39:58.491068Z,embb,uesimtun0,1080751,21512,6540606797,4771284,1.423,0,1
2025-11-25T15:39:58.491068Z,mmtc,uesimtun1,273850,4803,439891734,324354,56.432,0,1
2025-11-25T15:39:58.491068Z,urllc,uesimtun2,197063,3490,1017728217,6878336,3.057,0,1
2025-11-25T15:39:59.490489Z,embb,uesimtun0,1083898,21575,6578861844,4799141,1.833,0,1
2025-11-25T15:39:59.490489Z,mmtc,uesimtun1,275395,4827,440905364,325117,206.758,0,1
2025-11-25T15:39:59.490489Z,urllc,uesimtun2,197576,3498,1021198922,6901791,,1,1
2025-11-25T15:40:00.490707Z,embb,uesimtun0,1088088,21659,6617133031,4827026,1.531,0,1
2025-11-25T15:40:00.490707Z,mmtc,uesimtun1,276217,4843,443867393,327283,197.216,0,1
2025-11-25T15:40:00.490707Z,urllc,uesimtun2,197945,3505,1024251856,6922423,,1,1
2025-11-25T15:40:01.490638Z,embb,uesimtun0,1090982,21716,6655413764,4854895,1.248,0,1
2025-11-25T15:40:01.490638Z,mmtc,uesimtun1,277136,4860,446828419,329453,56.846,0,1
2025-11-25T15:40:01.490638Z,urllc,uesimtun2,198242,3511,1026901342,6940329,1.903,0,1
2025-11-25T15:40:02.490505Z,embb,uesimtun0,1093675,21768,6693701198,4882765,1.903,0,1
2025-11-25T15:40:02.490505Z,mmtc,uesimtun1,277465,4867,449794133,331615,1.668,0,1
2025-11-25T15:40:02.490505Z,urllc,uesimtun2,199048,3526,1029818653,6960048,1.726,0,1
2025-11-25T15:40:03.490488Z,embb,uesimtun0,1096821,21829,6731982072,4910636,1.326,0,1
2025-11-25T15:40:03.490488Z,mmtc,uesimtun1,277794,4874,452752967,333772,225.139,0,1
2025-11-25T15:40:03.490488Z,urllc,uesimtun2,199886,3541,1033374172,6984079,,1,1
2025-11-25T15:40:04.490499Z,embb,uesimtun0,1100204,21898,6770260663,4938513,1.444,0,1
2025-11-25T15:40:04.490499Z,mmtc,uesimtun1,278576,4889,455716319,335938,23.717,0,1
2025-11-25T15:40:04.490499Z,urllc,uesimtun2,200559,3552,1035835854,7000718,1.275,0,1
2025-11-25T15:40:05.490340Z,embb,uesimtun0,1104354,21984,6808554931,4966411,1.301,0,1
2025-11-25T15:40:05.490340Z,mmtc,uesimtun1,280064,4918,458677666,338114,1.838,0,1
2025-11-25T15:40:05.490340Z,urllc,uesimtun2,200771,3555,1038851946,7021099,1.695,0,1
2025-11-25T15:40:06.490492Z,embb,uesimtun0,1108708,22073,6846828840,4994298,1.822,0,1
2025-11-25T15:40:06.490492Z,mmtc,uesimtun1,280986,4934,461642509,340282,1.488,0,1
2025-11-25T15:40:06.490492Z,urllc,uesimtun2,200899,3557,1041935062,7041932,1.358,0,1
2025-11-25T15:40:07.490456Z,embb,uesimtun0,1113359,22166,6885120868,5022201,1.839,0,1
2025-11-25T15:40:07.490456Z,mmtc,uesimtun1,282061,4956,464606355,342456,53.970,0,1
2025-11-25T15:40:07.490456Z,urllc,uesimtun2,201986,3579,1045182888,7063888,1.170,0,1
2025-11-25T15:40:08.490463Z,embb,uesimtun0,1117292,22243,6923394383,5050080,1.490,0,1
2025-11-25T15:40:08.490463Z,mmtc,uesimtun1,283558,4980,466662621,343976,1.356,0,1
2025-11-25T15:40:08.490463Z,urllc,uesimtun2,202399,3587,1048103510,7083626,1.925,0,1
2025-11-25T15:40:09.490952Z,embb,uesimtun0,1121052,22318,6961695321,5077978,1.414,0,1
2025-11-25T15:40:09.490952Z,mmtc,uesimtun1,284742,5003,468283426,345173,42.178,0,1
2025-11-25T15:40:09.490952Z,urllc,uesimtun2,203614,3610,1051315867,7105343,2.490,0,1
2025-11-25T15:40:10.490991Z,embb,uesimtun0,1124591,22390,7000004201,5105878,1.475,0,1
2025-11-25T15:40:10.490991Z,mmtc,uesimtun1,285195,5012,469906277,346361,2.305,0,1
2025-11-25T15:40:10.490991Z,urllc,uesimtun2,203910,3614,1054276015,7125346,1.562,0,1
2025-11-25T15:40:11.491204Z,embb,uesimtun0,1129114,22482,7038290611,5133776,1.506,0,1
2025-11-25T15:40:11.491204Z,mmtc,uesimtun1,286655,5040,471527492,347564,2.133,0,1
2025-11-25T15:40:11.491204Z,urllc,uesimtun2,204748,3629,1057359266,7146186,1.488,0,1
2025-11-25T15:40:12.491185Z,embb,uesimtun0,1133574,22564,7061580206,5150773,1.268,0,1
2025-11-25T15:40:12.491185Z,mmtc,uesimtun1,288143,5069,473147345,348767,1.704,0,1
2025-11-25T15:40:12.491185Z,urllc,uesimtun2,205582,3645,1060443130,7167031,1.698,0,1
2025-11-25T15:40:13.490590Z,embb,uesimtun0,1137362,22642,7067957966,5155472,1.865,0,1
2025-11-25T15:40:13.490590Z,mmtc,uesimtun1,288981,5084,474769128,349958,1.665,0,1
2025-11-25T15:40:13.490590Z,urllc,uesimtun2,206051,3653,1063527111,7187873,1.863,0,1
2025-11-25T15:40:14.491346Z,embb,uesimtun0,1141355,22722,7074349523,5160181,2.047,0,1
2025-11-25T15:40:14.491346Z,mmtc,uesimtun1,289193,5087,476391644,351140,59.168,0,1
2025-11-25T15:40:14.491346Z,urllc,uesimtun2,206464,3661,1066349313,7206946,1.502,0,1
2025-11-25T15:40:15.491098Z,embb,uesimtun0,1145079,22795,7080726994,5164874,1.456,0,1
2025-11-25T15:40:15.491098Z,mmtc,uesimtun1,290015,5103,478009465,352331,34.936,0,1
2025-11-25T15:40:15.491098Z,urllc,uesimtun2,206676,3664,1069356057,7227264,1.250,0,1
2025-11-25T15:40:16.491665Z,embb,uesimtun0,1148337,22860,7087119168,5169572,1.683,0,1
2025-11-25T15:40:16.491665Z,mmtc,uesimtun1,291387,5130,479524771,353455,1.805,0,1
2025-11-25T15:40:16.491665Z,urllc,uesimtun2,207341,3675,1072341075,7247439,1.818,0,1
2025-11-25T15:40:17.490595Z,embb,uesimtun0,1151447,22921,7093491867,5174252,1.843,0,1
2025-11-25T15:40:17.490595Z,mmtc,uesimtun1,292024,5136,479525244,353463,1.933,0,1
2025-11-25T15:40:17.490595Z,urllc,uesimtun2,208705,3700,1075422968,7268275,4.728,0,1
2025-11-25T15:40:18.491116Z,embb,uesimtun0,1154910,22992,7099881564,5178953,1.534,0,1
2025-11-25T15:40:18.491116Z,mmtc,uesimtun1,292846,5152,481133725,354650,60.026,0,1
2025-11-25T15:40:18.491116Z,urllc,uesimtun2,209639,3716,1078686331,7290333,1.810,0,1
2025-11-25T15:40:19.491342Z,embb,uesimtun0,1159192,23078,7106266515,5183662,2.217,0,1
2025-11-25T15:40:19.491342Z,mmtc,uesimtun1,294081,5175,484202043,356898,67.054,0,1
2025-11-25T15:40:19.491342Z,urllc,uesimtun2,210910,3739,1081795984,7311356,,1,1
2025-11-25T15:40:20.490721Z,embb,uesimtun0,1163831,23171,7112643599,5188371,1.671,0,1
2025-11-25T15:40:20.490721Z,mmtc,uesimtun1,294746,5186,487264329,359133,24.182,0,1
2025-11-25T15:40:20.490721Z,urllc,uesimtun2,211122,3742,1084743600,7331275,1.413,0,1
2025-11-25T15:40:21.490697Z,embb,uesimtun0,1168361,23263,7119028897,5193086,1.789,0,1
2025-11-25T15:40:21.490697Z,mmtc,uesimtun1,296086,5205,489363000,360679,245.755,0,1
2025-11-25T15:40:21.490697Z,urllc,uesimtun2,211334,3745,1088299364,7355302,,1,1
2025-11-25T15:40:22.490525Z,embb,uesimtun0,1172369,23344,7125415044,5197793,1.936,0,1
2025-11-25T15:40:22.490525Z,mmtc,uesimtun1,296583,5214,492546290,363001,32.272,0,1
2025-11-25T15:40:22.490525Z,urllc,uesimtun2,212124,3760,1090723296,7371688,1.661,0,1
2025-11-25T15:40:23.490491Z,embb,uesimtun0,1175700,23410,7131796358,5202485,1.809,0,1
2025-11-25T15:40:23.490491Z,mmtc,uesimtun1,297903,5241,495730554,365339,1.969,0,1
2025-11-25T15:40:23.490491Z,urllc,uesimtun2,212420,3764,1093714376,7391900,1.274,0,1
2025-11-25T15:40:24.490586Z,embb,uesimtun0,1178841,23473,7138181484,5207175,1.970,0,1
2025-11-25T15:40:24.490586Z,mmtc,uesimtun1,298372,5249,498913707,367659,1.888,0,1
2025-11-25T15:40:24.490586Z,urllc,uesimtun2,213053,3775,1096798462,7412744,1.836,0,1
2025-11-25T15:40:25.491147Z,embb,uesimtun0,1182047,23537,7144568100,5211868,1.297,0,1
2025-11-25T15:40:25.491147Z,mmtc,uesimtun1,299548,5265,501453764,369522,1.796,0,1
2025-11-25T15:40:25.491147Z,urllc,uesimtun2,213758,3787,1099882484,7433588,1.593,0,1
2025-11-25T15:40:26.490686Z,embb,uesimtun0,1185261,23602,7150947857,5216557,1.322,0,1
2025-11-25T15:40:26.490686Z,mmtc,uesimtun1,300198,5276,501454570,369533,1.186,0,1
2025-11-25T15:40:26.490686Z,urllc,uesimtun2,214138,3792,1102962680,7454403,1.973,0,1
2025-11-25T15:40:27.490768Z,embb,uesimtun0,1188443,23667,7157328959,5221247,1.859,0,1
2025-11-25T15:40:27.490768Z,mmtc,uesimtun1,301339,5298,501815329,369820,231.277,0,1
2025-11-25T15:40:27.490768Z,urllc,uesimtun2,216316,3829,1105381371,7470766,,1,1
2025-11-25T15:40:28.490718Z,embb,uesimtun0,1192725,23753,7163713909,5225956,1.855,0,1
2025-11-25T15:40:28.490718Z,mmtc,uesimtun1,302486,5319,502177027,370100,227.458,0,1
2025-11-25T15:40:28.490718Z,urllc,uesimtun2,216942,3841,1108453946,7491533,,1,1
2025-11-25T15:40:29.490476Z,embb,uesimtun0,1197183,23841,7170097684,5230666,2.085,0,1
2025-11-25T15:40:29.490476Z,mmtc,uesimtun1,303203,5331,502538277,370373,1.410,0,1
2025-11-25T15:40:29.490476Z,urllc,uesimtun2,217026,3842,1110840722,7507661,1.470,0,1
2025-11-25T15:40:30.491223Z,embb,uesimtun0,1201689,23929,7176488337,5235381,1.498,0,1
2025-11-25T15:40:30.491223Z,mmtc,uesimtun1,303628,5339,502899223,370642,1.980,0,1
2025-11-25T15:40:30.491223Z,urllc,uesimtun2,218325,3866,1113928168,7528534,2.087,0,1
2025-11-25T15:40:31.490485Z,embb,uesimtun0,1205096,23996,7182865627,5240072,1.281,0,1
2025-11-25T15:40:31.490485Z,mmtc,uesimtun1,304013,5346,503260116,370910,1.412,0,1
2025-11-25T15:40:31.490485Z,urllc,uesimtun2,219359,3884,1117006904,7549345,1.675,0,1
2025-11-25T15:40:32.490507Z,embb,uesimtun0,1208134,24058,7189249383,5244762,1.153,0,1
2025-11-25T15:40:32.490507Z,mmtc,uesimtun1,305545,5375,503623607,371198,1.138,0,1
2025-11-25T15:40:32.490507Z,urllc,uesimtun2,219940,3894,1120089754,7570180,1.512,0,1
2025-11-25T15:40:33.491576Z,embb,uesimtun0,1211348,24121,7195640136,5249458,2.009,0,1
2025-11-25T15:40:33.491576Z,mmtc,uesimtun1,307324,5396,503770071,371330,184.020,0,1
2025-11-25T15:40:33.491576Z,urllc,uesimtun2,220573,3905,1123744232,7594878,,1,1
2025-11-25T15:40:34.490569Z,embb,uesimtun0,1214000,24172,7202016548,5254134,1.563,0,1
2025-11-25T15:40:34.490569Z,mmtc,uesimtun1,307942,5408,505024575,372256,176.739,0,1
2025-11-25T15:40:34.490569Z,urllc,uesimtun2,221194,3915,1126800378,7615533,,1,1
2025-11-25T15:40:35.490742Z,embb,uesimtun0,1218122,24256,7208398611,5258839,1.181,0,1
2025-11-25T15:40:35.490742Z,mmtc,uesimtun1,308439,5417,506281441,373178,17.940,0,1
2025-11-25T15:40:35.490742Z,urllc,uesimtun2,221703,3923,1129393887,7633061,4.062,0,1
2025-11-25T15:40:36.491124Z,embb,uesimtun0,1222264,24339,7214783372,5263545,1.618,0,1
2025-11-25T15:40:36.491124Z,mmtc,uesimtun1,310958,5467,507541843,374136,173.620,0,1
2025-11-25T15:40:36.491124Z,urllc,uesimtun2,222409,3938,1132962335,7657180,,1,1
2025-11-25T15:40:37.490774Z,embb,uesimtun0,1226899,24433,7221170193,5268263,1.351,0,1
2025-11-25T15:40:37.490774Z,mmtc,uesimtun1,311632,5479,508797663,375062,1.670,0,1
2025-11-25T15:40:37.490774Z,urllc,uesimtun2,222750,3944,1135513792,7674423,2.456,0,1
2025-11-25T15:40:38.490278Z,embb,uesimtun0,1231313,24521,7227552561,5272972,1.348,0,1
2025-11-25T15:40:38.490278Z,mmtc,uesimtun1,311676,5480,510053995,375976,1.034,0,1
2025-11-25T15:40:38.490278Z,urllc,uesimtun2,224150,3971,1138594599,7695253,1.389,0,1
2025-11-25T15:40:39.490463Z,embb,uesimtun0,1234475,24583,7233935004,5277661,1.216,0,1
2025-11-25T15:40:39.490463Z,mmtc,uesimtun1,311804,5482,511310471,376892,1.125,0,1
2025-11-25T15:40:39.490463Z,urllc,uesimtun2,224362,3974,1141679131,7716096,1.843,0,1
2025-11-25T15:40:40.491234Z,embb,uesimtun0,1238347,24663,7240325220,5282371,1.478,0,1
2025-11-25T15:40:40.491234Z,mmtc,uesimtun1,312638,5498,512569155,377822,39.543,0,1
2025-11-25T15:40:40.491234Z,urllc,uesimtun2,225541,3995,1144885707,7737772,2.584,0,1
2025-11-25T15:40:41.490517Z,embb,uesimtun0,1240426,24703,7246701025,5287037,1.128,0,1
2025-11-25T15:40:41.490517Z,mmtc,uesimtun1,314002,5525,513825531,378757,1.442,0,1
2025-11-25T15:40:41.490517Z,urllc,uesimtun2,225669,3997,1147846871,7757781,1.197,0,1
2025-11-25T15:40:42.490649Z,embb,uesimtun0,1243223,24759,7252843797,5291549,2.091,0,1
2025-11-25T15:40:42.490649Z,mmtc,uesimtun1,314555,5534,515083804,379680,,1,1
2025-11-25T15:40:42.490649Z,urllc,uesimtun2,226302,4008,1151703601,7783846,,1,1
2025-11-25T15:40:43.490448Z,embb,uesimtun0,1247486,24839,7258809265,5295952,1.273,0,1
2025-11-25T15:40:43.490448Z,mmtc,uesimtun1,315962,5555,516201302,380513,1.140,0,1
2025-11-25T15:40:43.490448Z,urllc,uesimtun2,226470,4010,1154013649,7799456,1.823,0,1
2025-11-25T15:40:44.491224Z,embb,uesimtun0,1251022,24910,7271586372,5305295,1.875,0,1
2025-11-25T15:40:44.491224Z,mmtc,uesimtun1,316871,5571,516534279,380774,53.383,0,1
2025-11-25T15:40:44.491224Z,urllc,uesimtun2,226682,4013,1157263793,7821418,1.682,0,1
2025-11-25T15:40:45.491121Z,embb,uesimtun0,1255701,25004,7284338601,5314639,1.843,0,1
2025-11-25T15:40:45.491121Z,mmtc,uesimtun1,317457,5583,519025510,382595,,1,1
2025-11-25T15:40:45.491121Z,urllc,uesimtun2,227067,4020,1161056758,7847050,,1,1
2025-11-25T15:40:46.490438Z,embb,uesimtun0,1259497,25079,7297103625,5323977,2.191,0,1
2025-11-25T15:40:46.490438Z,mmtc,uesimtun1,318459,5596,519026930,382610,2.230,0,1
2025-11-25T15:40:46.490438Z,urllc,uesimtun2,227649,4032,1163272317,7862027,1.829,0,1
2025-11-25T15:40:47.490461Z,embb,uesimtun0,1263161,25153,7309867161,5333313,1.279,0,1
2025-11-25T15:40:47.490461Z,mmtc,uesimtun1,319280,5612,519036293,382633,67.178,0,1
2025-11-25T15:40:47.490461Z,urllc,uesimtun2,228286,4042,1166552926,7884198,110.744,0,1
2025-11-25T15:40:48.490485Z,embb,uesimtun0,1266496,25219,7322628909,5342641,1.562,0,1
2025-11-25T15:40:48.490485Z,mmtc,uesimtun1,319649,5620,519060171,382658,202.699,0,1
2025-11-25T15:40:48.490485Z,urllc,uesimtun2,229164,4058,1170056106,7907876,,1,1
2025-11-25T15:40:49.490421Z,embb,uesimtun0,1269205,25273,7335392790,5351961,4.571,0,1
2025-11-25T15:40:49.490421Z,mmtc,uesimtun1,320150,5628,519085653,382687,52.368,0,1
2025-11-25T15:40:49.490421Z,urllc,uesimtun2,229874,4071,1172686689,7925657,2.080,0,1
2025-11-25T15:40:50.490524Z,embb,uesimtun0,1271930,25328,7348153888,5361279,1.429,0,1
2025-11-25T15:40:50.490524Z,mmtc,uesimtun1,322961,5677,519103623,382740,2.032,0,1
2025-11-25T15:40:50.490524Z,urllc,uesimtun2,230568,4086,1175605501,7945387,1.988,0,1
2025-11-25T15:40:51.491270Z,embb,uesimtun0,1274984,25389,7360930459,5370613,1.670,0,1
2025-11-25T15:40:51.491270Z,mmtc,uesimtun1,323581,5688,519299925,382895,30.535,0,1
2025-11-25T15:40:51.491270Z,urllc,uesimtun2,231322,4100,1178781464,7966853,2.280,0,1
2025-11-25T15:40:52.491034Z,embb,uesimtun0,1279153,25472,7373691710,5379954,1.880,0,1
2025-11-25T15:40:52.491034Z,mmtc,uesimtun1,323994,5696,519670503,383171,174.033,0,1
2025-11-25T15:40:52.491034Z,urllc,uesimtun2,231959,4110,1182306421,7990675,,1,1
2025-11-25T15:40:53.490855Z,embb,uesimtun0,1283948,25568,7386443959,5389299,3.870,0,1
2025-11-25T15:40:53.490855Z,mmtc,uesimtun1,324547,5705,520041285,383449,9.135,0,1
2025-11-25T15:40:53.490855Z,urllc,uesimtun2,232412,4118,1184887467,8008119,1.538,0,1
2025-11-25T15:40:54.490690Z,embb,uesimtun0,1287282,25633,7399208748,5398633,3.160,0,1
2025-11-25T15:40:54.490690Z,mmtc,uesimtun1,325469,5721,520412457,383733,,1,1
2025-11-25T15:40:54.490690Z,urllc,uesimtun2,233045,4129,1188710961,8033959,,1,1
2025-11-25T15:40:55.490762Z,embb,uesimtun0,1291957,25726,7411971911,5407983,3.505,0,1
2025-11-25T15:40:55.490762Z,mmtc,uesimtun1,326588,5743,520783856,384022,2.301,0,1
2025-11-25T15:40:55.490762Z,urllc,uesimtun2,233297,4132,1191033969,8049657,1.883,0,1
2025-11-25T15:40:56.490672Z,embb,uesimtun0,1296592,25818,7424736335,5417333,1.379,0,1
2025-11-25T15:40:56.490672Z,mmtc,uesimtun1,327125,5753,521153194,384299,204.920,0,1
2025-11-25T15:40:56.490672Z,urllc,uesimtun2,233761,4138,1194733841,8074659,,1,1
2025-11-25T15:40:57.490887Z,embb,uesimtun0,1300601,25900,7437500189,5426675,2.047,0,1
2025-11-25T15:40:57.490887Z,mmtc,uesimtun1,328583,5774,522295920,385155,1.912,0,1
2025-11-25T15:40:57.490887Z,urllc,uesimtun2,234298,4147,1197195387,8091296,1.663,0,1
2025-11-25T15:40:58.490618Z,embb,uesimtun0,1303486,25958,7450264378,5436000,1.728,0,1
2025-11-25T15:40:58.490618Z,mmtc,uesimtun1,329280,5785,525467142,387472,1.982,0,1
2025-11-25T15:40:58.490618Z,urllc,uesimtun2,234510,4150,1200278439,8112129,1.390,0,1
2025-11-25T15:40:59.490774Z,embb,uesimtun0,1306592,26018,7463025832,5445323,1.822,0,1
2025-11-25T15:40:59.490774Z,mmtc,uesimtun1,329689,5792,528644674,389786,2.075,0,1
2025-11-25T15:40:59.490774Z,urllc,uesimtun2,235942,4177,1203363189,8132985,2.081,0,1
2025-11-25T15:41:00.490683Z,embb,uesimtun0,1310393,26094,7475791041,5454664,1.967,0,1
2025-11-25T15:41:00.490683Z,mmtc,uesimtun1,330291,5803,531818537,392104,2.446,0,1
2025-11-25T15:41:00.490683Z,urllc,uesimtun2,236411,4185,1206448270,8153834,2.808,0,1
2025-11-25T15:41:01.490473Z,embb,uesimtun0,1314057,26166,7488553067,5463996,2.214,0,1
2025-11-25T15:41:01.490473Z,mmtc,uesimtun1,330788,5812,534992111,394418,1.247,0,1
2025-11-25T15:41:01.490473Z,urllc,uesimtun2,237542,4207,1209528888,8174660,1.591,0,1
2025-11-25T15:41:02.490515Z,embb,uesimtun0,1318840,26262,7501319076,5473351,2.308,0,1
2025-11-25T15:41:02.490515Z,mmtc,uesimtun1,331257,5820,538167092,396733,233.322,0,1
2025-11-25T15:41:02.490515Z,urllc,uesimtun2,238091,4217,1213328618,8200339,131.583,0,1
2025-11-25T15:41:03.490950Z,embb,uesimtun0,1323632,26356,7514082251,5482701,1.650,0,1
2025-11-25T15:41:03.490950Z,mmtc,uesimtun1,332817,5844,540600466,398528,1.322,0,1
2025-11-25T15:41:03.490950Z,urllc,uesimtun2,239182,4238,1215697003,8216353,1.829,0,1
2025-11-25T15:41:04.490981Z,embb,uesimtun0,1328391,26452,7526848261,5492056,1.875,0,1
2025-11-25T15:41:04.490981Z,mmtc,uesimtun1,333487,5857,544357573,401268,4.456,0,1
2025-11-25T15:41:04.490981Z,urllc,uesimtun2,240686,4266,1218792073,8237279,3.014,0,1
2025-11-25T15:41:05.490492Z,embb,uesimtun0,1332063,26527,7539610381,5501391,1.247,0,1
2025-11-25T15:41:05.490492Z,mmtc,uesimtun1,333699,5860,548104717,403995,54.879,0,1
2025-11-25T15:41:05.490492Z,urllc,uesimtun2,241447,4278,1222029011,8259156,1.833,0,1
2025-11-25T15:41:06.490636Z,embb,uesimtun0,1334965,26585,7552379884,5510717,1.809,0,1
2025-11-25T15:41:06.490636Z,mmtc,uesimtun1,334934,5881,551858552,406744,1.789,0,1
2025-11-25T15:41:06.490636Z,urllc,uesimtun2,241659,4281,1224949411,8278890,1.834,0,1
2025-11-25T15:41:07.490730Z,embb,uesimtun0,1337810,26640,7565137038,5520033,1.693,0,1
2025-11-25T15:41:07.490730Z,mmtc,uesimtun1,336631,5913,555384473,409336,1.448,0,1
2025-11-25T15:41:07.490730Z,urllc,uesimtun2,241787,4283,1228032823,8299725,1.358,0,1
2025-11-25T15:41:08.490545Z,embb,uesimtun0,1340531,26693,7577847272,5529313,1.387,0,1
2025-11-25T15:41:08.490545Z,mmtc,uesimtun1,337719,5928,555607473,409516,235.559,0,1
2025-11-25T15:41:08.490545Z,urllc,uesimtun2,241999,4286,1231838263,8325439,,1,1
2025-11-25T15:41:09.490719Z,embb,uesimtun0,1343753,26756,7590610252,5538639,1.336,0,1
2025-11-25T15:41:09.490719Z,mmtc,uesimtun1,338048,5935,556255971,409994,,1,1
2025-11-25T15:41:09.490719Z,urllc,uesimtun2,243102,4306,1234899027,8346130,,1,1
2025-11-25T15:41:10.490930Z,embb,uesimtun0,1347417,26828,7603377931,5547977,1.800,0,1
2025-11-25T15:41:10.490930Z,mmtc,uesimtun1,339735,5961,556681621,410328,2.100,0,1
2025-11-25T15:41:10.490930Z,urllc,uesimtun2,243270,4308,1237217067,8361794,1.645,0,1
2025-11-25T15:41:11.490687Z,embb,uesimtun0,1351687,26912,7616139336,5557320,4.759,0,1
2025-11-25T15:41:11.490687Z,mmtc,uesimtun1,340439,5973,557183396,410705,14.783,0,1
2025-11-25T15:41:11.490687Z,urllc,uesimtun2,243779,4317,1240348229,8382955,1.953,0,1
2025-11-25T15:41:12.490704Z,embb,uesimtun0,1355576,26989,7628905771,5566660,4.829,0,1
2025-11-25T15:41:12.490704Z,mmtc,uesimtun1,340483,5974,558709592,411817,20.091,0,1
2025-11-25T15:41:12.490704Z,urllc,uesimtun2,244813,4335,1243450201,8403923,1.507,0,1
2025-11-25T15:41:13.490689Z,embb,uesimtun0,1359084,27059,7641664937,5575989,1.703,0,1
2025-11-25T15:41:13.490689Z,mmtc,uesimtun1,341097,5987,560230728,412933,238.647,0,1
2025-11-25T15:41:13.490689Z,urllc,uesimtun2,245831,4352,1247197548,8429251,139.857,0,1
2025-11-25T15:41:14.490968Z,embb,uesimtun0,1362443,27127,7654428075,5585319,2.219,0,1
2025-11-25T15:41:14.490968Z,mmtc,uesimtun1,343150,6026,561757519,414075,233.674,0,1
2025-11-25T15:41:14.490968Z,urllc,uesimtun2,246585,4366,1250268875,8450010,,1,1
2025-11-25T15:41:15.490435Z,embb,uesimtun0,1365565,27190,7667190993,5594645,1.522,0,1
2025-11-25T15:41:15.490435Z,mmtc,uesimtun1,344413,6048,563282200,415203,36.783,0,1
2025-11-25T15:41:15.490435Z,urllc,uesimtun2,246842,4371,1252742696,8466728,4.344,0,1
2025-11-25T15:41:16.491468Z,embb,uesimtun0,1368791,27252,7679970570,5603984,1.568,0,1
2025-11-25T15:41:16.491468Z,mmtc,uesimtun1,345233,6057,564313689,415963,7.224,0,1
2025-11-25T15:41:16.491468Z,urllc,uesimtun2,248045,4394,1255573130,8485864,2.978,0,1
2025-11-25T15:41:17.490667Z,embb,uesimtun0,1371808,27311,7692716733,5613293,1.567,0,1
2025-11-25T15:41:17.490667Z,mmtc,uesimtun1,346026,6072,564329820,415989,,1,1
2025-11-25T15:41:17.490667Z,urllc,uesimtun2,248341,4398,1259397154,8511704,,1,1
2025-11-25T15:41:18.490947Z,embb,uesimtun0,1375187,27379,7705481362,5622625,1.752,0,1
2025-11-25T15:41:18.490947Z,mmtc,uesimtun1,346298,6076,565223562,416648,4.031,0,1
2025-11-25T15:41:18.490947Z,urllc,uesimtun2,248626,4404,1261731464,8527480,1.763,0,1
2025-11-25T15:41:19.491132Z,embb,uesimtun0,1378666,27450,7718255665,5631966,1.809,0,1
2025-11-25T15:41:19.491132Z,mmtc,uesimtun1,347578,6102,566116585,417318,22.366,0,1
2025-11-25T15:41:19.491132Z,urllc,uesimtun2,249006,4409,1264869888,8548688,1.995,0,1
2025-11-25T15:41:20.490495Z,embb,uesimtun0,1382936,27534,7731010106,5641303,1.906,0,1
2025-11-25T15:41:20.490495Z,mmtc,uesimtun1,348565,6121,567007955,417983,10.031,0,1
2025-11-25T15:41:20.490495Z,urllc,uesimtun2,250442,4435,1267918061,8569296,1.801,0,1
2025-11-25T15:41:21.490602Z,embb,uesimtun0,1387134,27618,7743772685,5650644,1.553,0,1
2025-11-25T15:41:21.490602Z,mmtc,uesimtun1,349242,6132,567900236,418640,1.754,0,1
2025-11-25T15:41:21.490602Z,urllc,uesimtun2,250906,4441,1270973541,8589944,1.385,0,1
2025-11-25T15:41:22.490474Z,embb,uesimtun0,1390646,27689,7756537348,5659977,1.825,0,1
2025-11-25T15:41:22.490474Z,mmtc,uesimtun1,350012,6145,568777736,419292,1.731,0,1
2025-11-25T15:41:22.490474Z,urllc,uesimtun2,252053,4462,1274058726,8610800,1.346,0,1
2025-11-25T15:41:23.490498Z,embb,uesimtun0,1394093,27757,7769297798,5669305,2.871,0,1
2025-11-25T15:41:23.490498Z,mmtc,uesimtun1,352059,6177,569224448,419646,,1,1
2025-11-25T15:41:23.490498Z,urllc,uesimtun2,252181,4464,1277912626,8636841,,1,1
2025-11-25T15:41:24.490840Z,embb,uesimtun0,1397933,27832,7782064225,5678644,1.580,0,1
2025-11-25T15:41:24.490840Z,mmtc,uesimtun1,352841,6192,571749012,421495,71.409,0,1
2025-11-25T15:41:24.490840Z,urllc,uesimtun2,252265,4465,1280441482,8653929,1.490,0,1
2025-11-25T15:41:25.490544Z,embb,uesimtun0,1402627,27925,7794831525,5687998,2.162,0,1
2025-11-25T15:41:25.490544Z,mmtc,uesimtun1,353254,6200,574278594,423341,1.938,0,1
2025-11-25T15:41:25.490544Z,urllc,uesimtun2,253284,4485,1283312543,8673338,1.216,0,1
2025-11-25T15:41:26.490604Z,embb,uesimtun0,1405958,27991,7807589171,5697323,1.575,0,1
2025-11-25T15:41:26.490604Z,mmtc,uesimtun1,353719,6209,576804040,425184,1.670,0,1
2025-11-25T15:41:26.490604Z,urllc,uesimtun2,254005,4496,1286393964,8694164,1.288,0,1
2025-11-25T15:41:27.490507Z,embb,uesimtun0,1410100,28076,7820354675,5706671,1.589,0,1
2025-11-25T15:41:27.490507Z,mmtc,uesimtun1,354534,6225,579332639,427035,1.332,0,1
2025-11-25T15:41:27.490507Z,urllc,uesimtun2,254642,4506,1289478113,8715008,1.810,0,1
2025-11-25T15:41:28.490811Z,embb,uesimtun0,1413853,28151,7833116845,5716006,1.749,0,1
2025-11-25T15:41:28.490811Z,mmtc,uesimtun1,355404,6240,581862771,428889,20.580,0,1
2025-11-25T15:41:28.490811Z,urllc,uesimtun2,255560,4523,1292621409,8736255,1.517,0,1
2025-11-25T15:41:29.490463Z,embb,uesimtun0,1417854,28232,7845880678,5725347,2.006,0,1
2025-11-25T15:41:29.490463Z,mmtc,uesimtun1,356189,6254,584388585,430736,205.856,0,1
2025-11-25T15:41:29.490463Z,urllc,uesimtun2,255688,4525,1296278025,8760963,,1,1
2025-11-25T15:41:30.490775Z,embb,uesimtun0,1421120,28296,7858645138,5734676,1.466,0,1
2025-11-25T15:41:30.490775Z,mmtc,uesimtun1,356770,6264,586915667,432583,237.539,0,1
2025-11-25T15:41:30.490775Z,urllc,uesimtun2,256478,4540,1299457793,8782456,,1,1
2025-11-25T15:41:31.490474Z,embb,uesimtun0,1425225,28379,7871409243,5744021,1.271,0,1
2025-11-25T15:41:31.490474Z,mmtc,uesimtun1,357480,6278,589442735,434431,,1,1
2025-11-25T15:41:31.490474Z,urllc,uesimtun2,257742,4564,1302579851,8803563,,1,1
2025-11-25T15:41:32.490920Z,embb,uesimtun0,1428869,28453,7884173035,5753361,1.485,0,1
2025-11-25T15:41:32.490920Z,mmtc,uesimtun1,358391,6296,591530364,435969,192.842,0,1
2025-11-25T15:41:32.490920Z,urllc,uesimtun2,258569,4581,1305488368,8823224,,1,1
2025-11-25T15:41:33.490794Z,embb,uesimtun0,1432641,28528,7896936534,5762696,1.276,0,1
2025-11-25T15:41:33.490794Z,mmtc,uesimtun1,359958,6321,591598010,436043,,1,1
2025-11-25T15:41:33.490794Z,urllc,uesimtun2,258737,4583,1308751028,8845271,,1,1
2025-11-25T15:41:34.490943Z,embb,uesimtun0,1436746,28611,7909701849,5772040,2.222,0,1
2025-11-25T15:41:34.490943Z,mmtc,uesimtun1,360628,6335,592278716,436552,229.517,0,1
2025-11-25T15:41:34.490943Z,urllc,uesimtun2,258989,4586,1311772764,8865691,,1,1
2025-11-25T15:41:35.490777Z,embb,uesimtun0,1440891,28697,7922463163,5781384,1.818,0,1
2025-11-25T15:41:35.490777Z,mmtc,uesimtun1,360869,6339,592892902,437006,34.490,0,1
2025-11-25T15:41:35.490777Z,urllc,uesimtun2,259241,4589,1314251848,8882444,1.217,0,1
2025-11-25T15:41:36.491531Z,embb,uesimtun0,1443713,28753,7935245065,5790719,1.549,0,1
2025-11-25T15:41:36.491531Z,mmtc,uesimtun1,363322,6380,593318123,437352,7.359,0,1
2025-11-25T15:41:36.491531Z,urllc,uesimtun2,259710,4597,1317254133,8902734,1.745,0,1
2025-11-25T15:41:37.490270Z,embb,uesimtun0,1446944,28817,7947991513,5800033,3.421,0,1
2025-11-25T15:41:37.490270Z,mmtc,uesimtun1,363534,6383,596190359,439446,63.209,0,1
2025-11-25T15:41:37.490270Z,urllc,uesimtun2,259754,4598,1320511805,8924746,1.547,0,1
2025-11-25T15:41:38.491107Z,embb,uesimtun0,1449391,28864,7960763372,5809354,1.465,0,1
2025-11-25T15:41:38.491107Z,mmtc,uesimtun1,364613,6404,598634363,441243,196.616,0,1
2025-11-25T15:41:38.491107Z,urllc,uesimtun2,260251,4607,1324004087,8948347,,1,1
2025-11-25T15:41:39.490740Z,embb,uesimtun0,1452040,28916,7973514856,5818664,1.784,0,1
2025-11-25T15:41:39.490740Z,mmtc,uesimtun1,365813,6422,598635684,441264,2.083,0,1
2025-11-25T15:41:39.490740Z,urllc,uesimtun2,261013,4621,1326488202,8965139,1.757,0,1
2025-11-25T15:41:40.491178Z,embb,uesimtun0,1455504,28983,7986290379,5828001,1.583,0,1
2025-11-25T15:41:40.491178Z,mmtc,uesimtun1,366433,6433,600027707,442288,,1,1
2025-11-25T15:41:40.491178Z,urllc,uesimtun2,262321,4646,1329609224,8986239,,1,1
2025-11-25T15:41:41.490591Z,embb,uesimtun0,1458553,29041,7998655946,5837041,1.567,0,1
2025-11-25T15:41:41.490591Z,mmtc,uesimtun1,366705,6437,603710308,444970,227.921,0,1
2025-11-25T15:41:41.490591Z,urllc,uesimtun2,262573,4649,1332618296,9006573,,1,1
2025-11-25T15:41:42.490480Z,embb,uesimtun0,1462439,29117,8011419698,5846378,1.670,0,1
2025-11-25T15:41:42.490480Z,mmtc,uesimtun1,367383,6450,607397577,447664,,1,1
2025-11-25T15:41:42.490480Z,urllc,uesimtun2,263078,4658,1335774014,9027901,,1,1
2025-11-25T15:41:43.490436Z,embb,uesimtun0,1466760,29197,8020942290,5853369,2.231,0,1
2025-11-25T15:41:43.490436Z,mmtc,uesimtun1,368141,6463,611087649,450360,2.732,0,1
2025-11-25T15:41:43.490436Z,urllc,uesimtun2,263667,4668,1338095668,9043593,2.170,0,1
2025-11-25T15:41:44.490464Z,embb,uesimtun0,1470597,29273,8040082245,5867339,1.835,0,1
2025-11-25T15:41:44.490464Z,mmtc,uesimtun1,369137,6475,613382609,452042,1.481,0,1
2025-11-25T15:41:44.490464Z,urllc,uesimtun2,264092,4676,1341174438,9064400,2.256,0,1
2025-11-25T15:41:45.490507Z,embb,uesimtun0,1474547,29351,8059228095,5881319,2.124,0,1
2025-11-25T15:41:45.490507Z,mmtc,uesimtun1,370367,6499,613760037,452340,,1,1
2025-11-25T15:41:45.490507Z,urllc,uesimtun2,264505,4684,1345026212,9090430,137.369,0,1
2025-11-25T15:41:46.491039Z,embb,uesimtun0,1477854,29416,8078388131,5895295,2.139,0,1
2025-11-25T15:41:46.491039Z,mmtc,uesimtun1,370937,6511,614580873,452948,4.681,0,1
2025-11-25T15:41:46.491039Z,urllc,uesimtun2,265215,4698,1347353363,9106161,1.795,0,1
2025-11-25T15:41:47.490768Z,embb,uesimtun0,1481518,29488,8097514157,5909252,1.704,0,1
2025-11-25T15:41:47.490768Z,mmtc,uesimtun1,371390,6520,615397328,453549,53.276,0,1
2025-11-25T15:41:47.490768Z,urllc,uesimtun2,266093,4714,1350585934,9128011,3.479,0,1
2025-11-25T15:41:48.490505Z,embb,uesimtun0,1484820,29554,8116655373,5923221,1.463,0,1
2025-11-25T15:41:48.490505Z,mmtc,uesimtun1,371887,6529,616215243,454152,1.920,0,1
2025-11-25T15:41:48.490505Z,urllc,uesimtun2,266798,4726,1353510560,9147778,1.676,0,1
2025-11-25T15:41:49.490659Z,embb,uesimtun0,1487229,29603,8135800837,5937174,1.811,0,1
2025-11-25T15:41:49.490659Z,mmtc,uesimtun1,373092,6546,616998519,454743,9.298,0,1
2025-11-25T15:41:49.490659Z,urllc,uesimtun2,267094,4730,1356617968,9168776,1.443,0,1
2025-11-25T15:41:50.490513Z,embb,uesimtun0,1491134,29681,8154939783,5951150,1.571,0,1
2025-11-25T15:41:50.490513Z,mmtc,uesimtun1,373677,6555,620553662,457340,,1,1
2025-11-25T15:41:50.490513Z,urllc,uesimtun2,268522,4758,1360446292,9194657,,1,1
2025-11-25T15:41:51.490847Z,embb,uesimtun0,1495219,29761,8174085672,5965131,1.954,0,1
2025-11-25T15:41:51.490847Z,mmtc,uesimtun1,374872,6577,624114796,459949,190.494,0,1
2025-11-25T15:41:51.490847Z,urllc,uesimtun2,268606,4759,1363114120,9212684,,1,1
2025-11-25T15:41:52.490693Z,embb,uesimtun0,1499252,29842,8192265731,5978411,2.121,0,1
2025-11-25T15:41:52.490693Z,mmtc,uesimtun1,376561,6611,627673639,462564,43.702,0,1
2025-11-25T15:41:52.490693Z,urllc,uesimtun2,268690,4760,1365855800,9231210,1.561,0,1
2025-11-25T15:41:53.490688Z,embb,uesimtun0,1503494,29927,8211410362,5992393,1.865,0,1
2025-11-25T15:41:53.490688Z,mmtc,uesimtun1,377231,6624,631229910,465159,1.411,0,1
2025-11-25T15:41:53.490688Z,urllc,uesimtun2,268902,4763,1368807068,9251153,1.878,0,1
2025-11-25T15:41:54.490975Z,embb,uesimtun0,1508181,30022,8230573312,6006396,1.972,0,1
2025-11-25T15:41:54.490975Z,mmtc,uesimtun1,377833,6635,634787610,467756,1.678,0,1
2025-11-25T15:41:54.490975Z,urllc,uesimtun2,269455,4772,1371894029,9272016,1.443,0,1
2025-11-25T15:41:55.490666Z,embb,uesimtun0,1511781,30095,8249702218,6020358,1.852,0,1
2025-11-25T15:41:55.490666Z,mmtc,uesimtun1,378507,6647,638344070,470354,1.752,0,1
2025-11-25T15:41:55.490666Z,urllc,uesimtun2,269835,4777,1374929233,9292527,1.966,0,1
2025-11-25T15:41:56.491277Z,embb,uesimtun0,1514715,30155,8268859324,6034330,2.015,0,1
2025-11-25T15:41:56.491277Z,mmtc,uesimtun1,379088,6657,641901716,472949,1.262,0,1
2025-11-25T15:41:56.491277Z,urllc,uesimtun2,272022,4820,1377967700,9313078,2.194,0,1
2025-11-25T15:41:57.491167Z,embb,uesimtun0,1517456,30209,8288005235,6048290,1.410,0,1
2025-11-25T15:41:57.491167Z,mmtc,uesimtun1,380076,6668,645118714,475302,1.807,0,1
2025-11-25T15:41:57.491167Z,urllc,uesimtun2,272491,4828,1381050857,9333914,1.692,0,1
2025-11-25T15:41:58.490866Z,embb,uesimtun0,1520823,30277,8307145038,6062258,3.594,0,1
2025-11-25T15:41:58.490866Z,mmtc,uesimtun1,380612,6678,645302632,475448,40.726,0,1
2025-11-25T15:41:58.490866Z,urllc,uesimtun2,273466,4848,1384261926,9355621,1.176,0,1
2025-11-25T15:41:59.491225Z,embb,uesimtun0,1523564,30330,8326291216,6076221,1.438,0,1
2025-11-25T15:41:59.491225Z,mmtc,uesimtun1,380740,6680,646303112,476177,48.076,0,1
2025-11-25T15:41:59.491225Z,urllc,uesimtun2,273594,4850,1387360646,9376559,2.240,0,1
2025-11-25T15:42:00.490499Z,embb,uesimtun0,1526530,30389,8345419583,6090173,1.988,0,1
2025-11-25T15:42:00.490499Z,mmtc,uesimtun1,380868,6682,647306344,476908,61.315,0,1
2025-11-25T15:42:00.490499Z,urllc,uesimtun2,274091,4859,1390485528,9397678,1.452,0,1
2025-11-25T15:42:01.490494Z,embb,uesimtun0,1529761,30455,8364562003,6104141,2.532,0,1
2025-11-25T15:42:01.490494Z,mmtc,uesimtun1,381281,6690,648309942,477645,1.693,0,1
2025-11-25T15:42:01.490494Z,urllc,uesimtun2,274303,4862,1393386620,9417283,1.846,0,1
2025-11-25T15:42:02.490448Z,embb,uesimtun0,1533325,30527,8383700471,6118109,1.512,0,1
2025-11-25T15:42:02.490448Z,mmtc,uesimtun1,382529,6708,649131467,478261,1.822,0,1
2025-11-25T15:42:02.490448Z,urllc,uesimtun2,274924,4873,1396467594,9438107,1.366,0,1
2025-11-25T15:42:03.490467Z,embb,uesimtun0,1537278,30607,8402842069,6132085,1.628,0,1
2025-11-25T15:42:03.490467Z,mmtc,uesimtun1,384389,6745,649845456,478818,223.103,0,1
2025-11-25T15:42:03.490467Z,urllc,uesimtun2,275257,4879,1400235836,9463574,,1,1
2025-11-25T15:42:04.490797Z,embb,uesimtun0,1541071,30685,8421991803,6146066,,1,1
2025-11-25T15:42:04.490797Z,mmtc,uesimtun1,384798,6752,651787806,480240,,1,1
2025-11-25T15:42:04.490797Z,urllc,uesimtun2,275381,4881,1404035919,9489253,2.047,0,1
2025-11-25T15:42:05.490695Z,embb,uesimtun0,1543800,30738,8440268205,6159395,2.470,0,1
2025-11-25T15:42:05.490695Z,mmtc,uesimtun1,385730,6770,652957897,481119,20.580,0,1
2025-11-25T15:42:05.490695Z,urllc,uesimtun2,276376,4901,1405646464,9500145,1.855,0,1
2025-11-25T15:42:06.490487Z,embb,uesimtun0,1546493,30791,8459409822,6173349,1.733,0,1
2025-11-25T15:42:06.490487Z,mmtc,uesimtun1,386287,6781,654512242,482261,1.466,0,1
2025-11-25T15:42:06.490487Z,urllc,uesimtun2,276420,4902,1408667776,9520561,1.481,0,1
2025-11-25T15:42:07.492481Z,embb,uesimtun0,1550357,30870,8478573336,6187340,6.726,0,1
2025-11-25T15:42:07.492481Z,mmtc,uesimtun1,387383,6802,656079069,483414,2.889,0,1
2025-11-25T15:42:07.492481Z,urllc,uesimtun2,276721,4908,1411778969,9541586,1.615,0,1
2025-11-25T15:42:08.490483Z,embb,uesimtun0,1553536,30934,8497697569,6201290,1.475,0,1
2025-11-25T15:42:08.490483Z,mmtc,uesimtun1,388786,6824,657320692,484341,1.572,0,1
2025-11-25T15:42:08.490483Z,urllc,uesimtun2,277475,4922,1414652796,9561012,2.134,0,1
2025-11-25T15:42:09.490484Z,embb,uesimtun0,1556691,30998,8516839964,6215257,1.642,0,1
2025-11-25T15:42:09.490484Z,mmtc,uesimtun1,389452,6838,658843256,485459,2.295,0,1
2025-11-25T15:42:09.490484Z,urllc,uesimtun2,277972,4931,1417740530,9581880,1.738,0,1
2025-11-25T15:42:10.490244Z,embb,uesimtun0,1560733,31080,8535988592,6229240,1.809,0,1
2025-11-25T15:42:10.490244Z,mmtc,uesimtun1,390475,6859,660367671,486585,52.527,0,1
2025-11-25T15:42:10.490244Z,urllc,uesimtun2,278806,4947,1420978610,9603767,1.678,0,1
2025-11-25T15:42:11.490680Z,embb,uesimtun0,1563518,31136,8555126317,6243196,2.105,0,1
2025-11-25T15:42:11.490680Z,mmtc,uesimtun1,391196,6870,661891620,487702,9.320,0,1
2025-11-25T15:42:11.490680Z,urllc,uesimtun2,278934,4949,1423855710,9623208,1.747,0,1
2025-11-25T15:42:12.491169Z,embb,uesimtun0,1566990,31204,8574288073,6257178,1.514,0,1
2025-11-25T15:42:12.491169Z,mmtc,uesimtun1,391665,6878,663414025,488816,1.840,0,1
2025-11-25T15:42:12.491169Z,urllc,uesimtun2,279403,4957,1426914299,9643878,1.574,0,1
2025-11-25T15:42:13.491453Z,embb,uesimtun0,1571128,31285,8593432766,6271160,1.332,0,1
2025-11-25T15:42:13.491453Z,mmtc,uesimtun1,391877,6881,664936093,489925,1.904,0,1
2025-11-25T15:42:13.491453Z,urllc,uesimtun2,280157,4971,1429999242,9664729,1.464,0,1
