ts,slice,ifname,rx_bytes,rx_pkts,tx_bytes,tx_pkts,probe_rtt_ms,probe_loss,tun_exists
2025-11-25T15:42:56.751233Z,embb,uesimtun0,1710919,34085,9417935532,6872717,,1,1
2025-11-25T15:42:56.751233Z,mmtc,uesimtun1,428121,7525,748347505,551137,1.384,0,1
2025-11-25T15:42:56.751233Z,urllc,uesimtun2,306366,5431,1606685619,10858811,1.529,0,1
2025-11-25T15:42:57.752431Z,embb,uesimtun0,1713696,34139,9437102405,6886696,109.713,0,1
2025-11-25T15:42:57.752431Z,mmtc,uesimtun1,429830,7558,751449345,553417,1.645,0,1
2025-11-25T15:42:57.752431Z,urllc,uesimtun2,306919,5440,1609340992,10876757,1.532,0,1
2025-11-25T15:42:58.751511Z,embb,uesimtun0,1717673,34218,9455589115,6900196,,1,1
2025-11-25T15:42:58.751511Z,mmtc,uesimtun1,431579,7593,755550504,556429,1.415,0,1
2025-11-25T15:42:58.751511Z,urllc,uesimtun2,307215,5444,1612817364,10900248,2.106,0,1
2025-11-25T15:42:59.751484Z,embb,uesimtun0,1721482,34294,9474284759,6913845,,1,1
2025-11-25T15:42:59.751484Z,mmtc,uesimtun1,432385,7608,759155244,559063,7.910,0,1
2025-11-25T15:42:59.751484Z,urllc,uesimtun2,307712,5453,1615890214,10921015,3.163,0,1
2025-11-25T15:43:00.751656Z,embb,uesimtun0,1724425,34354,9493421378,6927804,120.353,0,1
2025-11-25T15:43:00.751656Z,mmtc,uesimtun1,432706,7615,762281974,561342,2.421,0,1
2025-11-25T15:43:00.751656Z,urllc,uesimtun2,308092,5458,1618555038,10939023,2.413,0,1
2025-11-25T15:43:01.752113Z,embb,uesimtun0,1727640,34417,9512578641,6941777,117.426,0,1
2025-11-25T15:43:01.752113Z,mmtc,uesimtun1,433259,7624,765875259,563961,2.459,0,1
2025-11-25T15:43:01.752113Z,urllc,uesimtun2,308304,5461,1621631282,10959810,1.634,0,1
2025-11-25T15:43:02.751481Z,embb,uesimtun0,1731103,34486,9531703143,6955731,119.445,0,1
2025-11-25T15:43:02.751481Z,mmtc,uesimtun1,435201,7654,766154071,564193,2.276,0,1
2025-11-25T15:43:02.751481Z,urllc,uesimtun2,309287,5479,1624719681,10980686,1.525,0,1
2025-11-25T15:43:03.751498Z,embb,uesimtun0,1734931,34563,9549314666,6968596,108.941,0,1
2025-11-25T15:43:03.751498Z,mmtc,uesimtun1,435782,7664,766169809,564213,105.204,0,1
2025-11-25T15:43:03.751498Z,urllc,uesimtun2,310675,5506,1628087460,11003455,1.593,0,1
2025-11-25T15:43:04.752166Z,embb,uesimtun0,1738756,34639,9568472810,6982584,,1,1
2025-11-25T15:43:04.752166Z,mmtc,uesimtun1,436279,7673,766186839,564233,5.040,0,1
2025-11-25T15:43:04.752166Z,urllc,uesimtun2,312107,5533,1631112650,11023909,4.930,0,1
2025-11-25T15:43:05.751483Z,embb,uesimtun0,1742412,34712,9587603182,6996548,127.432,0,1
2025-11-25T15:43:05.751483Z,mmtc,uesimtun1,437655,7700,766200657,564265,2.875,0,1
2025-11-25T15:43:05.751483Z,urllc,uesimtun2,312536,5540,1633807455,11042121,1.585,0,1
2025-11-25T15:43:06.751618Z,embb,uesimtun0,1745767,34778,9606741372,7010510,,1,1
2025-11-25T15:43:06.751618Z,mmtc,uesimtun1,438208,7709,766217802,564286,1.663,0,1
2025-11-25T15:43:06.751618Z,urllc,uesimtun2,312872,5545,1637268287,11065507,1.990,0,1
2025-11-25T15:43:07.751483Z,embb,uesimtun0,1748893,34841,9625889130,7024479,,1,1
2025-11-25T15:43:07.751483Z,mmtc,uesimtun1,439355,7730,766232806,564315,2.988,0,1
2025-11-25T15:43:07.751483Z,urllc,uesimtun2,313453,5555,1640354393,11086364,3.242,0,1
2025-11-25T15:43:08.751683Z,embb,uesimtun0,1752505,34914,9645022103,7038443,,1,1
2025-11-25T15:43:08.751683Z,mmtc,uesimtun1,440422,7751,766249072,564344,18.239,0,1
2025-11-25T15:43:08.751683Z,urllc,uesimtun2,313665,5558,1643459729,11107348,0.834,0,1
2025-11-25T15:43:09.751746Z,embb,uesimtun0,1755953,34981,9664171766,7052420,,1,1
2025-11-25T15:43:09.751746Z,mmtc,uesimtun1,441320,7761,766252852,564359,1.336,0,1
2025-11-25T15:43:09.751746Z,urllc,uesimtun2,314592,5576,1646500081,11127900,1.961,0,1
2025-11-25T15:43:10.751490Z,embb,uesimtun0,1759028,35042,9683313898,7066382,,1,1
2025-11-25T15:43:10.751490Z,mmtc,uesimtun1,442073,7775,767725114,565447,80.042,0,1
2025-11-25T15:43:10.751490Z,urllc,uesimtun2,314804,5579,1649824817,11150366,1.342,0,1
2025-11-25T15:43:11.751714Z,embb,uesimtun0,1762359,35108,9701567228,7079700,120.935,0,1
2025-11-25T15:43:11.751714Z,mmtc,uesimtun1,442587,7785,769259262,566581,47.563,0,1
2025-11-25T15:43:11.751714Z,urllc,uesimtun2,315614,5593,1652409043,11167834,1.405,0,1
2025-11-25T15:43:12.751966Z,embb,uesimtun0,1766577,35193,9720470975,7093506,,1,1
2025-11-25T15:43:12.751966Z,mmtc,uesimtun1,443309,7798,771254141,568046,102.416,0,1
2025-11-25T15:43:12.751966Z,urllc,uesimtun2,316604,5611,1656063763,11192537,2.002,0,1
2025-11-25T15:43:13.752194Z,embb,uesimtun0,1771230,35278,9731873822,7101873,,1,1
2025-11-25T15:43:13.752194Z,mmtc,uesimtun1,444581,7821,773018320,569350,3.799,0,1
2025-11-25T15:43:13.752194Z,urllc,uesimtun2,317153,5621,1658842589,11211318,1.560,0,1
2025-11-25T15:43:14.751957Z,embb,uesimtun0,1774895,35352,9743251697,7110202,,1,1
2025-11-25T15:43:14.751957Z,mmtc,uesimtun1,445045,7827,774782816,570638,1.472,0,1
2025-11-25T15:43:14.751957Z,urllc,uesimtun2,318842,5655,1661921599,11232139,1.710,0,1
2025-11-25T15:43:15.752201Z,embb,uesimtun0,1778109,35416,9756028654,7119542,,1,1
2025-11-25T15:43:15.752201Z,mmtc,uesimtun1,445257,7830,776548436,571924,2.391,0,1
2025-11-25T15:43:15.752201Z,urllc,uesimtun2,319054,5658,1665008351,11252997,1.776,0,1
2025-11-25T15:43:16.809284Z,embb,uesimtun0,1781135,35475,9766621577,7127289,,1,1
2025-11-25T15:43:16.809284Z,mmtc,uesimtun1,446609,7857,778411705,573302,76.262,0,1
2025-11-25T15:43:16.809284Z,urllc,uesimtun2,319523,5666,1668332156,11275459,1.894,0,1
2025-11-25T15:43:17.751464Z,embb,uesimtun0,1784743,35548,9781542826,7138195,,1,1
2025-11-25T15:43:17.751464Z,mmtc,uesimtun1,448414,7887,778606316,573471,1.915,0,1
2025-11-25T15:43:17.751464Z,urllc,uesimtun2,319651,5668,1671008356,11293543,1.528,0,1
2025-11-25T15:43:18.751897Z,embb,uesimtun0,1788319,35619,9794315914,7147536,,1,1
2025-11-25T15:43:18.751897Z,mmtc,uesimtun1,449941,7917,778623248,573510,71.136,0,1
2025-11-25T15:43:18.751897Z,urllc,uesimtun2,320606,5687,1674306217,11315836,1.779,0,1
2025-11-25T15:43:19.752140Z,embb,uesimtun0,1791991,35693,9807082314,7156876,,1,1
2025-11-25T15:43:19.752140Z,mmtc,uesimtun1,450270,7924,778642862,573530,105.329,0,1
2025-11-25T15:43:19.752140Z,urllc,uesimtun2,321757,5709,1677499071,11337421,1.760,0,1
2025-11-25T15:43:20.751859Z,embb,uesimtun0,1795121,35756,9819842737,7166204,122.104,0,1
2025-11-25T15:43:20.751859Z,mmtc,uesimtun1,450723,7933,778659944,573551,1.772,0,1
2025-11-25T15:43:20.751859Z,urllc,uesimtun2,322254,5718,1679866849,11353424,2.111,0,1
2025-11-25T15:43:21.752123Z,embb,uesimtun0,1798084,35816,9832608205,7175528,,1,1
2025-11-25T15:43:21.752123Z,mmtc,uesimtun1,451428,7945,778681407,573578,1.569,0,1
2025-11-25T15:43:21.752123Z,urllc,uesimtun2,322466,5721,1683345061,11376927,1.758,0,1
2025-11-25T15:43:22.751378Z,embb,uesimtun0,1801487,35883,9843061102,7183179,,1,1
2025-11-25T15:43:22.751378Z,mmtc,uesimtun1,451977,7955,778701469,573604,136.003,0,1
2025-11-25T15:43:22.751378Z,urllc,uesimtun2,322851,5728,1686842002,11400559,,1,1
2025-11-25T15:43:23.752075Z,embb,uesimtun0,1803823,35927,9858132449,7194173,,1,1
2025-11-25T15:43:23.752075Z,mmtc,uesimtun1,452947,7973,778721601,573632,24.541,0,1
2025-11-25T15:43:23.752075Z,urllc,uesimtun2,323734,5745,1689584198,11419096,1.731,0,1
2025-11-25T15:43:24.751502Z,embb,uesimtun0,1807765,36006,9870882513,7203503,,1,1
2025-11-25T15:43:24.751502Z,mmtc,uesimtun1,453930,7993,778741971,573664,46.833,0,1
2025-11-25T15:43:24.751502Z,urllc,uesimtun2,324030,5749,1692735710,11440392,1.572,0,1
2025-11-25T15:43:25.752012Z,embb,uesimtun0,1812143,36096,9883657871,7212861,,1,1
2025-11-25T15:43:25.752012Z,mmtc,uesimtun1,455539,8025,778761488,573703,1.603,0,1
2025-11-25T15:43:25.752012Z,urllc,uesimtun2,324326,5753,1695683574,11460312,1.838,0,1
2025-11-25T15:43:26.752060Z,embb,uesimtun0,1817022,36194,9896422694,7222218,,1,1
2025-11-25T15:43:26.752060Z,mmtc,uesimtun1,456662,8046,778781913,573735,1.868,0,1
2025-11-25T15:43:26.752060Z,urllc,uesimtun2,325136,5767,1698764404,11481135,2.128,0,1
2025-11-25T15:43:27.752029Z,embb,uesimtun0,1821348,36281,9909189670,7231567,,1,1
2025-11-25T15:43:27.752029Z,mmtc,uesimtun1,457215,8055,778801726,573757,1.472,0,1
2025-11-25T15:43:27.752029Z,urllc,uesimtun2,325717,5777,1701848290,11501977,1.932,0,1
2025-11-25T15:43:28.751933Z,embb,uesimtun0,1825116,36356,9921951905,7240903,,1,1
2025-11-25T15:43:28.751933Z,mmtc,uesimtun1,458815,8079,778869682,573831,52.269,0,1
2025-11-25T15:43:28.751933Z,urllc,uesimtun2,326181,5783,1705061242,11523689,1.798,0,1
2025-11-25T15:43:29.752215Z,embb,uesimtun0,1828672,36426,9934719383,7250238,111.613,0,1
2025-11-25T15:43:29.752215Z,mmtc,uesimtun1,458943,8081,779915654,574594,92.424,0,1
2025-11-25T15:43:29.752215Z,urllc,uesimtun2,326734,5792,1707843451,11542492,1.670,0,1
2025-11-25T15:43:30.751450Z,embb,uesimtun0,1831509,36483,9947465482,7259547,,1,1
2025-11-25T15:43:30.751450Z,mmtc,uesimtun1,459973,8100,781239307,575575,99.598,0,1
2025-11-25T15:43:30.751450Z,urllc,uesimtun2,327488,5806,1711374318,11566356,14.863,0,1
2025-11-25T15:43:31.751492Z,embb,uesimtun0,1834820,36548,9960228578,7268875,,1,1
2025-11-25T15:43:31.751492Z,mmtc,uesimtun1,461755,8126,781334717,575668,2.375,0,1
2025-11-25T15:43:31.751492Z,urllc,uesimtun2,328495,5826,1714159687,11585186,1.631,0,1
2025-11-25T15:43:32.779032Z,embb,uesimtun0,1838728,36626,9971588861,7277195,,1,1
2025-11-25T15:43:32.779032Z,mmtc,uesimtun1,462252,8135,781529251,575817,72.161,0,1
2025-11-25T15:43:32.779032Z,urllc,uesimtun2,328875,5831,1717542015,11608042,1.534,0,1
2025-11-25T15:43:33.751933Z,embb,uesimtun0,1843419,36719,9985769325,7287576,,1,1
2025-11-25T15:43:33.751933Z,mmtc,uesimtun1,462990,8150,781711675,575962,66.520,0,1
2025-11-25T15:43:33.751933Z,urllc,uesimtun2,329255,5836,1720527851,11628219,1.391,0,1
2025-11-25T15:43:34.751636Z,embb,uesimtun0,1847673,36805,9998519705,7296912,119.451,0,1
2025-11-25T15:43:34.751636Z,mmtc,uesimtun1,464221,8174,781876738,576102,2.848,0,1
2025-11-25T15:43:34.751636Z,urllc,uesimtun2,329724,5844,1723010424,11644997,2.021,0,1
2025-11-25T15:43:35.752397Z,embb,uesimtun0,1852232,36896,10011298108,7306276,117.464,0,1
2025-11-25T15:43:35.752397Z,mmtc,uesimtun1,465251,8193,782064971,576255,1.722,0,1
2025-11-25T15:43:35.752397Z,urllc,uesimtun2,330859,5865,1726087813,11665801,2.193,0,1
2025-11-25T15:43:36.752165Z,embb,uesimtun0,1856284,36977,10024060972,7315621,,1,1
2025-11-25T15:43:36.752165Z,mmtc,uesimtun1,467328,8228,782187300,576377,1.220,0,1
2025-11-25T15:43:36.752165Z,urllc,uesimtun2,332600,5898,1729580905,11689419,1.536,0,1
2025-11-25T15:43:37.752336Z,embb,uesimtun0,1859816,37047,10036824230,7324952,,1,1
2025-11-25T15:43:37.752336Z,mmtc,uesimtun1,468233,8245,782807692,576845,54.946,0,1
2025-11-25T15:43:37.752336Z,urllc,uesimtun2,332980,5903,1732831153,11711383,1.562,0,1
2025-11-25T15:43:38.751590Z,embb,uesimtun0,1862943,37111,10049577608,7334273,111.307,0,1
2025-11-25T15:43:38.751590Z,mmtc,uesimtun1,468686,8254,783519738,577372,21.160,0,1
2025-11-25T15:43:38.751590Z,urllc,uesimtun2,333566,5915,1735377948,11728597,1.199,0,1
2025-11-25T15:43:39.752220Z,embb,uesimtun0,1865632,37164,10062351078,7343599,,1,1
2025-11-25T15:43:39.752220Z,mmtc,uesimtun1,468982,8258,784464054,578063,2.032,0,1
2025-11-25T15:43:39.752220Z,urllc,uesimtun2,333694,5917,1738834912,11751956,1.586,0,1
2025-11-25T15:43:40.751489Z,embb,uesimtun0,1869565,37242,10075105231,7352931,121.891,0,1
2025-11-25T15:43:40.751489Z,mmtc,uesimtun1,469720,8273,785185871,578600,1.615,0,1
2025-11-25T15:43:40.751489Z,urllc,uesimtun2,333990,5921,1741517412,11770083,1.865,0,1
2025-11-25T15:43:41.752133Z,embb,uesimtun0,1873859,37327,10087878878,7362281,,1,1
2025-11-25T15:43:41.752133Z,mmtc,uesimtun1,470217,8282,786120693,579287,1.921,0,1
2025-11-25T15:43:41.752133Z,urllc,uesimtun2,334868,5937,1745002536,11793639,2.017,0,1
2025-11-25T15:43:42.752468Z,embb,uesimtun0,1877844,37408,10100651022,7371629,,1,1
2025-11-25T15:43:42.752468Z,mmtc,uesimtun1,471754,8305,786331857,579465,2.290,0,1
2025-11-25T15:43:42.752468Z,urllc,uesimtun2,335449,5947,1748086126,11814479,1.383,0,1
2025-11-25T15:43:43.751487Z,embb,uesimtun0,1881576,37481,10113392633,7380949,110.957,0,1
2025-11-25T15:43:43.751487Z,mmtc,uesimtun1,472317,8315,786339359,579480,1.640,0,1
2025-11-25T15:43:43.751487Z,urllc,uesimtun2,335661,5950,1750735094,11832379,1.612,0,1
2025-11-25T15:43:44.751469Z,embb,uesimtun0,1885051,37548,10126158564,7390280,,1,1
2025-11-25T15:43:44.751469Z,mmtc,uesimtun1,472954,8325,786348248,579495,1.868,0,1
2025-11-25T15:43:44.751469Z,urllc,uesimtun2,337261,5979,1754248472,11856132,1.850,0,1
2025-11-25T15:43:45.751841Z,embb,uesimtun0,1888820,37623,10138931767,7399623,,1,1
2025-11-25T15:43:45.751841Z,mmtc,uesimtun1,473792,8340,786357359,579514,1.274,0,1
2025-11-25T15:43:45.751841Z,urllc,uesimtun2,338560,6003,1757336509,11877009,1.983,0,1
2025-11-25T15:43:46.751565Z,embb,uesimtun0,1891898,37685,10151685052,7408942,,1,1
2025-11-25T15:43:46.751565Z,mmtc,uesimtun1,474939,8361,786365483,579538,,1,1
2025-11-25T15:43:46.751565Z,urllc,uesimtun2,338856,6007,1761030737,11901972,1.474,0,1
2025-11-25T15:43:47.839316Z,embb,uesimtun0,1895020,37747,10165572245,7419086,,1,1
2025-11-25T15:43:47.839316Z,mmtc,uesimtun1,475644,8372,786374425,579554,1.580,0,1
2025-11-25T15:43:47.839316Z,urllc,uesimtun2,339325,6015,1763563334,11919088,1.369,0,1
2025-11-25T15:43:48.759054Z,embb,uesimtun0,1898025,37805,10177311371,7427666,,1,1
2025-11-25T15:43:48.759054Z,mmtc,uesimtun1,476775,8394,786382486,579578,1.505,0,1
2025-11-25T15:43:48.759054Z,urllc,uesimtun2,339750,6023,1766412324,11938342,2.398,0,1
2025-11-25T15:43:49.751833Z,embb,uesimtun0,1901597,37876,10189984108,7436936,,1,1
2025-11-25T15:43:49.751833Z,mmtc,uesimtun1,478423,8420,787001253,580059,24.661,0,1
2025-11-25T15:43:49.751833Z,urllc,uesimtun2,340724,6040,1769533748,11959441,1.549,0,1
2025-11-25T15:43:50.751510Z,embb,uesimtun0,1905502,37955,10202736881,7446268,,1,1
2025-11-25T15:43:50.751510Z,mmtc,uesimtun1,479526,8442,787894402,580730,,1,1
2025-11-25T15:43:50.751510Z,urllc,uesimtun2,341609,6054,1773314870,11984996,1.879,0,1
2025-11-25T15:43:51.751451Z,embb,uesimtun0,1909459,38033,10215504859,7455611,127.423,0,1
2025-11-25T15:43:51.751451Z,mmtc,uesimtun1,480329,8458,788676878,581312,100.531,0,1
2025-11-25T15:43:51.751451Z,urllc,uesimtun2,341938,6061,1775426884,11999270,1.413,0,1
2025-11-25T15:43:52.751496Z,embb,uesimtun0,1913172,38107,10228264165,7464942,,1,1
2025-11-25T15:43:52.751496Z,mmtc,uesimtun1,480806,8466,789679695,582056,26.500,0,1
2025-11-25T15:43:52.751496Z,urllc,uesimtun2,342475,6071,1778661994,12021134,1.212,0,1
2025-11-25T15:43:53.751454Z,embb,uesimtun0,1917422,38192,10241031040,7474289,,1,1
2025-11-25T15:43:53.751454Z,mmtc,uesimtun1,481336,8476,790572002,582714,2.070,0,1
2025-11-25T15:43:53.751454Z,urllc,uesimtun2,343421,6089,1781673030,12041488,1.625,0,1
2025-11-25T15:43:54.751471Z,embb,uesimtun0,1921110,38265,10253112050,7483128,,1,1
2025-11-25T15:43:54.751471Z,mmtc,uesimtun1,482606,8494,790848590,582933,2.187,0,1
2025-11-25T15:43:54.751471Z,urllc,uesimtun2,343717,6093,1784756018,12062321,1.173,0,1
2025-11-25T15:43:55.751490Z,embb,uesimtun0,1924340,38330,10265877910,7492459,,1,1
2025-11-25T15:43:55.751490Z,mmtc,uesimtun1,484121,8524,793679527,585018,75.356,0,1
2025-11-25T15:43:55.751490Z,urllc,uesimtun2,344796,6114,1788065391,12084692,1.393,0,1
2025-11-25T15:43:56.752059Z,embb,uesimtun0,1927478,38391,10278650469,7501791,,1,1
2025-11-25T15:43:56.752059Z,mmtc,uesimtun1,484622,8532,797219201,587599,14.506,0,1
2025-11-25T15:43:56.752059Z,urllc,uesimtun2,345209,6122,1790964405,12104284,1.579,0,1
2025-11-25T15:43:57.751448Z,embb,uesimtun0,1930929,38457,10291404049,7511113,,1,1
2025-11-25T15:43:57.751448Z,mmtc,uesimtun1,485119,8541,800753287,590175,1.406,0,1
2025-11-25T15:43:57.751448Z,urllc,uesimtun2,346103,6137,1794006543,12124846,1.407,0,1
2025-11-25T15:43:58.751649Z,embb,uesimtun0,1934433,38526,10304164595,7520442,,1,1
2025-11-25T15:43:58.751649Z,mmtc,uesimtun1,486515,8562,803018539,591844,1.971,0,1
2025-11-25T15:43:58.751649Z,urllc,uesimtun2,346567,6143,1797084075,12145643,1.891,0,1
2025-11-25T15:43:59.751465Z,embb,uesimtun0,1938274,38603,10316888335,7529751,,1,1
2025-11-25T15:43:59.751465Z,mmtc,uesimtun1,487879,8587,806319632,594264,2.509,0,1
2025-11-25T15:43:59.751465Z,urllc,uesimtun2,347541,6160,1800168350,12166491,2.182,0,1
2025-11-25T15:44:00.752372Z,embb,uesimtun0,1942457,38686,10329704564,7539131,,1,1
2025-11-25T15:44:00.752372Z,mmtc,uesimtun1,488259,8592,809622496,596670,2.217,0,1
2025-11-25T15:44:00.752372Z,urllc,uesimtun2,347753,6163,1803255250,12187350,1.353,0,1
2025-11-25T15:44:01.759196Z,embb,uesimtun0,1946944,38775,10342559783,7548546,,1,1
2025-11-25T15:44:01.759196Z,mmtc,uesimtun1,488639,8597,812944540,599089,80.873,0,1
2025-11-25T15:44:01.759196Z,urllc,uesimtun2,348547,6178,1806601465,12209967,1.604,0,1
2025-11-25T15:44:02.751473Z,embb,uesimtun0,1950829,38851,10355218978,7557808,111.664,0,1
2025-11-25T15:44:02.751473Z,mmtc,uesimtun1,489724,8617,814662093,600362,1.583,0,1
2025-11-25T15:44:02.751473Z,urllc,uesimtun2,348759,6181,1808990397,12226110,2.045,0,1
2025-11-25T15:44:03.752159Z,embb,uesimtun0,1954505,38923,10367998892,7567153,,1,1
2025-11-25T15:44:03.752159Z,mmtc,uesimtun1,491201,8640,817041618,602114,43.207,0,1
2025-11-25T15:44:03.752159Z,urllc,uesimtun2,349268,6190,1812629431,12250703,2.131,0,1
2025-11-25T15:44:04.751988Z,embb,uesimtun0,1957502,38983,10380758992,7576476,117.418,0,1
2025-11-25T15:44:04.751988Z,mmtc,uesimtun1,491413,8643,819374150,603812,86.331,0,1
2025-11-25T15:44:04.751988Z,urllc,uesimtun2,349821,6199,1815438660,12269689,1.957,0,1
2025-11-25T15:44:05.751479Z,embb,uesimtun0,1960612,39044,10393508075,7585790,,1,1
2025-11-25T15:44:05.751479Z,mmtc,uesimtun1,491625,8646,822415322,606025,1.467,0,1
2025-11-25T15:44:05.751479Z,urllc,uesimtun2,351727,6235,1818669992,12291540,1.496,0,1
2025-11-25T15:44:06.752068Z,embb,uesimtun0,1963835,39109,10406283576,7595128,,1,1
2025-11-25T15:44:06.752068Z,mmtc,uesimtun1,492915,8664,824986046,607915,1.737,0,1
2025-11-25T15:44:06.752068Z,urllc,uesimtun2,352605,6251,1821756403,12312402,1.475,0,1
2025-11-25T15:44:07.751496Z,embb,uesimtun0,1967499,39185,10419037568,7604460,,1,1
2025-11-25T15:44:07.751496Z,mmtc,uesimtun1,493697,8679,828515018,610493,1.669,0,1
2025-11-25T15:44:07.751496Z,urllc,uesimtun2,352817,6254,1824840279,12333241,1.600,0,1
2025-11-25T15:44:08.751485Z,embb,uesimtun0,1971260,39260,10431799875,7613797,,1,1
2025-11-25T15:44:08.751485Z,mmtc,uesimtun1,494547,8694,832045313,613071,1.729,0,1
2025-11-25T15:44:08.751485Z,urllc,uesimtun2,353230,6262,1827923849,12354080,1.965,0,1
2025-11-25T15:44:09.751533Z,embb,uesimtun0,1975012,39334,10444564809,7623134,,1,1
2025-11-25T15:44:09.751533Z,mmtc,uesimtun1,495056,8703,835575468,615647,2.489,0,1
2025-11-25T15:44:09.751533Z,urllc,uesimtun2,353599,6270,1831010495,12374940,1.675,0,1
2025-11-25T15:44:10.751459Z,embb,uesimtun0,1978423,39401,10457325495,7632465,119.658,0,1
2025-11-25T15:44:10.751459Z,mmtc,uesimtun1,495244,8706,838647089,617885,3.196,0,1
2025-11-25T15:44:10.751459Z,urllc,uesimtun2,354012,6278,1833690405,12393052,1.543,0,1
2025-11-25T15:44:11.752151Z,embb,uesimtun0,1982087,39475,10470104108,7641811,,1,1
2025-11-25T15:44:11.752151Z,mmtc,uesimtun1,496023,8722,842641300,620805,28.442,0,1
2025-11-25T15:44:11.752151Z,urllc,uesimtun2,354308,6282,1837258705,12417165,2.003,0,1
2025-11-25T15:44:12.751480Z,embb,uesimtun0,1985442,39543,10482850787,7651130,,1,1
2025-11-25T15:44:12.751480Z,mmtc,uesimtun1,496528,8731,846172899,623383,1.438,0,1
2025-11-25T15:44:12.751480Z,urllc,uesimtun2,355114,6297,1840258748,12437443,2.321,0,1
2025-11-25T15:44:13.751481Z,embb,uesimtun0,1989544,39626,10495603730,7660465,109.409,0,1
2025-11-25T15:44:13.751481Z,mmtc,uesimtun1,497339,8746,849202639,625601,8.083,0,1
2025-11-25T15:44:13.751481Z,urllc,uesimtun2,355326,6300,1842926660,12455471,1.504,0,1
2025-11-25T15:44:14.751498Z,embb,uesimtun0,1993165,39691,10517114671,7676156,,1,1
2025-11-25T15:44:14.751498Z,mmtc,uesimtun1,497756,8753,853230905,628539,1.620,0,1
2025-11-25T15:44:14.751498Z,urllc,uesimtun2,355879,6309,1846426225,12479121,2.538,0,1
2025-11-25T15:44:15.751463Z,embb,uesimtun0,1996645,39761,10555390560,7704032,,1,1
2025-11-25T15:44:15.751463Z,mmtc,uesimtun1,498999,8770,854499654,629480,2.053,0,1
2025-11-25T15:44:15.751463Z,urllc,uesimtun2,356849,6327,1849510817,12499972,2.109,0,1
2025-11-25T15:44:16.751503Z,embb,uesimtun0,2000405,39835,10593687356,7731926,119.794,0,1
2025-11-25T15:44:16.751503Z,mmtc,uesimtun1,499211,8773,854499986,629485,1.635,0,1
2025-11-25T15:44:16.751503Z,urllc,uesimtun2,357760,6346,1852191475,12518096,2.106,0,1
2025-11-25T15:44:17.751468Z,embb,uesimtun0,2002885,39884,10631958363,7759785,,1,1
2025-11-25T15:44:17.751468Z,mmtc,uesimtun1,500461,8797,856768220,631161,38.659,0,1
2025-11-25T15:44:17.751468Z,urllc,uesimtun2,358630,6364,1855790823,12542424,1.543,0,1
2025-11-25T15:44:18.751502Z,embb,uesimtun0,2006665,39959,10670249553,7787674,110.459,0,1
2025-11-25T15:44:18.751502Z,mmtc,uesimtun1,500802,8804,858661893,632542,91.650,0,1
2025-11-25T15:44:18.751502Z,urllc,uesimtun2,358842,6367,1858608743,12561466,2.036,0,1
2025-11-25T15:44:19.751668Z,embb,uesimtun0,2009904,40023,10705388008,7813267,109.227,0,1
2025-11-25T15:44:19.751668Z,mmtc,uesimtun1,500930,8806,860862305,634144,106.180,0,1
2025-11-25T15:44:19.751668Z,urllc,uesimtun2,359395,6376,1861732684,12582578,1.526,0,1
2025-11-25T15:44:20.751468Z,embb,uesimtun0,2012621,40078,10743685035,7841145,128.182,0,1
2025-11-25T15:44:20.751468Z,mmtc,uesimtun1,501571,8817,863107508,635789,41.240,0,1
2025-11-25T15:44:20.751468Z,urllc,uesimtun2,359691,6380,1864674688,12602459,3.208,0,1
2025-11-25T15:44:21.751485Z,embb,uesimtun0,2015555,40136,10781967144,7869015,122.431,0,1
2025-11-25T15:44:21.751485Z,mmtc,uesimtun1,502064,8825,865295929,637387,2.094,0,1
2025-11-25T15:44:21.751485Z,urllc,uesimtun2,360609,6397,1867620404,12622371,1.833,0,1
2025-11-25T15:44:22.751460Z,embb,uesimtun0,2018978,40206,10820242974,7896890,,1,1
2025-11-25T15:44:22.751460Z,mmtc,uesimtun1,502725,8837,867780376,639204,1.822,0,1
2025-11-25T15:44:22.751460Z,urllc,uesimtun2,361463,6411,1871098994,12645882,2.540,0,1
2025-11-25T15:44:23.752031Z,embb,uesimtun0,2021169,40249,10858049886,7924407,,1,1
2025-11-25T15:44:23.752031Z,mmtc,uesimtun1,504402,8869,869986448,640833,1.452,0,1
2025-11-25T15:44:23.752031Z,urllc,uesimtun2,361932,6419,1874183483,12666727,2.358,0,1
2025-11-25T15:44:24.751505Z,embb,uesimtun0,2024933,40323,10895756057,7951867,,1,1
2025-11-25T15:44:24.751505Z,mmtc,uesimtun1,505565,8891,872186594,642451,77.816,0,1
2025-11-25T15:44:24.751505Z,urllc,uesimtun2,362630,6433,1877501431,12689153,2.643,0,1
2025-11-25T15:44:25.751456Z,embb,uesimtun0,2029075,40402,10934042285,7979759,126.097,0,1
2025-11-25T15:44:25.751456Z,mmtc,uesimtun1,506062,8900,874116264,643861,1.311,0,1
2025-11-25T15:44:25.751456Z,urllc,uesimtun2,363179,6443,1879965545,12705808,2.210,0,1
2025-11-25T15:44:26.751469Z,embb,uesimtun0,2033216,40483,10972319020,8007646,121.342,0,1
2025-11-25T15:44:26.751469Z,mmtc,uesimtun1,507236,8917,876161106,645366,21.312,0,1
2025-11-25T15:44:26.751469Z,urllc,uesimtun2,363812,6454,1883095807,12726964,1.785,0,1
2025-11-25T15:44:27.752457Z,embb,uesimtun0,2037029,40560,11010652861,8035567,,1,1
2025-11-25T15:44:27.752457Z,mmtc,uesimtun1,508969,8945,877797739,646582,2.023,0,1
2025-11-25T15:44:27.752457Z,urllc,uesimtun2,365019,6476,1886523400,12750134,1.736,0,1
2025-11-25T15:44:28.751517Z,embb,uesimtun0,2039722,40613,11048885756,8063404,112.128,0,1
2025-11-25T15:44:28.751517Z,mmtc,uesimtun1,509733,8958,877932406,646696,48.290,0,1
2025-11-25T15:44:28.751517Z,urllc,uesimtun2,365315,6480,1889320156,12769033,3.201,0,1
2025-11-25T15:44:29.752387Z,embb,uesimtun0,2042732,40675,11087217333,8091310,127.582,0,1
2025-11-25T15:44:29.752387Z,mmtc,uesimtun1,510149,8964,878186312,646890,,1,1
2025-11-25T15:44:29.752387Z,urllc,uesimtun2,365948,6491,1893076458,12794419,3.178,0,1
2025-11-25T15:44:30.752136Z,embb,uesimtun0,2045573,40731,11125488528,8119173,110.810,0,1
2025-11-25T15:44:30.752136Z,mmtc,uesimtun1,511730,8995,878431464,647092,20.022,0,1
2025-11-25T15:44:30.752136Z,urllc,uesimtun2,366076,6493,1895397522,12810103,1.794,0,1
2025-11-25T15:44:31.752281Z,embb,uesimtun0,2049213,40801,11163764356,8147046,,1,1
2025-11-25T15:44:31.752281Z,mmtc,uesimtun1,512026,8999,878716592,647303,2.336,0,1
2025-11-25T15:44:31.752281Z,urllc,uesimtun2,366629,6502,1898858755,12833494,1.587,0,1
2025-11-25T15:44:32.752282Z,embb,uesimtun0,2052271,40860,11202057652,8174926,,1,1
2025-11-25T15:44:32.752282Z,mmtc,uesimtun1,512668,9011,878966335,647495,2.731,0,1
2025-11-25T15:44:32.752282Z,urllc,uesimtun2,368249,6534,1901945888,12854371,1.960,0,1
2025-11-25T15:44:33.752027Z,embb,uesimtun0,2055525,40925,11240333173,8202796,,1,1
2025-11-25T15:44:33.752027Z,mmtc,uesimtun1,513809,9027,879048826,647572,6.199,0,1
2025-11-25T15:44:33.752027Z,urllc,uesimtun2,368461,6537,1905039508,12875276,2.071,0,1
2025-11-25T15:44:34.751483Z,embb,uesimtun0,2058560,40985,11278582381,8230644,,1,1
2025-11-25T15:44:34.751483Z,mmtc,uesimtun1,515039,9051,881113109,649096,78.022,0,1
2025-11-25T15:44:34.751483Z,urllc,uesimtun2,369624,6559,1908342453,12897604,1.359,0,1
2025-11-25T15:44:35.751324Z,embb,uesimtun0,2062125,41054,11316866704,8258527,,1,1
2025-11-25T15:44:35.751324Z,mmtc,uesimtun1,515994,9062,881707194,649540,2.058,0,1
2025-11-25T15:44:35.751324Z,urllc,uesimtun2,370759,6580,1911192614,12916872,1.921,0,1
2025-11-25T15:44:36.751529Z,embb,uesimtun0,2065365,41118,11355145210,8286401,111.526,0,1
2025-11-25T15:44:36.751529Z,mmtc,uesimtun1,516528,9071,881707917,649550,1.724,0,1
2025-11-25T15:44:36.751529Z,urllc,uesimtun2,371565,6595,1913847965,12934821,1.764,0,1
2025-11-25T15:44:37.752178Z,embb,uesimtun0,2068286,41176,11393469858,8314300,109.347,0,1
2025-11-25T15:44:37.752178Z,mmtc,uesimtun1,516802,9076,882673154,650261,58.780,0,1
2025-11-25T15:44:37.752178Z,urllc,uesimtun2,372118,6604,1917102146,12956813,1.580,0,1
2025-11-25T15:44:38.752356Z,embb,uesimtun0,2071400,41238,11431741131,8342164,,1,1
2025-11-25T15:44:38.752356Z,mmtc,uesimtun1,518182,9102,883823924,651124,75.905,0,1
2025-11-25T15:44:38.752356Z,urllc,uesimtun2,372995,6614,1919026766,12969822,1.415,0,1
2025-11-25T15:44:39.751464Z,embb,uesimtun0,2074020,41289,11469361456,8369553,112.178,0,1
2025-11-25T15:44:39.751464Z,mmtc,uesimtun1,518956,9117,884692884,651766,37.801,0,1
2025-11-25T15:44:39.751464Z,urllc,uesimtun2,373900,6631,1921140896,12984116,1.271,0,1
2025-11-25T15:44:40.751578Z,embb,uesimtun0,2078234,41373,11507654421,8397449,,1,1
2025-11-25T15:44:40.751578Z,mmtc,uesimtun1,519874,9134,885840052,652614,2.878,0,1
2025-11-25T15:44:40.751578Z,urllc,uesimtun2,374112,6634,1924544664,13007116,1.922,0,1
2025-11-25T15:44:41.751467Z,embb,uesimtun0,2081613,41442,11545920624,8425317,,1,1
2025-11-25T15:44:41.751467Z,mmtc,uesimtun1,520937,9154,886848564,653366,1.241,0,1
2025-11-25T15:44:41.751467Z,urllc,uesimtun2,374324,6637,1927622536,13027914,1.716,0,1
2025-11-25T15:44:42.751510Z,embb,uesimtun0,2085462,41521,11584181872,8453191,111.907,0,1
2025-11-25T15:44:42.751510Z,mmtc,uesimtun1,521434,9163,887717518,654008,12.503,0,1
2025-11-25T15:44:42.751510Z,urllc,uesimtun2,374704,6642,1930312224,13046090,1.444,0,1
2025-11-25T15:44:43.751484Z,embb,uesimtun0,2089716,41606,11622489970,8481099,,1,1
2025-11-25T15:44:43.751484Z,mmtc,uesimtun1,522730,9188,888865116,654863,1.400,0,1
2025-11-25T15:44:43.751484Z,urllc,uesimtun2,376023,6666,1933791162,13069608,2.227,0,1
2025-11-25T15:44:44.751920Z,embb,uesimtun0,2094267,41696,11660786020,8509003,,1,1
2025-11-25T15:44:44.751920Z,mmtc,uesimtun1,523110,9193,889872788,655601,2.175,0,1
2025-11-25T15:44:44.751920Z,urllc,uesimtun2,376319,6670,1936877554,13090464,1.674,0,1
2025-11-25T15:44:45.752253Z,embb,uesimtun0,2098208,41775,11699095482,8536912,,1,1
2025-11-25T15:44:45.752253Z,mmtc,uesimtun1,524184,9212,890882585,656352,1.555,0,1
2025-11-25T15:44:45.752253Z,urllc,uesimtun2,376700,6678,1939961388,13111305,1.740,0,1
2025-11-25T15:44:46.752034Z,embb,uesimtun0,2100700,41823,11737349775,8564756,,1,1
2025-11-25T15:44:46.752034Z,mmtc,uesimtun1,525263,9233,891790611,657031,84.033,0,1
2025-11-25T15:44:46.752034Z,urllc,uesimtun2,377578,6694,1942909863,13131235,1.670,0,1
2025-11-25T15:44:47.751452Z,embb,uesimtun0,2103573,41879,11775623430,8592616,,1,1
2025-11-25T15:44:47.751452Z,mmtc,uesimtun1,526365,9249,891791835,657048,1.396,0,1
2025-11-25T15:44:47.751452Z,urllc,uesimtun2,377874,6698,1945698775,13150081,1.854,0,1
2025-11-25T15:44:48.751463Z,embb,uesimtun0,2106976,41948,11813892326,8620485,,1,1
2025-11-25T15:44:48.751463Z,mmtc,uesimtun1,527270,9266,892770132,657778,63.410,0,1
2025-11-25T15:44:48.751463Z,urllc,uesimtun2,379266,6724,1948974244,13172225,1.506,0,1
2025-11-25T15:44:49.751966Z,embb,uesimtun0,2110119,42011,11852221439,8648393,117.443,0,1
2025-11-25T15:44:49.751966Z,mmtc,uesimtun1,527767,9275,894047602,658714,105.163,0,1
2025-11-25T15:44:49.751966Z,urllc,uesimtun2,379562,6728,1951778188,13191173,2.298,0,1
2025-11-25T15:44:50.849339Z,embb,uesimtun0,2114329,42096,11889644822,8675659,,1,1
2025-11-25T15:44:50.849339Z,mmtc,uesimtun1,528565,9289,895857897,660042,1.685,0,1
2025-11-25T15:44:50.849339Z,urllc,uesimtun2,380524,6745,1955151719,13213975,1.990,0,1
2025-11-25T15:44:51.751580Z,embb,uesimtun0,2118073,42172,11927991180,8703592,118.050,0,1
2025-11-25T15:44:51.751580Z,mmtc,uesimtun1,529066,9297,896988248,660873,1.994,0,1
2025-11-25T15:44:51.751580Z,urllc,uesimtun2,381081,6755,1957516442,13229959,1.299,0,1
2025-11-25T15:44:52.751560Z,embb,uesimtun0,2121982,42251,11966295284,8731499,,1,1
2025-11-25T15:44:52.751560Z,mmtc,uesimtun1,529976,9313,898655778,662102,2.211,0,1
2025-11-25T15:44:52.751560Z,urllc,uesimtun2,382437,6782,1961010849,13253583,2.012,0,1
2025-11-25T15:44:53.751570Z,embb,uesimtun0,2126099,42332,12004559447,8759375,119.689,0,1
2025-11-25T15:44:53.751570Z,mmtc,uesimtun1,531439,9335,899673083,662865,2.056,0,1
2025-11-25T15:44:53.751570Z,urllc,uesimtun2,382565,6784,1963528097,13270593,1.504,0,1
2025-11-25T15:44:54.751487Z,embb,uesimtun0,2129256,42394,12042844641,8787252,,1,1
2025-11-25T15:44:54.751487Z,mmtc,uesimtun1,531976,9345,901418422,664142,1.871,0,1
2025-11-25T15:44:54.751487Z,urllc,uesimtun2,383291,6797,1967015927,13294166,1.924,0,1
2025-11-25T15:44:55.752136Z,embb,uesimtun0,2132286,42455,12081166758,8815153,,1,1
2025-11-25T15:44:55.752136Z,mmtc,uesimtun1,532686,9359,902964578,665279,1.697,0,1
2025-11-25T15:44:55.752136Z,urllc,uesimtun2,384045,6811,1970100278,13315013,2.017,0,1
2025-11-25T15:44:56.752179Z,embb,uesimtun0,2135702,42524,12119437070,8843024,,1,1
2025-11-25T15:44:56.752179Z,mmtc,uesimtun1,533183,9368,904508968,666409,1.973,0,1
2025-11-25T15:44:56.752179Z,urllc,uesimtun2,384911,6827,1973184470,13335860,1.987,0,1
2025-11-25T15:44:57.751586Z,embb,uesimtun0,2139270,42596,12157693735,8870886,111.112,0,1
2025-11-25T15:44:57.751586Z,mmtc,uesimtun1,533512,9375,905837158,667380,1.663,0,1
2025-11-25T15:44:57.751586Z,urllc,uesimtun2,385291,6832,1975836270,13353780,1.699,0,1
2025-11-25T15:44:58.799181Z,embb,uesimtun0,2142850,42669,12191859823,8895780,,1,1
2025-11-25T15:44:58.799181Z,mmtc,uesimtun1,534691,9396,907671499,668734,100.334,0,1
2025-11-25T15:44:58.799181Z,urllc,uesimtun2,385844,6841,1979799223,13380561,9.329,0,1
2025-11-25T15:44:59.751623Z,embb,uesimtun0,2147293,42751,12218483546,8915202,,1,1
2025-11-25T15:44:59.751623Z,mmtc,uesimtun1,536577,9431,908417788,669305,1.656,0,1
2025-11-25T15:44:59.751623Z,urllc,uesimtun2,386514,6854,1982436318,13398386,2.156,0,1
2025-11-25T15:45:00.751517Z,embb,uesimtun0,2151406,42833,12231238095,8924540,,1,1
2025-11-25T15:45:00.751517Z,mmtc,uesimtun1,537955,9450,910542699,670871,9.439,0,1
2025-11-25T15:45:00.751517Z,urllc,uesimtun2,386899,6861,1985541675,13419372,1.823,0,1
2025-11-25T15:45:01.751998Z,embb,uesimtun0,2156016,42926,12244013671,8933901,,1,1
2025-11-25T15:45:01.751998Z,mmtc,uesimtun1,538970,9470,913697826,673184,101.489,0,1
2025-11-25T15:45:01.751998Z,urllc,uesimtun2,387709,6875,1988912437,13442154,1.887,0,1
2025-11-25T15:45:02.751974Z,embb,uesimtun0,2159580,42997,12256778539,8943236,,1,1
2025-11-25T15:45:02.751974Z,mmtc,uesimtun1,539772,9485,916852785,675494,33.270,0,1
2025-11-25T15:45:02.751974Z,urllc,uesimtun2,387921,6878,1991783109,13461552,1.577,0,1
2025-11-25T15:45:03.752026Z,embb,uesimtun0,2162983,43064,12269541657,8952565,,1,1
2025-11-25T15:45:03.752026Z,mmtc,uesimtun1,540490,9498,920005855,677795,2.246,0,1
2025-11-25T15:45:03.752026Z,urllc,uesimtun2,389148,6901,1994773762,13481771,1.609,0,1
2025-11-25T15:45:04.752300Z,embb,uesimtun0,2166326,43131,12282302108,8961893,,1,1
2025-11-25T15:45:04.752300Z,mmtc,uesimtun1,540786,9502,923161379,680093,1.754,0,1
2025-11-25T15:45:04.752300Z,urllc,uesimtun2,390411,6923,1997857434,13502617,1.860,0,1
2025-11-25T15:45:05.752065Z,embb,uesimtun0,2170211,43209,12295065870,8971232,127.329,0,1
2025-11-25T15:45:05.752065Z,mmtc,uesimtun1,541167,9510,925929061,682113,2.164,0,1
2025-11-25T15:45:05.752065Z,urllc,uesimtun2,390539,6925,2000564778,13520911,1.982,0,1
2025-11-25T15:45:06.819377Z,embb,uesimtun0,2173775,43281,12305689529,8979010,,1,1
2025-11-25T15:45:06.819377Z,mmtc,uesimtun1,541631,9516,929682189,684850,90.568,0,1
2025-11-25T15:45:06.819377Z,urllc,uesimtun2,391758,6947,2004505782,13547550,1.598,0,1
2025-11-25T15:45:07.751528Z,embb,uesimtun0,2177756,43363,12319990512,8989471,,1,1
2025-11-25T15:45:07.751528Z,mmtc,uesimtun1,541960,9523,932621903,686995,125.344,0,1
2025-11-25T15:45:07.751528Z,urllc,uesimtun2,391886,6949,2007487814,13567700,1.678,0,1
2025-11-25T15:45:08.751483Z,embb,uesimtun0,2181360,43436,12332745719,8998800,,1,1
2025-11-25T15:45:08.751483Z,mmtc,uesimtun1,542955,9543,935776824,689305,6.697,0,1
2025-11-25T15:45:08.751483Z,urllc,uesimtun2,391930,6950,2010204546,13586057,1.301,0,1
2025-11-25T15:45:09.751490Z,embb,uesimtun0,2185874,43526,12345512883,9008152,,1,1
2025-11-25T15:45:09.751490Z,mmtc,uesimtun1,543340,9550,938930997,691603,1.698,0,1
2025-11-25T15:45:09.751490Z,urllc,uesimtun2,392427,6959,2013272512,13606791,1.964,0,1
2025-11-25T15:45:10.751470Z,embb,uesimtun0,2190448,43617,12358277379,9017503,,1,1
2025-11-25T15:45:10.751470Z,mmtc,uesimtun1,544566,9568,939960241,692369,2.379,0,1
2025-11-25T15:45:10.751470Z,urllc,uesimtun2,392891,6965,2016359812,13627654,1.460,0,1
2025-11-25T15:45:11.752028Z,embb,uesimtun0,2194786,43704,12371049859,9026856,,1,1
2025-11-25T15:45:11.752028Z,mmtc,uesimtun1,545186,9579,939977578,692393,98.620,0,1
2025-11-25T15:45:11.752028Z,urllc,uesimtun2,393271,6970,2019742584,13650513,1.692,0,1
2025-11-25T15:45:12.751858Z,embb,uesimtun0,2198767,43784,12383472445,9035949,,1,1
2025-11-25T15:45:12.751858Z,mmtc,uesimtun1,545683,9588,939998988,692419,46.708,0,1
2025-11-25T15:45:12.751858Z,urllc,uesimtun2,393824,6979,2022666725,13670275,1.971,0,1
2025-11-25T15:45:13.751513Z,embb,uesimtun0,2202227,43853,12396576959,9045528,,1,1
2025-11-25T15:45:13.751513Z,mmtc,uesimtun1,546661,9600,940005769,692440,94.740,0,1
2025-11-25T15:45:13.751513Z,urllc,uesimtun2,394586,6993,2025895809,13692103,31.420,0,1
2025-11-25T15:45:14.751936Z,embb,uesimtun0,2206417,43934,12409345027,9054872,,1,1
2025-11-25T15:45:14.751936Z,mmtc,uesimtun1,548108,9627,940022506,692476,79.900,0,1
2025-11-25T15:45:14.751936Z,urllc,uesimtun2,395645,7012,2028936460,13712655,1.926,0,1
2025-11-25T15:45:15.809413Z,embb,uesimtun0,2209808,44001,12422833382,9064729,176.983,0,1
2025-11-25T15:45:15.809413Z,mmtc,uesimtun1,548525,9634,940201957,692615,146.447,0,1
2025-11-25T15:45:15.809413Z,urllc,uesimtun2,396198,7021,2031986969,13733271,1.464,0,1
2025-11-25T15:45:16.751522Z,embb,uesimtun0,2213777,44082,12434859649,9073534,,1,1
2025-11-25T15:45:16.751522Z,mmtc,uesimtun1,549022,9643,940385567,692757,63.759,0,1
2025-11-25T15:45:16.751522Z,urllc,uesimtun2,396499,7027,2034864534,13752717,1.417,0,1
2025-11-25T15:45:17.752156Z,embb,uesimtun0,2217481,44156,12447631464,9082876,,1,1
2025-11-25T15:45:17.752156Z,mmtc,uesimtun1,551272,9688,940569599,692928,71.075,0,1
2025-11-25T15:45:17.752156Z,urllc,uesimtun2,398457,7066,2037973545,13773743,1.811,0,1
2025-11-25T15:45:18.752035Z,embb,uesimtun0,2221806,44242,12460398608,9092227,,1,1
2025-11-25T15:45:18.752035Z,mmtc,uesimtun1,552026,9702,940752232,693076,1.845,0,1
2025-11-25T15:45:18.752035Z,urllc,uesimtun2,399391,7082,2040845240,13793154,2.016,0,1
2025-11-25T15:45:19.752167Z,embb,uesimtun0,2225980,44326,12473162675,9101571,,1,1
2025-11-25T15:45:19.752167Z,mmtc,uesimtun1,552848,9718,940934800,693223,1.483,0,1
2025-11-25T15:45:19.752167Z,urllc,uesimtun2,400610,7104,2043780140,13812995,1.999,0,1
2025-11-25T15:45:20.752361Z,embb,uesimtun0,2229544,44397,12485579234,9110651,,1,1
2025-11-25T15:45:20.752361Z,mmtc,uesimtun1,553798,9735,941117484,693371,,1,1
2025-11-25T15:45:20.752361Z,urllc,uesimtun2,400990,7109,2047634440,13839040,1.984,0,1
2025-11-25T15:45:21.751530Z,embb,uesimtun0,2232951,44465,12498676917,9120226,,1,1
2025-11-25T15:45:21.751530Z,mmtc,uesimtun1,554684,9750,941285193,693507,1.623,0,1
2025-11-25T15:45:21.751530Z,urllc,uesimtun2,401202,7112,2049947744,13854672,1.829,0,1
2025-11-25T15:45:22.751478Z,embb,uesimtun0,2236258,44530,12511438871,9129556,115.283,0,1
2025-11-25T15:45:22.751478Z,mmtc,uesimtun1,555836,9765,941528741,693704,41.127,0,1
2025-11-25T15:45:22.751478Z,urllc,uesimtun2,401330,7114,2052734712,13873504,1.502,0,1
2025-11-25T15:45:23.752503Z,embb,uesimtun0,2239565,44597,12524214313,9138893,,1,1
2025-11-25T15:45:23.752503Z,mmtc,uesimtun1,556771,9784,942052639,694100,,1,1
2025-11-25T15:45:23.752503Z,urllc,uesimtun2,402047,7126,2056885898,13901559,1.444,0,1
2025-11-25T15:45:24.751797Z,embb,uesimtun0,2242759,44663,12536977468,9148224,,1,1
2025-11-25T15:45:24.751797Z,mmtc,uesimtun1,557609,9800,942514592,694451,25.992,0,1
2025-11-25T15:45:24.751797Z,urllc,uesimtun2,402175,7128,2059275338,13917705,5.487,0,1
2025-11-25T15:45:25.751493Z,embb,uesimtun0,2247137,44751,12549733430,9157565,,1,1
2025-11-25T15:45:25.751493Z,mmtc,uesimtun1,558387,9814,942976290,694797,1.334,0,1
2025-11-25T15:45:25.751493Z,urllc,uesimtun2,402387,7131,2062281726,13938020,1.556,0,1
2025-11-25T15:45:26.751477Z,embb,uesimtun0,2251312,44833,12562494682,9166905,,1,1
2025-11-25T15:45:26.751477Z,mmtc,uesimtun1,558800,9822,943439144,695141,1.798,0,1
2025-11-25T15:45:26.751477Z,urllc,uesimtun2,402936,7141,2065367060,13958872,2.337,0,1
2025-11-25T15:45:27.751469Z,embb,uesimtun0,2255943,44927,12574437761,9175661,118.675,0,1
2025-11-25T15:45:27.751469Z,mmtc,uesimtun1,559213,9830,943840078,695440,1.482,0,1
2025-11-25T15:45:27.751469Z,urllc,uesimtun2,403886,7158,2068044452,13976972,1.593,0,1
2025-11-25T15:45:28.751468Z,embb,uesimtun0,2259712,45001,12587202602,9184996,,1,1
2025-11-25T15:45:28.751468Z,mmtc,uesimtun1,560314,9844,944060203,695617,1.486,0,1
2025-11-25T15:45:28.751468Z,urllc,uesimtun2,404636,7171,2071534538,14000559,1.607,0,1
2025-11-25T15:45:29.751920Z,embb,uesimtun0,2263994,45088,12599980555,9194353,,1,1
2025-11-25T15:45:29.751920Z,mmtc,uesimtun1,561716,9871,945775365,696893,61.261,0,1
2025-11-25T15:45:29.751920Z,urllc,uesimtun2,405016,7176,2074803054,14022646,3.689,0,1
2025-11-25T15:45:30.751669Z,embb,uesimtun0,2267361,45155,12612739629,9203680,,1,1
2025-11-25T15:45:30.751669Z,mmtc,uesimtun1,563799,9913,947599430,698252,21.754,0,1
2025-11-25T15:45:30.751669Z,urllc,uesimtun2,405060,7177,2077766290,14042669,3.551,0,1
2025-11-25T15:45:31.751770Z,embb,uesimtun0,2271109,45229,12625504597,9213017,206.692,0,1
2025-11-25T15:45:31.751770Z,mmtc,uesimtun1,565201,9933,948136253,698662,125.859,0,1
2025-11-25T15:45:31.751770Z,urllc,uesimtun2,406018,7195,2081035798,14064769,1.657,0,1
2025-11-25T15:45:32.751512Z,embb,uesimtun0,2274536,45296,12638260987,9222342,,1,1
2025-11-25T15:45:32.751512Z,mmtc,uesimtun1,565698,9942,948886691,699215,21.914,0,1
2025-11-25T15:45:32.751512Z,urllc,uesimtun2,407646,7225,2083806417,14083504,1.415,0,1
2025-11-25T15:45:33.752246Z,embb,uesimtun0,2277791,45361,12651030932,9231675,,1,1
2025-11-25T15:45:33.752246Z,mmtc,uesimtun1,565994,9946,949606635,699742,1.831,0,1
2025-11-25T15:45:33.752246Z,urllc,uesimtun2,408576,7242,2086831609,14103953,1.733,0,1
2025-11-25T15:45:34.751488Z,embb,uesimtun0,2281760,45441,12663785134,9241009,,1,1
2025-11-25T15:45:34.751488Z,mmtc,uesimtun1,566996,9964,950326035,700281,1.516,0,1
2025-11-25T15:45:34.751488Z,urllc,uesimtun2,409045,7250,2089911954,14124770,1.463,0,1
2025-11-25T15:45:35.751483Z,embb,uesimtun0,2285480,45514,12676545981,9250343,,1,1
2025-11-25T15:45:35.751483Z,mmtc,uesimtun1,567549,9973,951046232,700812,1.508,0,1
2025-11-25T15:45:35.751483Z,urllc,uesimtun2,409514,7258,2092996147,14145613,1.717,0,1
2025-11-25T15:45:36.751796Z,embb,uesimtun0,2289758,45597,12689322558,9259697,,1,1
2025-11-25T15:45:36.751796Z,mmtc,uesimtun1,568106,9983,951765312,701346,1.923,0,1
2025-11-25T15:45:36.751796Z,urllc,uesimtun2,410239,7270,2096083870,14166483,1.496,0,1
2025-11-25T15:45:37.751734Z,embb,uesimtun0,2293627,45675,12702086230,9269035,131.362,0,1
2025-11-25T15:45:37.751734Z,mmtc,uesimtun1,568716,9995,952398931,701816,1.439,0,1
2025-11-25T15:45:37.751734Z,urllc,uesimtun2,410884,7281,2098797395,14184822,2.070,0,1
2025-11-25T15:45:38.751705Z,embb,uesimtun0,2296845,45739,12714849400,9278365,,1,1
2025-11-25T15:45:38.751705Z,mmtc,uesimtun1,569096,10000,953204271,702406,2.551,0,1
2025-11-25T15:45:38.751705Z,urllc,uesimtun2,411353,7289,2102251736,14208166,1.938,0,1
2025-11-25T15:45:39.751583Z,embb,uesimtun0,2300690,45813,12727611546,9287698,,1,1
2025-11-25T15:45:39.751583Z,mmtc,uesimtun1,570070,10017,953923534,702943,1.778,0,1
2025-11-25T15:45:39.751583Z,urllc,uesimtun2,411649,7293,2105334576,14228998,2.001,0,1
2025-11-25T15:45:40.752064Z,embb,uesimtun0,2304092,45880,12740374787,9297029,,1,1
2025-11-25T15:45:40.752064Z,mmtc,uesimtun1,571348,10035,954214345,703177,,1,1
2025-11-25T15:45:40.752064Z,urllc,uesimtun2,412871,7314,2109187392,14255041,1.977,0,1
2025-11-25T15:45:41.751495Z,embb,uesimtun0,2307728,45954,12753125933,9306356,,1,1
2025-11-25T15:45:41.751495Z,mmtc,uesimtun1,572800,10063,954833890,703653,2.105,0,1
2025-11-25T15:45:41.751495Z,urllc,uesimtun2,413408,7324,2111503274,14270694,1.948,0,1
2025-11-25T15:45:42.751459Z,embb,uesimtun0,2310958,46019,12765891791,9315687,,1,1
2025-11-25T15:45:42.751459Z,mmtc,uesimtun1,574637,10099,955453616,704132,4.102,0,1
2025-11-25T15:45:42.751459Z,urllc,uesimtun2,413793,7331,2114591527,14291564,3.023,0,1
2025-11-25T15:45:43.751647Z,embb,uesimtun0,2315164,46101,12778662664,9325034,111.151,0,1
2025-11-25T15:45:43.751647Z,mmtc,uesimtun1,575017,10104,955986508,704524,1.904,0,1
2025-11-25T15:45:43.751647Z,urllc,uesimtun2,414896,7352,2117239488,14309466,2.009,0,1
2025-11-25T15:45:44.751468Z,embb,uesimtun0,2320048,46197,12791420440,9334382,,1,1
2025-11-25T15:45:44.751468Z,mmtc,uesimtun1,575390,10111,956691454,705043,10.490,0,1
2025-11-25T15:45:44.751468Z,urllc,uesimtun2,415276,7357,2120780028,14333391,1.482,0,1
2025-11-25T15:45:45.751486Z,embb,uesimtun0,2324165,46281,12804181732,9343725,111.150,0,1
2025-11-25T15:45:45.751486Z,mmtc,uesimtun1,575642,10115,957224178,705433,1.284,0,1
2025-11-25T15:45:45.751486Z,urllc,uesimtun2,416310,7375,2123407660,14351154,2.309,0,1
2025-11-25T15:45:46.751486Z,embb,uesimtun0,2328126,46361,12814637962,9351388,,1,1
2025-11-25T15:45:46.751486Z,mmtc,uesimtun1,576564,10131,957905136,705946,153.811,0,1
2025-11-25T15:45:46.751486Z,urllc,uesimtun2,416903,7385,2127389906,14378066,1.345,0,1
2025-11-25T15:45:47.751452Z,embb,uesimtun0,2331416,46426,12829708722,9362395,,1,1
2025-11-25T15:45:47.751452Z,mmtc,uesimtun1,577897,10149,957906639,705966,1.426,0,1
2025-11-25T15:45:47.751452Z,urllc,uesimtun2,417115,7388,2130003650,14395728,1.842,0,1
2025-11-25T15:45:48.759638Z,embb,uesimtun0,2335172,46501,12840850030,9370553,,1,1
2025-11-25T15:45:48.759638Z,mmtc,uesimtun1,578842,10167,961294244,708446,,1,1
2025-11-25T15:45:48.759638Z,urllc,uesimtun2,418061,7406,2133880486,14421932,2.331,0,1
2025-11-25T15:45:49.751557Z,embb,uesimtun0,2338153,46560,12854825086,9380758,,1,1
2025-11-25T15:45:49.751557Z,mmtc,uesimtun1,579456,10180,965058416,711194,10.992,0,1
2025-11-25T15:45:49.751557Z,urllc,uesimtun2,418357,7410,2136202902,14437626,1.617,0,1
2025-11-25T15:45:50.752203Z,embb,uesimtun0,2340822,46614,12867598653,9390086,,1,1
2025-11-25T15:45:50.752203Z,mmtc,uesimtun1,580121,10191,968851418,713961,83.934,0,1
2025-11-25T15:45:50.752203Z,urllc,uesimtun2,419095,7425,2139270106,14458358,2.202,0,1
2025-11-25T15:45:51.751955Z,embb,uesimtun0,2343764,46672,12880364112,9399410,109.663,0,1
2025-11-25T15:45:51.751955Z,mmtc,uesimtun1,580598,10199,972111926,716342,2.398,0,1
2025-11-25T15:45:51.751955Z,urllc,uesimtun2,419480,7432,2141666691,14474555,2.519,0,1
2025-11-25T15:45:52.751706Z,embb,uesimtun0,2347335,46744,12893124772,9408742,,1,1
2025-11-25T15:45:52.751706Z,mmtc,uesimtun1,581288,10213,976440186,719499,191.426,0,1
2025-11-25T15:45:52.751706Z,urllc,uesimtun2,420430,7449,2145770835,14502294,14.251,0,1
2025-11-25T15:45:53.751791Z,embb,uesimtun0,2350859,46815,12905886979,9418078,,1,1
2025-11-25T15:45:53.751791Z,mmtc,uesimtun1,581786,10222,980236138,722272,24.203,0,1
2025-11-25T15:45:53.751791Z,urllc,uesimtun2,421918,7478,2148337543,14519651,1.413,0,1
2025-11-25T15:45:54.752166Z,embb,uesimtun0,2354664,46890,12918650491,9427413,110.699,0,1
2025-11-25T15:45:54.752166Z,mmtc,uesimtun1,583201,10250,983502801,724667,1.468,0,1
2025-11-25T15:45:54.752166Z,urllc,uesimtun2,422046,7480,2150921751,14537113,1.724,0,1
2025-11-25T15:45:55.751476Z,embb,uesimtun0,2358388,46963,12931401594,9436738,121.191,0,1
2025-11-25T15:45:55.751476Z,mmtc,uesimtun1,583497,10254,987331189,727454,1.907,0,1
2025-11-25T15:45:55.751476Z,urllc,uesimtun2,422258,7483,2154036475,14558160,1.641,0,1
2025-11-25T15:45:56.751643Z,embb,uesimtun0,2362119,47036,12944177654,9446084,,1,1
2025-11-25T15:45:56.751643Z,mmtc,uesimtun1,585716,10291,988276373,728177,1.830,0,1
2025-11-25T15:45:56.751643Z,urllc,uesimtun2,422722,7489,2157519083,14581694,2.338,0,1
2025-11-25T15:45:57.751476Z,embb,uesimtun0,2366124,47118,12956931902,9455419,231.599,0,1
2025-11-25T15:45:57.751476Z,mmtc,uesimtun1,586129,10299,988297471,728199,147.175,0,1
2025-11-25T15:45:57.751476Z,urllc,uesimtun2,423796,7508,2160994184,14605185,2.318,0,1
2025-11-25T15:45:58.751478Z,embb,uesimtun0,2368894,47173,12969691939,9464741,,1,1
2025-11-25T15:45:58.751478Z,mmtc,uesimtun1,587614,10320,988306355,728229,1.723,0,1
2025-11-25T15:45:58.751478Z,urllc,uesimtun2,425257,7537,2163687151,14623394,2.014,0,1
2025-11-25T15:45:59.751464Z,embb,uesimtun0,2373112,47249,12978118956,9470930,,1,1
2025-11-25T15:45:59.751464Z,mmtc,uesimtun1,589072,10347,990163063,729605,8.376,0,1
2025-11-25T15:45:59.751464Z,urllc,uesimtun2,425810,7546,2166792444,14644380,2.084,0,1
2025-11-25T15:46:00.752478Z,embb,uesimtun0,2376459,47315,13003331065,9489311,118.626,0,1
2025-11-25T15:46:00.752478Z,mmtc,uesimtun1,589176,10349,992334953,731191,29.209,0,1
2025-11-25T15:46:00.752478Z,urllc,uesimtun2,426106,7550,2169537400,14662929,1.688,0,1
2025-11-25T15:46:01.751828Z,embb,uesimtun0,2379818,47382,13028888313,9507939,,1,1
2025-11-25T15:46:01.751828Z,mmtc,uesimtun1,589870,10362,995156532,733253,2.340,0,1
2025-11-25T15:46:01.751828Z,urllc,uesimtun2,426771,7561,2172942234,14685940,1.774,0,1
2025-11-25T15:46:02.751478Z,embb,uesimtun0,2383627,47458,13054350054,9526510,,1,1
2025-11-25T15:46:02.751478Z,mmtc,uesimtun1,590752,10377,997655076,735085,1.529,0,1
2025-11-25T15:46:02.751478Z,urllc,uesimtun2,427280,7570,2176022780,14706759,1.891,0,1
2025-11-25T15:46:03.751482Z,embb,uesimtun0,2386906,47521,13079885298,9545121,,1,1
2025-11-25T15:46:03.751482Z,mmtc,uesimtun1,592091,10402,1000152656,736923,4.003,0,1
2025-11-25T15:46:03.751482Z,urllc,uesimtun2,429118,7606,2179114465,14727666,5.399,0,1
2025-11-25T15:46:04.751502Z,embb,uesimtun0,2390284,47588,13105402829,9563723,,1,1
2025-11-25T15:46:04.751502Z,mmtc,uesimtun1,592911,10411,1000796254,737403,1.487,0,1
2025-11-25T15:46:04.751502Z,urllc,uesimtun2,429671,7615,2182192674,14748469,1.804,0,1
2025-11-25T15:46:05.751446Z,embb,uesimtun0,2394004,47664,13130919468,9582334,,1,1
2025-11-25T15:46:05.751446Z,mmtc,uesimtun1,593732,10427,1002382600,738573,99.280,0,1
2025-11-25T15:46:05.751446Z,urllc,uesimtun2,430982,7639,2185578339,14771357,1.600,0,1
2025-11-25T15:46:06.751475Z,embb,uesimtun0,2397144,47726,13156444791,9600934,,1,1
2025-11-25T15:46:06.751475Z,mmtc,uesimtun1,594891,10450,1004311694,739995,104.282,0,1
2025-11-25T15:46:06.751475Z,urllc,uesimtun2,431194,7642,2188677523,14792299,1.566,0,1
2025-11-25T15:46:07.751512Z,embb,uesimtun0,2400555,47793,13181965139,9619539,,1,1
2025-11-25T15:46:07.751512Z,mmtc,uesimtun1,595512,10461,1006240244,741408,57.405,0,1
2025-11-25T15:46:07.751512Z,urllc,uesimtun2,431406,7645,2191615767,14812154,1.617,0,1
2025-11-25T15:46:08.939729Z,embb,uesimtun0,2403476,47850,13212285866,9641625,,1,1
2025-11-25T15:46:08.939729Z,mmtc,uesimtun1,596133,10472,1008530622,743083,119.329,0,1
2025-11-25T15:46:08.939729Z,urllc,uesimtun2,431702,7649,2195335747,14837291,1.540,0,1
2025-11-25T15:46:09.779276Z,embb,uesimtun0,2406261,47905,13232373372,9656275,206.599,0,1
2025-11-25T15:46:09.779276Z,mmtc,uesimtun1,596602,10480,1010065351,744205,143.501,0,1
2025-11-25T15:46:09.779276Z,urllc,uesimtun2,432082,7654,2197773095,14853762,5.290,0,1
2025-11-25T15:46:10.879422Z,embb,uesimtun0,2409773,47975,13261199352,9677290,200.694,0,1
2025-11-25T15:46:10.879422Z,mmtc,uesimtun1,596982,10485,1012173763,745742,124.665,0,1
2025-11-25T15:46:10.879422Z,urllc,uesimtun2,432294,7657,2201042331,14875853,1.783,0,1
2025-11-25T15:46:11.751463Z,embb,uesimtun0,2413406,48047,13283455836,9693523,,1,1
2025-11-25T15:46:11.751463Z,mmtc,uesimtun1,598056,10504,1013952719,747052,30.352,0,1
2025-11-25T15:46:11.751463Z,urllc,uesimtun2,432506,7660,2203592583,14893086,1.910,0,1
2025-11-25T15:46:12.753270Z,embb,uesimtun0,2416023,48097,13307250358,9710868,,1,1
2025-11-25T15:46:12.753270Z,mmtc,uesimtun1,599164,10526,1015884766,748479,26.361,0,1
2025-11-25T15:46:12.753270Z,urllc,uesimtun2,433601,7680,2206535719,14912982,1.907,0,1
2025-11-25T15:46:13.751537Z,embb,uesimtun0,2418487,48145,13329065294,9726761,,1,1
2025-11-25T15:46:13.751537Z,mmtc,uesimtun1,600271,10548,1017808084,749893,12.206,0,1
2025-11-25T15:46:13.751537Z,urllc,uesimtun2,434350,7692,2209570405,14933492,2.372,0,1
2025-11-25T15:46:14.751416Z,embb,uesimtun0,2421457,48204,13358625167,9748296,,1,1
2025-11-25T15:46:14.751416Z,mmtc,uesimtun1,600969,10562,1019738228,751310,93.280,0,1
2025-11-25T15:46:14.751416Z,urllc,uesimtun2,435754,7718,2212905074,14956036,1.719,0,1
2025-11-25T15:46:15.751458Z,embb,uesimtun0,2425583,48287,13384148850,9766913,,1,1
2025-11-25T15:46:15.751458Z,mmtc,uesimtun1,602925,10593,1021816871,752851,1.308,0,1
2025-11-25T15:46:15.751458Z,urllc,uesimtun2,435798,7719,2215705278,14974957,1.742,0,1
2025-11-25T15:46:16.751494Z,embb,uesimtun0,2429400,48361,13409676418,9785528,,1,1
2025-11-25T15:46:16.751494Z,mmtc,uesimtun1,603887,10610,1025523430,755559,2.401,0,1
2025-11-25T15:46:16.751494Z,urllc,uesimtun2,436608,7733,2218792176,14995821,1.509,0,1
2025-11-25T15:46:17.751724Z,embb,uesimtun0,2433040,48432,13435176537,9804125,,1,1
2025-11-25T15:46:17.751724Z,mmtc,uesimtun1,604300,10618,1029229492,758260,1.637,0,1
2025-11-25T15:46:17.751724Z,urllc,uesimtun2,438176,7762,2221781307,15016032,1.411,0,1
2025-11-25T15:46:18.752105Z,embb,uesimtun0,2436471,48500,13460713259,9822740,110.822,0,1
2025-11-25T15:46:18.752105Z,mmtc,uesimtun1,604725,10626,1032421011,760588,1.769,0,1
2025-11-25T15:46:18.752105Z,urllc,uesimtun2,438304,7764,2224436703,15033975,1.719,0,1
2025-11-25T15:46:19.751674Z,embb,uesimtun0,2439269,48554,13486234245,9841334,,1,1
2025-11-25T15:46:19.751674Z,mmtc,uesimtun1,605801,10640,1034904519,762408,1.314,0,1
2025-11-25T15:46:19.751674Z,urllc,uesimtun2,439479,7786,2227949216,15057719,1.414,0,1
2025-11-25T15:46:20.751487Z,embb,uesimtun0,2441565,48599,13511732815,9859906,,1,1
2025-11-25T15:46:20.751487Z,mmtc,uesimtun1,606874,10659,1035446587,762820,25.547,0,1
2025-11-25T15:46:20.751487Z,urllc,uesimtun2,439859,7791,2231106584,15079055,1.270,0,1
2025-11-25T15:46:21.751484Z,embb,uesimtun0,2444442,48656,13537251173,9878500,,1,1
2025-11-25T15:46:21.751484Z,mmtc,uesimtun1,607792,10676,1036136923,763336,9.010,0,1
2025-11-25T15:46:21.751484Z,urllc,uesimtun2,440155,7795,2234137920,15099539,1.453,0,1
2025-11-25T15:46:22.751841Z,embb,uesimtun0,2447942,48726,13562797749,9897126,,1,1
2025-11-25T15:46:22.751841Z,mmtc,uesimtun1,608148,10681,1036828172,763845,2.162,0,1
2025-11-25T15:46:22.751841Z,urllc,uesimtun2,440708,7804,2237203845,15120259,1.615,0,1
2025-11-25T15:46:23.751488Z,embb,uesimtun0,2452321,48812,13588305046,9915732,,1,1
2025-11-25T15:46:23.751488Z,mmtc,uesimtun1,609359,10703,1037517357,764363,1.644,0,1
2025-11-25T15:46:23.751488Z,urllc,uesimtun2,441257,7814,2240284443,15141079,1.726,0,1
2025-11-25T15:46:24.751858Z,embb,uesimtun0,2456787,48902,13613839193,9934369,,1,1
2025-11-25T15:46:24.751858Z,mmtc,uesimtun1,610365,10722,1038209323,764884,24.361,0,1
2025-11-25T15:46:24.751858Z,urllc,uesimtun2,441899,7826,2243439041,15162400,1.977,0,1
2025-11-25T15:46:25.751875Z,embb,uesimtun0,2460687,48978,13639372349,9952989,,1,1
2025-11-25T15:46:25.751875Z,mmtc,uesimtun1,612329,10754,1040466762,766554,2.528,0,1
2025-11-25T15:46:25.751875Z,urllc,uesimtun2,442195,7830,2246454541,15182777,1.667,0,1
2025-11-25T15:46:26.859170Z,embb,uesimtun0,2464371,49052,13664235128,9971119,,1,1
2025-11-25T15:46:26.859170Z,mmtc,uesimtun1,612999,10767,1044808873,769722,67.168,0,1
2025-11-25T15:46:26.859170Z,urllc,uesimtun2,443919,7861,2250070768,15207226,1.498,0,1
2025-11-25T15:46:27.751842Z,embb,uesimtun0,2467362,49112,13689149323,9989273,,1,1
2025-11-25T15:46:27.751842Z,mmtc,uesimtun1,613332,10773,1048305747,772270,76.544,0,1
2025-11-25T15:46:27.751842Z,urllc,uesimtun2,444131,7864,2252851456,15226016,1.757,0,1
2025-11-25T15:46:28.751615Z,embb,uesimtun0,2469742,49159,13714647807,10007844,,1,1
2025-11-25T15:46:28.751615Z,mmtc,uesimtun1,613745,10781,1052226717,775130,9.579,0,1
2025-11-25T15:46:28.751615Z,urllc,uesimtun2,444427,7868,2255729168,15245462,1.374,0,1
2025-11-25T15:46:29.751633Z,embb,uesimtun0,2471427,49191,13740166303,10026419,,1,1
2025-11-25T15:46:29.751633Z,mmtc,uesimtun1,614695,10798,1056146641,777994,2.706,0,1
2025-11-25T15:46:29.751633Z,urllc,uesimtun2,444555,7870,2258790528,15266148,1.730,0,1
2025-11-25T15:46:30.751460Z,embb,uesimtun0,2473723,49236,13765146205,10044615,,1,1
2025-11-25T15:46:30.751460Z,mmtc,uesimtun1,615276,10808,1060068903,780854,4.730,0,1
2025-11-25T15:46:30.751460Z,urllc,uesimtun2,444827,7874,2261881181,15287034,4.074,0,1
2025-11-25T15:46:31.751662Z,embb,uesimtun0,2476460,49292,13790665741,10063208,,1,1
2025-11-25T15:46:31.751662Z,mmtc,uesimtun1,616536,10834,1063994574,783728,2.011,0,1
2025-11-25T15:46:31.751662Z,urllc,uesimtun2,445870,7894,2264958521,15307836,2.006,0,1
2025-11-25T15:46:32.751495Z,embb,uesimtun0,2480000,49363,13816190369,10081818,,1,1
2025-11-25T15:46:32.751495Z,mmtc,uesimtun1,617045,10843,1067911188,786582,1.617,0,1
2025-11-25T15:46:32.751495Z,urllc,uesimtun2,446171,7900,2268039290,15328655,1.769,0,1
2025-11-25T15:46:33.752133Z,embb,uesimtun0,2483881,49438,13841745487,10100453,,1,1
2025-11-25T15:46:33.752133Z,mmtc,uesimtun1,617257,10846,1071831708,789435,1.784,0,1
2025-11-25T15:46:33.752133Z,urllc,uesimtun2,446472,7906,2271125683,15349512,1.518,0,1
2025-11-25T15:46:34.751927Z,embb,uesimtun0,2487593,49513,13867262057,10119061,116.955,0,1
2025-11-25T15:46:34.751927Z,mmtc,uesimtun1,618449,10870,1075231642,791925,2.313,0,1
2025-11-25T15:46:34.751927Z,urllc,uesimtun2,447053,7916,2273798065,15367574,1.778,0,1
2025-11-25T15:46:35.752143Z,embb,uesimtun0,2490776,49578,13892791701,10137669,,1,1
2025-11-25T15:46:35.752143Z,mmtc,uesimtun1,620235,10907,1077570560,793656,2.185,0,1
2025-11-25T15:46:35.752143Z,urllc,uesimtun2,448532,7942,2277294834,15391214,2.070,0,1
2025-11-25T15:46:36.752027Z,embb,uesimtun0,2494011,49645,13918307636,10156268,,1,1
2025-11-25T15:46:36.752027Z,mmtc,uesimtun1,621332,10921,1079094965,794781,7.917,0,1
2025-11-25T15:46:36.752027Z,urllc,uesimtun2,448861,7949,2280397728,15412184,1.954,0,1
2025-11-25T15:46:37.751624Z,embb,uesimtun0,2496789,49700,13943803815,10174844,117.139,0,1
2025-11-25T15:46:37.751624Z,mmtc,uesimtun1,621785,10930,1081491319,796533,78.727,0,1
2025-11-25T15:46:37.751624Z,urllc,uesimtun2,448905,7950,2283286880,15431706,1.892,0,1
2025-11-25T15:46:38.751890Z,embb,uesimtun0,2499707,49757,13969351022,10193458,107.101,0,1
2025-11-25T15:46:38.751890Z,mmtc,uesimtun1,622238,10939,1084230213,798533,25.886,0,1
2025-11-25T15:46:38.751890Z,urllc,uesimtun2,449358,7959,2286175734,15451230,1.656,0,1
2025-11-25T15:46:39.751475Z,embb,uesimtun0,2502664,49817,13994858392,10212045,,1,1
2025-11-25T15:46:39.751475Z,mmtc,uesimtun1,623590,10966,1087395217,800857,54.744,0,1
2025-11-25T15:46:39.751475Z,urllc,uesimtun2,450493,7974,2287197485,15458142,1.703,0,1
2025-11-25T15:46:40.751484Z,embb,uesimtun0,2505831,49880,14020378606,10230648,199.475,0,1
2025-11-25T15:46:40.751484Z,mmtc,uesimtun1,624388,10982,1090021647,802781,227.714,0,1
2025-11-25T15:46:40.751484Z,urllc,uesimtun2,451029,7984,2290799936,15497302,95.695,0,1
2025-11-25T15:46:41.751726Z,embb,uesimtun0,2507898,49919,14045917432,10249252,205.226,0,1
2025-11-25T15:46:41.751726Z,mmtc,uesimtun1,625122,10996,1092806098,804816,164.496,0,1
2025-11-25T15:46:41.751726Z,urllc,uesimtun2,451157,7986,2294186368,15534112,134.891,0,1
2025-11-25T15:46:42.752026Z,embb,uesimtun0,2510073,49960,14071440936,10267842,233.555,0,1
2025-11-25T15:46:42.752026Z,mmtc,uesimtun1,625655,11006,1095651126,806896,187.315,0,1
2025-11-25T15:46:42.752026Z,urllc,uesimtun2,451542,7993,2297966685,15575204,148.723,0,1
2025-11-25T15:46:43.751768Z,embb,uesimtun0,2512296,50003,14096936805,10286412,,1,1
2025-11-25T15:46:43.751768Z,mmtc,uesimtun1,626310,11019,1098466967,808951,,1,1
2025-11-25T15:46:43.751768Z,urllc,uesimtun2,451922,7998,2301848169,15617395,,1,1
2025-11-25T15:46:44.751479Z,embb,uesimtun0,2514034,50036,14122409073,10304961,,1,1
2025-11-25T15:46:44.751479Z,mmtc,uesimtun1,626655,11025,1101231909,810969,,1,1
2025-11-25T15:46:44.751479Z,urllc,uesimtun2,452218,8002,2305439141,15656429,,1,1
2025-11-25T15:46:45.751648Z,embb,uesimtun0,2515817,50071,14147934447,10323541,,1,1
2025-11-25T15:46:45.751648Z,mmtc,uesimtun1,627107,11033,1103999875,812992,,1,1
2025-11-25T15:46:45.751648Z,urllc,uesimtun2,452550,8007,2309034443,15695511,,1,1
2025-11-25T15:46:46.751988Z,embb,uesimtun0,2516883,50090,14173476319,10342132,,1,1
2025-11-25T15:46:46.751988Z,mmtc,uesimtun1,627733,11044,1105245927,813909,,1,1
2025-11-25T15:46:46.751988Z,urllc,uesimtun2,453400,8021,2312632108,15734622,,1,1
2025-11-25T15:46:47.751725Z,embb,uesimtun0,2518480,50120,14198978350,10360695,,1,1
2025-11-25T15:46:47.751725Z,mmtc,uesimtun1,628448,11055,1105246916,813920,,1,1
2025-11-25T15:46:47.751725Z,urllc,uesimtun2,454231,8038,2316223165,15773660,,1,1
2025-11-25T15:46:48.751650Z,embb,uesimtun0,2519371,50136,14224492600,10379264,,1,1
2025-11-25T15:46:48.751650Z,mmtc,uesimtun1,628780,11060,1105248055,813933,,1,1
2025-11-25T15:46:48.751650Z,urllc,uesimtun2,454857,8050,2319818132,15812742,77.896,0,1
2025-11-25T15:46:49.751626Z,embb,uesimtun0,2524035,50229,14250022686,10397879,,1,1
2025-11-25T15:46:49.751626Z,mmtc,uesimtun1,629372,11070,1105248525,813940,,1,1
2025-11-25T15:46:49.751626Z,urllc,uesimtun2,455739,8066,2323413595,15851826,,1,1
2025-11-25T15:46:50.751576Z,embb,uesimtun0,2524079,50230,14275534850,10416437,,1,1
2025-11-25T15:46:50.751576Z,mmtc,uesimtun1,629416,11071,1105249113,813945,,1,1
2025-11-25T15:46:50.751576Z,urllc,uesimtun2,456007,8070,2327009468,15890913,,1,1
2025-11-25T15:46:51.751489Z,embb,uesimtun0,2525019,50247,14301062912,10435018,,1,1
2025-11-25T15:46:51.751489Z,mmtc,uesimtun1,630837,11093,1105250674,813971,128.604,0,1
2025-11-25T15:46:51.751489Z,urllc,uesimtun2,456413,8078,2330120250,15924729,,1,1
2025-11-25T15:46:52.751465Z,embb,uesimtun0,2528197,50309,14326578776,10453613,221.241,0,1
2025-11-25T15:46:52.751465Z,mmtc,uesimtun1,632011,11115,1105252243,813993,146.183,0,1
2025-11-25T15:46:52.751465Z,urllc,uesimtun2,457135,8093,2333675338,15963378,,1,1
2025-11-25T15:46:53.751560Z,embb,uesimtun0,2530108,50344,14352106360,10472205,,1,1
2025-11-25T15:46:53.751560Z,mmtc,uesimtun1,632454,11123,1108453313,816326,59.544,0,1
2025-11-25T15:46:53.751560Z,urllc,uesimtun2,457620,8101,2337061535,16000187,,1,1
2025-11-25T15:46:54.751549Z,embb,uesimtun0,2531513,50370,14377622268,10490780,,1,1
2025-11-25T15:46:54.751549Z,mmtc,uesimtun1,632715,11128,1112305212,819132,9.900,0,1
2025-11-25T15:46:54.751549Z,urllc,uesimtun2,458980,8126,2340407687,16036565,8.252,0,1
2025-11-25T15:46:55.751511Z,embb,uesimtun0,2534584,50432,14402024905,10508567,,1,1
2025-11-25T15:46:55.751511Z,mmtc,uesimtun1,633180,11137,1116155830,821939,75.714,0,1
2025-11-25T15:46:55.751511Z,urllc,uesimtun2,460756,8160,2344057937,16076251,4.361,0,1
2025-11-25T15:46:56.751490Z,embb,uesimtun0,2537695,50495,14427547570,10527168,,1,1
2025-11-25T15:46:56.751490Z,mmtc,uesimtun1,634378,11153,1116804175,822431,39.815,0,1
2025-11-25T15:46:56.751490Z,urllc,uesimtun2,460884,8162,2347519841,16113881,3.591,0,1
2025-11-25T15:46:57.751455Z,embb,uesimtun0,2540521,50552,14453075479,10545769,,1,1
2025-11-25T15:46:57.751455Z,mmtc,uesimtun1,635580,11176,1118064906,823371,,1,1
2025-11-25T15:46:57.751455Z,urllc,uesimtun2,460988,8164,2351871470,16161183,5.192,0,1
2025-11-25T15:46:58.751575Z,embb,uesimtun0,2542079,50583,14478598251,10564349,,1,1
2025-11-25T15:46:58.751575Z,mmtc,uesimtun1,635889,11182,1119507331,824425,32.509,0,1
2025-11-25T15:46:58.751575Z,urllc,uesimtun2,461189,8168,2354685112,16191768,4.894,0,1
2025-11-25T15:46:59.751527Z,embb,uesimtun0,2544836,50637,14504111654,10582945,,1,1
2025-11-25T15:46:59.751527Z,mmtc,uesimtun1,636274,11189,1120948478,825479,6.889,0,1
2025-11-25T15:46:59.751527Z,urllc,uesimtun2,461490,8174,2358178370,16229740,5.700,0,1
2025-11-25T15:47:00.751462Z,embb,uesimtun0,2548786,50708,14509892848,10587215,,1,1
2025-11-25T15:47:00.751462Z,mmtc,uesimtun1,637185,11208,1122390256,826544,5.552,0,1
2025-11-25T15:47:00.751462Z,urllc,uesimtun2,461947,8182,2361773339,16268819,4.398,0,1
2025-11-25T15:47:01.752056Z,embb,uesimtun0,2551315,50756,14522658855,10596545,,1,1
2025-11-25T15:47:01.752056Z,mmtc,uesimtun1,638000,11224,1123833167,827606,2.459,0,1
2025-11-25T15:47:01.752056Z,urllc,uesimtun2,462376,8189,2365359680,16307803,2.090,0,1
2025-11-25T15:47:02.751494Z,embb,uesimtun0,2554422,50819,14535419888,10605881,,1,1
2025-11-25T15:47:02.751494Z,mmtc,uesimtun1,638602,11235,1125274473,828663,,1,1
2025-11-25T15:47:02.751494Z,urllc,uesimtun2,462588,8192,2369844844,16356556,5.288,0,1
2025-11-25T15:47:03.751613Z,embb,uesimtun0,2556165,50854,14548172474,10615187,,1,1
2025-11-25T15:47:03.751613Z,mmtc,uesimtun1,639693,11255,1126719170,829732,10.390,0,1
2025-11-25T15:47:03.751613Z,urllc,uesimtun2,463004,8198,2372576470,16386250,8.045,0,1
2025-11-25T15:47:04.751480Z,embb,uesimtun0,2558505,50900,14560944285,10624508,,1,1
2025-11-25T15:47:04.751480Z,mmtc,uesimtun1,641209,11285,1128162987,830808,,1,1
2025-11-25T15:47:04.751480Z,urllc,uesimtun2,463694,8210,2377034072,16434704,2.413,0,1
2025-11-25T15:47:05.751565Z,embb,uesimtun0,2562001,50967,14573707356,10633835,,1,1
2025-11-25T15:47:05.751565Z,mmtc,uesimtun1,642898,11311,1128345583,830970,72.875,0,1
2025-11-25T15:47:05.751565Z,urllc,uesimtun2,463995,8216,2379986273,16466795,21.742,0,1
2025-11-25T15:47:06.751563Z,embb,uesimtun0,2566199,51051,14586472766,10643180,,1,1
2025-11-25T15:47:06.751563Z,mmtc,uesimtun1,643979,11331,1128352213,830991,51.157,0,1
2025-11-25T15:47:06.751563Z,urllc,uesimtun2,464544,8226,2383503727,16505031,24.730,0,1
2025-11-25T15:47:07.751594Z,embb,uesimtun0,2568141,51090,14599236688,10652500,,1,1
2025-11-25T15:47:07.751594Z,mmtc,uesimtun1,644448,11339,1128358425,831006,,1,1
2025-11-25T15:47:07.751594Z,urllc,uesimtun2,464833,8232,2387731618,16550990,,1,1
2025-11-25T15:47:08.751512Z,embb,uesimtun0,2568141,51090,14611987809,10661783,,1,1
2025-11-25T15:47:08.751512Z,mmtc,uesimtun1,644448,11339,1128358834,831012,,1,1
2025-11-25T15:47:08.751512Z,urllc,uesimtun2,464833,8232,2391326526,16590067,,1,1
2025-11-25T15:47:09.751576Z,embb,uesimtun0,2568141,51090,14624758278,10671081,,1,1
2025-11-25T15:47:09.751576Z,mmtc,uesimtun1,644448,11339,1128359051,831016,,1,1
2025-11-25T15:47:09.751576Z,urllc,uesimtun2,464833,8232,2394919966,16629129,,1,1
2025-11-25T15:47:10.751489Z,embb,uesimtun0,2568141,51090,14637519002,10680371,,1,1
2025-11-25T15:47:10.751489Z,mmtc,uesimtun1,644448,11339,1128359395,831022,,1,1
2025-11-25T15:47:10.751489Z,urllc,uesimtun2,464833,8232,2398515422,16668213,,1,1
2025-11-25T15:47:11.751527Z,embb,uesimtun0,2568141,51090,14650279623,10689660,,1,1
2025-11-25T15:47:11.751527Z,mmtc,uesimtun1,644448,11339,1128359876,831030,,1,1
2025-11-25T15:47:11.751527Z,urllc,uesimtun2,464833,8232,2402108522,16707272,,1,1
2025-11-25T15:47:12.751767Z,embb,uesimtun0,2568141,51090,14663042907,10698950,,1,1
2025-11-25T15:47:12.751767Z,mmtc,uesimtun1,644448,11339,1128360532,831040,,1,1
2025-11-25T15:47:12.751767Z,urllc,uesimtun2,464833,8232,2405704030,16746357,,1,1
2025-11-25T15:47:13.751599Z,embb,uesimtun0,2568141,51090,14675800351,10708230,,1,1
2025-11-25T15:47:13.751599Z,mmtc,uesimtun1,644448,11339,1128361140,831050,,1,1
2025-11-25T15:47:13.751599Z,urllc,uesimtun2,464833,8232,2409298426,16785430,,1,1
2025-11-25T15:47:14.751824Z,embb,uesimtun0,2568141,51090,14688563448,10717516,,1,1
2025-11-25T15:47:14.751824Z,mmtc,uesimtun1,644448,11339,1128362036,831064,,1,1
2025-11-25T15:47:14.751824Z,urllc,uesimtun2,464833,8232,2412892370,16824498,,1,1
2025-11-25T15:47:15.751563Z,embb,uesimtun0,2568141,51090,14701319576,10726796,,1,1
2025-11-25T15:47:15.751563Z,mmtc,uesimtun1,644448,11339,1128363045,831080,,1,1
2025-11-25T15:47:15.751563Z,urllc,uesimtun2,464833,8232,2416485710,16863559,,1,1
2025-11-25T15:47:16.751496Z,embb,uesimtun0,2568141,51090,14714079580,10736074,,1,1
2025-11-25T15:47:16.751496Z,mmtc,uesimtun1,644448,11339,1128363857,831093,,1,1
2025-11-25T15:47:16.751496Z,urllc,uesimtun2,464833,8232,2420076314,16902590,,1,1
2025-11-25T15:47:17.751537Z,embb,uesimtun0,2568141,51090,14726841104,10745355,,1,1
2025-11-25T15:47:17.751537Z,mmtc,uesimtun1,644448,11339,1128364705,831107,,1,1
2025-11-25T15:47:17.751537Z,urllc,uesimtun2,464833,8232,2423672662,16941683,,1,1
2025-11-25T15:47:18.751520Z,embb,uesimtun0,2568141,51090,14739599948,10754636,,1,1
2025-11-25T15:47:18.751520Z,mmtc,uesimtun1,644448,11339,1128365373,831118,,1,1
2025-11-25T15:47:18.751520Z,urllc,uesimtun2,464833,8232,2427269542,16980783,,1,1
2025-11-25T15:47:19.751477Z,embb,uesimtun0,2568141,51090,14752360144,10763918,,1,1
2025-11-25T15:47:19.751477Z,mmtc,uesimtun1,644448,11339,1128365861,831126,,1,1
2025-11-25T15:47:19.751477Z,urllc,uesimtun2,464833,8232,2430861190,17019825,,1,1
2025-11-25T15:47:20.751637Z,embb,uesimtun0,2568141,51090,14765122672,10773195,,1,1
2025-11-25T15:47:20.751637Z,mmtc,uesimtun1,644448,11339,1128366469,831136,,1,1
2025-11-25T15:47:20.751637Z,urllc,uesimtun2,464833,8232,2434457834,17058922,,1,1
2025-11-25T15:47:21.751698Z,embb,uesimtun0,2568141,51090,14777882681,10782473,,1,1
2025-11-25T15:47:21.751698Z,mmtc,uesimtun1,644448,11339,1128367101,831146,,1,1
2025-11-25T15:47:21.751698Z,urllc,uesimtun2,464833,8232,2438053370,17098006,,1,1
2025-11-25T15:47:22.751739Z,embb,uesimtun0,2568141,51090,14790643833,10791749,,1,1
2025-11-25T15:47:22.751739Z,mmtc,uesimtun1,644448,11339,1128367510,831152,,1,1
2025-11-25T15:47:22.751739Z,urllc,uesimtun2,464833,8232,2441646734,17137067,,1,1
2025-11-25T15:47:23.751693Z,embb,uesimtun0,2568141,51090,14803061129,10800777,,1,1
2025-11-25T15:47:23.751693Z,mmtc,uesimtun1,644448,11339,1128367758,831156,,1,1
2025-11-25T15:47:23.751693Z,urllc,uesimtun2,464833,8232,2445240430,17176131,,1,1
2025-11-25T15:47:24.751764Z,embb,uesimtun0,2568141,51090,14815822365,10810054,,1,1
2025-11-25T15:47:24.751764Z,mmtc,uesimtun1,644448,11339,1128368210,831163,,1,1
2025-11-25T15:47:24.751764Z,urllc,uesimtun2,464833,8232,2448834874,17215204,,1,1
2025-11-25T15:47:25.751545Z,embb,uesimtun0,2568141,51090,14828578013,10819326,,1,1
2025-11-25T15:47:25.751545Z,mmtc,uesimtun1,644448,11339,1128368542,831168,,1,1
2025-11-25T15:47:25.751545Z,urllc,uesimtun2,464833,8232,2452425710,17254237,,1,1
2025-11-25T15:47:26.751880Z,embb,uesimtun0,2568141,51090,14841343209,10828604,,1,1
2025-11-25T15:47:26.751880Z,mmtc,uesimtun1,644448,11339,1128368730,831171,,1,1
2025-11-25T15:47:26.751880Z,urllc,uesimtun2,464833,8232,2456022946,17293340,,1,1
2025-11-25T15:47:27.751954Z,embb,uesimtun0,2568141,51090,14854098261,10837888,,1,1
2025-11-25T15:47:27.751954Z,mmtc,uesimtun1,644448,11339,1128369122,831177,,1,1
2025-11-25T15:47:27.751954Z,urllc,uesimtun2,464833,8232,2459622330,17332466,,1,1
2025-11-25T15:47:28.751616Z,embb,uesimtun0,2568141,51090,14866243049,10846717,,1,1
2025-11-25T15:47:28.751616Z,mmtc,uesimtun1,644448,11339,1128369478,831182,,1,1
2025-11-25T15:47:28.751616Z,urllc,uesimtun2,464833,8232,2463098898,17370256,,1,1
2025-11-25T15:47:29.751734Z,embb,uesimtun0,2568141,51090,14878692161,10855770,,1,1
2025-11-25T15:47:29.751734Z,mmtc,uesimtun1,644448,11339,1128369750,831186,,1,1
2025-11-25T15:47:29.751734Z,urllc,uesimtun2,464833,8232,2466692962,17409324,,1,1
2025-11-25T15:47:30.751612Z,embb,uesimtun0,2568141,51090,14891449353,10865045,,1,1
2025-11-25T15:47:30.751612Z,mmtc,uesimtun1,644448,11339,1128369914,831189,,1,1
2025-11-25T15:47:30.751612Z,urllc,uesimtun2,464833,8232,2470288162,17448404,,1,1
2025-11-25T15:47:31.751567Z,embb,uesimtun0,2568141,51090,14904209357,10874323,,1,1
2025-11-25T15:47:31.751567Z,mmtc,uesimtun1,644448,11339,1128369958,831190,,1,1
2025-11-25T15:47:31.751567Z,urllc,uesimtun2,464833,8232,2473877706,17487422,,1,1
2025-11-25T15:47:32.751568Z,embb,uesimtun0,2568141,51090,14916966297,10883595,,1,1
2025-11-25T15:47:32.751568Z,mmtc,uesimtun1,644448,11339,1128370374,831196,,1,1
2025-11-25T15:47:32.751568Z,urllc,uesimtun2,464833,8232,2477483970,17526622,,1,1
2025-11-25T15:47:33.751406Z,embb,uesimtun0,2568141,51090,14929726073,10892870,,1,1
2025-11-25T15:47:33.751406Z,mmtc,uesimtun1,644448,11339,1128370682,831201,,1,1
2025-11-25T15:47:33.751406Z,urllc,uesimtun2,464833,8232,2481066446,17565563,,1,1
2025-11-25T15:47:34.752118Z,embb,uesimtun0,2568141,51090,14942487141,10902145,,1,1
2025-11-25T15:47:34.752118Z,mmtc,uesimtun1,644448,11339,1128371014,831206,,1,1
2025-11-25T15:47:34.752118Z,urllc,uesimtun2,464833,8232,2484665642,17604686,,1,1
2025-11-25T15:47:35.751552Z,embb,uesimtun0,2568141,51090,14955247006,10911421,,1,1
2025-11-25T15:47:35.751552Z,mmtc,uesimtun1,644448,11339,1128371430,831212,,1,1
2025-11-25T15:47:35.751552Z,urllc,uesimtun2,464833,8232,2488258714,17643742,,1,1
2025-11-25T15:47:36.751770Z,embb,uesimtun0,2568141,51090,14967887070,10920609,,1,1
2025-11-25T15:47:36.751770Z,mmtc,uesimtun1,644448,11339,1128371810,831217,,1,1
2025-11-25T15:47:36.751770Z,urllc,uesimtun2,464833,8232,2491851266,17682792,,1,1
2025-11-25T15:47:37.751859Z,embb,uesimtun0,2568141,51090,14980045786,10929450,,1,1
2025-11-25T15:47:37.751859Z,mmtc,uesimtun1,644448,11339,1128371938,831219,,1,1
2025-11-25T15:47:37.751859Z,urllc,uesimtun2,464833,8232,2495446622,17721873,,1,1
2025-11-25T15:47:38.751513Z,embb,uesimtun0,2568141,51090,14992800226,10938723,,1,1
2025-11-25T15:47:38.751513Z,mmtc,uesimtun1,644448,11339,1128372035,831221,,1,1
2025-11-25T15:47:38.751513Z,urllc,uesimtun2,464833,8232,2499036082,17760890,,1,1
2025-11-25T15:47:39.751460Z,embb,uesimtun0,2568141,51090,15005558710,10947998,,1,1
2025-11-25T15:47:39.751460Z,mmtc,uesimtun1,644448,11339,1128372163,831223,,1,1
2025-11-25T15:47:39.751460Z,urllc,uesimtun2,464833,8232,2502634130,17800000,,1,1
2025-11-25T15:47:40.751515Z,embb,uesimtun0,2568141,51090,15018319862,10957274,,1,1
2025-11-25T15:47:40.751515Z,mmtc,uesimtun1,644448,11339,1128372291,831225,,1,1
2025-11-25T15:47:40.751515Z,urllc,uesimtun2,464833,8232,2506227962,17839064,,1,1
2025-11-25T15:47:41.751459Z,embb,uesimtun0,2568141,51090,15031071466,10966544,,1,1
2025-11-25T15:47:41.751459Z,mmtc,uesimtun1,644448,11339,1128372419,831227,,1,1
2025-11-25T15:47:41.751459Z,urllc,uesimtun2,464833,8232,2509818350,17878091,,1,1
2025-11-25T15:47:42.751427Z,embb,uesimtun0,2568141,51090,15043839498,10975825,,1,1
2025-11-25T15:47:42.751427Z,mmtc,uesimtun1,644448,11339,1128372631,831230,,1,1
2025-11-25T15:47:42.751427Z,urllc,uesimtun2,464833,8232,2513416014,17917197,,1,1
2025-11-25T15:47:43.751697Z,embb,uesimtun0,2568141,51090,15056602446,10985109,,1,1
2025-11-25T15:47:43.751697Z,mmtc,uesimtun1,644448,11339,1128372987,831235,,1,1
2025-11-25T15:47:43.751697Z,urllc,uesimtun2,464833,8232,2517008890,17956252,,1,1
2025-11-25T15:47:44.751716Z,embb,uesimtun0,2568141,51090,15069362606,10994390,,1,1
2025-11-25T15:47:44.751716Z,mmtc,uesimtun1,644448,11339,1128373259,831239,,1,1
2025-11-25T15:47:44.751716Z,urllc,uesimtun2,464833,8232,2520603786,17995328,,1,1
2025-11-25T15:47:45.754026Z,embb,uesimtun0,2568141,51090,15082134934,11003676,,1,1
2025-11-25T15:47:45.754026Z,mmtc,uesimtun1,644448,11339,1128373447,831242,,1,1
2025-11-25T15:47:45.754026Z,urllc,uesimtun2,464833,8232,2524205994,18034484,,1,1
2025-11-25T15:47:46.751596Z,embb,uesimtun0,2568141,51090,15094880926,11012941,,1,1
2025-11-25T15:47:46.751596Z,mmtc,uesimtun1,644448,11339,1128373695,831246,,1,1
2025-11-25T15:47:46.751596Z,urllc,uesimtun2,464833,8232,2527791322,18073456,,1,1
2025-11-25T15:47:47.751540Z,embb,uesimtun0,2568141,51090,15107639326,11022215,,1,1
2025-11-25T15:47:47.751540Z,mmtc,uesimtun1,644448,11339,1128373907,831249,,1,1
2025-11-25T15:47:47.751540Z,urllc,uesimtun2,464833,8232,2531385314,18112522,,1,1
2025-11-25T15:47:48.751744Z,embb,uesimtun0,2568141,51090,15120401914,11031493,,1,1
2025-11-25T15:47:48.751744Z,mmtc,uesimtun1,644448,11339,1128374323,831255,,1,1
2025-11-25T15:47:48.751744Z,urllc,uesimtun2,464833,8232,2534980810,18151604,,1,1
2025-11-25T15:47:49.751900Z,embb,uesimtun0,2568141,51090,15133164694,11040773,,1,1
2025-11-25T15:47:49.751900Z,mmtc,uesimtun1,644448,11339,1128374715,831261,,1,1
2025-11-25T15:47:49.751900Z,urllc,uesimtun2,464833,8232,2538573190,18190653,,1,1
2025-11-25T15:47:50.751854Z,embb,uesimtun0,2568141,51090,15145924554,11050049,,1,1
2025-11-25T15:47:50.751854Z,mmtc,uesimtun1,644448,11339,1128374987,831265,,1,1
2025-11-25T15:47:50.751854Z,urllc,uesimtun2,464833,8232,2542167266,18229720,,1,1
2025-11-25T15:47:51.751543Z,embb,uesimtun0,2568141,51090,15158680370,11059323,,1,1
2025-11-25T15:47:51.751543Z,mmtc,uesimtun1,644448,11339,1128375091,831267,,1,1
2025-11-25T15:47:51.751543Z,urllc,uesimtun2,464833,8232,2545758146,18268752,,1,1
2025-11-25T15:47:52.751910Z,embb,uesimtun0,2568141,51090,15171444358,11068602,,1,1
2025-11-25T15:47:52.751910Z,mmtc,uesimtun1,644448,11339,1128375339,831271,,1,1
2025-11-25T15:47:52.751910Z,urllc,uesimtun2,464833,8232,2549190954,18306066,,1,1
2025-11-25T15:47:53.751514Z,embb,uesimtun0,2568141,51090,15184197254,11077872,,1,1
2025-11-25T15:47:53.751514Z,mmtc,uesimtun1,644448,11339,1128375467,831273,,1,1
2025-11-25T15:47:53.751514Z,urllc,uesimtun2,464833,8232,2552780774,18345087,,1,1
2025-11-25T15:47:54.751879Z,embb,uesimtun0,2568141,51090,15196956946,11087146,,1,1
2025-11-25T15:47:54.751879Z,mmtc,uesimtun1,644448,11339,1128375679,831276,,1,1
2025-11-25T15:47:54.751879Z,urllc,uesimtun2,464833,8232,2556378898,18384198,,1,1
2025-11-25T15:47:55.751765Z,embb,uesimtun0,2568141,51090,15209720766,11096423,,1,1
2025-11-25T15:47:55.751765Z,mmtc,uesimtun1,644448,11339,1128375891,831279,,1,1
2025-11-25T15:47:55.751765Z,urllc,uesimtun2,464833,8232,2559972002,18423254,,1,1
2025-11-25T15:47:56.751553Z,embb,uesimtun0,2568141,51090,15222479166,11105697,,1,1
2025-11-25T15:47:56.751553Z,mmtc,uesimtun1,644448,11339,1128376271,831284,,1,1
2025-11-25T15:47:56.751553Z,urllc,uesimtun2,464833,8232,2563562530,18462282,,1,1
2025-11-25T15:47:57.751974Z,embb,uesimtun0,2568141,51090,15235244614,11114978,,1,1
2025-11-25T15:47:57.751974Z,mmtc,uesimtun1,644448,11339,1128376567,831288,,1,1
2025-11-25T15:47:57.751974Z,urllc,uesimtun2,464833,8232,2567159550,18501381,,1,1
2025-11-25T15:47:58.751882Z,embb,uesimtun0,2568141,51090,15248001806,11124253,,1,1
2025-11-25T15:47:58.751882Z,mmtc,uesimtun1,644448,11339,1128376695,831290,,1,1
2025-11-25T15:47:58.751882Z,urllc,uesimtun2,464833,8232,2570754638,18540459,,1,1
2025-11-25T15:47:59.751792Z,embb,uesimtun0,2568141,51090,15260761894,11133532,,1,1
2025-11-25T15:47:59.751792Z,mmtc,uesimtun1,644448,11339,1128376739,831291,,1,1
2025-11-25T15:47:59.751792Z,urllc,uesimtun2,464833,8232,2574349158,18579531,,1,1
2025-11-25T15:48:00.751773Z,embb,uesimtun0,2568141,51090,15267358725,11138331,,1,1
2025-11-25T15:48:00.751773Z,mmtc,uesimtun1,644448,11339,1128376867,831293,,1,1
2025-11-25T15:48:00.751773Z,urllc,uesimtun2,464833,8232,2577939110,18618553,,1,1
2025-11-25T15:48:01.751523Z,embb,uesimtun0,2568141,51090,15267358990,11138335,,1,1
2025-11-25T15:48:01.751523Z,mmtc,uesimtun1,644448,11339,1128376995,831295,,1,1
2025-11-25T15:48:01.751523Z,urllc,uesimtun2,464833,8232,2581537358,18657665,,1,1
2025-11-25T15:48:02.752137Z,embb,uesimtun0,2568141,51090,15267359176,11138338,,1,1
2025-11-25T15:48:02.752137Z,mmtc,uesimtun1,644448,11339,1128377123,831297,,1,1
2025-11-25T15:48:02.752137Z,urllc,uesimtun2,464833,8232,2585130262,18696719,,1,1
2025-11-25T15:48:03.751703Z,embb,uesimtun0,2568141,51090,15267359357,11138341,,1,1
2025-11-25T15:48:03.751703Z,mmtc,uesimtun1,644448,11339,1128377419,831301,,1,1
2025-11-25T15:48:03.751703Z,urllc,uesimtun2,464833,8232,2588723542,18735777,,1,1
2025-11-25T15:48:04.751582Z,embb,uesimtun0,2568141,51090,15267359485,11138343,,1,1
2025-11-25T15:48:04.751582Z,mmtc,uesimtun1,644448,11339,1128377799,831306,,1,1
2025-11-25T15:48:04.751582Z,urllc,uesimtun2,464833,8232,2592315258,18774818,,1,1
2025-11-25T15:48:05.751866Z,embb,uesimtun0,2568141,51090,15267359781,11138347,,1,1
2025-11-25T15:48:05.751866Z,mmtc,uesimtun1,644448,11339,1128377927,831308,,1,1
2025-11-25T15:48:05.751866Z,urllc,uesimtun2,464833,8232,2595911198,18813905,,1,1
2025-11-25T15:48:06.751956Z,embb,uesimtun0,2568141,51090,15267359993,11138350,,1,1
2025-11-25T15:48:06.751956Z,mmtc,uesimtun1,644448,11339,1128378055,831310,,1,1
2025-11-25T15:48:06.751956Z,urllc,uesimtun2,464833,8232,2599506018,18852980,,1,1
2025-11-25T15:48:07.751656Z,embb,uesimtun0,2568141,51090,15267360174,11138353,,1,1
2025-11-25T15:48:07.751656Z,mmtc,uesimtun1,644448,11339,1128378183,831312,,1,1
2025-11-25T15:48:07.751656Z,urllc,uesimtun2,464833,8232,2603100762,18892054,,1,1
2025-11-25T15:48:08.751506Z,embb,uesimtun0,2568141,51090,15267360302,11138355,,1,1
2025-11-25T15:48:08.751506Z,mmtc,uesimtun1,644448,11339,1128378532,831317,,1,1
2025-11-25T15:48:08.751506Z,urllc,uesimtun2,464833,8232,2606690002,18931068,,1,1
2025-11-25T15:48:09.751530Z,embb,uesimtun0,2568141,51090,15267360598,11138359,,1,1
2025-11-25T15:48:09.751530Z,mmtc,uesimtun1,644448,11339,1128378660,831319,,1,1
2025-11-25T15:48:09.751530Z,urllc,uesimtun2,464833,8232,2610288626,18970184,,1,1
2025-11-25T15:48:10.751798Z,embb,uesimtun0,2568141,51090,15267360810,11138362,,1,1
2025-11-25T15:48:10.751798Z,mmtc,uesimtun1,644448,11339,1128378872,831322,,1,1
2025-11-25T15:48:10.751798Z,urllc,uesimtun2,464833,8232,2613882542,19009249,,1,1
2025-11-25T15:48:11.751520Z,embb,uesimtun0,2568141,51090,15267361022,11138365,,1,1
2025-11-25T15:48:11.751520Z,mmtc,uesimtun1,644448,11339,1128379084,831325,,1,1
2025-11-25T15:48:11.751520Z,urllc,uesimtun2,464833,8232,2617476834,19048318,,1,1
2025-11-25T15:48:12.751521Z,embb,uesimtun0,2568141,51090,15267361234,11138368,,1,1
2025-11-25T15:48:12.751521Z,mmtc,uesimtun1,644448,11339,1128379212,831327,,1,1
2025-11-25T15:48:12.751521Z,urllc,uesimtun2,464833,8232,2621069370,19087368,,1,1
2025-11-25T15:48:13.751522Z,embb,uesimtun0,2568141,51090,15267361530,11138372,,1,1
2025-11-25T15:48:13.751522Z,mmtc,uesimtun1,644448,11339,1128379340,831329,,1,1
2025-11-25T15:48:13.751522Z,urllc,uesimtun2,464833,8232,2624659590,19126393,,1,1
2025-11-25T15:48:14.751636Z,embb,uesimtun0,2568141,51090,15267361627,11138374,,1,1
2025-11-25T15:48:14.751636Z,mmtc,uesimtun1,644448,11339,1128379468,831331,,1,1
2025-11-25T15:48:14.751636Z,urllc,uesimtun2,464833,8232,2628254602,19165470,,1,1
2025-11-25T15:48:15.751768Z,embb,uesimtun0,2568141,51090,15267362091,11138382,,1,1
2025-11-25T15:48:15.751768Z,mmtc,uesimtun1,644448,11339,1128379680,831334,,1,1
2025-11-25T15:48:15.751768Z,urllc,uesimtun2,464833,8232,2631852746,19204582,,1,1
2025-11-25T15:48:16.751574Z,embb,uesimtun0,2568141,51090,15267362435,11138388,,1,1
2025-11-25T15:48:16.751574Z,mmtc,uesimtun1,644448,11339,1128380036,831339,,1,1
2025-11-25T15:48:16.751574Z,urllc,uesimtun2,464833,8232,2635445082,19243630,,1,1
2025-11-25T15:48:17.752106Z,embb,uesimtun0,2568141,51090,15267362731,11138392,,1,1
2025-11-25T15:48:17.752106Z,mmtc,uesimtun1,644448,11339,1128380392,831344,,1,1
2025-11-25T15:48:17.752106Z,urllc,uesimtun2,464833,8232,2638830358,19280427,,1,1
2025-11-25T15:48:18.751599Z,embb,uesimtun0,2568141,51090,15267363003,11138396,,1,1
2025-11-25T15:48:18.751599Z,mmtc,uesimtun1,644448,11339,1128380868,831351,,1,1
2025-11-25T15:48:18.751599Z,urllc,uesimtun2,464833,8232,2642424710,19319497,,1,1
2025-11-25T15:48:19.751485Z,embb,uesimtun0,2568141,51090,15267363383,11138401,,1,1
2025-11-25T15:48:19.751485Z,mmtc,uesimtun1,644448,11339,1128380912,831352,,1,1
2025-11-25T15:48:19.751485Z,urllc,uesimtun2,464833,8232,2645962942,19357957,,1,1
2025-11-25T15:48:20.751655Z,embb,uesimtun0,2568141,51090,15267363739,11138406,,1,1
2025-11-25T15:48:20.751655Z,mmtc,uesimtun1,644448,11339,1128381040,831354,,1,1
2025-11-25T15:48:20.751655Z,urllc,uesimtun2,464833,8232,2649548746,19396934,,1,1
2025-11-25T15:48:21.759025Z,embb,uesimtun0,2568141,51090,15267363951,11138409,,1,1
2025-11-25T15:48:21.759025Z,mmtc,uesimtun1,644448,11339,1128381324,831359,,1,1
2025-11-25T15:48:21.759025Z,urllc,uesimtun2,464833,8232,2653170282,19436300,,1,1
2025-11-25T15:48:22.751720Z,embb,uesimtun0,2568141,51090,15267363995,11138410,,1,1
2025-11-25T15:48:22.751720Z,mmtc,uesimtun1,644448,11339,1128381572,831363,,1,1
2025-11-25T15:48:22.751720Z,urllc,uesimtun2,464833,8232,2656737058,19475070,,1,1
2025-11-25T15:48:23.751521Z,embb,uesimtun0,2568141,51090,15267364039,11138411,,1,1
2025-11-25T15:48:23.751521Z,mmtc,uesimtun1,644448,11339,1128381844,831367,,1,1
2025-11-25T15:48:23.751521Z,urllc,uesimtun2,464833,8232,2660327546,19514098,,1,1
2025-11-25T15:48:24.751655Z,embb,uesimtun0,2568141,51090,15267364167,11138413,,1,1
2025-11-25T15:48:24.751655Z,mmtc,uesimtun1,644448,11339,1128382344,831374,,1,1
2025-11-25T15:48:24.751655Z,urllc,uesimtun2,464833,8232,2663926438,19553217,,1,1
2025-11-25T15:48:25.751299Z,embb,uesimtun0,2568141,51090,15267364379,11138416,,1,1
2025-11-25T15:48:25.751299Z,mmtc,uesimtun1,644448,11339,1128382640,831378,,1,1
2025-11-25T15:48:25.751299Z,urllc,uesimtun2,464833,8232,2667516958,19592245,,1,1
2025-11-25T15:48:26.751528Z,embb,uesimtun0,2568141,51090,15267364591,11138419,,1,1
2025-11-25T15:48:26.751528Z,mmtc,uesimtun1,644448,11339,1128382768,831380,,1,1
2025-11-25T15:48:26.751528Z,urllc,uesimtun2,464833,8232,2671110014,19631301,,1,1
2025-11-25T15:48:27.751504Z,embb,uesimtun0,2568141,51090,15267364856,11138423,,1,1
2025-11-25T15:48:27.751504Z,mmtc,uesimtun1,644448,11339,1128382812,831381,,1,1
2025-11-25T15:48:27.751504Z,urllc,uesimtun2,464833,8232,2674705822,19670387,,1,1
2025-11-25T15:48:28.751649Z,embb,uesimtun0,2568141,51090,15267364984,11138425,,1,1
2025-11-25T15:48:28.751649Z,mmtc,uesimtun1,644448,11339,1128383024,831384,,1,1
2025-11-25T15:48:28.751649Z,urllc,uesimtun2,464833,8232,2678302230,19709479,,1,1
2025-11-25T15:48:29.751802Z,embb,uesimtun0,2568141,51090,15267365196,11138428,,1,1
2025-11-25T15:48:29.751802Z,mmtc,uesimtun1,644448,11339,1128383236,831387,,1,1
2025-11-25T15:48:29.751802Z,urllc,uesimtun2,464833,8232,2681897442,19748558,,1,1
2025-11-25T15:48:30.751314Z,embb,uesimtun0,2568141,51090,15267365408,11138431,,1,1
2025-11-25T15:48:30.751314Z,mmtc,uesimtun1,644448,11339,1128383364,831389,,1,1
2025-11-25T15:48:30.751314Z,urllc,uesimtun2,464833,8232,2685486266,19787568,,1,1
2025-11-25T15:48:31.999570Z,embb,uesimtun0,2568141,51090,15267365620,11138434,,1,1
2025-11-25T15:48:31.999570Z,mmtc,uesimtun1,644448,11339,1128383744,831394,,1,1
2025-11-25T15:48:31.999570Z,urllc,uesimtun2,464833,8232,2689972158,19836329,,1,1
2025-11-25T15:48:32.751634Z,embb,uesimtun0,2568141,51090,15267365832,11138437,,1,1
2025-11-25T15:48:32.751634Z,mmtc,uesimtun1,644448,11339,1128383872,831396,,1,1
2025-11-25T15:48:32.751634Z,urllc,uesimtun2,464833,8232,2692678558,19865747,,1,1
2025-11-25T15:48:33.751527Z,embb,uesimtun0,2568141,51090,15267366128,11138441,,1,1
2025-11-25T15:48:33.751527Z,mmtc,uesimtun1,644448,11339,1128383916,831397,,1,1
2025-11-25T15:48:33.751527Z,urllc,uesimtun2,464833,8232,2696269438,19904779,,1,1
2025-11-25T15:48:34.751956Z,embb,uesimtun0,2568141,51090,15267366340,11138444,,1,1
2025-11-25T15:48:34.751956Z,mmtc,uesimtun1,644448,11339,1128384044,831399,,1,1
2025-11-25T15:48:34.751956Z,urllc,uesimtun2,464833,8232,2699864710,19943859,,1,1
2025-11-25T15:48:35.778718Z,embb,uesimtun0,2568141,51090,15267366384,11138445,,1,1
2025-11-25T15:48:35.778718Z,mmtc,uesimtun1,644448,11339,1128384172,831401,,1,1
2025-11-25T15:48:35.778718Z,urllc,uesimtun2,464833,8232,2703557794,19984002,,1,1
2025-11-25T15:48:36.809326Z,embb,uesimtun0,2568141,51090,15267366428,11138446,,1,1
2025-11-25T15:48:36.809326Z,mmtc,uesimtun1,644448,11339,1128384468,831405,,1,1
2025-11-25T15:48:36.809326Z,urllc,uesimtun2,464833,8232,2707259458,20024238,,1,1
2025-11-25T15:48:37.751486Z,embb,uesimtun0,2568141,51090,15267366556,11138448,,1,1
2025-11-25T15:48:37.751486Z,mmtc,uesimtun1,644448,11339,1128384680,831408,,1,1
2025-11-25T15:48:37.751486Z,urllc,uesimtun2,464833,8232,2710643722,20061024,,1,1
2025-11-25T15:48:38.752165Z,embb,uesimtun0,2568141,51090,15267366768,11138451,,1,1
2025-11-25T15:48:38.752165Z,mmtc,uesimtun1,644448,11339,1128384976,831412,,1,1
2025-11-25T15:48:38.752165Z,urllc,uesimtun2,464833,8232,2714246478,20100185,,1,1
2025-11-25T15:48:39.751444Z,embb,uesimtun0,2568141,51090,15267366980,11138454,,1,1
2025-11-25T15:48:39.751444Z,mmtc,uesimtun1,644448,11339,1128385272,831416,,1,1
2025-11-25T15:48:39.751444Z,urllc,uesimtun2,464833,8232,2717560875,20136212,,1,1
2025-11-25T15:48:40.751707Z,embb,uesimtun0,2568141,51090,15267367360,11138459,,1,1
2025-11-25T15:48:40.751707Z,mmtc,uesimtun1,644448,11339,1128385400,831418,,1,1
2025-11-25T15:48:40.751707Z,urllc,uesimtun2,464833,8232,2717561246,20136218,,1,1
2025-11-25T15:48:41.939153Z,embb,uesimtun0,2568141,51090,15267367740,11138464,,1,1
2025-11-25T15:48:41.939153Z,mmtc,uesimtun1,644448,11339,1128385444,831419,,1,1
2025-11-25T15:48:41.939153Z,urllc,uesimtun2,464833,8232,2717561763,20136225,,1,1
2025-11-25T15:48:42.811643Z,embb,uesimtun0,2568141,51090,15267367868,11138466,,1,1
2025-11-25T15:48:42.811643Z,mmtc,uesimtun1,644448,11339,1128385488,831420,,1,1
2025-11-25T15:48:42.811643Z,urllc,uesimtun2,464833,8232,2717562059,20136229,,1,1
2025-11-25T15:48:43.751481Z,embb,uesimtun0,2568141,51090,15267367912,11138467,,1,1
2025-11-25T15:48:43.751481Z,mmtc,uesimtun1,644448,11339,1128385616,831422,,1,1
2025-11-25T15:48:43.751481Z,urllc,uesimtun2,464833,8232,2717562156,20136231,,1,1
2025-11-25T15:48:44.751609Z,embb,uesimtun0,2568141,51090,15267367956,11138468,,1,1
2025-11-25T15:48:44.751609Z,mmtc,uesimtun1,644448,11339,1128385912,831426,,1,1
2025-11-25T15:48:44.751609Z,urllc,uesimtun2,464833,8232,2717562284,20136233,,1,1
2025-11-25T15:48:45.751805Z,embb,uesimtun0,2568141,51090,15267368168,11138471,,1,1
2025-11-25T15:48:45.751805Z,mmtc,uesimtun1,644448,11339,1128386208,831430,,1,1
2025-11-25T15:48:45.751805Z,urllc,uesimtun2,464833,8232,2717562412,20136235,,1,1
2025-11-25T15:48:46.751825Z,embb,uesimtun0,2568141,51090,15267368296,11138473,,1,1
2025-11-25T15:48:46.751825Z,mmtc,uesimtun1,644448,11339,1128386504,831434,,1,1
2025-11-25T15:48:46.751825Z,urllc,uesimtun2,464833,8232,2717562677,20136239,,1,1
2025-11-25T15:48:47.751698Z,embb,uesimtun0,2568141,51090,15267368508,11138476,,1,1
2025-11-25T15:48:47.751698Z,mmtc,uesimtun1,644448,11339,1128386632,831436,,1,1
2025-11-25T15:48:47.751698Z,urllc,uesimtun2,464833,8232,2717562805,20136241,,1,1
2025-11-25T15:48:48.751650Z,embb,uesimtun0,2568141,51090,15267368804,11138480,,1,1
2025-11-25T15:48:48.751650Z,mmtc,uesimtun1,644448,11339,1128386844,831439,,1,1
2025-11-25T15:48:48.751650Z,urllc,uesimtun2,464833,8232,2717563017,20136244,,1,1
2025-11-25T15:48:49.752414Z,embb,uesimtun0,2568141,51090,15267369016,11138483,,1,1
2025-11-25T15:48:49.752414Z,mmtc,uesimtun1,644448,11339,1128386972,831441,,1,1
2025-11-25T15:48:49.752414Z,urllc,uesimtun2,464833,8232,2717563145,20136246,,1,1
2025-11-25T15:48:50.752024Z,embb,uesimtun0,2568141,51090,15267369228,11138486,,1,1
2025-11-25T15:48:50.752024Z,mmtc,uesimtun1,644448,11339,1128387100,831443,,1,1
2025-11-25T15:48:50.752024Z,urllc,uesimtun2,464833,8232,2717563441,20136250,,1,1
2025-11-25T15:48:51.785614Z,embb,uesimtun0,2568141,51090,15267369356,11138488,,1,1
2025-11-25T15:48:51.785614Z,mmtc,uesimtun1,644448,11339,1128387228,831445,,1,1
2025-11-25T15:48:51.785614Z,urllc,uesimtun2,464833,8232,2717563569,20136252,,1,1
2025-11-25T15:48:52.751573Z,embb,uesimtun0,2568141,51090,15267369568,11138491,,1,1
2025-11-25T15:48:52.751573Z,mmtc,uesimtun1,644448,11339,1128387524,831449,,1,1
2025-11-25T15:48:52.751573Z,urllc,uesimtun2,464833,8232,2717563697,20136254,,1,1
2025-11-25T15:48:53.751990Z,embb,uesimtun0,2568141,51090,15267369780,11138494,,1,1
2025-11-25T15:48:53.751990Z,mmtc,uesimtun1,644448,11339,1128387736,831452,,1,1
2025-11-25T15:48:53.751990Z,urllc,uesimtun2,464833,8232,2717563878,20136257,,1,1
2025-11-25T15:48:54.868928Z,embb,uesimtun0,2568141,51090,15267370045,11138498,,1,1
2025-11-25T15:48:54.868928Z,mmtc,uesimtun1,644448,11339,1128387864,831454,,1,1
2025-11-25T15:48:54.868928Z,urllc,uesimtun2,464833,8232,2717564174,20136261,,1,1
2025-11-25T15:48:55.751684Z,embb,uesimtun0,2568141,51090,15267370257,11138501,,1,1
2025-11-25T15:48:55.751684Z,mmtc,uesimtun1,644448,11339,1128387992,831456,,1,1
2025-11-25T15:48:55.751684Z,urllc,uesimtun2,464833,8232,2717564386,20136264,,1,1
2025-11-25T15:48:56.751672Z,embb,uesimtun0,2568141,51090,15267370301,11138502,,1,1
2025-11-25T15:48:56.751672Z,mmtc,uesimtun1,644448,11339,1128388204,831459,,1,1
2025-11-25T15:48:56.751672Z,urllc,uesimtun2,464833,8232,2717564682,20136268,,1,1
2025-11-25T15:48:57.751753Z,embb,uesimtun0,2568141,51090,15267370429,11138504,,1,1
2025-11-25T15:48:57.751753Z,mmtc,uesimtun1,644448,11339,1128388416,831462,,1,1
2025-11-25T15:48:57.751753Z,urllc,uesimtun2,464833,8232,2717564894,20136271,,1,1
2025-11-25T15:48:58.752020Z,embb,uesimtun0,2568141,51090,15267370557,11138506,,1,1
2025-11-25T15:48:58.752020Z,mmtc,uesimtun1,644448,11339,1128388628,831465,,1,1
2025-11-25T15:48:58.752020Z,urllc,uesimtun2,464833,8232,2717565022,20136273,,1,1
2025-11-25T15:48:59.751682Z,embb,uesimtun0,2568141,51090,15267370858,11138510,,1,1
2025-11-25T15:48:59.751682Z,mmtc,uesimtun1,644448,11339,1128388924,831469,,1,1
2025-11-25T15:48:59.751682Z,urllc,uesimtun2,464833,8232,2717565066,20136274,,1,1
2025-11-25T15:49:00.751870Z,embb,uesimtun0,2568141,51090,15267371154,11138514,,1,1
2025-11-25T15:49:00.751870Z,mmtc,uesimtun1,644448,11339,1128389220,831473,,1,1
2025-11-25T15:49:00.751870Z,urllc,uesimtun2,464833,8232,2717565110,20136275,,1,1
2025-11-25T15:49:01.752129Z,embb,uesimtun0,2568141,51090,15267371534,11138519,,1,1
2025-11-25T15:49:01.752129Z,mmtc,uesimtun1,644448,11339,1128389264,831474,,1,1
2025-11-25T15:49:01.752129Z,urllc,uesimtun2,464833,8232,2717565322,20136278,,1,1
2025-11-25T15:49:02.752155Z,embb,uesimtun0,2568141,51090,15267371830,11138523,,1,1
2025-11-25T15:49:02.752155Z,mmtc,uesimtun1,644448,11339,1128389308,831475,,1,1
2025-11-25T15:49:02.752155Z,urllc,uesimtun2,464833,8232,2717565618,20136282,,1,1
2025-11-25T15:49:03.751585Z,embb,uesimtun0,2568141,51090,15267371874,11138524,,1,1
2025-11-25T15:49:03.751585Z,mmtc,uesimtun1,644448,11339,1128389352,831476,,1,1
2025-11-25T15:49:03.751585Z,urllc,uesimtun2,464833,8232,2717565914,20136286,,1,1
2025-11-25T15:49:04.752091Z,embb,uesimtun0,2568141,51090,15267371918,11138525,,1,1
2025-11-25T15:49:04.752091Z,mmtc,uesimtun1,644448,11339,1128389648,831480,,1,1
2025-11-25T15:49:04.752091Z,urllc,uesimtun2,464833,8232,2717566210,20136290,,1,1
2025-11-25T15:49:05.751974Z,embb,uesimtun0,2568141,51090,15267372046,11138527,,1,1
2025-11-25T15:49:05.751974Z,mmtc,uesimtun1,644448,11339,1128389860,831483,,1,1
2025-11-25T15:49:05.751974Z,urllc,uesimtun2,464833,8232,2717566338,20136292,,1,1
2025-11-25T15:49:06.751784Z,embb,uesimtun0,2568141,51090,15267372174,11138529,,1,1
2025-11-25T15:49:06.751784Z,mmtc,uesimtun1,644448,11339,1128390156,831487,,1,1
2025-11-25T15:49:06.751784Z,urllc,uesimtun2,464833,8232,2717566550,20136295,,1,1
2025-11-25T15:49:07.751528Z,embb,uesimtun0,2568141,51090,15267372302,11138531,,1,1
2025-11-25T15:49:07.751528Z,mmtc,uesimtun1,644448,11339,1128390452,831491,,1,1
2025-11-25T15:49:07.751528Z,urllc,uesimtun2,464833,8232,2717566647,20136297,,1,1
2025-11-25T15:49:08.752029Z,embb,uesimtun0,2568141,51090,15267372658,11138536,,1,1
2025-11-25T15:49:08.752029Z,mmtc,uesimtun1,644448,11339,1128390664,831494,,1,1
2025-11-25T15:49:08.752029Z,urllc,uesimtun2,464833,8232,2717566775,20136299,,1,1
2025-11-25T15:49:09.751629Z,embb,uesimtun0,2568141,51090,15267373014,11138541,,1,1
2025-11-25T15:49:09.751629Z,mmtc,uesimtun1,644448,11339,1128390792,831496,,1,1
2025-11-25T15:49:09.751629Z,urllc,uesimtun2,464833,8232,2717566903,20136301,,1,1
2025-11-25T15:49:10.752065Z,embb,uesimtun0,2568141,51090,15267373202,11138544,,1,1
2025-11-25T15:49:10.752065Z,mmtc,uesimtun1,644448,11339,1128390836,831497,,1,1
2025-11-25T15:49:10.752065Z,urllc,uesimtun2,464833,8232,2717567199,20136305,,1,1
2025-11-25T15:49:11.751647Z,embb,uesimtun0,2568141,51090,15267373474,11138548,,1,1
2025-11-25T15:49:11.751647Z,mmtc,uesimtun1,644448,11339,1128391017,831500,,1,1
2025-11-25T15:49:11.751647Z,urllc,uesimtun2,464833,8232,2717567495,20136309,,1,1
2025-11-25T15:49:12.751529Z,embb,uesimtun0,2568141,51090,15267373662,11138551,,1,1
2025-11-25T15:49:12.751529Z,mmtc,uesimtun1,644448,11339,1128391229,831503,,1,1
2025-11-25T15:49:12.751529Z,urllc,uesimtun2,464833,8232,2717567623,20136311,,1,1
2025-11-25T15:49:13.751966Z,embb,uesimtun0,2568141,51090,15267374018,11138556,,1,1
2025-11-25T15:49:13.751966Z,mmtc,uesimtun1,644448,11339,1128391441,831506,,1,1
2025-11-25T15:49:13.751966Z,urllc,uesimtun2,464833,8232,2717567751,20136313,,1,1
2025-11-25T15:49:14.798741Z,embb,uesimtun0,2568141,51090,15267374146,11138558,,1,1
2025-11-25T15:49:14.798741Z,mmtc,uesimtun1,644448,11339,1128391737,831510,,1,1
2025-11-25T15:49:14.798741Z,urllc,uesimtun2,464833,8232,2717567963,20136316,,1,1
2025-11-25T15:49:15.751619Z,embb,uesimtun0,2568141,51090,15267374418,11138562,,1,1
2025-11-25T15:49:15.751619Z,mmtc,uesimtun1,644448,11339,1128391865,831512,,1,1
2025-11-25T15:49:15.751619Z,urllc,uesimtun2,464833,8232,2717568175,20136319,,1,1
2025-11-25T15:49:16.751746Z,embb,uesimtun0,2568141,51090,15267374630,11138565,,1,1
2025-11-25T15:49:16.751746Z,mmtc,uesimtun1,644448,11339,1128392077,831515,,1,1
2025-11-25T15:49:16.751746Z,urllc,uesimtun2,464833,8232,2717568387,20136322,,1,1
2025-11-25T15:49:17.751780Z,embb,uesimtun0,2568141,51090,15267374758,11138567,,1,1
2025-11-25T15:49:17.751780Z,mmtc,uesimtun1,644448,11339,1128392205,831517,,1,1
2025-11-25T15:49:17.751780Z,urllc,uesimtun2,464833,8232,2717568599,20136325,,1,1
2025-11-25T15:49:18.751732Z,embb,uesimtun0,2568141,51090,15267374802,11138568,,1,1
2025-11-25T15:49:18.751732Z,mmtc,uesimtun1,644448,11339,1128392417,831520,,1,1
2025-11-25T15:49:18.751732Z,urllc,uesimtun2,464833,8232,2717568895,20136329,,1,1
2025-11-25T15:49:19.751688Z,embb,uesimtun0,2568141,51090,15267374990,11138571,,1,1
2025-11-25T15:49:19.751688Z,mmtc,uesimtun1,644448,11339,1128392629,831523,,1,1
2025-11-25T15:49:19.751688Z,urllc,uesimtun2,464833,8232,2717568939,20136330,,1,1
2025-11-25T15:49:20.751621Z,embb,uesimtun0,2568141,51090,15267375202,11138574,,1,1
2025-11-25T15:49:20.751621Z,mmtc,uesimtun1,644448,11339,1128392925,831527,,1,1
2025-11-25T15:49:20.751621Z,urllc,uesimtun2,464833,8232,2717568983,20136331,,1,1
2025-11-25T15:49:21.751736Z,embb,uesimtun0,2568141,51090,15267375582,11138579,,1,1
2025-11-25T15:49:21.751736Z,mmtc,uesimtun1,644448,11339,1128393137,831530,,1,1
2025-11-25T15:49:21.751736Z,urllc,uesimtun2,464833,8232,2717569111,20136333,,1,1
2025-11-25T15:49:22.751564Z,embb,uesimtun0,2568141,51090,15267375878,11138583,,1,1
2025-11-25T15:49:22.751564Z,mmtc,uesimtun1,644448,11339,1128393181,831531,,1,1
2025-11-25T15:49:22.751564Z,urllc,uesimtun2,464833,8232,2717569407,20136337,,1,1
2025-11-25T15:49:23.751606Z,embb,uesimtun0,2568141,51090,15267376174,11138587,,1,1
2025-11-25T15:49:23.751606Z,mmtc,uesimtun1,644448,11339,1128393285,831533,,1,1
2025-11-25T15:49:23.751606Z,urllc,uesimtun2,464833,8232,2717569679,20136341,,1,1
2025-11-25T15:49:24.751993Z,embb,uesimtun0,2568141,51090,15267376878,11138599,,1,1
2025-11-25T15:49:24.751993Z,mmtc,uesimtun1,644448,11339,1128393473,831536,,1,1
2025-11-25T15:49:24.751993Z,urllc,uesimtun2,464833,8232,2717570035,20136346,,1,1
2025-11-25T15:49:25.752110Z,embb,uesimtun0,2568141,51090,15267377666,11138612,,1,1
2025-11-25T15:49:25.752110Z,mmtc,uesimtun1,644448,11339,1128393745,831540,,1,1
2025-11-25T15:49:25.752110Z,urllc,uesimtun2,464833,8232,2717570391,20136351,,1,1
2025-11-25T15:49:26.751832Z,embb,uesimtun0,2568141,51090,15267377770,11138614,,1,1
2025-11-25T15:49:26.751832Z,mmtc,uesimtun1,644448,11339,1128394017,831544,,1,1
2025-11-25T15:49:26.751832Z,urllc,uesimtun2,464833,8232,2717570663,20136355,,1,1
2025-11-25T15:49:27.751650Z,embb,uesimtun0,2568141,51090,15267378618,11138628,,1,1
2025-11-25T15:49:27.751650Z,mmtc,uesimtun1,644448,11339,1128394373,831549,,1,1
2025-11-25T15:49:27.751650Z,urllc,uesimtun2,464833,8232,2717570827,20136358,,1,1
2025-11-25T15:49:28.751939Z,embb,uesimtun0,2568141,51090,15267379586,11138644,,1,1
2025-11-25T15:49:28.751939Z,mmtc,uesimtun1,644448,11339,1128394993,831558,,1,1
2025-11-25T15:49:28.751939Z,urllc,uesimtun2,464833,8232,2717570991,20136361,,1,1
2025-11-25T15:49:29.751733Z,embb,uesimtun0,2568141,51090,15267380746,11138662,,1,1
2025-11-25T15:49:29.751733Z,mmtc,uesimtun1,644448,11339,1128395361,831564,,1,1
2025-11-25T15:49:29.751733Z,urllc,uesimtun2,464833,8232,2717571179,20136364,,1,1
2025-11-25T15:49:30.751969Z,embb,uesimtun0,2568141,51090,15267381882,11138680,,1,1
2025-11-25T15:49:30.751969Z,mmtc,uesimtun1,644448,11339,1128395789,831571,,1,1
2025-11-25T15:49:30.751969Z,urllc,uesimtun2,464833,8232,2717571511,20136369,,1,1
2025-11-25T15:49:31.751611Z,embb,uesimtun0,2568141,51090,15267382274,11138686,,1,1
2025-11-25T15:49:31.751611Z,mmtc,uesimtun1,644448,11339,1128396133,831577,,1,1
2025-11-25T15:49:31.751611Z,urllc,uesimtun2,464833,8232,2717571867,20136374,,1,1
2025-11-25T15:49:32.752155Z,embb,uesimtun0,2568141,51090,15267383242,11138702,,1,1
2025-11-25T15:49:32.752155Z,mmtc,uesimtun1,644448,11339,1128396645,831585,,1,1
2025-11-25T15:49:32.752155Z,urllc,uesimtun2,464833,8232,2717572223,20136379,,1,1
2025-11-25T15:49:33.751593Z,embb,uesimtun0,2568141,51090,15267383574,11138707,,1,1
2025-11-25T15:49:33.751593Z,mmtc,uesimtun1,644448,11339,1128397193,831594,,1,1
2025-11-25T15:49:33.751593Z,urllc,uesimtun2,464833,8232,2717572404,20136382,,1,1
2025-11-25T15:49:34.751527Z,embb,uesimtun0,2568141,51090,15267383822,11138711,,1,1
2025-11-25T15:49:34.751527Z,mmtc,uesimtun1,644448,11339,1128397705,831602,,1,1
2025-11-25T15:49:34.751527Z,urllc,uesimtun2,464833,8232,2717572736,20136387,,1,1
2025-11-25T15:49:35.751814Z,embb,uesimtun0,2568141,51090,15267384010,11138714,,1,1
2025-11-25T15:49:35.751814Z,mmtc,uesimtun1,644448,11339,1128398361,831612,,1,1
2025-11-25T15:49:35.751814Z,urllc,uesimtun2,464833,8232,2717572984,20136391,,1,1
2025-11-25T15:49:36.751798Z,embb,uesimtun0,2568141,51090,15267384942,11138729,,1,1
2025-11-25T15:49:36.751798Z,mmtc,uesimtun1,644448,11339,1128398813,831619,,1,1
2025-11-25T15:49:36.751798Z,urllc,uesimtun2,464833,8232,2717573352,20136397,,1,1
2025-11-25T15:49:37.752157Z,embb,uesimtun0,2568141,51090,15267385238,11138733,,1,1
2025-11-25T15:49:37.752157Z,mmtc,uesimtun1,644448,11339,1128399181,831625,,1,1
2025-11-25T15:49:37.752157Z,urllc,uesimtun2,464833,8232,2717573804,20136404,,1,1
2025-11-25T15:49:38.752151Z,embb,uesimtun0,2568141,51090,15267385342,11138735,,1,1
2025-11-25T15:49:38.752151Z,mmtc,uesimtun1,644448,11339,1128399609,831632,,1,1
2025-11-25T15:49:38.752151Z,urllc,uesimtun2,464833,8232,2717574460,20136414,,1,1
2025-11-25T15:49:39.751984Z,embb,uesimtun0,2568141,51090,15267385530,11138738,,1,1
2025-11-25T15:49:39.751984Z,mmtc,uesimtun1,644448,11339,1128400121,831640,,1,1
2025-11-25T15:49:39.751984Z,urllc,uesimtun2,464833,8232,2717575152,20136425,,1,1
2025-11-25T15:49:40.751900Z,embb,uesimtun0,2568141,51090,15267385718,11138741,,1,1
2025-11-25T15:49:40.751900Z,mmtc,uesimtun1,644448,11339,1128400837,831651,,1,1
2025-11-25T15:49:40.751900Z,urllc,uesimtun2,464833,8232,2717575736,20136435,,1,1
2025-11-25T15:49:41.751689Z,embb,uesimtun0,2568141,51090,15267386098,11138746,,1,1
2025-11-25T15:49:41.751689Z,mmtc,uesimtun1,644448,11339,1128401409,831660,,1,1
2025-11-25T15:49:41.751689Z,urllc,uesimtun2,464833,8232,2717576260,20136444,,1,1
2025-11-25T15:49:42.751739Z,embb,uesimtun0,2568141,51090,15267386310,11138749,,1,1
2025-11-25T15:49:42.751739Z,mmtc,uesimtun1,644448,11339,1128401981,831669,,1,1
2025-11-25T15:49:42.751739Z,urllc,uesimtun2,464833,8232,2717577072,20136457,,1,1
2025-11-25T15:49:43.751642Z,embb,uesimtun0,2568141,51090,15267386606,11138753,,1,1
2025-11-25T15:49:43.751642Z,mmtc,uesimtun1,644448,11339,1128402265,831674,,1,1
2025-11-25T15:49:43.751642Z,urllc,uesimtun2,464833,8232,2717577824,20136469,,1,1
2025-11-25T15:49:44.751792Z,embb,uesimtun0,2568141,51090,15267387538,11138768,,1,1
2025-11-25T15:49:44.751792Z,mmtc,uesimtun1,644448,11339,1128402813,831683,,1,1
2025-11-25T15:49:44.751792Z,urllc,uesimtun2,464833,8232,2717578456,20136479,,1,1
2025-11-25T15:49:45.751778Z,embb,uesimtun0,2568141,51090,15267387666,11138770,,1,1
2025-11-25T15:49:45.751778Z,mmtc,uesimtun1,644448,11339,1128403181,831689,,1,1
2025-11-25T15:49:45.751778Z,urllc,uesimtun2,464833,8232,2717579052,20136488,,1,1
2025-11-25T15:49:46.752110Z,embb,uesimtun0,2568141,51090,15267387770,11138772,,1,1
2025-11-25T15:49:46.752110Z,mmtc,uesimtun1,644448,11339,1128403573,831695,,1,1
2025-11-25T15:49:46.752110Z,urllc,uesimtun2,464833,8232,2717580032,20136503,,1,1
2025-11-25T15:49:47.751920Z,embb,uesimtun0,2568141,51090,15267387874,11138774,,1,1
2025-11-25T15:49:47.751920Z,mmtc,uesimtun1,644448,11339,1128403905,831700,,1,1
2025-11-25T15:49:47.751920Z,urllc,uesimtun2,464833,8232,2717580520,20136511,,1,1
2025-11-25T15:49:48.752047Z,embb,uesimtun0,2568141,51090,15267388115,11138778,,1,1
2025-11-25T15:49:48.752047Z,mmtc,uesimtun1,644448,11339,1128404705,831712,,1,1
2025-11-25T15:49:48.752047Z,urllc,uesimtun2,464833,8232,2717580744,20136515,,1,1
2025-11-25T15:49:49.751728Z,embb,uesimtun0,2568141,51090,15267388411,11138782,,1,1
2025-11-25T15:49:49.751728Z,mmtc,uesimtun1,644448,11339,1128405121,831718,,1,1
2025-11-25T15:49:49.751728Z,urllc,uesimtun2,464833,8232,2717581028,20136520,,1,1
2025-11-25T15:49:50.751643Z,embb,uesimtun0,2568141,51090,15267388707,11138786,,1,1
2025-11-25T15:49:50.751643Z,mmtc,uesimtun1,644448,11339,1128405249,831720,,1,1
2025-11-25T15:49:50.751643Z,urllc,uesimtun2,464833,8232,2717581480,20136527,,1,1
2025-11-25T15:49:51.759465Z,embb,uesimtun0,2568141,51090,15267389087,11138791,,1,1
2025-11-25T15:49:51.759465Z,mmtc,uesimtun1,644448,11339,1128405473,831724,,1,1
2025-11-25T15:49:51.759465Z,urllc,uesimtun2,464833,8232,2717581848,20136533,,1,1
2025-11-25T15:49:52.751978Z,embb,uesimtun0,2568141,51090,15267389215,11138793,,1,1
2025-11-25T15:49:52.751978Z,mmtc,uesimtun1,644448,11339,1128405721,831728,,1,1
2025-11-25T15:49:52.751978Z,urllc,uesimtun2,464833,8232,2717582264,20136539,,1,1
2025-11-25T15:49:53.751668Z,embb,uesimtun0,2568141,51090,15267389427,11138796,,1,1
2025-11-25T15:49:53.751668Z,mmtc,uesimtun1,644448,11339,1128405969,831732,,1,1
2025-11-25T15:49:53.751668Z,urllc,uesimtun2,464833,8232,2717582740,20136546,,1,1
2025-11-25T15:49:54.828908Z,embb,uesimtun0,2568141,51090,15267389471,11138797,,1,1
2025-11-25T15:49:54.828908Z,mmtc,uesimtun1,644448,11339,1128406097,831734,,1,1
2025-11-25T15:49:54.828908Z,urllc,uesimtun2,464833,8232,2717583012,20136550,,1,1
2025-11-25T15:49:55.751868Z,embb,uesimtun0,2568141,51090,15267389599,11138799,,1,1
2025-11-25T15:49:55.751868Z,mmtc,uesimtun1,644448,11339,1128406393,831738,,1,1
2025-11-25T15:49:55.751868Z,urllc,uesimtun2,464833,8232,2717583500,20136558,,1,1
2025-11-25T15:49:56.751723Z,embb,uesimtun0,2568141,51090,15267389727,11138801,,1,1
2025-11-25T15:49:56.751723Z,mmtc,uesimtun1,644448,11339,1128406833,831744,,1,1
2025-11-25T15:49:56.751723Z,urllc,uesimtun2,464833,8232,2717583688,20136561,,1,1
2025-11-25T15:49:57.751891Z,embb,uesimtun0,2568141,51090,15267390023,11138805,,1,1
2025-11-25T15:49:57.751891Z,mmtc,uesimtun1,644448,11339,1128407081,831748,,1,1
2025-11-25T15:49:57.751891Z,urllc,uesimtun2,464833,8232,2717583960,20136565,,1,1
2025-11-25T15:49:58.751795Z,embb,uesimtun0,2568141,51090,15267390235,11138808,,1,1
2025-11-25T15:49:58.751795Z,mmtc,uesimtun1,644448,11339,1128407209,831750,,1,1
2025-11-25T15:49:58.751795Z,urllc,uesimtun2,464833,8232,2717584208,20136569,,1,1
2025-11-25T15:49:59.751874Z,embb,uesimtun0,2568141,51090,15267390363,11138810,,1,1
2025-11-25T15:49:59.751874Z,mmtc,uesimtun1,644448,11339,1128407457,831754,,1,1
2025-11-25T15:49:59.751874Z,urllc,uesimtun2,464833,8232,2717584804,20136578,,1,1
2025-11-25T15:50:00.752059Z,embb,uesimtun0,2568141,51090,15267391151,11138823,,1,1
2025-11-25T15:50:00.752059Z,mmtc,uesimtun1,644448,11339,1128407813,831759,,1,1
2025-11-25T15:50:00.752059Z,urllc,uesimtun2,464833,8232,2717585076,20136582,,1,1
2025-11-25T15:50:01.899492Z,embb,uesimtun0,2568141,51090,15267391363,11138826,,1,1
2025-11-25T15:50:01.899492Z,mmtc,uesimtun1,644448,11339,1128408001,831762,,1,1
2025-11-25T15:50:01.899492Z,urllc,uesimtun2,464833,8232,2717585180,20136584,,1,1
2025-11-25T15:50:02.751485Z,embb,uesimtun0,2568141,51090,15267391635,11138830,,1,1
2025-11-25T15:50:02.751485Z,mmtc,uesimtun1,644448,11339,1128408213,831765,,1,1
2025-11-25T15:50:02.751485Z,urllc,uesimtun2,464833,8232,2717585392,20136587,,1,1
2025-11-25T15:50:03.751921Z,embb,uesimtun0,2568141,51090,15267391907,11138834,,1,1
2025-11-25T15:50:03.751921Z,mmtc,uesimtun1,644448,11339,1128408425,831768,,1,1
2025-11-25T15:50:03.751921Z,urllc,uesimtun2,464833,8232,2717585700,20136592,,1,1
2025-11-25T15:50:04.751721Z,embb,uesimtun0,2568141,51090,15267392263,11138839,,1,1
2025-11-25T15:50:04.751721Z,mmtc,uesimtun1,644448,11339,1128408793,831774,,1,1
2025-11-25T15:50:04.751721Z,urllc,uesimtun2,464833,8232,2717585912,20136595,,1,1
2025-11-25T15:50:05.751451Z,embb,uesimtun0,2568141,51090,15267392559,11138843,,1,1
2025-11-25T15:50:05.751451Z,mmtc,uesimtun1,644448,11339,1128408981,831777,,1,1
2025-11-25T15:50:05.751451Z,urllc,uesimtun2,464833,8232,2717586184,20136599,,1,1
2025-11-25T15:50:06.751558Z,embb,uesimtun0,2568141,51090,15267392603,11138844,,1,1
2025-11-25T15:50:06.751558Z,mmtc,uesimtun1,644448,11339,1128409109,831779,,1,1
2025-11-25T15:50:06.751558Z,urllc,uesimtun2,464833,8232,2717586564,20136604,,1,1
2025-11-25T15:50:07.751622Z,embb,uesimtun0,2568141,51090,15267392647,11138845,,1,1
2025-11-25T15:50:07.751622Z,mmtc,uesimtun1,644448,11339,1128409381,831783,,1,1
2025-11-25T15:50:07.751622Z,urllc,uesimtun2,464833,8232,2717586860,20136608,,1,1
2025-11-25T15:50:08.751554Z,embb,uesimtun0,2568141,51090,15267392691,11138846,,1,1
2025-11-25T15:50:08.751554Z,mmtc,uesimtun1,644448,11339,1128409677,831787,,1,1
2025-11-25T15:50:08.751554Z,urllc,uesimtun2,464833,8232,2717586904,20136609,,1,1
2025-11-25T15:50:09.751579Z,embb,uesimtun0,2568141,51090,15267392903,11138849,,1,1
2025-11-25T15:50:09.751579Z,mmtc,uesimtun1,644448,11339,1128410009,831792,,1,1
2025-11-25T15:50:09.751579Z,urllc,uesimtun2,464833,8232,2717586948,20136610,,1,1
2025-11-25T15:50:10.751944Z,embb,uesimtun0,2568141,51090,15267393115,11138852,,1,1
2025-11-25T15:50:10.751944Z,mmtc,uesimtun1,644448,11339,1128410305,831796,,1,1
2025-11-25T15:50:10.751944Z,urllc,uesimtun2,464833,8232,2717587076,20136612,,1,1
2025-11-25T15:50:11.751906Z,embb,uesimtun0,2568141,51090,15267393411,11138856,,1,1
2025-11-25T15:50:11.751906Z,mmtc,uesimtun1,644448,11339,1128410433,831798,,1,1
2025-11-25T15:50:11.751906Z,urllc,uesimtun2,464833,8232,2717587384,20136617,,1,1
2025-11-25T15:50:12.751752Z,embb,uesimtun0,2568141,51090,15267393791,11138861,,1,1
2025-11-25T15:50:12.751752Z,mmtc,uesimtun1,644448,11339,1128410561,831800,,1,1
2025-11-25T15:50:12.751752Z,urllc,uesimtun2,464833,8232,2717587632,20136621,,1,1
2025-11-25T15:50:13.751945Z,embb,uesimtun0,2568141,51090,15267393919,11138863,,1,1
2025-11-25T15:50:13.751945Z,mmtc,uesimtun1,644448,11339,1128410725,831803,,1,1
2025-11-25T15:50:13.751945Z,urllc,uesimtun2,464833,8232,2717588012,20136626,,1,1
2025-11-25T15:50:14.751537Z,embb,uesimtun0,2568141,51090,15267394131,11138866,,1,1
2025-11-25T15:50:14.751537Z,mmtc,uesimtun1,644448,11339,1128410853,831805,,1,1
2025-11-25T15:50:14.751537Z,urllc,uesimtun2,464833,8232,2717588452,20136632,,1,1
2025-11-25T15:50:15.889296Z,embb,uesimtun0,2568141,51090,15267394175,11138867,,1,1
2025-11-25T15:50:15.889296Z,mmtc,uesimtun1,644448,11339,1128411125,831809,,1,1
2025-11-25T15:50:15.889296Z,urllc,uesimtun2,464833,8232,2717588760,20136637,,1,1
2025-11-25T15:50:16.751364Z,embb,uesimtun0,2568141,51090,15267394363,11138870,,1,1
2025-11-25T15:50:16.751364Z,mmtc,uesimtun1,644448,11339,1128411397,831813,,1,1
2025-11-25T15:50:16.751364Z,urllc,uesimtun2,464833,8232,2717588948,20136640,,1,1
2025-11-25T15:50:17.751776Z,embb,uesimtun0,2568141,51090,15267394491,11138872,,1,1
2025-11-25T15:50:17.751776Z,mmtc,uesimtun1,644448,11339,1128411837,831819,,1,1
2025-11-25T15:50:17.751776Z,urllc,uesimtun2,464833,8232,2717589136,20136643,,1,1
2025-11-25T15:50:18.751527Z,embb,uesimtun0,2568141,51090,15267394787,11138876,,1,1
2025-11-25T15:50:18.751527Z,mmtc,uesimtun1,644448,11339,1128411965,831821,,1,1
2025-11-25T15:50:18.751527Z,urllc,uesimtun2,464833,8232,2717589408,20136647,,1,1
2025-11-25T15:50:19.751566Z,embb,uesimtun0,2568141,51090,15267394999,11138879,,1,1
2025-11-25T15:50:19.751566Z,mmtc,uesimtun1,644448,11339,1128412093,831823,,1,1
2025-11-25T15:50:19.751566Z,urllc,uesimtun2,464833,8232,2717589452,20136648,,1,1
2025-11-25T15:50:20.751694Z,embb,uesimtun0,2568141,51090,15267395127,11138881,,1,1
2025-11-25T15:50:20.751694Z,mmtc,uesimtun1,644448,11339,1128412281,831826,,1,1
2025-11-25T15:50:20.751694Z,urllc,uesimtun2,464833,8232,2717589808,20136653,,1,1
2025-11-25T15:50:21.751678Z,embb,uesimtun0,2568141,51090,15267395255,11138883,,1,1
2025-11-25T15:50:21.751678Z,mmtc,uesimtun1,644448,11339,1128412577,831830,,1,1
2025-11-25T15:50:21.751678Z,urllc,uesimtun2,464833,8232,2717590020,20136656,,1,1
2025-11-25T15:50:22.751870Z,embb,uesimtun0,2568141,51090,15267395551,11138887,,1,1
2025-11-25T15:50:22.751870Z,mmtc,uesimtun1,644448,11339,1128412705,831832,,1,1
2025-11-25T15:50:22.751870Z,urllc,uesimtun2,464833,8232,2717590292,20136660,,1,1
2025-11-25T15:50:23.751825Z,embb,uesimtun0,2568141,51090,15267395763,11138890,,1,1
2025-11-25T15:50:23.751825Z,mmtc,uesimtun1,644448,11339,1128412917,831835,,1,1
2025-11-25T15:50:23.751825Z,urllc,uesimtun2,464833,8232,2717590420,20136662,,1,1
2025-11-25T15:50:24.752006Z,embb,uesimtun0,2568141,51090,15267395975,11138893,,1,1
2025-11-25T15:50:24.752006Z,mmtc,uesimtun1,644448,11339,1128413129,831838,,1,1
2025-11-25T15:50:24.752006Z,urllc,uesimtun2,464833,8232,2717590548,20136664,,1,1
2025-11-25T15:50:25.751903Z,embb,uesimtun0,2568141,51090,15267396187,11138896,,1,1
2025-11-25T15:50:25.751903Z,mmtc,uesimtun1,644448,11339,1128413257,831840,,1,1
2025-11-25T15:50:25.751903Z,urllc,uesimtun2,464833,8232,2717590592,20136665,,1,1
2025-11-25T15:50:26.751950Z,embb,uesimtun0,2568141,51090,15267396483,11138900,,1,1
2025-11-25T15:50:26.751950Z,mmtc,uesimtun1,644448,11339,1128413385,831842,,1,1
2025-11-25T15:50:26.751950Z,urllc,uesimtun2,464833,8232,2717590888,20136669,,1,1
2025-11-25T15:50:27.751710Z,embb,uesimtun0,2568141,51090,15267396527,11138901,,1,1
2025-11-25T15:50:27.751710Z,mmtc,uesimtun1,644448,11339,1128413513,831844,,1,1
2025-11-25T15:50:27.751710Z,urllc,uesimtun2,464833,8232,2717591328,20136675,,1,1
2025-11-25T15:50:28.751997Z,embb,uesimtun0,2568141,51090,15267396571,11138902,,1,1
2025-11-25T15:50:28.751997Z,mmtc,uesimtun1,644448,11339,1128413725,831847,,1,1
2025-11-25T15:50:28.751997Z,urllc,uesimtun2,464833,8232,2717591677,20136680,,1,1
2025-11-25T15:50:29.751835Z,embb,uesimtun0,2568141,51090,15267396615,11138903,,1,1
2025-11-25T15:50:29.751835Z,mmtc,uesimtun1,644448,11339,1128414021,831851,,1,1
2025-11-25T15:50:29.751835Z,urllc,uesimtun2,464833,8232,2717591721,20136681,,1,1
2025-11-25T15:50:30.751692Z,embb,uesimtun0,2568141,51090,15267396911,11138907,,1,1
2025-11-25T15:50:30.751692Z,mmtc,uesimtun1,644448,11339,1128414317,831855,,1,1
2025-11-25T15:50:30.751692Z,urllc,uesimtun2,464833,8232,2717591849,20136683,,1,1
2025-11-25T15:50:32.009377Z,embb,uesimtun0,2568141,51090,15267397123,11138910,,1,1
2025-11-25T15:50:32.009377Z,mmtc,uesimtun1,644448,11339,1128414673,831860,,1,1
2025-11-25T15:50:32.009377Z,urllc,uesimtun2,464833,8232,2717591953,20136685,,1,1
2025-11-25T15:50:32.762148Z,embb,uesimtun0,2568141,51090,15267397503,11138915,,1,1
2025-11-25T15:50:32.762148Z,mmtc,uesimtun1,644448,11339,1128414717,831861,,1,1
2025-11-25T15:50:32.762148Z,urllc,uesimtun2,464833,8232,2717591997,20136686,,1,1
2025-11-25T15:50:33.751671Z,embb,uesimtun0,2568141,51090,15267398459,11138930,,1,1
2025-11-25T15:50:33.751671Z,mmtc,uesimtun1,644448,11339,1128414845,831863,,1,1
2025-11-25T15:50:33.751671Z,urllc,uesimtun2,464833,8232,2717592209,20136689,,1,1
2025-11-25T15:50:34.878878Z,embb,uesimtun0,2568141,51090,15267398731,11138934,,1,1
2025-11-25T15:50:34.878878Z,mmtc,uesimtun1,644448,11339,1128414889,831864,,1,1
2025-11-25T15:50:34.878878Z,urllc,uesimtun2,464833,8232,2717592757,20136696,,1,1
2025-11-25T15:50:35.809046Z,embb,uesimtun0,2568141,51090,15267398775,11138935,,1,1
2025-11-25T15:50:35.809046Z,mmtc,uesimtun1,644448,11339,1128415017,831866,,1,1
2025-11-25T15:50:35.809046Z,urllc,uesimtun2,464833,8232,2717593029,20136700,,1,1
2025-11-25T15:50:36.751663Z,embb,uesimtun0,2568141,51090,15267398879,11138937,,1,1
2025-11-25T15:50:36.751663Z,mmtc,uesimtun1,644448,11339,1128415409,831872,,1,1
2025-11-25T15:50:36.751663Z,urllc,uesimtun2,464833,8232,2717593157,20136702,,1,1
2025-11-25T15:50:37.751536Z,embb,uesimtun0,2568141,51090,15267399067,11138940,,1,1
2025-11-25T15:50:37.751536Z,mmtc,uesimtun1,644448,11339,1128415849,831878,,1,1
2025-11-25T15:50:37.751536Z,urllc,uesimtun2,464833,8232,2717593285,20136704,,1,1
2025-11-25T15:50:38.848875Z,embb,uesimtun0,2568141,51090,15267399279,11138943,,1,1
2025-11-25T15:50:38.848875Z,mmtc,uesimtun1,644448,11339,1128416145,831882,,1,1
2025-11-25T15:50:38.848875Z,urllc,uesimtun2,464833,8232,2717593497,20136707,,1,1
2025-11-25T15:50:39.751622Z,embb,uesimtun0,2568141,51090,15267399491,11138946,,1,1
2025-11-25T15:50:39.751622Z,mmtc,uesimtun1,644448,11339,1128416333,831885,,1,1
2025-11-25T15:50:39.751622Z,urllc,uesimtun2,464833,8232,2717593541,20136708,,1,1
2025-11-25T15:50:40.919833Z,embb,uesimtun0,2568141,51090,15267399787,11138950,,1,1
2025-11-25T15:50:40.919833Z,mmtc,uesimtun1,644448,11339,1128416545,831888,,1,1
2025-11-25T15:50:40.919833Z,urllc,uesimtun2,464833,8232,2717593753,20136711,,1,1
2025-11-25T15:50:41.751569Z,embb,uesimtun0,2568141,51090,15267399915,11138952,,1,1
2025-11-25T15:50:41.751569Z,mmtc,uesimtun1,644448,11339,1128416721,831891,,1,1
2025-11-25T15:50:41.751569Z,urllc,uesimtun2,464833,8232,2717593965,20136714,,1,1
2025-11-25T15:50:42.751710Z,embb,uesimtun0,2568141,51090,15267400211,11138956,,1,1
2025-11-25T15:50:42.751710Z,mmtc,uesimtun1,644448,11339,1128416969,831895,,1,1
2025-11-25T15:50:42.751710Z,urllc,uesimtun2,464833,8232,2717594261,20136718,,1,1
2025-11-25T15:50:43.751577Z,embb,uesimtun0,2568141,51090,15267400339,11138958,,1,1
2025-11-25T15:50:43.751577Z,mmtc,uesimtun1,644448,11339,1128417097,831897,,1,1
2025-11-25T15:50:43.751577Z,urllc,uesimtun2,464833,8232,2717594509,20136722,,1,1
2025-11-25T15:50:44.751528Z,embb,uesimtun0,2568141,51090,15267400551,11138961,,1,1
2025-11-25T15:50:44.751528Z,mmtc,uesimtun1,644448,11339,1128417309,831900,,1,1
2025-11-25T15:50:44.751528Z,urllc,uesimtun2,464833,8232,2717594757,20136726,,1,1
2025-11-25T15:50:45.751445Z,embb,uesimtun0,2568141,51090,15267400679,11138963,,1,1
2025-11-25T15:50:45.751445Z,mmtc,uesimtun1,644448,11339,1128417605,831904,,1,1
2025-11-25T15:50:45.751445Z,urllc,uesimtun2,464833,8232,2717594885,20136728,,1,1
2025-11-25T15:50:46.751746Z,embb,uesimtun0,2568141,51090,15267400975,11138967,,1,1
2025-11-25T15:50:46.751746Z,mmtc,uesimtun1,644448,11339,1128417853,831908,,1,1
2025-11-25T15:50:46.751746Z,urllc,uesimtun2,464833,8232,2717595157,20136732,,1,1
2025-11-25T15:50:47.751946Z,embb,uesimtun0,2568141,51090,15267401187,11138970,,1,1
2025-11-25T15:50:47.751946Z,mmtc,uesimtun1,644448,11339,1128417981,831910,,1,1
2025-11-25T15:50:47.751946Z,urllc,uesimtun2,464833,8232,2717595549,20136738,,1,1
2025-11-25T15:50:48.752077Z,embb,uesimtun0,2568141,51090,15267401231,11138971,,1,1
2025-11-25T15:50:48.752077Z,mmtc,uesimtun1,644448,11339,1128418229,831914,,1,1
2025-11-25T15:50:48.752077Z,urllc,uesimtun2,464833,8232,2717595989,20136744,,1,1
2025-11-25T15:50:49.751579Z,embb,uesimtun0,2568141,51090,15267401364,11138973,,1,1
2025-11-25T15:50:49.751579Z,mmtc,uesimtun1,644448,11339,1128418585,831919,,1,1
2025-11-25T15:50:49.751579Z,urllc,uesimtun2,464833,8232,2717596261,20136748,,1,1
2025-11-25T15:50:50.751763Z,embb,uesimtun0,2568141,51090,15267401576,11138976,,1,1
2025-11-25T15:50:50.751763Z,mmtc,uesimtun1,644448,11339,1128418797,831922,,1,1
2025-11-25T15:50:50.751763Z,urllc,uesimtun2,464833,8232,2717596449,20136751,,1,1
2025-11-25T15:50:51.751771Z,embb,uesimtun0,2568141,51090,15267401788,11138979,,1,1
2025-11-25T15:50:51.751771Z,mmtc,uesimtun1,644448,11339,1128419093,831926,,1,1
2025-11-25T15:50:51.751771Z,urllc,uesimtun2,464833,8232,2717596493,20136752,,1,1
2025-11-25T15:50:52.751558Z,embb,uesimtun0,2568141,51090,15267402000,11138982,,1,1
2025-11-25T15:50:52.751558Z,mmtc,uesimtun1,644448,11339,1128419365,831930,,1,1
2025-11-25T15:50:52.751558Z,urllc,uesimtun2,464833,8232,2717596597,20136754,,1,1
2025-11-25T15:50:53.751566Z,embb,uesimtun0,2568141,51090,15267402296,11138986,,1,1
2025-11-25T15:50:53.751566Z,mmtc,uesimtun1,644448,11339,1128419493,831932,,1,1
2025-11-25T15:50:53.751566Z,urllc,uesimtun2,464833,8232,2717596725,20136756,,1,1
2025-11-25T15:50:54.752016Z,embb,uesimtun0,2568141,51090,15267402676,11138991,,1,1
2025-11-25T15:50:54.752016Z,mmtc,uesimtun1,644448,11339,1128419537,831933,,1,1
2025-11-25T15:50:54.752016Z,urllc,uesimtun2,464833,8232,2717597081,20136761,,1,1
2025-11-25T15:50:55.751528Z,embb,uesimtun0,2568141,51090,15267402804,11138993,,1,1
2025-11-25T15:50:55.751528Z,mmtc,uesimtun1,644448,11339,1128419581,831934,,1,1
2025-11-25T15:50:55.751528Z,urllc,uesimtun2,464833,8232,2717597461,20136766,,1,1
2025-11-25T15:50:56.889270Z,embb,uesimtun0,2568141,51090,15267402848,11138994,,1,1
2025-11-25T15:50:56.889270Z,mmtc,uesimtun1,644448,11339,1128419793,831937,,1,1
2025-11-25T15:50:56.889270Z,urllc,uesimtun2,464833,8232,2717597757,20136770,,1,1
2025-11-25T15:50:57.751550Z,embb,uesimtun0,2568141,51090,15267402892,11138995,,1,1
2025-11-25T15:50:57.751550Z,mmtc,uesimtun1,644448,11339,1128420005,831940,,1,1
2025-11-25T15:50:57.751550Z,urllc,uesimtun2,464833,8232,2717597885,20136772,,1,1
2025-11-25T15:50:58.751916Z,embb,uesimtun0,2568141,51090,15267403104,11138998,,1,1
2025-11-25T15:50:58.751916Z,mmtc,uesimtun1,644448,11339,1128420301,831944,,1,1
2025-11-25T15:50:58.751916Z,urllc,uesimtun2,464833,8232,2717598097,20136775,,1,1
2025-11-25T15:50:59.759976Z,embb,uesimtun0,2568141,51090,15267403232,11139000,,1,1
2025-11-25T15:50:59.759976Z,mmtc,uesimtun1,644448,11339,1128420681,831949,,1,1
2025-11-25T15:50:59.759976Z,urllc,uesimtun2,464833,8232,2717598141,20136776,,1,1
2025-11-25T15:51:00.751664Z,embb,uesimtun0,2568141,51090,15267403444,11139003,,1,1
2025-11-25T15:51:00.751664Z,mmtc,uesimtun1,644448,11339,1128420809,831951,,1,1
2025-11-25T15:51:00.751664Z,urllc,uesimtun2,464833,8232,2717598245,20136778,,1,1
2025-11-25T15:51:02.009671Z,embb,uesimtun0,2568141,51090,15267403740,11139007,,1,1
2025-11-25T15:51:02.009671Z,mmtc,uesimtun1,644448,11339,1128421021,831954,,1,1
2025-11-25T15:51:02.009671Z,urllc,uesimtun2,464833,8232,2717598625,20136783,,1,1
2025-11-25T15:51:02.762769Z,embb,uesimtun0,2568141,51090,15267403952,11139010,,1,1
2025-11-25T15:51:02.762769Z,mmtc,uesimtun1,644448,11339,1128421065,831955,,1,1
2025-11-25T15:51:02.762769Z,urllc,uesimtun2,464833,8232,2717598753,20136785,,1,1
2025-11-25T15:51:03.751961Z,embb,uesimtun0,2568141,51090,15267404164,11139013,,1,1
2025-11-25T15:51:03.751961Z,mmtc,uesimtun1,644448,11339,1128421193,831957,,1,1
2025-11-25T15:51:03.751961Z,urllc,uesimtun2,464833,8232,2717599049,20136789,,1,1
2025-11-25T15:51:04.752140Z,embb,uesimtun0,2568141,51090,15267404292,11139015,,1,1
2025-11-25T15:51:04.752140Z,mmtc,uesimtun1,644448,11339,1128421321,831959,,1,1
2025-11-25T15:51:04.752140Z,urllc,uesimtun2,464833,8232,2717599177,20136791,,1,1
2025-11-25T15:51:05.798734Z,embb,uesimtun0,2568141,51090,15267404504,11139018,,1,1
2025-11-25T15:51:05.798734Z,mmtc,uesimtun1,644448,11339,1128421617,831963,,1,1
2025-11-25T15:51:05.798734Z,urllc,uesimtun2,464833,8232,2717599305,20136793,,1,1
2025-11-25T15:51:06.751895Z,embb,uesimtun0,2568141,51090,15267404716,11139021,,1,1
2025-11-25T15:51:06.751895Z,mmtc,uesimtun1,644448,11339,1128421829,831966,,1,1
2025-11-25T15:51:06.751895Z,urllc,uesimtun2,464833,8232,2717599517,20136796,,1,1
2025-11-25T15:51:07.752050Z,embb,uesimtun0,2568141,51090,15267404928,11139024,,1,1
2025-11-25T15:51:07.752050Z,mmtc,uesimtun1,644448,11339,1128421957,831968,,1,1
2025-11-25T15:51:07.752050Z,urllc,uesimtun2,464833,8232,2717599645,20136798,,1,1
2025-11-25T15:51:08.751452Z,embb,uesimtun0,2568141,51090,15267405140,11139027,,1,1
2025-11-25T15:51:08.751452Z,mmtc,uesimtun1,644448,11339,1128422085,831970,,1,1
2025-11-25T15:51:08.751452Z,urllc,uesimtun2,464833,8232,2717599857,20136801,,1,1
2025-11-25T15:51:09.751595Z,embb,uesimtun0,2568141,51090,15267405184,11139028,,1,1
2025-11-25T15:51:09.751595Z,mmtc,uesimtun1,644448,11339,1128422297,831973,,1,1
2025-11-25T15:51:09.751595Z,urllc,uesimtun2,464833,8232,2717600153,20136805,,1,1
2025-11-25T15:51:10.751817Z,embb,uesimtun0,2568141,51090,15267405312,11139030,,1,1
2025-11-25T15:51:10.751817Z,mmtc,uesimtun1,644448,11339,1128422509,831976,,1,1
2025-11-25T15:51:10.751817Z,urllc,uesimtun2,464833,8232,2717600449,20136809,,1,1
2025-11-25T15:51:11.751922Z,embb,uesimtun0,2568141,51090,15267405440,11139032,,1,1
2025-11-25T15:51:11.751922Z,mmtc,uesimtun1,644448,11339,1128422721,831979,,1,1
2025-11-25T15:51:11.751922Z,urllc,uesimtun2,464833,8232,2717600493,20136810,,1,1
2025-11-25T15:51:12.751793Z,embb,uesimtun0,2568141,51090,15267405652,11139035,,1,1
2025-11-25T15:51:12.751793Z,mmtc,uesimtun1,644448,11339,1128423017,831983,,1,1
2025-11-25T15:51:12.751793Z,urllc,uesimtun2,464833,8232,2717600537,20136811,,1,1
2025-11-25T15:51:13.751911Z,embb,uesimtun0,2568141,51090,15267405948,11139039,,1,1
2025-11-25T15:51:13.751911Z,mmtc,uesimtun1,644448,11339,1128423313,831987,,1,1
2025-11-25T15:51:13.751911Z,urllc,uesimtun2,464833,8232,2717600581,20136812,,1,1
2025-11-25T15:51:14.752121Z,embb,uesimtun0,2568141,51090,15267406328,11139044,,1,1
2025-11-25T15:51:14.752121Z,mmtc,uesimtun1,644448,11339,1128423410,831989,,1,1
2025-11-25T15:51:14.752121Z,urllc,uesimtun2,464833,8232,2717600793,20136815,,1,1
2025-11-25T15:51:15.751550Z,embb,uesimtun0,2568141,51090,15267406624,11139048,,1,1
2025-11-25T15:51:15.751550Z,mmtc,uesimtun1,644448,11339,1128423454,831990,,1,1
2025-11-25T15:51:15.751550Z,urllc,uesimtun2,464833,8232,2717601005,20136818,,1,1
2025-11-25T15:51:17.059488Z,embb,uesimtun0,2568141,51090,15267406668,11139049,,1,1
2025-11-25T15:51:17.059488Z,mmtc,uesimtun1,644448,11339,1128423582,831992,,1,1
2025-11-25T15:51:17.059488Z,urllc,uesimtun2,464833,8232,2717601637,20136826,,1,1
2025-11-25T15:51:17.811936Z,embb,uesimtun0,2568141,51090,15267406712,11139050,,1,1
2025-11-25T15:51:17.811936Z,mmtc,uesimtun1,644448,11339,1128423794,831995,,1,1
2025-11-25T15:51:17.811936Z,urllc,uesimtun2,464833,8232,2717601765,20136828,,1,1
2025-11-25T15:51:18.751452Z,embb,uesimtun0,2568141,51090,15267406840,11139052,,1,1
2025-11-25T15:51:18.751452Z,mmtc,uesimtun1,644448,11339,1128424006,831998,,1,1
2025-11-25T15:51:18.751452Z,urllc,uesimtun2,464833,8232,2717601893,20136830,,1,1
2025-11-25T15:51:19.751724Z,embb,uesimtun0,2568141,51090,15267406968,11139054,,1,1
2025-11-25T15:51:19.751724Z,mmtc,uesimtun1,644448,11339,1128424302,832002,,1,1
2025-11-25T15:51:19.751724Z,urllc,uesimtun2,464833,8232,2717602021,20136832,,1,1
2025-11-25T15:51:20.751502Z,embb,uesimtun0,2568141,51090,15267407096,11139056,,1,1
2025-11-25T15:51:20.751502Z,mmtc,uesimtun1,644448,11339,1128424598,832006,,1,1
2025-11-25T15:51:20.751502Z,urllc,uesimtun2,464833,8232,2717602065,20136833,,1,1
2025-11-25T15:51:21.751745Z,embb,uesimtun0,2568141,51090,15267407392,11139060,,1,1
2025-11-25T15:51:21.751745Z,mmtc,uesimtun1,644448,11339,1128424810,832009,,1,1
2025-11-25T15:51:21.751745Z,urllc,uesimtun2,464833,8232,2717602109,20136834,,1,1
2025-11-25T15:51:22.751678Z,embb,uesimtun0,2568141,51090,15267407772,11139065,,1,1
2025-11-25T15:51:22.751678Z,mmtc,uesimtun1,644448,11339,1128424938,832011,,1,1
2025-11-25T15:51:22.751678Z,urllc,uesimtun2,464833,8232,2717602321,20136837,,1,1
2025-11-25T15:51:23.751920Z,embb,uesimtun0,2568141,51090,15267408044,11139069,,1,1
2025-11-25T15:51:23.751920Z,mmtc,uesimtun1,644448,11339,1128424982,832012,,1,1
2025-11-25T15:51:23.751920Z,urllc,uesimtun2,464833,8232,2717602617,20136841,,1,1
2025-11-25T15:51:24.751808Z,embb,uesimtun0,2568141,51090,15267408232,11139072,,1,1
2025-11-25T15:51:24.751808Z,mmtc,uesimtun1,644448,11339,1128425110,832014,,1,1
2025-11-25T15:51:24.751808Z,urllc,uesimtun2,464833,8232,2717602913,20136845,,1,1
2025-11-25T15:51:25.768933Z,embb,uesimtun0,2568141,51090,15267408420,11139075,,1,1
2025-11-25T15:51:25.768933Z,mmtc,uesimtun1,644448,11339,1128425322,832017,,1,1
2025-11-25T15:51:25.768933Z,urllc,uesimtun2,464833,8232,2717603041,20136847,,1,1
2025-11-25T15:51:26.998886Z,embb,uesimtun0,2568141,51090,15267408692,11139079,,1,1
2025-11-25T15:51:26.998886Z,mmtc,uesimtun1,644448,11339,1128425534,832020,,1,1
2025-11-25T15:51:26.998886Z,urllc,uesimtun2,464833,8232,2717603337,20136851,,1,1
2025-11-25T15:51:27.751959Z,embb,uesimtun0,2568141,51090,15267408880,11139082,,1,1
2025-11-25T15:51:27.751959Z,mmtc,uesimtun1,644448,11339,1128425830,832024,,1,1
2025-11-25T15:51:27.751959Z,urllc,uesimtun2,464833,8232,2717603381,20136852,,1,1
2025-11-25T15:51:28.939207Z,embb,uesimtun0,2568141,51090,15267409152,11139086,,1,1
2025-11-25T15:51:28.939207Z,mmtc,uesimtun1,644448,11339,1128425958,832026,,1,1
2025-11-25T15:51:28.939207Z,urllc,uesimtun2,464833,8232,2717603593,20136855,,1,1
2025-11-25T15:51:29.788521Z,embb,uesimtun0,2568141,51090,15267409364,11139089,,1,1
2025-11-25T15:51:29.788521Z,mmtc,uesimtun1,644448,11339,1128426170,832029,,1,1
2025-11-25T15:51:29.788521Z,urllc,uesimtun2,464833,8232,2717603721,20136857,,1,1
2025-11-25T15:51:30.751849Z,embb,uesimtun0,2568141,51090,15267409552,11139092,,1,1
2025-11-25T15:51:30.751849Z,mmtc,uesimtun1,644448,11339,1128426298,832031,,1,1
2025-11-25T15:51:30.751849Z,urllc,uesimtun2,464833,8232,2717604101,20136862,,1,1
2025-11-25T15:51:31.818860Z,embb,uesimtun0,2568141,51090,15267409680,11139094,,1,1
2025-11-25T15:51:31.818860Z,mmtc,uesimtun1,644448,11339,1128426510,832034,,1,1
2025-11-25T15:51:31.818860Z,urllc,uesimtun2,464833,8232,2717604313,20136865,,1,1
2025-11-25T15:51:32.752070Z,embb,uesimtun0,2568141,51090,15267409808,11139096,,1,1
2025-11-25T15:51:32.752070Z,mmtc,uesimtun1,644448,11339,1128426722,832037,,1,1
2025-11-25T15:51:32.752070Z,urllc,uesimtun2,464833,8232,2717604357,20136866,,1,1
2025-11-25T15:51:33.751811Z,embb,uesimtun0,2568141,51090,15267410104,11139100,,1,1
2025-11-25T15:51:33.751811Z,mmtc,uesimtun1,644448,11339,1128427018,832041,,1,1
2025-11-25T15:51:33.751811Z,urllc,uesimtun2,464833,8232,2717604401,20136867,,1,1
2025-11-25T15:51:34.752141Z,embb,uesimtun0,2568141,51090,15267410460,11139105,,1,1
2025-11-25T15:51:34.752141Z,mmtc,uesimtun1,644448,11339,1128427230,832044,,1,1
2025-11-25T15:51:34.752141Z,urllc,uesimtun2,464833,8232,2717604529,20136869,,1,1
2025-11-25T15:51:35.908844Z,embb,uesimtun0,2568141,51090,15267410809,11139110,,1,1
2025-11-25T15:51:35.908844Z,mmtc,uesimtun1,644448,11339,1128427274,832045,,1,1
2025-11-25T15:51:35.908844Z,urllc,uesimtun2,464833,8232,2717604825,20136873,,1,1
2025-11-25T15:51:36.768950Z,embb,uesimtun0,2568141,51090,15267411021,11139113,,1,1
2025-11-25T15:51:36.768950Z,mmtc,uesimtun1,644448,11339,1128427318,832046,,1,1
2025-11-25T15:51:36.768950Z,urllc,uesimtun2,464833,8232,2717604953,20136875,,1,1
2025-11-25T15:51:37.838922Z,embb,uesimtun0,2568141,51090,15267411065,11139114,,1,1
2025-11-25T15:51:37.838922Z,mmtc,uesimtun1,644448,11339,1128427530,832049,,1,1
2025-11-25T15:51:37.838922Z,urllc,uesimtun2,464833,8232,2717605333,20136880,,1,1
2025-11-25T15:51:38.876976Z,embb,uesimtun0,2568141,51090,15267411193,11139116,,1,1
2025-11-25T15:51:38.876976Z,mmtc,uesimtun1,644448,11339,1128427742,832052,,1,1
2025-11-25T15:51:38.876976Z,urllc,uesimtun2,464833,8232,2717605713,20136885,,1,1
2025-11-25T15:51:39.751882Z,embb,uesimtun0,2568141,51090,15267411237,11139117,,1,1
2025-11-25T15:51:39.751882Z,mmtc,uesimtun1,644448,11339,1128427954,832055,,1,1
2025-11-25T15:51:39.751882Z,urllc,uesimtun2,464833,8232,2717605841,20136887,,1,1
2025-11-25T15:51:40.751556Z,embb,uesimtun0,2568141,51090,15267412025,11139130,,1,1
2025-11-25T15:51:40.751556Z,mmtc,uesimtun1,644448,11339,1128428166,832058,,1,1
2025-11-25T15:51:40.751556Z,urllc,uesimtun2,464833,8232,2717605885,20136888,,1,1
2025-11-25T15:51:41.751621Z,embb,uesimtun0,2568141,51090,15267412813,11139143,,1,1
2025-11-25T15:51:41.751621Z,mmtc,uesimtun1,644448,11339,1128428546,832063,,1,1
2025-11-25T15:51:41.751621Z,urllc,uesimtun2,464833,8232,2717605929,20136889,,1,1
2025-11-25T15:51:42.751545Z,embb,uesimtun0,2568141,51090,15267413853,11139159,,1,1
2025-11-25T15:51:42.751545Z,mmtc,uesimtun1,644448,11339,1128428674,832065,,1,1
2025-11-25T15:51:42.751545Z,urllc,uesimtun2,464833,8232,2717605973,20136890,,1,1
2025-11-25T15:51:43.758453Z,embb,uesimtun0,2568141,51090,15267414869,11139175,,1,1
2025-11-25T15:51:43.758453Z,mmtc,uesimtun1,644448,11339,1128428802,832067,,1,1
2025-11-25T15:51:43.758453Z,urllc,uesimtun2,464833,8232,2717606185,20136893,,1,1
2025-11-25T15:51:45.209619Z,embb,uesimtun0,2568141,51090,15267416665,11139204,,1,1
2025-11-25T15:51:45.209619Z,mmtc,uesimtun1,644448,11339,1128429014,832070,,1,1
2025-11-25T15:51:45.209619Z,urllc,uesimtun2,464833,8232,2717606733,20136900,,1,1
2025-11-25T15:51:45.962185Z,embb,uesimtun0,2568141,51090,15267416889,11139208,,1,1
2025-11-25T15:51:45.962185Z,mmtc,uesimtun1,644448,11339,1128429118,832072,,1,1
2025-11-25T15:51:45.962185Z,urllc,uesimtun2,464833,8232,2717606861,20136902,,1,1
2025-11-25T15:51:46.751446Z,embb,uesimtun0,2568141,51090,15267417281,11139214,,1,1
2025-11-25T15:51:46.751446Z,mmtc,uesimtun1,644448,11339,1128429366,832076,,1,1
2025-11-25T15:51:46.751446Z,urllc,uesimtun2,464833,8232,2717606989,20136904,,1,1
2025-11-25T15:51:47.753665Z,embb,uesimtun0,2568141,51090,15267418297,11139231,,1,1
2025-11-25T15:51:47.753665Z,mmtc,uesimtun1,644448,11339,1128429758,832082,,1,1
2025-11-25T15:51:47.753665Z,urllc,uesimtun2,464833,8232,2717607201,20136907,,1,1
2025-11-25T15:51:48.754005Z,embb,uesimtun0,2568141,51090,15267418605,11139236,,1,1
2025-11-25T15:51:48.754005Z,mmtc,uesimtun1,644448,11339,1128430294,832090,,1,1
2025-11-25T15:51:48.754005Z,urllc,uesimtun2,464833,8232,2717607329,20136909,,1,1
2025-11-25T15:51:49.751617Z,embb,uesimtun0,2568141,51090,15267418997,11139242,,1,1
2025-11-25T15:51:49.751617Z,mmtc,uesimtun1,644448,11339,1128430746,832097,,1,1
2025-11-25T15:51:49.751617Z,urllc,uesimtun2,464833,8232,2717607457,20136911,,1,1
2025-11-25T15:51:50.909078Z,embb,uesimtun0,2568141,51090,15267419293,11139246,,1,1
2025-11-25T15:51:50.909078Z,mmtc,uesimtun1,644448,11339,1128431294,832106,,1,1
2025-11-25T15:51:50.909078Z,urllc,uesimtun2,464833,8232,2717607873,20136917,,1,1
2025-11-25T15:51:51.753762Z,embb,uesimtun0,2568141,51090,15267420177,11139261,,1,1
2025-11-25T15:51:51.753762Z,mmtc,uesimtun1,644448,11339,1128431482,832109,,1,1
2025-11-25T15:51:51.753762Z,urllc,uesimtun2,464833,8232,2717608205,20136922,,1,1
2025-11-25T15:51:52.908850Z,embb,uesimtun0,2568141,51090,15267420305,11139263,,1,1
2025-11-25T15:51:52.908850Z,mmtc,uesimtun1,644448,11339,1128432234,832121,,1,1
2025-11-25T15:51:52.908850Z,urllc,uesimtun2,464833,8232,2717608537,20136927,,1,1
2025-11-25T15:51:53.774535Z,embb,uesimtun0,2568141,51090,15267420433,11139265,,1,1
2025-11-25T15:51:53.774535Z,mmtc,uesimtun1,644448,11339,1128432650,832127,,1,1
2025-11-25T15:51:53.774535Z,urllc,uesimtun2,464833,8232,2717608701,20136930,,1,1
2025-11-25T15:51:54.751733Z,embb,uesimtun0,2568141,51090,15267420813,11139270,,1,1
2025-11-25T15:51:54.751733Z,mmtc,uesimtun1,644448,11339,1128433162,832135,,1,1
2025-11-25T15:51:54.751733Z,urllc,uesimtun2,464833,8232,2717608925,20136934,,1,1
2025-11-25T15:51:55.751832Z,embb,uesimtun0,2568141,51090,15267421205,11139276,,1,1
2025-11-25T15:51:55.751832Z,mmtc,uesimtun1,644448,11339,1128433614,832142,,1,1
2025-11-25T15:51:55.751832Z,urllc,uesimtun2,464833,8232,2717609137,20136937,,1,1
2025-11-25T15:51:56.751636Z,embb,uesimtun0,2568141,51090,15267421501,11139280,,1,1
2025-11-25T15:51:56.751636Z,mmtc,uesimtun1,644448,11339,1128433958,832148,,1,1
2025-11-25T15:51:56.751636Z,urllc,uesimtun2,464833,8232,2717609565,20136944,,1,1
2025-11-25T15:51:57.751671Z,embb,uesimtun0,2568141,51090,15267421713,11139283,,1,1
2025-11-25T15:51:57.751671Z,mmtc,uesimtun1,644448,11339,1128434386,832155,,1,1
2025-11-25T15:51:57.751671Z,urllc,uesimtun2,464833,8232,2717609957,20136950,,1,1
2025-11-25T15:51:58.751516Z,embb,uesimtun0,2568141,51090,15267421841,11139285,,1,1
2025-11-25T15:51:58.751516Z,mmtc,uesimtun1,644448,11339,1128434874,832163,,1,1
2025-11-25T15:51:58.751516Z,urllc,uesimtun2,464833,8232,2717610637,20136960,,1,1
2025-11-25T15:51:59.978566Z,embb,uesimtun0,2568141,51090,15267422605,11139298,,1,1
2025-11-25T15:51:59.978566Z,mmtc,uesimtun1,644448,11339,1128435386,832171,,1,1
2025-11-25T15:51:59.978566Z,urllc,uesimtun2,464833,8232,2717611461,20136972,,1,1
2025-11-25T15:52:00.779697Z,embb,uesimtun0,2568141,51090,15267422649,11139299,,1,1
2025-11-25T15:52:00.779697Z,mmtc,uesimtun1,644448,11339,1128435718,832176,,1,1
2025-11-25T15:52:00.779697Z,urllc,uesimtun2,464833,8232,2717611625,20136975,,1,1
2025-11-25T15:52:01.751497Z,embb,uesimtun0,2568141,51090,15267422777,11139301,,1,1
2025-11-25T15:52:01.751497Z,mmtc,uesimtun1,644448,11339,1128436278,832184,,1,1
2025-11-25T15:52:01.751497Z,urllc,uesimtun2,464833,8232,2717611849,20136979,,1,1
2025-11-25T15:52:02.828979Z,embb,uesimtun0,2568141,51090,15267423073,11139305,,1,1
2025-11-25T15:52:02.828979Z,mmtc,uesimtun1,644448,11339,1128436754,832191,,1,1
2025-11-25T15:52:02.828979Z,urllc,uesimtun2,464833,8232,2717612133,20136984,,1,1
2025-11-25T15:52:03.751450Z,embb,uesimtun0,2568141,51090,15267423549,11139312,,1,1
2025-11-25T15:52:03.751450Z,mmtc,uesimtun1,644448,11339,1128437182,832198,,1,1
2025-11-25T15:52:03.751450Z,urllc,uesimtun2,464833,8232,2717612441,20136989,,1,1
2025-11-25T15:52:05.089476Z,embb,uesimtun0,2568141,51090,15267423929,11139317,,1,1
2025-11-25T15:52:05.089476Z,mmtc,uesimtun1,644448,11339,1128437706,832207,,1,1
2025-11-25T15:52:05.089476Z,urllc,uesimtun2,464833,8232,2717613085,20136998,,1,1
2025-11-25T15:52:06.027056Z,embb,uesimtun0,2568141,51090,15267424057,11139319,,1,1
2025-11-25T15:52:06.027056Z,mmtc,uesimtun1,644448,11339,1128438074,832213,,1,1
2025-11-25T15:52:06.027056Z,urllc,uesimtun2,464833,8232,2717613369,20137003,,1,1
2025-11-25T15:52:06.780191Z,embb,uesimtun0,2568141,51090,15267424269,11139322,,1,1
2025-11-25T15:52:06.780191Z,mmtc,uesimtun1,644448,11339,1128438382,832218,,1,1
2025-11-25T15:52:06.780191Z,urllc,uesimtun2,464833,8232,2717613785,20137009,,1,1
2025-11-25T15:52:07.751646Z,embb,uesimtun0,2568141,51090,15267424313,11139323,,1,1
2025-11-25T15:52:07.751646Z,mmtc,uesimtun1,644448,11339,1128438930,832227,,1,1
2025-11-25T15:52:07.751646Z,urllc,uesimtun2,464833,8232,2717614237,20137016,,1,1
2025-11-25T15:52:08.751699Z,embb,uesimtun0,2568141,51090,15267424441,11139325,,1,1
2025-11-25T15:52:08.751699Z,mmtc,uesimtun1,644448,11339,1128439406,832234,,1,1
2025-11-25T15:52:08.751699Z,urllc,uesimtun2,464833,8232,2717614365,20137018,,1,1
2025-11-25T15:52:09.751808Z,embb,uesimtun0,2568141,51090,15267424569,11139327,,1,1
2025-11-25T15:52:09.751808Z,mmtc,uesimtun1,644448,11339,1128439966,832242,,1,1
2025-11-25T15:52:09.751808Z,urllc,uesimtun2,464833,8232,2717614733,20137024,,1,1
2025-11-25T15:52:10.818643Z,embb,uesimtun0,2568141,51090,15267424865,11139331,,1,1
2025-11-25T15:52:10.818643Z,mmtc,uesimtun1,644448,11339,1128440334,832248,,1,1
2025-11-25T15:52:10.818643Z,urllc,uesimtun2,464833,8232,2717615341,20137034,,1,1
2025-11-25T15:52:11.751991Z,embb,uesimtun0,2568141,51090,15267425077,11139334,,1,1
2025-11-25T15:52:11.751991Z,mmtc,uesimtun1,644448,11339,1128440642,832253,,1,1
2025-11-25T15:52:11.751991Z,urllc,uesimtun2,464833,8232,2717615613,20137038,,1,1
2025-11-25T15:52:12.751731Z,embb,uesimtun0,2568141,51090,15267425205,11139336,,1,1
2025-11-25T15:52:12.751731Z,mmtc,uesimtun1,644448,11339,1128440950,832258,,1,1
2025-11-25T15:52:12.751731Z,urllc,uesimtun2,464833,8232,2717616269,20137048,,1,1
2025-11-25T15:52:13.752026Z,embb,uesimtun0,2568141,51090,15267425333,11139338,,1,1
2025-11-25T15:52:13.752026Z,mmtc,uesimtun1,644448,11339,1128441366,832264,,1,1
2025-11-25T15:52:13.752026Z,urllc,uesimtun2,464833,8232,2717616841,20137057,,1,1
2025-11-25T15:52:14.751921Z,embb,uesimtun0,2568141,51090,15267425629,11139342,,1,1
2025-11-25T15:52:14.751921Z,mmtc,uesimtun1,644448,11339,1128441614,832268,,1,1
2025-11-25T15:52:14.751921Z,urllc,uesimtun2,464833,8232,2717617185,20137063,,1,1
2025-11-25T15:52:15.751828Z,embb,uesimtun0,2568141,51090,15267426501,11139356,,1,1
2025-11-25T15:52:15.751828Z,mmtc,uesimtun1,644448,11339,1128441886,832272,,1,1
2025-11-25T15:52:15.751828Z,urllc,uesimtun2,464833,8232,2717617990,20137076,,1,1
2025-11-25T15:52:16.751549Z,embb,uesimtun0,2568141,51090,15267426713,11139359,,1,1
2025-11-25T15:52:16.751549Z,mmtc,uesimtun1,644448,11339,1128442158,832276,,1,1
2025-11-25T15:52:16.751549Z,urllc,uesimtun2,464833,8232,2717618538,20137085,,1,1
2025-11-25T15:52:17.751555Z,embb,uesimtun0,2568141,51090,15267426925,11139362,,1,1
2025-11-25T15:52:17.751555Z,mmtc,uesimtun1,644448,11339,1128442286,832278,,1,1
2025-11-25T15:52:17.751555Z,urllc,uesimtun2,464833,8232,2717619026,20137093,,1,1
2025-11-25T15:52:18.752055Z,embb,uesimtun0,2568141,51090,15267427221,11139366,,1,1
2025-11-25T15:52:18.752055Z,mmtc,uesimtun1,644448,11339,1128442474,832281,,1,1
2025-11-25T15:52:18.752055Z,urllc,uesimtun2,464833,8232,2717619598,20137102,,1,1
2025-11-25T15:52:19.751826Z,embb,uesimtun0,2568141,51090,15267427265,11139367,,1,1
2025-11-25T15:52:19.751826Z,mmtc,uesimtun1,644448,11339,1128442662,832284,,1,1
2025-11-25T15:52:19.751826Z,urllc,uesimtun2,464833,8232,2717620302,20137112,,1,1
2025-11-25T15:52:20.752052Z,embb,uesimtun0,2568141,51090,15267427489,11139371,,1,1
2025-11-25T15:52:20.752052Z,mmtc,uesimtun1,644448,11339,1128442874,832287,,1,1
2025-11-25T15:52:20.752052Z,urllc,uesimtun2,464833,8232,2717620778,20137119,,1,1
2025-11-25T15:52:21.751649Z,embb,uesimtun0,2568141,51090,15267427533,11139372,,1,1
2025-11-25T15:52:21.751649Z,mmtc,uesimtun1,644448,11339,1128443290,832293,,1,1
2025-11-25T15:52:21.751649Z,urllc,uesimtun2,464833,8232,2717621062,20137124,,1,1
2025-11-25T15:52:22.909675Z,embb,uesimtun0,2568141,51090,15267427745,11139375,,1,1
2025-11-25T15:52:22.909675Z,mmtc,uesimtun1,644448,11339,1128443766,832300,,1,1
2025-11-25T15:52:22.909675Z,urllc,uesimtun2,464833,8232,2717621370,20137129,,1,1
2025-11-25T15:52:23.936978Z,embb,uesimtun0,2568141,51090,15267427957,11139378,,1,1
2025-11-25T15:52:23.936978Z,mmtc,uesimtun1,644448,11339,1128444122,832305,,1,1
2025-11-25T15:52:23.936978Z,urllc,uesimtun2,464833,8232,2717621714,20137135,,1,1
2025-11-25T15:52:24.771473Z,embb,uesimtun0,2568141,51090,15267428253,11139382,,1,1
2025-11-25T15:52:24.771473Z,mmtc,uesimtun1,644448,11339,1128444226,832307,,1,1
2025-11-25T15:52:24.771473Z,urllc,uesimtun2,464833,8232,2717621758,20137136,,1,1
2025-11-25T15:52:25.752087Z,embb,uesimtun0,2568141,51090,15267428633,11139387,,1,1
2025-11-25T15:52:25.752087Z,mmtc,uesimtun1,644448,11339,1128444354,832309,,1,1
2025-11-25T15:52:25.752087Z,urllc,uesimtun2,464833,8232,2717622090,20137141,,1,1
2025-11-25T15:52:26.789422Z,embb,uesimtun0,2568141,51090,15267428845,11139390,,1,1
2025-11-25T15:52:26.789422Z,mmtc,uesimtun1,644448,11339,1128444518,832312,,1,1
2025-11-25T15:52:26.789422Z,urllc,uesimtun2,464833,8232,2717622650,20137149,,1,1
2025-11-25T15:52:27.751631Z,embb,uesimtun0,2568141,51090,15267428973,11139392,,1,1
2025-11-25T15:52:27.751631Z,mmtc,uesimtun1,644448,11339,1128444646,832314,,1,1
2025-11-25T15:52:27.751631Z,urllc,uesimtun2,464833,8232,2717623030,20137154,,1,1
2025-11-25T15:52:28.768729Z,embb,uesimtun0,2568141,51090,15267429017,11139393,,1,1
2025-11-25T15:52:28.768729Z,mmtc,uesimtun1,644448,11339,1128444834,832317,,1,1
2025-11-25T15:52:28.768729Z,urllc,uesimtun2,464833,8232,2717623158,20137156,,1,1
2025-11-25T15:52:29.752119Z,embb,uesimtun0,2568141,51090,15267429145,11139395,,1,1
2025-11-25T15:52:29.752119Z,mmtc,uesimtun1,644448,11339,1128445274,832323,,1,1
2025-11-25T15:52:29.752119Z,urllc,uesimtun2,464833,8232,2717623466,20137161,,1,1
2025-11-25T15:52:30.878718Z,embb,uesimtun0,2568141,51090,15267429357,11139398,,1,1
2025-11-25T15:52:30.878718Z,mmtc,uesimtun1,644448,11339,1128445630,832328,,1,1
2025-11-25T15:52:30.878718Z,urllc,uesimtun2,464833,8232,2717623714,20137165,,1,1
2025-11-25T15:52:31.751905Z,embb,uesimtun0,2568141,51090,15267429629,11139402,,1,1
2025-11-25T15:52:31.751905Z,mmtc,uesimtun1,644448,11339,1128445758,832330,,1,1
2025-11-25T15:52:31.751905Z,urllc,uesimtun2,464833,8232,2717623902,20137168,,1,1
2025-11-25T15:52:32.849045Z,embb,uesimtun0,2568141,51090,15267429841,11139405,,1,1
2025-11-25T15:52:32.849045Z,mmtc,uesimtun1,644448,11339,1128445946,832333,,1,1
2025-11-25T15:52:32.849045Z,urllc,uesimtun2,464833,8232,2717624210,20137173,,1,1
2025-11-25T15:52:33.751532Z,embb,uesimtun0,2568141,51090,15267429969,11139407,,1,1
2025-11-25T15:52:33.751532Z,mmtc,uesimtun1,644448,11339,1128446158,832336,,1,1
2025-11-25T15:52:33.751532Z,urllc,uesimtun2,464833,8232,2717624566,20137178,,1,1
2025-11-25T15:52:34.752065Z,embb,uesimtun0,2568141,51090,15267430181,11139410,,1,1
2025-11-25T15:52:34.752065Z,mmtc,uesimtun1,644448,11339,1128446370,832339,,1,1
2025-11-25T15:52:34.752065Z,urllc,uesimtun2,464833,8232,2717624982,20137184,,1,1
2025-11-25T15:52:35.800161Z,embb,uesimtun0,2568141,51090,15267430393,11139413,,1,1
2025-11-25T15:52:35.800161Z,mmtc,uesimtun1,644448,11339,1128446498,832341,,1,1
2025-11-25T15:52:35.800161Z,urllc,uesimtun2,464833,8232,2717625026,20137185,,1,1
2025-11-25T15:52:36.751516Z,embb,uesimtun0,2568141,51090,15267430605,11139416,,1,1
2025-11-25T15:52:36.751516Z,mmtc,uesimtun1,644448,11339,1128446770,832345,,1,1
2025-11-25T15:52:36.751516Z,urllc,uesimtun2,464833,8232,2717625154,20137187,,1,1
2025-11-25T15:52:37.978897Z,embb,uesimtun0,2568141,51090,15267430817,11139419,,1,1
2025-11-25T15:52:37.978897Z,mmtc,uesimtun1,644448,11339,1128447066,832349,,1,1
2025-11-25T15:52:37.978897Z,urllc,uesimtun2,464833,8232,2717625426,20137191,,1,1
2025-11-25T15:52:38.979211Z,embb,uesimtun0,2568141,51090,15267431113,11139423,,1,1
2025-11-25T15:52:38.979211Z,mmtc,uesimtun1,644448,11339,1128447170,832351,,1,1
2025-11-25T15:52:38.979211Z,urllc,uesimtun2,464833,8232,2717625722,20137195,,1,1
2025-11-25T15:52:39.779044Z,embb,uesimtun0,2568141,51090,15267431325,11139426,,1,1
2025-11-25T15:52:39.779044Z,mmtc,uesimtun1,644448,11339,1128447358,832354,,1,1
2025-11-25T15:52:39.779044Z,urllc,uesimtun2,464833,8232,2717625766,20137196,,1,1
2025-11-25T15:52:40.929514Z,embb,uesimtun0,2568141,51090,15267431369,11139427,,1,1
2025-11-25T15:52:40.929514Z,mmtc,uesimtun1,644448,11339,1128447486,832356,,1,1
2025-11-25T15:52:40.929514Z,urllc,uesimtun2,464833,8232,2717626350,20137204,,1,1
2025-11-25T15:52:41.866895Z,embb,uesimtun0,2568141,51090,15267431413,11139428,,1,1
2025-11-25T15:52:41.866895Z,mmtc,uesimtun1,644448,11339,1128447842,832361,,1,1
2025-11-25T15:52:41.866895Z,urllc,uesimtun2,464833,8232,2717626562,20137207,,1,1
2025-11-25T15:52:42.751658Z,embb,uesimtun0,2568141,51090,15267431541,11139430,,1,1
2025-11-25T15:52:42.751658Z,mmtc,uesimtun1,644448,11339,1128448054,832364,,1,1
2025-11-25T15:52:42.751658Z,urllc,uesimtun2,464833,8232,2717626606,20137208,,1,1
2025-11-25T15:52:43.786863Z,embb,uesimtun0,2568141,51090,15267431753,11139433,,1,1
2025-11-25T15:52:43.786863Z,mmtc,uesimtun1,644448,11339,1128448410,832369,,1,1
2025-11-25T15:52:43.786863Z,urllc,uesimtun2,464833,8232,2717626734,20137210,,1,1
2025-11-25T15:52:45.028754Z,embb,uesimtun0,2568141,51090,15267431965,11139436,,1,1
2025-11-25T15:52:45.028754Z,mmtc,uesimtun1,644448,11339,1128448706,832373,,1,1
2025-11-25T15:52:45.028754Z,urllc,uesimtun2,464833,8232,2717626778,20137211,,1,1
2025-11-25T15:52:45.781344Z,embb,uesimtun0,2568141,51090,15267432345,11139441,,1,1
2025-11-25T15:52:45.781344Z,mmtc,uesimtun1,644448,11339,1128448834,832375,,1,1
2025-11-25T15:52:45.781344Z,urllc,uesimtun2,464833,8232,2717626942,20137214,,1,1
2025-11-25T15:52:46.752058Z,embb,uesimtun0,2568141,51090,15267432725,11139446,,1,1
2025-11-25T15:52:46.752058Z,mmtc,uesimtun1,644448,11339,1128448878,832376,,1,1
2025-11-25T15:52:46.752058Z,urllc,uesimtun2,464833,8232,2717627214,20137218,,1,1
2025-11-25T15:52:47.751590Z,embb,uesimtun0,2568141,51090,15267432853,11139448,,1,1
2025-11-25T15:52:47.751590Z,mmtc,uesimtun1,644448,11339,1128448922,832377,,1,1
2025-11-25T15:52:47.751590Z,urllc,uesimtun2,464833,8232,2717627738,20137225,,1,1
2025-11-25T15:52:48.752026Z,embb,uesimtun0,2568141,51090,15267433557,11139460,,1,1
2025-11-25T15:52:48.752026Z,mmtc,uesimtun1,644448,11339,1128449050,832379,,1,1
2025-11-25T15:52:48.752026Z,urllc,uesimtun2,464833,8232,2717628094,20137230,,1,1
2025-11-25T15:52:49.751772Z,embb,uesimtun0,2568141,51090,15267433601,11139461,,1,1
2025-11-25T15:52:49.751772Z,mmtc,uesimtun1,644448,11339,1128449346,832383,,1,1
2025-11-25T15:52:49.751772Z,urllc,uesimtun2,464833,8232,2717628282,20137233,,1,1
2025-11-25T15:52:51.179505Z,embb,uesimtun0,2568141,51090,15267433813,11139464,,1,1
2025-11-25T15:52:51.179505Z,mmtc,uesimtun1,644448,11339,1128449642,832387,,1,1
2025-11-25T15:52:51.179505Z,urllc,uesimtun2,464833,8232,2717628638,20137238,,1,1
2025-11-25T15:52:51.932606Z,embb,uesimtun0,2568141,51090,15267433941,11139466,,1,1
2025-11-25T15:52:51.932606Z,mmtc,uesimtun1,644448,11339,1128449938,832391,,1,1
2025-11-25T15:52:51.932606Z,urllc,uesimtun2,464833,8232,2717628682,20137239,,1,1
2025-11-25T15:52:52.751908Z,embb,uesimtun0,2568141,51090,15267434422,11139473,,1,1
2025-11-25T15:52:52.751908Z,mmtc,uesimtun1,644448,11339,1128450066,832393,,1,1
2025-11-25T15:52:52.751908Z,urllc,uesimtun2,464833,8232,2717628774,20137241,,1,1
2025-11-25T15:52:53.778807Z,embb,uesimtun0,2568141,51090,15267434718,11139477,,1,1
2025-11-25T15:52:53.778807Z,mmtc,uesimtun1,644448,11339,1128450278,832396,,1,1
2025-11-25T15:52:53.778807Z,urllc,uesimtun2,464833,8232,2717628902,20137243,,1,1
2025-11-25T15:52:54.751653Z,embb,uesimtun0,2568141,51090,15267434930,11139480,,1,1
2025-11-25T15:52:54.751653Z,mmtc,uesimtun1,644448,11339,1128450466,832399,,1,1
2025-11-25T15:52:54.751653Z,urllc,uesimtun2,464833,8232,2717629258,20137248,,1,1
2025-11-25T15:52:55.789531Z,embb,uesimtun0,2568141,51090,15267435142,11139483,,1,1
2025-11-25T15:52:55.789531Z,mmtc,uesimtun1,644448,11339,1128450714,832403,,1,1
2025-11-25T15:52:55.789531Z,urllc,uesimtun2,464833,8232,2717629554,20137252,,1,1
2025-11-25T15:52:56.752078Z,embb,uesimtun0,2568141,51090,15267435270,11139485,,1,1
2025-11-25T15:52:56.752078Z,mmtc,uesimtun1,644448,11339,1128450902,832406,,1,1
2025-11-25T15:52:56.752078Z,urllc,uesimtun2,464833,8232,2717629682,20137254,,1,1
2025-11-25T15:52:57.752107Z,embb,uesimtun0,2568141,51090,15267435482,11139488,,1,1
2025-11-25T15:52:57.752107Z,mmtc,uesimtun1,644448,11339,1128451198,832410,,1,1
2025-11-25T15:52:57.752107Z,urllc,uesimtun2,464833,8232,2717629810,20137256,,1,1
2025-11-25T15:52:59.118872Z,embb,uesimtun0,2568141,51090,15267435694,11139491,,1,1
2025-11-25T15:52:59.118872Z,mmtc,uesimtun1,644448,11339,1128451470,832414,,1,1
2025-11-25T15:52:59.118872Z,urllc,uesimtun2,464833,8232,2717630142,20137261,,1,1
2025-11-25T15:52:59.871152Z,embb,uesimtun0,2568141,51090,15267435906,11139494,,1,1
2025-11-25T15:52:59.871152Z,mmtc,uesimtun1,644448,11339,1128451598,832416,,1,1
2025-11-25T15:52:59.871152Z,urllc,uesimtun2,464833,8232,2717630270,20137263,,1,1
2025-11-25T15:53:00.883881Z,embb,uesimtun0,2568141,51090,15267436118,11139497,,1,1
2025-11-25T15:53:00.883881Z,mmtc,uesimtun1,644448,11339,1128451786,832419,,1,1
2025-11-25T15:53:00.883881Z,urllc,uesimtun2,464833,8232,2717630482,20137266,,1,1
2025-11-25T15:53:01.752012Z,embb,uesimtun0,2568141,51090,15267436162,11139498,,1,1
2025-11-25T15:53:01.752012Z,mmtc,uesimtun1,644448,11339,1128452058,832423,,1,1
2025-11-25T15:53:01.752012Z,urllc,uesimtun2,464833,8232,2717630862,20137271,,1,1
2025-11-25T15:53:02.751838Z,embb,uesimtun0,2568141,51090,15267436290,11139500,,1,1
2025-11-25T15:53:02.751838Z,mmtc,uesimtun1,644448,11339,1128452330,832427,,1,1
2025-11-25T15:53:02.751838Z,urllc,uesimtun2,464833,8232,2717631074,20137274,,1,1
2025-11-25T15:53:03.751519Z,embb,uesimtun0,2568141,51090,15267436334,11139501,,1,1
2025-11-25T15:53:03.751519Z,mmtc,uesimtun1,644448,11339,1128452542,832430,,1,1
2025-11-25T15:53:03.751519Z,urllc,uesimtun2,464833,8232,2717631262,20137277,,1,1
2025-11-25T15:53:04.751914Z,embb,uesimtun0,2568141,51090,15267436546,11139504,,1,1
2025-11-25T15:53:04.751914Z,mmtc,uesimtun1,644448,11339,1128452898,832435,,1,1
2025-11-25T15:53:04.751914Z,urllc,uesimtun2,464833,8232,2717631426,20137280,,1,1
2025-11-25T15:53:05.751535Z,embb,uesimtun0,2568141,51090,15267436758,11139507,,1,1
2025-11-25T15:53:05.751535Z,mmtc,uesimtun1,644448,11339,1128453194,832439,,1,1
2025-11-25T15:53:05.751535Z,urllc,uesimtun2,464833,8232,2717631470,20137281,,1,1
2025-11-25T15:53:06.838822Z,embb,uesimtun0,2568141,51090,15267437222,11139513,,1,1
2025-11-25T15:53:06.838822Z,mmtc,uesimtun1,644448,11339,1128453238,832440,,1,1
2025-11-25T15:53:06.838822Z,urllc,uesimtun2,464833,8232,2717631598,20137283,,1,1
2025-11-25T15:53:07.751982Z,embb,uesimtun0,2568141,51090,15267437518,11139517,,1,1
2025-11-25T15:53:07.751982Z,mmtc,uesimtun1,644448,11339,1128453282,832441,,1,1
2025-11-25T15:53:07.751982Z,urllc,uesimtun2,464833,8232,2717631954,20137288,,1,1
2025-11-25T15:53:08.752065Z,embb,uesimtun0,2568141,51090,15267437646,11139519,,1,1
2025-11-25T15:53:08.752065Z,mmtc,uesimtun1,644448,11339,1128453386,832443,,1,1
2025-11-25T15:53:08.752065Z,urllc,uesimtun2,464833,8232,2717632334,20137293,,1,1
2025-11-25T15:53:09.751994Z,embb,uesimtun0,2568141,51090,15267437690,11139520,,1,1
2025-11-25T15:53:09.751994Z,mmtc,uesimtun1,644448,11339,1128453598,832446,,1,1
2025-11-25T15:53:09.751994Z,urllc,uesimtun2,464833,8232,2717632630,20137297,,1,1
2025-11-25T15:53:11.029415Z,embb,uesimtun0,2568141,51090,15267437818,11139522,,1,1
2025-11-25T15:53:11.029415Z,mmtc,uesimtun1,644448,11339,1128453954,832451,,1,1
2025-11-25T15:53:11.029415Z,urllc,uesimtun2,464833,8232,2717632842,20137300,,1,1
2025-11-25T15:53:11.957973Z,embb,uesimtun0,2568141,51090,15267437946,11139524,,1,1
2025-11-25T15:53:11.957973Z,mmtc,uesimtun1,644448,11339,1128454226,832455,,1,1
2025-11-25T15:53:11.957973Z,urllc,uesimtun2,464833,8232,2717632970,20137302,,1,1
2025-11-25T15:53:12.751597Z,embb,uesimtun0,2568141,51090,15267438074,11139526,,1,1
2025-11-25T15:53:12.751597Z,mmtc,uesimtun1,644448,11339,1128454522,832459,,1,1
2025-11-25T15:53:12.751597Z,urllc,uesimtun2,464833,8232,2717633134,20137305,,1,1
2025-11-25T15:53:13.751678Z,embb,uesimtun0,2568141,51090,15267438286,11139529,,1,1
2025-11-25T15:53:13.751678Z,mmtc,uesimtun1,644448,11339,1128454794,832463,,1,1
2025-11-25T15:53:13.751678Z,urllc,uesimtun2,464833,8232,2717633178,20137306,,1,1
2025-11-25T15:53:14.751615Z,embb,uesimtun0,2568141,51090,15267438498,11139532,,1,1
2025-11-25T15:53:14.751615Z,mmtc,uesimtun1,644448,11339,1128454922,832465,,1,1
2025-11-25T15:53:14.751615Z,urllc,uesimtun2,464833,8232,2717633306,20137308,,1,1
2025-11-25T15:53:15.752079Z,embb,uesimtun0,2568141,51090,15267438794,11139536,,1,1
2025-11-25T15:53:15.752079Z,mmtc,uesimtun1,644448,11339,1128455110,832468,,1,1
2025-11-25T15:53:15.752079Z,urllc,uesimtun2,464833,8232,2717633686,20137313,,1,1
2025-11-25T15:53:16.751812Z,embb,uesimtun0,2568141,51090,15267439006,11139539,,1,1
2025-11-25T15:53:16.751812Z,mmtc,uesimtun1,644448,11339,1128455238,832470,,1,1
2025-11-25T15:53:16.751812Z,urllc,uesimtun2,464833,8232,2717633898,20137316,,1,1
2025-11-25T15:53:17.751677Z,embb,uesimtun0,2568141,51090,15267439134,11139541,,1,1
2025-11-25T15:53:17.751677Z,mmtc,uesimtun1,644448,11339,1128455503,832474,,1,1
2025-11-25T15:53:17.751677Z,urllc,uesimtun2,464833,8232,2717634146,20137320,,1,1
2025-11-25T15:53:18.751758Z,embb,uesimtun0,2568141,51090,15267439430,11139545,,1,1
2025-11-25T15:53:18.751758Z,mmtc,uesimtun1,644448,11339,1128455715,832477,,1,1
2025-11-25T15:53:18.751758Z,urllc,uesimtun2,464833,8232,2717634334,20137323,,1,1
2025-11-25T15:53:19.751656Z,embb,uesimtun0,2568141,51090,15267439558,11139547,,1,1
2025-11-25T15:53:19.751656Z,mmtc,uesimtun1,644448,11339,1128455927,832480,,1,1
2025-11-25T15:53:19.751656Z,urllc,uesimtun2,464833,8232,2717634690,20137328,,1,1
2025-11-25T15:53:20.958955Z,embb,uesimtun0,2568141,51090,15267439770,11139550,,1,1
2025-11-25T15:53:20.958955Z,mmtc,uesimtun1,644448,11339,1128456055,832482,,1,1
2025-11-25T15:53:20.958955Z,urllc,uesimtun2,464833,8232,2717634878,20137331,,1,1
2025-11-25T15:53:21.751508Z,embb,uesimtun0,2568141,51090,15267439982,11139553,,1,1
2025-11-25T15:53:21.751508Z,mmtc,uesimtun1,644448,11339,1128456267,832485,,1,1
2025-11-25T15:53:21.751508Z,urllc,uesimtun2,464833,8232,2717635090,20137334,,1,1
2025-11-25T15:53:22.751700Z,embb,uesimtun0,2568141,51090,15267440110,11139555,,1,1
2025-11-25T15:53:22.751700Z,mmtc,uesimtun1,644448,11339,1128456395,832487,,1,1
2025-11-25T15:53:22.751700Z,urllc,uesimtun2,464833,8232,2717635446,20137339,,1,1
2025-11-25T15:53:23.752106Z,embb,uesimtun0,2568141,51090,15267440154,11139556,,1,1
2025-11-25T15:53:23.752106Z,mmtc,uesimtun1,644448,11339,1128456607,832490,,1,1
2025-11-25T15:53:23.752106Z,urllc,uesimtun2,464833,8232,2717635802,20137344,,1,1
2025-11-25T15:53:24.751958Z,embb,uesimtun0,2568141,51090,15267440282,11139558,,1,1
2025-11-25T15:53:24.751958Z,mmtc,uesimtun1,644448,11339,1128456819,832493,,1,1
2025-11-25T15:53:24.751958Z,urllc,uesimtun2,464833,8232,2717635846,20137345,,1,1
2025-11-25T15:53:25.751642Z,embb,uesimtun0,2568141,51090,15267440494,11139561,,1,1
2025-11-25T15:53:25.751642Z,mmtc,uesimtun1,644448,11339,1128457199,832498,,1,1
2025-11-25T15:53:25.751642Z,urllc,uesimtun2,464833,8232,2717635890,20137346,,1,1
2025-11-25T15:53:26.752108Z,embb,uesimtun0,2568141,51090,15267440874,11139566,,1,1
2025-11-25T15:53:26.752108Z,mmtc,uesimtun1,644448,11339,1128457411,832501,,1,1
2025-11-25T15:53:26.752108Z,urllc,uesimtun2,464833,8232,2717635994,20137348,,1,1
2025-11-25T15:53:27.751535Z,embb,uesimtun0,2568141,51090,15267441170,11139570,,1,1
2025-11-25T15:53:27.751535Z,mmtc,uesimtun1,644448,11339,1128457455,832502,,1,1
2025-11-25T15:53:27.751535Z,urllc,uesimtun2,464833,8232,2717636206,20137351,,1,1
2025-11-25T15:53:28.752078Z,embb,uesimtun0,2568141,51090,15267441382,11139573,,1,1
2025-11-25T15:53:28.752078Z,mmtc,uesimtun1,644448,11339,1128457499,832503,,1,1
2025-11-25T15:53:28.752078Z,urllc,uesimtun2,464833,8232,2717636418,20137354,,1,1
2025-11-25T15:53:29.751978Z,embb,uesimtun0,2568141,51090,15267441510,11139575,,1,1
2025-11-25T15:53:29.751978Z,mmtc,uesimtun1,644448,11339,1128457627,832505,,1,1
2025-11-25T15:53:29.751978Z,urllc,uesimtun2,464833,8232,2717636798,20137359,,1,1
2025-11-25T15:53:30.751772Z,embb,uesimtun0,2568141,51090,15267441638,11139577,,1,1
2025-11-25T15:53:30.751772Z,mmtc,uesimtun1,644448,11339,1128457839,832508,,1,1
2025-11-25T15:53:30.751772Z,urllc,uesimtun2,464833,8232,2717637094,20137363,,1,1
2025-11-25T15:53:32.137797Z,embb,uesimtun0,2568141,51090,15267441682,11139578,,1,1
2025-11-25T15:53:32.137797Z,mmtc,uesimtun1,644448,11339,1128458051,832511,,1,1
2025-11-25T15:53:32.137797Z,urllc,uesimtun2,464833,8232,2717637390,20137367,,1,1
2025-11-25T15:53:32.889925Z,embb,uesimtun0,2568141,51090,15267441810,11139580,,1,1
2025-11-25T15:53:32.889925Z,mmtc,uesimtun1,644448,11339,1128458179,832513,,1,1
2025-11-25T15:53:32.889925Z,urllc,uesimtun2,464833,8232,2717637434,20137368,,1,1
2025-11-25T15:53:33.751711Z,embb,uesimtun0,2568141,51090,15267441938,11139582,,1,1
2025-11-25T15:53:33.751711Z,mmtc,uesimtun1,644448,11339,1128458559,832518,,1,1
2025-11-25T15:53:33.751711Z,urllc,uesimtun2,464833,8232,2717637478,20137369,,1,1
2025-11-25T15:53:34.751585Z,embb,uesimtun0,2568141,51090,15267442150,11139585,,1,1
2025-11-25T15:53:34.751585Z,mmtc,uesimtun1,644448,11339,1128458855,832522,,1,1
2025-11-25T15:53:34.751585Z,urllc,uesimtun2,464833,8232,2717637522,20137370,,1,1
2025-11-25T15:53:35.751923Z,embb,uesimtun0,2568141,51090,15267442446,11139589,,1,1
2025-11-25T15:53:35.751923Z,mmtc,uesimtun1,644448,11339,1128458983,832524,,1,1
2025-11-25T15:53:35.751923Z,urllc,uesimtun2,464833,8232,2717637734,20137373,,1,1
2025-11-25T15:53:36.798812Z,embb,uesimtun0,2568141,51090,15267442826,11139594,,1,1
2025-11-25T15:53:36.798812Z,mmtc,uesimtun1,644448,11339,1128459027,832525,,1,1
2025-11-25T15:53:36.798812Z,urllc,uesimtun2,464833,8232,2717638030,20137377,,1,1
2025-11-25T15:53:37.866865Z,embb,uesimtun0,2568141,51090,15267443007,11139597,,1,1
2025-11-25T15:53:37.866865Z,mmtc,uesimtun1,644448,11339,1128459239,832528,,1,1
2025-11-25T15:53:37.866865Z,urllc,uesimtun2,464833,8232,2717638326,20137381,,1,1
2025-11-25T15:53:38.751585Z,embb,uesimtun0,2568141,51090,15267443279,11139601,,1,1
2025-11-25T15:53:38.751585Z,mmtc,uesimtun1,644448,11339,1128459367,832530,,1,1
2025-11-25T15:53:38.751585Z,urllc,uesimtun2,464833,8232,2717638454,20137383,,1,1
2025-11-25T15:53:39.752021Z,embb,uesimtun0,2568141,51090,15267443467,11139604,,1,1
2025-11-25T15:53:39.752021Z,mmtc,uesimtun1,644448,11339,1128459411,832531,,1,1
2025-11-25T15:53:39.752021Z,urllc,uesimtun2,464833,8232,2717638666,20137386,,1,1
2025-11-25T15:53:40.798490Z,embb,uesimtun0,2568141,51090,15267443655,11139607,,1,1
2025-11-25T15:53:40.798490Z,mmtc,uesimtun1,644448,11339,1128459707,832535,,1,1
2025-11-25T15:53:40.798490Z,urllc,uesimtun2,464833,8232,2717638794,20137388,,1,1
2025-11-25T15:53:41.752106Z,embb,uesimtun0,2568141,51090,15267443759,11139609,,1,1
2025-11-25T15:53:41.752106Z,mmtc,uesimtun1,644448,11339,1128460087,832540,,1,1
2025-11-25T15:53:41.752106Z,urllc,uesimtun2,464833,8232,2717638922,20137390,,1,1
2025-11-25T15:53:42.751988Z,embb,uesimtun0,2568141,51090,15267444055,11139613,,1,1
2025-11-25T15:53:42.751988Z,mmtc,uesimtun1,644448,11339,1128460215,832542,,1,1
2025-11-25T15:53:42.751988Z,urllc,uesimtun2,464833,8232,2717639134,20137393,,1,1
2025-11-25T15:53:43.751807Z,embb,uesimtun0,2568141,51090,15267444327,11139617,,1,1
2025-11-25T15:53:43.751807Z,mmtc,uesimtun1,644448,11339,1128460343,832544,,1,1
2025-11-25T15:53:43.751807Z,urllc,uesimtun2,464833,8232,2717639514,20137398,,1,1
2025-11-25T15:53:44.751903Z,embb,uesimtun0,2568141,51090,15267444431,11139619,,1,1
2025-11-25T15:53:44.751903Z,mmtc,uesimtun1,644448,11339,1128460555,832547,,1,1
2025-11-25T15:53:44.751903Z,urllc,uesimtun2,464833,8232,2717639726,20137401,,1,1
2025-11-25T15:53:45.848736Z,embb,uesimtun0,2568141,51090,15267444703,11139623,,1,1
2025-11-25T15:53:45.848736Z,mmtc,uesimtun1,644448,11339,1128460851,832551,,1,1
2025-11-25T15:53:45.848736Z,urllc,uesimtun2,464833,8232,2717639770,20137402,,1,1
2025-11-25T15:53:46.948476Z,embb,uesimtun0,2568141,51090,15267445083,11139628,,1,1
2025-11-25T15:53:46.948476Z,mmtc,uesimtun1,644448,11339,1128461063,832554,,1,1
2025-11-25T15:53:46.948476Z,urllc,uesimtun2,464833,8232,2717639814,20137403,,1,1
2025-11-25T15:53:47.751965Z,embb,uesimtun0,2568141,51090,15267445295,11139631,,1,1
2025-11-25T15:53:47.751965Z,mmtc,uesimtun1,644448,11339,1128461107,832555,,1,1
2025-11-25T15:53:47.751965Z,urllc,uesimtun2,464833,8232,2717640026,20137406,,1,1
2025-11-25T15:53:48.751722Z,embb,uesimtun0,2568141,51090,15267445423,11139633,,1,1
2025-11-25T15:53:48.751722Z,mmtc,uesimtun1,644448,11339,1128461319,832558,,1,1
2025-11-25T15:53:48.751722Z,urllc,uesimtun2,464833,8232,2717640154,20137408,,1,1
2025-11-25T15:53:49.752160Z,embb,uesimtun0,2568141,51090,15267445635,11139636,,1,1
2025-11-25T15:53:49.752160Z,mmtc,uesimtun1,644448,11339,1128461447,832560,,1,1
2025-11-25T15:53:49.752160Z,urllc,uesimtun2,464833,8232,2717640366,20137411,,1,1
2025-11-25T15:53:50.751966Z,embb,uesimtun0,2568141,51090,15267445991,11139641,,1,1
2025-11-25T15:53:50.751966Z,mmtc,uesimtun1,644448,11339,1128461491,832561,,1,1
2025-11-25T15:53:50.751966Z,urllc,uesimtun2,464833,8232,2717640746,20137416,,1,1
2025-11-25T15:53:51.751650Z,embb,uesimtun0,2568141,51090,15267446035,11139642,,1,1
2025-11-25T15:53:51.751650Z,mmtc,uesimtun1,644448,11339,1128461703,832564,,1,1
2025-11-25T15:53:51.751650Z,urllc,uesimtun2,464833,8232,2717641126,20137421,,1,1
2025-11-25T15:53:52.752102Z,embb,uesimtun0,2568141,51090,15267446079,11139643,,1,1
2025-11-25T15:53:52.752102Z,mmtc,uesimtun1,644448,11339,1128461915,832567,,1,1
2025-11-25T15:53:52.752102Z,urllc,uesimtun2,464833,8232,2717641254,20137423,,1,1
2025-11-25T15:53:53.751828Z,embb,uesimtun0,2568141,51090,15267446207,11139645,,1,1
2025-11-25T15:53:53.751828Z,mmtc,uesimtun1,644448,11339,1128462211,832571,,1,1
2025-11-25T15:53:53.751828Z,urllc,uesimtun2,464833,8232,2717641298,20137424,,1,1
2025-11-25T15:53:54.751672Z,embb,uesimtun0,2568141,51090,15267446419,11139648,,1,1
2025-11-25T15:53:54.751672Z,mmtc,uesimtun1,644448,11339,1128462507,832575,,1,1
2025-11-25T15:53:54.751672Z,urllc,uesimtun2,464833,8232,2717641342,20137425,,1,1
2025-11-25T15:53:55.939607Z,embb,uesimtun0,2568141,51090,15267447087,11139659,,1,1
2025-11-25T15:53:55.939607Z,mmtc,uesimtun1,644448,11339,1128462803,832579,,1,1
2025-11-25T15:53:55.939607Z,urllc,uesimtun2,464833,8232,2717641470,20137427,,1,1
2025-11-25T15:53:56.799145Z,embb,uesimtun0,2568141,51090,15267447923,11139672,,1,1
2025-11-25T15:53:56.799145Z,mmtc,uesimtun1,644448,11339,1128462847,832580,,1,1
2025-11-25T15:53:56.799145Z,urllc,uesimtun2,464833,8232,2717641598,20137429,,1,1
2025-11-25T15:53:57.752088Z,embb,uesimtun0,2568141,51090,15267448843,11139686,,1,1
2025-11-25T15:53:57.752088Z,mmtc,uesimtun1,644448,11339,1128462975,832582,,1,1
2025-11-25T15:53:57.752088Z,urllc,uesimtun2,464833,8232,2717641978,20137434,,1,1
2025-11-25T15:53:58.751761Z,embb,uesimtun0,2568141,51090,15267449715,11139700,,1,1
2025-11-25T15:53:58.751761Z,mmtc,uesimtun1,644448,11339,1128463103,832584,,1,1
2025-11-25T15:53:58.751761Z,urllc,uesimtun2,464833,8232,2717642274,20137438,,1,1
2025-11-25T15:53:59.751627Z,embb,uesimtun0,2568141,51090,15267450683,11139716,,1,1
2025-11-25T15:53:59.751627Z,mmtc,uesimtun1,644448,11339,1128463231,832586,,1,1
2025-11-25T15:53:59.751627Z,urllc,uesimtun2,464833,8232,2717642486,20137441,,1,1
2025-11-25T15:54:00.751895Z,embb,uesimtun0,2568141,51090,15267451651,11139732,,1,1
2025-11-25T15:54:00.751895Z,mmtc,uesimtun1,644448,11339,1128463275,832587,,1,1
2025-11-25T15:54:00.751895Z,urllc,uesimtun2,464833,8232,2717642614,20137443,,1,1
2025-11-25T15:54:01.751594Z,embb,uesimtun0,2568141,51090,15267452079,11139739,,1,1
2025-11-25T15:54:01.751594Z,mmtc,uesimtun1,644448,11339,1128463655,832592,,1,1
2025-11-25T15:54:01.751594Z,urllc,uesimtun2,464833,8232,2717642742,20137445,,1,1
2025-11-25T15:54:02.752150Z,embb,uesimtun0,2568141,51090,15267453047,11139755,,1,1
2025-11-25T15:54:02.752150Z,mmtc,uesimtun1,644448,11339,1128463951,832596,,1,1
2025-11-25T15:54:02.752150Z,urllc,uesimtun2,,,,,,1,0
2025-11-25T15:54:03.808520Z,embb,uesimtun0,,,,,,1,0
2025-11-25T15:54:03.808520Z,mmtc,uesimtun1,,,,,,1,0
2025-11-25T15:54:03.808520Z,urllc,uesimtun2,,,,,,1,0
2025-11-25T15:54:04.818818Z,embb,uesimtun0,,,,,,1,0
2025-11-25T15:54:04.818818Z,mmtc,uesimtun1,,,,,,1,0
2025-11-25T15:54:04.818818Z,urllc,uesimtun2,,,,,,1,0
2025-11-25T15:54:05.819997Z,embb,uesimtun0,,,,,,1,0
2025-11-25T15:54:05.819997Z,mmtc,uesimtun1,,,,,,1,0
2025-11-25T15:54:05.819997Z,urllc,uesimtun2,,,,,,1,0
2025-11-25T15:54:06.751481Z,embb,uesimtun0,,,,,,1,0
2025-11-25T15:54:06.751481Z,mmtc,uesimtun1,,,,,,1,0
2025-11-25T15:54:06.751481Z,urllc,uesimtun2,,,,,,1,0
2025-11-25T15:54:07.751675Z,embb,uesimtun0,,,,,,1,0
2025-11-25T15:54:07.751675Z,mmtc,uesimtun1,,,,,,1,0
2025-11-25T15:54:07.751675Z,urllc,uesimtun2,,,,,,1,0
2025-11-25T15:54:08.752368Z,embb,uesimtun0,,,,,,1,0
2025-11-25T15:54:08.752368Z,mmtc,uesimtun1,,,,,,1,0
2025-11-25T15:54:08.752368Z,urllc,uesimtun2,,,,,,1,0
2025-11-25T15:54:09.752104Z,embb,uesimtun0,,,,,,1,0
2025-11-25T15:54:09.752104Z,mmtc,uesimtun1,,,,,,1,0
2025-11-25T15:54:09.752104Z,urllc,uesimtun2,,,,,,1,0
2025-11-25T15:54:10.751992Z,embb,uesimtun0,,,,,,1,0
2025-11-25T15:54:10.751992Z,mmtc,uesimtun1,,,,,,1,0
2025-11-25T15:54:10.751992Z,urllc,uesimtun2,,,,,,1,0
2025-11-25T15:54:11.752688Z,embb,uesimtun0,,,,,,1,0
2025-11-25T15:54:11.752688Z,mmtc,uesimtun1,,,,,,1,0
2025-11-25T15:54:11.752688Z,urllc,uesimtun2,,,,,,1,0
2025-11-25T15:54:12.752538Z,embb,uesimtun0,,,,,,1,0
2025-11-25T15:54:12.752538Z,mmtc,uesimtun1,,,,,,1,0
2025-11-25T15:54:12.752538Z,urllc,uesimtun2,,,,,,1,0
2025-11-25T15:54:13.809005Z,embb,uesimtun0,,,,,,1,0
2025-11-25T15:54:13.809005Z,mmtc,uesimtun1,,,,,,1,0
2025-11-25T15:54:13.809005Z,urllc,uesimtun2,,,,,,1,0
2025-11-25T15:54:14.752764Z,embb,uesimtun0,,,,,,1,0
2025-11-25T15:54:14.752764Z,mmtc,uesimtun1,,,,,,1,0
2025-11-25T15:54:14.752764Z,urllc,uesimtun2,,,,,,1,0
2025-11-25T15:54:15.818835Z,embb,uesimtun0,,,,,,1,0
2025-11-25T15:54:15.818835Z,mmtc,uesimtun1,,,,,,1,0
2025-11-25T15:54:15.818835Z,urllc,uesimtun2,,,,,,1,0
2025-11-25T15:54:16.752316Z,embb,uesimtun0,,,,,,1,0
2025-11-25T15:54:16.752316Z,mmtc,uesimtun1,,,,,,1,0
2025-11-25T15:54:16.752316Z,urllc,uesimtun2,,,,,,1,0
2025-11-25T15:54:17.808897Z,embb,uesimtun0,,,,,,1,0
2025-11-25T15:54:17.808897Z,mmtc,uesimtun1,,,,,,1,0
2025-11-25T15:54:17.808897Z,urllc,uesimtun2,,,,,,1,0
2025-11-25T15:54:18.817703Z,embb,uesimtun0,,,,,,1,0
2025-11-25T15:54:18.817703Z,mmtc,uesimtun1,,,,,,1,0
2025-11-25T15:54:18.817703Z,urllc,uesimtun2,,,,,,1,0
2025-11-25T15:54:19.752365Z,embb,uesimtun0,,,,,,1,0
2025-11-25T15:54:19.752365Z,mmtc,uesimtun1,,,,,,1,0
2025-11-25T15:54:19.752365Z,urllc,uesimtun2,,,,,,1,0
2025-11-25T15:54:20.751906Z,embb,uesimtun0,,,,,,1,0
2025-11-25T15:54:20.751906Z,mmtc,uesimtun1,,,,,,1,0
2025-11-25T15:54:20.751906Z,urllc,uesimtun2,,,,,,1,0
2025-11-25T15:54:21.752605Z,embb,uesimtun0,,,,,,1,0
2025-11-25T15:54:21.752605Z,mmtc,uesimtun1,,,,,,1,0
2025-11-25T15:54:21.752605Z,urllc,uesimtun2,,,,,,1,0
