ts,embb_rate,urllc_rate,mmtc_rate,action,reason,embb_bps,urllc_bps,mmtc_bps,embb_rtt_ms,urllc_rtt_ms,mmtc_rtt_ms
2025-12-11T19:03:34.084813Z,50mbit,10mbit,800kbit,bump_mmtc,mmtc loss,0,0,0,,,224.54333305358887
2025-12-11T19:03:34.715831Z,50mbit,10mbit,800kbit,none,,0,0,0,0.240325927734375,0.16427040100097656,112.33437061309814
2025-12-11T19:03:35.216856Z,50mbit,10mbit,800kbit,none,,0,0,0,52.01399326324463,0.16951560974121094,74.9669869740804
2025-12-11T19:03:35.962938Z,50mbit,10mbit,800kbit,none,,0,0,0,52.01399326324463,0.16951560974121094,74.9669869740804
2025-12-11T19:03:36.567431Z,10mbit,10mbit,800kbit,set_embb_10mbit,urllc_rtt=0.835,0,0,0,72.9235013326009,0.8351008097330729,56.26577138900757
2025-12-11T19:03:37.067880Z,10mbit,10mbit,800kbit,none,,0,0,0,72.9235013326009,41.198909282684326,45.0495719909668
2025-12-11T19:03:37.904066Z,10mbit,10mbit,800kbit,none,,0,0,0,72.9235013326009,41.198909282684326,45.0495719909668
2025-12-11T19:03:38.893678Z,10mbit,10mbit,800kbit,none,,0,0,0,72.9235013326009,41.198909282684326,45.0495719909668
2025-12-11T19:03:39.500332Z,10mbit,10mbit,800kbit,none,,0,0,0,149.73068237304688,32.99717903137207,0.17032623291015625
2025-12-11T19:03:40.000559Z,10mbit,10mbit,800kbit,none,,0,0,0,144.78716850280762,32.999515533447266,0.17843246459960938
2025-12-11T19:03:40.863212Z,10mbit,10mbit,800kbit,none,,0,0,0,144.79403495788574,32.99431800842285,0.16312599182128906
2025-12-11T19:03:41.000935Z,10mbit,10mbit,800kbit,none,,0,0,0,145.1077938079834,32.595252990722656,0.1621246337890625
2025-12-11T19:03:41.501229Z,10mbit,10mbit,800kbit,none,,0,0,0,145.1077938079834,32.595252990722656,0.1621246337890625
2025-12-11T19:03:42.492725Z,50mbit,10mbit,800kbit,restore_embb_50mbit,urllc stable,0,0,0,188.8066291809082,0.16913414001464844,0.1575946807861328
2025-12-11T19:03:42.993218Z,10mbit,10mbit,800kbit,set_embb_10mbit,urllc_rtt=25.421,0,0,0,188.8066291809082,25.420570373535156,0.16641616821289062
2025-12-11T19:03:43.493167Z,10mbit,10mbit,800kbit,none,,0,0,0,177.35614776611328,26.04045867919922,0.16689300537109375
2025-12-11T19:03:43.992960Z,10mbit,10mbit,800kbit,none,,0,0,0,177.35614776611328,47.49646186828613,0.1689910888671875
2025-12-11T19:03:44.493124Z,10mbit,10mbit,800kbit,none,,0,832,832,212.0136260986328,47.547006607055664,0.177001953125
2025-12-11T19:03:44.993320Z,10mbit,10mbit,800kbit,none,,832,0,0,212.0136260986328,47.547006607055664,0.177001953125
2025-12-11T19:03:45.597878Z,10mbit,10mbit,800kbit,none,,0,1664,2496,212.0136260986328,56.43572807312012,0.18057823181152344
2025-12-11T19:03:46.273590Z,10mbit,10mbit,800kbit,none,,2496,832,0,211.99727058410645,31.17671012878418,0.17099380493164062
2025-12-11T19:03:46.774608Z,10mbit,10mbit,800kbit,none,,0,0,832,211.99727058410645,54.03170585632324,0.1842975616455078
2025-12-11T19:03:47.353627Z,10mbit,10mbit,800kbit,none,,832,832,0,190.9646511077881,32.572126388549805,0.177001953125
2025-12-11T19:03:47.854390Z,10mbit,10mbit,800kbit,none,,0,0,0,215.58032035827637,32.523488998413086,0.177001953125
2025-12-11T19:03:48.353850Z,10mbit,10mbit,800kbit,none,,0,0,0,151.28841400146484,23.774337768554688,0.19702911376953125
2025-12-11T19:03:48.854200Z,10mbit,10mbit,800kbit,none,,0,832,832,166.11504554748535,23.784971237182617,0.1929759979248047
2025-12-11T19:03:49.354204Z,25mbit,10mbit,800kbit,set_embb_25mbit,urllc_rtt=0.309,832,0,0,166.13059043884277,0.3093242645263672,0.19397735595703125
2025-12-11T19:03:49.854413Z,25mbit,10mbit,800kbit,none,,0,0,0,202.65865325927734,0.31871795654296875,0.19397735595703125
2025-12-11T19:03:50.353861Z,25mbit,10mbit,800kbit,none,,0,0,0,111.46349906921387,0.31299591064453125,0.1839160919189453
2025-12-11T19:03:50.853958Z,25mbit,10mbit,800kbit,none,,0,0,0,111.46349906921387,0.31299591064453125,0.1839160919189453
2025-12-11T19:03:51.608780Z,25mbit,10mbit,800kbit,none,,0,0,0,111.46349906921387,0.31299591064453125,11.601686477661133
2025-12-11T19:03:52.423232Z,25mbit,10mbit,800kbit,none,,0,0,0,111.22183799743652,0.17757415771484375,11.56930923461914
2025-12-11T19:03:53.263159Z,25mbit,10mbit,800kbit,none,,832,832,832,111.22183799743652,0.17757415771484375,11.56930923461914
2025-12-11T19:03:54.094383Z,50mbit,10mbit,800kbit,restore_embb_50mbit,urllc stable,0,0,0,111.22183799743652,0.17757415771484375,11.56930923461914
2025-12-11T19:03:55.697057Z,50mbit,10mbit,800kbit,none,,0,0,0,71.57430648803711,0.17757415771484375,11.568450927734375
2025-12-11T19:03:56.197748Z,10mbit,10mbit,800kbit,set_embb_10mbit,urllc_rtt=8.675,0,0,0,71.57430648803711,8.67466926574707,11.568450927734375
2025-12-11T19:03:56.697256Z,10mbit,10mbit,800kbit,none,,0,0,0,102.35157012939453,8.67466926574707,11.58757209777832
2025-12-11T19:03:57.197671Z,10mbit,10mbit,800kbit,none,,0,0,0,102.35157012939453,8.67466926574707,11.58757209777832
2025-12-11T19:03:58.248795Z,10mbit,10mbit,800kbit,none,,0,0,0,102.35157012939453,8.67466926574707,11.589384078979492
2025-12-11T19:03:58.874658Z,10mbit,10mbit,800kbit,none,,0,0,0,65.83304405212402,8.67147445678711,11.589384078979492
2025-12-11T19:03:59.375791Z,10mbit,10mbit,800kbit,none,,0,0,832,65.83304405212402,84.58709716796875,0.1808643341064453
2025-12-11T19:03:59.959583Z,10mbit,10mbit,800kbit,none,,832,832,0,65.8043384552002,84.58709716796875,0.37713050842285156
2025-12-11T19:04:00.460206Z,10mbit,10mbit,800kbit,none,,0,0,0,65.8043384552002,84.58709716796875,52.9848575592041
2025-12-11T19:04:02.029483Z,10mbit,10mbit,800kbit,none,,0,0,0,65.80290794372559,84.58709716796875,52.96835899353027
2025-12-11T19:04:02.530065Z,10mbit,10mbit,800kbit,none,,0,0,0,31.025362014770508,84.58175659179688,52.96835899353027
2025-12-11T19:04:03.030099Z,10mbit,10mbit,800kbit,none,,0,0,0,0.2563953399658203,84.58304405212402,52.96320915222168
2025-12-11T19:04:03.530140Z,10mbit,10mbit,800kbit,none,,0,0,0,0.2711296081542969,76.08866691589355,52.96273231506348
2025-12-11T19:04:04.118282Z,10mbit,10mbit,800kbit,none,,0,0,0,0.2711296081542969,106.50625228881836,52.77590751647949
2025-12-11T19:04:04.529647Z,10mbit,10mbit,800kbit,none,,0,0,0,0.2983570098876953,106.50625228881836,0.1708507537841797
2025-12-11T19:04:05.030185Z,10mbit,10mbit,800kbit,none,,0,0,0,0.2983570098876953,65.35892486572266,0.1708507537841797
2025-12-11T19:04:05.529966Z,10mbit,10mbit,800kbit,none,,0,0,0,0.30651092529296875,65.36054611206055,0.16946792602539062
2025-12-11T19:04:06.030500Z,10mbit,10mbit,800kbit,none,,0,0,0,0.30651092529296875,65.36054611206055,0.16946792602539062
2025-12-11T19:04:06.650641Z,10mbit,10mbit,800kbit,none,,0,0,0,0.30651092529296875,65.36054611206055,163.47994804382324
2025-12-11T19:04:08.413362Z,10mbit,10mbit,800kbit,none,,0,0,0,0.286865234375,65.35964012145996,163.47708702087402
2025-12-11T19:04:09.408540Z,10mbit,10mbit,800kbit,none,,0,0,0,0.2959728240966797,66.03713035583496,163.47417831420898
2025-12-11T19:04:09.416925Z,10mbit,10mbit,800kbit,none,,0,0,0,0.27670860290527344,35.61410903930664,163.46111297607422
2025-12-11T19:04:09.917566Z,10mbit,10mbit,800kbit,none,,0,0,0,0.29044151306152344,0.8430957794189453,163.46802711486816
2025-12-11T19:04:10.417963Z,10mbit,10mbit,800kbit,none,,0,0,0,19.904756546020508,0.8430957794189453,0.16379356384277344
2025-12-11T19:04:10.917364Z,10mbit,10mbit,800kbit,none,,0,0,0,19.937992095947266,0.8419990539550781,0.16078948974609375
2025-12-11T19:04:11.417514Z,10mbit,10mbit,800kbit,none,,0,0,0,33.873796463012695,0.8419990539550781,0.1590251922607422
2025-12-11T19:04:11.917635Z,10mbit,10mbit,800kbit,none,,0,0,0,33.90231132507324,0.8317470550537109,0.1590251922607422
2025-12-11T19:04:12.417750Z,10mbit,10mbit,800kbit,none,,0,0,0,33.90231132507324,0.8317470550537109,0.1590251922607422
2025-12-11T19:04:13.474165Z,50mbit,10mbit,800kbit,restore_embb_50mbit,urllc stable,0,832,832,33.90231132507324,0.1598834991455078,0.1590251922607422
2025-12-11T19:04:14.041640Z,50mbit,10mbit,800kbit,none,,832,0,0,33.86273384094238,0.1598834991455078,0.17371177673339844
2025-12-11T19:04:14.542492Z,50mbit,10mbit,800kbit,none,,0,0,0,33.86273384094238,0.1598834991455078,0.17371177673339844
2025-12-11T19:04:16.038553Z,50mbit,10mbit,800kbit,none,,0,0,0,14.24722671508789,0.15993118286132812,0.17371177673339844
2025-12-11T19:04:16.539581Z,50mbit,10mbit,800kbit,none,,0,0,0,14.239263534545898,0.1598834991455078,0.17371177673339844
2025-12-11T19:04:17.039137Z,50mbit,10mbit,800kbit,none,,0,0,0,14.239263534545898,0.1598834991455078,73.97198677062988
2025-12-11T19:04:18.014430Z,50mbit,10mbit,800kbit,none,,0,0,0,0.275421142578125,0.1598834991455078,73.97098541259766
2025-12-11T19:04:18.515286Z,50mbit,10mbit,800kbit,none,,0,0,0,0.26640892028808594,0.16498565673828125,73.97098541259766
2025-12-11T19:04:19.014959Z,10mbit,10mbit,800kbit,set_embb_10mbit,urllc_rtt=8.835,0,0,0,0.26640892028808594,8.835172653198242,73.97098541259766
2025-12-11T19:04:19.514625Z,10mbit,10mbit,800kbit,none,,0,0,0,0.2678394317626953,8.835172653198242,73.9738941192627
2025-12-11T19:04:20.015432Z,10mbit,10mbit,800kbit,none,,0,0,0,0.2730369567871094,8.809947967529297,73.97069931030273
2025-12-11T19:04:20.515562Z,10mbit,10mbit,800kbit,none,,0,0,0,0.27065277099609375,8.829545974731445,73.96154403686523
2025-12-11T19:04:21.088435Z,10mbit,10mbit,800kbit,none,,0,0,0,0.27065277099609375,8.829545974731445,73.96154403686523
2025-12-11T19:04:22.683540Z,10mbit,10mbit,800kbit,none,,0,0,0,0.27065277099609375,8.829545974731445,73.96154403686523
2025-12-11T19:04:23.288253Z,10mbit,10mbit,800kbit,none,,0,0,0,0.27065277099609375,9.466791152954102,73.96154403686523
2025-12-11T19:04:23.788564Z,10mbit,10mbit,800kbit,none,,0,0,0,0.27065277099609375,19.194412231445312,0.16765594482421875
2025-12-11T19:04:24.404058Z,10mbit,10mbit,800kbit,none,,0,0,0,0.2735614776611328,10.545587539672852,0.16264915466308594
2025-12-11T19:04:24.904693Z,10mbit,10mbit,800kbit,none,,0,0,0,96.45814895629883,10.556268692016602,0.16264915466308594
2025-12-11T19:04:25.404553Z,10mbit,10mbit,800kbit,none,,0,0,0,96.45380973815918,10.556268692016602,0.16031265258789062
2025-12-11T19:04:26.208633Z,10mbit,10mbit,800kbit,none,,0,0,0,131.73460960388184,10.545492172241211,0.16031265258789062
2025-12-11T19:04:26.404440Z,10mbit,10mbit,800kbit,none,,0,0,0,131.71253204345703,10.545492172241211,0.1617431640625
2025-12-11T19:04:27.603758Z,10mbit,10mbit,800kbit,none,,0,0,0,131.71253204345703,38.706016540527344,0.17447471618652344
2025-12-11T19:04:28.588373Z,10mbit,10mbit,800kbit,none,,0,0,0,131.72078132629395,28.972911834716797,0.16450881958007812
2025-12-11T19:04:29.089326Z,10mbit,10mbit,800kbit,none,,0,0,0,131.72078132629395,28.972911834716797,19.201087951660156
2025-12-11T19:04:29.588439Z,10mbit,10mbit,800kbit,none,,0,0,0,35.5137825012207,28.972911834716797,19.202661514282227
2025-12-11T19:04:30.089295Z,10mbit,10mbit,800kbit,none,,0,0,0,35.53214073181152,28.972339630126953,19.20018196105957
2025-12-11T19:04:30.589585Z,10mbit,10mbit,800kbit,none,,0,0,0,16.54677391052246,28.97930145263672,19.242048263549805
2025-12-11T19:04:31.089211Z,10mbit,10mbit,800kbit,none,,0,0,0,16.56951904296875,28.97930145263672,19.247150421142578
2025-12-11T19:04:31.589063Z,10mbit,10mbit,800kbit,none,,0,0,0,27.123022079467773,28.983592987060547,0.21409988403320312
2025-12-11T19:04:32.089033Z,50mbit,10mbit,800kbit,restore_embb_50mbit,urllc stable,0,0,0,27.139759063720703,0.1826763153076172,0.22525787353515625
2025-12-11T19:04:32.589043Z,50mbit,10mbit,800kbit,none,,0,0,0,29.600858688354492,0.19593238830566406,0.23136138916015625
2025-12-11T19:04:33.243178Z,50mbit,10mbit,800kbit,none,,0,0,0,29.600858688354492,0.19593238830566406,0.23136138916015625
2025-12-11T19:04:33.847579Z,50mbit,10mbit,800kbit,none,,0,0,0,43.95298957824707,0.189208984375,0.18143653869628906
2025-12-11T19:04:34.348010Z,50mbit,10mbit,800kbit,none,,0,0,0,43.95298957824707,0.189208984375,46.25062942504883
2025-12-11T19:04:34.983170Z,50mbit,10mbit,800kbit,none,,0,0,0,43.93134117126465,0.18172264099121094,46.247053146362305
2025-12-11T19:04:35.484321Z,50mbit,10mbit,800kbit,none,,0,0,0,33.38775634765625,0.17299652099609375,46.26460075378418
2025-12-11T19:04:35.983980Z,50mbit,10mbit,800kbit,none,,0,0,0,33.38775634765625,0.17299652099609375,46.26460075378418
2025-12-11T19:04:37.394663Z,50mbit,10mbit,800kbit,none,,0,0,0,33.38775634765625,0.17299652099609375,46.26460075378418
2025-12-11T19:04:38.384654Z,50mbit,10mbit,800kbit,none,,0,0,0,41.655635833740234,0.17299652099609375,46.26312255859375
2025-12-11T19:04:38.885230Z,10mbit,10mbit,800kbit,set_embb_10mbit,urllc_rtt=8.070,0,0,0,41.655635833740234,8.07032585144043,46.26312255859375
2025-12-11T19:04:39.411190Z,10mbit,10mbit,800kbit,none,,0,0,0,39.18004035949707,8.064126968383789,46.26312255859375
2025-12-11T19:04:39.911224Z,10mbit,10mbit,800kbit,none,,0,832,832,105.32746315002441,8.061695098876953,46.26660346984863
2025-12-11T19:04:40.411630Z,10mbit,10mbit,800kbit,none,,832,0,0,105.33146858215332,8.054399490356445,0.18310546875
2025-12-11T19:04:41.248653Z,10mbit,10mbit,800kbit,none,,0,0,0,130.4990291595459,8.066225051879883,0.18362998962402344
2025-12-11T19:04:41.411711Z,50mbit,10mbit,800kbit,restore_embb_50mbit,urllc stable,0,0,0,122.2257137298584,0.1820087432861328,0.157928466796875
2025-12-11T19:04:41.912373Z,10mbit,10mbit,800kbit,set_embb_10mbit,urllc_rtt=40.042,0,0,0,122.2257137298584,40.04182815551758,0.157928466796875
2025-12-11T19:04:42.606416Z,10mbit,10mbit,800kbit,none,,0,0,0,122.24068641662598,40.03958702087402,0.16045570373535156
2025-12-11T19:04:43.482552Z,10mbit,10mbit,800kbit,none,,0,0,0,45.97749710083008,40.05441665649414,0.16012191772460938
2025-12-11T19:04:43.606787Z,10mbit,10mbit,800kbit,none,,0,0,0,45.98121643066406,40.03777503967285,0.16303062438964844
2025-12-11T19:04:44.107176Z,10mbit,10mbit,800kbit,none,,0,0,0,114.45231437683105,40.035152435302734,0.15921592712402344
2025-12-11T19:04:44.607031Z,50mbit,10mbit,800kbit,restore_embb_50mbit,urllc stable,0,0,0,114.4554615020752,0.18320083618164062,0.15811920166015625
2025-12-11T19:04:45.728743Z,50mbit,10mbit,800kbit,none,,0,0,0,178.74093055725098,0.2048492431640625,0.1549243927001953
2025-12-11T19:04:46.054277Z,50mbit,10mbit,800kbit,none,,0,0,0,158.19382667541504,0.19741058349609375,0.160980224609375
2025-12-11T19:04:46.555297Z,50mbit,10mbit,800kbit,none,,0,0,0,183.14518928527832,0.21185874938964844,0.15935897827148438
2025-12-11T19:04:47.054845Z,50mbit,10mbit,800kbit,none,,0,0,0,89.51258659362793,0.21185874938964844,0.16150474548339844
2025-12-11T19:04:47.554891Z,10mbit,10mbit,800kbit,set_embb_10mbit,urllc_rtt=53.342,0,0,0,89.51258659362793,53.34200859069824,0.16150474548339844
2025-12-11T19:04:48.054794Z,10mbit,10mbit,800kbit,none,,0,0,0,89.51115608215332,53.34200859069824,0.1674175262451172
2025-12-11T19:04:48.554896Z,10mbit,10mbit,800kbit,none,,0,0,0,39.38136100769043,53.34200859069824,0.16641616821289062
2025-12-11T19:04:49.568037Z,10mbit,10mbit,800kbit,none,,0,0,0,39.38136100769043,113.80934715270996,0.1616954803466797
2025-12-11T19:04:50.074259Z,10mbit,10mbit,800kbit,none,,0,0,0,39.38021659851074,113.78412246704102,0.17180442810058594
2025-12-11T19:04:50.574958Z,10mbit,10mbit,800kbit,none,,0,0,0,39.38021659851074,113.78412246704102,0.17180442810058594
2025-12-11T19:04:51.885191Z,10mbit,10mbit,800kbit,none,,0,0,0,39.38021659851074,123.50072860717773,0.20294189453125
2025-12-11T19:04:52.453549Z,10mbit,10mbit,800kbit,none,,0,0,0,14.417028427124023,123.50072860717773,0.20532608032226562
2025-12-11T19:04:53.393112Z,10mbit,10mbit,800kbit,none,,0,0,0,14.417028427124023,148.9058017730713,0.26268959045410156
2025-12-11T19:04:53.724210Z,10mbit,10mbit,800kbit,none,,0,0,0,14.38894271850586,148.9058017730713,0.2696514129638672
2025-12-11T19:04:54.224822Z,10mbit,10mbit,800kbit,none,,0,0,0,14.38894271850586,148.9058017730713,11.090326309204102
2025-12-11T19:04:54.724367Z,10mbit,10mbit,800kbit,none,,0,0,0,14.393854141235352,148.9058017730713,11.05809211730957
2025-12-11T19:04:55.224947Z,10mbit,10mbit,800kbit,none,,0,0,0,34.325265884399414,95.77445983886719,11.05809211730957
2025-12-11T19:04:55.725007Z,10mbit,10mbit,800kbit,none,,0,0,0,34.354257583618164,35.30759811401367,11.05809211730957
2025-12-11T19:04:56.224858Z,10mbit,10mbit,800kbit,none,,0,0,0,65.49673080444336,35.314226150512695,11.05809211730957
2025-12-11T19:04:56.724458Z,10mbit,10mbit,800kbit,none,,0,0,0,65.49758911132812,35.314226150512695,11.047983169555664
2025-12-11T19:04:57.248481Z,10mbit,10mbit,800kbit,none,,0,0,0,88.99803161621094,25.60443878173828,10.988473892211914
2025-12-11T19:04:57.724410Z,50mbit,10mbit,800kbit,restore_embb_50mbit,urllc stable,0,0,0,54.92115020751953,0.18935203552246094,10.974836349487305
2025-12-11T19:04:58.224410Z,50mbit,10mbit,800kbit,none,,0,0,0,54.92115020751953,0.18935203552246094,10.974836349487305
2025-12-11T19:04:58.829275Z,50mbit,10mbit,800kbit,none,,0,0,0,205.20696640014648,0.19693374633789062,0.15616416931152344
2025-12-11T19:04:59.584274Z,50mbit,10mbit,800kbit,none,,0,0,0,174.07269477844238,0.19693374633789062,0.15516281127929688
2025-12-11T19:05:00.084392Z,50mbit,10mbit,800kbit,none,,0,0,0,270.505428314209,0.19326210021972656,0.15516281127929688
2025-12-11T19:05:00.584522Z,50mbit,10mbit,800kbit,none,,0,0,0,246.9881534576416,0.19326210021972656,0.15397071838378906
2025-12-11T19:05:01.084888Z,50mbit,10mbit,800kbit,none,,0,0,0,246.9881534576416,0.19326210021972656,13.196611404418945
2025-12-11T19:05:01.584760Z,50mbit,10mbit,800kbit,none,,0,0,0,246.98553085327148,0.18591880798339844,13.196611404418945
2025-12-11T19:05:02.084929Z,50mbit,10mbit,800kbit,none,,0,0,0,96.68731689453125,0.20227432250976562,13.199281692504883
2025-12-11T19:05:02.584839Z,50mbit,10mbit,800kbit,none,,0,0,0,96.69041633605957,0.20904541015625,13.195419311523438
2025-12-11T19:05:03.085365Z,50mbit,10mbit,800kbit,none,,0,0,0,0.2742290496826172,0.20904541015625,13.20033073425293
2025-12-11T19:05:03.585186Z,50mbit,10mbit,800kbit,none,,0,0,0,10.296249389648438,0.196075439453125,13.20033073425293
2025-12-11T19:05:04.279078Z,10mbit,10mbit,800kbit,set_embb_10mbit,urllc_rtt=24.299,0,0,0,10.296249389648438,24.29943084716797,13.199567794799805
2025-12-11T19:05:04.605382Z,10mbit,10mbit,800kbit,none,,0,0,0,10.278177261352539,24.29490089416504,0.1597881317138672
2025-12-11T19:05:05.105982Z,10mbit,10mbit,800kbit,none,,0,0,0,10.274600982666016,24.277973175048828,0.16450881958007812
2025-12-11T19:05:05.606008Z,10mbit,10mbit,800kbit,none,,0,0,0,10.279417037963867,24.27358627319336,0.1620769500732422
2025-12-11T19:05:06.106124Z,10mbit,10mbit,800kbit,none,,0,0,0,10.278034210205078,24.269723892211914,0.1560688018798828
2025-12-11T19:05:06.606500Z,10mbit,10mbit,800kbit,none,,0,0,0,10.278034210205078,30.719375610351562,0.17328262329101562
2025-12-11T19:05:07.105824Z,10mbit,10mbit,800kbit,none,,0,0,0,0.27136802673339844,30.724430084228516,0.1720905303955078
2025-12-11T19:05:07.606027Z,10mbit,10mbit,800kbit,none,,0,0,0,0.27136802673339844,30.724430084228516,0.1720905303955078
2025-12-11T19:05:08.443632Z,10mbit,10mbit,800kbit,none,,0,0,0,0.27136802673339844,30.724430084228516,0.17137527465820312
2025-12-11T19:05:09.273128Z,10mbit,10mbit,800kbit,none,,0,0,0,29.680538177490234,30.719757080078125,0.17137527465820312
2025-12-11T19:05:09.443886Z,10mbit,10mbit,800kbit,none,,0,0,0,29.672908782958984,30.719757080078125,0.17104148864746094
2025-12-11T19:05:09.944294Z,10mbit,10mbit,800kbit,none,,0,0,0,43.492698669433594,30.72528839111328,0.1746654510498047
2025-12-11T19:05:10.443846Z,10mbit,10mbit,800kbit,none,,0,0,0,43.47720146179199,30.72528839111328,0.16837120056152344
2025-12-11T19:05:11.143334Z,10mbit,10mbit,800kbit,none,,0,0,0,43.489980697631836,30.72528839111328,0.17943382263183594
2025-12-11T19:05:11.444025Z,10mbit,10mbit,800kbit,none,,0,0,0,14.09311294555664,30.726957321166992,0.2125263214111328
2025-12-11T19:05:11.944173Z,50mbit,10mbit,800kbit,restore_embb_50mbit,urllc stable,0,0,0,100.36344528198242,0.17724037170410156,0.20971298217773438
2025-12-11T19:05:12.444143Z,50mbit,10mbit,800kbit,none,,0,0,0,86.53149604797363,0.17724037170410156,0.2147197723388672
2025-12-11T19:05:12.944607Z,50mbit,10mbit,800kbit,none,,0,0,0,167.6943302154541,0.18019676208496094,0.2021312713623047
2025-12-11T19:05:13.443960Z,50mbit,10mbit,800kbit,none,,0,0,0,167.68813133239746,0.17189979553222656,0.1881122589111328
2025-12-11T19:05:14.203242Z,50mbit,10mbit,800kbit,none,,0,0,0,167.68813133239746,0.17189979553222656,0.1881122589111328
2025-12-11T19:05:14.807742Z,50mbit,10mbit,800kbit,none,,0,0,0,167.68813133239746,0.17189979553222656,1.9353389739990234
2025-12-11T19:05:15.573941Z,50mbit,10mbit,800kbit,none,,0,0,0,167.66018867492676,0.17189979553222656,1.9377708435058594
2025-12-11T19:05:16.074118Z,50mbit,10mbit,800kbit,none,,0,0,0,177.73361206054688,0.1689434051513672,1.9291400909423828
2025-12-11T19:05:16.574277Z,50mbit,10mbit,800kbit,none,,0,0,0,177.7367115020752,0.1689434051513672,1.9317150115966797
2025-12-11T19:05:17.074157Z,50mbit,10mbit,800kbit,none,,0,0,0,189.8740291595459,0.19273757934570312,1.9383907318115234
2025-12-11T19:05:17.574610Z,50mbit,10mbit,800kbit,none,,0,0,0,189.86825942993164,0.19273757934570312,0.15392303466796875
2025-12-11T19:05:18.367692Z,10mbit,10mbit,800kbit,set_embb_10mbit,urllc_rtt=21.426,0,0,0,189.86825942993164,21.425628662109375,0.15392303466796875
2025-12-11T19:05:18.679895Z,10mbit,10mbit,800kbit,none,,0,0,0,189.86592292785645,21.413040161132812,0.15392303466796875
2025-12-11T19:05:19.180236Z,10mbit,10mbit,800kbit,none,,0,0,0,189.86592292785645,46.366024017333984,0.15392303466796875
2025-12-11T19:05:19.680196Z,10mbit,10mbit,800kbit,none,,0,0,0,93.52617263793945,46.366024017333984,0.1594066619873047
2025-12-11T19:05:20.181076Z,10mbit,10mbit,800kbit,none,,0,0,0,93.52617263793945,46.366024017333984,4.813528060913086
2025-12-11T19:05:20.680038Z,10mbit,10mbit,800kbit,none,,0,0,0,93.54071617126465,46.366024017333984,4.816484451293945
2025-12-11T19:05:21.179982Z,10mbit,10mbit,800kbit,none,,0,0,0,93.54071617126465,68.00217628479004,4.811811447143555
2025-12-11T19:05:21.679962Z,10mbit,10mbit,800kbit,none,,0,0,0,0.2452373504638672,67.9802417755127,4.816961288452148
2025-12-11T19:05:22.180197Z,10mbit,10mbit,800kbit,none,,0,0,0,0.2452373504638672,79.8269271850586,4.82182502746582
2025-12-11T19:05:22.680259Z,10mbit,10mbit,800kbit,none,,0,0,0,0.24127960205078125,79.8269271850586,0.1677989959716797
2025-12-11T19:05:23.180934Z,10mbit,10mbit,800kbit,none,,0,0,0,0.24127960205078125,79.8269271850586,0.1677989959716797
2025-12-11T19:05:23.785136Z,10mbit,10mbit,800kbit,none,,0,0,0,0.24127960205078125,79.8269271850586,0.1677989959716797
2025-12-11T19:05:24.785646Z,10mbit,10mbit,800kbit,none,,0,0,0,0.24127960205078125,89.77713584899902,0.1677989959716797
2025-12-11T19:05:25.419176Z,10mbit,10mbit,800kbit,none,,0,0,0,0.24933815002441406,89.77713584899902,0.17256736755371094
2025-12-11T19:05:25.920184Z,10mbit,10mbit,800kbit,none,,0,0,0,0.24933815002441406,71.42572402954102,0.18148422241210938
2025-12-11T19:05:26.419312Z,10mbit,10mbit,800kbit,none,,0,0,0,0.252532958984375,49.79352951049805,0.17566680908203125
2025-12-11T19:05:26.920311Z,10mbit,10mbit,800kbit,none,,0,0,0,43.489646911621094,49.79386329650879,0.18105506896972656
2025-12-11T19:05:27.420027Z,10mbit,10mbit,800kbit,none,,0,0,0,43.51167678833008,49.79386329650879,0.18548965454101562
2025-12-11T19:05:27.920051Z,10mbit,10mbit,800kbit,none,,0,0,0,43.523311614990234,16.72067642211914,0.1788616180419922
2025-12-11T19:05:28.419831Z,10mbit,10mbit,800kbit,none,,0,0,0,43.523311614990234,16.72067642211914,0.1788616180419922
2025-12-11T19:05:29.439203Z,10mbit,10mbit,800kbit,none,,0,0,0,74.7978687286377,6.783914566040039,0.1788616180419922
2025-12-11T19:05:29.939376Z,10mbit,10mbit,800kbit,none,,0,0,0,74.7978687286377,6.783914566040039,0.1788616180419922
2025-12-11T19:05:30.811507Z,50mbit,10mbit,800kbit,restore_embb_50mbit,urllc stable,0,0,0,223.59061241149902,0.19364356994628906,0.18029212951660156
2025-12-11T19:05:31.561011Z,50mbit,10mbit,800kbit,none,,0,0,0,180.32641410827637,0.18463134765625,0.18434524536132812
2025-12-11T19:05:32.061130Z,50mbit,10mbit,800kbit,none,,0,0,0,180.32641410827637,0.18463134765625,33.71467590332031
2025-12-11T19:05:32.633118Z,50mbit,10mbit,800kbit,none,,0,0,0,180.30738830566406,0.18463134765625,33.71257781982422
2025-12-11T19:05:33.408014Z,50mbit,10mbit,800kbit,none,,0,0,0,204.75382804870605,0.19278526306152344,33.71567726135254
2025-12-11T19:05:33.633550Z,50mbit,10mbit,800kbit,none,,0,0,0,173.4997272491455,0.19278526306152344,33.71315002441406
2025-12-11T19:05:34.133144Z,50mbit,10mbit,800kbit,none,,0,0,0,100.20389556884766,0.20055770874023438,33.70246887207031
2025-12-11T19:05:34.633450Z,50mbit,10mbit,800kbit,none,,0,0,0,100.22397041320801,0.20055770874023438,0.1567363739013672
2025-12-11T19:05:35.133670Z,10mbit,10mbit,800kbit,set_embb_10mbit,urllc_rtt=35.666,0,0,0,100.22397041320801,35.6658935546875,0.16937255859375
2025-12-11T19:05:35.633697Z,10mbit,10mbit,800kbit,none,,0,0,0,100.22172927856445,35.654544830322266,0.17004013061523438
2025-12-11T19:05:36.134310Z,10mbit,10mbit,800kbit,none,,0,0,0,75.78697204589844,35.66031455993652,0.1583576202392578
2025-12-11T19:05:36.634152Z,10mbit,10mbit,800kbit,none,,0,0,0,75.78415870666504,35.65049171447754,0.1583576202392578
2025-12-11T19:05:37.133690Z,10mbit,10mbit,800kbit,none,,0,0,0,75.78415870666504,35.65049171447754,0.1583576202392578
2025-12-11T19:05:37.737780Z,10mbit,10mbit,800kbit,none,,0,0,0,75.78415870666504,39.97344970703125,0.17724037170410156
2025-12-11T19:05:38.238258Z,10mbit,10mbit,800kbit,none,,0,0,0,75.78415870666504,39.97344970703125,14.319038391113281
2025-12-11T19:05:38.737909Z,10mbit,10mbit,800kbit,none,,0,0,0,0.27489662170410156,4.496860504150391,14.306640625
2025-12-11T19:05:39.238743Z,10mbit,10mbit,800kbit,none,,0,0,0,0.27489662170410156,4.496860504150391,14.306640625
2025-12-11T19:05:39.844232Z,10mbit,10mbit,800kbit,none,,0,0,0,0.27489662170410156,4.496860504150391,14.306640625
2025-12-11T19:05:41.604022Z,10mbit,10mbit,800kbit,none,,0,0,0,0.27489662170410156,71.87118530273438,14.306640625
2025-12-11T19:05:42.144965Z,10mbit,10mbit,800kbit,none,,0,0,0,0.25725364685058594,71.85945510864258,14.304304122924805
2025-12-11T19:05:42.645661Z,10mbit,10mbit,800kbit,none,,0,0,0,0.25725364685058594,71.85945510864258,14.304304122924805
2025-12-11T19:05:44.816170Z,10mbit,10mbit,800kbit,none,,0,0,0,88.24348449707031,71.91243171691895,14.320707321166992
2025-12-11T19:05:45.316458Z,10mbit,10mbit,800kbit,none,,0,0,0,88.25182914733887,67.56997108459473,14.311790466308594
2025-12-11T19:05:45.817055Z,10mbit,10mbit,800kbit,none,,0,0,0,188.89493942260742,67.5818920135498,14.311790466308594
2025-12-11T19:05:46.323741Z,50mbit,10mbit,800kbit,restore_embb_50mbit,urllc stable,0,0,0,188.91425132751465,0.21538734436035156,0.18563270568847656
2025-12-11T19:05:46.824121Z,50mbit,10mbit,800kbit,none,,0,0,0,336.31935119628906,0.2262115478515625,0.2833366394042969
2025-12-11T19:05:47.565147Z,50mbit,10mbit,800kbit,none,,0,0,0,248.32816123962402,0.1755237579345703,0.2882957458496094
2025-12-11T19:05:48.543859Z,50mbit,10mbit,800kbit,none,,0,0,0,248.34465980529785,0.18148422241210938,0.2919197082519531
2025-12-11T19:05:48.565384Z,50mbit,10mbit,800kbit,none,,0,0,0,147.6898193359375,0.18148422241210938,0.28977394104003906
2025-12-11T19:05:49.735082Z,10mbit,10mbit,800kbit,set_embb_10mbit,urllc_rtt=84.668,0,0,0,147.6898193359375,84.66787338256836,0.5498886108398438
2025-12-11T19:05:50.371583Z,10mbit,10mbit,800kbit,none,,0,0,0,147.7198600769043,84.66610908508301,0.4660606384277344
2025-12-11T19:05:50.872155Z,10mbit,10mbit,800kbit,none,,0,0,0,90.1146411895752,84.85746383666992,0.4653453826904297
2025-12-11T19:05:51.371650Z,10mbit,10mbit,800kbit,none,,0,0,0,90.13299942016602,84.85746383666992,0.4534721374511719
2025-12-11T19:05:52.713919Z,10mbit,10mbit,800kbit,none,,0,0,0,90.1282787322998,84.86919403076172,0.4741668701171875
2025-12-11T19:05:52.718559Z,10mbit,10mbit,800kbit,none,,0,0,0,90.12880325317383,84.86871719360352,0.4741668701171875
2025-12-11T19:05:53.218950Z,25mbit,10mbit,800kbit,set_embb_25mbit,urllc_rtt=0.384,0,0,0,90.10968208312988,0.3844261169433594,0.19979476928710938
2025-12-11T19:05:53.719299Z,25mbit,10mbit,800kbit,none,,0,0,0,0.3459453582763672,0.3844261169433594,0.1888751983642578
2025-12-11T19:05:54.682898Z,25mbit,10mbit,800kbit,none,,0,0,0,0.46248435974121094,0.3844261169433594,0.2178192138671875
2025-12-11T19:05:54.718987Z,25mbit,10mbit,800kbit,none,,0,0,0,0.4313468933105469,0.3844261169433594,0.22268295288085938
2025-12-11T19:05:55.219553Z,25mbit,10mbit,800kbit,none,,0,0,0,0.4364490509033203,0.3792285919189453,0.20122528076171875
2025-12-11T19:05:55.719716Z,25mbit,10mbit,800kbit,none,,0,0,0,0.4242897033691406,0.18448829650878906,0.2064228057861328
2025-12-11T19:05:56.443119Z,25mbit,10mbit,800kbit,none,,0,0,0,0.40841102600097656,0.18448829650878906,0.23941993713378906
2025-12-11T19:05:56.719268Z,50mbit,10mbit,800kbit,restore_embb_50mbit,urllc stable,0,0,0,0.29320716857910156,0.1674652099609375,0.203704833984375
2025-12-11T19:05:57.219744Z,50mbit,10mbit,800kbit,none,,0,0,0,0.29811859130859375,0.15573501586914062,0.19578933715820312
2025-12-11T19:05:57.718961Z,50mbit,10mbit,800kbit,none,,0,0,0,0.2918720245361328,0.14481544494628906,0.20084381103515625
2025-12-11T19:05:58.219592Z,50mbit,10mbit,800kbit,none,,0,0,0,0.2879619598388672,0.14481544494628906,0.200653076171875
2025-12-11T19:05:58.719198Z,50mbit,10mbit,800kbit,none,,0,0,0,0.29082298278808594,0.14944076538085938,0.1636981964111328
2025-12-11T19:05:59.219064Z,50mbit,10mbit,800kbit,none,,0,0,0,0.2963066101074219,0.1522541046142578,0.16565322875976562
2025-12-11T19:05:59.719268Z,50mbit,10mbit,800kbit,none,,0,0,0,0.3108501434326172,0.1525402069091797,0.16469955444335938
2025-12-11T19:06:00.219532Z,50mbit,10mbit,800kbit,none,,0,0,0,0.3376007080078125,0.15726089477539062,0.1609325408935547
2025-12-11T19:06:00.719198Z,50mbit,10mbit,800kbit,none,,0,0,0,0.34928321838378906,0.1598834991455078,0.15392303466796875
2025-12-11T19:06:01.219011Z,50mbit,10mbit,800kbit,none,,0,0,0,0.3509521484375,0.15745162963867188,0.15120506286621094
2025-12-11T19:06:01.719119Z,50mbit,10mbit,800kbit,none,,0,0,0,0.3609180450439453,0.1529216766357422,0.14472007751464844
2025-12-11T19:06:02.219082Z,50mbit,10mbit,800kbit,none,,0,0,0,0.34618377685546875,0.15997886657714844,0.14886856079101562
2025-12-11T19:06:02.719197Z,50mbit,10mbit,800kbit,none,,0,0,0,0.3348350524902344,0.15664100646972656,0.14700889587402344
2025-12-11T19:06:03.219122Z,50mbit,10mbit,800kbit,none,,0,0,0,0.3291606903076172,0.15664100646972656,0.16989707946777344
2025-12-11T19:06:03.719414Z,50mbit,10mbit,800kbit,none,,0,0,0,0.3314971923828125,0.164794921875,0.1911640167236328
2025-12-11T19:06:04.219307Z,50mbit,10mbit,800kbit,none,,0,0,0,12.74724006652832,0.17867088317871094,0.20170211791992188
2025-12-11T19:06:04.718970Z,50mbit,10mbit,800kbit,none,,0,0,0,12.75629997253418,0.18253326416015625,0.2017974853515625
2025-12-11T19:06:05.219464Z,50mbit,10mbit,800kbit,none,,0,0,0,54.14915084838867,0.1857757568359375,0.2216815948486328
2025-12-11T19:06:05.718789Z,50mbit,10mbit,800kbit,none,,0,0,0,54.15463447570801,0.18978118896484375,0.2216815948486328
2025-12-11T19:06:06.368147Z,50mbit,10mbit,800kbit,none,,0,0,0,54.143428802490234,0.18978118896484375,0.20275115966796875
2025-12-11T19:06:06.719215Z,50mbit,10mbit,800kbit,none,,0,0,0,41.7177677154541,0.17752647399902344,0.1842975616455078
2025-12-11T19:06:07.218971Z,50mbit,10mbit,800kbit,none,,0,0,0,62.32881546020508,0.19288063049316406,0.18601417541503906
2025-12-11T19:06:07.719040Z,50mbit,10mbit,800kbit,none,,0,0,0,20.981121063232422,0.2071380615234375,0.18758773803710938
2025-12-11T19:06:08.219321Z,50mbit,10mbit,800kbit,none,,0,0,0,33.36610794067383,0.2071380615234375,0.17442703247070312
2025-12-11T19:06:08.719143Z,50mbit,10mbit,800kbit,none,,0,0,0,33.38170051574707,0.2071380615234375,0.1736164093017578
2025-12-11T19:06:09.219373Z,50mbit,10mbit,800kbit,none,,0,0,0,101.76162719726562,0.20303726196289062,0.1736164093017578
2025-12-11T19:06:09.718827Z,50mbit,10mbit,800kbit,none,,0,0,0,81.14514350891113,0.1983642578125,0.171661376953125
2025-12-11T19:06:10.219073Z,10mbit,10mbit,800kbit,set_embb_10mbit,urllc_rtt=0.679,0,0,0,81.14514350891113,0.6793022155761719,0.21867752075195312
2025-12-11T19:06:11.489976Z,10mbit,10mbit,800kbit,none,,0,0,0,81.08501434326172,0.6793022155761719,0.2131938934326172
2025-12-11T19:06:11.991001Z,10mbit,10mbit,800kbit,none,,0,0,0,68.6927318572998,0.6474018096923828,0.205230712890625
2025-12-11T19:06:12.490389Z,10mbit,10mbit,800kbit,none,,0,0,0,68.68696212768555,0.6349563598632812,0.205230712890625
2025-12-11T19:06:12.990761Z,10mbit,10mbit,800kbit,none,,0,0,0,29.37164306640625,0.6470680236816406,0.21038055419921875
2025-12-11T19:06:13.490017Z,10mbit,10mbit,800kbit,none,,0,0,0,29.36239242553711,0.6469249725341797,0.21276473999023438
2025-12-11T19:06:13.990267Z,10mbit,10mbit,800kbit,none,,0,0,0,29.36239242553711,139.15419578552246,0.1834392547607422
2025-12-11T19:06:15.974772Z,10mbit,10mbit,800kbit,none,,0,0,0,29.353952407836914,139.15419578552246,0.18396377563476562
2025-12-11T19:06:16.475242Z,10mbit,10mbit,800kbit,none,,0,0,0,29.353952407836914,213.88721466064453,0.20580291748046875
2025-12-11T19:06:17.885029Z,10mbit,10mbit,800kbit,none,,0,0,0,29.335546493530273,213.89093399047852,0.19888877868652344
2025-12-11T19:06:18.385856Z,10mbit,10mbit,800kbit,none,,0,0,0,59.35463905334473,213.88392448425293,0.1979351043701172
2025-12-11T19:06:18.885453Z,10mbit,10mbit,800kbit,none,,0,0,0,30.28879165649414,213.88301849365234,0.1788616180419922
2025-12-11T19:06:19.385133Z,10mbit,10mbit,800kbit,none,,0,0,0,59.60817337036133,213.88301849365234,0.1800060272216797
2025-12-11T19:06:19.888261Z,10mbit,10mbit,800kbit,none,,0,0,0,59.63778495788574,74.91402626037598,0.1529693603515625
2025-12-11T19:06:20.385422Z,50mbit,10mbit,800kbit,restore_embb_50mbit,urllc stable,0,0,0,231.8638801574707,0.1904010772705078,0.16341209411621094
2025-12-11T19:06:21.252297Z,50mbit,10mbit,800kbit,none,,0,0,0,201.82695388793945,0.1774311065673828,0.16312599182128906
2025-12-11T19:06:22.062721Z,50mbit,10mbit,800kbit,none,,0,0,0,201.81708335876465,0.16274452209472656,0.1567840576171875
2025-12-11T19:06:22.252835Z,50mbit,10mbit,800kbit,none,,0,0,0,172.52273559570312,0.17080307006835938,0.1567840576171875
2025-12-11T19:06:23.003086Z,50mbit,10mbit,800kbit,none,,0,0,0,172.5088596343994,0.16427040100097656,0.15659332275390625
2025-12-11T19:06:23.252689Z,50mbit,10mbit,800kbit,none,,0,0,0,0.3017902374267578,0.16427040100097656,0.168609619140625
2025-12-11T19:06:23.968091Z,50mbit,10mbit,800kbit,none,,0,0,0,0.30655860900878906,0.15382766723632812,0.16341209411621094
2025-12-11T19:06:24.252815Z,50mbit,10mbit,800kbit,none,,0,0,0,0.30646324157714844,0.15382766723632812,0.16837120056152344
2025-12-11T19:06:24.752866Z,50mbit,10mbit,800kbit,none,,0,0,0,0.2926826477050781,0.16689300537109375,0.1671314239501953
2025-12-11T19:06:25.253239Z,50mbit,10mbit,800kbit,none,,0,0,0,0.30231475830078125,0.16689300537109375,0.16613006591796875
2025-12-11T19:06:25.752932Z,50mbit,10mbit,800kbit,none,,0,0,0,0.3149986267089844,0.17671585083007812,0.16889572143554688
2025-12-11T19:06:26.252966Z,50mbit,10mbit,800kbit,none,,0,0,0,0.3173828125,0.1804828643798828,0.15654563903808594
2025-12-11T19:06:26.752520Z,50mbit,10mbit,800kbit,none,,0,0,0,0.31991004943847656,0.17104148864746094,0.1529216766357422
2025-12-11T19:06:27.252961Z,50mbit,10mbit,800kbit,none,,0,0,0,0.3177642822265625,0.17061233520507812,0.15783309936523438
2025-12-11T19:06:27.753239Z,50mbit,10mbit,800kbit,none,,0,0,0,0.3075122833251953,0.17061233520507812,0.1644611358642578
2025-12-11T19:06:28.252557Z,50mbit,10mbit,800kbit,none,,0,0,0,0.2930164337158203,0.17762184143066406,0.15630722045898438
2025-12-11T19:06:28.873430Z,50mbit,10mbit,800kbit,none,,0,0,0,0.31485557556152344,0.1774311065673828,0.15630722045898438
2025-12-11T19:06:29.253328Z,50mbit,10mbit,800kbit,none,,0,0,0,0.3298759460449219,0.17223358154296875,0.1663684844970703
2025-12-11T19:06:29.853121Z,50mbit,10mbit,800kbit,none,,0,0,0,0.3308296203613281,0.17676353454589844,0.1658916473388672
2025-12-11T19:06:30.253286Z,50mbit,10mbit,800kbit,none,,0,0,0,0.3388404846191406,0.17676353454589844,0.16202926635742188
2025-12-11T19:06:30.752522Z,50mbit,10mbit,800kbit,none,,0,0,0,24.097871780395508,0.18095970153808594,0.16164779663085938
2025-12-11T19:06:31.253381Z,50mbit,10mbit,800kbit,none,,0,0,0,24.082517623901367,0.1667499542236328,0.1662731170654297
2025-12-11T19:06:31.753302Z,50mbit,10mbit,800kbit,none,,0,0,0,39.68605995178223,0.1808643341064453,0.37369728088378906
2025-12-11T19:06:32.253157Z,50mbit,10mbit,800kbit,none,,0,0,0,39.67700004577637,0.17027854919433594,0.37360191345214844
2025-12-11T19:06:32.923663Z,50mbit,10mbit,800kbit,none,,0,0,0,39.69993591308594,0.2144336700439453,0.39839744567871094
2025-12-11T19:06:33.253075Z,50mbit,10mbit,800kbit,none,,0,0,0,15.939044952392578,0.21390914916992188,0.3876686096191406
2025-12-11T19:06:34.048128Z,50mbit,10mbit,800kbit,none,,0,0,0,15.936803817749023,0.2270221710205078,0.41718482971191406
2025-12-11T19:06:34.252647Z,50mbit,10mbit,800kbit,none,,0,0,0,0.32019615173339844,0.21905899047851562,0.20308494567871094
2025-12-11T19:06:34.753097Z,50mbit,10mbit,800kbit,none,,0,0,0,0.3272533416748047,0.21905899047851562,0.21715164184570312
2025-12-11T19:06:35.253133Z,50mbit,10mbit,800kbit,none,,0,0,0,0.3051280975341797,0.22759437561035156,0.21715164184570312
2025-12-11T19:06:35.753279Z,50mbit,10mbit,800kbit,none,,0,0,0,0.3135204315185547,0.17786026000976562,0.1918792724609375
2025-12-11T19:06:36.253020Z,50mbit,10mbit,800kbit,none,,0,0,0,0.3132820129394531,0.17786026000976562,0.1972675323486328
2025-12-11T19:06:36.753193Z,50mbit,10mbit,800kbit,none,,0,0,0,66.05377197265625,0.19807815551757812,0.17266273498535156
2025-12-11T19:06:37.252800Z,50mbit,10mbit,800kbit,none,,0,0,0,66.05463027954102,0.19807815551757812,0.1766204833984375
2025-12-11T19:06:37.752903Z,50mbit,10mbit,800kbit,none,,0,0,0,66.05916023254395,0.18930435180664062,0.15659332275390625
2025-12-11T19:06:38.253028Z,50mbit,10mbit,800kbit,none,,0,0,0,66.05796813964844,0.21185874938964844,0.15659332275390625
2025-12-11T19:06:38.752971Z,50mbit,10mbit,800kbit,none,,0,0,0,66.05744361877441,0.2074718475341797,0.1568317413330078
2025-12-11T19:06:39.253430Z,50mbit,10mbit,800kbit,none,,0,0,0,0.3211498260498047,0.2074718475341797,0.21715164184570312
2025-12-11T19:06:39.752552Z,10mbit,10mbit,800kbit,set_embb_10mbit,urllc_rtt=0.767,0,0,0,41.897010803222656,0.7673263549804688,0.3414154052734375
2025-12-11T19:06:40.252648Z,10mbit,10mbit,800kbit,none,,0,0,0,41.890811920166016,0.7466316223144531,0.3479957580566406
2025-12-11T19:06:40.752520Z,10mbit,10mbit,800kbit,none,,0,0,0,41.892099380493164,0.7406234741210938,0.3520488739013672
2025-12-11T19:06:41.253000Z,10mbit,10mbit,800kbit,none,,0,0,0,41.90959930419922,0.7044792175292969,0.3685951232910156
2025-12-11T19:06:41.753343Z,10mbit,10mbit,800kbit,none,,0,0,0,41.90220832824707,0.7081985473632812,0.3035545349121094
2025-12-11T19:06:42.253335Z,50mbit,10mbit,800kbit,restore_embb_50mbit,urllc stable,0,0,0,0.34317970275878906,0.1555919647216797,0.1644134521484375
2025-12-11T19:06:42.753074Z,50mbit,10mbit,800kbit,none,,0,0,0,0.33965110778808594,0.15268325805664062,0.15554428100585938
2025-12-11T19:06:43.252429Z,50mbit,10mbit,800kbit,none,,0,0,0,0.33240318298339844,0.1560211181640625,0.16050338745117188
2025-12-11T19:06:43.752970Z,50mbit,10mbit,800kbit,none,,0,0,0,0.32253265380859375,0.16160011291503906,0.1437664031982422
2025-12-11T19:06:44.252580Z,50mbit,10mbit,800kbit,none,,0,0,0,0.3326892852783203,0.15740394592285156,0.1522541046142578
2025-12-11T19:06:44.758214Z,50mbit,10mbit,800kbit,none,,0,0,0,0.3117561340332031,0.15740394592285156,0.1583576202392578
2025-12-11T19:06:45.253346Z,50mbit,10mbit,800kbit,none,,0,0,0,0.3235340118408203,0.1514911651611328,0.16384124755859375
2025-12-11T19:06:45.752919Z,50mbit,10mbit,800kbit,none,,0,0,0,19.003868103027344,0.1514911651611328,0.27027130126953125
2025-12-11T19:06:46.253104Z,50mbit,10mbit,800kbit,none,,0,0,0,19.007110595703125,0.1533031463623047,0.2701282501220703
2025-12-11T19:06:46.752509Z,50mbit,10mbit,800kbit,none,,0,0,0,82.74073600769043,0.16112327575683594,0.2701282501220703
2025-12-11T19:06:47.252376Z,50mbit,10mbit,800kbit,none,,0,0,0,82.73797035217285,0.16617774963378906,0.2701282501220703
2025-12-11T19:06:47.753273Z,25mbit,10mbit,800kbit,set_embb_25mbit,urllc_rtt=0.308,0,0,0,158.43467712402344,0.3078460693359375,0.2655029296875
2025-12-11T19:06:48.252967Z,25mbit,10mbit,800kbit,none,,0,0,0,139.75324630737305,0.3078460693359375,0.2685546875
2025-12-11T19:06:48.917580Z,25mbit,10mbit,800kbit,none,,0,0,0,139.74575996398926,0.305938720703125,0.2635002136230469
2025-12-11T19:06:49.252782Z,25mbit,10mbit,800kbit,none,,0,0,0,76.01146697998047,0.305938720703125,0.16160011291503906
2025-12-11T19:06:49.883285Z,25mbit,10mbit,800kbit,none,,0,0,0,76.01475715637207,0.305938720703125,0.6894588470458984
2025-12-11T19:06:50.252750Z,25mbit,10mbit,800kbit,none,,0,0,0,0.3066539764404297,0.305938720703125,0.6967544555664062
2025-12-11T19:06:50.843244Z,25mbit,10mbit,800kbit,none,,0,0,0,0.3067970275878906,0.3055572509765625,0.6909847259521484
2025-12-11T19:06:51.253281Z,25mbit,10mbit,800kbit,none,,0,0,0,0.3170490264892578,0.293731689453125,0.691986083984375
2025-12-11T19:06:51.752955Z,10mbit,10mbit,800kbit,set_embb_10mbit,urllc_rtt=91.364,0,0,0,0.3170490264892578,91.36362075805664,0.6913661956787109
2025-12-11T19:06:53.226925Z,10mbit,10mbit,800kbit,none,,0,0,0,0.3231525421142578,91.26968383789062,0.17027854919433594
2025-12-11T19:06:53.727537Z,10mbit,10mbit,800kbit,none,,0,0,0,0.3300666809082031,91.27464294433594,0.16393661499023438
2025-12-11T19:06:54.226971Z,10mbit,10mbit,800kbit,none,,0,0,0,93.02992820739746,91.2832260131836,0.159454345703125
2025-12-11T19:06:54.727437Z,10mbit,10mbit,800kbit,none,,0,0,0,93.02587509155273,91.2832260131836,0.16045570373535156
2025-12-11T19:06:55.227481Z,10mbit,10mbit,800kbit,none,,0,0,0,113.6228084564209,91.30358695983887,0.16303062438964844
2025-12-11T19:06:55.727773Z,10mbit,10mbit,800kbit,none,,0,0,0,113.61989974975586,91.30358695983887,0.16570091247558594
2025-12-11T19:06:56.227491Z,10mbit,10mbit,800kbit,none,,0,0,0,124.23744201660156,0.2499103546142578,0.1965045928955078
2025-12-11T19:06:56.727249Z,50mbit,10mbit,800kbit,restore_embb_50mbit,urllc stable,0,0,0,31.53853416442871,0.20737648010253906,0.2014636993408203
2025-12-11T19:06:57.227058Z,50mbit,10mbit,800kbit,none,,0,0,0,67.41108894348145,0.20737648010253906,0.23393630981445312
2025-12-11T19:06:57.727479Z,50mbit,10mbit,800kbit,none,,0,0,0,46.82130813598633,0.2143383026123047,0.2254009246826172
2025-12-11T19:06:58.227218Z,50mbit,10mbit,800kbit,none,,0,0,0,105.56187629699707,0.23260116577148438,0.26226043701171875
2025-12-11T19:06:58.727284Z,50mbit,10mbit,800kbit,none,,0,0,0,94.94547843933105,0.22788047790527344,0.2228260040283203
2025-12-11T19:06:59.227180Z,50mbit,10mbit,800kbit,none,,0,0,0,145.7754135131836,0.21753311157226562,0.26874542236328125
2025-12-11T19:06:59.727642Z,50mbit,10mbit,800kbit,none,,0,0,0,109.92131233215332,0.21462440490722656,0.25696754455566406
2025-12-11T19:07:00.443056Z,25mbit,10mbit,800kbit,set_embb_25mbit,urllc_rtt=0.494,0,0,0,109.89632606506348,0.4937171936035156,0.2582550048828125
2025-12-11T19:07:00.727921Z,25mbit,10mbit,800kbit,none,,0,0,0,51.15232467651367,0.46973228454589844,0.2139568328857422
2025-12-11T19:07:01.227395Z,25mbit,10mbit,800kbit,none,,0,0,0,87.95242309570312,0.46973228454589844,0.29506683349609375
2025-12-11T19:07:01.727826Z,25mbit,10mbit,800kbit,none,,0,0,0,37.122154235839844,0.4657268524169922,0.251007080078125
2025-12-11T19:07:02.226982Z,25mbit,10mbit,800kbit,none,,0,0,0,37.126874923706055,0.4576683044433594,0.23441314697265625
2025-12-11T19:07:02.727804Z,25mbit,10mbit,800kbit,none,,0,0,0,37.1455192565918,0.45647621154785156,0.2304553985595703
2025-12-11T19:07:03.227105Z,25mbit,10mbit,800kbit,none,,0,0,0,37.14437484741211,0.17070770263671875,0.2284526824951172
2025-12-11T19:07:03.727999Z,25mbit,10mbit,800kbit,none,,0,0,0,0.339508056640625,0.17414093017578125,0.2284526824951172
2025-12-11T19:07:04.228124Z,50mbit,10mbit,800kbit,restore_embb_50mbit,urllc stable,0,0,0,0.3365039825439453,0.16498565673828125,0.15578269958496094
2025-12-11T19:07:04.727241Z,50mbit,10mbit,800kbit,none,,0,0,0,0.3299713134765625,0.17337799072265625,0.156402587890625
2025-12-11T19:07:05.227099Z,50mbit,10mbit,800kbit,none,,0,0,0,11.056709289550781,0.17876625061035156,0.1834392547607422
2025-12-11T19:07:05.727283Z,50mbit,10mbit,800kbit,none,,0,0,0,11.051416397094727,0.19440650939941406,0.18787384033203125
2025-12-11T19:07:06.227578Z,50mbit,10mbit,800kbit,none,,0,0,0,18.730831146240234,0.19440650939941406,0.20051002502441406
2025-12-11T19:07:06.727594Z,50mbit,10mbit,800kbit,none,,0,0,0,18.736934661865234,0.18701553344726562,0.2276897430419922
2025-12-11T19:07:07.353285Z,50mbit,10mbit,800kbit,none,,0,0,0,18.738460540771484,0.18701553344726562,0.24280548095703125
2025-12-11T19:07:07.727653Z,50mbit,10mbit,800kbit,none,,0,0,0,7.999467849731445,0.18701553344726562,0.21071434020996094
2025-12-11T19:07:08.232816Z,50mbit,10mbit,800kbit,none,,0,0,0,8.251476287841797,0.18701553344726562,0.21567344665527344
2025-12-11T19:07:08.727652Z,50mbit,10mbit,800kbit,none,,0,0,0,0.563812255859375,0.21524429321289062,0.22668838500976562
2025-12-11T19:07:09.227109Z,50mbit,10mbit,800kbit,none,,0,0,0,0.5644321441650391,0.21524429321289062,0.19941329956054688
2025-12-11T19:07:09.727062Z,50mbit,10mbit,800kbit,none,,0,0,0,0.5497932434082031,0.19969940185546875,0.1903533935546875
2025-12-11T19:07:10.227087Z,50mbit,10mbit,800kbit,none,,0,0,0,27.415180206298828,0.19969940185546875,0.24771690368652344
2025-12-11T19:07:10.727167Z,50mbit,10mbit,800kbit,none,,0,0,0,27.171802520751953,0.19969940185546875,0.252532958984375
2025-12-11T19:07:11.227358Z,50mbit,10mbit,800kbit,none,,0,0,0,49.80463981628418,0.19969940185546875,0.4076957702636719
2025-12-11T19:07:11.727523Z,50mbit,10mbit,800kbit,none,,0,0,0,49.80134963989258,0.19059181213378906,0.40907859802246094
2025-12-11T19:07:12.227494Z,50mbit,10mbit,800kbit,none,,0,0,0,61.54041290283203,0.17385482788085938,0.4021167755126953
2025-12-11T19:07:12.727445Z,50mbit,10mbit,800kbit,none,,0,0,0,34.680795669555664,0.17528533935546875,0.3430366516113281
2025-12-11T19:07:13.228083Z,50mbit,10mbit,800kbit,none,,0,0,0,38.301992416381836,0.16884803771972656,0.3369331359863281
2025-12-11T19:07:13.727092Z,50mbit,10mbit,800kbit,none,,0,0,0,15.677309036254883,0.16803741455078125,0.16274452209472656
2025-12-11T19:07:14.388890Z,50mbit,10mbit,800kbit,none,,0,0,0,15.672874450683594,0.17080307006835938,0.16126632690429688
2025-12-11T19:07:14.727253Z,50mbit,10mbit,800kbit,none,,0,0,0,3.9284706115722656,0.1689910888671875,0.1616954803466797
2025-12-11T19:07:15.483596Z,50mbit,10mbit,800kbit,none,,0,0,0,4.190492630004883,0.1689910888671875,0.1739978790283203
2025-12-11T19:07:15.727040Z,50mbit,10mbit,800kbit,none,,0,0,0,0.5595207214355469,0.1689910888671875,0.16717910766601562
2025-12-11T19:07:16.227088Z,50mbit,10mbit,800kbit,none,,0,0,0,0.5559444427490234,0.179290771484375,0.1636981964111328
2025-12-11T19:07:16.727228Z,50mbit,10mbit,800kbit,none,,0,0,0,0.5603313446044922,0.15668869018554688,0.16679763793945312
2025-12-11T19:07:17.712615Z,50mbit,10mbit,800kbit,none,,0,0,0,0.5650043487548828,0.1540660858154297,0.16694068908691406
2025-12-11T19:07:17.727103Z,50mbit,10mbit,800kbit,none,,0,0,0,0.3033638000488281,0.17671585083007812,0.17108917236328125
2025-12-11T19:07:18.227789Z,50mbit,10mbit,800kbit,none,,0,0,0,0.29582977294921875,0.1793384552001953,0.17528533935546875
2025-12-11T19:07:18.727015Z,50mbit,10mbit,800kbit,none,,0,0,0,0.2984046936035156,0.1937389373779297,0.18339157104492188
2025-12-11T19:07:19.227177Z,50mbit,10mbit,800kbit,none,,0,0,0,0.3033638000488281,0.20341873168945312,0.1827239990234375
2025-12-11T19:07:19.727939Z,50mbit,10mbit,800kbit,none,,0,0,0,0.3139495849609375,0.21805763244628906,0.1857757568359375
2025-12-11T19:07:20.227816Z,50mbit,10mbit,800kbit,none,,0,0,0,0.31585693359375,0.19817352294921875,0.1766204833984375
2025-12-11T19:07:20.727967Z,50mbit,10mbit,800kbit,none,,0,0,0,0.32715797424316406,0.19578933715820312,0.17066001892089844
2025-12-11T19:07:21.227173Z,50mbit,10mbit,800kbit,none,,0,0,0,0.3258705139160156,0.1739978790283203,0.16264915466308594
2025-12-11T19:07:21.727135Z,50mbit,10mbit,800kbit,none,,0,0,0,0.32219886779785156,0.1739978790283203,0.164794921875
2025-12-11T19:07:22.227944Z,50mbit,10mbit,800kbit,none,,0,0,0,0.32596588134765625,0.1739978790283203,0.16088485717773438
2025-12-11T19:07:22.727552Z,50mbit,10mbit,800kbit,none,,0,0,0,0.33898353576660156,0.1613140106201172,0.16336441040039062
2025-12-11T19:07:23.234818Z,50mbit,10mbit,800kbit,none,,0,0,0,0.33416748046875,0.1583576202392578,0.16393661499023438
2025-12-11T19:07:23.727451Z,50mbit,10mbit,800kbit,none,,0,0,0,0.3325462341308594,0.1583576202392578,0.1732349395751953
2025-12-11T19:07:24.227160Z,50mbit,10mbit,800kbit,none,,0,0,0,0.6548881530761719,0.16188621520996094,0.17518997192382812
2025-12-11T19:07:24.728076Z,50mbit,10mbit,800kbit,none,,0,0,0,0.6358146667480469,0.16050338745117188,0.17328262329101562
2025-12-11T19:07:25.227119Z,50mbit,10mbit,800kbit,none,,0,0,0,0.6134986877441406,0.16222000122070312,0.1582622528076172
2025-12-11T19:07:25.727413Z,50mbit,10mbit,800kbit,none,,0,0,0,0.61492919921875,0.16937255859375,0.17333030700683594
2025-12-11T19:07:26.227234Z,50mbit,10mbit,800kbit,none,,0,0,0,0.6123065948486328,0.16603469848632812,0.1522064208984375
2025-12-11T19:07:26.727692Z,50mbit,10mbit,800kbit,none,,0,0,0,0.2928733825683594,0.16570091247558594,0.13794898986816406
2025-12-11T19:07:27.227393Z,50mbit,10mbit,800kbit,none,,0,0,0,0.3047466278076172,0.1674175262451172,0.13742446899414062
2025-12-11T19:07:27.727656Z,50mbit,10mbit,800kbit,none,,0,0,0,0.3147125244140625,0.16312599182128906,0.15344619750976562
2025-12-11T19:07:28.227301Z,50mbit,10mbit,800kbit,none,,0,0,0,16.008281707763672,0.15993118286132812,0.15287399291992188
2025-12-11T19:07:28.727853Z,50mbit,10mbit,800kbit,none,,0,0,0,16.01433753967285,0.16231536865234375,0.1567363739013672
2025-12-11T19:07:29.227570Z,50mbit,10mbit,800kbit,none,,0,0,0,19.617462158203125,0.1620769500732422,0.18215179443359375
2025-12-11T19:07:29.727145Z,50mbit,10mbit,800kbit,none,,0,0,0,19.619178771972656,0.1590728759765625,0.18262863159179688
2025-12-11T19:07:30.387905Z,50mbit,10mbit,800kbit,none,,0,0,0,19.616174697875977,0.1590728759765625,0.18033981323242188
2025-12-11T19:07:30.727400Z,50mbit,10mbit,800kbit,none,,0,0,0,3.9262771606445312,0.1590728759765625,0.16717910766601562
2025-12-11T19:07:31.803194Z,50mbit,10mbit,800kbit,none,,0,0,0,131.24775886535645,0.180816650390625,0.2357006072998047
2025-12-11T19:07:32.444702Z,50mbit,10mbit,800kbit,none,,0,0,0,127.70423889160156,0.182342529296875,0.2357006072998047
2025-12-11T19:07:33.403591Z,50mbit,10mbit,800kbit,none,,0,0,0,128.0893325805664,0.1926898956298828,0.21882057189941406
2025-12-11T19:07:33.445235Z,50mbit,10mbit,800kbit,none,,0,0,0,128.07602882385254,0.19407272338867188,0.21309852600097656
2025-12-11T19:07:33.945541Z,50mbit,10mbit,800kbit,none,,0,0,0,155.12471199035645,0.19407272338867188,0.2136707305908203
2025-12-11T19:07:34.445534Z,50mbit,10mbit,800kbit,none,,0,0,0,27.806901931762695,0.20546913146972656,0.21257400512695312
2025-12-11T19:07:34.945482Z,50mbit,10mbit,800kbit,none,,0,0,0,47.65653610229492,0.19125938415527344,0.1590251922607422
2025-12-11T19:07:35.445522Z,50mbit,10mbit,800kbit,none,,0,0,0,47.261905670166016,0.19125938415527344,0.15878677368164062
2025-12-11T19:07:35.945227Z,50mbit,10mbit,800kbit,none,,0,0,0,66.35708808898926,0.1911640167236328,0.16112327575683594
2025-12-11T19:07:36.445580Z,50mbit,10mbit,800kbit,none,,0,0,0,39.3000602722168,0.1911640167236328,0.15316009521484375
2025-12-11T19:07:36.945312Z,50mbit,10mbit,800kbit,none,,0,0,0,52.33049392700195,0.20685195922851562,0.167083740234375
2025-12-11T19:07:37.444969Z,50mbit,10mbit,800kbit,none,,0,0,0,32.41558074951172,0.2109050750732422,0.17633438110351562
2025-12-11T19:07:37.945249Z,50mbit,10mbit,800kbit,none,,0,0,0,91.87402725219727,0.2109050750732422,0.1857757568359375
2025-12-11T19:07:38.445219Z,50mbit,10mbit,800kbit,none,,0,0,0,72.79181480407715,0.222015380859375,0.19578933715820312
2025-12-11T19:07:38.945801Z,50mbit,10mbit,800kbit,none,,0,0,0,128.83119583129883,0.2293109893798828,0.19845962524414062
2025-12-11T19:07:39.445465Z,50mbit,10mbit,800kbit,none,,0,0,0,115.7961368560791,0.2273082733154297,0.1839160919189453
2025-12-11T19:07:39.945396Z,50mbit,10mbit,800kbit,none,,0,0,0,168.89920234680176,0.20771026611328125,0.17242431640625
2025-12-11T19:07:40.445355Z,50mbit,10mbit,800kbit,none,,0,0,0,109.45162773132324,0.20041465759277344,0.16188621520996094
2025-12-11T19:07:41.197867Z,50mbit,10mbit,800kbit,none,,0,0,0,109.44199562072754,0.1800060272216797,0.16069412231445312
2025-12-11T19:07:41.445103Z,50mbit,10mbit,800kbit,none,,0,0,0,53.41482162475586,0.1689434051513672,0.1495838165283203
2025-12-11T19:07:41.945271Z,50mbit,10mbit,800kbit,none,,0,0,0,100.58598518371582,0.1766204833984375,0.1495838165283203
2025-12-11T19:07:42.445039Z,50mbit,10mbit,800kbit,none,,0,0,0,47.48697280883789,0.17762184143066406,0.15506744384765625
2025-12-11T19:07:42.945364Z,50mbit,10mbit,800kbit,none,,0,0,0,90.71097373962402,0.17762184143066406,0.16422271728515625
2025-12-11T19:07:43.445376Z,50mbit,10mbit,800kbit,none,,0,0,0,90.72823524475098,0.19702911376953125,0.17480850219726562
2025-12-11T19:07:43.945156Z,50mbit,10mbit,800kbit,none,,0,0,0,157.9035758972168,0.2224445343017578,0.18529891967773438
2025-12-11T19:07:44.445031Z,50mbit,10mbit,800kbit,none,,0,0,0,110.73908805847168,0.2377033233642578,0.19884109497070312
2025-12-11T19:07:45.243443Z,50mbit,10mbit,800kbit,none,,0,0,0,110.73212623596191,0.22649765014648438,0.18749237060546875
2025-12-11T19:07:45.445246Z,50mbit,10mbit,800kbit,none,,0,0,0,67.50192642211914,0.20623207092285156,0.17147064208984375
2025-12-11T19:07:45.945373Z,50mbit,10mbit,800kbit,none,,0,0,0,67.50192642211914,0.20623207092285156,3.4065723419189453
2025-12-11T19:07:46.445070Z,50mbit,10mbit,800kbit,none,,0,0,0,67.48828887939453,0.20623207092285156,3.3957481384277344
2025-12-11T19:07:46.945610Z,50mbit,10mbit,800kbit,none,,0,0,0,106.52179718017578,0.20623207092285156,3.3979415893554688
2025-12-11T19:07:47.480464Z,50mbit,10mbit,800kbit,none,,0,0,0,106.50157928466797,0.20623207092285156,3.406667709350586
2025-12-11T19:07:48.823229Z,50mbit,10mbit,800kbit,none,,0,0,0,222.11909294128418,0.24428367614746094,3.418445587158203
2025-12-11T19:07:49.405162Z,50mbit,10mbit,800kbit,none,,0,0,0,222.10125923156738,0.2231597900390625,0.1656055450439453
2025-12-11T19:07:49.906242Z,50mbit,10mbit,800kbit,none,,0,0,0,317.171049118042,0.22134780883789062,0.1658916473388672
2025-12-11T19:07:50.405262Z,50mbit,10mbit,800kbit,none,,0,0,0,211.11493110656738,0.22153854370117188,0.15769004821777344
2025-12-11T19:07:50.906116Z,50mbit,10mbit,800kbit,none,,0,0,0,236.9563102722168,0.2379894256591797,0.17442703247070312
2025-12-11T19:07:51.405902Z,50mbit,10mbit,800kbit,none,,0,0,0,121.34294509887695,0.1723766326904297,0.18243789672851562
2025-12-11T19:07:52.603292Z,50mbit,10mbit,800kbit,none,,0,0,0,122.03984260559082,0.1723766326904297,0.20990371704101562
2025-12-11T19:07:52.610181Z,50mbit,10mbit,800kbit,none,,0,0,0,26.957368850708008,0.1900196075439453,0.2132415771484375
2025-12-11T19:07:53.263128Z,50mbit,10mbit,800kbit,none,,0,0,0,26.80683135986328,0.17976760864257812,0.20775794982910156
2025-12-11T19:07:53.610591Z,50mbit,10mbit,800kbit,none,,0,0,0,0.9784221649169922,0.17800331115722656,0.20618438720703125
2025-12-11T19:07:54.111267Z,50mbit,10mbit,800kbit,none,,0,0,0,25.87265968322754,0.1717090606689453,0.20589828491210938
2025-12-11T19:07:54.610674Z,50mbit,10mbit,800kbit,none,,0,0,0,25.189685821533203,0.2079486846923828,0.1952648162841797
2025-12-11T19:07:55.222880Z,50mbit,10mbit,800kbit,none,,0,0,0,25.20008087158203,0.18591880798339844,0.19025802612304688
2025-12-11T19:07:55.610922Z,50mbit,10mbit,800kbit,none,,0,0,0,25.191164016723633,0.18072128295898438,0.20189285278320312
2025-12-11T19:07:56.110233Z,10mbit,10mbit,800kbit,set_embb_10mbit,urllc_rtt=0.663,0,0,0,43.5549259185791,0.6630897521972656,0.201416015625
2025-12-11T19:07:56.610263Z,10mbit,10mbit,800kbit,none,,0,0,0,18.654441833496094,0.6592750549316406,0.1857280731201172
2025-12-11T19:07:57.403489Z,10mbit,10mbit,800kbit,none,,0,0,0,18.6556339263916,0.6371021270751953,0.17905235290527344
2025-12-11T19:07:57.610385Z,10mbit,10mbit,800kbit,none,,0,0,0,18.669939041137695,0.6445884704589844,0.17905235290527344
2025-12-11T19:07:58.110810Z,10mbit,10mbit,800kbit,none,,0,0,0,73.46415519714355,0.6445884704589844,0.1915454864501953
2025-12-11T19:07:58.610557Z,10mbit,10mbit,800kbit,none,,0,0,0,55.09438514709473,0.6406307220458984,0.18553733825683594
2025-12-11T19:07:59.403190Z,10mbit,10mbit,800kbit,none,,0,0,0,55.1030158996582,0.6406307220458984,0.177764892578125
2025-12-11T19:07:59.611001Z,50mbit,10mbit,800kbit,restore_embb_50mbit,urllc stable,0,0,0,55.10106086730957,0.15692710876464844,0.177764892578125
2025-12-11T19:08:00.473486Z,50mbit,10mbit,800kbit,none,,0,0,0,55.089759826660156,0.16264915466308594,0.1769542694091797
2025-12-11T19:08:00.610575Z,50mbit,10mbit,800kbit,none,,0,0,0,0.2918720245361328,0.15974044799804688,0.1728057861328125
2025-12-11T19:08:01.110220Z,50mbit,10mbit,800kbit,none,,0,0,0,51.45153999328613,0.15878677368164062,0.16279220581054688
2025-12-11T19:08:01.610754Z,50mbit,10mbit,800kbit,none,,0,0,0,51.45277976989746,0.15878677368164062,0.16427040100097656
2025-12-11T19:08:02.110790Z,50mbit,10mbit,800kbit,none,,0,0,0,100.27322769165039,0.15878677368164062,0.1704692840576172
2025-12-11T19:08:02.610772Z,50mbit,10mbit,800kbit,none,,0,0,0,100.26850700378418,0.15878677368164062,0.18911361694335938
2025-12-11T19:08:03.355180Z,50mbit,10mbit,800kbit,none,,0,0,0,100.2859115600586,0.15878677368164062,0.1972675323486328
2025-12-11T19:08:03.610506Z,50mbit,10mbit,800kbit,none,,0,0,0,49.12910461425781,0.15878677368164062,0.1965045928955078
2025-12-11T19:08:04.443130Z,50mbit,10mbit,800kbit,none,,0,0,0,49.12238121032715,0.1605987548828125,0.20623207092285156
2025-12-11T19:08:04.611034Z,50mbit,10mbit,800kbit,none,,0,0,0,0.3045082092285156,0.16603469848632812,0.19073486328125
2025-12-11T19:08:05.408554Z,50mbit,10mbit,800kbit,none,,0,0,0,0.31604766845703125,0.1674175262451172,0.17328262329101562
2025-12-11T19:08:05.610555Z,50mbit,10mbit,800kbit,none,,0,0,0,0.29754638671875,0.1624584197998047,0.1636981964111328
2025-12-11T19:08:06.114204Z,50mbit,10mbit,800kbit,none,,0,0,0,0.29754638671875,0.1624584197998047,0.1636981964111328
2025-12-11T19:08:06.723652Z,50mbit,10mbit,800kbit,none,,0,0,0,17.869949340820312,0.160980224609375,0.16465187072753906
2025-12-11T19:08:07.637923Z,50mbit,10mbit,800kbit,none,,0,0,0,17.871665954589844,0.16164779663085938,0.17142295837402344
2025-12-11T19:08:07.724380Z,50mbit,10mbit,800kbit,none,,0,0,0,17.876625061035156,0.16164779663085938,0.1746654510498047
2025-12-11T19:08:08.224171Z,50mbit,10mbit,800kbit,none,,0,0,0,93.25761795043945,0.1746654510498047,0.17490386962890625
2025-12-11T19:08:08.724120Z,50mbit,10mbit,800kbit,none,,0,0,0,93.24922561645508,0.1671314239501953,0.1777172088623047
2025-12-11T19:08:09.224331Z,50mbit,10mbit,800kbit,none,,0,0,0,179.93555068969727,0.18401145935058594,0.1759052276611328
2025-12-11T19:08:09.749596Z,50mbit,10mbit,800kbit,none,,0,0,0,179.9156665802002,0.18091201782226562,0.16450881958007812
2025-12-11T19:08:10.323180Z,50mbit,10mbit,800kbit,none,,0,0,0,179.91414070129395,0.18091201782226562,0.1720428466796875
2025-12-11T19:08:10.750023Z,50mbit,10mbit,800kbit,none,,0,0,0,104.52761650085449,0.18329620361328125,0.1678943634033203
2025-12-11T19:08:11.250251Z,50mbit,10mbit,800kbit,none,,0,0,0,119.70629692077637,0.18329620361328125,0.21147727966308594
2025-12-11T19:08:11.750186Z,50mbit,10mbit,800kbit,none,,0,0,0,15.448188781738281,0.18329620361328125,0.20995140075683594
2025-12-11T19:08:12.250028Z,50mbit,10mbit,800kbit,none,,0,0,0,15.465879440307617,0.16760826110839844,0.20360946655273438
2025-12-11T19:08:12.750054Z,50mbit,10mbit,800kbit,none,,0,0,0,15.465068817138672,0.1663684844970703,0.19655227661132812
2025-12-11T19:08:13.250309Z,50mbit,10mbit,800kbit,none,,0,0,0,15.465354919433594,0.1663684844970703,0.20875930786132812
2025-12-11T19:08:13.750318Z,50mbit,10mbit,800kbit,none,,0,0,0,0.2999305725097656,0.1503467559814453,0.1670360565185547
2025-12-11T19:08:14.250392Z,50mbit,10mbit,800kbit,none,,0,0,0,0.3009796142578125,0.15115737915039062,0.16489028930664062
2025-12-11T19:08:14.750408Z,50mbit,10mbit,800kbit,none,,0,0,0,0.3071784973144531,0.14848709106445312,0.17795562744140625
2025-12-11T19:08:15.250429Z,50mbit,10mbit,800kbit,none,,0,0,0,0.31180381774902344,0.14848709106445312,0.1759052276611328
2025-12-11T19:08:15.750298Z,50mbit,10mbit,800kbit,none,,0,0,0,0.3078460693359375,0.14848709106445312,0.16536712646484375
2025-12-11T19:08:16.603923Z,50mbit,10mbit,800kbit,none,,0,0,0,0.29969215393066406,0.14848709106445312,0.16326904296875
2025-12-11T19:08:16.749971Z,50mbit,10mbit,800kbit,none,,0,0,0,0.298309326171875,0.16012191772460938,0.1651287078857422
2025-12-11T19:08:17.250016Z,50mbit,10mbit,800kbit,none,,0,0,0,0.3307819366455078,0.16012191772460938,0.1553058624267578
2025-12-11T19:08:17.750766Z,50mbit,10mbit,800kbit,none,,0,0,0,0.31681060791015625,0.16508102416992188,0.17538070678710938
2025-12-11T19:08:18.250311Z,50mbit,10mbit,800kbit,none,,0,0,0,19.037246704101562,0.16770362854003906,0.1719951629638672
2025-12-11T19:08:18.750128Z,50mbit,10mbit,800kbit,none,,0,0,0,19.038009643554688,0.16770362854003906,0.17852783203125
2025-12-11T19:08:19.333001Z,50mbit,10mbit,800kbit,none,,0,0,0,19.03986930847168,0.1731395721435547,0.17681121826171875
2025-12-11T19:08:19.750405Z,50mbit,10mbit,800kbit,none,,0,0,0,19.0152645111084,0.17862319946289062,0.18987655639648438
2025-12-11T19:08:20.432233Z,50mbit,10mbit,800kbit,none,,0,0,0,19.017982482910156,0.17266273498535156,0.16736984252929688
2025-12-11T19:08:20.750000Z,50mbit,10mbit,800kbit,none,,0,0,0,0.29501914978027344,0.1728057861328125,0.1857280731201172
2025-12-11T19:08:21.398424Z,50mbit,10mbit,800kbit,none,,0,0,0,0.3154754638671875,0.1728057861328125,0.17981529235839844
2025-12-11T19:08:21.750493Z,50mbit,10mbit,800kbit,none,,0,0,0,0.3215312957763672,0.1728057861328125,0.18095970153808594
2025-12-11T19:08:22.250549Z,50mbit,10mbit,800kbit,none,,0,0,0,22.281980514526367,0.1728057861328125,0.19669532775878906
2025-12-11T19:08:22.750048Z,50mbit,10mbit,800kbit,none,,0,0,0,22.283935546875,0.17294883728027344,0.19669532775878906
2025-12-11T19:08:23.250502Z,50mbit,10mbit,800kbit,none,,0,0,0,126.46784782409668,0.17027854919433594,0.2274036407470703
2025-12-11T19:08:23.774832Z,50mbit,10mbit,800kbit,none,,0,0,0,126.62601470947266,0.17027854919433594,0.4437446594238281
2025-12-11T19:08:24.275246Z,10mbit,10mbit,800kbit,set_embb_10mbit,urllc_rtt=90.079,0,0,0,126.62601470947266,90.07940292358398,0.5146026611328125
2025-12-11T19:08:25.568362Z,10mbit,10mbit,800kbit,none,,0,0,0,126.6075611114502,90.08750915527344,0.7914543151855469
2025-12-11T19:08:26.069296Z,10mbit,10mbit,800kbit,none,,0,0,0,131.9040298461914,90.08731842041016,0.7914543151855469
2025-12-11T19:08:26.568827Z,10mbit,10mbit,800kbit,none,,0,0,0,131.89826011657715,90.08731842041016,0.7707595825195312
2025-12-11T19:08:27.197179Z,10mbit,10mbit,800kbit,none,,0,0,0,27.71921157836914,90.08469581604004,0.7393360137939453
2025-12-11T19:08:27.568900Z,10mbit,10mbit,800kbit,none,,0,0,0,27.538681030273438,90.08469581604004,0.5147457122802734
2025-12-11T19:08:28.069373Z,10mbit,10mbit,800kbit,none,,0,0,0,49.91106986999512,90.08469581604004,0.4452705383300781
2025-12-11T19:08:28.568528Z,10mbit,10mbit,800kbit,none,,0,0,0,22.635221481323242,90.08469581604004,0.1700878143310547
2025-12-11T19:08:29.068529Z,10mbit,10mbit,800kbit,none,,0,0,0,42.23771095275879,90.08269309997559,0.15587806701660156
2025-12-11T19:08:29.568838Z,50mbit,10mbit,800kbit,restore_embb_50mbit,urllc stable,0,0,0,42.23365783691406,0.16655921936035156,0.15735626220703125
2025-12-11T19:08:30.068525Z,50mbit,10mbit,800kbit,none,,0,0,0,100.51908493041992,0.16655921936035156,0.15397071838378906
2025-12-11T19:08:30.569058Z,50mbit,10mbit,800kbit,none,,0,0,0,78.1484603881836,0.16655921936035156,0.15511512756347656
2025-12-11T19:08:31.068479Z,50mbit,10mbit,800kbit,none,,0,0,0,90.8503532409668,0.19588470458984375,0.15201568603515625
2025-12-11T19:08:31.569012Z,50mbit,10mbit,800kbit,none,,0,0,0,71.25439643859863,0.23550987243652344,0.16198158264160156
2025-12-11T19:08:32.069038Z,50mbit,10mbit,800kbit,none,,0,0,0,129.63871955871582,0.23550987243652344,0.17309188842773438
2025-12-11T19:08:32.568616Z,50mbit,10mbit,800kbit,none,,0,0,0,71.36044502258301,0.23822784423828125,0.17309188842773438
2025-12-11T19:08:33.343372Z,50mbit,10mbit,800kbit,none,,0,0,0,71.38028144836426,0.23822784423828125,0.17786026000976562
2025-12-11T19:08:33.568689Z,50mbit,10mbit,800kbit,none,,0,0,0,58.710575103759766,0.24013519287109375,0.1800537109375
2025-12-11T19:08:34.068957Z,50mbit,10mbit,800kbit,none,,0,0,0,111.45033836364746,0.24013519287109375,0.19025802612304688
2025-12-11T19:08:34.569227Z,50mbit,10mbit,800kbit,none,,0,0,0,53.06205749511719,0.24013519287109375,0.18515586853027344
2025-12-11T19:08:35.069393Z,50mbit,10mbit,800kbit,none,,0,0,0,102.31237411499023,0.2593994140625,0.19207000732421875
2025-12-11T19:08:35.568701Z,50mbit,10mbit,800kbit,none,,0,0,0,102.30636596679688,0.2593994140625,0.1926898956298828
2025-12-11T19:08:36.069526Z,25mbit,10mbit,800kbit,set_embb_25mbit,urllc_rtt=0.426,0,0,0,176.60422325134277,0.42595863342285156,0.19164085388183594
2025-12-11T19:08:36.568994Z,25mbit,10mbit,800kbit,none,,0,0,0,123.86031150817871,0.42595863342285156,0.18677711486816406
2025-12-11T19:08:37.069040Z,25mbit,10mbit,800kbit,none,,0,0,0,191.1407470703125,0.3829479217529297,0.19216537475585938
2025-12-11T19:08:37.568913Z,25mbit,10mbit,800kbit,none,,0,0,0,141.88942909240723,0.38661956787109375,0.17747879028320312
2025-12-11T19:08:38.068584Z,25mbit,10mbit,800kbit,none,,0,0,0,200.45409202575684,0.38661956787109375,0.17290115356445312
2025-12-11T19:08:38.568605Z,25mbit,10mbit,800kbit,none,,0,0,0,126.12485885620117,0.38313865661621094,0.17442703247070312
2025-12-11T19:08:39.068503Z,25mbit,10mbit,800kbit,none,,0,0,0,260.8806610107422,0.3925800323486328,0.17495155334472656
2025-12-11T19:08:39.745691Z,25mbit,10mbit,800kbit,none,,0,0,0,193.5899257659912,0.19392967224121094,0.17495155334472656
2025-12-11T19:08:40.473185Z,25mbit,10mbit,800kbit,none,,0,0,0,193.59679222106934,0.19288063049316406,0.17533302307128906
2025-12-11T19:08:40.746156Z,50mbit,10mbit,800kbit,restore_embb_50mbit,urllc stable,0,0,0,135.0320816040039,0.2002716064453125,0.17576217651367188
2025-12-11T19:08:41.563293Z,50mbit,10mbit,800kbit,none,,0,0,0,135.06760597229004,0.25496482849121094,0.171661376953125
2025-12-11T19:08:41.746036Z,50mbit,10mbit,800kbit,none,,0,0,0,0.3104209899902344,0.23670196533203125,0.16298294067382812
2025-12-11T19:08:42.246062Z,50mbit,10mbit,800kbit,none,,0,0,0,0.33593177795410156,0.23407936096191406,0.1590728759765625
2025-12-11T19:08:42.746049Z,50mbit,10mbit,800kbit,none,,0,0,0,0.32477378845214844,0.23708343505859375,0.15420913696289062
2025-12-11T19:08:43.293718Z,50mbit,10mbit,800kbit,none,,0,0,0,0.3170490264892578,0.2250194549560547,0.14123916625976562
2025-12-11T19:08:43.746579Z,50mbit,10mbit,800kbit,none,,0,0,0,0.28929710388183594,0.2250194549560547,0.14410018920898438
2025-12-11T19:08:44.246507Z,50mbit,10mbit,800kbit,none,,0,0,0,0.29959678649902344,0.1689910888671875,0.148773193359375
2025-12-11T19:08:44.745940Z,50mbit,10mbit,800kbit,none,,0,0,0,0.3022193908691406,0.1689910888671875,0.15745162963867188
2025-12-11T19:08:45.246101Z,50mbit,10mbit,800kbit,none,,0,0,0,31.238842010498047,0.16684532165527344,0.15211105346679688
2025-12-11T19:08:45.746080Z,50mbit,10mbit,800kbit,none,,0,0,0,31.241559982299805,0.17066001892089844,0.16527175903320312
2025-12-11T19:08:46.362960Z,50mbit,10mbit,800kbit,none,,0,0,0,31.238222122192383,0.16574859619140625,0.1628875732421875
2025-12-11T19:08:46.746752Z,50mbit,10mbit,800kbit,none,,0,0,0,31.23912811279297,0.15764236450195312,0.16078948974609375
2025-12-11T19:08:47.246370Z,50mbit,10mbit,800kbit,none,,0,0,0,111.2922191619873,0.16312599182128906,0.1610279083251953
2025-12-11T19:08:47.746367Z,50mbit,10mbit,800kbit,none,,0,0,0,80.35593032836914,0.157928466796875,0.1610279083251953
2025-12-11T19:08:48.246108Z,50mbit,10mbit,800kbit,none,,0,0,0,151.55878067016602,0.15249252319335938,0.1739025115966797
2025-12-11T19:08:48.746560Z,50mbit,10mbit,800kbit,none,,0,0,0,151.5517234802246,0.15230178833007812,0.17104148864746094
2025-12-11T19:08:49.246857Z,50mbit,10mbit,800kbit,none,,0,0,0,170.36585807800293,0.1979827880859375,0.17104148864746094
2025-12-11T19:08:49.746742Z,50mbit,10mbit,800kbit,none,,0,0,0,90.30814170837402,0.1949787139892578,0.17104148864746094
2025-12-11T19:08:50.323345Z,50mbit,10mbit,800kbit,none,,0,0,0,90.31357765197754,0.1938343048095703,0.16956329345703125
2025-12-11T19:08:50.746197Z,50mbit,10mbit,800kbit,none,,0,0,0,19.200563430786133,0.1938343048095703,0.17976760864257812
2025-12-11T19:08:51.246613Z,50mbit,10mbit,800kbit,none,,0,0,0,19.79694366455078,0.1938343048095703,0.18243789672851562
2025-12-11T19:08:51.746197Z,50mbit,10mbit,800kbit,none,,0,0,0,0.9766578674316406,0.18825531005859375,0.1770496368408203
2025-12-11T19:08:52.246066Z,50mbit,10mbit,800kbit,none,,0,0,0,38.91315460205078,0.23527145385742188,0.1850605010986328
2025-12-11T19:08:52.746682Z,50mbit,10mbit,800kbit,none,,0,0,0,38.91324996948242,0.19254684448242188,0.182342529296875
2025-12-11T19:08:53.246404Z,50mbit,10mbit,800kbit,none,,0,0,0,93.76063346862793,0.20041465759277344,0.182342529296875
2025-12-11T19:08:53.746020Z,50mbit,10mbit,800kbit,none,,0,0,0,93.17855834960938,0.20360946655273438,0.1713275909423828
2025-12-11T19:08:54.246850Z,50mbit,10mbit,800kbit,none,,0,0,0,153.94291877746582,0.2086639404296875,0.15401840209960938
2025-12-11T19:08:54.746429Z,50mbit,10mbit,800kbit,none,,0,0,0,116.00089073181152,0.1731395721435547,0.1545429229736328
2025-12-11T19:08:55.246855Z,50mbit,10mbit,800kbit,none,,0,0,0,163.92769813537598,0.1842021942138672,0.13837814331054688
2025-12-11T19:08:55.746368Z,50mbit,10mbit,800kbit,none,,0,0,0,109.00592803955078,0.17867088317871094,0.15325546264648438
2025-12-11T19:08:56.246080Z,50mbit,10mbit,800kbit,none,,0,0,0,180.0562858581543,0.18110275268554688,0.14967918395996094
2025-12-11T19:08:56.746249Z,50mbit,10mbit,800kbit,none,,0,0,0,119.29726600646973,0.17228126525878906,0.15411376953125
2025-12-11T19:08:57.568379Z,50mbit,10mbit,800kbit,none,,0,0,0,119.80085372924805,0.17871856689453125,0.1536846160888672
2025-12-11T19:08:57.746002Z,50mbit,10mbit,800kbit,none,,0,0,0,71.87256813049316,0.17189979553222656,0.16260147094726562
2025-12-11T19:08:58.543164Z,50mbit,10mbit,800kbit,none,,0,0,0,71.85544967651367,0.17104148864746094,0.1709461212158203
2025-12-11T19:08:58.745934Z,50mbit,10mbit,800kbit,none,,0,0,0,0.7915973663330078,0.16498565673828125,0.18362998962402344
2025-12-11T19:08:59.246354Z,50mbit,10mbit,800kbit,none,,0,0,0,0.78125,0.1682758331298828,0.18792152404785156
2025-12-11T19:08:59.745805Z,50mbit,10mbit,800kbit,none,,0,0,0,0.28247833251953125,0.14815330505371094,0.18358230590820312
2025-12-11T19:09:00.246642Z,50mbit,10mbit,800kbit,none,,0,0,0,0.2858161926269531,0.15664100646972656,0.18067359924316406
2025-12-11T19:09:00.746481Z,50mbit,10mbit,800kbit,none,,0,0,0,0.28624534606933594,0.15316009521484375,0.18067359924316406
2025-12-11T19:09:01.245962Z,50mbit,10mbit,800kbit,none,,0,0,0,31.343889236450195,0.17380714416503906,0.1595020294189453
2025-12-11T19:09:01.746550Z,50mbit,10mbit,800kbit,none,,0,0,0,31.359291076660156,0.16937255859375,0.1595020294189453
2025-12-11T19:09:02.246406Z,50mbit,10mbit,800kbit,none,,0,0,0,31.382226943969727,0.1784801483154297,0.1578807830810547
2025-12-11T19:09:02.746347Z,50mbit,10mbit,800kbit,none,,0,0,0,31.37965202331543,0.17080307006835938,0.1506805419921875
2025-12-11T19:09:03.643322Z,50mbit,10mbit,800kbit,none,,0,0,0,31.38723373413086,0.18434524536132812,0.16312599182128906
2025-12-11T19:09:03.746472Z,50mbit,10mbit,800kbit,none,,0,0,0,0.33583641052246094,0.18434524536132812,0.1644611358642578
2025-12-11T19:09:04.246243Z,50mbit,10mbit,800kbit,none,,0,0,0,19.340944290161133,0.17027854919433594,0.1682281494140625
2025-12-11T19:09:04.746759Z,50mbit,10mbit,800kbit,none,,0,0,0,19.316482543945312,0.17027854919433594,0.16126632690429688
2025-12-11T19:09:05.323340Z,50mbit,10mbit,800kbit,none,,0,0,0,19.327688217163086,0.17027854919433594,0.16427040100097656
2025-12-11T19:09:05.746253Z,50mbit,10mbit,800kbit,none,,0,0,0,19.337177276611328,0.1743316650390625,0.16040802001953125
2025-12-11T19:09:06.312760Z,50mbit,10mbit,800kbit,none,,0,0,0,19.340991973876953,0.1743316650390625,0.16765594482421875
2025-12-11T19:09:06.746012Z,50mbit,10mbit,800kbit,none,,0,0,0,0.9041786193847656,0.17457008361816406,0.17366409301757812
2025-12-11T19:09:07.246319Z,50mbit,10mbit,800kbit,none,,0,0,0,47.7452278137207,0.17995834350585938,0.4088401794433594
2025-12-11T19:09:07.746521Z,50mbit,10mbit,800kbit,none,,0,0,0,47.74508476257324,0.17995834350585938,0.4230022430419922
2025-12-11T19:09:08.283092Z,50mbit,10mbit,800kbit,none,,0,0,0,47.75576591491699,0.17995834350585938,0.418853759765625
2025-12-11T19:09:08.746134Z,50mbit,10mbit,800kbit,none,,0,0,0,47.75357246398926,0.1712322235107422,0.44236183166503906
2025-12-11T19:09:09.718127Z,50mbit,10mbit,800kbit,none,,0,0,0,47.18618392944336,0.1712322235107422,0.43849945068359375
2025-12-11T19:09:09.746016Z,50mbit,10mbit,800kbit,none,,0,0,0,0.333404541015625,0.16498565673828125,0.2009868621826172
2025-12-11T19:09:10.246024Z,50mbit,10mbit,800kbit,none,,0,0,0,88.33389282226562,0.1984119415283203,0.1979827880859375
2025-12-11T19:09:10.745848Z,50mbit,10mbit,800kbit,none,,0,0,0,88.30513954162598,0.18973350524902344,0.19388198852539062
2025-12-11T19:09:11.246047Z,50mbit,10mbit,800kbit,none,,0,0,0,134.37018394470215,0.2269744873046875,0.2002239227294922
2025-12-11T19:09:11.746376Z,50mbit,10mbit,800kbit,none,,0,0,0,134.37085151672363,0.22096633911132812,0.215911865234375
2025-12-11T19:09:12.246348Z,50mbit,10mbit,800kbit,none,,0,0,0,204.22749519348145,0.22096633911132812,0.2368450164794922
2025-12-11T19:09:12.746976Z,50mbit,10mbit,800kbit,none,,0,0,0,116.21251106262207,0.23097991943359375,0.22444725036621094
2025-12-11T19:09:16.148408Z,50mbit,10mbit,800kbit,none,,0,0,0,116.22786521911621,0.20890235900878906,0.23174285888671875
2025-12-11T19:09:16.157008Z,25mbit,10mbit,800kbit,set_embb_25mbit,urllc_rtt=0.344,0,0,0,70.15633583068848,0.3437995910644531,0.20775794982910156
2025-12-11T19:09:16.657621Z,25mbit,10mbit,800kbit,none,,0,0,0,70.1517105102539,0.29549598693847656,0.211334228515625
2025-12-11T19:09:17.157257Z,25mbit,10mbit,800kbit,none,,0,0,0,0.3098011016845703,0.29549598693847656,0.19598007202148438
2025-12-11T19:09:17.657206Z,25mbit,10mbit,800kbit,none,,0,0,0,0.3184318542480469,0.30531883239746094,0.2083301544189453
2025-12-11T19:09:18.157544Z,25mbit,10mbit,800kbit,none,,0,0,0,0.31189918518066406,0.3028392791748047,0.20437240600585938
2025-12-11T19:09:18.657602Z,25mbit,10mbit,800kbit,none,,0,0,0,0.3174304962158203,0.3021240234375,0.1919269561767578
2025-12-11T19:09:19.347696Z,25mbit,10mbit,800kbit,none,,0,0,0,0.6770133972167969,0.3021240234375,0.1830577850341797
2025-12-11T19:09:19.657859Z,25mbit,10mbit,800kbit,none,,0,0,0,0.6655216217041016,0.1678466796875,0.1827716827392578
2025-12-11T19:09:20.157969Z,25mbit,10mbit,800kbit,none,,0,0,0,0.6618499755859375,0.17642974853515625,0.2010822296142578
2025-12-11T19:09:20.657578Z,50mbit,10mbit,800kbit,restore_embb_50mbit,urllc stable,0,0,0,0.6633758544921875,0.1708984375,0.20122528076171875
2025-12-11T19:09:21.157716Z,50mbit,10mbit,800kbit,none,,0,0,0,32.42063522338867,0.20318031311035156,0.20623207092285156
2025-12-11T19:09:21.657820Z,50mbit,10mbit,800kbit,none,,0,0,0,32.053327560424805,0.1991748809814453,0.19974708557128906
2025-12-11T19:09:22.157728Z,50mbit,10mbit,800kbit,none,,0,0,0,32.05690383911133,0.20122528076171875,0.2196788787841797
2025-12-11T19:09:22.657067Z,50mbit,10mbit,800kbit,none,,0,0,0,32.05742835998535,0.20122528076171875,0.19440650939941406
2025-12-11T19:09:23.157230Z,50mbit,10mbit,800kbit,none,,0,0,0,106.84337615966797,0.21262168884277344,0.1986980438232422
2025-12-11T19:09:23.657307Z,50mbit,10mbit,800kbit,none,,0,0,0,75.08254051208496,0.22344589233398438,0.19769668579101562
2025-12-11T19:09:24.157443Z,50mbit,10mbit,800kbit,none,,0,0,0,97.72415161132812,0.20341873168945312,0.22430419921875
2025-12-11T19:09:24.657534Z,50mbit,10mbit,800kbit,none,,0,0,0,97.72229194641113,0.20341873168945312,0.2021312713623047
2025-12-11T19:09:25.422782Z,50mbit,10mbit,800kbit,none,,0,0,0,97.71628379821777,0.19621849060058594,0.1980304718017578
2025-12-11T19:09:25.657284Z,50mbit,10mbit,800kbit,none,,0,0,0,22.923994064331055,0.208282470703125,0.1904010772705078
2025-12-11T19:09:26.488652Z,50mbit,10mbit,800kbit,none,,0,0,0,22.927188873291016,0.20742416381835938,0.19283294677734375
2025-12-11T19:09:26.657511Z,50mbit,10mbit,800kbit,none,,0,0,0,0.27484893798828125,0.19321441650390625,0.15869140625
2025-12-11T19:09:27.323145Z,50mbit,10mbit,800kbit,none,,0,0,0,0.28939247131347656,0.1864910125732422,0.18415451049804688
2025-12-11T19:09:27.657539Z,50mbit,10mbit,800kbit,none,,0,0,0,0.2964019775390625,0.1876354217529297,0.19698143005371094
2025-12-11T19:09:28.157133Z,50mbit,10mbit,800kbit,none,,0,0,0,87.00122833251953,0.18362998962402344,0.1926898956298828
2025-12-11T19:09:28.657431Z,50mbit,10mbit,800kbit,none,,0,0,0,87.70017623901367,0.18362998962402344,0.1986980438232422
2025-12-11T19:09:29.565373Z,50mbit,10mbit,800kbit,none,,0,0,0,87.7176284790039,0.18362998962402344,0.21157264709472656
2025-12-11T19:09:29.657132Z,50mbit,10mbit,800kbit,none,,0,0,0,87.70308494567871,0.18362998962402344,0.19159317016601562
2025-12-11T19:09:30.157094Z,50mbit,10mbit,800kbit,none,,0,0,0,162.55393028259277,0.17786026000976562,0.17919540405273438
2025-12-11T19:09:30.657736Z,50mbit,10mbit,800kbit,none,,0,0,0,75.84199905395508,0.19440650939941406,0.18062591552734375
2025-12-11T19:09:31.157642Z,50mbit,10mbit,800kbit,none,,0,0,0,139.77956771850586,0.21033287048339844,0.19350051879882812
2025-12-11T19:09:31.657210Z,50mbit,10mbit,800kbit,none,,0,0,0,139.7716522216797,0.215911865234375,0.17261505126953125
2025-12-11T19:09:32.157869Z,50mbit,10mbit,800kbit,none,,0,0,0,139.7834300994873,0.22687911987304688,0.1621723175048828
2025-12-11T19:09:32.657272Z,50mbit,10mbit,800kbit,none,,0,0,0,64.93330001831055,0.2437114715576172,0.16193389892578125
2025-12-11T19:09:33.157685Z,50mbit,10mbit,800kbit,none,,0,0,0,64.94107246398926,0.23360252380371094,0.1827239990234375
2025-12-11T19:09:33.657876Z,50mbit,10mbit,800kbit,none,,0,0,0,0.3028392791748047,0.20318031311035156,0.15859603881835938
2025-12-11T19:09:34.157565Z,50mbit,10mbit,800kbit,none,,0,0,0,0.32563209533691406,0.2295970916748047,0.17304420471191406
2025-12-11T19:09:34.657819Z,50mbit,10mbit,800kbit,none,,0,0,0,0.32749176025390625,0.21071434020996094,0.18749237060546875
2025-12-11T19:09:35.157340Z,50mbit,10mbit,800kbit,none,,0,0,0,0.33860206604003906,0.18911361694335938,0.19006729125976562
2025-12-11T19:09:35.657562Z,50mbit,10mbit,800kbit,none,,0,0,0,0.3357410430908203,0.19178390502929688,0.17147064208984375
2025-12-11T19:09:36.157958Z,50mbit,10mbit,800kbit,none,,0,0,0,0.3378868103027344,0.19807815551757812,0.17032623291015625
2025-12-11T19:09:36.657993Z,50mbit,10mbit,800kbit,none,,0,0,0,0.31714439392089844,0.16794204711914062,0.1761913299560547
2025-12-11T19:09:37.313313Z,50mbit,10mbit,800kbit,none,,0,0,0,0.3033638000488281,0.16722679138183594,0.17118453979492188
2025-12-11T19:09:37.657120Z,50mbit,10mbit,800kbit,none,,0,0,0,0.2882957458496094,0.1595020294189453,0.18548965454101562
2025-12-11T19:09:38.292834Z,50mbit,10mbit,800kbit,none,,0,0,0,0.2821922302246094,0.1468181610107422,0.21920204162597656
2025-12-11T19:09:38.657482Z,50mbit,10mbit,800kbit,none,,0,0,0,0.2934455871582031,0.1422405242919922,0.2170085906982422
2025-12-11T19:09:39.157560Z,50mbit,10mbit,800kbit,none,,0,0,0,65.07015228271484,0.1422405242919922,0.26798248291015625
2025-12-11T19:09:39.657577Z,50mbit,10mbit,800kbit,none,,0,0,0,65.07744789123535,0.1469135284423828,0.2628326416015625
2025-12-11T19:09:40.158172Z,50mbit,10mbit,800kbit,none,,0,0,0,85.52532196044922,0.18668174743652344,0.25043487548828125
2025-12-11T19:09:40.657095Z,50mbit,10mbit,800kbit,none,,0,0,0,85.53781509399414,0.18625259399414062,0.21653175354003906
2025-12-11T19:09:41.244022Z,50mbit,10mbit,800kbit,none,,0,0,0,85.5217456817627,0.19006729125976562,0.22301673889160156
2025-12-11T19:09:41.657877Z,50mbit,10mbit,800kbit,none,,0,0,0,20.744895935058594,0.18668174743652344,0.16689300537109375
2025-12-11T19:09:42.157381Z,50mbit,10mbit,800kbit,none,,0,0,0,60.35571098327637,0.1986980438232422,0.17066001892089844
2025-12-11T19:09:42.657955Z,50mbit,10mbit,800kbit,none,,0,0,0,39.91227149963379,0.1617431640625,0.18486976623535156
2025-12-11T19:09:43.157485Z,50mbit,10mbit,800kbit,none,,0,0,0,73.6302375793457,0.18591880798339844,0.1903057098388672
2025-12-11T19:09:43.657495Z,50mbit,10mbit,800kbit,none,,0,0,0,73.63839149475098,0.1919269561767578,0.1972198486328125
2025-12-11T19:09:44.688110Z,50mbit,10mbit,800kbit,none,,0,0,0,73.64554405212402,0.19922256469726562,0.18281936645507812
2025-12-11T19:09:44.691441Z,50mbit,10mbit,800kbit,none,,0,0,0,34.008073806762695,0.19922256469726562,0.17938613891601562
2025-12-11T19:09:45.192341Z,50mbit,10mbit,800kbit,none,,0,0,0,105.67941665649414,0.19774436950683594,0.16384124755859375
2025-12-11T19:09:45.691893Z,50mbit,10mbit,800kbit,none,,0,0,0,71.95634841918945,0.2044677734375,0.15740394592285156
2025-12-11T19:09:46.192348Z,50mbit,10mbit,800kbit,none,,0,0,0,137.69888877868652,0.2044677734375,0.15459060668945312
2025-12-11T19:09:46.692223Z,50mbit,10mbit,800kbit,none,,0,0,0,137.69073486328125,0.2044677734375,0.16608238220214844
2025-12-11T19:09:47.192230Z,50mbit,10mbit,800kbit,none,,0,0,0,258.39428901672363,0.2010822296142578,0.16608238220214844
2025-12-11T19:09:47.799448Z,50mbit,10mbit,800kbit,none,,0,0,0,257.9429626464844,0.2010822296142578,0.26421546936035156
2025-12-11T19:09:48.300067Z,50mbit,10mbit,800kbit,none,,0,0,0,257.940673828125,0.197601318359375,0.27103424072265625
2025-12-11T19:09:48.800157Z,50mbit,10mbit,800kbit,none,,0,0,0,312.31141090393066,0.2070903778076172,0.2772331237792969
2025-12-11T19:09:49.404593Z,50mbit,10mbit,800kbit,none,,0,0,0,312.47925758361816,0.19288063049316406,0.2624988555908203
2025-12-11T19:09:49.905427Z,50mbit,10mbit,800kbit,none,,0,0,0,230.90782165527344,0.19288063049316406,0.2674102783203125
2025-12-11T19:09:50.405040Z,50mbit,10mbit,800kbit,none,,0,0,0,159.6853733062744,0.1887798309326172,0.17805099487304688
2025-12-11T19:09:50.905146Z,50mbit,10mbit,800kbit,none,,0,0,0,194.85349655151367,0.17786026000976562,0.17614364624023438
2025-12-11T19:09:51.404700Z,50mbit,10mbit,800kbit,none,,0,0,0,74.7365951538086,0.1785755157470703,0.17499923706054688
2025-12-11T19:09:51.904966Z,10mbit,10mbit,800kbit,set_embb_10mbit,urllc_rtt=0.893,0,0,0,106.81910514831543,0.8926868438720703,0.19059181213378906
2025-12-11T19:09:52.405551Z,10mbit,10mbit,800kbit,none,,0,0,0,67.71059036254883,0.8993148803710938,0.1801013946533203
2025-12-11T19:09:52.905293Z,10mbit,10mbit,800kbit,none,,0,0,0,145.77717781066895,0.9037971496582031,0.1801013946533203
2025-12-11T19:09:53.405177Z,10mbit,10mbit,800kbit,none,,0,0,0,110.60848236083984,0.8928775787353516,0.17004013061523438
2025-12-11T19:09:53.905493Z,10mbit,10mbit,800kbit,none,,0,0,0,185.64023971557617,0.8906841278076172,0.16336441040039062
2025-12-11T19:09:54.405123Z,10mbit,10mbit,800kbit,none,,0,0,0,153.3883571624756,0.8906841278076172,0.17824172973632812
2025-12-11T19:09:54.905283Z,50mbit,10mbit,800kbit,restore_embb_50mbit,urllc stable,0,0,0,225.58069229125977,0.18253326416015625,0.1736164093017578
2025-12-11T19:09:55.404981Z,50mbit,10mbit,800kbit,none,,0,0,0,147.51248359680176,0.18253326416015625,0.1834392547607422
2025-12-11T19:09:55.904959Z,50mbit,10mbit,800kbit,none,,0,0,0,216.89600944519043,0.18911361694335938,0.1971721649169922
2025-12-11T19:09:56.405257Z,50mbit,10mbit,800kbit,none,,0,0,0,141.87393188476562,0.18639564514160156,0.19817352294921875
2025-12-11T19:09:56.905427Z,50mbit,10mbit,800kbit,none,,0,0,0,257.04345703125,0.1945972442626953,0.19817352294921875
2025-12-11T19:09:57.484841Z,50mbit,10mbit,800kbit,none,,0,0,0,184.8367691040039,0.19392967224121094,0.17786026000976562
2025-12-11T19:09:57.985706Z,50mbit,10mbit,800kbit,none,,0,0,0,258.6956024169922,0.19392967224121094,0.19445419311523438
2025-12-11T19:09:58.485371Z,50mbit,10mbit,800kbit,none,,0,0,0,189.31307792663574,0.17633438110351562,0.1925945281982422
2025-12-11T19:09:59.328828Z,50mbit,10mbit,800kbit,none,,0,0,0,189.3176555633545,0.16045570373535156,0.22172927856445312
2025-12-11T19:09:59.485391Z,50mbit,10mbit,800kbit,none,,0,0,0,74.14708137512207,0.16045570373535156,0.2197265625
2025-12-11T19:09:59.985120Z,50mbit,10mbit,800kbit,none,,0,0,0,133.43377113342285,0.1628875732421875,0.23221969604492188
2025-12-11T19:10:00.485405Z,50mbit,10mbit,800kbit,none,,0,0,0,59.57541465759277,0.1628875732421875,0.21820068359375
2025-12-11T19:10:00.985565Z,50mbit,10mbit,800kbit,none,,0,0,0,148.71821403503418,0.18630027770996094,0.2078533172607422
2025-12-11T19:10:01.485122Z,50mbit,10mbit,800kbit,none,,0,0,0,148.6854076385498,0.18630027770996094,0.17037391662597656
2025-12-11T19:10:02.648417Z,50mbit,10mbit,800kbit,none,,0,0,0,148.68812561035156,0.19083023071289062,0.1922130584716797
2025-12-11T19:10:02.652359Z,50mbit,10mbit,800kbit,none,,0,0,0,89.40176963806152,0.196075439453125,0.20475387573242188
2025-12-11T19:10:03.503203Z,50mbit,10mbit,800kbit,none,,0,0,0,89.40544128417969,0.196075439453125,0.21047592163085938
2025-12-11T19:10:03.652925Z,50mbit,10mbit,800kbit,none,,0,0,0,0.2608299255371094,0.196075439453125,0.2178192138671875
2025-12-11T19:10:04.152541Z,50mbit,10mbit,800kbit,none,,0,0,0,62.96586990356445,0.2112865447998047,0.2178192138671875
2025-12-11T19:10:04.652747Z,50mbit,10mbit,800kbit,none,,0,0,0,62.963008880615234,0.2238750457763672,0.22020339965820312
2025-12-11T19:10:05.153512Z,50mbit,10mbit,800kbit,none,,0,0,0,62.98184394836426,0.20303726196289062,0.20051002502441406
2025-12-11T19:10:05.652945Z,50mbit,10mbit,800kbit,none,,0,0,0,62.976789474487305,0.19693374633789062,0.1759052276611328
2025-12-11T19:10:06.153035Z,50mbit,10mbit,800kbit,none,,0,0,0,62.9824161529541,0.19330978393554688,0.171661376953125
2025-12-11T19:10:06.652988Z,50mbit,10mbit,800kbit,none,,0,0,0,0.29354095458984375,0.19330978393554688,0.16684532165527344
2025-12-11T19:10:07.153030Z,50mbit,10mbit,800kbit,none,,0,0,0,0.29773712158203125,0.17986297607421875,0.160980224609375
2025-12-11T19:10:07.653340Z,50mbit,10mbit,800kbit,none,,0,0,0,0.2911090850830078,0.1652240753173828,0.16260147094726562
2025-12-11T19:10:08.153087Z,50mbit,10mbit,800kbit,none,,0,0,0,25.704622268676758,0.1652240753173828,0.17347335815429688
2025-12-11T19:10:08.652468Z,50mbit,10mbit,800kbit,none,,0,0,0,25.699186325073242,0.17156600952148438,0.16808509826660156
2025-12-11T19:10:09.152977Z,50mbit,10mbit,800kbit,none,,0,0,0,25.70953369140625,0.1693248748779297,0.17676353454589844
2025-12-11T19:10:09.652442Z,50mbit,10mbit,800kbit,none,,0,0,0,25.72002410888672,0.17290115356445312,0.206756591796875
2025-12-11T19:10:10.152987Z,10mbit,10mbit,800kbit,set_embb_10mbit,urllc_rtt=0.613,0,0,0,49.67350959777832,0.6129741668701172,0.206756591796875
2025-12-11T19:10:10.653271Z,10mbit,10mbit,800kbit,none,,0,0,0,24.2795467376709,0.6129741668701172,0.2048015594482422
2025-12-11T19:10:11.504379Z,10mbit,10mbit,800kbit,none,,0,0,0,24.326372146606445,0.6129741668701172,0.4093170166015625
2025-12-11T19:10:11.652487Z,10mbit,10mbit,800kbit,none,,0,0,0,24.32551383972168,0.6129741668701172,0.42138099670410156
2025-12-11T19:10:12.237915Z,10mbit,10mbit,800kbit,none,,0,0,0,24.344778060913086,0.6153106689453125,0.42138099670410156
2025-12-11T19:10:12.653462Z,10mbit,10mbit,800kbit,none,,0,0,0,0.39730072021484375,0.6016731262207031,0.42138099670410156
2025-12-11T19:10:13.153336Z,10mbit,10mbit,800kbit,none,,0,0,0,14.04109001159668,0.7833957672119141,0.4477500915527344
2025-12-11T19:10:13.652487Z,10mbit,10mbit,800kbit,none,,0,0,0,14.004135131835938,0.7822513580322266,0.4176139831542969
2025-12-11T19:10:14.363175Z,25mbit,10mbit,800kbit,set_embb_25mbit,urllc_rtt=0.339,0,0,0,13.992691040039062,0.3391742706298828,0.4138469696044922
2025-12-11T19:10:14.653082Z,25mbit,10mbit,800kbit,none,,0,0,0,13.968181610107422,0.3391742706298828,0.20051002502441406
2025-12-11T19:10:15.343566Z,25mbit,10mbit,800kbit,none,,0,0,0,13.971185684204102,0.3391742706298828,0.19202232360839844
2025-12-11T19:10:15.652786Z,25mbit,10mbit,800kbit,none,,0,0,0,0.3108024597167969,0.3345012664794922,0.16036033630371094
2025-12-11T19:10:16.153535Z,25mbit,10mbit,800kbit,none,,0,0,0,25.717496871948242,0.3345012664794922,0.17485618591308594
2025-12-11T19:10:16.652795Z,25mbit,10mbit,800kbit,none,,0,0,0,25.726890563964844,0.3373146057128906,0.19083023071289062
2025-12-11T19:10:17.153518Z,10mbit,10mbit,800kbit,set_embb_10mbit,urllc_rtt=10.500,0,0,0,25.726890563964844,10.499906539916992,0.22039413452148438
2025-12-11T19:10:17.652896Z,10mbit,10mbit,800kbit,none,,0,0,0,25.722885131835938,10.499906539916992,0.2193450927734375
2025-12-11T19:10:18.153371Z,10mbit,10mbit,800kbit,none,,0,0,0,122.27067947387695,10.638236999511719,0.22306442260742188
2025-12-11T19:10:18.652874Z,10mbit,10mbit,800kbit,none,,0,0,0,122.31082916259766,10.638236999511719,0.2090930938720703
2025-12-11T19:10:19.489761Z,10mbit,10mbit,800kbit,none,,0,0,0,96.89526557922363,10.639762878417969,0.1819133758544922
2025-12-11T19:10:19.653193Z,10mbit,10mbit,800kbit,none,,0,0,0,96.89230918884277,10.633134841918945,0.17004013061523438
2025-12-11T19:10:20.154419Z,10mbit,10mbit,800kbit,none,,0,0,0,154.37884330749512,10.656023025512695,0.1686573028564453
2025-12-11T19:10:20.653199Z,10mbit,10mbit,800kbit,none,,0,0,0,57.84163475036621,10.656023025512695,0.1620769500732422
2025-12-11T19:10:21.153007Z,10mbit,10mbit,800kbit,none,,0,0,0,57.799720764160156,10.656023025512695,0.16160011291503906
2025-12-11T19:10:21.653022Z,25mbit,10mbit,800kbit,set_embb_25mbit,urllc_rtt=0.335,0,0,0,57.81426429748535,0.3354072570800781,0.2009868621826172
2025-12-11T19:10:22.153179Z,25mbit,10mbit,800kbit,none,,0,0,0,57.81130790710449,0.3354072570800781,0.19202232360839844
2025-12-11T19:10:22.653423Z,25mbit,10mbit,800kbit,none,,0,0,0,0.3472328186035156,0.21576881408691406,0.19202232360839844
2025-12-11T19:10:23.153296Z,25mbit,10mbit,800kbit,none,,0,0,0,0.32367706298828125,0.2143383026123047,0.18930435180664062
2025-12-11T19:10:23.652538Z,50mbit,10mbit,800kbit,restore_embb_50mbit,urllc stable,0,0,0,0.3264904022216797,0.2143383026123047,0.2258777618408203
2025-12-11T19:10:24.153274Z,50mbit,10mbit,800kbit,none,,0,0,0,0.31890869140625,0.218963623046875,0.22974014282226562
2025-12-11T19:10:24.653520Z,50mbit,10mbit,800kbit,none,,0,0,0,0.3391265869140625,0.20356178283691406,0.20694732666015625
2025-12-11T19:10:25.153112Z,50mbit,10mbit,800kbit,none,,0,0,0,0.31790733337402344,0.19006729125976562,0.20694732666015625
2025-12-11T19:10:25.652942Z,50mbit,10mbit,800kbit,none,,0,0,0,0.5936622619628906,0.19006729125976562,0.21004676818847656
2025-12-11T19:10:26.263498Z,50mbit,10mbit,800kbit,none,,0,0,0,0.5992889404296875,0.17442703247070312,0.2307415008544922
2025-12-11T19:10:26.653283Z,50mbit,10mbit,800kbit,none,,0,0,0,0.6014347076416016,0.17838478088378906,0.2307415008544922
2025-12-11T19:10:27.152444Z,50mbit,10mbit,800kbit,none,,0,0,0,19.271230697631836,0.17709732055664062,0.2216815948486328
2025-12-11T19:10:27.652901Z,50mbit,10mbit,800kbit,none,,0,0,0,19.28095817565918,0.17070770263671875,0.2193450927734375
2025-12-11T19:10:28.233055Z,50mbit,10mbit,800kbit,none,,0,0,0,19.007205963134766,0.17485618591308594,0.22287368774414062
2025-12-11T19:10:28.653033Z,50mbit,10mbit,800kbit,none,,0,0,0,18.999528884887695,0.16469955444335938,0.2208709716796875
2025-12-11T19:10:29.213009Z,50mbit,10mbit,800kbit,none,,0,0,0,18.994426727294922,0.1666545867919922,0.20227432250976562
2025-12-11T19:10:29.653183Z,50mbit,10mbit,800kbit,none,,0,0,0,0.32019615173339844,0.16345977783203125,0.17480850219726562
2025-12-11T19:10:30.198408Z,50mbit,10mbit,800kbit,none,,0,0,0,0.3083229064941406,0.15730857849121094,0.21829605102539062
2025-12-11T19:10:30.653015Z,50mbit,10mbit,800kbit,none,,0,0,0,0.32134056091308594,0.15087127685546875,0.218963623046875
2025-12-11T19:10:31.153322Z,50mbit,10mbit,800kbit,none,,0,0,0,7.782411575317383,0.15087127685546875,0.2185344696044922
2025-12-11T19:10:31.653556Z,50mbit,10mbit,800kbit,none,,0,0,0,7.785558700561523,0.15087127685546875,0.2147197723388672
2025-12-11T19:10:32.153264Z,50mbit,10mbit,800kbit,none,,0,0,0,34.19528007507324,0.16679763793945312,0.2075672149658203
2025-12-11T19:10:32.653060Z,50mbit,10mbit,800kbit,none,,0,0,0,34.200334548950195,0.16679763793945312,0.16388893127441406
2025-12-11T19:10:33.153327Z,50mbit,10mbit,800kbit,none,,0,0,0,82.69133567810059,0.20694732666015625,0.16388893127441406
2025-12-11T19:10:33.652794Z,50mbit,10mbit,800kbit,none,,0,0,0,75.23188591003418,0.2086639404296875,0.15516281127929688
2025-12-11T19:10:34.392432Z,50mbit,10mbit,800kbit,none,,0,0,0,75.22459030151367,0.2105712890625,0.14700889587402344
2025-12-11T19:10:34.652726Z,50mbit,10mbit,800kbit,none,,0,0,0,48.79937171936035,0.20241737365722656,0.14495849609375
2025-12-11T19:10:35.152472Z,50mbit,10mbit,800kbit,none,,0,0,0,114.48068618774414,0.19474029541015625,0.15273094177246094
2025-12-11T19:10:35.653073Z,50mbit,10mbit,800kbit,none,,0,0,0,65.98954200744629,0.1602649688720703,0.15273094177246094
2025-12-11T19:10:36.463167Z,50mbit,10mbit,800kbit,none,,0,0,0,66.44086837768555,0.1701831817626953,0.15611648559570312
2025-12-11T19:10:36.652809Z,50mbit,10mbit,800kbit,none,,0,0,0,66.44291877746582,0.17337799072265625,0.15959739685058594
2025-12-11T19:10:37.153416Z,50mbit,10mbit,800kbit,none,,0,0,0,66.44940376281738,0.18754005432128906,0.15959739685058594
2025-12-11T19:10:37.653539Z,50mbit,10mbit,800kbit,none,,0,0,0,0.7623672485351562,0.1807689666748047,0.1717090606689453
2025-12-11T19:10:38.152971Z,50mbit,10mbit,800kbit,none,,0,0,0,1.1094093322753906,0.17766952514648438,0.17538070678710938
2025-12-11T19:10:38.653383Z,50mbit,10mbit,800kbit,none,,0,0,0,0.6537437438964844,0.1651763916015625,0.17442703247070312
2025-12-11T19:10:39.152920Z,50mbit,10mbit,800kbit,none,,0,0,0,34.2501163482666,0.164794921875,0.17061233520507812
2025-12-11T19:10:39.652477Z,50mbit,10mbit,800kbit,none,,0,0,0,34.25860404968262,0.164794921875,0.1712799072265625
2025-12-11T19:10:40.153354Z,50mbit,10mbit,800kbit,none,,0,0,0,34.264421463012695,0.1544475555419922,0.1594066619873047
2025-12-11T19:10:40.653468Z,50mbit,10mbit,800kbit,none,,0,0,0,33.90769958496094,0.15077590942382812,0.1594066619873047
2025-12-11T19:10:41.153188Z,50mbit,10mbit,800kbit,none,,0,0,0,56.41613006591797,0.1842975616455078,0.15583038330078125
2025-12-11T19:10:41.652548Z,50mbit,10mbit,800kbit,none,,0,0,0,22.82242774963379,0.18944740295410156,0.15692710876464844
2025-12-11T19:10:42.152413Z,50mbit,10mbit,800kbit,none,,0,0,0,42.55499839782715,0.18944740295410156,0.16875267028808594
2025-12-11T19:10:42.652926Z,50mbit,10mbit,800kbit,none,,0,0,0,42.54031181335449,0.1888751983642578,0.16927719116210938
2025-12-11T19:10:43.238109Z,50mbit,10mbit,800kbit,none,,0,0,0,42.76289939880371,0.1888751983642578,0.2620220184326172
2025-12-11T19:10:43.652941Z,50mbit,10mbit,800kbit,none,,0,0,0,20.267868041992188,0.19407272338867188,0.2690315246582031
2025-12-11T19:10:44.218015Z,50mbit,10mbit,800kbit,none,,0,0,0,20.275115966796875,0.19407272338867188,0.27618408203125
2025-12-11T19:10:44.652941Z,50mbit,10mbit,800kbit,none,,0,0,0,0.5274295806884766,0.19826889038085938,0.2617359161376953
2025-12-11T19:10:45.208087Z,50mbit,10mbit,800kbit,none,,0,0,0,0.5530834197998047,0.19826889038085938,0.3165721893310547
2025-12-11T19:10:45.653226Z,50mbit,10mbit,800kbit,none,,0,0,0,0.3200531005859375,0.1560211181640625,0.3165721893310547
2025-12-11T19:10:46.188202Z,50mbit,10mbit,800kbit,none,,0,0,0,0.3147125244140625,0.2437591552734375,0.2716064453125
2025-12-11T19:10:46.653219Z,50mbit,10mbit,800kbit,none,,0,0,0,0.3163337707519531,0.2453327178955078,0.2716064453125
2025-12-11T19:10:47.153354Z,50mbit,10mbit,800kbit,none,,0,0,0,7.904338836669922,0.2689361572265625,0.2666950225830078
2025-12-11T19:10:47.653266Z,50mbit,10mbit,800kbit,none,,0,0,0,7.9021453857421875,0.2688884735107422,0.2544403076171875
2025-12-11T19:10:48.277736Z,25mbit,10mbit,800kbit,set_embb_25mbit,urllc_rtt=0.315,0,0,0,8.379936218261719,0.31485557556152344,0.30155181884765625
2025-12-11T19:10:48.653263Z,25mbit,10mbit,800kbit,none,,0,0,0,8.375358581542969,0.22864341735839844,0.25272369384765625
2025-12-11T19:10:49.153392Z,10mbit,10mbit,800kbit,set_embb_10mbit,urllc_rtt=0.811,0,0,0,55.10144233703613,0.811004638671875,0.2174854278564453
2025-12-11T19:10:49.652919Z,10mbit,10mbit,800kbit,none,,0,0,0,47.52359390258789,0.7815837860107422,0.2151012420654297
2025-12-11T19:10:50.153035Z,10mbit,10mbit,800kbit,none,,0,0,0,140.34128189086914,0.8059501647949219,0.2151012420654297
2025-12-11T19:10:50.652436Z,10mbit,10mbit,800kbit,none,,0,0,0,139.86454010009766,0.7596969604492188,0.2151012420654297
2025-12-11T19:10:51.153044Z,10mbit,10mbit,800kbit,none,,0,0,0,203.57537269592285,0.7596969604492188,0.22611618041992188
2025-12-11T19:10:51.652633Z,10mbit,10mbit,800kbit,none,,0,0,0,156.8394660949707,0.7565021514892578,0.18448829650878906
2025-12-11T19:10:52.468410Z,10mbit,10mbit,800kbit,none,,0,0,0,156.84471130371094,0.17910003662109375,0.17709732055664062
2025-12-11T19:10:52.652711Z,50mbit,10mbit,800kbit,restore_embb_50mbit,urllc stable,0,0,0,64.02549743652344,0.18372535705566406,0.16078948974609375
2025-12-11T19:10:53.153067Z,50mbit,10mbit,800kbit,none,,0,0,0,116.74113273620605,0.1583576202392578,0.16078948974609375
2025-12-11T19:10:53.652707Z,50mbit,10mbit,800kbit,none,,0,0,0,53.029584884643555,0.1583576202392578,0.19659996032714844
2025-12-11T19:10:54.153127Z,50mbit,10mbit,800kbit,none,,0,0,0,53.02863121032715,0.15649795532226562,0.18873214721679688
2025-12-11T19:10:54.652943Z,50mbit,10mbit,800kbit,none,,0,0,0,53.01704406738281,0.17538070678710938,0.18372535705566406
2025-12-11T19:10:55.153019Z,50mbit,10mbit,800kbit,none,,0,0,0,53.011178970336914,0.17442703247070312,0.18248558044433594
2025-12-11T19:10:55.653367Z,50mbit,10mbit,800kbit,none,,0,0,0,0.3174304962158203,0.19097328186035156,0.18510818481445312
2025-12-11T19:10:56.153162Z,50mbit,10mbit,800kbit,none,,0,0,0,0.3174304962158203,0.19097328186035156,9.428071975708008
2025-12-11T19:10:56.652787Z,50mbit,10mbit,800kbit,none,,0,0,0,0.30312538146972656,0.1854419708251953,9.440326690673828
2025-12-11T19:10:57.153407Z,50mbit,10mbit,800kbit,none,,0,0,0,20.864295959472656,0.21314620971679688,9.44662094116211
2025-12-11T19:10:57.652837Z,50mbit,10mbit,800kbit,none,,0,0,0,20.866727828979492,0.21314620971679688,9.453296661376953
2025-12-11T19:10:58.153532Z,25mbit,10mbit,800kbit,set_embb_25mbit,urllc_rtt=0.364,0,0,0,38.347578048706055,0.3635883331298828,9.462785720825195
2025-12-11T19:10:58.652862Z,25mbit,10mbit,800kbit,none,,0,0,0,38.34223747253418,0.3700733184814453,9.462785720825195
2025-12-11T19:10:59.227815Z,25mbit,10mbit,800kbit,none,,0,0,0,38.362741470336914,0.35552978515625,9.462785720825195
2025-12-11T19:10:59.652889Z,25mbit,10mbit,800kbit,none,,0,0,0,17.80872344970703,0.3611564636230469,0.18854141235351562
2025-12-11T19:11:00.442737Z,25mbit,10mbit,800kbit,none,,0,0,0,17.816495895385742,0.34880638122558594,0.18486976623535156
2025-12-11T19:11:00.652679Z,25mbit,10mbit,800kbit,none,,0,0,0,0.33817291259765625,0.1850605010986328,0.18486976623535156
2025-12-11T19:11:01.198872Z,25mbit,10mbit,800kbit,none,,0,0,0,0.5696296691894531,0.5841255187988281,0.18296241760253906
2025-12-11T19:11:01.653030Z,25mbit,10mbit,800kbit,none,,0,0,0,0.5624771118164062,0.5841255187988281,0.177001953125
2025-12-11T19:11:02.152489Z,25mbit,10mbit,800kbit,none,,0,0,0,6.2900543212890625,0.5920886993408203,0.177001953125
2025-12-11T19:11:02.652901Z,25mbit,10mbit,800kbit,none,,0,0,0,6.280708312988281,0.5920886993408203,0.1674175262451172
2025-12-11T19:11:03.163829Z,10mbit,10mbit,800kbit,set_embb_10mbit,urllc_rtt=0.603,0,0,0,6.267833709716797,0.6030082702636719,0.16622543334960938
2025-12-11T19:11:03.653125Z,10mbit,10mbit,800kbit,none,,0,0,0,6.044292449951172,0.6030082702636719,0.1773834228515625
2025-12-11T19:11:04.393809Z,10mbit,10mbit,800kbit,none,,0,0,0,6.209135055541992,0.6030082702636719,0.1865863800048828
2025-12-11T19:11:04.652924Z,25mbit,10mbit,800kbit,set_embb_25mbit,urllc_rtt=0.588,0,0,0,0.46825408935546875,0.5881786346435547,0.18558502197265625
2025-12-11T19:11:05.153284Z,10mbit,10mbit,800kbit,set_embb_10mbit,urllc_rtt=0.620,0,0,0,45.00832557678223,0.6197929382324219,0.18372535705566406
2025-12-11T19:11:05.652828Z,10mbit,10mbit,800kbit,none,,0,0,0,45.00861167907715,0.212860107421875,0.1800060272216797
2025-12-11T19:11:06.362976Z,10mbit,10mbit,800kbit,none,,0,0,0,45.08686065673828,0.19903182983398438,0.16565322875976562
2025-12-11T19:11:06.653063Z,50mbit,10mbit,800kbit,restore_embb_50mbit,urllc stable,0,0,0,44.9127197265625,0.1953125,0.15287399291992188
2025-12-11T19:11:07.478006Z,50mbit,10mbit,800kbit,none,,0,0,0,45.41511535644531,0.2017498016357422,0.16188621520996094
2025-12-11T19:11:07.653081Z,50mbit,10mbit,800kbit,none,,0,0,0,0.8747100830078125,0.17037391662597656,0.16655921936035156
2025-12-11T19:11:08.152537Z,50mbit,10mbit,800kbit,none,,0,0,0,85.47682762145996,0.18310546875,0.2045154571533203
2025-12-11T19:11:08.652477Z,50mbit,10mbit,800kbit,none,,0,0,0,85.37755012512207,0.18310546875,0.20117759704589844
2025-12-11T19:11:09.153268Z,50mbit,10mbit,800kbit,none,,0,0,0,134.79456901550293,0.20456314086914062,0.206756591796875
2025-12-11T19:11:09.652704Z,50mbit,10mbit,800kbit,none,,0,0,0,134.2984676361084,0.21042823791503906,0.2032756805419922
2025-12-11T19:11:10.153428Z,50mbit,10mbit,800kbit,none,,0,0,0,134.3010425567627,0.2136707305908203,0.1991748809814453
2025-12-11T19:11:10.653182Z,50mbit,10mbit,800kbit,none,,0,0,0,49.70736503601074,0.21677017211914062,0.16493797302246094
2025-12-11T19:11:11.153556Z,50mbit,10mbit,800kbit,none,,0,0,0,49.70736503601074,0.21677017211914062,28.441905975341797
2025-12-11T19:11:11.699456Z,50mbit,10mbit,800kbit,none,,0,0,0,49.72710609436035,0.2044200897216797,28.433656692504883
2025-12-11T19:11:12.623153Z,50mbit,10mbit,800kbit,none,,0,0,0,0.3223419189453125,0.18324851989746094,28.426408767700195
2025-12-11T19:11:12.699824Z,50mbit,10mbit,800kbit,none,,0,0,0,0.3123283386230469,0.18324851989746094,28.427743911743164
2025-12-11T19:11:13.200508Z,50mbit,10mbit,800kbit,none,,0,0,0,10.419702529907227,0.19121170043945312,28.45139503479004
2025-12-11T19:11:13.700365Z,50mbit,10mbit,800kbit,none,,0,0,0,10.42470932006836,0.20127296447753906,0.1773357391357422
2025-12-11T19:11:14.199921Z,50mbit,10mbit,800kbit,none,,0,0,0,18.396949768066406,0.2307891845703125,0.18224716186523438
2025-12-11T19:11:14.700119Z,50mbit,10mbit,800kbit,none,,0,0,0,18.39914321899414,0.22382736206054688,0.18224716186523438
2025-12-11T19:11:15.200326Z,50mbit,10mbit,800kbit,none,,0,0,0,21.518850326538086,0.2216815948486328,0.19044876098632812
2025-12-11T19:11:15.700627Z,50mbit,10mbit,800kbit,none,,0,0,0,11.404132843017578,0.20112991333007812,0.19016265869140625
2025-12-11T19:11:16.200467Z,50mbit,10mbit,800kbit,none,,0,0,0,11.389923095703125,0.18286705017089844,0.167083740234375
2025-12-11T19:11:16.700340Z,50mbit,10mbit,800kbit,none,,0,0,0,3.406667709350586,0.1506805419921875,0.16617774963378906
2025-12-11T19:11:17.200086Z,50mbit,10mbit,800kbit,none,,0,0,0,3.4058094024658203,0.15764236450195312,0.17337799072265625
2025-12-11T19:11:17.699983Z,50mbit,10mbit,800kbit,none,,0,0,0,0.2970695495605469,0.1571178436279297,0.1644134521484375
2025-12-11T19:11:18.200594Z,50mbit,10mbit,800kbit,none,,0,0,0,0.2990245819091797,0.15974044799804688,0.1674652099609375
2025-12-11T19:11:18.700251Z,50mbit,10mbit,800kbit,none,,0,0,0,0.29883384704589844,0.1616954803466797,0.17380714416503906
2025-12-11T19:11:19.397867Z,50mbit,10mbit,800kbit,none,,0,0,0,0.2972602844238281,0.15969276428222656,0.17485618591308594
2025-12-11T19:11:19.699918Z,50mbit,10mbit,800kbit,none,,0,0,0,0.29053688049316406,0.1552104949951172,0.16655921936035156
2025-12-11T19:11:20.273460Z,50mbit,10mbit,800kbit,none,,0,0,0,0.2910614013671875,0.16584396362304688,0.17037391662597656
2025-12-11T19:11:20.700060Z,50mbit,10mbit,800kbit,none,,0,0,0,0.2995014190673828,0.17075538635253906,0.17685890197753906
2025-12-11T19:11:21.367311Z,50mbit,10mbit,800kbit,none,,0,0,0,0.31986236572265625,0.16732215881347656,0.17461776733398438
2025-12-11T19:11:21.700105Z,50mbit,10mbit,800kbit,none,,0,0,0,0.32067298889160156,0.1689910888671875,0.17108917236328125
2025-12-11T19:11:22.348367Z,50mbit,10mbit,800kbit,none,,0,0,0,0.3383159637451172,0.1689910888671875,0.17914772033691406
2025-12-11T19:11:22.700075Z,50mbit,10mbit,800kbit,none,,0,0,0,0.34279823303222656,0.1689910888671875,0.19378662109375
2025-12-11T19:11:23.199964Z,50mbit,10mbit,800kbit,none,,0,0,0,69.48404312133789,0.1689910888671875,0.19440650939941406
2025-12-11T19:11:23.700143Z,50mbit,10mbit,800kbit,none,,0,0,0,69.47455406188965,0.17342567443847656,0.18987655639648438
2025-12-11T19:11:24.447954Z,50mbit,10mbit,800kbit,none,,0,0,0,69.48294639587402,0.2295970916748047,0.19249916076660156
2025-12-11T19:11:24.700283Z,50mbit,10mbit,800kbit,none,,0,0,0,69.47484016418457,0.2224445343017578,0.19249916076660156
2025-12-11T19:11:25.200497Z,50mbit,10mbit,800kbit,none,,0,0,0,109.65542793273926,0.2387523651123047,0.19249916076660156
2025-12-11T19:11:25.700443Z,50mbit,10mbit,800kbit,none,,0,0,0,40.508413314819336,0.2441883087158203,0.20661354064941406
2025-12-11T19:11:26.783571Z,50mbit,10mbit,800kbit,none,,0,0,0,40.50922393798828,0.25534629821777344,0.19845962524414062
2025-12-11T19:11:26.789684Z,50mbit,10mbit,800kbit,none,,0,0,0,40.482473373413086,0.1952648162841797,0.26221275329589844
2025-12-11T19:11:27.512812Z,50mbit,10mbit,800kbit,none,,0,0,0,64.8406982421875,0.1999378204345703,0.2700328826904297
2025-12-11T19:11:27.789935Z,50mbit,10mbit,800kbit,none,,0,0,0,24.658823013305664,0.201416015625,0.26526451110839844
2025-12-11T19:11:28.290452Z,50mbit,10mbit,800kbit,none,,0,0,0,86.68828010559082,0.20227432250976562,0.25010108947753906
2025-12-11T19:11:28.790007Z,50mbit,10mbit,800kbit,none,,0,0,0,86.67140007019043,0.18453598022460938,0.23627281188964844
2025-12-11T19:11:29.290107Z,50mbit,10mbit,800kbit,none,,0,0,0,141.01390838623047,0.21791458129882812,0.1735210418701172
2025-12-11T19:11:29.790542Z,50mbit,10mbit,800kbit,none,,0,0,0,116.66369438171387,0.23102760314941406,0.1677989959716797
2025-12-11T19:11:30.290362Z,50mbit,10mbit,800kbit,none,,0,0,0,116.6707992553711,0.23102760314941406,0.4820823669433594
2025-12-11T19:11:30.790562Z,50mbit,10mbit,800kbit,none,,0,0,0,54.654836654663086,0.2247333526611328,0.47702789306640625
2025-12-11T19:11:31.290516Z,50mbit,10mbit,800kbit,none,,0,0,0,54.68149185180664,0.2265453338623047,0.4840850830078125
2025-12-11T19:11:31.789962Z,50mbit,10mbit,800kbit,none,,0,0,0,0.42724609375,0.2265453338623047,0.5051612854003906
2025-12-11T19:11:32.290415Z,50mbit,10mbit,800kbit,none,,0,0,0,0.4311084747314453,0.2354145050048828,0.5003452301025391
2025-12-11T19:11:32.790035Z,50mbit,10mbit,800kbit,none,,0,0,0,0.42977333068847656,0.21886825561523438,0.1933574676513672
2025-12-11T19:11:33.290299Z,50mbit,10mbit,800kbit,none,,0,0,0,0.4093170166015625,0.20623207092285156,0.18930435180664062
2025-12-11T19:11:33.790521Z,50mbit,10mbit,800kbit,none,,0,0,0,0.4004955291748047,0.22177696228027344,0.20661354064941406
2025-12-11T19:11:34.290071Z,50mbit,10mbit,800kbit,none,,0,0,0,0.3269672393798828,0.2102375030517578,0.17342567443847656
2025-12-11T19:11:34.790563Z,50mbit,10mbit,800kbit,none,,0,0,0,0.31185150146484375,0.2292156219482422,0.17533302307128906
2025-12-11T19:11:35.290324Z,50mbit,10mbit,800kbit,none,,0,0,0,0.30570030212402344,0.2292156219482422,0.1728057861328125
2025-12-11T19:11:35.789963Z,50mbit,10mbit,800kbit,none,,0,0,0,0.32806396484375,0.21514892578125,0.19292831420898438
2025-12-11T19:11:36.289953Z,50mbit,10mbit,800kbit,none,,0,0,0,0.32792091369628906,0.21352767944335938,0.18596649169921875
2025-12-11T19:11:36.790640Z,50mbit,10mbit,800kbit,none,,0,0,0,0.33698081970214844,0.19016265869140625,0.19598007202148438
2025-12-11T19:11:37.358101Z,50mbit,10mbit,800kbit,none,,0,0,0,0.3411293029785156,0.2269268035888672,0.19969940185546875
2025-12-11T19:11:37.790230Z,50mbit,10mbit,800kbit,none,,0,0,0,0.3495216369628906,0.2003192901611328,0.20036697387695312
2025-12-11T19:11:38.290857Z,50mbit,10mbit,800kbit,none,,0,0,0,0.3495216369628906,0.28209686279296875,0.1914501190185547
2025-12-11T19:11:39.330342Z,25mbit,10mbit,800kbit,set_embb_25mbit,urllc_rtt=0.372,0,0,0,0.35724639892578125,0.3719806671142578,0.18782615661621094
2025-12-11T19:11:39.830952Z,25mbit,10mbit,800kbit,none,,0,0,0,0.36711692810058594,0.3809928894042969,0.18782615661621094
2025-12-11T19:11:40.331261Z,25mbit,10mbit,800kbit,none,,0,0,0,23.128175735473633,0.3809928894042969,0.1948833465576172
2025-12-11T19:11:40.830858Z,25mbit,10mbit,800kbit,none,,0,0,0,23.124217987060547,0.3809928894042969,0.1922130584716797
2025-12-11T19:11:41.331287Z,25mbit,10mbit,800kbit,none,,0,0,0,38.13819885253906,0.3676414489746094,0.22754669189453125
2025-12-11T19:11:41.844064Z,25mbit,10mbit,800kbit,none,,0,0,0,140.24171829223633,0.3668785095214844,0.22754669189453125
2025-12-11T19:11:42.364551Z,25mbit,10mbit,800kbit,none,,0,0,0,140.21143913269043,0.2777099609375,0.22034645080566406
2025-12-11T19:11:42.865370Z,25mbit,10mbit,800kbit,none,,0,0,0,276.45630836486816,0.2010345458984375,0.22726058959960938
2025-12-11T19:11:43.663910Z,50mbit,10mbit,800kbit,restore_embb_50mbit,urllc stable,0,0,0,276.4336109161377,0.19016265869140625,0.2116680145263672
2025-12-11T19:11:44.164254Z,50mbit,10mbit,800kbit,none,,0,0,0,348.78573417663574,0.17685890197753906,0.2105236053466797
2025-12-11T19:11:44.664146Z,50mbit,10mbit,800kbit,none,,0,0,0,246.64392471313477,0.18291473388671875,0.17271041870117188
2025-12-11T19:11:45.882896Z,50mbit,10mbit,800kbit,none,,0,0,0,375.29592514038086,0.18944740295410156,0.3962516784667969
2025-12-11T19:11:46.532747Z,50mbit,10mbit,800kbit,none,,0,0,0,216.39113426208496,0.17333030700683594,0.3733634948730469
2025-12-11T19:11:47.033517Z,25mbit,10mbit,800kbit,set_embb_25mbit,urllc_rtt=0.304,0,0,0,248.74863624572754,0.3043651580810547,0.4023551940917969
2025-12-11T19:11:47.533148Z,25mbit,10mbit,800kbit,none,,0,0,0,161.3722324371338,0.3043651580810547,0.41522979736328125
2025-12-11T19:11:48.177784Z,25mbit,10mbit,800kbit,none,,0,0,0,161.3853931427002,0.3043651580810547,0.44121742248535156
2025-12-11T19:11:48.533243Z,25mbit,10mbit,800kbit,none,,0,0,0,32.74240493774414,0.3043651580810547,0.22487640380859375
2025-12-11T19:11:49.032958Z,25mbit,10mbit,800kbit,none,,0,0,0,59.34467315673828,0.2978324890136719,0.22487640380859375
2025-12-11T19:11:49.533188Z,25mbit,10mbit,800kbit,none,,0,0,0,27.006053924560547,0.295257568359375,0.235748291015625
2025-12-11T19:11:50.033327Z,50mbit,10mbit,800kbit,restore_embb_50mbit,urllc stable,0,0,0,48.43316078186035,0.295257568359375,0.21047592163085938
2025-12-11T19:11:50.533017Z,50mbit,10mbit,800kbit,none,,0,0,0,48.43144416809082,0.295257568359375,0.20041465759277344
2025-12-11T19:11:51.033329Z,25mbit,10mbit,800kbit,set_embb_25mbit,urllc_rtt=0.301,0,0,0,117.85292625427246,0.3005027770996094,0.20041465759277344
2025-12-11T19:11:51.533082Z,25mbit,10mbit,800kbit,none,,0,0,0,91.13917350769043,0.311279296875,0.18186569213867188
2025-12-11T19:11:52.032977Z,25mbit,10mbit,800kbit,none,,0,0,0,156.62550926208496,0.311279296875,0.18177032470703125
2025-12-11T19:11:52.533335Z,25mbit,10mbit,800kbit,none,,0,0,0,135.18753051757812,0.19402503967285156,0.1754283905029297
2025-12-11T19:11:53.033542Z,25mbit,10mbit,800kbit,none,,0,0,0,197.69353866577148,0.2208709716796875,0.1754283905029297
2025-12-11T19:11:53.533281Z,50mbit,10mbit,800kbit,restore_embb_50mbit,urllc stable,0,0,0,128.2637596130371,0.2208709716796875,0.17881393432617188
2025-12-11T19:11:54.032967Z,25mbit,10mbit,800kbit,set_embb_25mbit,urllc_rtt=0.540,0,0,0,226.78208351135254,0.5403041839599609,0.5377292633056641
2025-12-11T19:11:54.534599Z,25mbit,10mbit,800kbit,none,,0,0,0,161.28005981445312,0.54779052734375,0.5329132080078125
2025-12-11T19:11:55.035590Z,25mbit,10mbit,800kbit,none,,0,0,0,217.3351764678955,0.54779052734375,0.5465030670166016
2025-12-11T19:11:55.535175Z,25mbit,10mbit,800kbit,none,,0,0,0,154.8457145690918,0.5455970764160156,0.5517005920410156
2025-12-11T19:11:56.035445Z,25mbit,10mbit,800kbit,none,,0,0,0,234.28454399108887,0.5455970764160156,0.5526542663574219
2025-12-11T19:11:56.534849Z,25mbit,10mbit,800kbit,none,,0,0,0,135.76312065124512,0.5364418029785156,0.18320083618164062
2025-12-11T19:11:57.402708Z,25mbit,10mbit,800kbit,none,,0,0,0,135.78081130981445,0.5041599273681641,0.17800331115722656
2025-12-11T19:11:57.535084Z,25mbit,10mbit,800kbit,none,,0,0,0,79.74395751953125,0.18596649169921875,0.1533985137939453
2025-12-11T19:11:58.768594Z,25mbit,10mbit,800kbit,none,,0,0,0,79.79216575622559,0.18596649169921875,0.14963150024414062
2025-12-11T19:11:58.772623Z,50mbit,10mbit,800kbit,restore_embb_50mbit,urllc stable,0,0,0,0.354766845703125,0.16937255859375,0.14400482177734375
2025-12-11T19:11:59.513230Z,50mbit,10mbit,800kbit,none,,0,0,0,0.439453125,0.16937255859375,0.17919540405273438
2025-12-11T19:11:59.773399Z,50mbit,10mbit,800kbit,none,,0,0,0,0.443267822265625,0.1621246337890625,0.17976760864257812
2025-12-11T19:12:00.608039Z,50mbit,10mbit,800kbit,none,,0,0,0,0.4268646240234375,0.16274452209472656,0.1850128173828125
2025-12-11T19:12:00.772958Z,50mbit,10mbit,800kbit,none,,0,0,0,0.36334991455078125,0.17042160034179688,0.2158641815185547
2025-12-11T19:12:01.273534Z,50mbit,10mbit,800kbit,none,,0,0,896,58.826351165771484,0.20542144775390625,0.2158641815185547
2025-12-11T19:12:01.772727Z,50mbit,10mbit,800kbit,none,,896,896,0,58.7458610534668,0.20151138305664062,0.2162456512451172
2025-12-11T19:12:02.713170Z,50mbit,10mbit,800kbit,none,,0,0,0,58.75530242919922,0.20933151245117188,0.1850605010986328
2025-12-11T19:12:02.773358Z,50mbit,10mbit,800kbit,none,,0,0,0,58.75144004821777,0.2068042755126953,0.18334388732910156
2025-12-11T19:12:03.273060Z,50mbit,10mbit,800kbit,none,,0,0,0,58.757591247558594,0.20399093627929688,0.18205642700195312
2025-12-11T19:12:03.773470Z,50mbit,10mbit,800kbit,none,,0,0,0,0.3146648406982422,0.20399093627929688,0.15497207641601562
2025-12-11T19:12:04.273387Z,50mbit,10mbit,800kbit,none,,0,0,0,0.31151771545410156,0.1628875732421875,0.15697479248046875
2025-12-11T19:12:04.773163Z,50mbit,10mbit,800kbit,none,,0,0,0,0.2971649169921875,0.17099380493164062,0.16651153564453125
2025-12-11T19:12:05.273686Z,50mbit,10mbit,800kbit,none,,0,0,0,0.3033161163330078,0.1571178436279297,0.17147064208984375
2025-12-11T19:12:05.773111Z,50mbit,10mbit,800kbit,none,,0,0,0,0.2945423126220703,0.15316009521484375,0.17762184143066406
2025-12-11T19:12:06.273746Z,50mbit,10mbit,800kbit,none,,0,0,0,0.2827644348144531,0.1427173614501953,0.17762184143066406
2025-12-11T19:12:06.774076Z,50mbit,10mbit,800kbit,none,,0,0,0,0.2864837646484375,0.1427173614501953,0.177001953125
2025-12-11T19:12:07.273458Z,50mbit,10mbit,800kbit,none,,0,0,0,20.193910598754883,0.1754283905029297,0.17547607421875
2025-12-11T19:12:07.773516Z,50mbit,10mbit,800kbit,none,,0,0,0,20.198965072631836,0.162506103515625,0.17294883728027344
2025-12-11T19:12:08.273123Z,50mbit,10mbit,800kbit,none,,0,0,0,35.776567459106445,0.17447471618652344,0.179290771484375
2025-12-11T19:12:08.773312Z,50mbit,10mbit,800kbit,none,,0,0,0,35.77828407287598,0.1792430877685547,0.16889572143554688
2025-12-11T19:12:09.273256Z,50mbit,10mbit,800kbit,none,,0,0,0,49.3441104888916,0.20656585693359375,0.16884803771972656
2025-12-11T19:12:09.773069Z,50mbit,10mbit,800kbit,none,,0,0,0,29.437255859375,0.17375946044921875,0.16884803771972656
2025-12-11T19:12:10.273300Z,50mbit,10mbit,800kbit,none,,0,0,0,38.997745513916016,0.17375946044921875,0.17518997192382812
2025-12-11T19:12:10.772942Z,50mbit,10mbit,800kbit,none,,0,0,0,23.42987060546875,0.1739501953125,0.17518997192382812
2025-12-11T19:12:11.273444Z,50mbit,10mbit,800kbit,none,,0,0,0,29.956626892089844,0.1739501953125,0.17104148864746094
2025-12-11T19:12:11.773686Z,50mbit,10mbit,800kbit,none,,0,0,0,16.388893127441406,0.1739501953125,0.16193389892578125
2025-12-11T19:12:12.272938Z,50mbit,10mbit,800kbit,none,,0,0,0,22.97530174255371,0.1739501953125,0.1640796661376953
2025-12-11T19:12:12.772947Z,50mbit,10mbit,800kbit,none,,0,0,0,13.418054580688477,0.1739501953125,0.1652240753173828
2025-12-11T19:12:13.398108Z,50mbit,10mbit,800kbit,none,,0,0,0,13.408327102661133,0.1652240753173828,0.1639842987060547
2025-12-11T19:12:13.773179Z,50mbit,10mbit,800kbit,none,,0,0,0,6.87413215637207,0.16388893127441406,0.16307830810546875
2025-12-11T19:12:14.363174Z,50mbit,10mbit,800kbit,none,,0,0,0,6.8805694580078125,0.16388893127441406,0.18157958984375
2025-12-11T19:12:14.773705Z,50mbit,10mbit,800kbit,none,,0,0,0,0.29888153076171875,0.13790130615234375,0.18711090087890625
2025-12-11T19:12:15.488629Z,50mbit,10mbit,800kbit,none,,0,0,0,0.28777122497558594,0.13904571533203125,0.18372535705566406
2025-12-11T19:12:15.773325Z,50mbit,10mbit,800kbit,none,,0,0,0,0.286865234375,0.14052391052246094,0.1792430877685547
2025-12-11T19:12:16.598314Z,50mbit,10mbit,800kbit,none,,0,0,0,0.3032684326171875,0.14595985412597656,0.18310546875
2025-12-11T19:12:16.772981Z,50mbit,10mbit,800kbit,none,,0,0,0,0.29277801513671875,0.14595985412597656,0.16913414001464844
2025-12-11T19:12:17.273536Z,10mbit,10mbit,800kbit,set_embb_10mbit,urllc_rtt=0.729,0,0,0,58.94961357116699,0.7287502288818359,0.170135498046875
2025-12-11T19:12:17.773222Z,10mbit,10mbit,800kbit,none,,0,0,0,58.95204544067383,0.7367610931396484,0.18014907836914062
2025-12-11T19:12:18.273166Z,10mbit,10mbit,800kbit,none,,0,0,0,141.58401489257812,1.458120346069336,0.18029212951660156
2025-12-11T19:12:18.772893Z,10mbit,10mbit,800kbit,none,,0,0,0,141.57543182373047,1.458120346069336,0.17690658569335938
2025-12-11T19:12:19.273161Z,10mbit,10mbit,800kbit,none,,0,0,0,183.1540584564209,1.458120346069336,0.19164085388183594
2025-12-11T19:12:19.772964Z,10mbit,10mbit,800kbit,none,,0,0,0,124.48911666870117,1.458740234375,0.18630027770996094
2025-12-11T19:12:20.273185Z,10mbit,10mbit,800kbit,none,,0,0,0,124.4924545288086,1.4575481414794922,0.1781940460205078
2025-12-11T19:12:20.773478Z,10mbit,10mbit,800kbit,none,,0,0,0,41.863059997558594,1.4575481414794922,0.179290771484375
2025-12-11T19:12:21.273177Z,10mbit,10mbit,800kbit,none,,0,0,0,41.86291694641113,1.4575481414794922,0.18105506896972656
2025-12-11T19:12:21.773687Z,10mbit,10mbit,800kbit,none,,0,0,0,0.2944469451904297,1.4575481414794922,0.1613140106201172
2025-12-11T19:12:22.273573Z,10mbit,10mbit,800kbit,none,,0,0,0,0.2945899963378906,0.8706569671630859,0.15821456909179688
2025-12-11T19:12:22.773473Z,10mbit,10mbit,800kbit,none,,0,0,0,0.29740333557128906,0.8713245391845703,0.15821456909179688
2025-12-11T19:12:23.317145Z,50mbit,10mbit,800kbit,restore_embb_50mbit,urllc stable,0,0,0,0.2991199493408203,0.14591217041015625,0.1678466796875
2025-12-11T19:12:23.773387Z,50mbit,10mbit,800kbit,none,,0,0,0,0.2964496612548828,0.15282630920410156,0.1616954803466797
2025-12-11T19:12:24.602621Z,50mbit,10mbit,800kbit,none,,0,0,0,0.29158592224121094,0.15020370483398438,0.15897750854492188
2025-12-11T19:12:24.773188Z,50mbit,10mbit,800kbit,none,,0,0,0,0.28858184814453125,0.15020370483398438,0.15993118286132812
2025-12-11T19:12:25.333469Z,50mbit,10mbit,800kbit,none,,0,0,0,0.2791404724121094,0.15511512756347656,0.1605987548828125
2025-12-11T19:12:25.773435Z,50mbit,10mbit,800kbit,none,,0,0,0,0.2772331237792969,0.16036033630371094,0.154876708984375
2025-12-11T19:12:26.273201Z,50mbit,10mbit,800kbit,none,,0,0,0,50.782155990600586,0.2239227294921875,0.15969276428222656
2025-12-11T19:12:26.773391Z,50mbit,10mbit,800kbit,none,,0,0,0,50.7868766784668,0.2239227294921875,0.16050338745117188
2025-12-11T19:12:27.273112Z,50mbit,10mbit,800kbit,none,,0,0,0,104.50282096862793,0.22416114807128906,0.16050338745117188
2025-12-11T19:12:27.773119Z,50mbit,10mbit,800kbit,none,,0,0,0,104.50997352600098,0.22072792053222656,0.16508102416992188
2025-12-11T19:12:28.273064Z,50mbit,10mbit,800kbit,none,,0,0,0,104.97374534606934,0.22072792053222656,0.22835731506347656
2025-12-11T19:12:28.773497Z,50mbit,10mbit,800kbit,none,,0,0,0,54.4795036315918,0.22072792053222656,0.2335071563720703
2025-12-11T19:12:29.273243Z,50mbit,10mbit,800kbit,none,,0,0,0,54.46949005126953,0.22072792053222656,0.2285480499267578
2025-12-11T19:12:29.773196Z,50mbit,10mbit,800kbit,none,,0,0,0,0.7646083831787109,0.2490997314453125,0.23031234741210938
2025-12-11T19:12:30.273332Z,50mbit,10mbit,800kbit,none,,0,0,0,18.223857879638672,0.2548694610595703,0.33049583435058594
2025-12-11T19:12:30.773120Z,50mbit,10mbit,800kbit,none,,0,0,0,17.767715454101562,0.2548694610595703,0.2678394317626953
2025-12-11T19:12:31.273399Z,50mbit,10mbit,800kbit,none,,0,0,0,27.323436737060547,0.2028942108154297,0.2745628356933594
2025-12-11T19:12:31.773706Z,50mbit,10mbit,800kbit,none,,0,0,0,27.338314056396484,0.2028942108154297,0.28100013732910156
2025-12-11T19:12:32.623134Z,50mbit,10mbit,800kbit,none,,0,0,0,27.33011245727539,0.2028942108154297,0.2853870391845703
2025-12-11T19:12:32.773027Z,50mbit,10mbit,800kbit,none,,0,0,0,9.866094589233398,0.2028942108154297,0.18377304077148438
2025-12-11T19:12:33.273584Z,50mbit,10mbit,800kbit,none,,0,0,0,69.37522888183594,0.27556419372558594,0.19283294677734375
2025-12-11T19:12:33.773442Z,50mbit,10mbit,800kbit,none,,0,0,0,59.8114013671875,0.27561187744140625,0.16870498657226562
2025-12-11T19:12:34.273192Z,50mbit,10mbit,800kbit,none,,0,0,0,109.38825607299805,0.28095245361328125,0.17418861389160156
2025-12-11T19:12:34.773034Z,50mbit,10mbit,800kbit,none,,0,0,0,109.39216613769531,0.28095245361328125,0.16832351684570312
2025-12-11T19:12:35.273595Z,50mbit,10mbit,800kbit,none,,0,0,0,109.39874649047852,0.26764869689941406,0.16345977783203125
2025-12-11T19:12:35.773334Z,50mbit,10mbit,800kbit,none,,0,0,0,49.89018440246582,0.2762794494628906,0.15239715576171875
2025-12-11T19:12:36.272977Z,50mbit,10mbit,800kbit,none,,0,0,0,49.89032745361328,0.20155906677246094,0.15926361083984375
2025-12-11T19:12:36.773791Z,50mbit,10mbit,800kbit,none,,0,0,0,0.33240318298339844,0.20155906677246094,0.15587806701660156
2025-12-11T19:12:37.273604Z,50mbit,10mbit,800kbit,none,,0,0,0,0.33245086669921875,0.19960403442382812,0.15439987182617188
2025-12-11T19:12:37.773258Z,50mbit,10mbit,800kbit,none,,0,0,0,0.33593177795410156,0.16775131225585938,0.15540122985839844
2025-12-11T19:12:38.273215Z,50mbit,10mbit,800kbit,none,,0,0,0,0.3294944763183594,0.16775131225585938,0.1582622528076172
2025-12-11T19:12:38.773018Z,50mbit,10mbit,800kbit,none,,0,0,0,0.3289222717285156,0.16584396362304688,0.2010822296142578
2025-12-11T19:12:39.348234Z,50mbit,10mbit,800kbit,none,,0,0,0,0.2974510192871094,0.1465320587158203,0.19464492797851562
2025-12-11T19:12:39.773267Z,50mbit,10mbit,800kbit,none,,0,0,0,0.3074169158935547,0.1465320587158203,0.19664764404296875
2025-12-11T19:12:40.272947Z,50mbit,10mbit,800kbit,none,,0,0,0,11.989831924438477,0.1861095428466797,0.20456314086914062
2025-12-11T19:12:40.773822Z,50mbit,10mbit,800kbit,none,,0,0,0,11.994409561157227,0.1910686492919922,0.20728111267089844
2025-12-11T19:12:41.273442Z,50mbit,10mbit,800kbit,none,,0,0,0,20.507192611694336,0.19426345825195312,0.20728111267089844
2025-12-11T19:12:41.773215Z,50mbit,10mbit,800kbit,none,,0,0,0,20.524072647094727,0.20608901977539062,0.1662731170654297
2025-12-11T19:12:42.273070Z,50mbit,10mbit,800kbit,none,,0,0,0,26.15966796875,0.2242565155029297,0.16951560974121094
2025-12-11T19:12:42.773675Z,50mbit,10mbit,800kbit,none,,0,0,0,14.479303359985352,0.2242565155029297,0.1705646514892578
2025-12-11T19:12:43.273284Z,50mbit,10mbit,800kbit,none,,0,0,0,16.956710815429688,0.2242565155029297,0.1766681671142578
2025-12-11T19:12:43.773505Z,50mbit,10mbit,800kbit,none,,0,0,0,8.441543579101562,0.1918792724609375,0.17752647399902344
2025-12-11T19:12:44.273187Z,50mbit,10mbit,800kbit,none,,0,0,0,8.42733383178711,0.19731521606445312,0.1689434051513672
2025-12-11T19:12:44.773305Z,50mbit,10mbit,800kbit,none,,0,0,0,2.776050567626953,0.1987934112548828,0.16798973083496094
2025-12-11T19:12:45.273203Z,50mbit,10mbit,800kbit,none,,0,0,0,28.43451499938965,0.203704833984375,0.29883384704589844
2025-12-11T19:12:45.773305Z,50mbit,10mbit,800kbit,none,,0,0,0,25.957918167114258,0.18901824951171875,0.27294158935546875
2025-12-11T19:12:46.492601Z,50mbit,10mbit,800kbit,none,,0,0,0,25.97203254699707,0.18358230590820312,0.2692222595214844
2025-12-11T19:12:46.773468Z,50mbit,10mbit,800kbit,none,,0,0,0,25.98724365234375,0.18358230590820312,0.2910614013671875
2025-12-11T19:12:47.468057Z,50mbit,10mbit,800kbit,none,,0,0,0,26.001405715942383,0.193023681640625,0.3415107727050781
2025-12-11T19:12:47.773227Z,50mbit,10mbit,800kbit,none,,0,0,0,0.33440589904785156,0.193023681640625,0.2223491668701172
2025-12-11T19:12:48.273088Z,50mbit,10mbit,800kbit,none,,0,0,0,38.92221450805664,0.22983551025390625,0.24061203002929688
2025-12-11T19:12:48.773185Z,50mbit,10mbit,800kbit,none,,0,0,0,38.91921043395996,0.22983551025390625,0.2464771270751953
2025-12-11T19:12:49.558314Z,50mbit,10mbit,800kbit,none,,0,0,0,38.91615867614746,0.22983551025390625,0.23403167724609375
2025-12-11T19:12:49.773220Z,50mbit,10mbit,800kbit,none,,0,0,0,38.90237808227539,0.22230148315429688,0.18019676208496094
2025-12-11T19:12:50.528429Z,50mbit,10mbit,800kbit,none,,0,0,0,38.91172409057617,0.23250579833984375,0.1759052276611328
2025-12-11T19:12:50.773230Z,50mbit,10mbit,800kbit,none,,0,0,0,0.32978057861328125,0.23756027221679688,0.17223358154296875
2025-12-11T19:12:51.272968Z,50mbit,10mbit,800kbit,none,,0,0,0,42.63806343078613,0.23365020751953125,0.16508102416992188
2025-12-11T19:12:51.773336Z,50mbit,10mbit,800kbit,none,,0,0,0,42.627716064453125,0.18525123596191406,0.16036033630371094
2025-12-11T19:12:52.273462Z,50mbit,10mbit,800kbit,none,,0,0,0,42.632246017456055,0.1827239990234375,0.17066001892089844
2025-12-11T19:12:52.773037Z,50mbit,10mbit,800kbit,none,,0,0,0,42.62847900390625,0.18372535705566406,0.17066001892089844
2025-12-11T19:12:53.273296Z,50mbit,10mbit,800kbit,none,,0,0,0,42.61932373046875,0.1739025115966797,0.16317367553710938
2025-12-11T19:12:53.773578Z,50mbit,10mbit,800kbit,none,,0,0,0,0.3025054931640625,0.16222000122070312,0.14905929565429688
2025-12-11T19:12:54.273286Z,50mbit,10mbit,800kbit,none,,0,0,0,81.87394142150879,0.1980304718017578,0.159454345703125
2025-12-11T19:12:54.773144Z,50mbit,10mbit,800kbit,none,,0,0,0,81.86249732971191,0.19292831420898438,0.15974044799804688
2025-12-11T19:12:55.343325Z,50mbit,10mbit,800kbit,none,,0,0,0,81.85420036315918,0.18825531005859375,0.14820098876953125
2025-12-11T19:12:55.773133Z,50mbit,10mbit,800kbit,none,,0,0,0,81.84795379638672,0.19178390502929688,0.14629364013671875
2025-12-11T19:12:56.273315Z,50mbit,10mbit,800kbit,none,,0,0,0,91.26667976379395,0.1945972442626953,0.14629364013671875
2025-12-11T19:12:56.773207Z,50mbit,10mbit,800kbit,none,,0,0,0,9.696388244628906,0.16350746154785156,0.15692710876464844
2025-12-11T19:12:57.307730Z,50mbit,10mbit,800kbit,none,,0,0,0,9.704017639160156,0.16431808471679688,0.15168190002441406
2025-12-11T19:12:57.773244Z,50mbit,10mbit,800kbit,none,,0,0,0,9.70454216003418,0.16088485717773438,0.15230178833007812
2025-12-11T19:12:58.273043Z,50mbit,10mbit,800kbit,none,,0,0,0,13.207530975341797,0.15769004821777344,0.15439987182617188
2025-12-11T19:12:58.773116Z,50mbit,10mbit,800kbit,none,,0,0,0,3.7897586822509766,0.15769004821777344,0.1601696014404297
2025-12-11T19:12:59.273092Z,50mbit,10mbit,800kbit,none,,0,0,0,3.792142868041992,0.1536846160888672,0.1601696014404297
2025-12-11T19:12:59.773360Z,50mbit,10mbit,800kbit,none,,0,0,0,3.8001537322998047,0.15969276428222656,0.1598834991455078
2025-12-11T19:13:00.273088Z,50mbit,10mbit,800kbit,none,,0,0,0,3.8039684295654297,0.15535354614257812,0.15392303466796875
2025-12-11T19:13:00.773362Z,50mbit,10mbit,800kbit,none,,0,0,0,0.3059864044189453,0.15096664428710938,0.17113685607910156
2025-12-11T19:13:01.273733Z,50mbit,10mbit,800kbit,none,,0,0,0,0.30269622802734375,0.1468658447265625,0.17228126525878906
2025-12-11T19:13:01.773721Z,50mbit,10mbit,800kbit,none,,0,0,0,0.30117034912109375,0.1468658447265625,0.16641616821289062
2025-12-11T19:13:02.363247Z,50mbit,10mbit,800kbit,none,,0,0,0,0.3086566925048828,0.15130043029785156,0.16574859619140625
2025-12-11T19:13:02.773334Z,50mbit,10mbit,800kbit,none,,0,0,0,0.31147003173828125,0.15130043029785156,0.16760826110839844
2025-12-11T19:13:03.273509Z,50mbit,10mbit,800kbit,none,,0,0,0,11.619091033935547,0.14982223510742188,0.15802383422851562
2025-12-11T19:13:03.773426Z,50mbit,10mbit,800kbit,none,,0,0,0,11.631298065185547,0.14982223510742188,0.1582622528076172
2025-12-11T19:13:04.273131Z,50mbit,10mbit,800kbit,none,,0,0,0,77.06170082092285,0.15277862548828125,0.1582622528076172
2025-12-11T19:13:04.772952Z,50mbit,10mbit,800kbit,none,,0,0,0,77.04219818115234,0.15277862548828125,0.1601696014404297
2025-12-11T19:13:05.272947Z,50mbit,10mbit,800kbit,none,,0,0,0,133.65960121154785,0.16937255859375,0.1922607421875
2025-12-11T19:13:05.773234Z,50mbit,10mbit,800kbit,none,,0,0,0,122.35193252563477,0.16937255859375,0.19207000732421875
2025-12-11T19:13:06.653229Z,50mbit,10mbit,800kbit,none,,0,0,0,122.34988212585449,0.17242431640625,0.19860267639160156
2025-12-11T19:13:06.773425Z,50mbit,10mbit,800kbit,none,,0,0,0,56.912851333618164,0.17242431640625,0.20165443420410156
2025-12-11T19:13:07.273562Z,50mbit,10mbit,800kbit,none,,0,0,0,102.46968269348145,0.1671314239501953,0.209808349609375
2025-12-11T19:13:07.773465Z,50mbit,10mbit,800kbit,none,,0,0,0,45.86930274963379,0.17461776733398438,0.18291473388671875
2025-12-11T19:13:08.273502Z,50mbit,10mbit,800kbit,none,,0,0,0,142.3987865447998,0.18477439880371094,0.19664764404296875
2025-12-11T19:13:08.772706Z,50mbit,10mbit,800kbit,none,,0,0,0,142.38243103027344,0.1681804656982422,0.1815319061279297
2025-12-11T19:13:09.723265Z,50mbit,10mbit,800kbit,none,,0,0,0,142.38343238830566,0.18091201782226562,0.176239013671875
2025-12-11T19:13:09.772908Z,50mbit,10mbit,800kbit,none,,0,0,0,96.81992530822754,0.18091201782226562,0.17189979553222656
2025-12-11T19:13:10.273141Z,50mbit,10mbit,800kbit,none,,0,0,0,178.4402370452881,0.20122528076171875,0.16803741455078125
2025-12-11T19:13:10.773040Z,50mbit,10mbit,800kbit,none,,0,0,0,81.90922737121582,0.20122528076171875,0.16508102416992188
2025-12-11T19:13:11.327973Z,50mbit,10mbit,800kbit,none,,0,0,0,81.93278312683105,0.194549560546875,0.16508102416992188
2025-12-11T19:13:11.773305Z,50mbit,10mbit,800kbit,none,,0,0,0,81.93840980529785,0.1834869384765625,0.16527175903320312
2025-12-11T19:13:12.312890Z,50mbit,10mbit,800kbit,none,,0,0,0,81.96320533752441,0.18444061279296875,0.1773357391357422
2025-12-11T19:13:12.773334Z,50mbit,10mbit,800kbit,none,,0,0,0,0.337982177734375,0.17414093017578125,0.17251968383789062
2025-12-11T19:13:13.273270Z,50mbit,10mbit,800kbit,none,,0,0,0,4.89349365234375,0.17414093017578125,0.21924972534179688
2025-12-11T19:13:13.773414Z,50mbit,10mbit,800kbit,none,,0,0,0,4.88433837890625,0.1624584197998047,0.2063274383544922
2025-12-11T19:13:14.283226Z,50mbit,10mbit,800kbit,none,,0,0,0,4.87971305847168,0.15535354614257812,0.2064228057861328
2025-12-11T19:13:14.773456Z,10mbit,10mbit,800kbit,set_embb_10mbit,urllc_rtt=0.868,0,0,0,4.877424240112305,0.8681774139404297,0.1930713653564453
2025-12-11T19:13:15.273123Z,10mbit,10mbit,800kbit,none,,0,0,0,4.917240142822266,0.8705615997314453,0.18630027770996094
2025-12-11T19:13:15.773324Z,10mbit,10mbit,800kbit,none,,0,0,0,0.3631114959716797,0.8752346038818359,0.18630027770996094
2025-12-11T19:13:16.273782Z,10mbit,10mbit,800kbit,none,,0,0,0,0.35614967346191406,0.8710861206054688,0.13861656188964844
2025-12-11T19:13:16.773014Z,10mbit,10mbit,800kbit,none,,0,0,0,0.3623008728027344,0.8721828460693359,0.13861656188964844
2025-12-11T19:13:17.273589Z,10mbit,10mbit,800kbit,none,,0,0,0,0.35042762756347656,0.8721828460693359,0.1541614532470703
2025-12-11T19:13:17.773229Z,50mbit,10mbit,800kbit,restore_embb_50mbit,urllc stable,0,0,0,0.2917289733886719,0.16579627990722656,0.1548290252685547
2025-12-11T19:13:18.273395Z,50mbit,10mbit,800kbit,none,,0,0,0,37.80570030212402,0.18897056579589844,0.1548290252685547
2025-12-11T19:13:18.773535Z,50mbit,10mbit,800kbit,none,,0,0,0,37.80403137207031,0.20194053649902344,0.16188621520996094
2025-12-11T19:13:19.272976Z,50mbit,10mbit,800kbit,none,,0,0,0,73.28686714172363,0.20194053649902344,0.1723766326904297
2025-12-11T19:13:19.773156Z,50mbit,10mbit,800kbit,none,,0,0,0,73.28610420227051,0.2022266387939453,0.1743316650390625
2025-12-11T19:13:20.273310Z,10mbit,10mbit,800kbit,set_embb_10mbit,urllc_rtt=0.769,0,0,0,104.95443344116211,0.7688522338867188,0.16264915466308594
2025-12-11T19:13:20.773166Z,10mbit,10mbit,800kbit,none,,0,0,0,67.43755340576172,0.7688522338867188,0.17104148864746094
2025-12-11T19:13:21.663093Z,10mbit,10mbit,800kbit,none,,0,0,0,67.43960380554199,0.7643699645996094,0.15783309936523438
2025-12-11T19:13:21.773213Z,10mbit,10mbit,800kbit,none,,0,0,0,31.951522827148438,0.7643699645996094,0.15931129455566406
2025-12-11T19:13:22.273020Z,10mbit,10mbit,800kbit,none,,0,0,0,81.50186538696289,0.7717132568359375,0.19402503967285156
2025-12-11T19:13:22.773410Z,10mbit,10mbit,800kbit,none,,0,0,0,49.83625411987305,0.7579803466796875,0.18973350524902344
2025-12-11T19:13:23.273072Z,10mbit,10mbit,800kbit,none,,0,0,0,92.41061210632324,0.7579803466796875,0.19845962524414062
2025-12-11T19:13:23.773482Z,10mbit,10mbit,800kbit,none,,0,0,0,92.40918159484863,0.7579803466796875,0.20585060119628906
2025-12-11T19:13:24.272950Z,10mbit,10mbit,800kbit,none,,0,0,0,125.99897384643555,0.7579803466796875,0.2117156982421875
2025-12-11T19:13:24.773399Z,10mbit,10mbit,800kbit,none,,0,0,0,76.45893096923828,0.7600307464599609,0.2117156982421875
2025-12-11T19:13:25.273242Z,50mbit,10mbit,800kbit,restore_embb_50mbit,urllc stable,0,0,0,166.0140037536621,0.22115707397460938,0.18186569213867188
2025-12-11T19:13:25.773029Z,50mbit,10mbit,800kbit,none,,0,0,0,123.43034744262695,0.22115707397460938,0.1880645751953125
2025-12-11T19:13:26.273348Z,50mbit,10mbit,800kbit,none,,0,0,0,206.09421730041504,0.26183128356933594,0.19559860229492188
2025-12-11T19:13:26.772874Z,50mbit,10mbit,800kbit,none,,0,0,0,172.50328063964844,0.24099349975585938,0.19559860229492188
2025-12-11T19:13:27.647102Z,50mbit,10mbit,800kbit,none,,0,0,0,172.5235939025879,0.2610206604003906,0.218963623046875
2025-12-11T19:13:27.772767Z,50mbit,10mbit,800kbit,none,,0,0,0,82.96432495117188,0.2610206604003906,0.2093791961669922
2025-12-11T19:13:28.303041Z,50mbit,10mbit,800kbit,none,,0,0,0,82.97157287597656,0.2589225769042969,0.22101402282714844
2025-12-11T19:13:28.773056Z,50mbit,10mbit,800kbit,none,,0,0,0,0.31180381774902344,0.23255348205566406,0.217437744140625
2025-12-11T19:13:29.372244Z,50mbit,10mbit,800kbit,none,,0,0,0,0.3181934356689453,0.1891613006591797,0.2010822296142578
2025-12-11T19:13:29.773405Z,50mbit,10mbit,800kbit,none,,0,0,0,0.2921581268310547,0.17995834350585938,0.18110275268554688
2025-12-11T19:13:30.272972Z,50mbit,10mbit,800kbit,none,,0,0,0,50.89073181152344,0.24399757385253906,0.18110275268554688
2025-12-11T19:13:30.773118Z,50mbit,10mbit,800kbit,none,,0,0,0,50.89521408081055,0.23713111877441406,0.18672943115234375
2025-12-11T19:13:31.273646Z,50mbit,10mbit,800kbit,none,,0,0,0,50.91290473937988,0.23713111877441406,0.17447471618652344
2025-12-11T19:13:31.772987Z,50mbit,10mbit,800kbit,none,,0,0,0,50.911617279052734,0.2437114715576172,0.17023086547851562
2025-12-11T19:13:32.273734Z,50mbit,10mbit,800kbit,none,,0,0,0,50.91280937194824,0.24557113647460938,0.16341209411621094
2025-12-11T19:13:32.773639Z,50mbit,10mbit,800kbit,none,,0,0,0,0.3330230712890625,0.24204254150390625,0.16341209411621094
2025-12-11T19:13:33.273203Z,50mbit,10mbit,800kbit,none,,0,0,0,0.34470558166503906,0.24204254150390625,0.16613006591796875
2025-12-11T19:13:33.773285Z,50mbit,10mbit,800kbit,none,,0,0,0,0.33664703369140625,0.1572132110595703,0.17747879028320312
2025-12-11T19:13:34.453889Z,50mbit,10mbit,800kbit,none,,0,0,0,0.3318309783935547,0.1662731170654297,0.17919540405273438
2025-12-11T19:13:34.773337Z,50mbit,10mbit,800kbit,none,,0,0,0,0.33288002014160156,0.1662731170654297,0.18224716186523438
2025-12-11T19:13:35.437897Z,50mbit,10mbit,800kbit,none,,0,0,0,0.32095909118652344,0.16603469848632812,0.18186569213867188
2025-12-11T19:13:35.773022Z,50mbit,10mbit,800kbit,none,,0,0,0,0.3161907196044922,0.16698837280273438,0.18186569213867188
2025-12-11T19:13:36.423249Z,50mbit,10mbit,800kbit,none,,0,0,0,0.3028392791748047,0.17223358154296875,0.1792430877685547
2025-12-11T19:13:36.773116Z,50mbit,10mbit,800kbit,none,,0,0,0,0.29549598693847656,0.17223358154296875,0.16613006591796875
2025-12-11T19:13:37.432845Z,50mbit,10mbit,800kbit,none,,0,0,0,0.3174781799316406,0.18410682678222656,0.15649795532226562
2025-12-11T19:13:37.773676Z,50mbit,10mbit,800kbit,none,,0,0,0,0.31571388244628906,0.1811504364013672,0.17952919006347656
2025-12-11T19:13:38.273007Z,50mbit,10mbit,800kbit,none,,0,0,0,49.77993965148926,0.18410682678222656,0.1983165740966797
2025-12-11T19:13:38.773234Z,50mbit,10mbit,800kbit,none,,0,0,0,49.79391098022461,0.18410682678222656,0.2026081085205078
2025-12-11T19:13:39.273456Z,50mbit,10mbit,800kbit,none,,0,0,0,91.31307601928711,0.18410682678222656,0.7576465606689453
2025-12-11T19:13:39.773320Z,50mbit,10mbit,800kbit,none,,0,0,0,91.28704071044922,0.19502639770507812,0.7616519927978516
2025-12-11T19:13:40.273333Z,25mbit,10mbit,800kbit,set_embb_25mbit,urllc_rtt=0.339,0,0,0,124.83139038085938,0.33898353576660156,0.7616519927978516
2025-12-11T19:13:40.773779Z,25mbit,10mbit,800kbit,none,,0,0,0,75.35715103149414,0.33893585205078125,0.7373332977294922
2025-12-11T19:13:41.718237Z,25mbit,10mbit,800kbit,none,,0,0,0,75.36406517028809,0.33893585205078125,0.7327556610107422
2025-12-11T19:13:41.772955Z,25mbit,10mbit,800kbit,none,,0,0,0,33.84404182434082,0.3371715545654297,0.7244586944580078
2025-12-11T19:13:42.273602Z,25mbit,10mbit,800kbit,none,,0,0,0,115.36612510681152,0.3371715545654297,0.18525123596191406
2025-12-11T19:13:42.772774Z,25mbit,10mbit,800kbit,none,,0,0,0,81.82358741760254,0.3284454345703125,0.18033981323242188
2025-12-11T19:13:43.273256Z,25mbit,10mbit,800kbit,none,,0,0,0,155.34462928771973,0.3611564636230469,0.2010822296142578
2025-12-11T19:13:43.773366Z,25mbit,10mbit,800kbit,none,,0,0,0,155.3128719329834,0.3611564636230469,0.19240379333496094
2025-12-11T19:13:44.292704Z,25mbit,10mbit,800kbit,none,,0,0,0,155.32488822937012,0.21147727966308594,0.19278526306152344
2025-12-11T19:13:44.773713Z,25mbit,10mbit,800kbit,none,,0,0,0,73.79918098449707,0.21147727966308594,0.17294883728027344
2025-12-11T19:13:45.273285Z,50mbit,10mbit,800kbit,restore_embb_50mbit,urllc stable,0,0,0,74.78280067443848,0.21147727966308594,0.1811504364013672
2025-12-11T19:13:45.773209Z,50mbit,10mbit,800kbit,none,,0,0,0,1.2657642364501953,0.1956462860107422,0.16069412231445312
2025-12-11T19:13:46.273180Z,50mbit,10mbit,800kbit,none,,0,0,0,1.2804985046386719,0.2017974853515625,0.15649795532226562
2025-12-11T19:13:46.772971Z,50mbit,10mbit,800kbit,none,,0,0,0,1.2842655181884766,0.19931793212890625,0.1544952392578125
2025-12-11T19:13:47.274241Z,50mbit,10mbit,800kbit,none,,0,0,0,1.2996196746826172,0.19278526306152344,0.1476287841796875
2025-12-11T19:13:47.773067Z,50mbit,10mbit,800kbit,none,,0,0,0,0.3167152404785156,0.2044677734375,0.1522064208984375
2025-12-11T19:13:48.273322Z,50mbit,10mbit,800kbit,none,,0,0,0,0.3182411193847656,0.2017498016357422,0.1525402069091797
2025-12-11T19:13:48.773233Z,50mbit,10mbit,800kbit,none,,0,0,0,0.3298759460449219,0.19927024841308594,0.15501976013183594
2025-12-11T19:13:49.463407Z,50mbit,10mbit,800kbit,none,,0,0,0,0.9552955627441406,0.20503997802734375,0.1614093780517578
2025-12-11T19:13:49.773652Z,50mbit,10mbit,800kbit,none,,0,0,0,0.9467601776123047,0.20503997802734375,0.17485618591308594
2025-12-11T19:13:50.273216Z,10mbit,10mbit,800kbit,set_embb_10mbit,urllc_rtt=0.701,0,0,0,34.516048431396484,0.7009029388427734,0.19779205322265625
2025-12-11T19:13:50.773613Z,10mbit,10mbit,800kbit,none,,0,0,0,34.509897232055664,0.6915092468261719,0.1938343048095703
2025-12-11T19:13:51.427242Z,10mbit,10mbit,800kbit,none,,0,0,0,34.85698699951172,0.74920654296875,0.1938343048095703
2025-12-11T19:13:51.773265Z,10mbit,10mbit,800kbit,none,,0,0,0,34.232187271118164,0.7619857788085938,0.19426345825195312
2025-12-11T19:13:52.413239Z,10mbit,10mbit,800kbit,none,,0,0,0,34.244680404663086,0.7762432098388672,0.4174232482910156
2025-12-11T19:13:52.773146Z,10mbit,10mbit,800kbit,none,,0,0,0,0.6811618804931641,0.7762432098388672,0.4219532012939453
2025-12-11T19:13:53.402686Z,50mbit,10mbit,800kbit,restore_embb_50mbit,urllc stable,0,0,0,0.6943225860595703,0.2501487731933594,0.4866600036621094
2025-12-11T19:13:53.772993Z,50mbit,10mbit,800kbit,none,,0,0,0,0.3342628479003906,0.2501487731933594,0.49571990966796875
2025-12-11T19:13:54.518116Z,50mbit,10mbit,800kbit,none,,0,0,0,0.3499031066894531,0.2749443054199219,0.49300193786621094
2025-12-11T19:13:54.773510Z,50mbit,10mbit,800kbit,none,,0,0,0,0.33969879150390625,0.2178192138671875,0.26416778564453125
2025-12-11T19:13:55.487915Z,50mbit,10mbit,800kbit,none,,0,0,0,0.3265857696533203,0.20933151245117188,0.26416778564453125
2025-12-11T19:13:55.773029Z,50mbit,10mbit,800kbit,none,,0,0,0,0.3201007843017578,0.18758773803710938,0.26183128356933594
2025-12-11T19:13:56.273727Z,50mbit,10mbit,800kbit,none,,0,0,0,33.74509811401367,0.18758773803710938,0.1766681671142578
2025-12-11T19:13:56.773013Z,50mbit,10mbit,800kbit,none,,0,0,0,33.728694915771484,0.17671585083007812,0.1735210418701172
2025-12-11T19:13:57.273297Z,50mbit,10mbit,800kbit,none,,0,0,0,143.26391220092773,0.18444061279296875,0.2170085906982422
2025-12-11T19:13:57.824846Z,50mbit,10mbit,800kbit,none,,0,0,0,143.253755569458,0.18444061279296875,0.21724700927734375
2025-12-11T19:13:58.325074Z,10mbit,10mbit,800kbit,set_embb_10mbit,urllc_rtt=31.357,0,0,0,143.253755569458,31.35700225830078,0.21724700927734375
2025-12-11T19:13:58.825226Z,10mbit,10mbit,800kbit,none,,0,0,0,143.2464599609375,31.354951858520508,0.20618438720703125
2025-12-11T19:13:59.653038Z,10mbit,10mbit,800kbit,none,,0,0,0,109.82842445373535,31.35685920715332,0.22153854370117188
2025-12-11T19:13:59.825386Z,10mbit,10mbit,800kbit,none,,0,0,0,109.82017517089844,31.377363204956055,0.23403167724609375
2025-12-11T19:14:00.325812Z,10mbit,10mbit,800kbit,none,,0,0,0,0.2987861633300781,31.377363204956055,0.1949310302734375
