ts,embb_rate,urllc_rate,mmtc_rate,action,reason,embb_bps,urllc_bps,mmtc_bps,embb_rtt_ms,urllc_rtt_ms,mmtc_rtt_ms
2025-12-11T19:17:28.964755Z,50mbit,10mbit,500kbit,none,,0,0,0,0.35071372985839844,0.21696090698242188,0.1850128173828125
2025-12-11T19:17:29.465802Z,50mbit,10mbit,500kbit,none,,0,0,0,97.64993190765381,0.22876262664794922,0.17440319061279297
2025-12-11T19:17:29.965251Z,50mbit,10mbit,500kbit,none,,0,0,0,65.1858647664388,0.20003318786621094,0.1885096232096354
2025-12-11T19:17:30.465128Z,50mbit,10mbit,500kbit,none,,0,0,0,92.92441606521606,0.18769502639770508,0.19818544387817383
2025-12-11T19:17:30.965805Z,50mbit,10mbit,800kbit,bump_mmtc,mmtc loss,0,0,0,74.3964672088623,0.1922130584716797,0.19818544387817383
2025-12-11T19:17:31.465558Z,50mbit,10mbit,800kbit,none,,0,0,0,155.38249015808105,0.18520355224609375,0.1849651336669922
2025-12-11T19:17:31.964929Z,50mbit,10mbit,800kbit,none,,0,0,0,116.45126342773438,0.16694068908691406,0.17518997192382812
2025-12-11T19:17:32.465040Z,50mbit,10mbit,800kbit,none,,0,0,0,194.64521408081055,0.18105506896972656,0.17518997192382812
2025-12-11T19:17:32.965230Z,50mbit,10mbit,800kbit,none,,0,0,0,159.470796585083,0.17938613891601562,0.17108917236328125
2025-12-11T19:17:33.465770Z,50mbit,10mbit,800kbit,none,,0,0,0,274.2170810699463,0.2689361572265625,0.17108917236328125
2025-12-11T19:17:34.044855Z,50mbit,10mbit,800kbit,none,,0,0,0,193.218994140625,0.2689361572265625,0.1601696014404297
2025-12-11T19:17:34.545631Z,50mbit,10mbit,800kbit,none,,0,0,0,249.3359088897705,0.2787590026855469,0.15921592712402344
2025-12-11T19:17:35.045767Z,50mbit,10mbit,800kbit,none,,0,0,0,171.15836143493652,0.2871513366699219,0.17528533935546875
2025-12-11T19:17:35.807732Z,50mbit,10mbit,800kbit,none,,0,0,0,171.16341590881348,0.293731689453125,0.18157958984375
2025-12-11T19:17:36.045188Z,50mbit,10mbit,800kbit,none,,0,0,0,56.418800354003906,0.293731689453125,0.1842498779296875
2025-12-11T19:17:36.545628Z,50mbit,10mbit,800kbit,none,,0,0,0,130.53665161132812,0.293731689453125,0.20089149475097656
2025-12-11T19:17:37.045351Z,50mbit,10mbit,800kbit,none,,0,0,0,74.42326545715332,0.293731689453125,0.18820762634277344
2025-12-11T19:17:37.545217Z,25mbit,10mbit,800kbit,set_embb_25mbit,urllc_rtt=0.306,0,0,0,142.62804985046387,0.3062248229980469,0.191497802734375
2025-12-11T19:17:38.045509Z,25mbit,10mbit,800kbit,none,,0,0,0,142.63005256652832,0.3062248229980469,0.18978118896484375
2025-12-11T19:17:38.546260Z,25mbit,10mbit,800kbit,none,,0,0,0,206.51955604553223,0.3062248229980469,0.19621849060058594
2025-12-11T19:17:39.045593Z,25mbit,10mbit,800kbit,none,,0,0,0,132.3923110961914,0.3062248229980469,0.1789569854736328
2025-12-11T19:17:39.545582Z,25mbit,10mbit,800kbit,none,,0,0,0,245.42522430419922,0.3098011016845703,0.8215427398681641
2025-12-11T19:17:40.118204Z,25mbit,10mbit,800kbit,none,,0,0,0,177.20022201538086,0.3070831298828125,0.8098602294921875
2025-12-11T19:17:41.083208Z,25mbit,10mbit,800kbit,none,,0,0,0,177.19478607177734,0.2936363220214844,0.8098602294921875
2025-12-11T19:17:41.118809Z,25mbit,10mbit,800kbit,none,,0,0,0,113.31086158752441,0.2757549285888672,0.8074760437011719
2025-12-11T19:17:41.618399Z,50mbit,10mbit,800kbit,restore_embb_50mbit,urllc stable,0,0,0,234.87744331359863,0.26879310607910156,0.8035659790039062
2025-12-11T19:17:42.233361Z,50mbit,10mbit,800kbit,none,,0,0,0,121.82660102844238,0.26879310607910156,1.0296344757080078
2025-12-11T19:17:42.733436Z,50mbit,10mbit,800kbit,none,,0,0,0,121.8390941619873,0.16908645629882812,0.385284423828125
2025-12-11T19:17:43.234038Z,50mbit,10mbit,800kbit,none,,0,0,0,121.8564510345459,0.1616954803466797,0.3967761993408203
2025-12-11T19:17:43.734328Z,50mbit,10mbit,800kbit,none,,0,0,0,121.8529224395752,0.1616954803466797,0.40450096130371094
2025-12-11T19:17:44.234310Z,50mbit,10mbit,800kbit,none,,0,0,0,0.29883384704589844,0.17256736755371094,0.4040241241455078
2025-12-11T19:17:44.733915Z,50mbit,10mbit,800kbit,none,,0,0,0,0.31676292419433594,0.17976760864257812,0.17652511596679688
2025-12-11T19:17:45.234361Z,50mbit,10mbit,800kbit,none,,0,0,0,0.30694007873535156,0.17261505126953125,0.18672943115234375
2025-12-11T19:17:45.734027Z,50mbit,10mbit,800kbit,none,,0,0,0,0.30198097229003906,0.16813278198242188,0.17218589782714844
2025-12-11T19:17:46.234000Z,50mbit,10mbit,800kbit,none,,0,0,0,0.3044605255126953,0.15916824340820312,0.1770496368408203
2025-12-11T19:17:46.734288Z,50mbit,10mbit,800kbit,none,,0,0,0,0.310516357421875,0.1594066619873047,0.1720428466796875
2025-12-11T19:17:47.234001Z,50mbit,10mbit,800kbit,none,,0,0,0,0.30951499938964844,0.1586437225341797,0.1720428466796875
2025-12-11T19:17:48.128874Z,50mbit,10mbit,800kbit,none,,0,0,0,0.32367706298828125,0.16336441040039062,0.1956462860107422
2025-12-11T19:17:48.234054Z,50mbit,10mbit,800kbit,none,,0,0,0,0.30837059020996094,0.1636981964111328,0.18630027770996094
2025-12-11T19:17:48.734494Z,50mbit,10mbit,800kbit,none,,0,0,0,23.105144500732422,0.20232200622558594,0.18777847290039062
2025-12-11T19:17:49.233886Z,50mbit,10mbit,800kbit,none,,0,0,0,23.0926513671875,0.19669532775878906,0.19311904907226562
2025-12-11T19:17:49.734402Z,50mbit,10mbit,800kbit,none,,0,0,0,85.3477954864502,0.2457141876220703,0.33397674560546875
2025-12-11T19:17:50.233514Z,50mbit,10mbit,800kbit,none,,0,0,0,85.34479141235352,0.2457141876220703,0.31189918518066406
2025-12-11T19:17:50.734220Z,50mbit,10mbit,800kbit,none,,0,0,0,101.6782283782959,0.2632617950439453,0.32973289489746094
2025-12-11T19:17:51.234068Z,50mbit,10mbit,800kbit,none,,13200,13200,13200,78.87969017028809,0.2933025360107422,0.3283977508544922
2025-12-11T19:17:51.733998Z,50mbit,10mbit,800kbit,none,,32048,32048,32048,92.17963218688965,0.2688407897949219,0.32100677490234375
2025-12-11T19:17:52.233873Z,50mbit,10mbit,800kbit,none,,3472,3472,3472,29.915285110473633,0.29587745666503906,0.17991065979003906
2025-12-11T19:17:52.733981Z,50mbit,10mbit,800kbit,none,,39616,39616,39616,42.136335372924805,0.24442672729492188,0.18057823181152344
2025-12-11T19:17:53.233944Z,50mbit,10mbit,800kbit,none,,1920,1920,1920,25.79827308654785,0.2510547637939453,0.173187255859375
2025-12-11T19:17:53.734542Z,50mbit,10mbit,800kbit,none,,33584,33584,33584,56.180667877197266,0.24290084838867188,0.18138885498046875
2025-12-11T19:17:54.233809Z,50mbit,10mbit,800kbit,none,,3840,3840,3840,43.05391311645508,0.25582313537597656,0.177764892578125
2025-12-11T19:17:54.734006Z,50mbit,10mbit,800kbit,none,,34416,34416,34416,138.39306831359863,0.2620220184326172,0.21505355834960938
2025-12-11T19:17:55.233526Z,50mbit,10mbit,800kbit,none,,0,0,0,126.27067565917969,0.26760101318359375,0.35266876220703125
2025-12-11T19:17:55.993830Z,50mbit,10mbit,800kbit,none,,35520,35520,35520,126.90229415893555,0.2490997314453125,0.6140708923339844
2025-12-11T19:17:56.233919Z,50mbit,10mbit,800kbit,none,,11040,11040,11040,96.49667739868164,0.2296924591064453,0.6253719329833984
2025-12-11T19:17:56.733512Z,25mbit,10mbit,800kbit,set_embb_25mbit,urllc_rtt=0.362,42048,42048,42048,165.80395698547363,0.36215782165527344,0.6672382354736328
2025-12-11T19:17:57.233983Z,25mbit,10mbit,800kbit,none,,5456,5456,5456,70.47085762023926,0.3273487091064453,0.65155029296875
2025-12-11T19:17:57.734412Z,25mbit,10mbit,800kbit,none,,43136,43136,43136,70.47085762023926,0.3273487091064453,13.672733306884766
2025-12-11T19:17:58.233658Z,25mbit,10mbit,800kbit,none,,0,0,0,70.38135528564453,0.33321380615234375,13.41409683227539
2025-12-11T19:17:58.734116Z,25mbit,10mbit,800kbit,none,,2512,2512,2512,69.74377632141113,0.33283233642578125,13.393402099609375
2025-12-11T19:17:59.234246Z,25mbit,10mbit,800kbit,none,,32288,32288,32288,69.75831985473633,0.3422737121582031,13.351297378540039
2025-12-11T19:17:59.734458Z,25mbit,10mbit,800kbit,none,,0,0,0,0.2804279327392578,0.18892288208007812,13.342428207397461
2025-12-11T19:18:00.234311Z,25mbit,10mbit,800kbit,none,,41056,41056,41056,0.26450157165527344,0.20008087158203125,0.18973350524902344
2025-12-11T19:18:00.734083Z,50mbit,10mbit,800kbit,restore_embb_50mbit,urllc stable,6672,6672,6672,0.3476142883300781,0.19216537475585938,0.1930713653564453
2025-12-11T19:18:01.234245Z,50mbit,10mbit,800kbit,none,,43472,43472,43472,0.3628730773925781,0.1880168914794922,0.24209022521972656
2025-12-11T19:18:01.734426Z,50mbit,10mbit,800kbit,none,,8672,8672,8672,0.8991718292236328,0.18906593322753906,0.24614334106445312
2025-12-11T19:18:02.233976Z,50mbit,10mbit,800kbit,none,,37056,37056,37056,1.000213623046875,0.19807815551757812,0.2667427062988281
2025-12-11T19:18:02.873245Z,50mbit,10mbit,800kbit,none,,11040,11040,11040,1.5176773071289062,0.2093791961669922,0.36411285400390625
2025-12-11T19:18:03.233968Z,50mbit,10mbit,800kbit,none,,19456,19456,19456,1.4247417449951172,0.23860931396484375,0.35233497619628906
2025-12-11T19:18:03.855720Z,50mbit,10mbit,800kbit,none,,9952,9952,9952,1.6201972961425781,0.24099349975585938,0.31223297119140625
2025-12-11T19:18:04.233881Z,50mbit,10mbit,800kbit,none,,18432,18432,18432,1.1166572570800781,0.2892017364501953,0.3189563751220703
2025-12-11T19:18:04.838040Z,50mbit,10mbit,800kbit,none,,7584,7584,7584,1.0701179504394531,0.2936363220214844,0.29315948486328125
2025-12-11T19:18:05.234132Z,50mbit,10mbit,800kbit,none,,19008,19008,19008,0.5698204040527344,0.2852439880371094,0.21867752075195312
2025-12-11T19:18:05.734118Z,10mbit,10mbit,800kbit,set_embb_10mbit,urllc_rtt=21.469,4752,4752,6672,0.5698204040527344,21.4688777923584,0.5204200744628906
2025-12-11T19:18:06.233691Z,10mbit,10mbit,800kbit,none,,34160,34160,32240,0.5663394927978516,21.468591690063477,0.5204677581787109
2025-12-11T19:18:06.807366Z,10mbit,10mbit,800kbit,none,,4752,4752,4752,0.3516674041748047,21.417617797851562,0.508880615234375
2025-12-11T19:18:07.234002Z,10mbit,10mbit,800kbit,none,,41168,41168,41168,0.32138824462890625,22.028589248657227,0.5068778991699219
2025-12-11T19:18:07.734011Z,10mbit,10mbit,800kbit,none,,0,0,0,10.447502136230469,22.02315330505371,0.48851966857910156
2025-12-11T19:18:08.234204Z,10mbit,10mbit,800kbit,none,,53232,53232,53232,10.439729690551758,0.7924079895019531,0.19931793212890625
2025-12-11T19:18:08.788023Z,10mbit,10mbit,800kbit,none,,4112,4112,4112,10.431623458862305,0.7915496826171875,0.19354820251464844
2025-12-11T19:18:09.234110Z,10mbit,10mbit,800kbit,none,,31792,31792,31792,10.448980331420898,0.7812976837158203,0.19655227661132812
2025-12-11T19:18:09.882075Z,50mbit,10mbit,800kbit,restore_embb_50mbit,urllc stable,7952,7952,7952,10.434913635253906,0.1560688018798828,0.19006729125976562
2025-12-11T19:18:10.234031Z,50mbit,10mbit,800kbit,none,,33520,33520,33520,0.24094581604003906,0.1743793487548828,0.19540786743164062
2025-12-11T19:18:11.233050Z,50mbit,10mbit,800kbit,none,,4752,4752,4752,0.2898216247558594,0.19788742065429688,0.23288726806640625
2025-12-11T19:18:11.239888Z,25mbit,10mbit,800kbit,set_embb_25mbit,urllc_rtt=0.328,0,0,0,0.3105640411376953,0.3284454345703125,0.2368450164794922
2025-12-11T19:18:11.740056Z,25mbit,10mbit,800kbit,none,,5760,5760,5760,0.3105640411376953,0.3284454345703125,35.363197326660156
2025-12-11T19:18:12.319552Z,10mbit,10mbit,800kbit,set_embb_10mbit,urllc_rtt=0.924,10560,10560,14080,0.3201484680175781,0.9243011474609375,35.370540618896484
2025-12-11T19:18:13.087351Z,10mbit,10mbit,800kbit,none,,8080,8080,4560,0.8177280426025391,0.9227275848388672,35.35175323486328
2025-12-11T19:18:13.319951Z,10mbit,10mbit,800kbit,none,,21328,21328,21328,0.8204460144042969,0.9001731872558594,35.30020713806152
2025-12-11T19:18:13.820050Z,10mbit,10mbit,800kbit,none,,19968,19968,19968,0.8204460144042969,4.959249496459961,35.31341552734375
2025-12-11T19:18:14.320320Z,10mbit,10mbit,800kbit,none,,19584,19584,19584,0.7847309112548828,4.836797714233398,0.1934528350830078
2025-12-11T19:18:15.003228Z,10mbit,10mbit,800kbit,none,,14960,14960,14960,0.7585525512695312,4.240226745605469,0.1850605010986328
2025-12-11T19:18:15.320058Z,10mbit,10mbit,800kbit,none,,18304,18304,18304,0.7433414459228516,4.274892807006836,0.1904010772705078
2025-12-11T19:18:15.820163Z,10mbit,10mbit,800kbit,none,,32704,32704,32704,0.2487659454345703,4.272222518920898,0.19178390502929688
2025-12-11T19:18:16.320321Z,10mbit,10mbit,800kbit,none,,33440,33440,33440,0.2506732940673828,0.213623046875,0.1743793487548828
2025-12-11T19:18:16.820422Z,10mbit,10mbit,800kbit,none,,40416,40416,40416,0.23403167724609375,0.21238327026367188,0.16527175903320312
2025-12-11T19:18:17.320043Z,50mbit,10mbit,800kbit,restore_embb_50mbit,urllc stable,23344,23344,23344,0.2299785614013672,0.22940635681152344,0.18053054809570312
2025-12-11T19:18:18.208445Z,50mbit,10mbit,800kbit,none,,15024,17536,17536,0.551605224609375,0.19593238830566406,0.16803741455078125
2025-12-11T19:18:18.319799Z,50mbit,10mbit,800kbit,none,,14656,12144,12144,0.5794048309326172,0.214385986328125,0.1872539520263672
2025-12-11T19:18:18.863239Z,50mbit,10mbit,800kbit,none,,26928,28208,28208,0.5697727203369141,0.2022266387939453,0.1891613006591797
2025-12-11T19:18:19.320362Z,25mbit,10mbit,800kbit,set_embb_25mbit,urllc_rtt=0.309,36288,35008,35008,0.6443023681640625,0.308990478515625,0.18291473388671875
2025-12-11T19:18:19.820004Z,25mbit,10mbit,800kbit,none,,960,1920,7360,5.937099456787109,0.3818511962890625,0.1761913299560547
2025-12-11T19:18:20.320115Z,25mbit,10mbit,800kbit,none,,53712,52752,47312,5.619239807128906,0.4948139190673828,0.2013683319091797
2025-12-11T19:18:20.827902Z,25mbit,10mbit,800kbit,none,,5280,6240,6240,6.247997283935547,0.4809379577636719,0.19097328186035156
2025-12-11T19:18:21.320074Z,25mbit,10mbit,800kbit,none,,53600,52640,52640,6.399297714233398,0.49033164978027344,0.28209686279296875
2025-12-11T19:18:21.819989Z,25mbit,10mbit,800kbit,none,,0,0,0,6.319379806518555,0.3876686096191406,0.2850532531738281
2025-12-11T19:18:22.320131Z,25mbit,10mbit,800kbit,none,,57328,57328,57328,1.0398387908935547,0.299835205078125,0.28395652770996094
2025-12-11T19:18:22.820230Z,25mbit,10mbit,800kbit,none,,0,0,0,1.034402847290039,0.1976490020751953,0.2689361572265625
2025-12-11T19:18:23.320290Z,50mbit,10mbit,800kbit,restore_embb_50mbit,urllc stable,61440,61440,61440,0.37856101989746094,0.2070903778076172,0.2583026885986328
2025-12-11T19:18:23.819947Z,50mbit,10mbit,800kbit,none,,0,0,0,0.237274169921875,0.20341873168945312,0.1598834991455078
2025-12-11T19:18:24.319748Z,50mbit,10mbit,800kbit,none,,44608,44608,44608,0.24542808532714844,0.19736289978027344,0.17337799072265625
2025-12-11T19:18:24.820437Z,50mbit,10mbit,800kbit,none,,14592,14592,14592,0.2345561981201172,0.19974708557128906,0.1918792724609375
2025-12-11T19:18:25.320163Z,50mbit,10mbit,800kbit,none,,51360,51360,51360,0.2955913543701172,0.23674964904785156,0.2037525177001953
2025-12-11T19:18:25.820332Z,50mbit,10mbit,800kbit,none,,10400,10400,10400,0.34203529357910156,0.28214454650878906,0.22115707397460938
2025-12-11T19:18:26.320498Z,50mbit,10mbit,800kbit,none,,53904,53904,53904,0.3460884094238281,0.2812385559082031,0.2582073211669922
2025-12-11T19:18:26.978602Z,50mbit,10mbit,800kbit,none,,4752,5712,5712,0.9758472442626953,0.28138160705566406,0.9739398956298828
2025-12-11T19:18:27.320136Z,25mbit,10mbit,800kbit,set_embb_25mbit,urllc_rtt=0.301,44912,43952,43952,1.0075092315673828,0.30059814453125,0.9787559509277344
2025-12-11T19:18:27.963591Z,25mbit,10mbit,800kbit,none,,960,3472,3472,1.3916015625,0.5339622497558594,0.9851932525634766
2025-12-11T19:18:28.320396Z,25mbit,10mbit,800kbit,none,,49984,47472,47472,1.4254093170166016,0.4887580871582031,0.9652137756347656
2025-12-11T19:18:28.820092Z,10mbit,10mbit,800kbit,set_embb_10mbit,urllc_rtt=12.890,640,640,640,1.4254093170166016,12.890100479125977,0.9626388549804688
2025-12-11T19:18:29.319876Z,10mbit,10mbit,800kbit,none,,20704,20704,20704,1.413726806640625,12.875223159790039,0.2338409423828125
2025-12-11T19:18:29.819956Z,10mbit,10mbit,800kbit,none,,0,0,0,1.413726806640625,13.041877746582031,0.5047321319580078
2025-12-11T19:18:30.320084Z,10mbit,10mbit,800kbit,none,,31168,31168,31168,0.7901668548583984,12.75644302368164,0.4897594451904297
2025-12-11T19:18:30.820122Z,10mbit,10mbit,800kbit,none,,0,0,0,38.29488754272461,12.87841796875,0.5078315734863281
2025-12-11T19:18:31.319959Z,25mbit,10mbit,800kbit,set_embb_25mbit,urllc_rtt=0.489,44656,44656,44656,37.8575325012207,0.489044189453125,0.48575401306152344
2025-12-11T19:18:31.820082Z,25mbit,10mbit,800kbit,none,,17504,17504,17504,37.776756286621094,0.5248069763183594,0.4858970642089844
2025-12-11T19:18:32.319971Z,25mbit,10mbit,800kbit,none,,57888,57888,57888,37.77937889099121,0.3521442413330078,0.32181739807128906
2025-12-11T19:18:32.820181Z,25mbit,10mbit,800kbit,none,,9584,9584,9584,37.77937889099121,0.3521442413330078,6.167459487915039
2025-12-11T19:18:33.320139Z,25mbit,10mbit,800kbit,none,,16624,16624,16624,37.87040710449219,0.35610198974609375,6.173467636108398
2025-12-11T19:18:34.202868Z,25mbit,10mbit,800kbit,none,,896,1856,1856,0.9134769439697266,0.25768280029296875,6.167697906494141
2025-12-11T19:18:34.319880Z,25mbit,10mbit,800kbit,none,,43536,42576,42576,0.9011268615722656,0.3203392028808594,6.185436248779297
2025-12-11T19:18:34.844443Z,25mbit,10mbit,800kbit,none,,0,960,960,1.283884048461914,0.29449462890625,6.056451797485352
2025-12-11T19:18:35.320142Z,25mbit,10mbit,800kbit,none,,46560,45600,45600,1.2868404388427734,0.28014183044433594,0.22606849670410156
2025-12-11T19:18:35.832867Z,25mbit,10mbit,800kbit,none,,8560,8560,8560,1.180887222290039,0.3097057342529297,0.2116680145263672
2025-12-11T19:18:36.320380Z,25mbit,10mbit,800kbit,none,,123440,123440,123440,0.7052898406982422,0.3097057342529297,0.2154827117919922
2025-12-11T19:18:37.084301Z,25mbit,10mbit,800kbit,none,,7360,8192,10000,0.7160186767578125,0.26493072509765625,0.1972198486328125
2025-12-11T19:18:37.320021Z,25mbit,10mbit,800kbit,none,,55952,56080,54272,0.34961700439453125,0.20623207092285156,0.2131938934326172
2025-12-11T19:18:37.820387Z,50mbit,10mbit,800kbit,restore_embb_50mbit,urllc stable,4112,3152,3152,0.34427642822265625,0.22020339965820312,0.19631385803222656
2025-12-11T19:18:38.320408Z,50mbit,10mbit,800kbit,none,,47872,47872,47872,0.40130615234375,0.22034645080566406,0.20990371704101562
2025-12-11T19:18:38.819948Z,50mbit,10mbit,800kbit,none,,4752,4752,4752,0.4929542541503906,0.19850730895996094,0.22420883178710938
2025-12-11T19:18:39.320294Z,50mbit,10mbit,800kbit,none,,62976,62976,62976,0.4886627197265625,0.22187232971191406,0.21834373474121094
2025-12-11T19:18:39.820068Z,50mbit,10mbit,800kbit,none,,0,0,0,0.4791736602783203,0.2109527587890625,0.21347999572753906
2025-12-11T19:18:40.320218Z,50mbit,10mbit,800kbit,none,,57440,57440,59120,0.52490234375,0.20203590393066406,0.3081321716308594
2025-12-11T19:18:40.819965Z,50mbit,10mbit,800kbit,none,,3600,3600,1920,0.47316551208496094,0.2059459686279297,0.28743743896484375
2025-12-11T19:18:41.320420Z,50mbit,10mbit,800kbit,none,,53920,53920,53920,0.2957344055175781,0.22611618041992188,0.2658367156982422
2025-12-11T19:18:41.820383Z,50mbit,10mbit,800kbit,none,,4560,4560,4560,12.31832504272461,0.21429061889648438,0.2692222595214844
2025-12-11T19:18:42.319979Z,50mbit,10mbit,800kbit,none,,49840,49840,49840,12.315845489501953,0.2921104431152344,0.24852752685546875
2025-12-11T19:18:42.820051Z,50mbit,10mbit,800kbit,none,,14144,14144,14144,42.368507385253906,0.28634071350097656,0.1552581787109375
2025-12-11T19:18:43.320336Z,50mbit,10mbit,800kbit,none,,60512,60512,60512,42.446231842041016,0.2842903137207031,0.16078948974609375
2025-12-11T19:18:43.820403Z,25mbit,10mbit,800kbit,set_embb_25mbit,urllc_rtt=0.497,9760,9760,9760,68.5300350189209,0.4971504211425781,0.1861095428466797
2025-12-11T19:18:44.320003Z,25mbit,10mbit,800kbit,none,,48048,48048,48048,56.57196044921875,0.5033016204833984,0.18520355224609375
2025-12-11T19:18:44.820090Z,25mbit,10mbit,800kbit,none,,15024,15856,18816,82.9007625579834,0.48084259033203125,0.2044200897216797
2025-12-11T19:18:45.320058Z,25mbit,10mbit,800kbit,none,,37712,36880,33920,52.94852256774902,0.5471706390380859,0.2254009246826172
2025-12-11T19:18:45.820211Z,10mbit,10mbit,800kbit,set_embb_10mbit,urllc_rtt=29.766,10912,10912,10912,52.94852256774902,29.766225814819336,0.22287368774414062
2025-12-11T19:18:46.319770Z,10mbit,10mbit,800kbit,none,,26832,26832,26832,52.86984443664551,29.55021858215332,0.21390914916992188
2025-12-11T19:18:47.003692Z,10mbit,10mbit,800kbit,none,,21504,21504,21504,26.790761947631836,29.581308364868164,0.21829605102539062
2025-12-11T19:18:47.319995Z,10mbit,10mbit,800kbit,none,,33600,33600,33600,26.72104835510254,29.526042938232422,0.2120494842529297
2025-12-11T19:18:47.819677Z,10mbit,10mbit,800kbit,none,,19008,19008,19008,0.3880500793457031,29.458999633789062,0.18324851989746094
2025-12-11T19:18:48.320361Z,10mbit,10mbit,800kbit,none,,32912,32912,32912,0.2429485321044922,0.24085044860839844,0.1911640167236328
2025-12-11T19:18:48.820153Z,10mbit,10mbit,800kbit,none,,6752,6752,6752,0.2429485321044922,0.24085044860839844,0.84381103515625
2025-12-11T19:18:49.320130Z,50mbit,10mbit,800kbit,restore_embb_50mbit,urllc stable,5072,5072,5072,0.23784637451171875,0.2457141876220703,0.8549690246582031
2025-12-11T19:18:49.820211Z,50mbit,10mbit,800kbit,none,,3152,3152,3152,0.23784637451171875,0.2457141876220703,0.8549690246582031
2025-12-11T19:18:50.424486Z,50mbit,10mbit,800kbit,none,,0,0,0,0.23784637451171875,0.2457141876220703,5.908870697021484
2025-12-11T19:18:50.924624Z,50mbit,10mbit,800kbit,none,,6032,6032,6032,0.2696037292480469,0.20933151245117188,5.928325653076172
2025-12-11T19:18:51.425342Z,25mbit,10mbit,800kbit,set_embb_25mbit,urllc_rtt=0.543,52864,52864,52864,30.573606491088867,0.5427837371826172,5.968141555786133
2025-12-11T19:18:51.924894Z,10mbit,10mbit,800kbit,set_embb_10mbit,urllc_rtt=0.650,19088,19088,19088,30.63678741455078,0.6501197814941406,5.442476272583008
2025-12-11T19:18:52.425298Z,10mbit,10mbit,800kbit,none,,44128,44128,44128,30.63678741455078,0.6501197814941406,6.896018981933594
2025-12-11T19:18:53.097096Z,10mbit,10mbit,800kbit,none,,4752,4752,4752,30.629491806030273,0.6539344787597656,1.833343505859375
2025-12-11T19:18:53.597373Z,10mbit,10mbit,800kbit,none,,39952,40592,40592,70.22981643676758,0.6602287292480469,1.8420219421386719
2025-12-11T19:18:54.097509Z,10mbit,10mbit,800kbit,none,,27952,27312,27312,70.18532752990723,0.662994384765625,1.8021583557128906
2025-12-11T19:18:54.598085Z,10mbit,10mbit,800kbit,none,,34176,34176,34176,70.18532752990723,0.662994384765625,2.0471572875976562
2025-12-11T19:18:55.097259Z,25mbit,10mbit,800kbit,set_embb_25mbit,urllc_rtt=0.323,9760,9760,9760,39.89453315734863,0.322723388671875,0.5865097045898438
2025-12-11T19:18:55.597986Z,10mbit,10mbit,800kbit,set_embb_10mbit,urllc_rtt=1.268,27440,27440,27440,39.89453315734863,1.268148422241211,0.7414817810058594
2025-12-11T19:18:56.097349Z,10mbit,10mbit,800kbit,none,,13936,13936,13936,39.8381233215332,1.2575626373291016,0.7194042205810547
2025-12-11T19:18:56.993282Z,10mbit,10mbit,800kbit,none,,32640,34560,34560,40.31481742858887,1.2360095977783203,0.946044921875
2025-12-11T19:18:57.097523Z,10mbit,10mbit,800kbit,none,,26400,24480,24480,0.7354259490966797,1.2314796447753906,0.5644321441650391
2025-12-11T19:18:57.597637Z,10mbit,10mbit,800kbit,none,,28400,28400,31040,0.7354259490966797,38.06934356689453,0.5731105804443359
2025-12-11T19:18:58.097314Z,10mbit,10mbit,800kbit,none,,17536,17536,14896,0.7358551025390625,37.02521324157715,0.41522979736328125
2025-12-11T19:18:58.597877Z,10mbit,10mbit,800kbit,none,,31232,31232,32192,0.7358551025390625,38.324546813964844,0.4223823547363281
2025-12-11T19:18:59.097507Z,10mbit,10mbit,800kbit,none,,28528,28528,27568,0.7178306579589844,38.326358795166016,0.17867088317871094
2025-12-11T19:18:59.598112Z,10mbit,10mbit,800kbit,none,,18512,18512,18512,0.7178306579589844,39.0070915222168,0.16732215881347656
2025-12-11T19:19:00.097607Z,10mbit,10mbit,800kbit,none,,32592,32592,32592,0.7090091705322266,2.1737098693847656,0.15091896057128906
2025-12-11T19:19:00.597730Z,10mbit,10mbit,800kbit,none,,27568,27568,27568,0.7090091705322266,32.58843421936035,0.17251968383789062
2025-12-11T19:19:01.097356Z,10mbit,10mbit,800kbit,none,,17536,17536,17536,0.23403167724609375,31.28657341003418,0.1728057861328125
2025-12-11T19:19:01.597972Z,10mbit,10mbit,800kbit,none,,31872,31872,31872,0.23403167724609375,31.28657341003418,9.137773513793945
2025-12-11T19:19:02.097616Z,10mbit,10mbit,800kbit,none,,960,960,960,0.22058486938476562,31.279897689819336,9.151744842529297
2025-12-11T19:19:02.597711Z,10mbit,10mbit,800kbit,none,,41824,41824,41824,83.09822082519531,30.606365203857422,9.154367446899414
2025-12-11T19:19:03.097349Z,10mbit,10mbit,800kbit,none,,3472,3472,3472,83.12678337097168,30.607223510742188,9.13395881652832
2025-12-11T19:19:03.597356Z,10mbit,10mbit,800kbit,none,,50880,53760,53760,189.84441757202148,0.1907825469970703,9.12923812866211
2025-12-11T19:19:04.135962Z,10mbit,10mbit,800kbit,none,,2880,0,0,189.85657691955566,0.8898735046386719,0.16655921936035156
2025-12-11T19:19:04.636315Z,10mbit,10mbit,800kbit,none,,35216,36176,36176,310.82096099853516,0.8811473846435547,0.16193389892578125
2025-12-11T19:19:05.246056Z,10mbit,10mbit,800kbit,none,,4112,3152,3152,227.95281410217285,0.8713245391845703,0.17108917236328125
2025-12-11T19:19:06.203469Z,10mbit,10mbit,800kbit,none,,26736,26736,27696,228.41100692749023,1.0651588439941406,0.20127296447753906
2025-12-11T19:19:06.246414Z,10mbit,10mbit,800kbit,none,,14976,14976,14016,121.70429229736328,1.0729789733886719,0.19474029541015625
2025-12-11T19:19:06.747055Z,10mbit,10mbit,800kbit,none,,15024,15024,15024,121.70429229736328,1.0729789733886719,3.7177085876464844
2025-12-11T19:19:07.246137Z,25mbit,10mbit,800kbit,set_embb_25mbit,urllc_rtt=0.405,22416,22416,22416,121.69547080993652,0.40497779846191406,3.7065982818603516
2025-12-11T19:19:07.818380Z,25mbit,10mbit,800kbit,none,,15344,16304,16304,1.2073040008544922,0.4123687744140625,3.706073760986328
2025-12-11T19:19:08.246353Z,25mbit,10mbit,800kbit,none,,47424,46464,46464,1.2117862701416016,0.4375457763671875,3.6825180053710938
2025-12-11T19:19:08.747008Z,25mbit,10mbit,800kbit,none,,14064,14064,14064,1.2117862701416016,0.4375457763671875,3.6825180053710938
2025-12-11T19:19:09.350693Z,10mbit,10mbit,800kbit,set_embb_10mbit,urllc_rtt=162.461,0,0,3712,1.2117862701416016,162.46051788330078,3.6825180053710938
2025-12-11T19:19:10.568380Z,10mbit,10mbit,800kbit,none,,3712,4672,1920,1.2117862701416016,163.27786445617676,3.7448883056640625
2025-12-11T19:19:11.068569Z,10mbit,10mbit,800kbit,none,,2560,1600,640,0.7317066192626953,163.25445175170898,0.21991729736328125
2025-12-11T19:19:11.569195Z,10mbit,10mbit,800kbit,none,,50864,50864,50864,0.7317066192626953,163.25445175170898,6.297922134399414
2025-12-11T19:19:12.068854Z,10mbit,10mbit,800kbit,none,,31600,31600,31600,0.7237911224365234,163.26370239257812,6.304121017456055
2025-12-11T19:19:12.568958Z,10mbit,10mbit,800kbit,none,,40800,40800,40800,0.7237911224365234,163.26370239257812,9.447002410888672
2025-12-11T19:19:13.068565Z,10mbit,10mbit,800kbit,none,,25488,25488,25488,0.7405757904052734,163.23866844177246,9.393692016601562
2025-12-11T19:19:13.569053Z,10mbit,10mbit,800kbit,none,,43744,43744,43744,0.7405757904052734,163.23866844177246,9.411430358886719
2025-12-11T19:19:14.068742Z,10mbit,10mbit,800kbit,none,,22288,22288,22288,0.2505779266357422,1.0248184204101562,3.339815139770508
2025-12-11T19:19:14.569272Z,10mbit,10mbit,800kbit,none,,42528,42528,42528,0.2505779266357422,1.0345458984375,3.325223922729492
2025-12-11T19:19:15.068653Z,10mbit,10mbit,800kbit,none,,33232,33232,33232,0.228118896484375,1.040506362915039,0.1780986785888672
2025-12-11T19:19:15.569505Z,10mbit,10mbit,800kbit,none,,23968,23968,23968,0.228118896484375,1.7748355865478516,0.19273757934570312
2025-12-11T19:19:16.068617Z,10mbit,10mbit,800kbit,none,,44080,44080,44080,0.2304553985595703,1.7786026000976562,0.1774311065673828
2025-12-11T19:19:16.569061Z,10mbit,10mbit,800kbit,none,,23456,25376,25376,118.65143775939941,2.521991729736328,0.20399093627929688
2025-12-11T19:19:17.168545Z,10mbit,10mbit,800kbit,none,,1920,0,0,118.63446235656738,1.6945838928222656,0.19817352294921875
2025-12-11T19:19:18.037781Z,10mbit,10mbit,800kbit,none,,27168,27168,27168,118.6391830444336,1.6877174377441406,0.22220611572265625
2025-12-11T19:19:18.168794Z,10mbit,10mbit,800kbit,none,,36416,36416,36416,118.65782737731934,0.9354114532470703,0.21142959594726562
2025-12-11T19:19:18.669335Z,10mbit,10mbit,800kbit,none,,29040,29040,29040,118.65782737731934,0.9354114532470703,13.179588317871094
2025-12-11T19:19:19.168932Z,10mbit,10mbit,800kbit,none,,6880,6880,6880,118.68577003479004,0.9332656860351562,13.167667388916016
2025-12-11T19:19:20.117549Z,10mbit,10mbit,800kbit,none,,28928,29888,29888,0.5947113037109375,0.18606185913085938,13.169527053833008
2025-12-11T19:19:20.168644Z,10mbit,10mbit,800kbit,none,,17984,17024,17024,0.5984306335449219,0.19083023071289062,13.155460357666016
2025-12-11T19:19:21.238193Z,50mbit,10mbit,800kbit,restore_embb_50mbit,urllc stable,21968,21968,21968,0.9047031402587891,0.23713111877441406,13.144588470458984
2025-12-11T19:19:21.246208Z,50mbit,10mbit,800kbit,none,,0,0,0,0.8888721466064453,0.2376079559326172,0.18372535705566406
2025-12-11T19:19:21.747298Z,50mbit,10mbit,800kbit,none,,9552,10512,10512,1.6252994537353516,0.2543449401855469,0.1708984375
2025-12-11T19:19:22.246504Z,50mbit,10mbit,800kbit,none,,2240,1280,1280,1.2890338897705078,0.2620697021484375,0.2311229705810547
2025-12-11T19:19:23.162998Z,50mbit,10mbit,800kbit,none,,6624,7584,7584,1.9049644470214844,0.26078224182128906,0.23026466369628906
2025-12-11T19:19:23.246384Z,50mbit,10mbit,800kbit,none,,32064,31104,31104,1.7018318176269531,0.22063255310058594,0.22606849670410156
2025-12-11T19:19:23.747041Z,50mbit,10mbit,800kbit,none,,640,640,640,1.7018318176269531,0.22063255310058594,0.22606849670410156
2025-12-11T19:19:24.472438Z,50mbit,10mbit,800kbit,none,,960,960,960,15.340471267700195,0.24271011352539062,0.22225379943847656
2025-12-11T19:19:25.423631Z,50mbit,10mbit,800kbit,none,,0,0,0,15.340471267700195,0.24271011352539062,0.22225379943847656
2025-12-11T19:19:27.007983Z,50mbit,10mbit,800kbit,none,,640,640,1280,14.586114883422852,0.23064613342285156,0.23136138916015625
2025-12-11T19:19:27.508942Z,10mbit,10mbit,800kbit,set_embb_10mbit,urllc_rtt=1.100,38128,39600,40640,14.586114883422852,1.1002063751220703,0.225830078125
2025-12-11T19:19:28.290784Z,10mbit,10mbit,800kbit,none,,3792,2320,640,14.598417282104492,1.4525413513183594,0.22382736206054688
2025-12-11T19:19:28.791727Z,10mbit,10mbit,800kbit,none,,10592,16992,16992,50.621843338012695,1.4687061309814453,0.22153854370117188
2025-12-11T19:19:29.291404Z,10mbit,10mbit,800kbit,none,,23168,16768,16768,50.53291320800781,1.4586448669433594,0.2197742462158203
2025-12-11T19:19:29.952063Z,10mbit,10mbit,800kbit,none,,960,960,960,36.896610260009766,1.4546394348144531,0.2162456512451172
2025-12-11T19:19:30.291311Z,25mbit,10mbit,800kbit,set_embb_25mbit,urllc_rtt=0.577,1920,1920,1920,36.88206672668457,0.5773067474365234,0.156402587890625
2025-12-11T19:19:30.938022Z,25mbit,10mbit,800kbit,none,,0,0,0,36.88673973083496,0.2652168273925781,0.15583038330078125
2025-12-11T19:19:31.290917Z,25mbit,10mbit,800kbit,none,,0,0,0,0.4139900207519531,0.25238990783691406,0.15411376953125
2025-12-11T19:19:31.922748Z,50mbit,10mbit,800kbit,restore_embb_50mbit,urllc stable,0,0,0,0.4199504852294922,0.238800048828125,0.14772415161132812
2025-12-11T19:19:32.291270Z,50mbit,10mbit,800kbit,none,,960,960,960,0.42395591735839844,0.25000572204589844,0.1395702362060547
2025-12-11T19:19:33.078391Z,50mbit,10mbit,800kbit,none,,0,0,0,0.43582916259765625,0.24261474609375,0.14319419860839844
2025-12-11T19:19:33.291028Z,50mbit,10mbit,800kbit,none,,0,0,0,0.5198955535888672,0.1883983612060547,0.1308917999267578
2025-12-11T19:19:33.791724Z,50mbit,10mbit,800kbit,none,,0,0,0,0.9191989898681641,0.179290771484375,0.1423358917236328
2025-12-11T19:19:34.291129Z,50mbit,10mbit,800kbit,none,,0,0,0,0.9172916412353516,0.1807689666748047,0.14281272888183594
2025-12-11T19:19:34.791361Z,50mbit,10mbit,800kbit,none,,0,0,0,66.7959213256836,0.18830299377441406,0.1488208770751953
2025-12-11T19:19:35.291375Z,50mbit,10mbit,800kbit,none,,0,0,0,66.80021286010742,0.186920166015625,0.14638900756835938
2025-12-11T19:19:36.103069Z,50mbit,10mbit,800kbit,none,,0,0,0,66.75262451171875,0.19063949584960938,0.147247314453125
2025-12-11T19:19:36.291123Z,50mbit,10mbit,800kbit,none,,0,0,0,66.19329452514648,0.18110275268554688,0.1441478729248047
2025-12-11T19:19:37.558033Z,50mbit,10mbit,800kbit,none,,960,960,1920,66.19329452514648,0.24170875549316406,0.1441478729248047
2025-12-11T19:19:38.319277Z,50mbit,10mbit,800kbit,none,,960,960,0,66.18590354919434,0.2304553985595703,0.1540660858154297
2025-12-11T19:19:38.819330Z,50mbit,10mbit,800kbit,none,,960,960,960,68.89872550964355,0.29754638671875,0.16574859619140625
2025-12-11T19:19:39.319601Z,50mbit,10mbit,800kbit,none,,0,0,0,68.90745162963867,0.29206275939941406,0.16951560974121094
2025-12-11T19:19:39.820000Z,25mbit,10mbit,800kbit,set_embb_25mbit,urllc_rtt=0.324,0,0,0,129.107666015625,0.3237724304199219,0.1705646514892578
2025-12-11T19:19:40.319668Z,25mbit,10mbit,800kbit,none,,0,0,0,129.11958694458008,0.2678871154785156,0.17876625061035156
2025-12-11T19:19:40.820012Z,25mbit,10mbit,800kbit,none,,0,0,0,129.11744117736816,0.2602577209472656,0.16393661499023438
2025-12-11T19:19:41.404392Z,50mbit,10mbit,800kbit,restore_embb_50mbit,urllc stable,0,0,0,60.523033142089844,0.2010822296142578,0.17066001892089844
2025-12-11T19:19:41.905395Z,50mbit,10mbit,800kbit,none,,960,960,960,151.5760898590088,0.2048492431640625,0.1789569854736328
2025-12-11T19:19:42.404561Z,50mbit,10mbit,800kbit,none,,0,0,0,91.32580757141113,0.17185211181640625,0.17523765563964844
2025-12-11T19:19:43.322750Z,50mbit,10mbit,800kbit,none,,0,0,0,91.38717651367188,0.1685619354248047,0.17104148864746094
2025-12-11T19:19:43.404999Z,50mbit,10mbit,800kbit,none,,0,0,0,91.40410423278809,0.16422271728515625,0.167083740234375
2025-12-11T19:19:43.973070Z,50mbit,10mbit,800kbit,none,,0,0,0,91.42165184020996,0.15783309936523438,0.15201568603515625
2025-12-11T19:19:44.405543Z,50mbit,10mbit,800kbit,none,,0,0,0,0.35381317138671875,0.1575469970703125,0.14739036560058594
2025-12-11T19:19:44.967692Z,50mbit,10mbit,800kbit,none,,960,960,960,0.36411285400390625,0.1766204833984375,0.16832351684570312
2025-12-11T19:19:45.405321Z,50mbit,10mbit,800kbit,none,,0,0,0,0.3032684326171875,0.1743316650390625,0.1751422882080078
2025-12-11T19:19:45.947868Z,50mbit,10mbit,800kbit,none,,0,0,0,0.3063201904296875,0.1793384552001953,0.1830577850341797
2025-12-11T19:19:46.405437Z,50mbit,10mbit,800kbit,none,,0,0,0,0.2987384796142578,0.17914772033691406,0.18129348754882812
2025-12-11T19:19:46.932806Z,50mbit,10mbit,800kbit,none,,0,0,0,0.3273963928222656,0.18148422241210938,0.22754669189453125
2025-12-11T19:19:47.404849Z,50mbit,10mbit,800kbit,none,,0,0,0,0.3357410430908203,0.1712799072265625,0.20165443420410156
2025-12-11T19:19:47.905282Z,50mbit,10mbit,800kbit,none,,0,0,0,1.297616958618164,0.1938343048095703,0.2094745635986328
2025-12-11T19:19:48.405270Z,50mbit,10mbit,800kbit,none,,0,0,0,1.3008594512939453,0.1945972442626953,0.20933151245117188
2025-12-11T19:19:48.905489Z,50mbit,10mbit,800kbit,none,,0,0,0,1.3135910034179688,0.19750595092773438,0.21042823791503906
2025-12-11T19:19:49.404944Z,50mbit,10mbit,800kbit,none,,0,0,0,1.3110160827636719,0.19211769104003906,0.16889572143554688
2025-12-11T19:19:49.904992Z,50mbit,10mbit,800kbit,none,,0,0,0,1.3166427612304688,0.1926422119140625,0.17385482788085938
2025-12-11T19:19:50.405211Z,50mbit,10mbit,800kbit,none,,0,0,0,0.3493785858154297,0.17080307006835938,0.15583038330078125
2025-12-11T19:19:50.905301Z,50mbit,10mbit,800kbit,none,,0,0,0,19.429779052734375,0.183868408203125,0.1575469970703125
2025-12-11T19:19:51.405170Z,50mbit,10mbit,800kbit,none,,0,0,0,19.411182403564453,0.17976760864257812,0.16069412231445312
2025-12-11T19:19:52.098156Z,10mbit,10mbit,800kbit,set_embb_10mbit,urllc_rtt=0.839,0,0,0,19.419527053833008,0.8386611938476562,0.1563549041748047
2025-12-11T19:19:52.404479Z,10mbit,10mbit,800kbit,none,,0,0,0,19.443655014038086,0.9499549865722656,0.16655921936035156
2025-12-11T19:19:52.905095Z,10mbit,10mbit,800kbit,none,,0,0,0,124.62983131408691,0.9745121002197266,0.17104148864746094
2025-12-11T19:19:53.434969Z,10mbit,10mbit,800kbit,none,,0,0,0,105.76043128967285,0.9573459625244141,0.1651287078857422
2025-12-11T19:19:53.935421Z,10mbit,10mbit,800kbit,none,,0,0,0,158.58287811279297,0.9667873382568359,0.1682758331298828
2025-12-11T19:19:54.435536Z,25mbit,10mbit,800kbit,set_embb_25mbit,urllc_rtt=0.302,0,0,0,158.55727195739746,0.3020763397216797,0.17180442810058594
2025-12-11T19:19:54.935148Z,25mbit,10mbit,800kbit,none,,0,1920,1920,207.82570838928223,0.2093791961669922,0.15649795532226562
2025-12-11T19:19:55.435678Z,25mbit,10mbit,800kbit,none,,1920,0,0,102.64906883239746,0.18591880798339844,0.7589817047119141
2025-12-11T19:19:55.935685Z,50mbit,10mbit,800kbit,restore_embb_50mbit,urllc stable,0,0,0,140.31119346618652,0.1965045928955078,0.9918689727783203
2025-12-11T19:19:56.435640Z,50mbit,10mbit,800kbit,none,,0,0,0,87.51039505004883,0.1934528350830078,0.9972095489501953
2025-12-11T19:19:57.087342Z,50mbit,10mbit,800kbit,none,,0,0,0,87.51411437988281,0.19431114196777344,0.9999752044677734
2025-12-11T19:19:57.435721Z,50mbit,10mbit,800kbit,none,,0,0,0,38.22307586669922,0.18134117126464844,1.0016918182373047
2025-12-11T19:19:58.372636Z,50mbit,10mbit,800kbit,none,,0,0,0,38.20905685424805,0.177001953125,0.3939628601074219
2025-12-11T19:19:58.435528Z,50mbit,10mbit,800kbit,none,,0,0,0,0.3226757049560547,0.1732349395751953,0.16922950744628906
2025-12-11T19:19:59.328377Z,50mbit,10mbit,800kbit,none,,0,0,0,0.30999183654785156,0.1712322235107422,0.18606185913085938
2025-12-11T19:19:59.435146Z,50mbit,10mbit,800kbit,none,,0,0,0,0.2968788146972656,0.17147064208984375,0.189971923828125
2025-12-11T19:20:00.609516Z,50mbit,10mbit,800kbit,none,,0,960,960,68.44592094421387,0.218963623046875,0.228118896484375
2025-12-11T19:20:00.955144Z,50mbit,10mbit,800kbit,none,,960,0,0,68.47338676452637,0.2517223358154297,0.324249267578125
2025-12-11T19:20:01.455780Z,50mbit,10mbit,800kbit,none,,0,0,0,68.47786903381348,0.24390220642089844,0.3169059753417969
2025-12-11T19:20:02.207560Z,50mbit,10mbit,800kbit,none,,0,0,0,68.48502159118652,0.24280548095703125,0.3078937530517578
2025-12-11T19:20:02.455617Z,50mbit,10mbit,800kbit,none,,0,0,0,68.49484443664551,0.24423599243164062,0.2956390380859375
2025-12-11T19:20:02.955742Z,50mbit,10mbit,800kbit,none,,0,0,0,0.34160614013671875,0.1911640167236328,0.25496482849121094
2025-12-11T19:20:03.455701Z,50mbit,10mbit,800kbit,none,,0,0,0,0.3411293029785156,0.16050338745117188,0.16307830810546875
2025-12-11T19:20:04.159349Z,50mbit,10mbit,800kbit,none,,0,0,0,0.3413677215576172,0.17242431640625,0.4764080047607422
2025-12-11T19:20:04.455931Z,50mbit,10mbit,800kbit,none,,0,0,0,0.3283500671386719,0.18258094787597656,0.46439170837402344
2025-12-11T19:20:05.088189Z,50mbit,10mbit,800kbit,none,,0,0,0,0.3204345703125,0.1819610595703125,0.4582405090332031
2025-12-11T19:20:05.455651Z,50mbit,10mbit,800kbit,none,,0,0,0,0.3238201141357422,0.18472671508789062,0.46753883361816406
2025-12-11T19:20:06.363294Z,50mbit,10mbit,800kbit,none,,0,0,0,0.3086090087890625,0.18477439880371094,0.4634857177734375
2025-12-11T19:20:06.455390Z,50mbit,10mbit,800kbit,none,,0,0,0,0.305938720703125,0.1739501953125,0.1434803009033203
2025-12-11T19:20:07.322637Z,50mbit,10mbit,800kbit,none,,0,0,0,0.304412841796875,0.16546249389648438,0.13794898986816406
2025-12-11T19:20:07.455585Z,50mbit,10mbit,800kbit,none,,0,0,0,0.30312538146972656,0.1682281494140625,0.14142990112304688
2025-12-11T19:20:07.955720Z,50mbit,10mbit,800kbit,none,,0,0,0,75.20051002502441,0.18453598022460938,0.14624595642089844
2025-12-11T19:20:08.455576Z,50mbit,10mbit,800kbit,none,,0,0,0,75.20194053649902,0.18863677978515625,0.147247314453125
2025-12-11T19:20:09.067880Z,50mbit,10mbit,800kbit,none,,0,0,0,75.2161979675293,0.2044200897216797,0.15287399291992188
2025-12-11T19:20:09.456147Z,50mbit,10mbit,800kbit,none,,0,0,0,75.21858215332031,0.20508766174316406,0.16231536865234375
2025-12-11T19:20:10.073628Z,50mbit,10mbit,800kbit,none,,0,0,0,75.24147033691406,0.22373199462890625,0.17194747924804688
2025-12-11T19:20:10.455688Z,50mbit,10mbit,800kbit,none,,0,0,0,0.33392906188964844,0.20399093627929688,0.16536712646484375
2025-12-11T19:20:11.163380Z,50mbit,10mbit,800kbit,none,,0,0,0,0.3528594970703125,0.28204917907714844,0.32286643981933594
2025-12-11T19:20:11.455992Z,50mbit,10mbit,800kbit,none,,0,0,0,0.3369331359863281,0.2705097198486328,0.31986236572265625
2025-12-11T19:20:11.955301Z,50mbit,10mbit,800kbit,none,,0,0,0,34.33055877685547,0.29053688049316406,0.31871795654296875
2025-12-11T19:20:12.455636Z,50mbit,10mbit,800kbit,none,,0,0,0,34.31901931762695,0.27327537536621094,0.3127098083496094
2025-12-11T19:20:12.956061Z,50mbit,10mbit,800kbit,none,,0,0,0,143.4420108795166,0.28519630432128906,0.3253936767578125
2025-12-11T19:20:13.505225Z,25mbit,10mbit,800kbit,set_embb_25mbit,urllc_rtt=0.422,0,0,0,143.40181350708008,0.42247772216796875,0.1884937286376953
2025-12-11T19:20:14.005406Z,25mbit,10mbit,800kbit,none,,0,0,0,214.71004486083984,0.4441261291503906,0.20074844360351562
2025-12-11T19:20:14.505363Z,25mbit,10mbit,800kbit,none,,0,0,0,180.71236610412598,0.421142578125,0.1968860626220703
2025-12-11T19:20:15.005364Z,25mbit,10mbit,800kbit,none,,0,0,0,243.76296997070312,0.4490852355957031,0.20399093627929688
2025-12-11T19:20:15.505666Z,25mbit,10mbit,800kbit,none,,0,0,0,134.70053672790527,0.4376411437988281,0.19698143005371094
2025-12-11T19:20:16.006208Z,25mbit,10mbit,800kbit,none,,0,0,0,191.65501594543457,0.42400360107421875,0.2600669860839844
2025-12-11T19:20:16.505695Z,25mbit,10mbit,800kbit,none,,0,0,0,120.34931182861328,0.4010200500488281,0.24976730346679688
2025-12-11T19:20:17.006257Z,25mbit,10mbit,800kbit,none,,0,0,0,120.35484313964844,0.40569305419921875,0.26264190673828125
2025-12-11T19:20:17.506376Z,25mbit,10mbit,800kbit,none,,1664,1664,1664,57.29961395263672,0.37856101989746094,0.2575397491455078
2025-12-11T19:20:18.006339Z,25mbit,10mbit,800kbit,none,,832,832,832,57.24225044250488,0.3780364990234375,0.25763511657714844
2025-12-11T19:20:18.505826Z,25mbit,10mbit,800kbit,none,,832,832,832,0.301361083984375,0.3780364990234375,0.180816650390625
2025-12-11T19:20:19.006231Z,25mbit,10mbit,800kbit,none,,0,0,0,0.2979278564453125,0.1720428466796875,0.1823902130126953
2025-12-11T19:20:19.506167Z,25mbit,10mbit,800kbit,none,,832,832,832,0.2877235412597656,0.16798973083496094,0.16503334045410156
2025-12-11T19:20:20.006365Z,50mbit,10mbit,800kbit,restore_embb_50mbit,urllc stable,0,0,0,0.284576416015625,0.16164779663085938,0.16117095947265625
2025-12-11T19:20:20.505425Z,50mbit,10mbit,800kbit,none,,0,0,0,0.2739906311035156,0.15478134155273438,0.15654563903808594
2025-12-11T19:20:21.005715Z,50mbit,10mbit,800kbit,none,,0,832,832,85.35075187683105,0.1624584197998047,0.17833709716796875
2025-12-11T19:20:21.505437Z,50mbit,10mbit,800kbit,none,,832,0,0,85.34812927246094,0.16303062438964844,0.18205642700195312
2025-12-11T19:20:22.006246Z,10mbit,10mbit,800kbit,set_embb_10mbit,urllc_rtt=106.380,0,0,0,85.34812927246094,106.37965202331543,0.1967906951904297
2025-12-11T19:20:24.086676Z,10mbit,10mbit,800kbit,none,,0,0,0,85.35895347595215,106.37235641479492,0.2185344696044922
2025-12-11T19:20:24.587300Z,10mbit,10mbit,800kbit,none,,0,832,832,152.11329460144043,106.45151138305664,0.21958351135253906
2025-12-11T19:20:25.086977Z,10mbit,10mbit,800kbit,none,,832,0,0,152.11291313171387,106.45151138305664,0.20275115966796875
2025-12-11T19:20:25.587277Z,10mbit,10mbit,800kbit,none,,0,0,0,125.73742866516113,106.45794868469238,0.20532608032226562
2025-12-11T19:20:26.087382Z,10mbit,10mbit,800kbit,none,,0,0,0,125.74944496154785,106.4645767211914,0.19397735595703125
2025-12-11T19:20:27.032874Z,50mbit,10mbit,800kbit,restore_embb_50mbit,urllc stable,0,0,0,150.11963844299316,0.27217864990234375,0.1804828643798828
2025-12-11T19:20:27.160414Z,50mbit,10mbit,800kbit,none,,0,0,0,83.35127830505371,0.28972625732421875,0.17786026000976562
2025-12-11T19:20:28.123133Z,50mbit,10mbit,800kbit,none,,0,0,0,83.35051536560059,0.20689964294433594,0.18177032470703125
2025-12-11T19:20:28.160658Z,50mbit,10mbit,800kbit,none,,0,0,0,24.649953842163086,0.1884937286376953,0.1784801483154297
2025-12-11T19:20:28.661059Z,50mbit,10mbit,800kbit,none,,0,0,0,109.62100028991699,0.18320083618164062,0.1784801483154297
2025-12-11T19:20:29.160548Z,50mbit,10mbit,800kbit,none,,0,0,0,85.2625846862793,0.18320083618164062,0.18296241760253906
2025-12-11T19:20:29.661342Z,50mbit,10mbit,800kbit,none,,0,0,0,199.2755889892578,0.20809173583984375,0.18529891967773438
2025-12-11T19:20:30.235350Z,50mbit,10mbit,800kbit,none,,0,0,0,199.7394561767578,0.20809173583984375,0.19202232360839844
2025-12-11T19:20:30.736427Z,50mbit,10mbit,800kbit,none,,0,0,0,199.7425079345703,0.1983642578125,0.19588470458984375
2025-12-11T19:20:31.236533Z,50mbit,10mbit,800kbit,none,,0,0,0,114.76845741271973,0.1983642578125,0.20995140075683594
2025-12-11T19:20:31.736379Z,50mbit,10mbit,800kbit,none,,0,832,832,127.75039672851562,0.20990371704101562,0.20418167114257812
2025-12-11T19:20:32.236061Z,50mbit,10mbit,800kbit,none,,832,0,0,13.75284194946289,0.21219253540039062,0.1929759979248047
2025-12-11T19:20:32.735522Z,50mbit,10mbit,800kbit,none,,0,0,0,52.417898178100586,0.2276897430419922,0.20246505737304688
2025-12-11T19:20:33.235774Z,50mbit,10mbit,800kbit,none,,0,0,0,52.41994857788086,0.17571449279785156,0.2147197723388672
2025-12-11T19:20:33.736139Z,50mbit,10mbit,800kbit,none,,0,0,0,81.74247741699219,0.17728805541992188,0.19378662109375
2025-12-11T19:20:34.235915Z,50mbit,10mbit,800kbit,none,,0,0,0,68.74070167541504,0.16951560974121094,0.1980304718017578
2025-12-11T19:20:34.736011Z,50mbit,10mbit,800kbit,none,,0,0,0,68.73745918273926,0.16951560974121094,0.19960403442382812
2025-12-11T19:20:35.235482Z,50mbit,10mbit,800kbit,none,,0,0,0,29.613399505615234,0.16951560974121094,0.1937389373779297
2025-12-11T19:20:35.736817Z,50mbit,10mbit,800kbit,none,,0,0,0,29.609966278076172,0.1686573028564453,0.1670360565185547
2025-12-11T19:20:36.235936Z,50mbit,10mbit,800kbit,none,,0,0,0,0.2788543701171875,0.15001296997070312,0.1774311065673828
2025-12-11T19:20:36.735979Z,50mbit,10mbit,800kbit,none,,0,0,0,5.4096221923828125,0.15001296997070312,0.193023681640625
2025-12-11T19:20:37.236337Z,50mbit,10mbit,800kbit,none,,0,0,0,5.415964126586914,0.15411376953125,0.19521713256835938
2025-12-11T19:20:37.843082Z,50mbit,10mbit,800kbit,none,,0,0,0,5.419301986694336,0.16870498657226562,0.18901824951171875
2025-12-11T19:20:38.236132Z,50mbit,10mbit,800kbit,none,,0,0,0,5.420970916748047,0.16922950744628906,0.18396377563476562
2025-12-11T19:20:38.736682Z,50mbit,10mbit,800kbit,none,,0,0,0,72.14493751525879,0.17518997192382812,0.18639564514160156
2025-12-11T19:20:39.235858Z,50mbit,10mbit,800kbit,none,,0,0,0,67.03391075134277,0.1812458038330078,0.1823902130126953
2025-12-11T19:20:39.736284Z,50mbit,10mbit,800kbit,none,,0,0,0,81.0178279876709,0.1812458038330078,0.19245147705078125
2025-12-11T19:20:40.236355Z,50mbit,10mbit,800kbit,none,,0,0,0,81.22320175170898,0.1812458038330078,0.18777847290039062
2025-12-11T19:20:40.736582Z,50mbit,10mbit,800kbit,none,,0,0,0,121.13776206970215,0.2938270568847656,0.18777847290039062
2025-12-11T19:20:41.235862Z,50mbit,10mbit,800kbit,none,,0,0,0,54.43077087402344,0.27289390563964844,0.2025604248046875
2025-12-11T19:20:41.736085Z,25mbit,10mbit,800kbit,set_embb_25mbit,urllc_rtt=0.303,0,0,0,83.36367607116699,0.3029823303222656,0.19202232360839844
2025-12-11T19:20:42.235920Z,25mbit,10mbit,800kbit,none,,0,0,0,69.38080787658691,0.3029823303222656,0.18067359924316406
2025-12-11T19:20:42.736238Z,25mbit,10mbit,800kbit,none,,0,0,0,89.15472030639648,0.34155845642089844,0.2010345458984375
2025-12-11T19:20:43.235676Z,25mbit,10mbit,800kbit,none,,0,0,0,49.26047325134277,0.3371238708496094,0.2010345458984375
2025-12-11T19:20:44.129216Z,25mbit,10mbit,800kbit,none,,0,0,0,49.25580024719238,0.2296924591064453,0.20494461059570312
2025-12-11T19:20:44.236056Z,25mbit,10mbit,800kbit,none,,0,0,0,20.30811309814453,0.2296924591064453,0.19478797912597656
2025-12-11T19:20:45.082879Z,10mbit,10mbit,800kbit,set_embb_10mbit,urllc_rtt=0.864,0,0,0,20.786523818969727,0.8640766143798828,0.19779205322265625
2025-12-11T19:20:45.235664Z,10mbit,10mbit,800kbit,none,,0,0,0,0.8097171783447266,0.8347034454345703,0.19292831420898438
2025-12-11T19:20:45.736337Z,10mbit,10mbit,800kbit,none,,0,832,832,62.69850730895996,0.8120536804199219,0.16498565673828125
2025-12-11T19:20:46.235924Z,10mbit,10mbit,800kbit,none,,832,0,0,62.69497871398926,0.8110523223876953,0.1671314239501953
2025-12-11T19:20:46.736204Z,10mbit,10mbit,800kbit,none,,0,0,0,62.711238861083984,0.7990837097167969,0.1671314239501953
2025-12-11T19:20:47.236243Z,50mbit,10mbit,800kbit,restore_embb_50mbit,urllc stable,0,0,0,62.236785888671875,0.17175674438476562,0.17104148864746094
2025-12-11T19:20:47.735894Z,50mbit,10mbit,800kbit,none,,0,0,0,62.236881256103516,0.1728057861328125,0.1713275909423828
2025-12-11T19:20:48.236281Z,50mbit,10mbit,800kbit,none,,0,0,0,0.33822059631347656,0.14667510986328125,0.1713275909423828
2025-12-11T19:20:48.735493Z,50mbit,10mbit,800kbit,none,,0,0,0,0.3517627716064453,0.14810562133789062,0.1723766326904297
2025-12-11T19:20:49.236000Z,50mbit,10mbit,800kbit,none,,0,0,0,0.38733482360839844,0.1838207244873047,0.20313262939453125
2025-12-11T19:20:49.735947Z,50mbit,10mbit,800kbit,none,,0,0,0,0.38819313049316406,0.18372535705566406,0.2048015594482422
2025-12-11T19:20:50.236055Z,50mbit,10mbit,800kbit,none,,0,0,0,0.3916740417480469,0.1811981201171875,0.1968860626220703
2025-12-11T19:20:50.735943Z,50mbit,10mbit,800kbit,none,,0,0,0,0.38123130798339844,0.1811981201171875,0.19745826721191406
2025-12-11T19:20:51.235973Z,50mbit,10mbit,800kbit,none,,0,0,0,0.37283897399902344,0.1827239990234375,0.19745826721191406
2025-12-11T19:20:51.736238Z,50mbit,10mbit,800kbit,none,,0,0,0,0.33240318298339844,0.1827239990234375,0.20303726196289062
2025-12-11T19:20:52.235454Z,50mbit,10mbit,800kbit,none,,0,0,0,0.32863616943359375,0.1827239990234375,0.16846656799316406
2025-12-11T19:20:52.847608Z,50mbit,10mbit,800kbit,none,,0,0,0,0.3220081329345703,0.20542144775390625,0.16379356384277344
2025-12-11T19:20:53.235972Z,50mbit,10mbit,800kbit,none,,0,0,0,0.32825469970703125,0.17633438110351562,0.16307830810546875
2025-12-11T19:20:53.833800Z,50mbit,10mbit,800kbit,none,,0,0,0,0.4222869873046875,0.17867088317871094,0.1616954803466797
2025-12-11T19:20:54.235535Z,50mbit,10mbit,800kbit,none,,0,0,0,0.4169940948486328,0.17867088317871094,0.15926361083984375
2025-12-11T19:20:54.736521Z,50mbit,10mbit,800kbit,none,,0,0,0,16.22319221496582,0.20318031311035156,0.16994476318359375
2025-12-11T19:20:55.236262Z,50mbit,10mbit,800kbit,none,,0,0,0,16.228485107421875,0.20737648010253906,0.16579627990722656
2025-12-11T19:20:55.735928Z,50mbit,10mbit,800kbit,none,,0,0,0,29.333972930908203,0.20198822021484375,0.17490386962890625
2025-12-11T19:20:56.236290Z,50mbit,10mbit,800kbit,none,,0,0,0,29.23879623413086,0.21224021911621094,0.1770496368408203
2025-12-11T19:20:56.735592Z,50mbit,10mbit,800kbit,none,,0,0,0,66.24393463134766,0.2129077911376953,0.1770496368408203
2025-12-11T19:20:57.235775Z,50mbit,10mbit,800kbit,none,,0,0,0,50.76780319213867,0.1941680908203125,0.17571449279785156
2025-12-11T19:20:57.889438Z,50mbit,10mbit,800kbit,none,,0,0,0,50.77037811279297,0.19011497497558594,0.17571449279785156
2025-12-11T19:20:58.236142Z,50mbit,10mbit,800kbit,none,,0,0,0,37.662410736083984,0.16765594482421875,0.17571449279785156
2025-12-11T19:20:58.735508Z,50mbit,10mbit,800kbit,none,,0,0,0,59.08918380737305,0.16765594482421875,0.16632080078125
2025-12-11T19:20:59.236101Z,50mbit,10mbit,800kbit,none,,0,0,0,22.091245651245117,0.1521587371826172,0.17042160034179688
2025-12-11T19:21:00.117382Z,50mbit,10mbit,800kbit,none,,0,0,0,21.751689910888672,0.15168190002441406,0.16808509826660156
2025-12-11T19:21:00.235686Z,50mbit,10mbit,800kbit,none,,0,0,0,21.750402450561523,0.15392303466796875,0.17032623291015625
2025-12-11T19:21:00.735965Z,50mbit,10mbit,800kbit,none,,0,0,0,92.20695495605469,0.15392303466796875,0.17271041870117188
2025-12-11T19:21:01.236159Z,50mbit,10mbit,800kbit,none,,0,0,0,70.77798843383789,0.16646385192871094,0.174713134765625
2025-12-11T19:21:02.197532Z,50mbit,10mbit,800kbit,none,,0,0,0,70.7796573638916,0.2132415771484375,0.17423629760742188
2025-12-11T19:21:02.235415Z,50mbit,10mbit,800kbit,none,,0,0,0,70.76945304870605,0.225830078125,0.17075538635253906
2025-12-11T19:21:02.736329Z,50mbit,10mbit,800kbit,none,,0,0,0,70.76411247253418,0.2201557159423828,0.16717910766601562
2025-12-11T19:21:03.235905Z,50mbit,10mbit,800kbit,none,,0,0,0,0.2960205078125,0.21491050720214844,0.1617908477783203
2025-12-11T19:21:03.736334Z,50mbit,10mbit,800kbit,none,,0,0,0,0.29129981994628906,0.21491050720214844,0.1636505126953125
2025-12-11T19:21:04.236254Z,50mbit,10mbit,800kbit,none,,0,0,0,0.27561187744140625,0.22068023681640625,0.16117095947265625
2025-12-11T19:21:04.736488Z,50mbit,10mbit,800kbit,none,,0,0,0,0.3115653991699219,0.18472671508789062,0.16760826110839844
2025-12-11T19:21:05.236383Z,50mbit,10mbit,800kbit,none,,0,0,0,0.33364295959472656,0.18472671508789062,0.17547607421875
2025-12-11T19:21:05.736172Z,50mbit,10mbit,800kbit,none,,0,0,0,0.35109519958496094,0.17147064208984375,0.17547607421875
2025-12-11T19:21:06.236088Z,50mbit,10mbit,800kbit,none,,0,0,0,0.3547191619873047,0.17380714416503906,0.17547607421875
2025-12-11T19:21:06.735990Z,50mbit,10mbit,800kbit,none,,0,0,0,0.3602027893066406,0.17228126525878906,0.19745826721191406
2025-12-11T19:21:07.236149Z,50mbit,10mbit,800kbit,none,,0,0,0,0.3463268280029297,0.16965866088867188,0.1945018768310547
2025-12-11T19:21:07.736544Z,50mbit,10mbit,800kbit,none,,0,0,0,23.145055770874023,0.16965866088867188,0.20875930786132812
2025-12-11T19:21:08.235546Z,50mbit,10mbit,800kbit,none,,0,0,0,23.134565353393555,0.16312599182128906,0.21042823791503906
2025-12-11T19:21:08.736530Z,50mbit,10mbit,800kbit,none,,0,0,0,42.03295707702637,0.22912025451660156,0.21338462829589844
2025-12-11T19:21:09.235513Z,50mbit,10mbit,800kbit,none,,0,0,0,42.047977447509766,0.2285480499267578,0.21338462829589844
2025-12-11T19:21:09.735491Z,50mbit,10mbit,800kbit,none,,0,0,0,59.22403335571289,0.2555370330810547,0.2452373504638672
2025-12-11T19:21:10.235836Z,50mbit,10mbit,800kbit,none,,0,0,0,36.42144203186035,0.24352073669433594,0.2457141876220703
2025-12-11T19:21:10.736068Z,50mbit,10mbit,800kbit,none,,0,0,0,51.43709182739258,0.24352073669433594,0.2422809600830078
2025-12-11T19:21:11.236028Z,50mbit,10mbit,800kbit,none,,0,0,0,32.54060745239258,0.24046897888183594,0.234222412109375
2025-12-11T19:21:11.792715Z,50mbit,10mbit,800kbit,none,,0,0,0,32.514190673828125,0.24046897888183594,0.23398399353027344
2025-12-11T19:21:12.236934Z,50mbit,10mbit,800kbit,none,,0,0,0,15.336894989013672,0.19745826721191406,0.18434524536132812
2025-12-11T19:21:12.788034Z,50mbit,10mbit,800kbit,none,,832,832,832,15.311431884765625,0.19745826721191406,0.18367767333984375
2025-12-11T19:21:13.236073Z,50mbit,10mbit,800kbit,none,,0,0,0,0.3001689910888672,0.19135475158691406,0.16617774963378906
2025-12-11T19:21:13.735457Z,50mbit,10mbit,800kbit,none,,0,0,0,53.73849868774414,0.17914772033691406,0.16312599182128906
2025-12-11T19:21:14.237597Z,50mbit,10mbit,800kbit,none,,0,0,0,53.757476806640625,0.1743793487548828,0.15244483947753906
2025-12-11T19:21:14.735949Z,50mbit,10mbit,800kbit,none,,0,0,0,75.89693069458008,0.1743793487548828,0.17185211181640625
2025-12-11T19:21:15.236157Z,50mbit,10mbit,800kbit,none,,0,0,0,75.91118812561035,0.17633438110351562,0.1674175262451172
2025-12-11T19:21:15.736148Z,50mbit,10mbit,800kbit,none,,0,0,0,88.93985748291016,0.2514362335205078,0.1674175262451172
2025-12-11T19:21:16.236095Z,50mbit,10mbit,800kbit,none,,0,0,0,35.49785614013672,0.2560138702392578,0.17533302307128906
2025-12-11T19:21:16.735951Z,50mbit,10mbit,800kbit,none,,0,0,0,104.42299842834473,0.2596855163574219,0.17685890197753906
2025-12-11T19:21:17.235753Z,50mbit,10mbit,800kbit,none,,0,0,0,82.27581977844238,0.2676963806152344,0.17538070678710938
2025-12-11T19:21:17.735980Z,50mbit,10mbit,800kbit,none,,0,0,0,143.2711124420166,0.2749919891357422,0.17538070678710938
2025-12-11T19:21:18.235841Z,50mbit,10mbit,800kbit,none,,0,0,0,130.23533821105957,0.18410682678222656,0.1499176025390625
2025-12-11T19:21:19.022849Z,50mbit,10mbit,800kbit,none,,0,0,0,130.22632598876953,0.18749237060546875,0.14901161193847656
2025-12-11T19:21:19.236262Z,50mbit,10mbit,800kbit,none,,0,0,0,61.2945556640625,0.18749237060546875,0.1472949981689453
2025-12-11T19:21:19.735936Z,50mbit,10mbit,800kbit,none,,0,0,0,61.29789352416992,0.1705169677734375,0.14672279357910156
2025-12-11T19:21:20.235945Z,50mbit,10mbit,800kbit,none,,0,0,0,0.30846595764160156,0.1652240753173828,0.18024444580078125
2025-12-11T19:21:20.735903Z,50mbit,10mbit,800kbit,none,,0,0,0,0.3100872039794922,0.16088485717773438,0.1807689666748047
2025-12-11T19:21:21.236482Z,50mbit,10mbit,800kbit,none,,0,0,0,0.336456298828125,0.16460418701171875,0.19750595092773438
2025-12-11T19:21:21.736136Z,50mbit,10mbit,800kbit,none,,0,0,0,0.3345966339111328,0.15764236450195312,0.19674301147460938
2025-12-11T19:21:22.236083Z,50mbit,10mbit,800kbit,none,,0,0,0,0.3321647644042969,0.1587390899658203,0.19674301147460938
2025-12-11T19:21:22.736116Z,50mbit,10mbit,800kbit,none,,0,0,0,0.32715797424316406,0.15926361083984375,0.2116680145263672
2025-12-11T19:21:23.236527Z,50mbit,10mbit,800kbit,none,,0,0,0,0.3283977508544922,0.15926361083984375,0.17609596252441406
2025-12-11T19:21:23.736256Z,50mbit,10mbit,800kbit,none,,0,0,0,0.31952857971191406,0.16126632690429688,0.17256736755371094
2025-12-11T19:21:24.236284Z,50mbit,10mbit,800kbit,none,,0,0,0,0.33621788024902344,0.16126632690429688,0.15869140625
2025-12-11T19:21:24.735917Z,50mbit,10mbit,800kbit,none,,0,0,0,18.18404197692871,0.16126632690429688,0.1624584197998047
2025-12-11T19:21:25.236124Z,50mbit,10mbit,800kbit,none,,0,0,0,18.188905715942383,0.15459060668945312,0.15349388122558594
2025-12-11T19:21:25.736286Z,50mbit,10mbit,800kbit,none,,0,0,0,33.09659957885742,0.15459060668945312,0.16841888427734375
2025-12-11T19:21:26.235858Z,50mbit,10mbit,800kbit,none,,0,0,0,33.093976974487305,0.1568317413330078,0.17547607421875
2025-12-11T19:21:26.797834Z,50mbit,10mbit,800kbit,none,,0,0,0,33.09946060180664,0.15087127685546875,0.17066001892089844
2025-12-11T19:21:27.236494Z,50mbit,10mbit,800kbit,none,,0,0,0,15.267801284790039,0.1499176025390625,0.16732215881347656
2025-12-11T19:21:27.736477Z,50mbit,10mbit,800kbit,none,,0,0,0,23.117923736572266,0.15611648559570312,0.16274452209472656
2025-12-11T19:21:28.235534Z,50mbit,10mbit,800kbit,none,,0,0,0,8.217191696166992,0.16040802001953125,0.1545429229736328
2025-12-11T19:21:28.762174Z,50mbit,10mbit,800kbit,none,,0,0,0,8.196496963500977,0.1693248748779297,0.1471996307373047
2025-12-11T19:21:29.236016Z,50mbit,10mbit,800kbit,none,,0,0,0,8.181428909301758,0.17714500427246094,0.1552104949951172
2025-12-11T19:21:29.882691Z,50mbit,10mbit,800kbit,none,,0,0,0,8.176040649414062,0.17714500427246094,0.16274452209472656
2025-12-11T19:21:30.236172Z,50mbit,10mbit,800kbit,none,,0,0,0,0.3280162811279297,0.17714500427246094,0.16317367553710938
2025-12-11T19:21:30.848683Z,50mbit,10mbit,800kbit,none,,0,0,0,0.32286643981933594,0.17647743225097656,0.15616416931152344
2025-12-11T19:21:31.235403Z,50mbit,10mbit,800kbit,none,,0,0,0,0.3624916076660156,0.16994476318359375,0.16002655029296875
2025-12-11T19:21:31.808465Z,50mbit,10mbit,800kbit,none,,0,0,0,0.8844375610351562,0.16994476318359375,0.16074180603027344
2025-12-11T19:21:32.235586Z,50mbit,10mbit,800kbit,none,,0,0,0,0.8851051330566406,0.1677989959716797,0.14972686767578125
2025-12-11T19:21:32.736380Z,50mbit,10mbit,800kbit,none,,0,0,0,70.92523574829102,0.1677989959716797,0.1624584197998047
2025-12-11T19:21:33.236082Z,50mbit,10mbit,800kbit,none,,0,0,0,70.92375755310059,0.1526355743408203,0.1624584197998047
2025-12-11T19:21:34.047949Z,50mbit,10mbit,800kbit,none,,0,0,0,70.89195251464844,0.1526355743408203,0.17156600952148438
2025-12-11T19:21:34.236224Z,50mbit,10mbit,800kbit,none,,0,0,0,70.36476135253906,0.1526355743408203,0.1755237579345703
2025-12-11T19:21:34.735409Z,50mbit,10mbit,800kbit,none,,0,0,0,123.45013618469238,0.15802383422851562,0.18410682678222656
2025-12-11T19:21:35.235817Z,50mbit,10mbit,800kbit,none,,0,0,0,53.40394973754883,0.17175674438476562,0.19736289978027344
2025-12-11T19:21:35.736351Z,50mbit,10mbit,800kbit,none,,0,0,0,53.40752601623535,0.16546249389648438,0.19736289978027344
2025-12-11T19:21:36.235450Z,50mbit,10mbit,800kbit,none,,0,0,0,53.41153144836426,0.1655101776123047,0.18258094787597656
2025-12-11T19:21:36.736096Z,50mbit,10mbit,800kbit,none,,0,0,0,53.42397689819336,0.17185211181640625,0.17328262329101562
2025-12-11T19:21:37.236501Z,50mbit,10mbit,800kbit,none,,0,0,0,0.33473968505859375,0.1563549041748047,0.17328262329101562
2025-12-11T19:21:37.735933Z,50mbit,10mbit,800kbit,none,,0,0,0,0.32944679260253906,0.1476287841796875,0.1743316650390625
2025-12-11T19:21:38.235948Z,50mbit,10mbit,800kbit,none,,0,0,0,0.3349781036376953,0.16660690307617188,0.160980224609375
2025-12-11T19:21:38.736453Z,50mbit,10mbit,800kbit,none,,0,0,0,0.3333091735839844,0.16617774963378906,0.160980224609375
2025-12-11T19:21:39.235902Z,50mbit,10mbit,800kbit,none,,0,0,0,0.31909942626953125,0.1648426055908203,0.17142295837402344
2025-12-11T19:21:39.736340Z,50mbit,10mbit,800kbit,none,,0,0,0,20.989227294921875,0.19545555114746094,0.191497802734375
2025-12-11T19:21:40.236169Z,50mbit,10mbit,800kbit,none,,0,0,0,20.995378494262695,0.19626617431640625,0.191497802734375
2025-12-11T19:21:40.736018Z,50mbit,10mbit,800kbit,none,,0,0,0,37.96858787536621,0.19021034240722656,0.2280712127685547
2025-12-11T19:21:41.236017Z,50mbit,10mbit,800kbit,none,,0,0,0,37.98575401306152,0.1965045928955078,0.22873878479003906
2025-12-11T19:21:41.735446Z,50mbit,10mbit,800kbit,none,,0,0,0,51.8399715423584,0.20704269409179688,0.22935867309570312
2025-12-11T19:21:42.236115Z,50mbit,10mbit,800kbit,none,,0,0,0,31.17375373840332,0.20704269409179688,0.2094745635986328
2025-12-11T19:21:42.788530Z,50mbit,10mbit,800kbit,none,,0,0,0,31.171178817749023,0.1880645751953125,0.1914501190185547
2025-12-11T19:21:43.235951Z,50mbit,10mbit,800kbit,none,,0,0,0,14.198970794677734,0.2089977264404297,0.1594066619873047
2025-12-11T19:21:43.736440Z,50mbit,10mbit,800kbit,none,,0,0,0,22.035694122314453,0.2089977264404297,0.16765594482421875
2025-12-11T19:21:44.236059Z,50mbit,10mbit,800kbit,none,,0,0,0,8.18948745727539,0.19888877868652344,0.17371177673339844
2025-12-11T19:21:44.736163Z,50mbit,10mbit,800kbit,none,,0,0,0,8.195924758911133,0.19559860229492188,0.1862049102783203
2025-12-11T19:21:45.236178Z,50mbit,10mbit,800kbit,none,,0,0,0,8.199024200439453,0.19559860229492188,0.18930435180664062
2025-12-11T19:21:45.736366Z,50mbit,10mbit,800kbit,none,,0,0,0,11.244010925292969,0.21147727966308594,0.2106189727783203
2025-12-11T19:21:46.236162Z,50mbit,10mbit,800kbit,none,,0,0,0,3.399515151977539,0.20394325256347656,0.20089149475097656
2025-12-11T19:21:46.735939Z,50mbit,10mbit,800kbit,none,,0,0,0,25.00138282775879,0.1850605010986328,0.196075439453125
2025-12-11T19:21:47.236334Z,50mbit,10mbit,800kbit,none,,0,0,0,24.98912811279297,0.18777847290039062,0.18301010131835938
2025-12-11T19:21:47.735631Z,50mbit,10mbit,800kbit,none,,0,0,0,38.01007270812988,0.27599334716796875,0.28967857360839844
2025-12-11T19:21:48.236712Z,50mbit,10mbit,800kbit,none,,0,0,0,34.96594429016113,0.25391578674316406,0.28967857360839844
2025-12-11T19:21:48.736324Z,50mbit,10mbit,800kbit,none,,0,0,0,123.97418022155762,0.272369384765625,0.2718925476074219
2025-12-11T19:21:49.235537Z,50mbit,10mbit,800kbit,none,,0,0,0,102.36663818359375,0.2688884735107422,0.2652168273925781
2025-12-11T19:21:50.044057Z,50mbit,10mbit,800kbit,none,,0,0,0,102.36668586730957,0.2688884735107422,0.2749919891357422
2025-12-11T19:21:50.236097Z,50mbit,10mbit,800kbit,none,,0,0,0,89.3411636352539,0.2643585205078125,0.279998779296875
2025-12-11T19:21:51.003216Z,50mbit,10mbit,800kbit,none,,0,0,0,89.40157890319824,0.2643585205078125,0.19998550415039062
2025-12-11T19:21:51.235958Z,50mbit,10mbit,800kbit,none,,0,0,0,0.3871440887451172,0.16465187072753906,0.1956939697265625
2025-12-11T19:21:51.962988Z,50mbit,10mbit,800kbit,none,,0,0,0,37.96792030334473,0.16465187072753906,0.2070903778076172
2025-12-11T19:21:52.235603Z,50mbit,10mbit,800kbit,none,,0,0,0,37.96401023864746,0.16269683837890625,0.19807815551757812
2025-12-11T19:21:52.736292Z,50mbit,10mbit,800kbit,none,,0,0,0,37.96100616455078,0.1468181610107422,0.19674301147460938
2025-12-11T19:21:53.236546Z,50mbit,10mbit,800kbit,none,,0,0,0,37.8873348236084,0.13980865478515625,0.19674301147460938
2025-12-11T19:21:53.736328Z,50mbit,10mbit,800kbit,none,,0,0,0,66.76225662231445,0.1529216766357422,0.1628398895263672
2025-12-11T19:21:54.235590Z,50mbit,10mbit,800kbit,none,,0,0,0,29.181671142578125,0.1639842987060547,0.1617431640625
2025-12-11T19:21:55.162922Z,50mbit,10mbit,800kbit,none,,0,0,0,29.186344146728516,0.1686573028564453,0.1571178436279297
2025-12-11T19:21:55.235860Z,50mbit,10mbit,800kbit,none,,0,0,0,29.183197021484375,0.16794204711914062,0.1529693603515625
2025-12-11T19:21:55.822742Z,50mbit,10mbit,800kbit,none,,0,0,0,29.191064834594727,0.1766681671142578,0.15091896057128906
2025-12-11T19:21:56.235506Z,50mbit,10mbit,800kbit,none,,0,0,0,0.3180980682373047,0.16613006591796875,0.15091896057128906
2025-12-11T19:21:56.736427Z,50mbit,10mbit,800kbit,none,,0,0,0,14.26229476928711,0.16546249389648438,0.15168190002441406
2025-12-11T19:21:57.236030Z,50mbit,10mbit,800kbit,none,,0,0,0,14.265632629394531,0.16422271728515625,0.1770496368408203
2025-12-11T19:21:57.736146Z,50mbit,10mbit,800kbit,none,,0,0,0,25.369548797607422,0.16422271728515625,0.20651817321777344
2025-12-11T19:21:58.236367Z,50mbit,10mbit,800kbit,none,,0,0,0,25.363874435424805,0.16422271728515625,0.20728111267089844
2025-12-11T19:21:58.736375Z,50mbit,10mbit,800kbit,none,,0,0,0,33.27937126159668,0.16422271728515625,0.2295970916748047
2025-12-11T19:21:59.236516Z,50mbit,10mbit,800kbit,none,,0,0,0,19.327402114868164,0.16422271728515625,0.23784637451171875
2025-12-11T19:21:59.763310Z,50mbit,10mbit,800kbit,none,,0,0,0,19.331932067871094,0.16989707946777344,0.20990371704101562
2025-12-11T19:22:00.236139Z,50mbit,10mbit,800kbit,none,,0,0,0,8.229541778564453,0.16989707946777344,0.196075439453125
2025-12-11T19:22:00.735446Z,50mbit,10mbit,800kbit,none,,0,0,0,9.317302703857422,0.16989707946777344,0.2032756805419922
2025-12-11T19:22:01.236170Z,50mbit,10mbit,800kbit,none,,0,0,0,1.407480239868164,0.1769542694091797,0.17862319946289062
2025-12-11T19:22:01.735986Z,50mbit,10mbit,800kbit,none,,0,0,0,48.424673080444336,0.1769542694091797,0.18930435180664062
2025-12-11T19:22:02.236202Z,50mbit,10mbit,800kbit,none,,0,0,0,48.41952323913574,0.185394287109375,0.2086639404296875
2025-12-11T19:22:03.163070Z,25mbit,10mbit,800kbit,set_embb_25mbit,urllc_rtt=0.580,0,0,0,48.85153770446777,0.5796432495117188,0.1926422119140625
2025-12-11T19:22:03.235969Z,25mbit,10mbit,800kbit,none,,0,0,0,47.75958061218262,0.5851268768310547,0.18911361694335938
2025-12-11T19:22:03.803040Z,25mbit,10mbit,800kbit,none,,0,0,0,75.44736862182617,0.5978584289550781,0.18911361694335938
2025-12-11T19:22:04.236101Z,25mbit,10mbit,800kbit,none,,0,0,0,28.69410514831543,0.591278076171875,0.22802352905273438
2025-12-11T19:22:04.736110Z,25mbit,10mbit,800kbit,none,,0,0,0,95.73898315429688,0.5918979644775391,0.22802352905273438
2025-12-11T19:22:05.235553Z,25mbit,10mbit,800kbit,none,,0,0,0,95.31702995300293,0.5918979644775391,0.2277374267578125
2025-12-11T19:22:06.042699Z,25mbit,10mbit,800kbit,none,,0,0,0,95.31450271606445,0.20351409912109375,0.2017974853515625
2025-12-11T19:22:06.236202Z,25mbit,10mbit,800kbit,none,,0,0,0,67.62356758117676,0.2173900604248047,0.19812583923339844
2025-12-11T19:22:06.735905Z,50mbit,10mbit,800kbit,restore_embb_50mbit,urllc stable,0,0,0,120.24784088134766,0.22063255310058594,0.19016265869140625
2025-12-11T19:22:07.236061Z,50mbit,10mbit,800kbit,none,,0,0,0,53.194379806518555,0.2178668975830078,0.1636028289794922
2025-12-11T19:22:07.735620Z,50mbit,10mbit,800kbit,none,,0,0,0,98.21510314941406,0.2476215362548828,0.15354156494140625
2025-12-11T19:22:08.236109Z,50mbit,10mbit,800kbit,none,,0,0,0,98.21939468383789,0.23674964904785156,0.16450881958007812
2025-12-11T19:22:08.736369Z,50mbit,10mbit,800kbit,none,,0,0,0,98.21834564208984,0.21233558654785156,0.16450881958007812
2025-12-11T19:22:09.236025Z,50mbit,10mbit,800kbit,none,,0,0,0,45.34268379211426,0.21233558654785156,0.19507408142089844
2025-12-11T19:22:09.736178Z,50mbit,10mbit,800kbit,none,,0,0,0,45.34268379211426,0.21233558654785156,40.021705627441406
2025-12-11T19:22:10.339283Z,50mbit,10mbit,800kbit,none,,0,0,0,45.3305721282959,0.21233558654785156,40.024566650390625
2025-12-11T19:22:10.840161Z,50mbit,10mbit,800kbit,none,,0,0,0,65.3594970703125,0.24056434631347656,40.02680778503418
2025-12-11T19:22:11.339675Z,50mbit,10mbit,800kbit,none,,0,0,0,65.36688804626465,0.2560138702392578,40.02680778503418
2025-12-11T19:22:11.839974Z,50mbit,10mbit,800kbit,none,,0,0,0,65.35911560058594,0.2560138702392578,40.026283264160156
2025-12-11T19:22:12.342508Z,50mbit,10mbit,800kbit,none,,0,0,0,65.35921096801758,0.21462440490722656,40.04020690917969
2025-12-11T19:22:12.840344Z,50mbit,10mbit,800kbit,none,,0,0,0,65.37985801696777,0.21605491638183594,0.2032756805419922
2025-12-11T19:22:13.340202Z,50mbit,10mbit,800kbit,none,,0,0,0,0.31752586364746094,0.21605491638183594,0.1949310302734375
2025-12-11T19:22:14.042998Z,50mbit,10mbit,800kbit,none,,0,0,0,0.3188610076904297,0.24356842041015625,0.19135475158691406
2025-12-11T19:22:14.339781Z,50mbit,10mbit,800kbit,none,,0,0,0,0.32253265380859375,0.1942157745361328,0.19044876098632812
2025-12-11T19:22:14.840493Z,50mbit,10mbit,800kbit,none,,0,0,0,0.31604766845703125,0.1766681671142578,0.1498699188232422
2025-12-11T19:22:15.340427Z,50mbit,10mbit,800kbit,none,,0,0,0,0.30765533447265625,0.1766681671142578,0.15854835510253906
2025-12-11T19:22:15.840035Z,50mbit,10mbit,800kbit,none,,0,0,0,0.31495094299316406,0.1766681671142578,0.15869140625
2025-12-11T19:22:16.340270Z,50mbit,10mbit,800kbit,none,,0,0,0,0.2963066101074219,0.1766681671142578,0.1644134521484375
2025-12-11T19:22:16.840308Z,50mbit,10mbit,800kbit,none,,0,0,0,0.29315948486328125,0.1766681671142578,0.16574859619140625
2025-12-11T19:22:17.340037Z,50mbit,10mbit,800kbit,none,,0,0,0,0.29282569885253906,0.1766681671142578,0.16694068908691406
2025-12-11T19:22:17.968165Z,50mbit,10mbit,800kbit,none,,0,0,0,0.29511451721191406,0.1896381378173828,0.15306472778320312
2025-12-11T19:22:18.340115Z,50mbit,10mbit,800kbit,none,,0,0,0,0.2837657928466797,0.19941329956054688,0.1548290252685547
2025-12-11T19:22:18.839422Z,50mbit,10mbit,800kbit,none,,0,0,0,21.610498428344727,0.18177032470703125,0.1548290252685547
2025-12-11T19:22:19.339576Z,50mbit,10mbit,800kbit,none,,0,0,0,21.631622314453125,0.17671585083007812,0.16345977783203125
2025-12-11T19:22:19.933015Z,50mbit,10mbit,800kbit,none,,0,0,0,21.809816360473633,0.1873493194580078,0.1686573028564453
2025-12-11T19:22:20.340385Z,50mbit,10mbit,800kbit,none,,0,0,0,21.819448471069336,0.1873493194580078,0.17061233520507812
2025-12-11T19:22:20.839501Z,50mbit,10mbit,800kbit,none,,0,0,0,36.97085380554199,0.20804405212402344,0.18601417541503906
2025-12-11T19:22:21.339494Z,50mbit,10mbit,800kbit,none,,0,0,0,15.671730041503906,0.19683837890625,0.20513534545898438
2025-12-11T19:22:21.912327Z,50mbit,10mbit,800kbit,none,,0,0,0,39.35799598693848,0.19016265869140625,0.1803874969482422
2025-12-11T19:22:22.339879Z,50mbit,10mbit,800kbit,none,,0,0,0,39.18795585632324,0.19483566284179688,0.1953125
2025-12-11T19:22:22.839853Z,50mbit,10mbit,800kbit,none,,0,0,0,71.38314247131348,0.19483566284179688,0.20952224731445312
2025-12-11T19:22:23.339411Z,50mbit,10mbit,800kbit,none,,0,0,0,56.241750717163086,0.1853466033935547,0.21572113037109375
2025-12-11T19:22:24.363263Z,50mbit,10mbit,800kbit,none,,0,0,0,56.22262954711914,0.1853466033935547,0.19989013671875
2025-12-11T19:22:24.366599Z,50mbit,10mbit,800kbit,none,,0,0,0,32.500362396240234,0.1853466033935547,0.22907257080078125
2025-12-11T19:22:24.867755Z,10mbit,10mbit,800kbit,set_embb_10mbit,urllc_rtt=8.532,0,0,0,32.500362396240234,8.531856536865234,0.21953582763671875
2025-12-11T19:22:25.367224Z,10mbit,10mbit,800kbit,none,,0,0,0,32.4772834777832,8.533716201782227,0.20308494567871094
2025-12-11T19:22:25.867099Z,10mbit,10mbit,800kbit,none,,0,0,0,67.05498695373535,8.561849594116211,1.0178089141845703
2025-12-11T19:22:26.366930Z,10mbit,10mbit,800kbit,none,,0,0,0,67.16289520263672,8.561849594116211,119.48738098144531
2025-12-11T19:22:27.163450Z,10mbit,10mbit,800kbit,none,,0,0,0,67.14968681335449,8.561849594116211,119.46954727172852
2025-12-11T19:22:27.664015Z,10mbit,10mbit,800kbit,none,,0,0,0,67.14968681335449,8.561849594116211,120.32952308654785
2025-12-11T19:22:31.093491Z,10mbit,10mbit,800kbit,none,,0,0,0,67.16399192810059,8.61821174621582,120.32952308654785
2025-12-11T19:22:31.594617Z,10mbit,10mbit,800kbit,none,,0,0,0,67.17848777770996,8.613824844360352,120.33052444458008
2025-12-11T19:22:32.094395Z,50mbit,10mbit,800kbit,restore_embb_50mbit,urllc stable,0,0,0,0.39119720458984375,0.23250579833984375,119.49858665466309
2025-12-11T19:22:32.594419Z,50mbit,10mbit,800kbit,none,,0,0,0,0.28014183044433594,0.2322673797607422,1.0256290435791016
2025-12-11T19:22:33.094327Z,50mbit,10mbit,800kbit,none,,0,0,0,0.296783447265625,0.2048969268798828,1.0283946990966797
2025-12-11T19:22:33.593958Z,50mbit,10mbit,800kbit,none,,0,0,0,0.2940654754638672,0.1537799835205078,0.1605987548828125
2025-12-11T19:22:34.093695Z,50mbit,10mbit,800kbit,none,,0,0,0,38.66152763366699,0.16198158264160156,0.1605987548828125
2025-12-11T19:22:34.593569Z,50mbit,10mbit,800kbit,none,,0,0,0,38.65776062011719,0.16198158264160156,0.16984939575195312
2025-12-11T19:22:35.094292Z,50mbit,10mbit,800kbit,none,,0,0,0,72.81131744384766,0.1777172088623047,0.16984939575195312
2025-12-11T19:22:35.593898Z,50mbit,10mbit,800kbit,none,,0,0,0,72.81298637390137,0.1765727996826172,0.16078948974609375
2025-12-11T19:22:36.094282Z,50mbit,10mbit,800kbit,none,,0,0,0,103.92279624938965,0.19583702087402344,0.1728534698486328
2025-12-11T19:22:36.594193Z,50mbit,10mbit,800kbit,none,,0,0,0,65.55299758911133,0.18711090087890625,0.18033981323242188
2025-12-11T19:22:37.094306Z,50mbit,10mbit,800kbit,none,,0,0,0,93.68295669555664,0.19326210021972656,0.18033981323242188
2025-12-11T19:22:37.594093Z,50mbit,10mbit,800kbit,none,,0,0,0,59.53264236450195,0.19164085388183594,0.18033981323242188
2025-12-11T19:22:38.228841Z,50mbit,10mbit,800kbit,none,,0,0,0,59.52620506286621,0.19135475158691406,0.17852783203125
2025-12-11T19:22:38.593924Z,50mbit,10mbit,800kbit,none,,0,0,0,28.417539596557617,0.17948150634765625,0.17070770263671875
2025-12-11T19:22:39.322776Z,50mbit,10mbit,800kbit,none,,0,0,0,28.40900421142578,0.17914772033691406,0.18224716186523438
2025-12-11T19:22:39.594294Z,50mbit,10mbit,800kbit,none,,0,0,0,0.2852916717529297,0.17638206481933594,0.18224716186523438
2025-12-11T19:22:40.283054Z,50mbit,10mbit,800kbit,none,,0,0,0,0.2834320068359375,0.17256736755371094,0.180816650390625
2025-12-11T19:22:40.594101Z,50mbit,10mbit,800kbit,none,,0,0,0,0.3018379211425781,0.18682479858398438,0.1750469207763672
2025-12-11T19:22:41.094068Z,50mbit,10mbit,800kbit,none,,0,0,0,0.2998828887939453,0.1759052276611328,0.17709732055664062
2025-12-11T19:22:41.594096Z,50mbit,10mbit,800kbit,none,,0,0,0,0.3063678741455078,0.229644775390625,0.18062591552734375
2025-12-11T19:22:42.094445Z,50mbit,10mbit,800kbit,none,,0,0,0,0.3063678741455078,0.229644775390625,8.882570266723633
2025-12-11T19:22:42.594159Z,50mbit,10mbit,800kbit,none,,0,0,0,0.29206275939941406,0.229644775390625,8.894014358520508
2025-12-11T19:22:43.094268Z,10mbit,10mbit,800kbit,set_embb_10mbit,urllc_rtt=37.194,0,896,896,0.29206275939941406,37.19367980957031,8.891582489013672
2025-12-11T19:22:43.593673Z,10mbit,10mbit,800kbit,none,,896,0,0,0.2854347229003906,37.20073699951172,8.887624740600586
2025-12-11T19:22:44.094535Z,10mbit,10mbit,800kbit,none,,0,0,0,69.64430809020996,37.21327781677246,8.89430046081543
2025-12-11T19:22:44.594340Z,10mbit,10mbit,800kbit,none,,0,0,0,69.64292526245117,37.21327781677246,0.1910686492919922
2025-12-11T19:22:45.118062Z,10mbit,10mbit,800kbit,none,,0,0,0,69.77334022521973,37.21327781677246,0.17414093017578125
2025-12-11T19:22:45.594446Z,10mbit,10mbit,800kbit,none,,0,0,0,69.7812557220459,37.21327781677246,0.1697540283203125
2025-12-11T19:22:46.094221Z,10mbit,10mbit,800kbit,none,,0,0,0,69.7777271270752,37.210798263549805,0.19135475158691406
2025-12-11T19:22:46.594076Z,10mbit,10mbit,800kbit,none,,0,0,0,0.3978252410888672,37.156105041503906,0.1880168914794922
2025-12-11T19:22:47.094156Z,50mbit,10mbit,800kbit,restore_embb_50mbit,urllc stable,0,0,0,0.40879249572753906,0.18663406372070312,0.20804405212402344
2025-12-11T19:22:47.594358Z,50mbit,10mbit,800kbit,none,,0,0,0,0.2757549285888672,0.18663406372070312,0.2147197723388672
2025-12-11T19:22:48.094493Z,50mbit,10mbit,800kbit,none,,0,0,0,0.28624534606933594,0.17113685607910156,0.2148151397705078
2025-12-11T19:22:48.594405Z,50mbit,10mbit,800kbit,none,,0,0,0,0.2890586853027344,0.1445770263671875,0.19102096557617188
2025-12-11T19:22:49.094328Z,50mbit,10mbit,800kbit,none,,0,0,0,0.2948284149169922,0.146484375,0.1819133758544922
2025-12-11T19:22:49.594087Z,50mbit,10mbit,800kbit,none,,0,0,0,0.28324127197265625,0.1708984375,0.16341209411621094
2025-12-11T19:22:50.094250Z,50mbit,10mbit,800kbit,none,,0,0,0,36.54985427856445,0.17461776733398438,0.14519691467285156
2025-12-11T19:22:50.594175Z,50mbit,10mbit,800kbit,none,,0,0,0,36.54003143310547,0.17447471618652344,0.13837814331054688
2025-12-11T19:22:51.094498Z,50mbit,10mbit,800kbit,none,,0,0,0,36.539316177368164,0.17952919006347656,0.15468597412109375
2025-12-11T19:22:51.594628Z,50mbit,10mbit,800kbit,none,,0,0,0,36.530351638793945,0.1765727996826172,0.1488208770751953
2025-12-11T19:22:52.123658Z,50mbit,10mbit,800kbit,none,,0,0,0,59.7386360168457,0.17762184143066406,0.14171600341796875
2025-12-11T19:22:52.594028Z,50mbit,10mbit,800kbit,none,,0,0,0,23.48008155822754,0.16841888427734375,0.146484375
2025-12-11T19:22:53.228313Z,50mbit,10mbit,800kbit,none,,0,0,0,23.4832763671875,0.1675128936767578,0.16107559204101562
2025-12-11T19:22:53.594056Z,50mbit,10mbit,800kbit,none,,0,0,0,23.480987548828125,0.1675128936767578,0.1499652862548828
2025-12-11T19:22:54.458133Z,50mbit,10mbit,800kbit,none,,0,0,0,23.487424850463867,0.1675128936767578,0.1609325408935547
2025-12-11T19:22:54.594043Z,50mbit,10mbit,800kbit,none,,0,0,0,0.2766609191894531,0.1678943634033203,0.1609325408935547
2025-12-11T19:22:55.094019Z,50mbit,10mbit,800kbit,none,,0,0,0,45.74122428894043,0.1919269561767578,0.18987655639648438
2025-12-11T19:22:55.594086Z,50mbit,10mbit,800kbit,none,,0,0,0,45.75653076171875,0.1689434051513672,0.183868408203125
2025-12-11T19:22:56.284562Z,50mbit,10mbit,800kbit,none,,0,0,0,45.78719139099121,0.17762184143066406,0.18134117126464844
2025-12-11T19:22:56.594526Z,50mbit,10mbit,800kbit,none,,0,0,0,45.784902572631836,0.1834392547607422,0.18177032470703125
2025-12-11T19:22:57.094393Z,50mbit,10mbit,800kbit,none,,0,0,0,76.0221004486084,0.20923614501953125,0.20618438720703125
2025-12-11T19:22:57.593558Z,50mbit,10mbit,800kbit,none,,0,0,0,30.56173324584961,0.191497802734375,0.18396377563476562
2025-12-11T19:22:58.095188Z,50mbit,10mbit,800kbit,none,,0,0,0,30.56173324584961,0.191497802734375,29.890727996826172
2025-12-11T19:22:58.648301Z,50mbit,10mbit,800kbit,none,,0,0,0,30.539941787719727,0.21615028381347656,29.89048957824707
2025-12-11T19:22:59.149088Z,10mbit,10mbit,800kbit,set_embb_10mbit,urllc_rtt=26.327,0,0,0,30.539941787719727,26.327037811279297,29.892492294311523
2025-12-11T19:22:59.649075Z,10mbit,10mbit,800kbit,none,,0,0,0,30.512619018554688,26.332616806030273,29.86431121826172
2025-12-11T19:23:00.148601Z,10mbit,10mbit,800kbit,none,,0,0,0,88.95721435546875,26.35369300842285,29.851913452148438
2025-12-11T19:23:00.648515Z,10mbit,10mbit,800kbit,none,,0,0,0,58.73394012451172,26.353788375854492,29.851913452148438
2025-12-11T19:23:01.149359Z,10mbit,10mbit,800kbit,none,,0,0,0,58.728599548339844,26.332902908325195,0.15053749084472656
2025-12-11T19:23:01.649374Z,10mbit,10mbit,800kbit,none,,0,0,0,58.73379707336426,26.332902908325195,0.15687942504882812
2025-12-11T19:23:02.149459Z,50mbit,10mbit,800kbit,restore_embb_50mbit,urllc stable,0,0,0,58.73546600341797,0.2171039581298828,0.1513957977294922
2025-12-11T19:23:02.649021Z,50mbit,10mbit,800kbit,none,,0,0,0,0.2953052520751953,0.2171039581298828,0.14967918395996094
2025-12-11T19:23:03.148984Z,50mbit,10mbit,800kbit,none,,0,0,0,0.2938270568847656,0.2090930938720703,0.1694202423095703
2025-12-11T19:23:03.649016Z,50mbit,10mbit,800kbit,none,,0,0,0,0.29091835021972656,0.16336441040039062,0.1704692840576172
2025-12-11T19:23:04.149282Z,50mbit,10mbit,800kbit,none,,0,0,0,0.29931068420410156,0.15811920166015625,0.17299652099609375
2025-12-11T19:23:04.648865Z,50mbit,10mbit,800kbit,none,,0,0,0,0.30803680419921875,0.1517772674560547,0.174713134765625
2025-12-11T19:23:05.149002Z,50mbit,10mbit,800kbit,none,,0,0,0,0.30426979064941406,0.1571178436279297,0.177001953125
2025-12-11T19:23:05.649488Z,50mbit,10mbit,800kbit,none,,0,0,0,0.3010749816894531,0.1552581787109375,0.1678466796875
2025-12-11T19:23:06.149494Z,50mbit,10mbit,800kbit,none,,0,0,0,0.30078887939453125,0.1552581787109375,0.16717910766601562
2025-12-11T19:23:06.649458Z,50mbit,10mbit,800kbit,none,,0,0,0,0.3116607666015625,0.1602649688720703,0.16717910766601562
2025-12-11T19:23:07.148612Z,50mbit,10mbit,800kbit,none,,0,0,0,19.65160369873047,0.16756057739257812,0.14824867248535156
2025-12-11T19:23:07.648896Z,50mbit,10mbit,800kbit,none,,0,0,0,19.65632438659668,0.16756057739257812,0.1483440399169922
2025-12-11T19:23:08.149173Z,50mbit,10mbit,800kbit,none,,0,0,0,35.84632873535156,0.19731521606445312,0.1693248748779297
2025-12-11T19:23:08.649020Z,50mbit,10mbit,800kbit,none,,0,0,0,35.85195541381836,0.19731521606445312,0.16918182373046875
2025-12-11T19:23:09.148488Z,50mbit,10mbit,800kbit,none,,0,0,0,49.3990421295166,0.19731521606445312,0.17981529235839844
2025-12-11T19:23:09.650957Z,50mbit,10mbit,800kbit,none,,0,0,0,30.05690574645996,0.21791458129882812,0.19388198852539062
2025-12-11T19:23:10.148626Z,50mbit,10mbit,800kbit,none,,0,0,0,40.363502502441406,0.2399444580078125,0.19278526306152344
2025-12-11T19:23:10.648374Z,50mbit,10mbit,800kbit,none,,0,0,0,24.186277389526367,0.2399444580078125,0.17294883728027344
2025-12-11T19:23:11.192454Z,50mbit,10mbit,800kbit,none,,0,0,0,24.177885055541992,0.2399444580078125,0.1952648162841797
2025-12-11T19:23:11.648967Z,50mbit,10mbit,800kbit,none,,0,0,0,10.611820220947266,0.232696533203125,0.17375946044921875
2025-12-11T19:23:12.287418Z,50mbit,10mbit,800kbit,none,,0,0,0,10.61553955078125,0.22497177124023438,0.18405914306640625
2025-12-11T19:23:12.648975Z,50mbit,10mbit,800kbit,none,,0,0,0,0.3127574920654297,0.22497177124023438,0.18463134765625
2025-12-11T19:23:13.148637Z,50mbit,10mbit,800kbit,none,,0,0,0,18.65983009338379,0.22497177124023438,0.18596649169921875
2025-12-11T19:23:13.649283Z,50mbit,10mbit,800kbit,none,,0,0,0,18.66312026977539,0.22497177124023438,0.1644611358642578
2025-12-11T19:23:14.149003Z,10mbit,10mbit,800kbit,set_embb_10mbit,urllc_rtt=36.315,0,0,0,18.66312026977539,36.314964294433594,0.1868724822998047
2025-12-11T19:23:14.648766Z,10mbit,10mbit,800kbit,none,,0,0,0,18.66750717163086,36.296749114990234,0.16388893127441406
2025-12-11T19:23:15.148560Z,10mbit,10mbit,800kbit,none,,0,0,0,86.05704307556152,36.658430099487305,0.16736984252929688
2025-12-11T19:23:15.648707Z,10mbit,10mbit,800kbit,none,,0,0,0,86.05060577392578,36.658430099487305,0.1628398895263672
2025-12-11T19:23:16.442937Z,10mbit,10mbit,800kbit,none,,0,0,0,67.69838333129883,36.6572380065918,0.16150474548339844
2025-12-11T19:23:16.649093Z,10mbit,10mbit,800kbit,none,,0,0,0,67.7278995513916,36.71393394470215,0.17271041870117188
2025-12-11T19:23:17.149372Z,10mbit,10mbit,800kbit,none,,0,0,0,67.7304744720459,0.6054401397705078,0.17271041870117188
2025-12-11T19:23:17.649453Z,25mbit,10mbit,800kbit,set_embb_25mbit,urllc_rtt=0.600,0,0,0,0.3307819366455078,0.5995273590087891,0.17409324645996094
2025-12-11T19:23:18.149260Z,25mbit,10mbit,800kbit,none,,0,0,0,0.3284931182861328,0.5995273590087891,0.1701831817626953
2025-12-11T19:23:18.649108Z,25mbit,10mbit,800kbit,none,,0,0,0,0.32444000244140625,0.5995273590087891,0.16946792602539062
2025-12-11T19:23:19.149328Z,25mbit,10mbit,800kbit,none,,0,0,0,0.2899169921875,0.5995273590087891,0.17004013061523438
2025-12-11T19:23:19.649017Z,25mbit,10mbit,800kbit,none,,0,0,0,0.2898693084716797,0.5995273590087891,0.1572132110595703
2025-12-11T19:23:20.149289Z,25mbit,10mbit,800kbit,none,,0,0,0,0.28824806213378906,0.5995273590087891,0.16036033630371094
2025-12-11T19:23:20.649152Z,25mbit,10mbit,800kbit,none,,0,0,0,0.28557777404785156,0.5995273590087891,0.16808509826660156
2025-12-11T19:23:21.148997Z,25mbit,10mbit,800kbit,none,,0,0,0,0.2713203430175781,0.21805763244628906,0.17385482788085938
2025-12-11T19:23:21.649099Z,25mbit,10mbit,800kbit,none,,0,0,0,0.28171539306640625,0.21448135375976562,0.17261505126953125
2025-12-11T19:23:22.148471Z,50mbit,10mbit,800kbit,restore_embb_50mbit,urllc stable,0,0,0,0.27098655700683594,0.16222000122070312,0.16608238220214844
2025-12-11T19:23:22.649023Z,50mbit,10mbit,800kbit,none,,0,0,0,0.28061866760253906,0.15959739685058594,0.17905235290527344
2025-12-11T19:23:23.149198Z,50mbit,10mbit,800kbit,none,,0,0,0,0.2854347229003906,0.15959739685058594,0.1720428466796875
2025-12-11T19:23:23.648905Z,50mbit,10mbit,800kbit,none,,0,0,0,0.3041267395019531,0.15611648559570312,0.1705646514892578
2025-12-11T19:23:24.149422Z,50mbit,10mbit,800kbit,none,,0,0,0,14.375734329223633,0.17137527465820312,0.1667499542236328
2025-12-11T19:23:24.649016Z,50mbit,10mbit,800kbit,none,,0,0,0,14.385700225830078,0.19135475158691406,0.1667499542236328
2025-12-11T19:23:25.148484Z,50mbit,10mbit,800kbit,none,,0,0,0,26.38874053955078,0.19135475158691406,0.16698837280273438
2025-12-11T19:23:25.649073Z,50mbit,10mbit,800kbit,none,,0,0,0,26.39460563659668,0.1868724822998047,0.1544475555419922
2025-12-11T19:23:26.149432Z,50mbit,10mbit,800kbit,none,,0,0,0,34.61413383483887,0.19135475158691406,0.15172958374023438
2025-12-11T19:23:26.648996Z,50mbit,10mbit,800kbit,none,,0,0,0,20.54157257080078,0.19922256469726562,0.15172958374023438
2025-12-11T19:23:27.149466Z,50mbit,10mbit,800kbit,none,,0,0,0,28.86219024658203,0.2052783966064453,0.14395713806152344
2025-12-11T19:23:27.648400Z,50mbit,10mbit,800kbit,none,,0,0,0,16.86077117919922,0.1861095428466797,0.148773193359375
2025-12-11T19:23:28.149355Z,50mbit,10mbit,800kbit,none,,0,0,0,43.22819709777832,0.1861095428466797,0.15897750854492188
2025-12-11T19:23:28.648859Z,50mbit,10mbit,800kbit,none,,0,0,0,34.999847412109375,0.18663406372070312,0.15993118286132812
2025-12-11T19:23:29.148783Z,50mbit,10mbit,800kbit,none,,0,0,0,53.398847579956055,0.19998550415039062,0.18630027770996094
2025-12-11T19:23:29.650493Z,50mbit,10mbit,800kbit,none,,0,0,0,45.079898834228516,0.1942157745361328,0.18630027770996094
2025-12-11T19:23:30.148596Z,50mbit,10mbit,800kbit,none,,0,0,0,55.60770034790039,0.18029212951660156,0.19927024841308594
2025-12-11T19:23:30.648813Z,50mbit,10mbit,800kbit,none,,0,0,0,29.242658615112305,0.18029212951660156,0.1995086669921875
2025-12-11T19:23:31.482734Z,25mbit,10mbit,800kbit,set_embb_25mbit,urllc_rtt=0.322,0,0,0,29.2513370513916,0.3222465515136719,0.18258094787597656
2025-12-11T19:23:31.648536Z,25mbit,10mbit,800kbit,none,,0,0,0,10.845613479614258,0.3222465515136719,0.1796245574951172
2025-12-11T19:23:32.443041Z,25mbit,10mbit,800kbit,none,,0,0,0,10.83369255065918,0.32444000244140625,0.15687942504882812
2025-12-11T19:23:32.648726Z,25mbit,10mbit,800kbit,none,,0,0,0,0.3046989440917969,0.32444000244140625,0.17175674438476562
2025-12-11T19:23:33.588097Z,25mbit,10mbit,800kbit,none,,0,0,0,0.35724639892578125,0.3231048583984375,0.17189979553222656
2025-12-11T19:23:33.648813Z,25mbit,10mbit,800kbit,none,,0,0,0,0.34012794494628906,0.3231048583984375,0.17690658569335938
2025-12-11T19:23:34.149091Z,25mbit,10mbit,800kbit,none,,0,0,0,0.34079551696777344,0.32219886779785156,0.1766681671142578
2025-12-11T19:23:34.649311Z,25mbit,10mbit,800kbit,none,,0,0,0,0.34890174865722656,0.32401084899902344,0.16694068908691406
2025-12-11T19:23:35.148578Z,25mbit,10mbit,800kbit,none,,0,0,0,0.3380775451660156,0.1812458038330078,0.14066696166992188
2025-12-11T19:23:35.649477Z,25mbit,10mbit,800kbit,none,,0,0,0,0.28076171875,0.17647743225097656,0.13866424560546875
2025-12-11T19:23:36.149017Z,50mbit,10mbit,800kbit,restore_embb_50mbit,urllc stable,0,0,0,0.2898216247558594,0.1591205596923828,0.1408100128173828
2025-12-11T19:23:36.649154Z,50mbit,10mbit,800kbit,none,,0,0,0,0.29282569885253906,0.15850067138671875,0.1403331756591797
2025-12-11T19:23:37.148878Z,50mbit,10mbit,800kbit,none,,0,0,0,0.27565956115722656,0.15850067138671875,0.1495361328125
2025-12-11T19:23:37.649336Z,50mbit,10mbit,800kbit,none,,0,0,0,0.2929210662841797,0.15850067138671875,0.17137527465820312
2025-12-11T19:23:38.149425Z,50mbit,10mbit,800kbit,none,,0,0,0,0.2956390380859375,0.15850067138671875,0.17647743225097656
2025-12-11T19:23:38.649239Z,50mbit,10mbit,800kbit,none,,0,0,0,0.305938720703125,0.15850067138671875,0.1926422119140625
2025-12-11T19:23:39.148997Z,50mbit,10mbit,800kbit,none,,0,0,0,0.3029823303222656,0.16698837280273438,0.19483566284179688
2025-12-11T19:23:39.649373Z,50mbit,10mbit,800kbit,none,,0,0,0,0.3238201141357422,0.16922950744628906,0.19364356994628906
2025-12-11T19:23:40.222928Z,50mbit,10mbit,800kbit,none,,0,0,0,0.32219886779785156,0.1873016357421875,0.18248558044433594
2025-12-11T19:23:40.649261Z,50mbit,10mbit,800kbit,none,,0,0,0,0.32744407653808594,0.1873016357421875,0.18405914306640625
2025-12-11T19:23:41.207270Z,50mbit,10mbit,800kbit,none,,0,0,0,0.3146171569824219,0.18782615661621094,0.1705169677734375
2025-12-11T19:23:41.649013Z,50mbit,10mbit,800kbit,none,,0,0,0,0.3246307373046875,0.18897056579589844,0.17366409301757812
2025-12-11T19:23:42.182519Z,50mbit,10mbit,800kbit,none,,0,0,0,0.32100677490234375,0.17404556274414062,0.1804828643798828
2025-12-11T19:23:42.649091Z,50mbit,10mbit,800kbit,none,,0,0,0,0.3162860870361328,0.17309188842773438,0.17728805541992188
2025-12-11T19:23:43.172400Z,50mbit,10mbit,800kbit,none,,0,0,0,0.30417442321777344,0.16202926635742188,0.17461776733398438
2025-12-11T19:23:43.648941Z,50mbit,10mbit,800kbit,none,,0,0,0,0.3151893615722656,0.16160011291503906,0.16684532165527344
2025-12-11T19:23:44.636871Z,50mbit,10mbit,800kbit,none,,0,0,0,0.30655860900878906,0.17037391662597656,0.15201568603515625
2025-12-11T19:23:44.648536Z,50mbit,10mbit,800kbit,none,,0,0,0,0.2905845642089844,0.17147064208984375,0.15201568603515625
2025-12-11T19:23:45.243678Z,50mbit,10mbit,800kbit,none,,0,0,0,0.27680397033691406,0.1781463623046875,0.1453399658203125
2025-12-11T19:23:45.648892Z,50mbit,10mbit,800kbit,none,,0,0,0,0.2907752990722656,0.17442703247070312,0.13866424560546875
2025-12-11T19:23:46.149358Z,50mbit,10mbit,800kbit,none,,0,0,0,0.31342506408691406,0.18110275268554688,0.13604164123535156
2025-12-11T19:23:46.649054Z,50mbit,10mbit,800kbit,none,,0,0,0,0.31447410583496094,0.18110275268554688,0.13952255249023438
2025-12-11T19:23:47.482724Z,50mbit,10mbit,800kbit,none,,0,0,0,0.3193855285644531,0.17843246459960938,0.15974044799804688
2025-12-11T19:23:47.648891Z,50mbit,10mbit,800kbit,none,,0,0,0,0.3283500671386719,0.18606185913085938,0.1677989959716797
2025-12-11T19:23:48.149015Z,50mbit,10mbit,800kbit,none,,0,0,0,58.73236656188965,0.18606185913085938,0.1712799072265625
2025-12-11T19:23:48.648923Z,50mbit,10mbit,800kbit,none,,0,0,0,58.698320388793945,0.1956462860107422,0.16798973083496094
2025-12-11T19:23:49.149320Z,50mbit,10mbit,800kbit,none,,0,0,0,141.97607040405273,0.1956462860107422,56.94384574890137
2025-12-11T19:23:50.053637Z,50mbit,10mbit,800kbit,none,,0,0,0,141.9747829437256,0.1956462860107422,56.949806213378906
2025-12-11T19:23:50.554430Z,50mbit,10mbit,800kbit,none,,0,0,0,141.9663906097412,0.1956462860107422,56.9432258605957
2025-12-11T19:23:51.054361Z,50mbit,10mbit,800kbit,none,,0,0,0,83.55283737182617,0.20074844360351562,56.93359375
2025-12-11T19:23:51.554419Z,50mbit,10mbit,800kbit,none,,0,0,0,83.55493545532227,0.19774436950683594,56.94246292114258
2025-12-11T19:23:52.054748Z,50mbit,10mbit,800kbit,none,,0,0,0,0.27642250061035156,0.194549560546875,0.16388893127441406
2025-12-11T19:23:52.554402Z,50mbit,10mbit,800kbit,none,,0,0,0,0.28023719787597656,0.194549560546875,0.1529216766357422
2025-12-11T19:23:53.054675Z,50mbit,10mbit,800kbit,none,,0,0,0,0.28471946716308594,0.1827239990234375,0.1549243927001953
2025-12-11T19:23:53.554606Z,50mbit,10mbit,800kbit,none,,0,0,0,0.2819061279296875,0.1827239990234375,0.16503334045410156
2025-12-11T19:23:54.054443Z,50mbit,10mbit,800kbit,none,,0,0,0,0.2795696258544922,0.19617080688476562,0.16150474548339844
2025-12-11T19:23:54.554423Z,50mbit,10mbit,800kbit,none,,0,0,0,0.28166770935058594,0.19617080688476562,0.16183853149414062
2025-12-11T19:23:55.054202Z,50mbit,10mbit,800kbit,none,,0,0,0,32.47804641723633,0.20627975463867188,0.16183853149414062
2025-12-11T19:23:55.554192Z,50mbit,10mbit,800kbit,none,,0,0,0,32.4918270111084,0.2162933349609375,0.1834392547607422
2025-12-11T19:23:56.054414Z,50mbit,10mbit,800kbit,none,,0,0,0,61.6549015045166,0.2338886260986328,0.21524429321289062
2025-12-11T19:23:56.554765Z,50mbit,10mbit,800kbit,none,,0,0,0,61.6546630859375,0.23450851440429688,0.21877288818359375
2025-12-11T19:23:57.054778Z,50mbit,10mbit,800kbit,none,,0,0,0,87.91918754577637,0.23450851440429688,0.23703575134277344
2025-12-11T19:23:57.554647Z,50mbit,10mbit,800kbit,none,,0,0,0,55.728816986083984,0.20422935485839844,0.2407550811767578
2025-12-11T19:23:58.054169Z,50mbit,10mbit,800kbit,none,,0,0,0,79.16569709777832,0.20422935485839844,0.2369403839111328
2025-12-11T19:23:58.554976Z,50mbit,10mbit,800kbit,none,,0,0,0,49.99575614929199,0.18486976623535156,0.20308494567871094
2025-12-11T19:23:59.163899Z,50mbit,10mbit,800kbit,none,,0,0,0,49.98970031738281,0.16546249389648438,0.1986980438232422
2025-12-11T19:23:59.554588Z,50mbit,10mbit,800kbit,none,,0,0,0,23.721694946289062,0.16546249389648438,0.1797199249267578
2025-12-11T19:24:00.054775Z,10mbit,10mbit,800kbit,set_embb_10mbit,urllc_rtt=5.173,0,0,0,23.721694946289062,5.173206329345703,0.2181529998779297
2025-12-11T19:24:00.554009Z,10mbit,10mbit,800kbit,none,,0,0,0,23.720550537109375,5.169773101806641,0.1972675323486328
2025-12-11T19:24:01.242356Z,10mbit,10mbit,800kbit,none,,0,0,0,0.28100013732910156,5.174446105957031,0.19059181213378906
2025-12-11T19:24:01.554777Z,10mbit,10mbit,800kbit,none,,0,0,0,0.2887725830078125,5.176782608032227,0.18944740295410156
2025-12-11T19:24:02.054545Z,10mbit,10mbit,800kbit,none,,0,0,0,61.551618576049805,5.173349380493164,0.18944740295410156
2025-12-11T19:24:02.554298Z,50mbit,10mbit,800kbit,restore_embb_50mbit,urllc stable,0,0,0,61.55142784118652,0.14405250549316406,0.18324851989746094
2025-12-11T19:24:03.352795Z,50mbit,10mbit,800kbit,none,,0,0,0,61.55142784118652,0.15764236450195312,0.14138221740722656
2025-12-11T19:24:03.554051Z,50mbit,10mbit,800kbit,none,,0,0,0,61.53755187988281,0.15764236450195312,0.1582622528076172
2025-12-11T19:24:04.054333Z,50mbit,10mbit,800kbit,none,,0,0,0,139.91551399230957,0.16922950744628906,0.1899242401123047
2025-12-11T19:24:04.554418Z,50mbit,10mbit,800kbit,none,,0,0,0,78.6562442779541,0.16922950744628906,0.19288063049316406
2025-12-11T19:24:05.054379Z,50mbit,10mbit,800kbit,none,,0,0,0,147.9482650756836,0.17600059509277344,0.20427703857421875
2025-12-11T19:24:05.553818Z,50mbit,10mbit,800kbit,none,,0,0,0,147.94611930847168,0.1751422882080078,0.20360946655273438
2025-12-11T19:24:06.053913Z,50mbit,10mbit,800kbit,none,,0,0,0,147.96195030212402,0.17571449279785156,0.1922130584716797
2025-12-11T19:24:06.554306Z,50mbit,10mbit,800kbit,none,,0,0,0,69.57693099975586,0.17571449279785156,0.17366409301757812
2025-12-11T19:24:07.054252Z,50mbit,10mbit,800kbit,none,,0,0,0,69.59710121154785,0.16736984252929688,0.16307830810546875
2025-12-11T19:24:07.554627Z,50mbit,10mbit,800kbit,none,,0,0,0,0.3104209899902344,0.15511512756347656,0.15964508056640625
2025-12-11T19:24:08.054777Z,50mbit,10mbit,800kbit,none,,0,0,0,0.3284454345703125,0.1480579376220703,0.15964508056640625
2025-12-11T19:24:08.554328Z,50mbit,10mbit,800kbit,none,,0,0,0,0.3253936767578125,0.1506328582763672,0.16112327575683594
2025-12-11T19:24:09.054667Z,50mbit,10mbit,800kbit,none,,0,0,0,0.3330707550048828,0.14591217041015625,0.16112327575683594
2025-12-11T19:24:09.554023Z,50mbit,10mbit,800kbit,none,,0,0,0,0.3266334533691406,0.14014244079589844,0.16112327575683594
2025-12-11T19:24:10.054894Z,50mbit,10mbit,800kbit,none,,0,0,0,0.3384590148925781,0.13818740844726562,0.15387535095214844
2025-12-11T19:24:10.554373Z,50mbit,10mbit,800kbit,none,,0,0,0,0.9232521057128906,0.13818740844726562,0.1468181610107422
2025-12-11T19:24:11.054028Z,50mbit,10mbit,800kbit,none,,0,0,0,0.9250164031982422,0.13747215270996094,0.15974044799804688
2025-12-11T19:24:11.554834Z,50mbit,10mbit,800kbit,none,,0,0,0,0.939178466796875,0.13866424560546875,0.15974044799804688
2025-12-11T19:24:12.054515Z,50mbit,10mbit,800kbit,none,,0,0,0,26.012563705444336,0.15349388122558594,0.3830909729003906
2025-12-11T19:24:12.553949Z,50mbit,10mbit,800kbit,none,,0,0,0,26.012754440307617,0.1521587371826172,0.37975311279296875
2025-12-11T19:24:13.172612Z,50mbit,10mbit,800kbit,none,,0,0,0,25.426244735717773,0.1778125762939453,0.3790855407714844
2025-12-11T19:24:13.554696Z,50mbit,10mbit,800kbit,none,,0,0,0,25.428342819213867,0.17919540405273438,0.3832817077636719
2025-12-11T19:24:14.054664Z,50mbit,10mbit,800kbit,none,,0,0,0,47.59421348571777,0.17919540405273438,0.40116310119628906
2025-12-11T19:24:14.554154Z,50mbit,10mbit,800kbit,none,,0,0,0,22.51591682434082,0.1788616180419922,0.1742839813232422
2025-12-11T19:24:15.053994Z,50mbit,10mbit,800kbit,none,,0,0,0,40.91687202453613,0.1903057098388672,0.18100738525390625
2025-12-11T19:24:15.554861Z,50mbit,10mbit,800kbit,none,,0,0,0,40.8994197845459,0.1948833465576172,0.18472671508789062
2025-12-11T19:24:16.054451Z,50mbit,10mbit,800kbit,none,,0,0,0,61.01975440979004,0.17414093017578125,0.29892921447753906
2025-12-11T19:24:16.554129Z,50mbit,10mbit,800kbit,none,,0,0,0,38.83566856384277,0.17461776733398438,0.2842903137207031
2025-12-11T19:24:17.237848Z,50mbit,10mbit,800kbit,none,,0,0,0,38.83395195007324,0.1888751983642578,0.2844810485839844
2025-12-11T19:24:17.554923Z,50mbit,10mbit,800kbit,none,,0,0,0,20.420455932617188,0.1712322235107422,0.2720832824707031
2025-12-11T19:24:18.203934Z,50mbit,10mbit,800kbit,none,,0,0,0,47.8238582611084,0.17757415771484375,0.2734184265136719
2025-12-11T19:24:18.554302Z,50mbit,10mbit,800kbit,none,,0,0,0,27.68850326538086,0.17757415771484375,0.1605987548828125
2025-12-11T19:24:19.054994Z,50mbit,10mbit,800kbit,none,,0,0,0,81.67099952697754,0.1778125762939453,0.14739036560058594
2025-12-11T19:24:19.554404Z,50mbit,10mbit,800kbit,none,,0,0,0,81.66475296020508,0.185394287109375,0.15168190002441406
2025-12-11T19:24:20.443004Z,50mbit,10mbit,800kbit,none,,0,0,0,82.41705894470215,0.185394287109375,0.17557144165039062
2025-12-11T19:24:20.554678Z,50mbit,10mbit,800kbit,none,,0,0,0,55.01518249511719,0.18329620361328125,0.17004013061523438
2025-12-11T19:24:21.054160Z,50mbit,10mbit,800kbit,none,,0,0,0,153.40914726257324,0.18329620361328125,0.3585338592529297
2025-12-11T19:24:21.554411Z,50mbit,10mbit,800kbit,none,,0,0,0,99.4133472442627,0.19059181213378906,0.3567695617675781
2025-12-11T19:24:22.054232Z,50mbit,10mbit,800kbit,none,,0,0,0,160.79206466674805,0.1904010772705078,0.3609657287597656
2025-12-11T19:24:22.554353Z,50mbit,10mbit,800kbit,none,,0,0,0,160.03475189208984,0.18491744995117188,0.35195350646972656
2025-12-11T19:24:23.054614Z,50mbit,10mbit,800kbit,none,,0,0,0,160.03942489624023,0.20952224731445312,0.3573894500732422
2025-12-11T19:24:23.554584Z,50mbit,10mbit,800kbit,none,,0,0,0,61.646175384521484,0.1942157745361328,0.1621723175048828
2025-12-11T19:24:24.054723Z,50mbit,10mbit,800kbit,none,,0,0,0,61.66343688964844,0.1831531524658203,0.17042160034179688
2025-12-11T19:24:24.554711Z,50mbit,10mbit,800kbit,none,,0,0,0,0.2899169921875,0.17957687377929688,0.1598358154296875
2025-12-11T19:24:25.054818Z,50mbit,10mbit,800kbit,none,,0,0,0,0.2902030944824219,0.18019676208496094,0.1530170440673828
2025-12-11T19:24:25.554020Z,50mbit,10mbit,800kbit,none,,0,0,0,0.3006935119628906,0.18019676208496094,0.17595291137695312
2025-12-11T19:24:26.054412Z,50mbit,10mbit,800kbit,none,,0,0,0,32.43274688720703,0.1663684844970703,0.1796722412109375
2025-12-11T19:24:26.554381Z,50mbit,10mbit,800kbit,none,,0,0,0,32.44013786315918,0.17914772033691406,0.18820762634277344
2025-12-11T19:24:27.054555Z,50mbit,10mbit,800kbit,none,,0,0,0,61.55109405517578,0.1911640167236328,0.18820762634277344
2025-12-11T19:24:27.554683Z,50mbit,10mbit,800kbit,none,,0,0,0,61.554765701293945,0.18453598022460938,0.18606185913085938
2025-12-11T19:24:28.054018Z,50mbit,10mbit,800kbit,none,,0,0,0,86.65862083435059,0.189971923828125,0.180816650390625
2025-12-11T19:24:28.554408Z,50mbit,10mbit,800kbit,none,,0,0,0,54.535865783691406,0.17647743225097656,0.15616416931152344
2025-12-11T19:24:29.163070Z,50mbit,10mbit,800kbit,none,,0,0,0,54.73127365112305,0.17647743225097656,0.7080078125
2025-12-11T19:24:29.554212Z,50mbit,10mbit,800kbit,none,,0,0,0,25.617456436157227,0.17647743225097656,0.6981849670410156
2025-12-11T19:24:30.054273Z,50mbit,10mbit,800kbit,none,,0,0,0,44.97876167297363,0.18663406372070312,0.6981849670410156
2025-12-11T19:24:30.553973Z,50mbit,10mbit,800kbit,none,,0,0,0,19.864273071289062,0.18019676208496094,0.7080554962158203
2025-12-11T19:24:31.054749Z,50mbit,10mbit,800kbit,none,,0,0,0,36.0933780670166,0.18019676208496094,0.7389545440673828
2025-12-11T19:24:31.554584Z,50mbit,10mbit,800kbit,none,,0,0,0,35.88147163391113,0.1930713653564453,0.7389545440673828
2025-12-11T19:24:32.054445Z,50mbit,10mbit,800kbit,none,,0,0,0,50.133657455444336,0.1930713653564453,0.745391845703125
2025-12-11T19:24:32.554120Z,50mbit,10mbit,800kbit,none,,0,0,0,30.773258209228516,0.18548965454101562,0.18973350524902344
2025-12-11T19:24:33.253522Z,50mbit,10mbit,800kbit,none,,0,0,0,30.784893035888672,0.18787384033203125,0.1884937286376953
2025-12-11T19:24:33.553996Z,50mbit,10mbit,800kbit,none,,0,0,0,14.55531120300293,0.16722679138183594,0.18138885498046875
2025-12-11T19:24:34.054542Z,50mbit,10mbit,800kbit,none,,0,0,0,44.75431442260742,0.16722679138183594,0.1686573028564453
2025-12-11T19:24:34.554006Z,50mbit,10mbit,800kbit,none,,0,0,0,30.504274368286133,0.16074180603027344,0.15730857849121094
2025-12-11T19:24:35.057604Z,50mbit,10mbit,800kbit,none,,0,0,0,51.108407974243164,0.19326210021972656,0.15730857849121094
2025-12-11T19:24:35.554434Z,50mbit,10mbit,800kbit,none,,0,0,0,51.12776756286621,0.2342700958251953,0.17218589782714844
2025-12-11T19:24:36.054054Z,50mbit,10mbit,800kbit,none,,0,0,0,129.05969619750977,0.258636474609375,0.17218589782714844
2025-12-11T19:24:36.553996Z,50mbit,10mbit,800kbit,none,,0,0,0,98.87895584106445,0.26221275329589844,0.17719268798828125
2025-12-11T19:24:37.054619Z,50mbit,10mbit,800kbit,none,,0,0,0,168.30735206604004,0.26221275329589844,0.18906593322753906
2025-12-11T19:24:37.554011Z,50mbit,10mbit,800kbit,none,,0,0,0,147.7097511291504,0.2968788146972656,0.17900466918945312
2025-12-11T19:24:38.053984Z,50mbit,10mbit,800kbit,none,,0,0,0,244.32005882263184,0.2968788146972656,0.19922256469726562
2025-12-11T19:24:38.554139Z,50mbit,10mbit,800kbit,none,,0,0,0,166.37115478515625,0.2498626708984375,0.18377304077148438
2025-12-11T19:24:39.054015Z,50mbit,10mbit,800kbit,none,,0,0,0,166.35847091674805,0.2083301544189453,0.1808643341064453
2025-12-11T19:24:39.554225Z,50mbit,10mbit,800kbit,none,,0,0,0,96.93241119384766,0.2083301544189453,0.17638206481933594
2025-12-11T19:24:40.054590Z,50mbit,10mbit,800kbit,none,,0,0,0,96.92363739013672,0.18401145935058594,0.17638206481933594
2025-12-11T19:24:40.554250Z,50mbit,10mbit,800kbit,none,,0,0,0,0.2815723419189453,0.18401145935058594,0.1751422882080078
2025-12-11T19:24:41.054489Z,50mbit,10mbit,800kbit,none,,0,0,0,0.2815723419189453,0.18401145935058594,20.980167388916016
2025-12-11T19:24:41.563368Z,50mbit,10mbit,800kbit,none,,0,0,0,0.2816200256347656,0.18258094787597656,20.980167388916016
2025-12-11T19:24:42.064436Z,50mbit,10mbit,800kbit,none,,0,0,0,28.342628479003906,0.1582622528076172,20.980167388916016
2025-12-11T19:24:42.564401Z,50mbit,10mbit,800kbit,none,,0,0,0,28.338956832885742,0.15892982482910156,20.995378494262695
2025-12-11T19:24:43.063542Z,50mbit,10mbit,800kbit,none,,0,0,0,3579.3782234191895,0.1815319061279297,21.007585525512695
2025-12-11T19:25:00.822446Z,50mbit,10mbit,800kbit,none,,0,0,0,3580.510473251343,0.1815319061279297,21.050691604614258
2025-12-11T19:25:01.323034Z,50mbit,10mbit,800kbit,none,,0,0,0,3580.622148513794,0.1815319061279297,21.134138107299805
2025-12-11T19:25:01.823394Z,50mbit,10mbit,800kbit,none,,0,0,0,3552.5808811187744,0.2059459686279297,0.3319263458251953
2025-12-11T19:25:02.323416Z,50mbit,10mbit,800kbit,none,,0,0,0,3552.597141265869,0.20422935485839844,0.3319263458251953
2025-12-11T19:25:02.822776Z,50mbit,10mbit,800kbit,none,,0,0,0,1.594400405883789,0.20189285278320312,0.33130645751953125
2025-12-11T19:25:03.323157Z,50mbit,10mbit,800kbit,none,,0,0,0,0.4784107208251953,0.20208358764648438,0.33130645751953125
2025-12-11T19:25:03.823577Z,50mbit,10mbit,800kbit,none,,0,0,0,0.39010047912597656,0.20208358764648438,0.324249267578125
2025-12-11T19:25:04.323388Z,50mbit,10mbit,800kbit,none,,0,0,0,0.37899017333984375,0.17561912536621094,0.2747058868408203
2025-12-11T19:25:04.823326Z,50mbit,10mbit,800kbit,none,,0,0,0,0.38776397705078125,0.16303062438964844,0.1933574676513672
2025-12-11T19:25:05.323576Z,50mbit,10mbit,800kbit,none,,0,0,0,0.3581523895263672,0.16775131225585938,0.1682758331298828
2025-12-11T19:25:05.822864Z,50mbit,10mbit,800kbit,none,,0,0,0,0.3602027893066406,0.1689434051513672,0.16698837280273438
2025-12-11T19:25:06.323051Z,50mbit,10mbit,800kbit,none,,0,0,0,0.34995079040527344,0.17600059509277344,0.1682758331298828
2025-12-11T19:25:06.822627Z,50mbit,10mbit,800kbit,none,,0,0,0,0.35147666931152344,0.18157958984375,0.1719951629638672
2025-12-11T19:25:07.323059Z,50mbit,10mbit,800kbit,none,,0,0,0,0.3409862518310547,0.16956329345703125,0.1708984375
2025-12-11T19:25:07.823394Z,50mbit,10mbit,800kbit,none,,0,0,0,0.3272533416748047,0.1735687255859375,0.16946792602539062
2025-12-11T19:25:08.323453Z,50mbit,10mbit,800kbit,none,,0,0,0,0.29735565185546875,0.16388893127441406,0.159454345703125
2025-12-11T19:25:08.822953Z,50mbit,10mbit,800kbit,none,,0,0,0,0.2989768981933594,0.16388893127441406,0.15473365783691406
2025-12-11T19:25:09.323314Z,50mbit,10mbit,800kbit,none,,0,0,0,0.2995491027832031,0.16279220581054688,0.153350830078125
2025-12-11T19:25:09.823402Z,50mbit,10mbit,800kbit,none,,0,0,0,0.29201507568359375,0.16279220581054688,0.15516281127929688
2025-12-11T19:25:10.323000Z,50mbit,10mbit,800kbit,none,,0,0,0,0.3066539764404297,0.16279220581054688,0.16112327575683594
2025-12-11T19:25:10.823486Z,50mbit,10mbit,800kbit,none,,0,0,0,0.31599998474121094,0.16236305236816406,0.15811920166015625
2025-12-11T19:25:11.323033Z,50mbit,10mbit,800kbit,none,,0,0,0,0.32973289489746094,0.16260147094726562,0.15807151794433594
2025-12-11T19:25:11.823666Z,50mbit,10mbit,800kbit,none,,0,0,0,0.3184795379638672,0.16107559204101562,0.1556396484375
2025-12-11T19:25:12.323118Z,50mbit,10mbit,800kbit,none,,0,0,0,0.31180381774902344,0.15883445739746094,0.15192031860351562
2025-12-11T19:25:12.823365Z,50mbit,10mbit,800kbit,none,,0,0,0,0.3047466278076172,0.1632213592529297,0.7145404815673828
2025-12-11T19:25:13.323287Z,50mbit,10mbit,800kbit,none,,0,0,0,0.30879974365234375,0.1632213592529297,0.7154941558837891
2025-12-11T19:25:13.822985Z,50mbit,10mbit,800kbit,none,,0,0,0,0.3027915954589844,0.17681121826171875,0.7154941558837891
2025-12-11T19:25:14.323254Z,50mbit,10mbit,800kbit,none,,0,0,0,0.3025054931640625,0.18491744995117188,0.7154941558837891
2025-12-11T19:25:14.823228Z,50mbit,10mbit,800kbit,none,,0,0,0,0.307464599609375,0.18491744995117188,0.7128238677978516
2025-12-11T19:25:15.323501Z,50mbit,10mbit,800kbit,none,,0,0,0,0.30913352966308594,0.2051830291748047,0.7113933563232422
2025-12-11T19:25:15.823886Z,50mbit,10mbit,800kbit,none,,0,0,0,0.3081321716308594,0.21042823791503906,0.7140159606933594
2025-12-11T19:25:16.323173Z,50mbit,10mbit,800kbit,none,,0,0,0,0.29854774475097656,0.20308494567871094,0.14967918395996094
2025-12-11T19:25:16.823031Z,50mbit,10mbit,800kbit,none,,0,0,0,0.3026008605957031,0.20122528076171875,0.1602649688720703
2025-12-11T19:25:17.323876Z,50mbit,10mbit,800kbit,none,,0,0,0,0.29587745666503906,0.20122528076171875,0.1583576202392578
2025-12-11T19:25:17.823169Z,50mbit,10mbit,800kbit,none,,0,0,0,0.2913475036621094,0.22940635681152344,0.15959739685058594
2025-12-11T19:25:18.323964Z,50mbit,10mbit,800kbit,none,,0,0,0,0.2882957458496094,0.20284652709960938,0.15463829040527344
2025-12-11T19:25:18.823124Z,50mbit,10mbit,800kbit,none,,0,0,0,0.29006004333496094,0.1987934112548828,0.16374588012695312
2025-12-11T19:25:19.323846Z,50mbit,10mbit,800kbit,none,,0,0,0,0.2998828887939453,0.1987934112548828,0.159454345703125
2025-12-11T19:25:19.823155Z,50mbit,10mbit,800kbit,none,,0,0,0,0.299072265625,0.1987934112548828,0.1606464385986328
2025-12-11T19:25:20.323035Z,50mbit,10mbit,800kbit,none,,0,0,0,0.3009319305419922,0.1972198486328125,0.1666545867919922
2025-12-11T19:25:20.823294Z,50mbit,10mbit,800kbit,none,,0,0,0,0.3046989440917969,0.18568038940429688,0.16698837280273438
2025-12-11T19:25:21.323222Z,50mbit,10mbit,800kbit,none,,0,0,0,0.3124713897705078,0.16813278198242188,0.16021728515625
2025-12-11T19:25:21.823501Z,50mbit,10mbit,800kbit,none,,0,0,0,0.29740333557128906,0.16803741455078125,0.14905929565429688
2025-12-11T19:25:22.323068Z,50mbit,10mbit,800kbit,none,,0,0,0,0.30112266540527344,0.1716136932373047,0.14324188232421875
2025-12-11T19:25:22.822922Z,50mbit,10mbit,800kbit,none,,0,0,0,0.2933502197265625,0.1690387725830078,0.16388893127441406
2025-12-11T19:25:23.323789Z,50mbit,10mbit,800kbit,none,,0,0,0,0.2882957458496094,0.1690387725830078,0.16546249389648438
2025-12-11T19:25:23.823419Z,50mbit,10mbit,800kbit,none,,0,0,0,0.2892494201660156,0.17518997192382812,0.16531944274902344
2025-12-11T19:25:24.323337Z,50mbit,10mbit,800kbit,none,,0,0,0,0.2945899963378906,0.1498699188232422,0.16946792602539062
2025-12-11T19:25:24.823780Z,50mbit,10mbit,800kbit,none,,0,0,0,0.3010749816894531,0.1498699188232422,0.17685890197753906
2025-12-11T19:25:25.323631Z,50mbit,10mbit,800kbit,none,,0,0,0,0.3062248229980469,0.1498699188232422,0.18138885498046875
2025-12-11T19:25:25.823408Z,50mbit,10mbit,800kbit,none,,0,0,0,0.3149986267089844,0.15621185302734375,0.17952919006347656
2025-12-11T19:25:26.323934Z,50mbit,10mbit,800kbit,none,,0,0,0,0.30612945556640625,0.15535354614257812,0.177001953125
2025-12-11T19:25:26.823976Z,50mbit,10mbit,800kbit,none,,0,0,0,0.3078937530517578,0.16150474548339844,0.17919540405273438
2025-12-11T19:25:27.322967Z,50mbit,10mbit,800kbit,none,,0,0,0,0.2998828887939453,0.15425682067871094,0.17681121826171875
2025-12-11T19:25:27.823008Z,50mbit,10mbit,800kbit,none,,0,0,0,0.30364990234375,0.16541481018066406,0.14443397521972656
2025-12-11T19:25:28.323965Z,50mbit,10mbit,800kbit,none,,0,0,0,0.2953529357910156,0.16989707946777344,0.15420913696289062
2025-12-11T19:25:28.823183Z,50mbit,10mbit,800kbit,none,,0,0,0,0.29387474060058594,0.16989707946777344,0.1560688018798828
2025-12-11T19:25:29.323029Z,50mbit,10mbit,800kbit,none,,0,0,0,0.2911090850830078,0.1685619354248047,0.1553058624267578
2025-12-11T19:25:29.823544Z,50mbit,10mbit,800kbit,none,,0,0,0,0.3085136413574219,0.1746654510498047,0.1747608184814453
2025-12-11T19:25:30.323284Z,50mbit,10mbit,800kbit,none,,0,0,0,0.3151416778564453,0.1926898956298828,0.18405914306640625
2025-12-11T19:25:30.823008Z,50mbit,10mbit,800kbit,none,,0,0,0,0.31371116638183594,0.18634796142578125,0.1788616180419922
2025-12-11T19:25:31.323715Z,50mbit,10mbit,800kbit,none,,0,0,0,0.3054618835449219,0.17724037170410156,0.18720626831054688
2025-12-11T19:25:31.823168Z,50mbit,10mbit,800kbit,none,,0,0,0,0.3021717071533203,0.17786026000976562,0.1880645751953125
2025-12-11T19:25:32.323194Z,50mbit,10mbit,800kbit,none,,0,0,0,0.2883434295654297,0.17328262329101562,0.18062591552734375
2025-12-11T19:25:32.823378Z,50mbit,10mbit,800kbit,none,,0,0,0,0.2875328063964844,0.15516281127929688,0.17294883728027344
2025-12-11T19:25:33.323915Z,50mbit,10mbit,800kbit,none,,0,0,0,0.2959251403808594,0.1494884490966797,0.17385482788085938
2025-12-11T19:25:33.823465Z,50mbit,10mbit,800kbit,none,,0,0,0,0.3025054931640625,0.16946792602539062,0.1662731170654297
2025-12-11T19:25:34.323339Z,50mbit,10mbit,800kbit,none,,0,0,0,0.3028392791748047,0.16946792602539062,0.1652240753173828
2025-12-11T19:25:34.822906Z,50mbit,10mbit,800kbit,none,,0,0,0,0.30045509338378906,0.16946792602539062,0.15511512756347656
2025-12-11T19:25:35.323504Z,50mbit,10mbit,800kbit,none,,0,0,0,0.286102294921875,0.16880035400390625,0.14824867248535156
2025-12-11T19:25:35.823317Z,50mbit,10mbit,800kbit,none,,0,0,0,0.28285980224609375,0.16880035400390625,0.14591217041015625
2025-12-11T19:25:36.323906Z,50mbit,10mbit,800kbit,none,,0,0,0,0.2830028533935547,0.16880035400390625,0.1446247100830078
2025-12-11T19:25:36.823098Z,50mbit,10mbit,800kbit,none,,0,0,0,0.2827167510986328,0.17986297607421875,0.1712322235107422
2025-12-11T19:25:37.323161Z,50mbit,10mbit,800kbit,none,,0,0,0,0.28705596923828125,0.19474029541015625,0.17375946044921875
2025-12-11T19:25:37.822977Z,50mbit,10mbit,800kbit,none,,0,0,0,0.29582977294921875,0.1743793487548828,0.1816272735595703
2025-12-11T19:25:38.322998Z,50mbit,10mbit,800kbit,none,,0,0,0,0.29044151306152344,0.1743793487548828,0.1803874969482422
2025-12-11T19:25:38.823201Z,50mbit,10mbit,800kbit,none,,0,0,0,0.28972625732421875,0.19021034240722656,0.1880645751953125
2025-12-11T19:25:39.323319Z,50mbit,10mbit,800kbit,none,,0,0,0,0.2944469451904297,0.19140243530273438,0.16002655029296875
2025-12-11T19:25:39.823559Z,50mbit,10mbit,800kbit,none,,0,0,0,0.29473304748535156,0.19140243530273438,0.16880035400390625
2025-12-11T19:25:40.323240Z,50mbit,10mbit,800kbit,none,,0,0,0,0.2840995788574219,0.18110275268554688,0.16736984252929688
2025-12-11T19:25:40.823255Z,50mbit,10mbit,800kbit,none,,0,0,0,0.29511451721191406,0.18110275268554688,0.17333030700683594
2025-12-11T19:25:41.323392Z,50mbit,10mbit,800kbit,none,,0,0,0,0.2970695495605469,0.16393661499023438,0.16498565673828125
2025-12-11T19:25:41.824106Z,50mbit,10mbit,800kbit,none,,0,0,0,0.2933502197265625,0.17066001892089844,0.1605510711669922
2025-12-11T19:25:42.323253Z,50mbit,10mbit,800kbit,none,,0,0,0,0.28896331787109375,0.17066001892089844,0.15540122985839844
2025-12-11T19:25:42.823335Z,50mbit,10mbit,800kbit,none,,0,0,0,0.3014087677001953,0.17066001892089844,0.1620769500732422
2025-12-11T19:25:43.323376Z,50mbit,10mbit,800kbit,none,,0,0,0,0.29053688049316406,0.15664100646972656,0.15554428100585938
2025-12-11T19:25:43.822776Z,50mbit,10mbit,800kbit,none,,0,0,0,0.2881050109863281,0.15664100646972656,0.17189979553222656
2025-12-11T19:25:44.323617Z,50mbit,10mbit,800kbit,none,,0,0,0,0.28901100158691406,0.15840530395507812,0.1781463623046875
2025-12-11T19:25:44.822782Z,50mbit,10mbit,800kbit,none,,0,0,0,0.34966468811035156,0.21562576293945312,0.17027854919433594
2025-12-11T19:25:45.323482Z,50mbit,10mbit,800kbit,none,,0,0,0,0.3452777862548828,0.2274036407470703,0.16803741455078125
2025-12-11T19:25:45.822939Z,50mbit,10mbit,800kbit,none,,0,0,0,0.3607749938964844,0.2274036407470703,0.17375946044921875
2025-12-11T19:25:46.323706Z,50mbit,10mbit,800kbit,none,,0,0,0,0.3540992736816406,0.21910667419433594,0.1575946807861328
2025-12-11T19:25:46.823983Z,50mbit,10mbit,800kbit,none,,0,0,0,0.3684520721435547,0.21910667419433594,0.15916824340820312
2025-12-11T19:25:47.323050Z,50mbit,10mbit,800kbit,none,,0,0,0,0.30460357666015625,0.21910667419433594,0.1598834991455078
2025-12-11T19:25:47.823348Z,50mbit,10mbit,800kbit,none,,0,0,0,0.3014564514160156,0.2223491668701172,0.1747608184814453
2025-12-11T19:25:48.322935Z,50mbit,10mbit,800kbit,none,,0,0,0,0.2895832061767578,0.218963623046875,0.1770496368408203
2025-12-11T19:25:48.823773Z,50mbit,10mbit,800kbit,none,,0,0,0,0.40225982666015625,0.16765594482421875,0.17919540405273438
2025-12-11T19:25:49.324055Z,50mbit,10mbit,800kbit,none,,0,0,0,0.38933753967285156,0.1636505126953125,0.1780986785888672
2025-12-11T19:25:49.823768Z,50mbit,10mbit,800kbit,none,,0,0,0,0.48828125,0.1719951629638672,0.1918315887451172
2025-12-11T19:25:50.322972Z,50mbit,10mbit,800kbit,none,,0,0,0,0.49262046813964844,0.17118453979492188,0.17595291137695312
2025-12-11T19:25:50.823183Z,50mbit,10mbit,800kbit,none,,0,0,0,0.49266815185546875,0.1930713653564453,0.17490386962890625
2025-12-11T19:25:51.323597Z,50mbit,10mbit,800kbit,none,,0,0,0,0.3891944885253906,0.1930713653564453,0.17461776733398438
2025-12-11T19:25:51.823168Z,50mbit,10mbit,800kbit,none,,0,0,0,0.38962364196777344,0.1930713653564453,0.17409324645996094
2025-12-11T19:25:52.323393Z,50mbit,10mbit,800kbit,none,,0,0,0,0.3008842468261719,0.1842021942138672,0.165557861328125
2025-12-11T19:25:52.823311Z,50mbit,10mbit,800kbit,none,,0,0,0,0.29349327087402344,0.1842021942138672,0.16722679138183594
2025-12-11T19:25:53.323199Z,50mbit,10mbit,800kbit,none,,0,0,0,0.3070354461669922,0.18415451049804688,0.16722679138183594
2025-12-11T19:25:53.823657Z,50mbit,10mbit,800kbit,none,,0,0,0,0.3047466278076172,0.18415451049804688,0.1606464385986328
2025-12-11T19:25:54.323547Z,50mbit,10mbit,800kbit,none,,0,0,0,0.2983570098876953,0.18138885498046875,0.15587806701660156
2025-12-11T19:25:54.823752Z,50mbit,10mbit,800kbit,none,,0,0,0,0.29392242431640625,0.18138885498046875,0.164794921875
2025-12-11T19:25:55.323445Z,50mbit,10mbit,800kbit,none,,0,0,0,0.2983570098876953,0.18138885498046875,0.15964508056640625
2025-12-11T19:25:55.823165Z,50mbit,10mbit,800kbit,none,,0,0,0,0.29053688049316406,0.19941329956054688,0.16832351684570312
2025-12-11T19:25:56.323514Z,50mbit,10mbit,800kbit,none,,0,0,0,0.2905845642089844,0.185394287109375,0.16698837280273438
2025-12-11T19:25:56.823956Z,50mbit,10mbit,800kbit,none,,0,0,0,0.2982616424560547,0.20895004272460938,0.1773834228515625
2025-12-11T19:25:57.323854Z,50mbit,10mbit,800kbit,none,,0,0,0,0.3097057342529297,0.2235889434814453,0.20036697387695312
2025-12-11T19:25:57.823000Z,50mbit,10mbit,800kbit,none,,0,0,0,0.31714439392089844,0.22068023681640625,0.20647048950195312
2025-12-11T19:25:58.322968Z,50mbit,10mbit,800kbit,none,,0,0,0,0.31256675720214844,0.19555091857910156,0.1925945281982422
2025-12-11T19:25:58.823741Z,50mbit,10mbit,800kbit,none,,0,0,0,0.36835670471191406,0.18792152404785156,0.1934051513671875
2025-12-11T19:25:59.323254Z,50mbit,10mbit,800kbit,none,,0,0,0,0.3643512725830078,0.18792152404785156,0.18863677978515625
2025-12-11T19:25:59.823931Z,50mbit,10mbit,800kbit,none,,0,0,0,0.4158496856689453,0.16579627990722656,0.15611648559570312
2025-12-11T19:26:00.323442Z,50mbit,10mbit,800kbit,none,,0,0,0,0.4273414611816406,0.15430450439453125,0.15125274658203125
2025-12-11T19:26:00.822981Z,50mbit,10mbit,800kbit,none,,0,0,0,0.44493675231933594,0.15707015991210938,0.15125274658203125
2025-12-11T19:26:01.323775Z,50mbit,10mbit,800kbit,none,,0,0,0,0.3982067108154297,0.15931129455566406,0.15411376953125
2025-12-11T19:26:01.823895Z,50mbit,10mbit,800kbit,none,,0,0,0,0.4211902618408203,0.16045570373535156,0.15764236450195312
2025-12-11T19:26:02.323322Z,50mbit,10mbit,800kbit,none,,0,0,0,0.3635406494140625,0.16045570373535156,0.16326904296875
2025-12-11T19:26:02.823809Z,50mbit,10mbit,800kbit,none,,0,0,0,0.34956932067871094,0.16841888427734375,0.16117095947265625
2025-12-11T19:26:03.323367Z,50mbit,10mbit,800kbit,none,,0,0,0,0.34389495849609375,0.1667499542236328,0.16002655029296875
2025-12-11T19:26:03.823478Z,50mbit,10mbit,800kbit,none,,0,0,0,0.3388404846191406,0.16193389892578125,0.15878677368164062
2025-12-11T19:26:04.323698Z,50mbit,10mbit,800kbit,none,,0,0,0,0.3180980682373047,0.16274452209472656,0.1555919647216797
2025-12-11T19:26:04.823047Z,50mbit,10mbit,800kbit,none,,0,0,0,0.3506660461425781,0.15816688537597656,0.14786720275878906
2025-12-11T19:26:05.323657Z,50mbit,10mbit,800kbit,none,,0,0,0,0.3417015075683594,0.1476764678955078,0.1502513885498047
2025-12-11T19:26:05.823479Z,50mbit,10mbit,800kbit,none,,0,0,0,0.4452228546142578,0.14438629150390625,0.15411376953125
2025-12-11T19:26:06.323548Z,50mbit,10mbit,800kbit,none,,0,0,0,0.44312477111816406,0.14700889587402344,0.15478134155273438
2025-12-11T19:26:06.823076Z,50mbit,10mbit,800kbit,none,,0,0,0,0.5021095275878906,0.14367103576660156,0.15382766723632812
2025-12-11T19:26:07.323085Z,50mbit,10mbit,800kbit,none,,0,0,0,0.46329498291015625,0.1479625701904297,0.17023086547851562
2025-12-11T19:26:07.823943Z,50mbit,10mbit,800kbit,none,,0,0,0,0.5462169647216797,0.15115737915039062,0.17023086547851562
2025-12-11T19:26:08.323801Z,50mbit,10mbit,800kbit,none,,0,0,0,0.43578147888183594,0.15015602111816406,0.16841888427734375
2025-12-11T19:26:08.823848Z,50mbit,10mbit,800kbit,none,,0,0,0,0.5661487579345703,0.1507282257080078,0.1647472381591797
2025-12-11T19:26:09.323675Z,50mbit,10mbit,800kbit,none,,0,0,0,0.5030155181884766,0.15659332275390625,0.16450881958007812
2025-12-11T19:26:09.827576Z,50mbit,10mbit,800kbit,none,,0,0,0,0.5030155181884766,0.2911090850830078,0.2220630645751953
2025-12-11T19:26:12.471193Z,50mbit,10mbit,800kbit,none,,0,0,0,0.5331993103027344,0.29768943786621094,0.20627975463867188
2025-12-11T19:26:12.971782Z,25mbit,10mbit,800kbit,set_embb_25mbit,urllc_rtt=0.303,0,0,0,12.362098693847656,0.3032684326171875,0.20627975463867188
2025-12-11T19:26:13.471571Z,25mbit,10mbit,800kbit,none,,0,0,0,12.377738952636719,0.3032684326171875,0.2242565155029297
2025-12-11T19:26:13.971899Z,25mbit,10mbit,800kbit,none,,0,0,0,28.2193660736084,0.3032684326171875,0.23856163024902344
2025-12-11T19:26:14.471496Z,25mbit,10mbit,800kbit,none,,0,0,0,28.22704315185547,0.30193328857421875,0.23946762084960938
2025-12-11T19:26:14.972219Z,25mbit,10mbit,800kbit,none,,0,0,0,42.11764335632324,0.3184795379638672,0.2007007598876953
2025-12-11T19:26:15.472246Z,25mbit,10mbit,800kbit,none,,0,0,0,30.21392822265625,0.18472671508789062,0.2018451690673828
2025-12-11T19:26:16.044158Z,25mbit,10mbit,800kbit,none,,0,0,0,30.188703536987305,0.1857280731201172,0.19125938415527344
2025-12-11T19:26:16.472006Z,50mbit,10mbit,800kbit,restore_embb_50mbit,urllc stable,0,0,0,14.214849472045898,0.17833709716796875,0.17499923706054688
2025-12-11T19:26:16.972216Z,50mbit,10mbit,800kbit,none,,0,0,0,24.178409576416016,0.19087791442871094,0.653839111328125
2025-12-11T19:26:17.472105Z,50mbit,10mbit,800kbit,none,,0,0,0,10.253763198852539,0.19087791442871094,0.6832122802734375
2025-12-11T19:26:17.972380Z,50mbit,10mbit,800kbit,none,,0,0,0,24.16071891784668,0.17986297607421875,0.6949424743652344
2025-12-11T19:26:18.472297Z,50mbit,10mbit,800kbit,none,,0,0,0,24.16529655456543,0.17986297607421875,0.6893634796142578
2025-12-11T19:26:18.972035Z,50mbit,10mbit,800kbit,none,,0,0,0,38.10396194458008,0.1823902130126953,0.6905555725097656
2025-12-11T19:26:19.472021Z,50mbit,10mbit,800kbit,none,,0,0,0,28.128480911254883,0.1823902130126953,0.21028518676757812
2025-12-11T19:26:19.971313Z,50mbit,10mbit,800kbit,none,,0,0,0,46.231794357299805,0.18558502197265625,0.1716136932373047
2025-12-11T19:26:20.472234Z,50mbit,10mbit,800kbit,none,,0,0,0,32.338571548461914,0.18796920776367188,0.173187255859375
2025-12-11T19:26:20.971723Z,50mbit,10mbit,800kbit,none,,0,0,0,46.37932777404785,0.17251968383789062,0.1751422882080078
2025-12-11T19:26:21.472232Z,50mbit,10mbit,800kbit,none,,0,0,0,32.476186752319336,0.18568038940429688,0.1751422882080078
2025-12-11T19:26:21.971328Z,50mbit,10mbit,800kbit,none,,0,0,0,43.60666275024414,0.18486976623535156,0.1751422882080078
2025-12-11T19:26:22.472175Z,50mbit,10mbit,800kbit,none,,0,0,0,25.504684448242188,0.1876354217529297,0.19173622131347656
2025-12-11T19:26:22.971830Z,50mbit,10mbit,800kbit,none,,0,0,0,35.416221618652344,0.2051830291748047,0.19173622131347656
2025-12-11T19:26:23.472491Z,50mbit,10mbit,800kbit,none,,0,0,0,21.37584686279297,0.2140522003173828,0.19812583923339844
2025-12-11T19:26:23.972691Z,50mbit,10mbit,800kbit,none,,0,0,0,36.05461120605469,0.21028518676757812,0.19812583923339844
2025-12-11T19:26:24.471685Z,50mbit,10mbit,800kbit,none,,0,0,0,24.937915802001953,0.20780563354492188,0.19121170043945312
2025-12-11T19:26:25.034058Z,50mbit,10mbit,800kbit,none,,0,0,0,25.095367431640625,0.2002716064453125,0.19121170043945312
2025-12-11T19:26:25.472498Z,50mbit,10mbit,800kbit,none,,0,0,0,15.172147750854492,0.1834869384765625,0.18777847290039062
2025-12-11T19:26:25.972268Z,25mbit,10mbit,800kbit,set_embb_25mbit,urllc_rtt=0.429,0,0,0,49.49193000793457,0.4291057586669922,0.1979351043701172
2025-12-11T19:26:26.471972Z,25mbit,10mbit,800kbit,none,,0,0,0,34.78422164916992,0.42133331298828125,0.1830577850341797
2025-12-11T19:26:26.971495Z,25mbit,10mbit,800kbit,none,,0,0,0,47.83062934875488,0.4313945770263672,0.18639564514160156
2025-12-11T19:26:27.471763Z,25mbit,10mbit,800kbit,none,,0,0,0,47.681236267089844,0.4269599914550781,0.18377304077148438
2025-12-11T19:26:27.971985Z,25mbit,10mbit,800kbit,none,,0,0,0,61.57855987548828,0.4269599914550781,0.18973350524902344
2025-12-11T19:26:28.472227Z,25mbit,10mbit,800kbit,none,,0,0,0,27.261781692504883,0.42366981506347656,0.17066001892089844
2025-12-11T19:26:28.971875Z,25mbit,10mbit,800kbit,none,,0,0,0,60.28704643249512,0.19164085388183594,0.1888751983642578
2025-12-11T19:26:29.472001Z,25mbit,10mbit,800kbit,none,,0,0,0,47.23939895629883,0.18286705017089844,0.17709732055664062
2025-12-11T19:26:29.972374Z,50mbit,10mbit,800kbit,restore_embb_50mbit,urllc stable,0,0,0,61.113691329956055,0.1854419708251953,0.18186569213867188
2025-12-11T19:26:30.472480Z,50mbit,10mbit,800kbit,none,,0,0,0,47.22170829772949,0.1845836639404297,0.1636028289794922
2025-12-11T19:26:30.972208Z,50mbit,10mbit,800kbit,none,,0,0,0,117.18220710754395,0.21462440490722656,0.1636028289794922
2025-12-11T19:26:31.471469Z,50mbit,10mbit,800kbit,none,,0,0,0,84.1646671295166,0.19712448120117188,0.1850128173828125
2025-12-11T19:26:31.971570Z,50mbit,10mbit,800kbit,none,,0,0,0,96.18635177612305,0.1949787139892578,0.16875267028808594
2025-12-11T19:26:32.471854Z,50mbit,10mbit,800kbit,none,,0,0,0,82.30657577514648,0.1811504364013672,0.17480850219726562
2025-12-11T19:26:32.971855Z,50mbit,10mbit,800kbit,none,,0,0,0,96.29402160644531,0.1811504364013672,0.171661376953125
2025-12-11T19:26:33.472049Z,50mbit,10mbit,800kbit,none,,0,0,0,26.32918357849121,0.1777172088623047,0.18019676208496094
2025-12-11T19:26:33.975350Z,50mbit,10mbit,800kbit,none,,0,0,0,37.71071434020996,0.1777172088623047,0.1739025115966797
2025-12-11T19:26:34.471515Z,50mbit,10mbit,800kbit,none,,0,0,0,25.688934326171875,0.1511096954345703,0.1739025115966797
2025-12-11T19:26:34.971749Z,50mbit,10mbit,800kbit,none,,0,0,0,39.95857238769531,0.1511096954345703,0.19197463989257812
2025-12-11T19:26:35.471884Z,50mbit,10mbit,800kbit,none,,0,0,0,25.9645938873291,0.14772415161132812,0.18930435180664062
2025-12-11T19:26:35.972202Z,50mbit,10mbit,800kbit,none,,0,0,0,37.85252571105957,0.15897750854492188,0.18372535705566406
2025-12-11T19:26:36.472495Z,50mbit,10mbit,800kbit,none,,0,0,0,26.459741592407227,0.15897750854492188,0.17609596252441406
2025-12-11T19:26:37.033541Z,50mbit,10mbit,800kbit,none,,0,0,0,26.451826095581055,0.157928466796875,0.1712322235107422
2025-12-11T19:26:37.471845Z,50mbit,10mbit,800kbit,none,,0,0,0,12.181568145751953,0.157928466796875,0.15363693237304688
2025-12-11T19:26:37.972042Z,50mbit,10mbit,800kbit,none,,0,0,0,24.020051956176758,0.157928466796875,0.17299652099609375
2025-12-11T19:26:38.471877Z,50mbit,10mbit,800kbit,none,,0,0,0,12.132644653320312,0.152587890625,0.1807689666748047
2025-12-11T19:26:38.972369Z,50mbit,10mbit,800kbit,none,,0,0,0,23.926496505737305,0.152587890625,0.18863677978515625
2025-12-11T19:26:39.471363Z,50mbit,10mbit,800kbit,none,,0,0,0,23.9285945892334,0.15325546264648438,0.1842498779296875
2025-12-11T19:26:39.972571Z,50mbit,10mbit,800kbit,none,,0,0,0,37.749433517456055,0.16965866088867188,0.19140243530273438
2025-12-11T19:26:40.472144Z,50mbit,10mbit,800kbit,none,,0,0,0,25.908851623535156,0.16922950744628906,0.16760826110839844
2025-12-11T19:26:40.971924Z,50mbit,10mbit,800kbit,none,,0,0,0,39.971017837524414,0.2083301544189453,0.1677989959716797
2025-12-11T19:26:41.471959Z,50mbit,10mbit,800kbit,none,,0,0,0,28.177165985107422,0.21691322326660156,0.15878677368164062
2025-12-11T19:26:41.971232Z,50mbit,10mbit,800kbit,none,,0,0,0,74.3741512298584,0.22602081298828125,0.15878677368164062
2025-12-11T19:26:42.471660Z,50mbit,10mbit,800kbit,none,,0,0,0,60.55502891540527,0.19555091857910156,0.15859603881835938
2025-12-11T19:26:42.971904Z,50mbit,10mbit,800kbit,none,,0,0,0,72.43032455444336,0.19555091857910156,0.16031265258789062
2025-12-11T19:26:43.471706Z,50mbit,10mbit,800kbit,none,,0,0,0,58.36930274963379,0.19783973693847656,0.16722679138183594
2025-12-11T19:26:43.972134Z,50mbit,10mbit,800kbit,none,,0,0,0,92.32912063598633,0.16756057739257812,0.1621246337890625
2025-12-11T19:26:44.471436Z,50mbit,10mbit,800kbit,none,,0,0,0,46.1331844329834,0.17151832580566406,0.17981529235839844
2025-12-11T19:26:45.084133Z,50mbit,10mbit,800kbit,none,,0,0,0,46.1268424987793,0.16660690307617188,0.18720626831054688
2025-12-11T19:26:45.471901Z,50mbit,10mbit,800kbit,none,,0,0,0,34.247684478759766,0.16889572143554688,0.17366409301757812
2025-12-11T19:26:45.971985Z,50mbit,10mbit,800kbit,none,,0,0,0,48.24929237365723,0.1674175262451172,0.16546249389648438
2025-12-11T19:26:46.472389Z,50mbit,10mbit,800kbit,none,,0,0,0,14.295005798339844,0.1675128936767578,0.16837120056152344
2025-12-11T19:26:46.972157Z,50mbit,10mbit,800kbit,none,,0,0,0,84.31048393249512,0.19202232360839844,0.1495838165283203
2025-12-11T19:26:47.471795Z,50mbit,10mbit,800kbit,none,,0,0,0,84.31134223937988,0.1907825469970703,0.14367103576660156
2025-12-11T19:26:47.972035Z,50mbit,10mbit,800kbit,none,,0,0,0,98.20833206176758,0.19664764404296875,0.14481544494628906
2025-12-11T19:26:48.471405Z,50mbit,10mbit,800kbit,none,,0,0,0,84.20548439025879,0.19626617431640625,0.14905929565429688
2025-12-11T19:26:48.972105Z,50mbit,10mbit,800kbit,none,,0,0,0,138.1610870361328,0.1965045928955078,0.14486312866210938
2025-12-11T19:26:49.471793Z,50mbit,10mbit,800kbit,none,,0,0,0,68.14160346984863,0.15668869018554688,0.1471996307373047
2025-12-11T19:26:49.972111Z,50mbit,10mbit,800kbit,none,,0,0,0,114.12262916564941,0.15707015991210938,0.15435218811035156
2025-12-11T19:26:50.472102Z,50mbit,10mbit,800kbit,none,,0,0,0,100.22444725036621,0.16088485717773438,0.15916824340820312
2025-12-11T19:26:50.971752Z,50mbit,10mbit,800kbit,none,,0,0,0,114.24345970153809,0.16870498657226562,0.15916824340820312
2025-12-11T19:26:51.471948Z,50mbit,10mbit,800kbit,none,,0,0,0,60.28289794921875,0.16927719116210938,0.1632213592529297
2025-12-11T19:26:51.971957Z,50mbit,10mbit,800kbit,none,,0,0,0,74.33619499206543,0.18444061279296875,0.17304420471191406
2025-12-11T19:26:52.471845Z,50mbit,10mbit,800kbit,none,,0,0,0,28.361797332763672,0.17647743225097656,0.17805099487304688
2025-12-11T19:26:52.972045Z,50mbit,10mbit,800kbit,none,,0,0,0,42.307233810424805,0.16999244689941406,0.19617080688476562
2025-12-11T19:26:53.471813Z,50mbit,10mbit,800kbit,none,,0,0,0,28.292226791381836,0.1575946807861328,0.2247333526611328
2025-12-11T19:26:53.971846Z,50mbit,10mbit,800kbit,none,,0,0,0,42.27004051208496,0.1575946807861328,0.2346515655517578
2025-12-11T19:26:54.471681Z,50mbit,10mbit,800kbit,none,,0,0,0,28.2320499420166,0.16164779663085938,0.24008750915527344
2025-12-11T19:26:54.971910Z,50mbit,10mbit,800kbit,none,,0,0,0,42.3342227935791,0.1803874969482422,0.24056434631347656
2025-12-11T19:26:55.472573Z,50mbit,10mbit,800kbit,none,,0,0,0,28.39503288269043,0.1803874969482422,0.2213001251220703
2025-12-11T19:26:55.971337Z,50mbit,10mbit,800kbit,none,,0,0,0,42.4901008605957,0.19011497497558594,0.2213001251220703
2025-12-11T19:26:56.472383Z,50mbit,10mbit,800kbit,none,,0,0,0,28.517580032348633,0.19011497497558594,0.1922130584716797
2025-12-11T19:26:56.972283Z,50mbit,10mbit,800kbit,none,,0,0,0,42.426490783691406,0.21271705627441406,0.1922130584716797
2025-12-11T19:26:57.471937Z,50mbit,10mbit,800kbit,none,,0,0,0,28.327035903930664,0.21338462829589844,0.1784801483154297
2025-12-11T19:26:57.972429Z,50mbit,10mbit,800kbit,none,,0,0,0,42.052268981933594,0.2120494842529297,0.1636028289794922
2025-12-11T19:26:58.472008Z,50mbit,10mbit,800kbit,none,,0,0,0,27.954387664794922,0.18434524536132812,0.15850067138671875
2025-12-11T19:26:58.971761Z,50mbit,10mbit,800kbit,none,,0,0,0,41.945552825927734,0.1865863800048828,0.14519691467285156
2025-12-11T19:26:59.471850Z,50mbit,10mbit,800kbit,none,,0,0,0,28.039121627807617,0.1865863800048828,0.15006065368652344
2025-12-11T19:26:59.972141Z,50mbit,10mbit,800kbit,none,,0,0,0,41.95361137390137,0.1717090606689453,0.1426219940185547
2025-12-11T19:27:00.472299Z,50mbit,10mbit,800kbit,none,,0,0,0,28.25016975402832,0.20003318786621094,0.1460552215576172
2025-12-11T19:27:00.971777Z,50mbit,10mbit,800kbit,none,,0,0,0,41.238975524902344,0.19626617431640625,0.15172958374023438
2025-12-11T19:27:01.471963Z,50mbit,10mbit,800kbit,none,,0,0,0,27.24761962890625,0.2033710479736328,0.16760826110839844
2025-12-11T19:27:01.971283Z,50mbit,10mbit,800kbit,none,,0,0,0,45.41783332824707,0.20995140075683594,0.16841888427734375
2025-12-11T19:27:02.472359Z,50mbit,10mbit,800kbit,none,,0,0,0,31.510019302368164,0.2028942108154297,0.1755237579345703
2025-12-11T19:27:02.971755Z,50mbit,10mbit,800kbit,none,,0,0,0,49.56364631652832,0.19278526306152344,0.17833709716796875
2025-12-11T19:27:03.472251Z,50mbit,10mbit,800kbit,none,,0,0,0,36.580848693847656,0.19278526306152344,0.1777172088623047
2025-12-11T19:27:03.972016Z,50mbit,10mbit,800kbit,none,,0,0,0,54.53677177429199,0.19664764404296875,0.16150474548339844
2025-12-11T19:27:04.471980Z,50mbit,10mbit,800kbit,none,,0,0,0,36.351776123046875,0.194549560546875,0.15816688537597656
2025-12-11T19:27:04.971795Z,50mbit,10mbit,800kbit,none,,0,0,0,50.31270980834961,0.1884937286376953,0.16503334045410156
2025-12-11T19:27:05.471418Z,50mbit,10mbit,800kbit,none,,0,0,0,32.2840690612793,0.19693374633789062,0.177001953125
2025-12-11T19:27:06.044018Z,50mbit,10mbit,800kbit,none,,0,0,0,32.289838790893555,0.18024444580078125,0.1705646514892578
2025-12-11T19:27:06.472201Z,50mbit,10mbit,800kbit,none,,0,0,0,14.322280883789062,0.16918182373046875,0.179290771484375
2025-12-11T19:27:06.972137Z,50mbit,10mbit,800kbit,none,,0,0,0,32.39126205444336,0.19197463989257812,0.18100738525390625
2025-12-11T19:27:07.472317Z,50mbit,10mbit,800kbit,none,,0,0,0,18.424320220947266,0.19197463989257812,0.17681121826171875
2025-12-11T19:27:07.972159Z,50mbit,10mbit,800kbit,none,,0,0,0,36.548709869384766,0.19197463989257812,0.2033710479736328
2025-12-11T19:27:08.471534Z,50mbit,10mbit,800kbit,none,,0,0,0,36.536264419555664,0.18053054809570312,0.21562576293945312
2025-12-11T19:27:09.044189Z,50mbit,10mbit,800kbit,none,,0,0,0,36.53664588928223,0.17099380493164062,0.21333694458007812
2025-12-11T19:27:09.471330Z,50mbit,10mbit,800kbit,none,,0,0,0,18.46756935119629,0.17099380493164062,0.21300315856933594
2025-12-11T19:27:09.971982Z,10mbit,10mbit,800kbit,set_embb_10mbit,urllc_rtt=0.655,0,0,0,36.52639389038086,0.65460205078125,0.21543502807617188
2025-12-11T19:27:10.471686Z,10mbit,10mbit,800kbit,none,,0,0,0,18.361902236938477,0.6596088409423828,0.1761913299560547
2025-12-11T19:27:10.971306Z,10mbit,10mbit,800kbit,none,,0,0,0,32.523202896118164,0.6389617919921875,0.1761913299560547
2025-12-11T19:27:11.472347Z,10mbit,10mbit,800kbit,none,,0,0,0,32.529258728027344,0.6435871124267578,0.179290771484375
2025-12-11T19:27:11.971778Z,10mbit,10mbit,800kbit,none,,0,0,0,92.56806373596191,0.8102893829345703,0.1999378204345703
2025-12-11T19:27:12.471287Z,25mbit,10mbit,800kbit,set_embb_25mbit,urllc_rtt=0.343,0,0,0,74.50222969055176,0.34308433532714844,0.1925945281982422
2025-12-11T19:27:12.972122Z,25mbit,10mbit,800kbit,none,,0,0,0,128.42674255371094,0.3533363342285156,0.1925945281982422
2025-12-11T19:27:13.471731Z,25mbit,10mbit,800kbit,none,,0,0,0,114.26701545715332,0.3718852996826172,0.1823902130126953
2025-12-11T19:27:13.972089Z,25mbit,10mbit,800kbit,none,,0,0,0,136.20052337646484,0.38924217224121094,0.1766681671142578
2025-12-11T19:27:14.471877Z,25mbit,10mbit,800kbit,none,,0,0,0,76.16338729858398,0.2261638641357422,0.1766681671142578
2025-12-11T19:27:14.971795Z,25mbit,10mbit,800kbit,none,,0,0,0,116.18180274963379,0.21386146545410156,0.15821456909179688
2025-12-11T19:27:15.472204Z,50mbit,10mbit,800kbit,restore_embb_50mbit,urllc stable,0,0,0,62.24846839904785,0.2075672149658203,0.14166831970214844
2025-12-11T19:27:15.971791Z,50mbit,10mbit,800kbit,none,,0,0,0,92.35239028930664,0.2075672149658203,0.15192031860351562
2025-12-11T19:27:16.472309Z,50mbit,10mbit,800kbit,none,,0,0,0,70.43538093566895,0.18868446350097656,0.1605510711669922
2025-12-11T19:27:16.972176Z,50mbit,10mbit,800kbit,none,,0,0,0,92.33517646789551,0.17414093017578125,0.16469955444335938
2025-12-11T19:27:17.471731Z,50mbit,10mbit,800kbit,none,,0,0,0,52.31647491455078,0.17414093017578125,0.1701831817626953
2025-12-11T19:27:17.972020Z,50mbit,10mbit,800kbit,none,,0,0,0,70.24092674255371,0.17457008361816406,0.1690387725830078
2025-12-11T19:27:18.472085Z,50mbit,10mbit,800kbit,none,,0,0,0,40.14420509338379,0.177001953125,0.1624584197998047
2025-12-11T19:27:18.971825Z,50mbit,10mbit,800kbit,none,,0,0,0,60.2107048034668,0.177001953125,0.17576217651367188
2025-12-11T19:27:19.471631Z,50mbit,10mbit,800kbit,none,,0,0,0,38.309526443481445,0.17266273498535156,0.17671585083007812
2025-12-11T19:27:19.972105Z,50mbit,10mbit,800kbit,none,,0,0,0,54.25596237182617,0.17266273498535156,0.17824172973632812
2025-12-11T19:27:20.472388Z,50mbit,10mbit,800kbit,none,,0,0,0,36.34152412414551,0.1930713653564453,0.17709732055664062
2025-12-11T19:27:20.971378Z,50mbit,10mbit,800kbit,none,,0,0,0,52.274513244628906,0.19617080688476562,0.17709732055664062
2025-12-11T19:27:21.471759Z,50mbit,10mbit,800kbit,none,,0,0,0,32.20691680908203,0.1911640167236328,0.2022266387939453
2025-12-11T19:27:21.971483Z,50mbit,10mbit,800kbit,none,,0,0,0,50.05331039428711,0.20422935485839844,0.19364356994628906
2025-12-11T19:27:22.471701Z,50mbit,10mbit,800kbit,none,,0,0,0,34.113264083862305,0.2048969268798828,0.2109527587890625
2025-12-11T19:27:22.971982Z,50mbit,10mbit,800kbit,none,,0,0,0,49.950313568115234,0.19698143005371094,0.22706985473632812
2025-12-11T19:27:23.471688Z,50mbit,10mbit,800kbit,none,,0,0,0,34.01589393615723,0.20437240600585938,0.2331256866455078
2025-12-11T19:27:23.972204Z,50mbit,10mbit,800kbit,none,,0,0,0,51.92451477050781,0.2101421356201172,0.2243518829345703
2025-12-11T19:27:24.471716Z,50mbit,10mbit,800kbit,none,,0,0,0,34.08608436584473,0.20112991333007812,0.21004676818847656
2025-12-11T19:27:24.971348Z,50mbit,10mbit,800kbit,none,,0,0,0,50.2166748046875,0.20966529846191406,0.21004676818847656
2025-12-11T19:27:25.472538Z,50mbit,10mbit,800kbit,none,,0,0,0,34.39626693725586,0.20117759704589844,0.18935203552246094
2025-12-11T19:27:25.971849Z,50mbit,10mbit,800kbit,none,,0,0,0,52.29592323303223,0.20117759704589844,0.1815319061279297
2025-12-11T19:27:26.472142Z,50mbit,10mbit,800kbit,none,,0,0,0,34.377193450927734,0.18224716186523438,0.17547607421875
2025-12-11T19:27:26.972115Z,50mbit,10mbit,800kbit,none,,0,0,0,49.291229248046875,0.18396377563476562,0.17547607421875
2025-12-11T19:27:27.471704Z,50mbit,10mbit,800kbit,none,,0,0,0,33.16082954406738,0.2013683319091797,0.16698837280273438
2025-12-11T19:27:27.971808Z,50mbit,10mbit,800kbit,none,,0,0,0,51.07746124267578,0.2013683319091797,0.1759052276611328
2025-12-11T19:27:28.471814Z,50mbit,10mbit,800kbit,none,,0,0,0,33.17227363586426,0.19779205322265625,0.1761913299560547
2025-12-11T19:27:28.972652Z,50mbit,10mbit,800kbit,none,,0,0,0,51.00069046020508,0.20623207092285156,0.17218589782714844
2025-12-11T19:27:29.472002Z,50mbit,10mbit,800kbit,none,,0,0,0,36.08384132385254,0.2148151397705078,0.16951560974121094
2025-12-11T19:27:29.971979Z,50mbit,10mbit,800kbit,none,,0,0,0,36.07974052429199,0.26397705078125,0.1602649688720703
2025-12-11T19:27:30.472421Z,50mbit,10mbit,800kbit,none,,0,0,0,18.135976791381836,0.23508071899414062,0.1559734344482422
2025-12-11T19:27:30.971414Z,50mbit,10mbit,800kbit,none,,0,0,0,35.053253173828125,0.2460479736328125,0.18668174743652344
2025-12-11T19:27:31.471767Z,50mbit,10mbit,800kbit,none,,0,0,0,17.248916625976562,0.2715110778808594,0.2131938934326172
2025-12-11T19:27:31.972552Z,50mbit,10mbit,800kbit,none,,0,0,0,39.121389389038086,0.27747154235839844,0.2131938934326172
2025-12-11T19:27:32.471546Z,50mbit,10mbit,800kbit,none,,0,0,0,39.13083076477051,0.22125244140625,0.213623046875
2025-12-11T19:27:32.972310Z,50mbit,10mbit,800kbit,none,,0,0,0,39.13736343383789,0.22125244140625,0.25496482849121094
2025-12-11T19:27:33.472110Z,50mbit,10mbit,800kbit,none,,0,0,0,22.219133377075195,0.22029876708984375,0.25506019592285156
2025-12-11T19:27:33.972746Z,50mbit,10mbit,800kbit,none,,0,0,0,22.186660766601562,0.21119117736816406,0.22792816162109375
2025-12-11T19:27:34.471761Z,50mbit,10mbit,800kbit,none,,0,0,0,0.33898353576660156,0.1731395721435547,0.21300315856933594
2025-12-11T19:27:34.972715Z,50mbit,10mbit,800kbit,none,,0,0,0,0.34165382385253906,0.18024444580078125,0.21300315856933594
2025-12-11T19:27:35.472452Z,50mbit,10mbit,800kbit,none,,0,0,0,0.33850669860839844,0.18324851989746094,0.21271705627441406
2025-12-11T19:27:35.971889Z,50mbit,10mbit,800kbit,none,,0,0,0,0.3455162048339844,0.29206275939941406,0.1735210418701172
2025-12-11T19:27:36.472529Z,50mbit,10mbit,800kbit,none,,0,0,0,0.34699440002441406,0.29349327087402344,0.1796722412109375
2025-12-11T19:27:36.972527Z,25mbit,10mbit,800kbit,set_embb_25mbit,urllc_rtt=0.327,0,0,0,17.171382904052734,0.32749176025390625,0.18396377563476562
2025-12-11T19:27:37.471651Z,25mbit,10mbit,800kbit,none,,0,0,0,17.163658142089844,0.32749176025390625,0.18415451049804688
2025-12-11T19:27:37.972201Z,25mbit,10mbit,800kbit,none,,0,0,0,33.014583587646484,0.3151893615722656,0.1949787139892578
2025-12-11T19:27:38.471359Z,25mbit,10mbit,800kbit,none,,0,0,0,33.01386833190918,0.3172874450683594,0.18987655639648438
2025-12-11T19:27:38.972468Z,10mbit,10mbit,800kbit,set_embb_10mbit,urllc_rtt=1.226,0,0,0,33.02345275878906,1.2262821197509766,0.1911640167236328
2025-12-11T19:27:39.472532Z,10mbit,10mbit,800kbit,none,,0,0,0,16.171693801879883,1.2179851531982422,0.1998424530029297
2025-12-11T19:27:39.972003Z,10mbit,10mbit,800kbit,none,,0,0,0,16.16678237915039,1.2179851531982422,0.19998550415039062
2025-12-11T19:27:40.472024Z,10mbit,10mbit,800kbit,none,,0,0,0,0.3178596496582031,1.177835464477539,0.19054412841796875
2025-12-11T19:27:40.971303Z,10mbit,10mbit,800kbit,none,,0,0,0,0.3468036651611328,2.3639678955078125,0.2155780792236328
2025-12-11T19:27:41.472101Z,10mbit,10mbit,800kbit,none,,0,0,0,0.3563404083251953,2.3639678955078125,0.22034645080566406
2025-12-11T19:27:41.972677Z,10mbit,10mbit,800kbit,none,,0,0,0,18.17455291748047,2.3681640625,0.20914077758789062
2025-12-11T19:27:42.471296Z,10mbit,10mbit,800kbit,none,,0,0,0,18.174314498901367,1.3555049896240234,0.18706321716308594
2025-12-11T19:27:42.971801Z,10mbit,10mbit,800kbit,none,,0,0,0,36.16976737976074,1.363229751586914,0.18706321716308594
2025-12-11T19:27:43.472112Z,10mbit,10mbit,800kbit,none,,0,0,0,36.14215850830078,1.363229751586914,0.1884937286376953
2025-12-11T19:27:43.972190Z,10mbit,10mbit,800kbit,none,,0,0,0,62.03327178955078,1.3982772827148438,0.16908645629882812
2025-12-11T19:27:44.472527Z,10mbit,10mbit,800kbit,none,,0,0,0,44.21677589416504,0.21524429321289062,0.16274452209472656
2025-12-11T19:27:44.972575Z,10mbit,10mbit,800kbit,none,,0,0,0,62.17379570007324,0.22258758544921875,0.15816688537597656
2025-12-11T19:27:45.472500Z,50mbit,10mbit,800kbit,restore_embb_50mbit,urllc stable,0,0,0,44.17872428894043,0.21791458129882812,0.16107559204101562
2025-12-11T19:27:45.971377Z,25mbit,10mbit,800kbit,set_embb_25mbit,urllc_rtt=0.316,0,0,0,44.17061805725098,0.3155708312988281,0.17752647399902344
2025-12-11T19:27:46.471709Z,25mbit,10mbit,800kbit,none,,0,0,0,18.264007568359375,0.2800941467285156,0.16527175903320312
2025-12-11T19:27:46.972348Z,25mbit,10mbit,800kbit,none,,0,0,0,37.174081802368164,0.27599334716796875,0.1755237579345703
2025-12-11T19:27:47.472199Z,50mbit,10mbit,800kbit,restore_embb_50mbit,urllc stable,0,0,0,19.2230224609375,0.2568244934082031,0.17795562744140625
2025-12-11T19:27:47.972514Z,50mbit,10mbit,800kbit,none,,0,0,0,37.07008361816406,0.2697467803955078,0.17795562744140625
2025-12-11T19:27:48.472117Z,50mbit,10mbit,800kbit,none,,0,0,0,37.073326110839844,0.16994476318359375,0.17843246459960938
2025-12-11T19:27:48.972030Z,50mbit,10mbit,800kbit,none,,0,0,0,37.07113265991211,0.26230812072753906,0.1651763916015625
2025-12-11T19:27:49.471781Z,50mbit,10mbit,800kbit,none,,0,0,0,18.160724639892578,0.2628326416015625,0.17256736755371094
2025-12-11T19:27:49.972137Z,50mbit,10mbit,800kbit,none,,0,0,0,18.15505027770996,0.2732276916503906,0.1636505126953125
2025-12-11T19:27:50.472380Z,50mbit,10mbit,800kbit,none,,0,0,0,0.30918121337890625,0.2658367156982422,0.1636981964111328
2025-12-11T19:27:50.971968Z,50mbit,10mbit,800kbit,none,,0,0,0,15.196847915649414,0.2658367156982422,0.17609596252441406
2025-12-11T19:27:51.472443Z,50mbit,10mbit,800kbit,none,,0,0,0,15.20380973815918,0.26307106018066406,0.17380714416503906
2025-12-11T19:27:51.971883Z,50mbit,10mbit,800kbit,none,,0,0,0,33.127403259277344,0.1747608184814453,0.1831531524658203
2025-12-11T19:27:52.471834Z,50mbit,10mbit,800kbit,none,,0,0,0,33.13770294189453,0.1747608184814453,0.20575523376464844
2025-12-11T19:27:52.971798Z,10mbit,10mbit,800kbit,set_embb_10mbit,urllc_rtt=1.039,0,0,0,33.13636779785156,1.0391712188720703,0.2067089080810547
2025-12-11T19:27:53.472090Z,10mbit,10mbit,800kbit,none,,0,0,0,18.246889114379883,1.029348373413086,0.1980304718017578
2025-12-11T19:27:53.972181Z,10mbit,10mbit,800kbit,none,,0,0,0,18.241310119628906,1.150655746459961,0.2033710479736328
2025-12-11T19:27:54.471558Z,10mbit,10mbit,800kbit,none,,0,0,0,0.31609535217285156,1.1611461639404297,0.2033710479736328
2025-12-11T19:27:54.972098Z,10mbit,10mbit,800kbit,none,,0,0,0,0.3075599670410156,2.1361827850341797,0.20990371704101562
2025-12-11T19:27:55.471856Z,10mbit,10mbit,800kbit,none,,0,0,0,0.29544830322265625,2.1361827850341797,0.18105506896972656
2025-12-11T19:27:55.972150Z,10mbit,10mbit,800kbit,none,,0,0,0,0.3022193908691406,2.1361827850341797,0.18796920776367188
2025-12-11T19:27:56.472534Z,10mbit,10mbit,800kbit,none,,0,0,0,0.3017902374267578,2.1361827850341797,0.2048015594482422
2025-12-11T19:27:56.972632Z,10mbit,10mbit,800kbit,none,,0,0,0,22.144651412963867,1.276540756225586,0.2048015594482422
2025-12-11T19:27:57.472292Z,10mbit,10mbit,800kbit,none,,0,0,0,22.142648696899414,1.2812137603759766,0.2022266387939453
2025-12-11T19:27:57.972229Z,10mbit,10mbit,800kbit,none,,0,0,0,39.90616798400879,1.2272357940673828,0.18553733825683594
2025-12-11T19:27:58.471259Z,10mbit,10mbit,800kbit,none,,0,0,0,39.89214897155762,1.2272357940673828,0.1880645751953125
2025-12-11T19:27:58.972520Z,10mbit,10mbit,800kbit,none,,0,0,0,40.29440879821777,1.2227058410644531,0.17867088317871094
2025-12-11T19:27:59.471362Z,50mbit,10mbit,800kbit,restore_embb_50mbit,urllc stable,0,0,0,18.45703125,0.25305747985839844,0.16732215881347656
2025-12-11T19:27:59.972305Z,10mbit,10mbit,800kbit,set_embb_10mbit,urllc_rtt=1.186,0,0,0,24.433374404907227,1.1857032775878906,0.2643585205078125
2025-12-11T19:28:00.471644Z,10mbit,10mbit,800kbit,none,,0,0,0,6.698322296142578,1.189422607421875,0.2907752990722656
2025-12-11T19:28:00.971497Z,10mbit,10mbit,800kbit,none,,0,0,0,6.714534759521484,1.1261940002441406,0.2907752990722656
2025-12-11T19:28:01.472011Z,10mbit,10mbit,800kbit,none,,0,0,0,6.329965591430664,1.114654541015625,0.2911090850830078
2025-12-11T19:28:01.972480Z,10mbit,10mbit,800kbit,none,,0,0,0,24.146366119384766,1.1094093322753906,0.2911090850830078
2025-12-11T19:28:02.471753Z,50mbit,10mbit,800kbit,restore_embb_50mbit,urllc stable,0,0,0,18.171072006225586,0.1678943634033203,0.2991676330566406
2025-12-11T19:28:02.972429Z,10mbit,10mbit,800kbit,set_embb_10mbit,urllc_rtt=1.159,0,0,0,18.151330947875977,1.1586666107177734,0.31676292419433594
2025-12-11T19:28:03.471654Z,10mbit,10mbit,800kbit,none,,0,0,0,18.151140213012695,1.1586666107177734,0.22072792053222656
2025-12-11T19:28:03.972703Z,10mbit,10mbit,800kbit,none,,0,0,0,18.129444122314453,4.100227355957031,0.20728111267089844
2025-12-11T19:28:04.471800Z,10mbit,10mbit,800kbit,none,,0,0,0,0.3123283386230469,4.099845886230469,0.1949787139892578
2025-12-11T19:28:04.972377Z,10mbit,10mbit,800kbit,none,,0,0,0,0.3178596496582031,4.116106033325195,0.1949787139892578
2025-12-11T19:28:05.472451Z,10mbit,10mbit,800kbit,none,,0,0,0,0.31890869140625,4.139184951782227,0.19059181213378906
2025-12-11T19:28:05.971304Z,10mbit,10mbit,800kbit,none,,0,0,0,0.3101348876953125,6.041049957275391,0.17180442810058594
2025-12-11T19:28:06.471921Z,10mbit,10mbit,800kbit,none,,0,0,0,0.315093994140625,3.0882835388183594,0.1678943634033203
2025-12-11T19:28:06.971773Z,10mbit,10mbit,800kbit,none,,0,0,0,18.180465698242188,3.0882835388183594,0.15811920166015625
2025-12-11T19:28:07.472066Z,10mbit,10mbit,800kbit,none,,0,0,0,18.184614181518555,3.090524673461914,0.16832351684570312
2025-12-11T19:28:07.972644Z,10mbit,10mbit,800kbit,none,,0,0,0,36.92770004272461,3.0733585357666016,0.16994476318359375
2025-12-11T19:28:08.472118Z,10mbit,10mbit,800kbit,none,,0,0,0,36.93289756774902,3.057861328125,0.1778125762939453
2025-12-11T19:28:08.972723Z,50mbit,10mbit,800kbit,restore_embb_50mbit,urllc stable,0,0,0,55.64613342285156,0.1689434051513672,0.2009868621826172
2025-12-11T19:28:09.471831Z,50mbit,10mbit,800kbit,none,,0,0,0,37.788963317871094,0.17881393432617188,0.20465850830078125
2025-12-11T19:28:09.972161Z,50mbit,10mbit,800kbit,none,,0,0,0,55.6643009185791,0.1883983612060547,0.20465850830078125
2025-12-11T19:28:10.472674Z,50mbit,10mbit,800kbit,none,,0,0,0,36.955976486206055,0.20575523376464844,0.22292137145996094
2025-12-11T19:28:10.971560Z,10mbit,10mbit,800kbit,set_embb_10mbit,urllc_rtt=1.112,0,0,0,36.95626258850098,1.111602783203125,0.2215862274169922
2025-12-11T19:28:11.472403Z,10mbit,10mbit,800kbit,none,,0,0,0,18.244361877441406,1.1413097381591797,0.2105712890625
2025-12-11T19:28:11.973352Z,10mbit,10mbit,800kbit,none,,0,0,0,38.85693550109863,1.1444568634033203,0.1842498779296875
2025-12-11T19:28:12.472036Z,10mbit,10mbit,800kbit,none,,0,0,0,20.9749698638916,1.1483192443847656,0.18720626831054688
2025-12-11T19:28:12.971748Z,10mbit,10mbit,800kbit,none,,0,0,0,20.932817459106445,2.0447254180908203,0.19435882568359375
2025-12-11T19:28:13.471635Z,10mbit,10mbit,800kbit,none,,0,0,0,20.92609405517578,1.13067626953125,0.19512176513671875
2025-12-11T19:28:13.971826Z,10mbit,10mbit,800kbit,none,,0,0,0,20.921659469604492,1.13067626953125,0.21004676818847656
2025-12-11T19:28:14.472005Z,10mbit,10mbit,800kbit,none,,0,0,0,0.30193328857421875,1.13067626953125,0.23703575134277344
2025-12-11T19:28:14.972533Z,10mbit,10mbit,800kbit,none,,0,0,0,18.188858032226562,1.0985851287841797,0.23703575134277344
2025-12-11T19:28:15.472540Z,10mbit,10mbit,800kbit,none,,0,0,0,18.19448471069336,1.090097427368164,0.2276897430419922
2025-12-11T19:28:15.971619Z,10mbit,10mbit,800kbit,none,,0,0,0,18.19305419921875,1.1212825775146484,0.19855499267578125
2025-12-11T19:28:16.472261Z,50mbit,10mbit,800kbit,restore_embb_50mbit,urllc stable,0,0,0,18.195629119873047,0.2037525177001953,0.1929759979248047
2025-12-11T19:28:16.971816Z,50mbit,10mbit,800kbit,none,,0,0,0,36.14821434020996,0.22096633911132812,0.1780986785888672
2025-12-11T19:28:17.472049Z,50mbit,10mbit,800kbit,none,,0,0,0,18.258047103881836,0.24085044860839844,0.1579761505126953
2025-12-11T19:28:17.972680Z,50mbit,10mbit,800kbit,none,,0,0,0,40.00992774963379,0.28786659240722656,0.1579761505126953
2025-12-11T19:28:18.472005Z,50mbit,10mbit,800kbit,none,,0,0,0,40.01288414001465,0.28786659240722656,0.162506103515625
2025-12-11T19:28:18.971944Z,10mbit,10mbit,800kbit,set_embb_10mbit,urllc_rtt=1.101,0,0,0,57.86943435668945,1.1013984680175781,0.1719951629638672
2025-12-11T19:28:19.471683Z,10mbit,10mbit,800kbit,none,,0,0,0,39.92147445678711,1.1013984680175781,0.17518997192382812
2025-12-11T19:28:19.972246Z,10mbit,10mbit,800kbit,none,,0,0,0,39.92867469787598,1.1601448059082031,0.18372535705566406
2025-12-11T19:28:20.471835Z,10mbit,10mbit,800kbit,none,,0,0,0,18.18222999572754,1.1411190032958984,0.17910003662109375
2025-12-11T19:28:20.971853Z,10mbit,10mbit,800kbit,none,,0,0,0,18.186473846435547,1.1260032653808594,0.17232894897460938
2025-12-11T19:28:21.472092Z,10mbit,10mbit,800kbit,none,,0,0,0,0.3383159637451172,1.0773658752441406,0.16736984252929688
2025-12-11T19:28:21.971231Z,10mbit,10mbit,800kbit,none,,0,0,0,0.32711029052734375,1.0773658752441406,0.1743316650390625
2025-12-11T19:28:22.472496Z,50mbit,10mbit,800kbit,restore_embb_50mbit,urllc stable,0,0,0,0.3192901611328125,0.22597312927246094,0.16083717346191406
2025-12-11T19:28:22.971794Z,50mbit,10mbit,800kbit,none,,0,0,0,20.14613151550293,0.17142295837402344,0.16083717346191406
2025-12-11T19:28:23.471242Z,50mbit,10mbit,800kbit,none,,0,0,0,20.146703720092773,0.20313262939453125,0.17571449279785156
2025-12-11T19:28:23.972349Z,50mbit,10mbit,800kbit,none,,0,0,0,36.899566650390625,0.21500587463378906,0.17571449279785156
2025-12-11T19:28:24.471724Z,50mbit,10mbit,800kbit,none,,0,0,0,36.916399002075195,0.22988319396972656,0.1880168914794922
2025-12-11T19:28:24.971969Z,50mbit,10mbit,800kbit,none,,0,0,0,56.789350509643555,0.2330303192138672,0.1880168914794922
2025-12-11T19:28:25.471997Z,50mbit,10mbit,800kbit,none,,0,0,0,36.968278884887695,0.2330303192138672,0.18973350524902344
2025-12-11T19:28:25.971358Z,10mbit,10mbit,800kbit,set_embb_10mbit,urllc_rtt=2.179,0,0,0,36.97662353515625,2.179431915283203,0.19135475158691406
2025-12-11T19:28:26.471958Z,10mbit,10mbit,800kbit,none,,0,0,0,20.21355628967285,2.1494388580322266,0.1938343048095703
2025-12-11T19:28:26.972692Z,10mbit,10mbit,800kbit,none,,0,0,0,36.931753158569336,2.135753631591797,0.1796722412109375
2025-12-11T19:28:27.472397Z,10mbit,10mbit,800kbit,none,,0,0,0,17.069339752197266,2.129507064819336,0.1796722412109375
2025-12-11T19:28:27.972591Z,10mbit,10mbit,800kbit,none,,0,0,0,36.72494888305664,2.124357223510742,0.16155242919921875
2025-12-11T19:28:28.472558Z,10mbit,10mbit,800kbit,none,,0,0,0,36.711931228637695,2.124357223510742,0.17690658569335938
2025-12-11T19:28:28.972652Z,10mbit,10mbit,800kbit,none,,0,0,0,54.312753677368164,2.1921157836914062,0.18372535705566406
2025-12-11T19:28:29.472246Z,10mbit,10mbit,800kbit,none,,0,0,0,37.58258819580078,2.1955013275146484,0.18258094787597656
2025-12-11T19:28:29.972794Z,10mbit,10mbit,800kbit,none,,0,0,0,37.580251693725586,9.912633895874023,0.19860267639160156
2025-12-11T19:28:30.471718Z,10mbit,10mbit,800kbit,none,,0,0,0,17.91548728942871,9.905576705932617,0.20503997802734375
2025-12-11T19:28:30.971562Z,10mbit,10mbit,800kbit,none,,0,0,0,17.916488647460938,13.86570930480957,0.1956462860107422
2025-12-11T19:28:31.471626Z,10mbit,10mbit,800kbit,none,,0,0,0,0.31719207763671875,11.848020553588867,0.18095970153808594
2025-12-11T19:28:31.972656Z,10mbit,10mbit,800kbit,none,,0,0,0,27.030038833618164,11.856317520141602,0.18105506896972656
2025-12-11T19:28:32.472128Z,10mbit,10mbit,800kbit,none,,0,0,0,27.027225494384766,11.856317520141602,0.16546249389648438
2025-12-11T19:28:32.972294Z,10mbit,10mbit,800kbit,none,,0,0,0,27.032804489135742,11.856317520141602,0.20728111267089844
2025-12-11T19:28:33.471988Z,10mbit,10mbit,800kbit,none,,0,0,0,27.027130126953125,4.1332244873046875,0.1925945281982422
2025-12-11T19:28:33.972457Z,10mbit,10mbit,800kbit,none,,0,0,0,46.759796142578125,4.154157638549805,0.19969940185546875
2025-12-11T19:28:34.471742Z,10mbit,10mbit,800kbit,none,,0,0,0,20.043373107910156,4.154157638549805,0.1979827880859375
2025-12-11T19:28:34.972278Z,10mbit,10mbit,800kbit,none,,0,0,0,37.715721130371094,4.154157638549805,0.20952224731445312
2025-12-11T19:28:35.472155Z,50mbit,10mbit,800kbit,restore_embb_50mbit,urllc stable,0,0,0,37.711381912231445,0.19197463989257812,0.170135498046875
2025-12-11T19:28:35.971976Z,10mbit,10mbit,800kbit,set_embb_10mbit,urllc_rtt=1.086,0,0,0,37.71796226501465,1.085519790649414,0.18057823181152344
2025-12-11T19:28:36.472213Z,10mbit,10mbit,800kbit,none,,0,0,0,17.994070053100586,1.085519790649414,0.19431114196777344
2025-12-11T19:28:36.971772Z,10mbit,10mbit,800kbit,none,,0,0,0,17.994213104248047,4.049205780029297,0.21343231201171875
2025-12-11T19:28:37.472616Z,10mbit,10mbit,800kbit,none,,0,0,0,0.31452178955078125,4.048013687133789,0.19865036010742188
2025-12-11T19:28:37.971896Z,10mbit,10mbit,800kbit,none,,0,0,0,21.173763275146484,4.026317596435547,0.19865036010742188
2025-12-11T19:28:38.472174Z,10mbit,10mbit,800kbit,none,,0,0,0,21.17629051208496,4.026317596435547,0.21524429321289062
2025-12-11T19:28:38.972427Z,10mbit,10mbit,800kbit,none,,0,0,0,42.035818099975586,4.047250747680664,0.21796226501464844
2025-12-11T19:28:39.471640Z,10mbit,10mbit,800kbit,none,,0,0,0,42.0353889465332,3.1554698944091797,0.18935203552246094
2025-12-11T19:28:39.971968Z,10mbit,10mbit,800kbit,none,,0,0,0,59.88759994506836,2.074432373046875,0.1781463623046875
2025-12-11T19:28:40.471961Z,10mbit,10mbit,800kbit,none,,0,0,0,39.02401924133301,2.074432373046875,0.17952919006347656
2025-12-11T19:28:40.972048Z,10mbit,10mbit,800kbit,none,,0,0,0,55.892229080200195,15.035390853881836,0.16875267028808594
2025-12-11T19:28:41.471770Z,10mbit,10mbit,800kbit,none,,0,0,0,35.027456283569336,15.031242370605469,0.16040802001953125
2025-12-11T19:28:41.971856Z,10mbit,10mbit,800kbit,none,,0,0,0,35.031986236572266,18.024253845214844,0.17414093017578125
2025-12-11T19:28:42.471929Z,10mbit,10mbit,800kbit,none,,0,0,0,17.184782028198242,18.0203914642334,0.1666545867919922
2025-12-11T19:28:42.971737Z,10mbit,10mbit,800kbit,none,,0,0,0,17.20566749572754,22.005605697631836,0.17213821411132812
2025-12-11T19:28:43.472127Z,10mbit,10mbit,800kbit,none,,0,0,0,0.33626556396484375,9.04703140258789,0.1746654510498047
2025-12-11T19:28:43.971769Z,10mbit,10mbit,800kbit,none,,0,0,0,0.33659934997558594,20.00889778137207,0.18057823181152344
2025-12-11T19:28:44.472409Z,10mbit,10mbit,800kbit,none,,0,0,0,0.3371715545654297,20.00889778137207,0.17137527465820312
2025-12-11T19:28:44.972562Z,10mbit,10mbit,800kbit,none,,0,0,0,20.043516159057617,17.004919052124023,0.17137527465820312
2025-12-11T19:28:45.471706Z,10mbit,10mbit,800kbit,none,,0,0,0,20.032596588134766,17.003345489501953,0.1701831817626953
2025-12-11T19:28:45.972202Z,10mbit,10mbit,800kbit,none,,0,0,0,45.80645561218262,11.12985610961914,0.1701831817626953
2025-12-11T19:28:46.472155Z,10mbit,10mbit,800kbit,none,,0,0,0,45.80650329589844,11.129426956176758,0.1655101776123047
2025-12-11T19:28:46.971775Z,50mbit,10mbit,800kbit,restore_embb_50mbit,urllc stable,0,0,0,65.71269035339355,0.18253326416015625,0.16045570373535156
2025-12-11T19:28:47.472605Z,50mbit,10mbit,800kbit,none,,0,0,0,46.018362045288086,0.17189979553222656,0.15463829040527344
2025-12-11T19:28:47.971801Z,50mbit,10mbit,800kbit,none,,0,0,0,66.84746742248535,0.17189979553222656,0.15687942504882812
2025-12-11T19:28:48.471737Z,50mbit,10mbit,800kbit,none,,0,0,0,41.0883903503418,0.1735210418701172,0.15687942504882812
2025-12-11T19:28:48.971797Z,10mbit,10mbit,800kbit,set_embb_10mbit,urllc_rtt=4.043,0,0,0,58.98442268371582,4.042863845825195,0.1689910888671875
2025-12-11T19:28:49.471884Z,10mbit,10mbit,800kbit,none,,0,0,0,39.07508850097656,4.041481018066406,0.171661376953125
2025-12-11T19:28:49.972665Z,10mbit,10mbit,800kbit,none,,0,0,0,60.84861755371094,4.03904914855957,0.16489028930664062
2025-12-11T19:28:50.472078Z,10mbit,10mbit,800kbit,none,,0,0,0,40.02251625061035,4.038810729980469,0.1674652099609375
2025-12-11T19:28:50.971810Z,10mbit,10mbit,800kbit,none,,0,0,0,40.013933181762695,10.067176818847656,0.17871856689453125
2025-12-11T19:28:51.471897Z,10mbit,10mbit,800kbit,none,,0,0,0,22.113609313964844,6.208229064941406,0.16994476318359375
2025-12-11T19:28:51.972073Z,10mbit,10mbit,800kbit,none,,0,0,0,37.96534538269043,24.224185943603516,0.1804828643798828
2025-12-11T19:28:52.472305Z,10mbit,10mbit,800kbit,none,,0,0,0,16.162919998168945,24.217987060546875,0.1820087432861328
2025-12-11T19:28:52.972239Z,10mbit,10mbit,800kbit,none,,0,0,0,46.0597038269043,24.22776222229004,0.2056121826171875
2025-12-11T19:28:53.471664Z,10mbit,10mbit,800kbit,none,,0,0,0,46.05293273925781,18.212318420410156,0.19588470458984375
2025-12-11T19:28:53.972715Z,10mbit,10mbit,800kbit,none,,0,0,0,79.84051704406738,18.217039108276367,0.21600723266601562
2025-12-11T19:28:54.472537Z,50mbit,10mbit,800kbit,restore_embb_50mbit,urllc stable,0,0,0,63.996171951293945,0.2037525177001953,0.20194053649902344
2025-12-11T19:28:54.972571Z,50mbit,10mbit,800kbit,none,,0,0,0,84.85865592956543,0.20737648010253906,0.20194053649902344
2025-12-11T19:28:55.472226Z,50mbit,10mbit,800kbit,none,,0,0,0,54.95901107788086,0.1968860626220703,0.20346641540527344
2025-12-11T19:28:55.971919Z,50mbit,10mbit,800kbit,none,,0,0,0,54.97097969055176,0.1968860626220703,0.1949787139892578
2025-12-11T19:28:56.471967Z,50mbit,10mbit,800kbit,none,,0,0,0,21.187591552734375,0.1968860626220703,0.19483566284179688
2025-12-11T19:28:56.972121Z,10mbit,10mbit,800kbit,set_embb_10mbit,urllc_rtt=4.107,0,0,0,38.9986515045166,4.106950759887695,0.18296241760253906
2025-12-11T19:28:57.472276Z,10mbit,10mbit,800kbit,none,,0,0,0,18.147850036621094,4.089879989624023,0.18525123596191406
2025-12-11T19:28:57.972589Z,10mbit,10mbit,800kbit,none,,0,0,0,39.84694480895996,4.089879989624023,0.18944740295410156
2025-12-11T19:28:58.471747Z,10mbit,10mbit,800kbit,none,,0,0,0,39.83578681945801,4.092645645141602,0.18053054809570312
2025-12-11T19:28:58.972742Z,10mbit,10mbit,800kbit,none,,0,0,0,62.453365325927734,4.093170166015625,0.1747608184814453
2025-12-11T19:28:59.471881Z,10mbit,10mbit,800kbit,none,,0,0,0,44.63911056518555,4.121112823486328,0.1747608184814453
2025-12-11T19:28:59.972216Z,10mbit,10mbit,800kbit,none,,0,0,0,44.6408748626709,3.134489059448242,0.17914772033691406
2025-12-11T19:29:00.472114Z,10mbit,10mbit,800kbit,none,,0,0,0,22.93524742126465,3.1366348266601562,0.1750946044921875
2025-12-11T19:29:00.971663Z,10mbit,10mbit,800kbit,none,,0,0,0,22.933053970336914,8.153820037841797,0.1766204833984375
2025-12-11T19:29:01.472049Z,10mbit,10mbit,800kbit,none,,0,0,0,0.3125190734863281,8.152055740356445,0.17175674438476562
2025-12-11T19:29:01.972222Z,10mbit,10mbit,800kbit,none,,0,0,0,23.04830551147461,8.130598068237305,0.17175674438476562
2025-12-11T19:29:02.471716Z,10mbit,10mbit,800kbit,none,,0,0,0,23.049640655517578,5.195379257202148,0.1919269561767578
2025-12-11T19:29:02.971995Z,10mbit,10mbit,800kbit,none,,0,0,0,23.047304153442383,5.195379257202148,0.21576881408691406
2025-12-11T19:29:03.471570Z,10mbit,10mbit,800kbit,none,,0,0,0,23.046112060546875,5.1937103271484375,0.2166271209716797
2025-12-11T19:29:03.972731Z,50mbit,10mbit,800kbit,restore_embb_50mbit,urllc stable,0,0,0,47.72796630859375,0.16307830810546875,0.20723342895507812
2025-12-11T19:29:04.472589Z,50mbit,10mbit,800kbit,none,,0,0,0,24.99070167541504,0.16112327575683594,0.20608901977539062
2025-12-11T19:29:04.972681Z,10mbit,10mbit,800kbit,set_embb_10mbit,urllc_rtt=5.948,0,0,0,24.995899200439453,5.947685241699219,0.19330978393554688
2025-12-11T19:29:05.471679Z,10mbit,10mbit,800kbit,none,,0,0,0,25.000572204589844,5.954122543334961,0.14896392822265625
2025-12-11T19:29:05.971832Z,10mbit,10mbit,800kbit,none,,0,0,0,25.012731552124023,12.936115264892578,0.15840530395507812
2025-12-11T19:29:06.472001Z,10mbit,10mbit,800kbit,none,,0,0,0,0.33211708068847656,12.948322296142578,0.16422271728515625
2025-12-11T19:29:06.971759Z,10mbit,10mbit,800kbit,none,,0,0,0,0.3268241882324219,18.97711753845215,0.1750469207763672
2025-12-11T19:29:07.471998Z,10mbit,10mbit,800kbit,none,,0,0,0,0.3239154815673828,13.182401657104492,0.171661376953125
2025-12-11T19:29:07.971906Z,10mbit,10mbit,800kbit,none,,0,0,0,26.24669075012207,13.182401657104492,0.18062591552734375
2025-12-11T19:29:08.471600Z,10mbit,10mbit,800kbit,none,,0,0,0,26.236438751220703,13.182401657104492,0.20303726196289062
2025-12-11T19:29:08.971568Z,10mbit,10mbit,800kbit,none,,0,0,0,26.245594024658203,16.074562072753906,0.2094268798828125
2025-12-11T19:29:09.471840Z,10mbit,10mbit,800kbit,none,,0,0,0,26.26194953918457,9.099626541137695,0.20551681518554688
2025-12-11T19:29:09.972144Z,10mbit,10mbit,800kbit,none,,0,0,0,49.016666412353516,9.098005294799805,0.20551681518554688
2025-12-11T19:29:10.472077Z,10mbit,10mbit,800kbit,none,,0,0,0,23.110675811767578,3.07769775390625,0.20360946655273438
2025-12-11T19:29:10.971855Z,10mbit,10mbit,800kbit,none,,0,0,0,49.06940460205078,3.07769775390625,0.2025604248046875
2025-12-11T19:29:11.471959Z,10mbit,10mbit,800kbit,none,,0,0,0,49.06034469604492,3.09295654296875,0.1720428466796875
2025-12-11T19:29:11.972075Z,50mbit,10mbit,800kbit,restore_embb_50mbit,urllc stable,0,0,0,71.8526840209961,0.2064228057861328,0.1720428466796875
2025-12-11T19:29:12.471709Z,50mbit,10mbit,800kbit,none,,0,0,0,49.0969181060791,0.19659996032714844,0.17724037170410156
2025-12-11T19:29:12.971866Z,10mbit,10mbit,800kbit,set_embb_10mbit,urllc_rtt=8.142,0,0,0,49.085283279418945,8.141899108886719,0.1743316650390625
2025-12-11T19:29:13.472031Z,10mbit,10mbit,800kbit,none,,0,0,0,23.12641143798828,8.129644393920898,0.17714500427246094
2025-12-11T19:29:13.971832Z,10mbit,10mbit,800kbit,none,,0,0,0,23.120450973510742,8.129644393920898,0.19593238830566406
2025-12-11T19:29:14.471613Z,10mbit,10mbit,800kbit,none,,0,0,0,0.3243446350097656,8.122587203979492,0.19888877868652344
2025-12-11T19:29:14.972033Z,10mbit,10mbit,800kbit,none,,0,0,0,0.32973289489746094,19.268035888671875,0.20008087158203125
2025-12-11T19:29:15.471798Z,10mbit,10mbit,800kbit,none,,0,0,0,0.3222942352294922,19.27509307861328,0.19350051879882812
2025-12-11T19:29:15.971396Z,10mbit,10mbit,800kbit,none,,0,0,0,0.325775146484375,16.360187530517578,0.1960277557373047
2025-12-11T19:29:16.472575Z,10mbit,10mbit,800kbit,none,,0,0,0,0.32501220703125,16.360187530517578,0.1780986785888672
2025-12-11T19:29:16.971862Z,10mbit,10mbit,800kbit,none,,0,0,0,26.384735107421875,16.36643409729004,0.1697063446044922
2025-12-11T19:29:17.472057Z,10mbit,10mbit,800kbit,none,,0,0,0,26.378774642944336,16.36643409729004,0.15497207641601562
2025-12-11T19:29:17.972570Z,10mbit,10mbit,800kbit,none,,0,0,0,52.07347869873047,16.367101669311523,0.15616416931152344
2025-12-11T19:29:18.471747Z,10mbit,10mbit,800kbit,none,,0,0,0,52.07180976867676,5.207300186157227,0.1575946807861328
2025-12-11T19:29:18.971974Z,10mbit,10mbit,800kbit,none,,0,0,0,52.08697319030762,12.257957458496094,0.1742839813232422
2025-12-11T19:29:19.471911Z,10mbit,10mbit,800kbit,none,,0,0,0,26.021766662597656,7.228183746337891,0.1781940460205078
2025-12-11T19:29:19.971909Z,10mbit,10mbit,800kbit,none,,0,0,0,26.032447814941406,12.19167709350586,0.18091201782226562
2025-12-11T19:29:20.471641Z,10mbit,10mbit,800kbit,none,,0,0,0,0.35305023193359375,12.183809280395508,0.1720428466796875
2025-12-11T19:29:20.972066Z,10mbit,10mbit,800kbit,none,,0,0,0,0.3501415252685547,21.077251434326172,0.19845962524414062
2025-12-11T19:29:21.471628Z,10mbit,10mbit,800kbit,none,,0,0,0,0.3470420837402344,14.018487930297852,0.17409324645996094
2025-12-11T19:29:21.971760Z,10mbit,10mbit,800kbit,none,,0,0,0,0.34775733947753906,19.05970573425293,0.1884937286376953
2025-12-11T19:29:22.472234Z,10mbit,10mbit,800kbit,none,,0,0,0,0.3342628479003906,14.090871810913086,0.183868408203125
2025-12-11T19:29:22.972684Z,10mbit,10mbit,800kbit,none,,0,0,0,23.11701774597168,14.095926284790039,0.183868408203125
2025-12-11T19:29:23.471524Z,10mbit,10mbit,800kbit,none,,0,0,0,23.131752014160156,5.214166641235352,0.19469261169433594
2025-12-11T19:29:23.972212Z,10mbit,10mbit,800kbit,none,,0,0,0,40.936994552612305,10.211753845214844,0.16570091247558594
2025-12-11T19:29:24.471717Z,10mbit,10mbit,800kbit,none,,0,0,0,40.929222106933594,5.162525177001953,0.1773357391357422
2025-12-11T19:29:24.972204Z,10mbit,10mbit,800kbit,none,,0,0,0,40.93813896179199,13.134765625,0.18796920776367188
2025-12-11T19:29:25.471982Z,10mbit,10mbit,800kbit,none,,0,0,0,18.143129348754883,13.148164749145508,0.19044876098632812
2025-12-11T19:29:25.971409Z,10mbit,10mbit,800kbit,none,,0,0,0,18.136978149414062,20.92914581298828,0.21080970764160156
2025-12-11T19:29:26.472518Z,10mbit,10mbit,800kbit,none,,0,0,0,0.3295421600341797,15.934276580810547,0.2090930938720703
2025-12-11T19:29:26.972698Z,10mbit,10mbit,800kbit,none,,0,0,0,26.128673553466797,15.944814682006836,0.2090930938720703
2025-12-11T19:29:27.472000Z,10mbit,10mbit,800kbit,none,,0,0,0,26.12318992614746,7.9708099365234375,0.2090930938720703
2025-12-11T19:29:27.972208Z,10mbit,10mbit,800kbit,none,,0,0,0,52.02078819274902,7.955121994018555,0.2090930938720703
2025-12-11T19:29:28.471244Z,50mbit,10mbit,800kbit,restore_embb_50mbit,urllc stable,0,0,0,52.00824737548828,0.16241073608398438,0.20799636840820312
2025-12-11T19:29:28.971924Z,10mbit,10mbit,800kbit,set_embb_10mbit,urllc_rtt=11.218,0,0,0,52.00519561767578,11.21830940246582,0.18858909606933594
2025-12-11T19:29:29.471778Z,10mbit,10mbit,800kbit,none,,0,0,0,26.20692253112793,11.209440231323242,0.19097328186035156
2025-12-11T19:29:29.971939Z,10mbit,10mbit,800kbit,none,,0,0,0,26.203632354736328,16.78600311279297,0.1689434051513672
2025-12-11T19:29:30.471821Z,10mbit,10mbit,800kbit,none,,0,0,0,0.31142234802246094,16.78776741027832,0.1685619354248047
2025-12-11T19:29:30.972211Z,10mbit,10mbit,800kbit,none,,0,0,0,0.3172874450683594,26.9134521484375,0.1819610595703125
2025-12-11T19:29:31.471688Z,10mbit,10mbit,800kbit,none,,0,0,0,0.3136634826660156,26.9134521484375,0.17642974853515625
2025-12-11T19:29:31.972390Z,10mbit,10mbit,800kbit,none,,0,0,0,0.31833648681640625,25.695466995239258,0.1751422882080078
2025-12-11T19:29:32.471705Z,10mbit,10mbit,800kbit,none,,0,0,0,0.3261089324951172,25.695466995239258,0.1742839813232422
2025-12-11T19:29:32.971400Z,10mbit,10mbit,800kbit,none,,0,0,0,0.3174781799316406,33.529043197631836,0.1804828643798828
2025-12-11T19:29:33.471482Z,10mbit,10mbit,800kbit,none,,0,0,0,0.3228187561035156,33.529043197631836,0.17957687377929688
2025-12-11T19:29:33.972095Z,10mbit,10mbit,800kbit,none,,0,0,0,26.030731201171875,27.967166900634766,0.1765727996826172
2025-12-11T19:29:34.472502Z,10mbit,10mbit,800kbit,none,,0,0,0,26.025772094726562,27.962636947631836,0.17232894897460938
2025-12-11T19:29:34.971888Z,10mbit,10mbit,800kbit,none,,0,0,0,52.18544006347656,17.843961715698242,0.18491744995117188
2025-12-11T19:29:35.471980Z,10mbit,10mbit,800kbit,none,,0,0,0,52.19006538391113,8.002948760986328,0.18224716186523438
2025-12-11T19:29:35.971764Z,10mbit,10mbit,800kbit,none,,0,0,0,52.187347412109375,7.107305526733398,0.17709732055664062
2025-12-11T19:29:36.472379Z,10mbit,10mbit,800kbit,none,,0,0,0,26.482200622558594,7.102060317993164,0.18563270568847656
2025-12-11T19:29:36.972526Z,10mbit,10mbit,800kbit,none,,0,0,0,52.26163864135742,7.109594345092773,0.18563270568847656
2025-12-11T19:29:37.471955Z,10mbit,10mbit,800kbit,none,,0,0,0,26.10311508178711,7.1025848388671875,0.18930435180664062
2025-12-11T19:29:37.972118Z,10mbit,10mbit,800kbit,none,,0,0,0,26.10158920288086,17.22407341003418,0.18262863159179688
2025-12-11T19:29:38.472158Z,10mbit,10mbit,800kbit,none,,0,0,0,26.105499267578125,10.294961929321289,0.1862049102783203
2025-12-11T19:29:38.972642Z,10mbit,10mbit,800kbit,none,,0,0,0,51.79390907287598,10.289239883422852,0.1758575439453125
2025-12-11T19:29:39.471697Z,10mbit,10mbit,800kbit,none,,0,0,0,26.01161003112793,10.29353141784668,0.1765727996826172
2025-12-11T19:29:39.972578Z,10mbit,10mbit,800kbit,none,,0,0,0,26.00240707397461,15.327310562133789,0.17800331115722656
2025-12-11T19:29:40.472039Z,10mbit,10mbit,800kbit,none,,0,0,0,26.00727081298828,5.223608016967773,0.19097328186035156
2025-12-11T19:29:40.971608Z,10mbit,10mbit,800kbit,none,,0,0,0,26.001977920532227,13.329887390136719,0.2112865447998047
2025-12-11T19:29:41.471608Z,10mbit,10mbit,800kbit,none,,0,0,0,0.3134727478027344,13.332509994506836,0.213623046875
2025-12-11T19:29:41.972223Z,10mbit,10mbit,800kbit,none,,0,0,0,26.105546951293945,13.325023651123047,0.213623046875
2025-12-11T19:29:42.471950Z,10mbit,10mbit,800kbit,none,,0,0,0,26.11255645751953,8.292388916015625,0.238800048828125
2025-12-11T19:29:42.971940Z,10mbit,10mbit,800kbit,none,,0,0,0,26.101160049438477,15.015506744384766,0.24933815002441406
2025-12-11T19:29:43.471366Z,10mbit,10mbit,800kbit,none,,0,0,0,26.097536087036133,6.897640228271484,0.25582313537597656
2025-12-11T19:29:43.972700Z,10mbit,10mbit,800kbit,none,,0,0,0,51.90315246582031,6.906557083129883,0.222015380859375
2025-12-11T19:29:44.471839Z,10mbit,10mbit,800kbit,none,,0,0,0,26.118135452270508,6.916332244873047,0.21600723266601562
2025-12-11T19:29:44.971905Z,10mbit,10mbit,800kbit,none,,0,0,0,26.118946075439453,18.943357467651367,0.1911640167236328
2025-12-11T19:29:45.471993Z,10mbit,10mbit,800kbit,none,,0,0,0,26.121902465820312,12.202835083007812,0.17752647399902344
2025-12-11T19:29:45.971289Z,10mbit,10mbit,800kbit,none,,0,0,0,26.13229751586914,21.213865280151367,0.16341209411621094
2025-12-11T19:29:46.471684Z,10mbit,10mbit,800kbit,none,,0,0,0,0.32939910888671875,21.198177337646484,0.16684532165527344
2025-12-11T19:29:46.972110Z,10mbit,10mbit,800kbit,none,,0,0,0,26.164674758911133,21.18659019470215,0.16684532165527344
2025-12-11T19:29:47.472111Z,10mbit,10mbit,800kbit,none,,0,0,0,26.16281509399414,9.15670394897461,0.17499923706054688
2025-12-11T19:29:47.971832Z,10mbit,10mbit,800kbit,none,,0,0,0,26.163053512573242,16.971731185913086,0.1708984375
2025-12-11T19:29:48.472185Z,10mbit,10mbit,800kbit,none,,0,0,0,26.166105270385742,7.991790771484375,0.1708984375
2025-12-11T19:29:48.971879Z,10mbit,10mbit,800kbit,none,,0,0,0,26.1629581451416,18.090343475341797,0.1766204833984375
2025-12-11T19:29:49.472141Z,10mbit,10mbit,800kbit,none,,0,0,0,0.3363609313964844,18.08342933654785,0.17218589782714844
2025-12-11T19:29:49.971781Z,10mbit,10mbit,800kbit,none,,0,0,0,0.33659934997558594,27.08268165588379,0.17642974853515625
2025-12-11T19:29:50.471995Z,10mbit,10mbit,800kbit,none,,0,0,0,0.3444194793701172,19.272232055664062,0.17642974853515625
2025-12-11T19:29:50.972208Z,10mbit,10mbit,800kbit,none,,0,0,0,26.259946823120117,19.25187110900879,0.17642974853515625
2025-12-11T19:29:51.472367Z,10mbit,10mbit,800kbit,none,,0,0,0,26.268815994262695,19.25187110900879,0.17218589782714844
2025-12-11T19:29:51.971537Z,10mbit,10mbit,800kbit,none,,0,0,0,44.303131103515625,17.075538635253906,0.17557144165039062
2025-12-11T19:29:52.472451Z,10mbit,10mbit,800kbit,none,,0,0,0,44.2995548248291,17.07615852355957,0.1625537872314453
2025-12-11T19:29:52.971969Z,10mbit,10mbit,800kbit,none,,0,0,0,59.11736488342285,19.11306381225586,0.16541481018066406
2025-12-11T19:29:53.472065Z,10mbit,10mbit,800kbit,none,,0,0,0,33.18753242492676,19.10271644592285,0.1639842987060547
2025-12-11T19:29:53.972700Z,10mbit,10mbit,800kbit,none,,0,0,0,51.062774658203125,26.868247985839844,0.17414093017578125
2025-12-11T19:29:54.471259Z,10mbit,10mbit,800kbit,none,,0,0,0,33.02779197692871,26.868247985839844,0.18677711486816406
2025-12-11T19:29:54.971909Z,10mbit,10mbit,800kbit,none,,0,0,0,33.04123878479004,30.86261749267578,0.1991748809814453
2025-12-11T19:29:55.471590Z,10mbit,10mbit,800kbit,none,,0,0,0,18.215322494506836,30.869722366333008,0.19521713256835938
2025-12-11T19:29:55.972107Z,10mbit,10mbit,800kbit,none,,0,0,0,38.09309005737305,29.735231399536133,0.1976490020751953
2025-12-11T19:29:56.471675Z,10mbit,10mbit,800kbit,none,,0,0,0,20.215129852294922,29.773426055908203,0.185394287109375
2025-12-11T19:29:56.971516Z,10mbit,10mbit,800kbit,none,,0,0,0,40.40093421936035,28.758525848388672,0.1770496368408203
2025-12-11T19:29:57.472597Z,10mbit,10mbit,800kbit,none,,0,0,0,40.387630462646484,16.841793060302734,0.17337799072265625
2025-12-11T19:29:57.971897Z,10mbit,10mbit,800kbit,none,,0,0,0,66.61977767944336,16.866588592529297,0.17337799072265625
2025-12-11T19:29:58.471907Z,10mbit,10mbit,800kbit,none,,0,0,0,46.74386978149414,6.970024108886719,0.16884803771972656
2025-12-11T19:29:58.971462Z,10mbit,10mbit,800kbit,none,,0,0,0,64.78652954101562,13.76657485961914,0.1717090606689453
2025-12-11T19:29:59.471742Z,10mbit,10mbit,800kbit,none,,0,0,0,44.663190841674805,7.010126113891602,0.1717090606689453
2025-12-11T19:29:59.971851Z,10mbit,10mbit,800kbit,none,,0,0,0,69.54345703125,7.01904296875,0.16880035400390625
2025-12-11T19:30:00.472290Z,10mbit,10mbit,800kbit,none,,0,0,0,43.30868721008301,7.000207901000977,0.16465187072753906
2025-12-11T19:30:00.971873Z,10mbit,10mbit,800kbit,none,,0,0,0,69.22545433044434,7.0064544677734375,0.16465187072753906
2025-12-11T19:30:01.472001Z,50mbit,10mbit,800kbit,restore_embb_50mbit,urllc stable,0,0,0,51.175689697265625,0.1803874969482422,0.17409324645996094
2025-12-11T19:30:01.971379Z,10mbit,10mbit,800kbit,set_embb_10mbit,urllc_rtt=19.874,0,0,0,69.40727233886719,19.87433433532715,0.19211769104003906
2025-12-11T19:30:02.471719Z,10mbit,10mbit,800kbit,none,,0,0,0,44.525861740112305,19.86541748046875,0.18205642700195312
2025-12-11T19:30:02.971959Z,10mbit,10mbit,800kbit,none,,0,0,0,70.46723365783691,19.876432418823242,0.2029895782470703
2025-12-11T19:30:03.472236Z,10mbit,10mbit,800kbit,none,,0,0,0,44.56005096435547,19.875335693359375,0.1972198486328125
2025-12-11T19:30:03.971743Z,10mbit,10mbit,800kbit,none,,0,0,0,60.44487953186035,32.88984298706055,0.1919269561767578
2025-12-11T19:30:04.471284Z,10mbit,10mbit,800kbit,none,,0,0,0,42.147254943847656,13.191080093383789,0.170135498046875
2025-12-11T19:30:04.971989Z,10mbit,10mbit,800kbit,none,,0,0,0,70.99385261535645,13.191080093383789,0.19359588623046875
2025-12-11T19:30:05.472046Z,10mbit,10mbit,800kbit,none,,0,0,0,45.05620002746582,13.196706771850586,0.19359588623046875
