timestamp,datetime,urllc_rtt_ms,urllc_rtt_max_ms,urllc_fails,embb_mbps,embb_rate_mbit,mmtc_msgs,mmtc_rate_per_min,sla_violated,orchestrator_type,orchestrator_state,violation_streak,recovery_streak,action_taken,decision_latency_ms,reasoning,node_cpu_percent,node_memory_percent,pod_replicas_embb,pod_replicas_urllc,pod_replicas_mmtc,traffic_level,orchestrator_label,embb_ue_count,urllc_ue_count,mmtc_ue_count,run_id,sample_index
1778698756.364779,2026-05-14 00:29:16,21.7,1066.1,0,126.0,50,0,0,1,rule_based,1,0,0,throttle_embb,0.01,RTT=21.7ms exceeded 15ms SLA threshold (streak=0); throttling eMBB to 50Mbps,0,85,3,3,5,high,rule_based,3,3,5,20260514_002915,0
1778698758.0880885,2026-05-14 00:29:18,21.6,1066.1,0,120.8,50,0,0,1,rule_based,1,0,0,hold_throttle,0.01,RTT=21.6ms still elevated (streak=0); maintaining throttle at 50Mbps,6,85,3,3,5,high,rule_based,3,3,5,20260514_002915,1
1778698760.0940545,2026-05-14 00:29:20,21.6,1066.1,0,120.8,50,0,0,1,rule_based,1,0,0,hold_throttle,0.01,RTT=21.6ms still elevated (streak=0); maintaining throttle at 50Mbps,10,84,3,3,5,high,rule_based,3,3,5,20260514_002915,2
1778698762.0747402,2026-05-14 00:29:22,21.6,1066.1,0,120.8,50,0,0,1,rule_based,1,0,0,hold_throttle,0.01,RTT=21.6ms still elevated (streak=0); maintaining throttle at 50Mbps,6,84,3,3,5,high,rule_based,3,3,5,20260514_002915,3
1778698764.073485,2026-05-14 00:29:24,21.6,1066.1,0,127.4,50,100,3001.9,1,rule_based,1,0,0,hold_throttle,0.01,RTT=21.6ms still elevated (streak=0); maintaining throttle at 50Mbps,9,84,3,3,5,high,rule_based,3,3,5,20260514_002915,4
1778698766.0824978,2026-05-14 00:29:26,21.6,1066.1,0,127.4,50,100,0,1,rule_based,1,0,0,hold_throttle,0.01,RTT=21.6ms still elevated (streak=0); maintaining throttle at 50Mbps,5,84,3,3,5,high,rule_based,3,3,5,20260514_002915,5
1778698768.0944917,2026-05-14 00:29:28,21.63,1066.1,0,127.4,50,100,0,1,rule_based,1,0,0,hold_throttle,0.01,RTT=21.6ms still elevated (streak=0); maintaining throttle at 50Mbps,5,84,3,3,5,high,rule_based,3,3,5,20260514_002915,6
1778698770.2288032,2026-05-14 00:29:30,21.63,1066.1,0,153.0,50,500,11244.8,1,rule_based,1,0,0,hold_throttle,0.02,RTT=21.6ms still elevated (streak=0); maintaining throttle at 50Mbps,13,85,3,3,5,high,rule_based,3,3,5,20260514_002915,7
1778698772.101291,2026-05-14 00:29:32,21.63,1066.1,0,153.0,50,500,0,1,rule_based,1,0,0,hold_throttle,0.01,RTT=21.6ms still elevated (streak=0); maintaining throttle at 50Mbps,5,85,3,3,5,high,rule_based,3,3,5,20260514_002915,8
1778698774.062909,2026-05-14 00:29:34,21.63,1066.1,0,153.0,50,500,0,1,rule_based,1,0,0,hold_throttle,0.01,RTT=21.6ms still elevated (streak=0); maintaining throttle at 50Mbps,7,84,3,3,5,high,rule_based,3,3,5,20260514_002915,9
1778698776.0914416,2026-05-14 00:29:36,21.63,1066.1,0,102.4,50,100,0,1,rule_based,1,0,0,hold_throttle,0.01,RTT=21.6ms still elevated (streak=0); maintaining throttle at 50Mbps,9,84,3,3,5,high,rule_based,3,3,5,20260514_002915,10
1778698778.0982614,2026-05-14 00:29:38,21.7,1066.1,0,102.4,50,100,0,1,rule_based,1,0,0,hold_throttle,0.01,RTT=21.7ms still elevated (streak=0); maintaining throttle at 50Mbps,5,85,3,3,5,high,rule_based,3,3,5,20260514_002915,11
1778698780.2209868,2026-05-14 00:29:40,21.7,1066.1,0,102.4,50,100,0,1,rule_based,1,0,0,hold_throttle,0.02,RTT=21.7ms still elevated (streak=0); maintaining throttle at 50Mbps,9,85,3,3,5,high,rule_based,3,3,5,20260514_002915,12
1778698782.245195,2026-05-14 00:29:42,21.7,1066.1,0,115.9,50,100,0,1,rule_based,1,0,0,hold_throttle,0.01,RTT=21.7ms still elevated (streak=0); maintaining throttle at 50Mbps,10,85,3,3,5,high,rule_based,3,3,5,20260514_002915,13
1778698784.0872924,2026-05-14 00:29:44,21.7,1066.1,0,115.9,50,100,0,1,rule_based,1,0,0,hold_throttle,0.01,RTT=21.7ms still elevated (streak=0); maintaining throttle at 50Mbps,6,85,3,3,5,high,rule_based,3,3,5,20260514_002915,14
1778698786.0768466,2026-05-14 00:29:46,21.7,1066.1,0,115.9,50,100,0,1,rule_based,1,0,0,hold_throttle,0.01,RTT=21.7ms still elevated (streak=0); maintaining throttle at 50Mbps,4,85,3,3,5,high,rule_based,3,3,5,20260514_002915,15
1778698788.1773114,2026-05-14 00:29:48,21.63,1066.1,0,84.9,50,100,0,1,rule_based,1,0,0,hold_throttle,0.01,RTT=21.6ms still elevated (streak=0); maintaining throttle at 50Mbps,9,85,3,3,5,high,rule_based,3,3,5,20260514_002915,16
1778698790.185429,2026-05-14 00:29:50,21.63,1066.1,0,84.9,50,100,0,1,rule_based,1,0,0,hold_throttle,0.02,RTT=21.6ms still elevated (streak=0); maintaining throttle at 50Mbps,10,85,3,3,5,high,rule_based,3,3,5,20260514_002915,17
1778698792.2134147,2026-05-14 00:29:52,21.63,1066.1,0,84.9,50,100,0,1,rule_based,1,0,0,hold_throttle,0.01,RTT=21.6ms still elevated (streak=0); maintaining throttle at 50Mbps,5,85,3,3,5,high,rule_based,3,3,5,20260514_002915,18
1778698794.2120268,2026-05-14 00:29:54,21.63,1066.1,0,152.1,50,100,0,1,rule_based,1,0,0,hold_throttle,0.01,RTT=21.6ms still elevated (streak=0); maintaining throttle at 50Mbps,11,85,3,3,5,high,rule_based,3,3,5,20260514_002915,19
1778698796.0983253,2026-05-14 00:29:56,21.63,1066.1,0,152.1,50,100,0,1,rule_based,1,0,0,hold_throttle,0.01,RTT=21.6ms still elevated (streak=0); maintaining throttle at 50Mbps,5,85,3,3,5,high,rule_based,3,3,5,20260514_002915,20
1778698798.1950731,2026-05-14 00:29:58,21.73,1066.1,0,152.1,50,100,0,1,rule_based,1,0,0,hold_throttle,0.01,RTT=21.7ms still elevated (streak=0); maintaining throttle at 50Mbps,6,85,3,3,5,high,rule_based,3,3,5,20260514_002915,21
1778698800.236319,2026-05-14 00:30:00,21.73,1066.1,0,153.5,50,100,0,1,rule_based,1,0,0,hold_throttle,0.01,RTT=21.7ms still elevated (streak=0); maintaining throttle at 50Mbps,14,85,3,3,5,high,rule_based,3,3,5,20260514_002915,22
1778698802.4109354,2026-05-14 00:30:02,21.73,1066.1,0,153.5,50,100,0,1,rule_based,1,0,0,hold_throttle,0.01,RTT=21.7ms still elevated (streak=0); maintaining throttle at 50Mbps,8,85,3,3,5,high,rule_based,3,3,5,20260514_002915,23
1778698804.1952388,2026-05-14 00:30:04,21.73,1066.1,0,153.5,50,100,0,1,rule_based,1,0,0,hold_throttle,0.01,RTT=21.7ms still elevated (streak=0); maintaining throttle at 50Mbps,12,85,3,3,5,high,rule_based,3,3,5,20260514_002915,24
1778698806.1683044,2026-05-14 00:30:06,21.73,1066.1,0,123.4,50,100,0,1,rule_based,1,0,0,hold_throttle,0.02,RTT=21.7ms still elevated (streak=0); maintaining throttle at 50Mbps,10,85,3,3,5,high,rule_based,3,3,5,20260514_002915,25
1778698808.1534786,2026-05-14 00:30:08,15.73,31.5,0,123.4,50,100,0,1,rule_based,1,0,0,hold_throttle,0.01,RTT=15.7ms still elevated (streak=0); maintaining throttle at 50Mbps,5,85,3,3,5,high,rule_based,3,3,5,20260514_002915,26
1778698810.1932204,2026-05-14 00:30:10,15.73,31.5,0,123.4,50,100,0,1,rule_based,1,0,0,hold_throttle,0.01,RTT=15.7ms still elevated (streak=0); maintaining throttle at 50Mbps,9,85,3,3,5,high,rule_based,3,3,5,20260514_002915,27
1778698812.2023816,2026-05-14 00:30:12,15.73,31.5,0,130.8,50,400,8959.0,1,rule_based,1,0,0,hold_throttle,0.01,RTT=15.7ms still elevated (streak=0); maintaining throttle at 50Mbps,11,84,3,3,5,high,rule_based,3,3,5,20260514_002915,28
1778698814.1921837,2026-05-14 00:30:14,15.73,31.5,0,130.8,50,400,0,1,rule_based,1,0,0,hold_throttle,0.01,RTT=15.7ms still elevated (streak=0); maintaining throttle at 50Mbps,6,85,3,3,5,high,rule_based,3,3,5,20260514_002915,29
1778698816.1052086,2026-05-14 00:30:16,15.73,31.5,0,130.8,50,400,0,1,rule_based,1,0,0,hold_throttle,0.01,RTT=15.7ms still elevated (streak=0); maintaining throttle at 50Mbps,5,84,3,3,5,high,rule_based,3,3,5,20260514_002915,30
1778698818.186884,2026-05-14 00:30:18,15.63,28.1,0,111.2,50,100,0,1,rule_based,1,0,0,hold_throttle,0.01,RTT=15.6ms still elevated (streak=0); maintaining throttle at 50Mbps,9,84,3,3,5,high,rule_based,3,3,5,20260514_002915,31
1778698820.1448066,2026-05-14 00:30:20,15.63,28.1,0,111.2,50,100,0,1,rule_based,1,0,0,hold_throttle,0.01,RTT=15.6ms still elevated (streak=0); maintaining throttle at 50Mbps,9,85,3,3,5,high,rule_based,3,3,5,20260514_002915,32
1778698822.1991844,2026-05-14 00:30:22,15.63,28.1,0,111.2,50,100,0,1,rule_based,1,0,0,hold_throttle,0.01,RTT=15.6ms still elevated (streak=0); maintaining throttle at 50Mbps,5,85,3,3,5,high,rule_based,3,3,5,20260514_002915,33
1778698824.1169264,2026-05-14 00:30:24,15.63,28.1,0,136.1,50,100,0,1,rule_based,1,0,0,hold_throttle,0.01,RTT=15.6ms still elevated (streak=0); maintaining throttle at 50Mbps,10,84,3,3,5,high,rule_based,3,3,5,20260514_002915,34
1778698826.2036,2026-05-14 00:30:26,15.63,28.1,0,136.1,50,100,0,1,rule_based,1,0,0,hold_throttle,0.01,RTT=15.6ms still elevated (streak=0); maintaining throttle at 50Mbps,6,84,3,3,5,high,rule_based,3,3,5,20260514_002915,35
1778698828.2282045,2026-05-14 00:30:28,15.63,28.1,0,136.1,50,100,0,1,rule_based,1,0,0,hold_throttle,0.01,RTT=15.6ms still elevated (streak=0); maintaining throttle at 50Mbps,5,84,3,3,5,high,rule_based,3,3,5,20260514_002915,36
1778698830.204293,2026-05-14 00:30:30,15.63,28.1,0,120.7,50,100,0,1,rule_based,1,0,0,hold_throttle,0.01,RTT=15.6ms still elevated (streak=0); maintaining throttle at 50Mbps,12,84,3,3,5,high,rule_based,3,3,5,20260514_002915,37
1778698832.2065895,2026-05-14 00:30:32,15.63,28.1,0,120.7,50,100,0,1,rule_based,1,0,0,hold_throttle,0.01,RTT=15.6ms still elevated (streak=0); maintaining throttle at 50Mbps,6,84,3,3,5,high,rule_based,3,3,5,20260514_002915,38
1778698834.2100275,2026-05-14 00:30:34,15.63,28.1,0,120.7,50,100,0,1,rule_based,1,0,0,hold_throttle,0.01,RTT=15.6ms still elevated (streak=0); maintaining throttle at 50Mbps,6,85,3,3,5,high,rule_based,3,3,5,20260514_002915,39
1778698836.2272897,2026-05-14 00:30:36,15.63,28.1,0,108.8,50,100,0,1,rule_based,1,0,0,hold_throttle,0.01,RTT=15.6ms still elevated (streak=0); maintaining throttle at 50Mbps,7,85,3,3,5,high,rule_based,3,3,5,20260514_002915,40
1778698838.1931562,2026-05-14 00:30:38,15.63,28.1,0,108.8,50,100,0,1,rule_based,1,0,0,hold_throttle,0.03,RTT=15.6ms still elevated (streak=0); maintaining throttle at 50Mbps,6,85,3,3,5,high,rule_based,3,3,5,20260514_002915,41
1778698840.1708324,2026-05-14 00:30:40,15.77,30.7,0,108.8,50,100,0,1,rule_based,1,0,0,hold_throttle,0.01,RTT=15.8ms still elevated (streak=0); maintaining throttle at 50Mbps,10,84,3,3,5,high,rule_based,3,3,5,20260514_002915,42
1778698842.2136097,2026-05-14 00:30:42,15.77,30.7,0,123.8,50,200,2937.2,1,rule_based,1,0,0,hold_throttle,0.01,RTT=15.8ms still elevated (streak=0); maintaining throttle at 50Mbps,8,84,3,3,5,high,rule_based,3,3,5,20260514_002915,43
1778698844.1187508,2026-05-14 00:30:44,15.77,30.7,0,123.8,50,200,0,1,rule_based,1,0,0,hold_throttle,0.01,RTT=15.8ms still elevated (streak=0); maintaining throttle at 50Mbps,10,84,3,3,5,high,rule_based,3,3,5,20260514_002915,44
1778698846.1993656,2026-05-14 00:30:46,15.77,30.7,0,123.8,50,200,0,1,rule_based,1,0,0,hold_throttle,0.01,RTT=15.8ms still elevated (streak=0); maintaining throttle at 50Mbps,5,84,3,3,5,high,rule_based,3,3,5,20260514_002915,45
1778698848.2337186,2026-05-14 00:30:48,15.8,30.7,0,124.2,50,200,0,1,rule_based,1,0,0,hold_throttle,0.01,RTT=15.8ms still elevated (streak=0); maintaining throttle at 50Mbps,6,84,3,3,5,high,rule_based,3,3,5,20260514_002915,46
1778698850.1569953,2026-05-14 00:30:50,15.9,30.7,0,124.2,50,200,0,1,rule_based,1,0,0,hold_throttle,0.01,RTT=15.9ms still elevated (streak=0); maintaining throttle at 50Mbps,10,85,3,3,5,high,rule_based,3,3,5,20260514_002915,47
1778698852.2454116,2026-05-14 00:30:52,15.9,30.7,0,116.2,50,200,0,1,rule_based,1,0,0,hold_throttle,0.01,RTT=15.9ms still elevated (streak=0); maintaining throttle at 50Mbps,7,84,3,3,5,high,rule_based,3,3,5,20260514_002915,48
1778698854.222056,2026-05-14 00:30:54,15.9,30.7,0,116.2,50,200,0,1,rule_based,1,0,0,hold_throttle,0.01,RTT=15.9ms still elevated (streak=0); maintaining throttle at 50Mbps,7,84,3,3,5,high,rule_based,3,3,5,20260514_002915,49
1778698856.2020009,2026-05-14 00:30:56,15.9,30.7,0,116.2,50,200,0,1,rule_based,1,0,0,hold_throttle,0.01,RTT=15.9ms still elevated (streak=0); maintaining throttle at 50Mbps,8,84,3,3,5,high,rule_based,3,3,5,20260514_002915,50
1778698858.225549,2026-05-14 00:30:58,15.8,30.7,0,89.9,50,200,0,1,rule_based,1,0,0,hold_throttle,0.01,RTT=15.8ms still elevated (streak=0); maintaining throttle at 50Mbps,5,84,3,3,5,high,rule_based,3,3,5,20260514_002915,51
1778698860.2402062,2026-05-14 00:31:00,15.8,30.7,0,89.9,50,200,0,1,rule_based,1,0,0,hold_throttle,0.01,RTT=15.8ms still elevated (streak=0); maintaining throttle at 50Mbps,6,84,3,3,5,high,rule_based,3,3,5,20260514_002915,52
1778698862.2409,2026-05-14 00:31:02,15.8,30.7,0,89.9,50,200,0,1,rule_based,1,0,0,hold_throttle,0.01,RTT=15.8ms still elevated (streak=0); maintaining throttle at 50Mbps,11,85,3,3,5,high,rule_based,3,3,5,20260514_002915,53
1778698864.238216,2026-05-14 00:31:04,15.8,30.7,0,124.1,50,200,0,1,rule_based,1,0,0,hold_throttle,0.01,RTT=15.8ms still elevated (streak=0); maintaining throttle at 50Mbps,7,85,3,3,5,high,rule_based,3,3,5,20260514_002915,54
1778698866.2399833,2026-05-14 00:31:06,15.8,30.7,0,124.1,50,200,0,1,rule_based,1,0,0,hold_throttle,0.01,RTT=15.8ms still elevated (streak=0); maintaining throttle at 50Mbps,5,85,3,3,5,high,rule_based,3,3,5,20260514_002915,55
1778698868.2030423,2026-05-14 00:31:08,15.77,30.7,0,124.1,50,200,0,1,rule_based,1,0,0,hold_throttle,0.01,RTT=15.8ms still elevated (streak=0); maintaining throttle at 50Mbps,9,85,3,3,5,high,rule_based,3,3,5,20260514_002915,56
1778698870.1999495,2026-05-14 00:31:10,15.83,30.7,0,110.8,50,200,0,1,rule_based,1,0,0,hold_throttle,0.01,RTT=15.8ms still elevated (streak=0); maintaining throttle at 50Mbps,8,85,3,3,5,high,rule_based,3,3,5,20260514_002915,57
1778698872.2385283,2026-05-14 00:31:12,15.83,30.7,0,110.8,50,200,0,1,rule_based,1,0,0,hold_throttle,0.02,RTT=15.8ms still elevated (streak=0); maintaining throttle at 50Mbps,7,85,3,3,5,high,rule_based,3,3,5,20260514_002915,58
1778698874.243353,2026-05-14 00:31:14,15.83,30.7,0,110.8,50,200,0,1,rule_based,1,0,0,hold_throttle,0.01,RTT=15.8ms still elevated (streak=0); maintaining throttle at 50Mbps,10,85,3,3,5,high,rule_based,3,3,5,20260514_002915,59
1778698876.2864027,2026-05-14 00:31:16,15.83,30.7,0,97.8,50,200,0,1,rule_based,1,0,0,hold_throttle,0.01,RTT=15.8ms still elevated (streak=0); maintaining throttle at 50Mbps,5,85,3,3,5,high,rule_based,3,3,5,20260514_002915,60
1778698878.2395132,2026-05-14 00:31:18,15.87,30.7,0,97.8,50,200,0,1,rule_based,1,0,0,hold_throttle,0.01,RTT=15.9ms still elevated (streak=0); maintaining throttle at 50Mbps,5,85,3,3,5,high,rule_based,3,3,5,20260514_002915,61
1778698880.2113738,2026-05-14 00:31:20,15.87,30.7,0,97.8,50,200,0,1,rule_based,1,0,0,hold_throttle,0.01,RTT=15.9ms still elevated (streak=0); maintaining throttle at 50Mbps,11,84,3,3,5,high,rule_based,3,3,5,20260514_002915,62
1778698882.232717,2026-05-14 00:31:22,15.87,30.7,0,141.4,50,200,0,1,rule_based,1,0,0,hold_throttle,0.01,RTT=15.9ms still elevated (streak=0); maintaining throttle at 50Mbps,9,84,3,3,5,high,rule_based,3,3,5,20260514_002915,63
1778698884.2841785,2026-05-14 00:31:24,15.87,30.7,0,141.4,50,200,0,1,rule_based,1,0,0,hold_throttle,0.01,RTT=15.9ms still elevated (streak=0); maintaining throttle at 50Mbps,6,84,3,3,5,high,rule_based,3,3,5,20260514_002915,64
1778698886.1797085,2026-05-14 00:31:26,15.87,30.7,0,141.4,50,200,0,1,rule_based,1,0,0,hold_throttle,0.01,RTT=15.9ms still elevated (streak=0); maintaining throttle at 50Mbps,10,84,3,3,5,high,rule_based,3,3,5,20260514_002915,65
1778698888.1914847,2026-05-14 00:31:28,15.83,30.7,0,131.0,50,200,0,1,rule_based,1,0,0,hold_throttle,0.01,RTT=15.8ms still elevated (streak=0); maintaining throttle at 50Mbps,5,84,3,3,5,high,rule_based,3,3,5,20260514_002915,66
1778698890.2034383,2026-05-14 00:31:30,15.9,30.7,0,131.0,50,200,0,1,rule_based,1,0,0,hold_throttle,0.01,RTT=15.9ms still elevated (streak=0); maintaining throttle at 50Mbps,7,85,3,3,5,high,rule_based,3,3,5,20260514_002915,67
1778698892.9218526,2026-05-14 00:31:32,15.9,30.7,0,131.0,50,200,0,1,rule_based,1,0,0,hold_throttle,0.01,RTT=15.9ms still elevated (streak=0); maintaining throttle at 50Mbps,19,84,3,3,5,high,rule_based,3,3,5,20260514_002915,68
1778698894.2529926,2026-05-14 00:31:34,15.9,30.7,0,111.7,50,200,0,1,rule_based,1,0,0,hold_throttle,0.01,RTT=15.9ms still elevated (streak=0); maintaining throttle at 50Mbps,18,85,3,3,5,high,rule_based,3,3,5,20260514_002915,69
1778698896.2718358,2026-05-14 00:31:36,15.9,30.7,0,111.7,50,200,0,1,rule_based,1,0,0,hold_throttle,0.01,RTT=15.9ms still elevated (streak=0); maintaining throttle at 50Mbps,9,85,3,3,5,high,rule_based,3,3,5,20260514_002915,70
1778698898.1950781,2026-05-14 00:31:38,20.2,808.0,0,111.7,50,200,0,1,rule_based,1,0,0,hold_throttle,0.01,RTT=20.2ms still elevated (streak=0); maintaining throttle at 50Mbps,5,85,3,3,5,high,rule_based,3,3,5,20260514_002915,71
1778698900.2638922,2026-05-14 00:31:40,27.27,808.0,0,126.6,50,200,0,1,rule_based,1,0,0,hold_throttle,0.01,RTT=27.3ms still elevated (streak=0); maintaining throttle at 50Mbps,9,85,3,3,5,high,rule_based,3,3,5,20260514_002915,72
1778698902.2521894,2026-05-14 00:31:42,27.27,808.0,0,126.6,50,200,0,1,rule_based,1,0,0,hold_throttle,0.01,RTT=27.3ms still elevated (streak=0); maintaining throttle at 50Mbps,14,85,3,3,5,high,rule_based,3,3,5,20260514_002915,73
1778698904.2239518,2026-05-14 00:31:44,27.27,808.0,0,126.6,50,200,0,1,rule_based,1,0,0,hold_throttle,0.04,RTT=27.3ms still elevated (streak=0); maintaining throttle at 50Mbps,16,85,3,3,5,high,rule_based,3,3,5,20260514_002915,74
1778698906.2854166,2026-05-14 00:31:46,27.27,808.0,0,85.8,50,200,0,1,rule_based,1,0,0,hold_throttle,0.01,RTT=27.3ms still elevated (streak=0); maintaining throttle at 50Mbps,16,85,3,3,5,high,rule_based,3,3,5,20260514_002915,75
1778698908.3327715,2026-05-14 00:31:48,27.2,808.0,0,85.8,50,200,0,1,rule_based,1,0,0,hold_throttle,0.01,RTT=27.2ms still elevated (streak=0); maintaining throttle at 50Mbps,15,84,3,3,5,high,rule_based,3,3,5,20260514_002915,76
1778698910.2899213,2026-05-14 00:31:50,27.0,808.0,0,85.8,50,200,0,1,rule_based,1,0,0,hold_throttle,0.01,RTT=27.0ms still elevated (streak=0); maintaining throttle at 50Mbps,10,84,3,3,5,high,rule_based,3,3,5,20260514_002915,77
1778698912.2662344,2026-05-14 00:31:52,27.0,808.0,0,99.2,50,200,0,1,rule_based,1,0,0,hold_throttle,0.01,RTT=27.0ms still elevated (streak=0); maintaining throttle at 50Mbps,20,85,3,3,5,high,rule_based,3,3,5,20260514_002915,78
1778698914.3605206,2026-05-14 00:31:54,27.0,808.0,0,99.2,50,200,0,1,rule_based,1,0,0,hold_throttle,0.01,RTT=27.0ms still elevated (streak=0); maintaining throttle at 50Mbps,21,85,3,3,5,high,rule_based,3,3,5,20260514_002915,79
1778698916.3807049,2026-05-14 00:31:56,27.0,808.0,0,99.2,50,200,0,1,rule_based,1,0,0,hold_throttle,0.01,RTT=27.0ms still elevated (streak=0); maintaining throttle at 50Mbps,16,85,3,3,5,high,rule_based,3,3,5,20260514_002915,80
1778698918.3761058,2026-05-14 00:31:58,27.03,808.0,0,95.9,50,300,3006.9,1,rule_based,1,0,0,hold_throttle,0.01,RTT=27.0ms still elevated (streak=0); maintaining throttle at 50Mbps,22,86,3,3,5,high,rule_based,3,3,5,20260514_002915,81
1778698920.3548975,2026-05-14 00:32:00,33.9,808.0,0,95.9,50,300,0,1,rule_based,1,0,0,hold_throttle,0.01,RTT=33.9ms still elevated (streak=0); maintaining throttle at 50Mbps,11,86,3,3,5,high,rule_based,3,3,5,20260514_002915,82
1778698922.356648,2026-05-14 00:32:02,33.9,808.0,0,95.9,50,300,0,1,rule_based,1,0,0,hold_throttle,0.01,RTT=33.9ms still elevated (streak=0); maintaining throttle at 50Mbps,12,86,3,3,5,high,rule_based,3,3,5,20260514_002915,83
1778698924.386039,2026-05-14 00:32:04,33.9,808.0,0,95.3,50,300,0,1,rule_based,1,0,0,hold_throttle,0.01,RTT=33.9ms still elevated (streak=0); maintaining throttle at 50Mbps,11,86,3,3,5,high,rule_based,3,3,5,20260514_002915,84
1778698926.3673742,2026-05-14 00:32:06,33.9,808.0,0,95.3,50,300,0,1,rule_based,1,0,0,hold_throttle,0.01,RTT=33.9ms still elevated (streak=0); maintaining throttle at 50Mbps,5,86,3,3,5,high,rule_based,3,3,5,20260514_002915,85
1778698928.4022865,2026-05-14 00:32:08,33.87,808.0,0,95.3,50,300,0,1,rule_based,1,0,0,hold_throttle,0.01,RTT=33.9ms still elevated (streak=0); maintaining throttle at 50Mbps,5,86,3,3,5,high,rule_based,3,3,5,20260514_002915,86
1778698930.3349268,2026-05-14 00:32:10,41.27,808.0,0,105.0,50,300,0,1,rule_based,1,0,0,hold_throttle,0.01,RTT=41.3ms still elevated (streak=0); maintaining throttle at 50Mbps,16,85,3,3,5,high,rule_based,3,3,5,20260514_002915,87
1778698932.3293502,2026-05-14 00:32:12,41.27,808.0,0,105.0,50,300,0,1,rule_based,1,0,0,hold_throttle,0.01,RTT=41.3ms still elevated (streak=0); maintaining throttle at 50Mbps,8,86,3,3,5,high,rule_based,3,3,5,20260514_002915,88
1778698934.374384,2026-05-14 00:32:14,41.27,808.0,0,105.0,50,300,0,1,rule_based,1,0,0,hold_throttle,0.03,RTT=41.3ms still elevated (streak=0); maintaining throttle at 50Mbps,8,85,3,3,5,high,rule_based,3,3,5,20260514_002915,89
1778698936.3610318,2026-05-14 00:32:16,41.27,808.0,0,119.8,50,300,0,1,rule_based,1,0,0,hold_throttle,0.01,RTT=41.3ms still elevated (streak=0); maintaining throttle at 50Mbps,8,85,3,3,5,high,rule_based,3,3,5,20260514_002915,90
1778698938.3709075,2026-05-14 00:32:18,41.3,808.0,0,119.8,50,300,0,1,rule_based,1,0,0,hold_throttle,0.01,RTT=41.3ms still elevated (streak=0); maintaining throttle at 50Mbps,13,85,3,3,5,high,rule_based,3,3,5,20260514_002915,91
1778698940.376778,2026-05-14 00:32:20,51.03,808.0,0,119.8,50,300,0,1,rule_based,1,0,0,hold_throttle,0.02,RTT=51.0ms still elevated (streak=0); maintaining throttle at 50Mbps,9,85,3,3,5,high,rule_based,3,3,5,20260514_002915,92
1778698942.3717058,2026-05-14 00:32:22,51.03,808.0,0,87.3,50,300,0,1,rule_based,1,0,0,hold_throttle,0.01,RTT=51.0ms still elevated (streak=0); maintaining throttle at 50Mbps,25,85,3,3,5,high,rule_based,3,3,5,20260514_002915,93
1778698944.349261,2026-05-14 00:32:24,51.03,808.0,0,87.3,50,300,0,1,rule_based,1,0,0,hold_throttle,0.01,RTT=51.0ms still elevated (streak=0); maintaining throttle at 50Mbps,20,85,3,3,5,high,rule_based,3,3,5,20260514_002915,94
1778698946.336998,2026-05-14 00:32:26,51.03,808.0,0,87.3,50,300,0,1,rule_based,1,0,0,hold_throttle,0.01,RTT=51.0ms still elevated (streak=0); maintaining throttle at 50Mbps,5,85,3,3,5,high,rule_based,3,3,5,20260514_002915,95
1778698948.3358674,2026-05-14 00:32:28,51.0,808.0,0,98.5,50,300,0,1,rule_based,1,0,0,hold_throttle,0.01,RTT=51.0ms still elevated (streak=0); maintaining throttle at 50Mbps,17,85,3,3,5,high,rule_based,3,3,5,20260514_002915,96
1778698950.3112094,2026-05-14 00:32:30,56.93,808.0,0,98.5,50,300,0,1,rule_based,1,0,0,hold_throttle,0.01,RTT=56.9ms still elevated (streak=0); maintaining throttle at 50Mbps,13,85,3,3,5,high,rule_based,3,3,5,20260514_002915,97
1778698952.3258522,2026-05-14 00:32:32,56.93,808.0,0,98.5,50,300,0,1,rule_based,1,0,0,hold_throttle,0.01,RTT=56.9ms still elevated (streak=0); maintaining throttle at 50Mbps,8,85,3,3,5,high,rule_based,3,3,5,20260514_002915,98
1778698954.3488154,2026-05-14 00:32:34,56.93,808.0,0,98.4,50,300,0,1,rule_based,1,0,0,hold_throttle,0.01,RTT=56.9ms still elevated (streak=0); maintaining throttle at 50Mbps,19,85,3,3,5,high,rule_based,3,3,5,20260514_002915,99
1778698956.341031,2026-05-14 00:32:36,56.93,808.0,0,98.4,50,300,0,1,rule_based,1,0,0,hold_throttle,0.01,RTT=56.9ms still elevated (streak=0); maintaining throttle at 50Mbps,12,85,3,3,5,high,rule_based,3,3,5,20260514_002915,100
1778698958.3155143,2026-05-14 00:32:38,52.5,667.4,0,98.4,50,300,0,1,rule_based,1,0,0,hold_throttle,0.01,RTT=52.5ms still elevated (streak=0); maintaining throttle at 50Mbps,5,85,3,3,5,high,rule_based,3,3,5,20260514_002915,101
1778698960.3579676,2026-05-14 00:32:40,48.5,461.9,0,128.0,50,300,0,1,rule_based,1,0,0,hold_throttle,0.01,RTT=48.5ms still elevated (streak=0); maintaining throttle at 50Mbps,11,85,3,3,5,high,rule_based,3,3,5,20260514_002915,102
1778698962.3704815,2026-05-14 00:32:42,48.5,461.9,0,128.0,50,300,0,1,rule_based,1,0,0,hold_throttle,0.01,RTT=48.5ms still elevated (streak=0); maintaining throttle at 50Mbps,6,85,3,3,5,high,rule_based,3,3,5,20260514_002915,103
1778698964.3485105,2026-05-14 00:32:44,48.5,461.9,0,128.0,50,300,0,1,rule_based,1,0,0,hold_throttle,0.01,RTT=48.5ms still elevated (streak=0); maintaining throttle at 50Mbps,10,85,3,3,5,high,rule_based,3,3,5,20260514_002915,104
1778698966.3930047,2026-05-14 00:32:46,48.5,461.9,0,137.9,50,300,0,1,rule_based,1,0,0,hold_throttle,0.01,RTT=48.5ms still elevated (streak=0); maintaining throttle at 50Mbps,8,85,3,3,5,high,rule_based,3,3,5,20260514_002915,105
1778698968.3582704,2026-05-14 00:32:48,48.4,461.9,0,137.9,50,300,0,1,rule_based,1,0,0,hold_throttle,0.01,RTT=48.4ms still elevated (streak=0); maintaining throttle at 50Mbps,6,85,3,3,5,high,rule_based,3,3,5,20260514_002915,106
1778698970.3596725,2026-05-14 00:32:50,49.87,461.9,0,137.9,50,300,0,1,rule_based,1,0,0,hold_throttle,0.01,RTT=49.9ms still elevated (streak=0); maintaining throttle at 50Mbps,6,85,3,3,5,high,rule_based,3,3,5,20260514_002915,107
1778698972.42125,2026-05-14 00:32:52,49.87,461.9,0,62.7,50,300,0,1,rule_based,1,0,0,hold_throttle,0.01,RTT=49.9ms still elevated (streak=0); maintaining throttle at 50Mbps,7,85,3,3,5,high,rule_based,3,3,5,20260514_002915,108
1778698974.378481,2026-05-14 00:32:54,49.87,461.9,0,62.7,50,300,0,1,rule_based,1,0,0,hold_throttle,0.01,RTT=49.9ms still elevated (streak=0); maintaining throttle at 50Mbps,10,85,3,3,5,high,rule_based,3,3,5,20260514_002915,109
1778698976.3585944,2026-05-14 00:32:56,49.87,461.9,0,123.6,50,300,0,1,rule_based,1,0,0,hold_throttle,0.01,RTT=49.9ms still elevated (streak=0); maintaining throttle at 50Mbps,6,85,3,3,5,high,rule_based,3,3,5,20260514_002915,110
1778698978.3722768,2026-05-14 00:32:58,52.97,461.9,0,123.6,50,300,0,1,rule_based,1,0,0,hold_throttle,0.02,RTT=53.0ms still elevated (streak=0); maintaining throttle at 50Mbps,6,85,3,3,5,high,rule_based,3,3,5,20260514_002915,111
1778698980.3743925,2026-05-14 00:33:00,46.23,164.8,0,123.6,50,300,0,1,rule_based,1,0,0,hold_throttle,0.01,RTT=46.2ms still elevated (streak=0); maintaining throttle at 50Mbps,9,85,3,3,5,high,rule_based,3,3,5,20260514_002915,112
1778698982.3860676,2026-05-14 00:33:02,46.23,164.8,0,123.4,50,300,0,1,rule_based,1,0,0,hold_throttle,0.01,RTT=46.2ms still elevated (streak=0); maintaining throttle at 50Mbps,5,85,3,3,5,high,rule_based,3,3,5,20260514_002915,113
1778698984.4090843,2026-05-14 00:33:04,46.23,164.8,0,123.4,50,300,0,1,rule_based,1,0,0,hold_throttle,0.01,RTT=46.2ms still elevated (streak=0); maintaining throttle at 50Mbps,10,85,3,3,5,high,rule_based,3,3,5,20260514_002915,114
1778698986.3709164,2026-05-14 00:33:06,46.23,164.8,0,123.4,50,300,0,1,rule_based,1,0,0,hold_throttle,0.01,RTT=46.2ms still elevated (streak=0); maintaining throttle at 50Mbps,8,85,3,3,5,high,rule_based,3,3,5,20260514_002915,115
1778698988.3646772,2026-05-14 00:33:08,46.23,164.8,0,89.2,50,400,3009.4,1,rule_based,1,0,0,hold_throttle,0.01,RTT=46.2ms still elevated (streak=0); maintaining throttle at 50Mbps,5,85,3,3,5,high,rule_based,3,3,5,20260514_002915,116
1778698990.3801122,2026-05-14 00:33:10,41.83,164.8,0,89.2,50,400,0,1,rule_based,1,0,0,hold_throttle,0.01,RTT=41.8ms still elevated (streak=0); maintaining throttle at 50Mbps,6,85,3,3,5,high,rule_based,3,3,5,20260514_002915,117
1778698992.379372,2026-05-14 00:33:12,41.83,164.8,0,89.2,50,400,0,1,rule_based,1,0,0,hold_throttle,0.01,RTT=41.8ms still elevated (streak=0); maintaining throttle at 50Mbps,8,85,3,3,5,high,rule_based,3,3,5,20260514_002915,118
1778698994.37521,2026-05-14 00:33:14,41.83,164.8,0,113.6,50,400,0,1,rule_based,1,0,0,hold_throttle,0.01,RTT=41.8ms still elevated (streak=0); maintaining throttle at 50Mbps,9,85,3,3,5,high,rule_based,3,3,5,20260514_002915,119
1778698996.3855584,2026-05-14 00:33:16,41.83,164.8,0,113.6,50,400,0,1,rule_based,1,0,0,hold_throttle,0.01,RTT=41.8ms still elevated (streak=0); maintaining throttle at 50Mbps,6,85,3,3,5,high,rule_based,3,3,5,20260514_002915,120
1778698998.4131103,2026-05-14 00:33:18,45.1,329.4,0,113.6,50,400,0,1,rule_based,1,0,0,hold_throttle,0.01,RTT=45.1ms still elevated (streak=0); maintaining throttle at 50Mbps,8,85,3,3,5,high,rule_based,3,3,5,20260514_002915,121
1778699000.3894603,2026-05-14 00:33:20,35.23,329.4,0,150.6,50,400,0,1,rule_based,1,0,0,hold_throttle,0.01,RTT=35.2ms still elevated (streak=0); maintaining throttle at 50Mbps,10,85,3,3,5,high,rule_based,3,3,5,20260514_002915,122
1778699002.3900895,2026-05-14 00:33:22,35.23,329.4,0,150.6,50,400,0,1,rule_based,1,0,0,hold_throttle,0.01,RTT=35.2ms still elevated (streak=0); maintaining throttle at 50Mbps,4,85,3,3,5,high,rule_based,3,3,5,20260514_002915,123
1778699004.4100704,2026-05-14 00:33:24,35.23,329.4,0,150.6,50,400,0,1,rule_based,1,0,0,hold_throttle,0.01,RTT=35.2ms still elevated (streak=0); maintaining throttle at 50Mbps,13,85,3,3,5,high,rule_based,3,3,5,20260514_002915,124
1778699006.3744302,2026-05-14 00:33:26,35.23,329.4,0,147.7,50,400,0,1,rule_based,1,0,0,hold_throttle,0.01,RTT=35.2ms still elevated (streak=0); maintaining throttle at 50Mbps,6,85,3,3,5,high,rule_based,3,3,5,20260514_002915,125
1778699008.3939943,2026-05-14 00:33:28,36.33,329.4,0,147.7,50,400,0,1,rule_based,1,0,0,hold_throttle,0.01,RTT=36.3ms still elevated (streak=0); maintaining throttle at 50Mbps,4,85,3,3,5,high,rule_based,3,3,5,20260514_002915,126
1778699010.4142215,2026-05-14 00:33:30,30.33,329.4,0,147.7,50,400,0,1,rule_based,1,0,0,hold_throttle,0.01,RTT=30.3ms still elevated (streak=0); maintaining throttle at 50Mbps,10,85,3,3,5,high,rule_based,3,3,5,20260514_002915,127
1778699012.4387212,2026-05-14 00:33:32,30.33,329.4,0,110.9,50,400,0,1,rule_based,1,0,0,hold_throttle,0.01,RTT=30.3ms still elevated (streak=0); maintaining throttle at 50Mbps,5,85,3,3,5,high,rule_based,3,3,5,20260514_002915,128
1778699014.4085834,2026-05-14 00:33:34,30.33,329.4,0,110.9,50,400,0,1,rule_based,1,0,0,hold_throttle,0.01,RTT=30.3ms still elevated (streak=0); maintaining throttle at 50Mbps,8,85,3,3,5,high,rule_based,3,3,5,20260514_002915,129
1778699016.3890133,2026-05-14 00:33:36,30.33,329.4,0,110.9,50,400,0,1,rule_based,1,0,0,hold_throttle,0.01,RTT=30.3ms still elevated (streak=0); maintaining throttle at 50Mbps,9,85,3,3,5,high,rule_based,3,3,5,20260514_002915,130
1778699018.42747,2026-05-14 00:33:38,30.27,329.4,0,87.2,50,400,0,1,rule_based,1,0,0,hold_throttle,0.01,RTT=30.3ms still elevated (streak=0); maintaining throttle at 50Mbps,5,85,3,3,5,high,rule_based,3,3,5,20260514_002915,131
1778699020.4152243,2026-05-14 00:33:40,27.0,329.4,0,87.2,50,400,0,1,rule_based,1,0,0,hold_throttle,0.01,RTT=27.0ms still elevated (streak=0); maintaining throttle at 50Mbps,7,85,3,3,5,high,rule_based,3,3,5,20260514_002915,132
1778699022.4158285,2026-05-14 00:33:42,27.0,329.4,0,87.2,50,400,0,1,rule_based,1,0,0,hold_throttle,0.01,RTT=27.0ms still elevated (streak=0); maintaining throttle at 50Mbps,9,85,3,3,5,high,rule_based,3,3,5,20260514_002915,133
1778699024.425938,2026-05-14 00:33:44,27.0,329.4,0,116.4,50,400,0,1,rule_based,1,0,0,hold_throttle,0.01,RTT=27.0ms still elevated (streak=0); maintaining throttle at 50Mbps,9,85,3,3,5,high,rule_based,3,3,5,20260514_002915,134
1778699026.4072816,2026-05-14 00:33:46,27.0,329.4,0,116.4,50,400,0,1,rule_based,1,0,0,hold_throttle,0.01,RTT=27.0ms still elevated (streak=0); maintaining throttle at 50Mbps,4,85,3,3,5,high,rule_based,3,3,5,20260514_002915,135
1778699028.4165437,2026-05-14 00:33:48,27.17,329.4,0,116.4,50,400,0,1,rule_based,1,0,0,hold_throttle,0.01,RTT=27.2ms still elevated (streak=0); maintaining throttle at 50Mbps,9,85,3,3,5,high,rule_based,3,3,5,20260514_002915,136
1778699030.4129684,2026-05-14 00:33:50,25.87,329.4,0,128.4,50,400,0,1,rule_based,1,0,0,hold_throttle,0.01,RTT=25.9ms still elevated (streak=0); maintaining throttle at 50Mbps,7,85,3,3,5,high,rule_based,3,3,5,20260514_002915,137
1778699032.4261239,2026-05-14 00:33:52,25.87,329.4,0,128.4,50,400,0,1,rule_based,1,0,0,hold_throttle,0.01,RTT=25.9ms still elevated (streak=0); maintaining throttle at 50Mbps,4,85,3,3,5,high,rule_based,3,3,5,20260514_002915,138
1778699034.415265,2026-05-14 00:33:54,25.87,329.4,0,128.4,50,400,0,1,rule_based,1,0,0,hold_throttle,0.01,RTT=25.9ms still elevated (streak=0); maintaining throttle at 50Mbps,13,85,3,3,5,high,rule_based,3,3,5,20260514_002915,139
1778699036.444781,2026-05-14 00:33:56,25.87,329.4,0,94.3,50,400,0,1,rule_based,1,0,0,hold_throttle,0.01,RTT=25.9ms still elevated (streak=0); maintaining throttle at 50Mbps,6,85,3,3,5,high,rule_based,3,3,5,20260514_002915,140
1778699038.4462717,2026-05-14 00:33:58,22.7,329.4,0,94.3,50,400,0,1,rule_based,1,0,0,hold_throttle,0.01,RTT=22.7ms still elevated (streak=0); maintaining throttle at 50Mbps,5,85,3,3,5,high,rule_based,3,3,5,20260514_002915,141
1778699040.41107,2026-05-14 00:34:00,22.5,329.4,0,94.3,50,400,0,1,rule_based,1,0,0,hold_throttle,0.01,RTT=22.5ms still elevated (streak=0); maintaining throttle at 50Mbps,11,85,3,3,5,high,rule_based,3,3,5,20260514_002915,142
1778699042.4396665,2026-05-14 00:34:02,22.5,329.4,0,107.8,50,400,0,1,rule_based,1,0,0,hold_throttle,0.03,RTT=22.5ms still elevated (streak=0); maintaining throttle at 50Mbps,5,84,3,3,5,high,rule_based,3,3,5,20260514_002915,143
1778699044.4453356,2026-05-14 00:34:04,22.5,329.4,0,107.8,50,400,0,1,rule_based,1,0,0,hold_throttle,0.01,RTT=22.5ms still elevated (streak=0); maintaining throttle at 50Mbps,8,85,3,3,5,high,rule_based,3,3,5,20260514_002915,144
1778699046.4334886,2026-05-14 00:34:06,22.5,329.4,0,107.8,50,400,0,1,rule_based,1,0,0,hold_throttle,0.01,RTT=22.5ms still elevated (streak=0); maintaining throttle at 50Mbps,9,85,3,3,5,high,rule_based,3,3,5,20260514_002915,145
1778699048.4546654,2026-05-14 00:34:08,19.23,329.4,0,102.8,50,400,0,1,rule_based,1,0,0,hold_throttle,0.01,RTT=19.2ms still elevated (streak=0); maintaining throttle at 50Mbps,6,85,3,3,5,high,rule_based,3,3,5,20260514_002915,146
1778699050.4499474,2026-05-14 00:34:10,19.37,329.4,0,102.8,50,400,0,1,rule_based,1,0,0,hold_throttle,0.01,RTT=19.4ms still elevated (streak=0); maintaining throttle at 50Mbps,7,85,3,3,5,high,rule_based,3,3,5,20260514_002915,147
1778699052.442952,2026-05-14 00:34:12,19.37,329.4,0,102.8,50,400,0,1,rule_based,1,0,0,hold_throttle,0.01,RTT=19.4ms still elevated (streak=0); maintaining throttle at 50Mbps,10,85,3,3,5,high,rule_based,3,3,5,20260514_002915,148
1778699054.4520824,2026-05-14 00:34:14,19.37,329.4,0,117.1,50,400,0,1,rule_based,1,0,0,hold_throttle,0.01,RTT=19.4ms still elevated (streak=0); maintaining throttle at 50Mbps,9,85,3,3,5,high,rule_based,3,3,5,20260514_002915,149
1778699056.4369845,2026-05-14 00:34:16,19.37,329.4,0,117.1,50,400,0,1,rule_based,1,0,0,hold_throttle,0.01,RTT=19.4ms still elevated (streak=0); maintaining throttle at 50Mbps,5,85,3,3,5,high,rule_based,3,3,5,20260514_002915,150
1778699058.4625044,2026-05-14 00:34:18,16.07,103.1,0,117.1,50,400,0,1,rule_based,1,0,0,hold_throttle,0.01,RTT=16.1ms still elevated (streak=0); maintaining throttle at 50Mbps,7,85,3,3,5,high,rule_based,3,3,5,20260514_002915,151
1778699060.4470472,2026-05-14 00:34:20,16.33,103.1,0,133.8,50,400,0,1,rule_based,1,0,0,hold_throttle,0.01,RTT=16.3ms still elevated (streak=0); maintaining throttle at 50Mbps,8,85,3,3,5,high,rule_based,3,3,5,20260514_002915,152
1778699062.4686747,2026-05-14 00:34:22,16.33,103.1,0,133.8,50,400,0,1,rule_based,1,0,0,hold_throttle,0.01,RTT=16.3ms still elevated (streak=0); maintaining throttle at 50Mbps,4,85,3,3,5,high,rule_based,3,3,5,20260514_002915,153
1778699064.4587939,2026-05-14 00:34:24,16.33,103.1,0,133.8,50,400,0,1,rule_based,1,0,0,hold_throttle,0.01,RTT=16.3ms still elevated (streak=0); maintaining throttle at 50Mbps,9,85,3,3,5,high,rule_based,3,3,5,20260514_002915,154
1778699066.4586947,2026-05-14 00:34:26,16.33,103.1,0,140.9,50,500,3000.1,1,rule_based,1,0,0,hold_throttle,0.01,RTT=16.3ms still elevated (streak=0); maintaining throttle at 50Mbps,8,85,3,3,5,high,rule_based,3,3,5,20260514_002915,155
1778699068.4626951,2026-05-14 00:34:28,15.27,30.5,0,140.9,50,500,0,1,rule_based,1,0,0,hold_throttle,0.01,RTT=15.3ms still elevated (streak=0); maintaining throttle at 50Mbps,5,85,3,3,5,high,rule_based,3,3,5,20260514_002915,156
1778699070.4593725,2026-05-14 00:34:30,15.3,30.5,0,140.9,50,500,0,1,rule_based,1,0,0,hold_throttle,0.01,RTT=15.3ms still elevated (streak=0); maintaining throttle at 50Mbps,8,85,3,3,5,high,rule_based,3,3,5,20260514_002915,157
1778699072.451746,2026-05-14 00:34:32,15.3,30.5,0,158.0,50,500,0,1,rule_based,1,0,0,hold_throttle,0.01,RTT=15.3ms still elevated (streak=0); maintaining throttle at 50Mbps,7,85,3,3,5,high,rule_based,3,3,5,20260514_002915,158
1778699074.4546099,2026-05-14 00:34:34,15.3,30.5,0,158.0,50,500,0,1,rule_based,1,0,0,hold_throttle,0.01,RTT=15.3ms still elevated (streak=0); maintaining throttle at 50Mbps,6,85,3,3,5,high,rule_based,3,3,5,20260514_002915,159
1778699076.4493616,2026-05-14 00:34:36,15.3,30.5,0,146.9,50,500,0,1,rule_based,1,0,0,hold_throttle,0.01,RTT=15.3ms still elevated (streak=0); maintaining throttle at 50Mbps,9,85,3,3,5,high,rule_based,3,3,5,20260514_002915,160
1778699078.491584,2026-05-14 00:34:38,15.47,30.5,0,146.9,50,500,0,1,rule_based,1,0,0,hold_throttle,0.01,RTT=15.5ms still elevated (streak=0); maintaining throttle at 50Mbps,7,85,3,3,5,high,rule_based,3,3,5,20260514_002915,161
1778699080.470983,2026-05-14 00:34:40,15.63,30.5,0,146.9,50,500,0,1,rule_based,1,0,0,hold_throttle,0.01,RTT=15.6ms still elevated (streak=0); maintaining throttle at 50Mbps,8,85,3,3,5,high,rule_based,3,3,5,20260514_002915,162
1778699082.4789276,2026-05-14 00:34:42,15.63,30.5,0,153.5,50,500,0,1,rule_based,1,0,0,hold_throttle,0.01,RTT=15.6ms still elevated (streak=0); maintaining throttle at 50Mbps,7,84,3,3,5,high,rule_based,3,3,5,20260514_002915,163
1778699084.4898996,2026-05-14 00:34:44,15.63,30.5,0,153.5,50,500,0,1,rule_based,1,0,0,hold_throttle,0.01,RTT=15.6ms still elevated (streak=0); maintaining throttle at 50Mbps,9,85,3,3,5,high,rule_based,3,3,5,20260514_002915,164
1778699086.4796844,2026-05-14 00:34:46,15.63,30.5,0,153.5,50,500,0,1,rule_based,1,0,0,hold_throttle,0.01,RTT=15.6ms still elevated (streak=0); maintaining throttle at 50Mbps,8,85,3,3,5,high,rule_based,3,3,5,20260514_002915,165
1778699088.4995313,2026-05-14 00:34:48,15.63,30.5,0,97.1,50,500,0,1,rule_based,1,0,0,hold_throttle,0.01,RTT=15.6ms still elevated (streak=0); maintaining throttle at 50Mbps,6,84,3,3,5,high,rule_based,3,3,5,20260514_002915,166
1778699090.4946246,2026-05-14 00:34:50,15.73,26.0,0,97.1,50,500,0,1,rule_based,1,0,0,hold_throttle,0.01,RTT=15.7ms still elevated (streak=0); maintaining throttle at 50Mbps,10,85,3,3,5,high,rule_based,3,3,5,20260514_002915,167
1778699092.5035133,2026-05-14 00:34:52,15.73,26.0,0,97.1,50,500,0,1,rule_based,1,0,0,hold_throttle,0.01,RTT=15.7ms still elevated (streak=0); maintaining throttle at 50Mbps,4,85,3,3,5,high,rule_based,3,3,5,20260514_002915,168
1778699094.4932308,2026-05-14 00:34:54,15.73,26.0,0,130.4,50,500,0,1,rule_based,1,0,0,hold_throttle,0.04,RTT=15.7ms still elevated (streak=0); maintaining throttle at 50Mbps,7,85,3,3,5,high,rule_based,3,3,5,20260514_002915,169
1778699096.4992182,2026-05-14 00:34:56,15.73,26.0,0,130.4,50,500,0,1,rule_based,1,0,0,hold_throttle,0.01,RTT=15.7ms still elevated (streak=0); maintaining throttle at 50Mbps,16,84,3,3,5,high,rule_based,3,3,5,20260514_002915,170
1778699098.5048459,2026-05-14 00:34:58,15.87,26.0,0,130.4,50,500,0,1,rule_based,1,0,0,hold_throttle,0.01,RTT=15.9ms still elevated (streak=0); maintaining throttle at 50Mbps,6,84,3,3,5,high,rule_based,3,3,5,20260514_002915,171
1778699100.4732316,2026-05-14 00:35:00,15.9,26.0,0,97.0,50,500,0,1,rule_based,1,0,0,hold_throttle,0.01,RTT=15.9ms still elevated (streak=0); maintaining throttle at 50Mbps,7,85,3,3,5,high,rule_based,3,3,5,20260514_002915,172
1778699102.4924104,2026-05-14 00:35:02,15.9,26.0,0,97.0,50,500,0,1,rule_based,1,0,0,hold_throttle,0.01,RTT=15.9ms still elevated (streak=0); maintaining throttle at 50Mbps,8,85,3,3,5,high,rule_based,3,3,5,20260514_002915,173
1778699104.4746406,2026-05-14 00:35:04,15.9,26.0,0,97.0,50,500,0,1,rule_based,1,0,0,hold_throttle,0.01,RTT=15.9ms still elevated (streak=0); maintaining throttle at 50Mbps,7,85,3,3,5,high,rule_based,3,3,5,20260514_002915,174
1778699106.5069387,2026-05-14 00:35:06,15.9,26.0,0,93.8,50,500,0,1,rule_based,1,0,0,hold_throttle,0.01,RTT=15.9ms still elevated (streak=0); maintaining throttle at 50Mbps,8,85,3,3,5,high,rule_based,3,3,5,20260514_002915,175
1778699108.5261207,2026-05-14 00:35:08,15.93,26.0,0,93.8,50,500,0,1,rule_based,1,0,0,hold_throttle,0.01,RTT=15.9ms still elevated (streak=0); maintaining throttle at 50Mbps,9,85,3,3,5,high,rule_based,3,3,5,20260514_002915,176
1778699110.4946544,2026-05-14 00:35:10,15.93,26.0,0,93.8,50,500,0,1,rule_based,1,0,0,hold_throttle,0.01,RTT=15.9ms still elevated (streak=0); maintaining throttle at 50Mbps,7,85,3,3,5,high,rule_based,3,3,5,20260514_002915,177
1778699112.492391,2026-05-14 00:35:12,15.93,26.0,0,74.6,50,500,0,1,rule_based,1,0,0,hold_throttle,0.01,RTT=15.9ms still elevated (streak=0); maintaining throttle at 50Mbps,6,85,3,3,5,high,rule_based,3,3,5,20260514_002915,178
1778699114.5069778,2026-05-14 00:35:14,15.93,26.0,0,74.6,50,500,0,1,rule_based,1,0,0,hold_throttle,0.01,RTT=15.9ms still elevated (streak=0); maintaining throttle at 50Mbps,10,85,3,3,5,high,rule_based,3,3,5,20260514_002915,179
1778699116.4981852,2026-05-14 00:35:16,15.93,26.0,0,74.6,50,500,0,1,rule_based,1,0,0,hold_throttle,0.01,RTT=15.9ms still elevated (streak=0); maintaining throttle at 50Mbps,7,85,3,3,5,high,rule_based,3,3,5,20260514_002915,180
1778699118.5192049,2026-05-14 00:35:18,15.93,26.0,0,132.8,50,500,0,1,rule_based,1,0,0,hold_throttle,0.02,RTT=15.9ms still elevated (streak=0); maintaining throttle at 50Mbps,5,85,3,3,5,high,rule_based,3,3,5,20260514_002915,181
1778699120.5072265,2026-05-14 00:35:20,15.9,26.0,0,132.8,50,500,0,1,rule_based,1,0,0,hold_throttle,0.01,RTT=15.9ms still elevated (streak=0); maintaining throttle at 50Mbps,12,85,3,3,5,high,rule_based,3,3,5,20260514_002915,182
1778699122.5128624,2026-05-14 00:35:22,15.9,26.0,0,132.8,50,500,0,1,rule_based,1,0,0,hold_throttle,0.01,RTT=15.9ms still elevated (streak=0); maintaining throttle at 50Mbps,6,85,3,3,5,high,rule_based,3,3,5,20260514_002915,183
1778699124.5086856,2026-05-14 00:35:24,15.9,26.0,0,125.0,50,500,0,1,rule_based,1,0,0,hold_throttle,0.01,RTT=15.9ms still elevated (streak=0); maintaining throttle at 50Mbps,7,85,3,3,5,high,rule_based,3,3,5,20260514_002915,184
1778699126.5124152,2026-05-14 00:35:26,15.9,26.0,0,125.0,50,500,0,1,rule_based,1,0,0,hold_throttle,0.01,RTT=15.9ms still elevated (streak=0); maintaining throttle at 50Mbps,11,85,3,3,5,high,rule_based,3,3,5,20260514_002915,185
1778699128.5241656,2026-05-14 00:35:28,15.9,26.0,0,125.0,50,500,0,1,rule_based,1,0,0,hold_throttle,0.01,RTT=15.9ms still elevated (streak=0); maintaining throttle at 50Mbps,6,85,3,3,5,high,rule_based,3,3,5,20260514_002915,186
1778699130.5017374,2026-05-14 00:35:30,15.97,26.0,0,131.5,50,500,0,1,rule_based,1,0,0,hold_throttle,0.01,RTT=16.0ms still elevated (streak=0); maintaining throttle at 50Mbps,6,85,3,3,5,high,rule_based,3,3,5,20260514_002915,187
1778699132.5057461,2026-05-14 00:35:32,15.97,26.0,0,131.5,50,500,0,1,rule_based,1,0,0,hold_throttle,0.01,RTT=16.0ms still elevated (streak=0); maintaining throttle at 50Mbps,8,85,3,3,5,high,rule_based,3,3,5,20260514_002915,188
1778699134.5016189,2026-05-14 00:35:34,15.97,26.0,0,131.5,50,500,0,1,rule_based,1,0,0,hold_throttle,0.01,RTT=16.0ms still elevated (streak=0); maintaining throttle at 50Mbps,6,85,3,3,5,high,rule_based,3,3,5,20260514_002915,189
1778699136.5382106,2026-05-14 00:35:36,15.97,26.0,0,113.4,50,500,0,1,rule_based,1,0,0,hold_throttle,0.01,RTT=16.0ms still elevated (streak=0); maintaining throttle at 50Mbps,7,85,3,3,5,high,rule_based,3,3,5,20260514_002915,190
1778699138.5421145,2026-05-14 00:35:38,15.97,26.0,0,113.4,50,500,0,1,rule_based,1,0,0,hold_throttle,0.01,RTT=16.0ms still elevated (streak=0); maintaining throttle at 50Mbps,9,85,3,3,5,high,rule_based,3,3,5,20260514_002915,191
1778699140.518878,2026-05-14 00:35:40,15.87,26.0,0,113.4,50,500,0,1,rule_based,1,0,0,hold_throttle,0.01,RTT=15.9ms still elevated (streak=0); maintaining throttle at 50Mbps,6,85,3,3,5,high,rule_based,3,3,5,20260514_002915,192
1778699142.518523,2026-05-14 00:35:42,15.87,26.0,0,114.1,50,600,3000.5,1,rule_based,1,0,0,hold_throttle,0.01,RTT=15.9ms still elevated (streak=0); maintaining throttle at 50Mbps,5,85,3,3,5,high,rule_based,3,3,5,20260514_002915,193
1778699144.52474,2026-05-14 00:35:44,15.87,26.0,0,114.1,50,600,0,1,rule_based,1,0,0,hold_throttle,0.01,RTT=15.9ms still elevated (streak=0); maintaining throttle at 50Mbps,10,85,3,3,5,high,rule_based,3,3,5,20260514_002915,194
1778699146.502585,2026-05-14 00:35:46,15.87,26.0,0,114.1,50,600,0,1,rule_based,1,0,0,hold_throttle,0.01,RTT=15.9ms still elevated (streak=0); maintaining throttle at 50Mbps,7,85,3,3,5,high,rule_based,3,3,5,20260514_002915,195
1778699148.5406244,2026-05-14 00:35:48,15.87,26.0,0,122.0,50,600,0,1,rule_based,1,0,0,hold_throttle,0.01,RTT=15.9ms still elevated (streak=0); maintaining throttle at 50Mbps,5,85,3,3,5,high,rule_based,3,3,5,20260514_002915,196
1778699150.5270813,2026-05-14 00:35:50,15.77,24.4,0,122.0,50,600,0,1,rule_based,1,0,0,hold_throttle,0.01,RTT=15.8ms still elevated (streak=0); maintaining throttle at 50Mbps,9,85,3,3,5,high,rule_based,3,3,5,20260514_002915,197
1778699152.5240335,2026-05-14 00:35:52,15.77,24.4,0,122.0,50,600,0,1,rule_based,1,0,0,hold_throttle,0.01,RTT=15.8ms still elevated (streak=0); maintaining throttle at 50Mbps,5,85,3,3,5,high,rule_based,3,3,5,20260514_002915,198
1778699154.5309906,2026-05-14 00:35:54,15.77,24.4,0,132.0,50,600,0,1,rule_based,1,0,0,hold_throttle,0.01,RTT=15.8ms still elevated (streak=0); maintaining throttle at 50Mbps,10,85,3,3,5,high,rule_based,3,3,5,20260514_002915,199
1778699156.6337602,2026-05-14 00:35:56,15.77,24.4,0,132.0,50,600,0,1,rule_based,1,0,0,hold_throttle,0.01,RTT=15.8ms still elevated (streak=0); maintaining throttle at 50Mbps,10,85,3,3,5,high,rule_based,3,3,5,20260514_002915,200
1778699158.5630376,2026-05-14 00:35:58,15.77,24.4,0,132.0,50,600,0,1,rule_based,1,0,0,hold_throttle,0.01,RTT=15.8ms still elevated (streak=0); maintaining throttle at 50Mbps,7,84,3,3,5,high,rule_based,3,3,5,20260514_002915,201
1778699160.5390804,2026-05-14 00:36:00,15.7,24.4,0,108.7,50,600,0,1,rule_based,1,0,0,hold_throttle,0.01,RTT=15.7ms still elevated (streak=0); maintaining throttle at 50Mbps,6,85,3,3,5,high,rule_based,3,3,5,20260514_002915,202
1778699162.6359937,2026-05-14 00:36:02,15.7,24.4,0,108.7,50,600,0,1,rule_based,1,0,0,hold_throttle,0.01,RTT=15.7ms still elevated (streak=0); maintaining throttle at 50Mbps,7,84,3,3,5,high,rule_based,3,3,5,20260514_002915,203
1778699164.5432172,2026-05-14 00:36:04,15.7,24.4,0,108.7,50,600,0,1,rule_based,1,0,0,hold_throttle,0.01,RTT=15.7ms still elevated (streak=0); maintaining throttle at 50Mbps,8,85,3,3,5,high,rule_based,3,3,5,20260514_002915,204
1778699166.696581,2026-05-14 00:36:06,15.7,24.4,0,106.2,50,600,0,1,rule_based,1,0,0,hold_throttle,0.01,RTT=15.7ms still elevated (streak=0); maintaining throttle at 50Mbps,15,85,3,3,5,high,rule_based,3,3,5,20260514_002915,205
1778699168.5501065,2026-05-14 00:36:08,15.7,24.4,0,106.2,50,600,0,1,rule_based,1,0,0,hold_throttle,0.01,RTT=15.7ms still elevated (streak=0); maintaining throttle at 50Mbps,10,85,3,3,5,high,rule_based,3,3,5,20260514_002915,206
1778699170.6411853,2026-05-14 00:36:10,16.93,227.8,0,106.2,50,600,0,1,rule_based,1,0,0,hold_throttle,0.01,RTT=16.9ms still elevated (streak=0); maintaining throttle at 50Mbps,10,85,3,3,5,high,rule_based,3,3,5,20260514_002915,207
1778699172.626255,2026-05-14 00:36:12,16.93,227.8,0,139.2,50,600,0,1,rule_based,1,0,0,hold_throttle,0.01,RTT=16.9ms still elevated (streak=0); maintaining throttle at 50Mbps,16,85,3,3,5,high,rule_based,3,3,5,20260514_002915,208
1778699174.5914474,2026-05-14 00:36:14,16.93,227.8,0,139.2,50,600,0,1,rule_based,1,0,0,hold_throttle,0.01,RTT=16.9ms still elevated (streak=0); maintaining throttle at 50Mbps,8,85,3,3,5,high,rule_based,3,3,5,20260514_002915,209
1778699176.52188,2026-05-14 00:36:16,16.93,227.8,0,139.2,50,600,0,1,rule_based,1,0,0,hold_throttle,0.01,RTT=16.9ms still elevated (streak=0); maintaining throttle at 50Mbps,5,85,3,3,5,high,rule_based,3,3,5,20260514_002915,210
1778699178.6571925,2026-05-14 00:36:18,16.93,227.8,0,151.1,50,600,0,1,rule_based,1,0,0,hold_throttle,0.01,RTT=16.9ms still elevated (streak=0); maintaining throttle at 50Mbps,6,85,3,3,5,high,rule_based,3,3,5,20260514_002915,211
1778699180.5516512,2026-05-14 00:36:20,16.8,227.8,0,151.1,50,600,0,1,rule_based,1,0,0,hold_throttle,0.01,RTT=16.8ms still elevated (streak=0); maintaining throttle at 50Mbps,9,85,3,3,5,high,rule_based,3,3,5,20260514_002915,212
1778699182.6412537,2026-05-14 00:36:22,16.8,227.8,0,159.3,50,600,0,1,rule_based,1,0,0,hold_throttle,0.01,RTT=16.8ms still elevated (streak=0); maintaining throttle at 50Mbps,6,85,3,3,5,high,rule_based,3,3,5,20260514_002915,213
1778699184.6868153,2026-05-14 00:36:24,16.8,227.8,0,159.3,50,600,0,1,rule_based,1,0,0,hold_throttle,0.01,RTT=16.8ms still elevated (streak=0); maintaining throttle at 50Mbps,7,85,3,3,5,high,rule_based,3,3,5,20260514_002915,214
1778699186.6361182,2026-05-14 00:36:26,16.8,227.8,0,159.3,50,600,0,1,rule_based,1,0,0,hold_throttle,0.01,RTT=16.8ms still elevated (streak=0); maintaining throttle at 50Mbps,6,85,3,3,5,high,rule_based,3,3,5,20260514_002915,215
1778699188.5542965,2026-05-14 00:36:28,16.8,227.8,0,116.1,50,600,0,1,rule_based,1,0,0,hold_throttle,0.01,RTT=16.8ms still elevated (streak=0); maintaining throttle at 50Mbps,9,85,3,3,5,high,rule_based,3,3,5,20260514_002915,216
1778699190.6468828,2026-05-14 00:36:30,16.7,227.8,0,116.1,50,600,0,1,rule_based,1,0,0,hold_throttle,0.01,RTT=16.7ms still elevated (streak=0); maintaining throttle at 50Mbps,6,85,3,3,5,high,rule_based,3,3,5,20260514_002915,217
1778699192.6203902,2026-05-14 00:36:32,16.7,227.8,0,116.1,50,600,0,1,rule_based,1,0,0,hold_throttle,0.01,RTT=16.7ms still elevated (streak=0); maintaining throttle at 50Mbps,5,85,3,3,5,high,rule_based,3,3,5,20260514_002915,218
1778699194.5445476,2026-05-14 00:36:34,16.7,227.8,0,115.5,50,600,0,1,rule_based,1,0,0,hold_throttle,0.01,RTT=16.7ms still elevated (streak=0); maintaining throttle at 50Mbps,10,85,3,3,5,high,rule_based,3,3,5,20260514_002915,219
1778699196.63047,2026-05-14 00:36:36,16.7,227.8,0,115.5,50,600,0,1,rule_based,1,0,0,hold_throttle,0.01,RTT=16.7ms still elevated (streak=0); maintaining throttle at 50Mbps,5,85,3,3,5,high,rule_based,3,3,5,20260514_002915,220
1778699198.616093,2026-05-14 00:36:38,16.7,227.8,0,115.5,50,600,0,1,rule_based,1,0,0,hold_throttle,0.01,RTT=16.7ms still elevated (streak=0); maintaining throttle at 50Mbps,8,85,3,3,5,high,rule_based,3,3,5,20260514_002915,221
1778699200.603977,2026-05-14 00:36:40,16.87,227.8,0,106.1,50,600,0,1,rule_based,1,0,0,hold_throttle,0.01,RTT=16.9ms still elevated (streak=0); maintaining throttle at 50Mbps,8,85,3,3,5,high,rule_based,3,3,5,20260514_002915,222
1778699202.6431286,2026-05-14 00:36:42,16.87,227.8,0,106.1,50,600,0,1,rule_based,1,0,0,hold_throttle,0.01,RTT=16.9ms still elevated (streak=0); maintaining throttle at 50Mbps,5,85,3,3,5,high,rule_based,3,3,5,20260514_002915,223
1778699204.6211164,2026-05-14 00:36:44,16.87,227.8,0,106.1,50,600,0,1,rule_based,1,0,0,hold_throttle,0.01,RTT=16.9ms still elevated (streak=0); maintaining throttle at 50Mbps,8,85,3,3,5,high,rule_based,3,3,5,20260514_002915,224
1778699206.6333406,2026-05-14 00:36:46,16.87,227.8,0,117.8,50,600,0,1,rule_based,1,0,0,hold_throttle,0.01,RTT=16.9ms still elevated (streak=0); maintaining throttle at 50Mbps,6,84,3,3,5,high,rule_based,3,3,5,20260514_002915,225
1778699208.6276038,2026-05-14 00:36:48,16.87,227.8,0,117.8,50,600,0,1,rule_based,1,0,0,hold_throttle,0.01,RTT=16.9ms still elevated (streak=0); maintaining throttle at 50Mbps,7,85,3,3,5,high,rule_based,3,3,5,20260514_002915,226
1778699210.6082683,2026-05-14 00:36:50,16.83,227.8,0,117.8,50,600,0,1,rule_based,1,0,0,hold_throttle,0.01,RTT=16.8ms still elevated (streak=0); maintaining throttle at 50Mbps,10,85,3,3,5,high,rule_based,3,3,5,20260514_002915,227
1778699212.6601648,2026-05-14 00:36:52,16.83,227.8,0,88.8,50,700,2924.1,1,rule_based,1,0,0,hold_throttle,0.01,RTT=16.8ms still elevated (streak=0); maintaining throttle at 50Mbps,6,85,3,3,5,high,rule_based,3,3,5,20260514_002915,228
1778699214.8273215,2026-05-14 00:36:54,16.83,227.8,0,88.8,50,700,0,1,rule_based,1,0,0,hold_throttle,0.01,RTT=16.8ms still elevated (streak=0); maintaining throttle at 50Mbps,5,85,3,3,5,high,rule_based,3,3,5,20260514_002915,229
1778699216.6490996,2026-05-14 00:36:56,16.83,227.8,0,88.8,50,700,0,1,rule_based,1,0,0,hold_throttle,0.01,RTT=16.8ms still elevated (streak=0); maintaining throttle at 50Mbps,5,85,3,3,5,high,rule_based,3,3,5,20260514_002915,230
1778699218.6417623,2026-05-14 00:36:58,16.83,227.8,0,60.9,50,700,0,1,rule_based,1,0,0,hold_throttle,0.01,RTT=16.8ms still elevated (streak=0); maintaining throttle at 50Mbps,10,85,3,3,5,high,rule_based,3,3,5,20260514_002915,231
1778699220.6444547,2026-05-14 00:37:00,16.83,227.8,0,60.9,50,700,0,1,rule_based,1,0,0,hold_throttle,0.01,RTT=16.8ms still elevated (streak=0); maintaining throttle at 50Mbps,6,85,3,3,5,high,rule_based,3,3,5,20260514_002915,232
1778699222.6645136,2026-05-14 00:37:02,16.83,227.8,0,60.9,50,700,0,1,rule_based,1,0,0,hold_throttle,0.01,RTT=16.8ms still elevated (streak=0); maintaining throttle at 50Mbps,4,85,3,3,5,high,rule_based,3,3,5,20260514_002915,233
1778699224.6959078,2026-05-14 00:37:04,16.83,227.8,0,84.1,50,700,0,1,rule_based,1,0,0,hold_throttle,0.01,RTT=16.8ms still elevated (streak=0); maintaining throttle at 50Mbps,9,85,3,3,5,high,rule_based,3,3,5,20260514_002915,234
1778699226.66407,2026-05-14 00:37:06,16.83,227.8,0,84.1,50,700,0,1,rule_based,1,0,0,hold_throttle,0.01,RTT=16.8ms still elevated (streak=0); maintaining throttle at 50Mbps,4,85,3,3,5,high,rule_based,3,3,5,20260514_002915,235
1778699228.6035862,2026-05-14 00:37:08,16.83,227.8,0,84.1,50,700,0,1,rule_based,1,0,0,hold_throttle,0.01,RTT=16.8ms still elevated (streak=0); maintaining throttle at 50Mbps,7,85,3,3,5,high,rule_based,3,3,5,20260514_002915,236
1778699230.6470127,2026-05-14 00:37:10,15.53,23.0,0,137.9,50,700,0,1,rule_based,1,0,0,hold_throttle,0.01,RTT=15.5ms still elevated (streak=0); maintaining throttle at 50Mbps,9,85,3,3,5,high,rule_based,3,3,5,20260514_002915,237
1778699232.6848714,2026-05-14 00:37:12,15.53,23.0,0,137.9,50,700,0,1,rule_based,1,0,0,hold_throttle,0.01,RTT=15.5ms still elevated (streak=0); maintaining throttle at 50Mbps,4,85,3,3,5,high,rule_based,3,3,5,20260514_002915,238
1778699234.6502147,2026-05-14 00:37:14,15.53,23.0,0,137.9,50,700,0,1,rule_based,1,0,0,hold_throttle,0.01,RTT=15.5ms still elevated (streak=0); maintaining throttle at 50Mbps,7,85,3,3,5,high,rule_based,3,3,5,20260514_002915,239
1778699236.6734846,2026-05-14 00:37:16,15.53,23.0,0,127.0,50,700,0,1,rule_based,1,0,0,hold_throttle,0.01,RTT=15.5ms still elevated (streak=0); maintaining throttle at 50Mbps,6,85,3,3,5,high,rule_based,3,3,5,20260514_002915,240
1778699238.6785583,2026-05-14 00:37:18,15.53,23.0,0,127.0,50,700,0,1,rule_based,1,0,0,hold_throttle,0.01,RTT=15.5ms still elevated (streak=0); maintaining throttle at 50Mbps,7,85,3,3,5,high,rule_based,3,3,5,20260514_002915,241
1778699240.6862605,2026-05-14 00:37:20,15.63,23.0,0,127.0,50,700,0,1,rule_based,1,0,0,hold_throttle,0.01,RTT=15.6ms still elevated (streak=0); maintaining throttle at 50Mbps,6,85,3,3,5,high,rule_based,3,3,5,20260514_002915,242
1778699242.7564974,2026-05-14 00:37:22,15.63,23.0,0,108.4,50,700,0,1,rule_based,1,0,0,hold_throttle,0.01,RTT=15.6ms still elevated (streak=0); maintaining throttle at 50Mbps,7,85,3,3,5,high,rule_based,3,3,5,20260514_002915,243
1778699244.6956358,2026-05-14 00:37:24,15.63,23.0,0,108.4,50,700,0,1,rule_based,1,0,0,hold_throttle,0.01,RTT=15.6ms still elevated (streak=0); maintaining throttle at 50Mbps,6,85,3,3,5,high,rule_based,3,3,5,20260514_002915,244
1778699246.5900958,2026-05-14 00:37:26,15.63,23.0,0,108.4,50,700,0,1,rule_based,1,0,0,hold_throttle,0.01,RTT=15.6ms still elevated (streak=0); maintaining throttle at 50Mbps,4,85,3,3,5,high,rule_based,3,3,5,20260514_002915,245
1778699248.6707134,2026-05-14 00:37:28,15.63,23.0,0,101.6,50,700,0,1,rule_based,1,0,0,hold_throttle,0.01,RTT=15.6ms still elevated (streak=0); maintaining throttle at 50Mbps,9,85,3,3,5,high,rule_based,3,3,5,20260514_002915,246
1778699250.6798606,2026-05-14 00:37:30,15.57,23.0,0,101.6,50,700,0,1,rule_based,1,0,0,hold_throttle,0.01,RTT=15.6ms still elevated (streak=0); maintaining throttle at 50Mbps,6,85,3,3,5,high,rule_based,3,3,5,20260514_002915,247
1778699252.683785,2026-05-14 00:37:32,15.57,23.0,0,101.6,50,700,0,1,rule_based,1,0,0,hold_throttle,0.01,RTT=15.6ms still elevated (streak=0); maintaining throttle at 50Mbps,4,85,3,3,5,high,rule_based,3,3,5,20260514_002915,248
1778699254.6768866,2026-05-14 00:37:34,15.57,23.0,0,102.9,50,700,0,1,rule_based,1,0,0,hold_throttle,0.01,RTT=15.6ms still elevated (streak=0); maintaining throttle at 50Mbps,8,85,3,3,5,high,rule_based,3,3,5,20260514_002915,249
1778699256.6420066,2026-05-14 00:37:36,15.57,23.0,0,102.9,50,700,0,1,rule_based,1,0,0,hold_throttle,0.01,RTT=15.6ms still elevated (streak=0); maintaining throttle at 50Mbps,4,85,3,3,5,high,rule_based,3,3,5,20260514_002915,250
1778699258.6578393,2026-05-14 00:37:38,15.57,23.0,0,102.9,50,700,0,1,rule_based,1,0,0,hold_throttle,0.01,RTT=15.6ms still elevated (streak=0); maintaining throttle at 50Mbps,7,85,3,3,5,high,rule_based,3,3,5,20260514_002915,251
1778699260.6518567,2026-05-14 00:37:40,15.2,22.0,0,149.3,50,700,0,1,rule_based,1,0,0,hold_throttle,0.01,RTT=15.2ms still elevated (streak=0); maintaining throttle at 50Mbps,8,85,3,3,5,high,rule_based,3,3,5,20260514_002915,252
1778699262.7408082,2026-05-14 00:37:42,15.2,22.0,0,149.3,50,700,0,1,rule_based,1,0,0,hold_throttle,0.01,RTT=15.2ms still elevated (streak=0); maintaining throttle at 50Mbps,4,85,3,3,5,high,rule_based,3,3,5,20260514_002915,253
1778699264.6407142,2026-05-14 00:37:44,15.2,22.0,0,149.3,50,700,0,1,rule_based,1,0,0,hold_throttle,0.01,RTT=15.2ms still elevated (streak=0); maintaining throttle at 50Mbps,7,85,3,3,5,high,rule_based,3,3,5,20260514_002915,254
1778699266.5987427,2026-05-14 00:37:46,15.2,22.0,0,158.8,50,700,0,1,rule_based,1,0,0,hold_throttle,0.01,RTT=15.2ms still elevated (streak=0); maintaining throttle at 50Mbps,6,85,3,3,5,high,rule_based,3,3,5,20260514_002915,255
1778699268.6835122,2026-05-14 00:37:48,15.2,22.0,0,158.8,50,700,0,1,rule_based,1,0,0,hold_throttle,0.02,RTT=15.2ms still elevated (streak=0); maintaining throttle at 50Mbps,6,85,3,3,5,high,rule_based,3,3,5,20260514_002915,256
1778699270.6866305,2026-05-14 00:37:50,15.03,29.3,0,158.8,50,700,0,1,rule_based,1,0,0,hold_throttle,0.01,RTT=15.0ms still elevated (streak=0); maintaining throttle at 50Mbps,6,85,3,3,5,high,rule_based,3,3,5,20260514_002915,257
1778699272.649156,2026-05-14 00:37:52,15.03,29.3,0,114.0,50,700,0,1,rule_based,1,0,0,hold_throttle,0.01,RTT=15.0ms still elevated (streak=0); maintaining throttle at 50Mbps,6,85,3,3,5,high,rule_based,3,3,5,20260514_002915,258
1778699274.6931994,2026-05-14 00:37:54,15.03,29.3,0,114.0,50,700,0,1,rule_based,1,0,0,hold_throttle,0.01,RTT=15.0ms still elevated (streak=0); maintaining throttle at 50Mbps,7,85,3,3,5,high,rule_based,3,3,5,20260514_002915,259
1778699276.67554,2026-05-14 00:37:56,15.03,29.3,0,114.0,50,700,0,1,rule_based,1,0,0,hold_throttle,0.01,RTT=15.0ms still elevated (streak=0); maintaining throttle at 50Mbps,4,85,3,3,5,high,rule_based,3,3,5,20260514_002915,260
1778699278.6586637,2026-05-14 00:37:58,15.03,29.3,0,96.8,50,700,0,1,rule_based,1,0,0,hold_throttle,0.01,RTT=15.0ms still elevated (streak=0); maintaining throttle at 50Mbps,7,85,3,3,5,high,rule_based,3,3,5,20260514_002915,261
1778699280.6738093,2026-05-14 00:38:00,27.23,419.3,0,96.8,50,700,0,1,rule_based,1,0,0,hold_throttle,0.01,RTT=27.2ms still elevated (streak=0); maintaining throttle at 50Mbps,7,85,3,3,5,high,rule_based,3,3,5,20260514_002915,262
1778699282.683464,2026-05-14 00:38:02,27.23,419.3,0,116.0,50,700,0,1,rule_based,1,0,0,hold_throttle,0.01,RTT=27.2ms still elevated (streak=0); maintaining throttle at 50Mbps,4,85,3,3,5,high,rule_based,3,3,5,20260514_002915,263
1778699284.6888874,2026-05-14 00:38:04,27.23,419.3,0,116.0,50,700,0,1,rule_based,1,0,0,hold_throttle,0.01,RTT=27.2ms still elevated (streak=0); maintaining throttle at 50Mbps,8,85,3,3,5,high,rule_based,3,3,5,20260514_002915,264
1778699286.6832168,2026-05-14 00:38:06,27.23,419.3,0,116.0,50,700,0,1,rule_based,1,0,0,hold_throttle,0.01,RTT=27.2ms still elevated (streak=0); maintaining throttle at 50Mbps,4,85,3,3,5,high,rule_based,3,3,5,20260514_002915,265
1778699288.682955,2026-05-14 00:38:08,27.23,419.3,0,108.7,50,800,3000.4,1,rule_based,1,0,0,hold_throttle,0.01,RTT=27.2ms still elevated (streak=0); maintaining throttle at 50Mbps,4,85,3,3,5,high,rule_based,3,3,5,20260514_002915,266
1778699290.6913905,2026-05-14 00:38:10,32.43,419.3,0,108.7,50,800,0,1,rule_based,1,0,0,hold_throttle,0.01,RTT=32.4ms still elevated (streak=0); maintaining throttle at 50Mbps,10,85,3,3,5,high,rule_based,3,3,5,20260514_002915,267
1778699292.729494,2026-05-14 00:38:12,32.43,419.3,0,108.7,50,800,0,1,rule_based,1,0,0,hold_throttle,0.01,RTT=32.4ms still elevated (streak=0); maintaining throttle at 50Mbps,6,85,3,3,5,high,rule_based,3,3,5,20260514_002915,268
1778699294.6925213,2026-05-14 00:38:14,32.43,419.3,0,123.0,50,800,0,1,rule_based,1,0,0,hold_throttle,0.01,RTT=32.4ms still elevated (streak=0); maintaining throttle at 50Mbps,7,85,3,3,5,high,rule_based,3,3,5,20260514_002915,269
1778699296.7203627,2026-05-14 00:38:16,32.43,419.3,0,123.0,50,800,0,1,rule_based,1,0,0,hold_throttle,0.01,RTT=32.4ms still elevated (streak=0); maintaining throttle at 50Mbps,5,85,3,3,5,high,rule_based,3,3,5,20260514_002915,270
1778699298.7581975,2026-05-14 00:38:18,32.43,419.3,0,123.0,50,800,0,1,rule_based,1,0,0,hold_throttle,0.01,RTT=32.4ms still elevated (streak=0); maintaining throttle at 50Mbps,7,85,3,3,5,high,rule_based,3,3,5,20260514_002915,271
1778699300.9154718,2026-05-14 00:38:20,36.87,419.3,0,117.5,50,800,0,1,rule_based,1,0,0,hold_throttle,0.01,RTT=36.9ms still elevated (streak=0); maintaining throttle at 50Mbps,7,85,3,3,5,high,rule_based,3,3,5,20260514_002915,272
1778699302.7479312,2026-05-14 00:38:22,36.87,419.3,0,117.5,50,800,0,1,rule_based,1,0,0,hold_throttle,0.01,RTT=36.9ms still elevated (streak=0); maintaining throttle at 50Mbps,10,85,3,3,5,high,rule_based,3,3,5,20260514_002915,273
1778699304.758605,2026-05-14 00:38:24,36.87,419.3,0,117.5,50,800,0,1,rule_based,1,0,0,hold_throttle,0.01,RTT=36.9ms still elevated (streak=0); maintaining throttle at 50Mbps,7,85,3,3,5,high,rule_based,3,3,5,20260514_002915,274
1778699306.7794116,2026-05-14 00:38:26,36.87,419.3,0,156.2,50,800,0,1,rule_based,1,0,0,hold_throttle,0.01,RTT=36.9ms still elevated (streak=0); maintaining throttle at 50Mbps,5,85,3,3,5,high,rule_based,3,3,5,20260514_002915,275
1778699308.7755792,2026-05-14 00:38:28,36.7,419.3,0,156.2,50,800,0,1,rule_based,1,0,0,hold_throttle,0.01,RTT=36.7ms still elevated (streak=0); maintaining throttle at 50Mbps,7,85,3,3,5,high,rule_based,3,3,5,20260514_002915,276
1778699310.7633526,2026-05-14 00:38:30,45.0,419.3,0,156.2,50,800,0,1,rule_based,1,0,0,hold_throttle,0.01,RTT=45.0ms still elevated (streak=0); maintaining throttle at 50Mbps,8,85,3,3,5,high,rule_based,3,3,5,20260514_002915,277
1778699312.7716198,2026-05-14 00:38:32,45.0,419.3,0,137.3,50,800,0,1,rule_based,1,0,0,hold_throttle,0.01,RTT=45.0ms still elevated (streak=0); maintaining throttle at 50Mbps,4,85,3,3,5,high,rule_based,3,3,5,20260514_002915,278
1778699314.758284,2026-05-14 00:38:34,45.0,419.3,0,137.3,50,800,0,1,rule_based,1,0,0,hold_throttle,0.01,RTT=45.0ms still elevated (streak=0); maintaining throttle at 50Mbps,8,85,3,3,5,high,rule_based,3,3,5,20260514_002915,279
1778699316.754639,2026-05-14 00:38:36,45.0,419.3,0,137.3,50,800,0,1,rule_based,1,0,0,hold_throttle,0.01,RTT=45.0ms still elevated (streak=0); maintaining throttle at 50Mbps,5,85,3,3,5,high,rule_based,3,3,5,20260514_002915,280
1778699318.803978,2026-05-14 00:38:38,45.0,419.3,0,157.0,50,800,0,1,rule_based,1,0,0,hold_throttle,0.01,RTT=45.0ms still elevated (streak=0); maintaining throttle at 50Mbps,5,85,3,3,5,high,rule_based,3,3,5,20260514_002915,281
1778699320.7907817,2026-05-14 00:38:40,58.07,419.3,0,157.0,50,800,0,1,rule_based,1,0,0,hold_throttle,0.01,RTT=58.1ms still elevated (streak=0); maintaining throttle at 50Mbps,11,85,3,3,5,high,rule_based,3,3,5,20260514_002915,282
1778699322.763426,2026-05-14 00:38:42,58.07,419.3,0,157.0,50,800,0,1,rule_based,1,0,0,hold_throttle,0.01,RTT=58.1ms still elevated (streak=0); maintaining throttle at 50Mbps,7,85,3,3,5,high,rule_based,3,3,5,20260514_002915,283
1778699324.7454925,2026-05-14 00:38:44,58.07,419.3,0,104.9,50,800,0,1,rule_based,1,0,0,hold_throttle,0.01,RTT=58.1ms still elevated (streak=0); maintaining throttle at 50Mbps,8,85,3,3,5,high,rule_based,3,3,5,20260514_002915,284
1778699326.7248611,2026-05-14 00:38:46,58.07,419.3,0,104.9,50,800,0,1,rule_based,1,0,0,hold_throttle,0.02,RTT=58.1ms still elevated (streak=0); maintaining throttle at 50Mbps,5,85,3,3,5,high,rule_based,3,3,5,20260514_002915,285
1778699328.74901,2026-05-14 00:38:48,58.07,419.3,0,104.9,50,800,0,1,rule_based,1,0,0,hold_throttle,0.01,RTT=58.1ms still elevated (streak=0); maintaining throttle at 50Mbps,6,85,3,3,5,high,rule_based,3,3,5,20260514_002915,286
1778699330.7334821,2026-05-14 00:38:50,68.83,489.1,0,114.0,50,800,0,1,rule_based,1,0,0,hold_throttle,0.01,RTT=68.8ms still elevated (streak=0); maintaining throttle at 50Mbps,8,85,3,3,5,high,rule_based,3,3,5,20260514_002915,287
1778699332.7653136,2026-05-14 00:38:52,68.83,489.1,0,114.0,50,800,0,1,rule_based,1,0,0,hold_throttle,0.01,RTT=68.8ms still elevated (streak=0); maintaining throttle at 50Mbps,5,85,3,3,5,high,rule_based,3,3,5,20260514_002915,288
1778699334.7194965,2026-05-14 00:38:54,68.83,489.1,0,114.0,50,800,0,1,rule_based,1,0,0,hold_throttle,0.01,RTT=68.8ms still elevated (streak=0); maintaining throttle at 50Mbps,8,85,3,3,5,high,rule_based,3,3,5,20260514_002915,289
1778699336.7209516,2026-05-14 00:38:56,68.83,489.1,0,139.5,50,800,0,1,rule_based,1,0,0,hold_throttle,0.01,RTT=68.8ms still elevated (streak=0); maintaining throttle at 50Mbps,5,85,3,3,5,high,rule_based,3,3,5,20260514_002915,290
1778699338.7304962,2026-05-14 00:38:58,68.83,489.1,0,139.5,50,800,0,1,rule_based,1,0,0,hold_throttle,0.01,RTT=68.8ms still elevated (streak=0); maintaining throttle at 50Mbps,6,85,3,3,5,high,rule_based,3,3,5,20260514_002915,291
1778699340.7171335,2026-05-14 00:39:00,60.3,489.1,0,139.5,50,800,0,1,rule_based,1,0,0,hold_throttle,0.01,RTT=60.3ms still elevated (streak=0); maintaining throttle at 50Mbps,9,85,3,3,5,high,rule_based,3,3,5,20260514_002915,292
1778699342.7308373,2026-05-14 00:39:02,60.3,489.1,0,96.9,50,800,0,1,rule_based,1,0,0,hold_throttle,0.01,RTT=60.3ms still elevated (streak=0); maintaining throttle at 50Mbps,4,85,3,3,5,high,rule_based,3,3,5,20260514_002915,293
1778699344.7262428,2026-05-14 00:39:04,60.3,489.1,0,96.9,50,800,0,1,rule_based,1,0,0,hold_throttle,0.02,RTT=60.3ms still elevated (streak=0); maintaining throttle at 50Mbps,6,85,3,3,5,high,rule_based,3,3,5,20260514_002915,294
1778699346.7259233,2026-05-14 00:39:06,60.3,489.1,0,96.9,50,800,0,1,rule_based,1,0,0,hold_throttle,0.01,RTT=60.3ms still elevated (streak=0); maintaining throttle at 50Mbps,6,85,3,3,5,high,rule_based,3,3,5,20260514_002915,295
1778699348.7257693,2026-05-14 00:39:08,60.3,489.1,0,90.3,50,800,0,1,rule_based,1,0,0,hold_throttle,0.01,RTT=60.3ms still elevated (streak=0); maintaining throttle at 50Mbps,5,85,3,3,5,high,rule_based,3,3,5,20260514_002915,296
1778699350.7310998,2026-05-14 00:39:10,55.17,489.1,0,90.3,50,800,0,1,rule_based,1,0,0,hold_throttle,0.01,RTT=55.2ms still elevated (streak=0); maintaining throttle at 50Mbps,9,85,3,3,5,high,rule_based,3,3,5,20260514_002915,297
1778699352.7192764,2026-05-14 00:39:12,55.17,489.1,0,90.3,50,800,0,1,rule_based,1,0,0,hold_throttle,0.01,RTT=55.2ms still elevated (streak=0); maintaining throttle at 50Mbps,7,85,3,3,5,high,rule_based,3,3,5,20260514_002915,298
1778699354.7421138,2026-05-14 00:39:14,55.17,489.1,0,102.5,50,800,0,1,rule_based,1,0,0,hold_throttle,0.01,RTT=55.2ms still elevated (streak=0); maintaining throttle at 50Mbps,6,85,3,3,5,high,rule_based,3,3,5,20260514_002915,299
1778699356.7237914,2026-05-14 00:39:16,55.17,489.1,0,102.5,50,800,0,1,rule_based,1,0,0,hold_throttle,0.01,RTT=55.2ms still elevated (streak=0); maintaining throttle at 50Mbps,4,85,3,3,5,high,rule_based,3,3,5,20260514_002915,300
1778699358.7529774,2026-05-14 00:39:18,55.17,489.1,0,102.5,50,800,0,1,rule_based,1,0,0,hold_throttle,0.01,RTT=55.2ms still elevated (streak=0); maintaining throttle at 50Mbps,8,85,3,3,5,high,rule_based,3,3,5,20260514_002915,301
1778699360.7666643,2026-05-14 00:39:20,55.03,489.1,0,129.0,50,800,0,1,rule_based,1,0,0,hold_throttle,0.01,RTT=55.0ms still elevated (streak=0); maintaining throttle at 50Mbps,9,85,3,3,5,high,rule_based,3,3,5,20260514_002915,302
1778699362.7512488,2026-05-14 00:39:22,55.03,489.1,0,129.0,50,800,0,1,rule_based,1,0,0,hold_throttle,0.01,RTT=55.0ms still elevated (streak=0); maintaining throttle at 50Mbps,4,85,3,3,5,high,rule_based,3,3,5,20260514_002915,303
1778699364.7381454,2026-05-14 00:39:24,55.03,489.1,0,129.0,50,800,0,1,rule_based,1,0,0,hold_throttle,0.01,RTT=55.0ms still elevated (streak=0); maintaining throttle at 50Mbps,9,85,3,3,5,high,rule_based,3,3,5,20260514_002915,304
1778699366.7518268,2026-05-14 00:39:26,55.03,489.1,0,117.1,50,900,2979.6,1,rule_based,1,0,0,hold_throttle,0.01,RTT=55.0ms still elevated (streak=0); maintaining throttle at 50Mbps,5,85,3,3,5,high,rule_based,3,3,5,20260514_002915,305
1778699368.7436516,2026-05-14 00:39:28,55.03,489.1,0,117.1,50,900,0,1,rule_based,1,0,0,hold_throttle,0.01,RTT=55.0ms still elevated (streak=0); maintaining throttle at 50Mbps,6,85,3,3,5,high,rule_based,3,3,5,20260514_002915,306
1778699370.7545424,2026-05-14 00:39:30,49.07,489.1,0,133.4,50,900,0,1,rule_based,1,0,0,hold_throttle,0.01,RTT=49.1ms still elevated (streak=0); maintaining throttle at 50Mbps,10,85,3,3,5,high,rule_based,3,3,5,20260514_002915,307
1778699372.7455304,2026-05-14 00:39:32,49.07,489.1,0,133.4,50,900,0,1,rule_based,1,0,0,hold_throttle,0.01,RTT=49.1ms still elevated (streak=0); maintaining throttle at 50Mbps,5,85,3,3,5,high,rule_based,3,3,5,20260514_002915,308
1778699374.750141,2026-05-14 00:39:34,49.07,489.1,0,133.4,50,900,0,1,rule_based,1,0,0,hold_throttle,0.01,RTT=49.1ms still elevated (streak=0); maintaining throttle at 50Mbps,6,85,3,3,5,high,rule_based,3,3,5,20260514_002915,309
1778699376.7376251,2026-05-14 00:39:36,49.07,489.1,0,87.2,50,900,0,1,rule_based,1,0,0,hold_throttle,0.01,RTT=49.1ms still elevated (streak=0); maintaining throttle at 50Mbps,18,85,3,3,5,high,rule_based,3,3,5,20260514_002915,310
1778699378.7681327,2026-05-14 00:39:38,49.07,489.1,0,87.2,50,900,0,1,rule_based,1,0,0,hold_throttle,0.01,RTT=49.1ms still elevated (streak=0); maintaining throttle at 50Mbps,11,85,3,3,5,high,rule_based,3,3,5,20260514_002915,311
1778699380.765443,2026-05-14 00:39:40,37.03,489.1,0,87.2,50,900,0,1,rule_based,1,0,0,hold_throttle,0.01,RTT=37.0ms still elevated (streak=0); maintaining throttle at 50Mbps,10,85,3,3,5,high,rule_based,3,3,5,20260514_002915,312
1778699382.763246,2026-05-14 00:39:42,37.03,489.1,0,89.8,50,900,0,1,rule_based,1,0,0,hold_throttle,0.01,RTT=37.0ms still elevated (streak=0); maintaining throttle at 50Mbps,13,85,3,3,5,high,rule_based,3,3,5,20260514_002915,313
1778699384.7514148,2026-05-14 00:39:44,37.03,489.1,0,89.8,50,900,0,1,rule_based,1,0,0,hold_throttle,0.01,RTT=37.0ms still elevated (streak=0); maintaining throttle at 50Mbps,6,85,3,3,5,high,rule_based,3,3,5,20260514_002915,314
1778699386.7563438,2026-05-14 00:39:46,37.03,489.1,0,89.8,50,900,0,1,rule_based,1,0,0,hold_throttle,0.01,RTT=37.0ms still elevated (streak=0); maintaining throttle at 50Mbps,4,85,3,3,5,high,rule_based,3,3,5,20260514_002915,315
1778699388.7662778,2026-05-14 00:39:48,37.03,489.1,0,126.7,50,900,0,1,rule_based,1,0,0,hold_throttle,0.01,RTT=37.0ms still elevated (streak=0); maintaining throttle at 50Mbps,10,85,3,3,5,high,rule_based,3,3,5,20260514_002915,316
1778699390.7545073,2026-05-14 00:39:50,26.83,186.8,0,126.7,50,900,0,1,rule_based,1,0,0,hold_throttle,0.01,RTT=26.8ms still elevated (streak=0); maintaining throttle at 50Mbps,6,85,3,3,5,high,rule_based,3,3,5,20260514_002915,317
1778699392.7627082,2026-05-14 00:39:52,26.83,186.8,0,126.7,50,900,0,1,rule_based,1,0,0,hold_throttle,0.01,RTT=26.8ms still elevated (streak=0); maintaining throttle at 50Mbps,7,85,3,3,5,high,rule_based,3,3,5,20260514_002915,318
1778699394.7771382,2026-05-14 00:39:54,26.83,186.8,0,144.7,50,900,0,1,rule_based,1,0,0,hold_throttle,0.01,RTT=26.8ms still elevated (streak=0); maintaining throttle at 50Mbps,11,85,3,3,5,high,rule_based,3,3,5,20260514_002915,319
1778699396.8282108,2026-05-14 00:39:56,26.83,186.8,0,144.7,50,900,0,1,rule_based,1,0,0,hold_throttle,0.01,RTT=26.8ms still elevated (streak=0); maintaining throttle at 50Mbps,5,85,3,3,5,high,rule_based,3,3,5,20260514_002915,320
1778699398.8064315,2026-05-14 00:39:58,26.83,186.8,0,144.7,50,900,0,1,rule_based,1,0,0,hold_throttle,0.01,RTT=26.8ms still elevated (streak=0); maintaining throttle at 50Mbps,7,85,3,3,5,high,rule_based,3,3,5,20260514_002915,321
1778699400.7920122,2026-05-14 00:40:00,23.27,169.0,0,134.4,50,900,0,1,rule_based,1,0,0,hold_throttle,0.01,RTT=23.3ms still elevated (streak=0); maintaining throttle at 50Mbps,19,85,3,3,5,high,rule_based,3,3,5,20260514_002915,322
1778699402.765246,2026-05-14 00:40:02,23.27,169.0,0,134.4,50,900,0,1,rule_based,1,0,0,hold_throttle,0.01,RTT=23.3ms still elevated (streak=0); maintaining throttle at 50Mbps,11,85,3,3,5,high,rule_based,3,3,5,20260514_002915,323
1778699404.7650163,2026-05-14 00:40:04,23.27,169.0,0,134.4,50,900,0,1,rule_based,1,0,0,hold_throttle,0.07,RTT=23.3ms still elevated (streak=0); maintaining throttle at 50Mbps,11,85,3,3,5,high,rule_based,3,3,5,20260514_002915,324
1778699406.774465,2026-05-14 00:40:06,23.27,169.0,0,120.9,50,900,0,1,rule_based,1,0,0,hold_throttle,0.01,RTT=23.3ms still elevated (streak=0); maintaining throttle at 50Mbps,6,85,3,3,5,high,rule_based,3,3,5,20260514_002915,325
1778699408.7651196,2026-05-14 00:40:08,23.27,169.0,0,120.9,50,900,0,1,rule_based,1,0,0,hold_throttle,0.01,RTT=23.3ms still elevated (streak=0); maintaining throttle at 50Mbps,6,85,3,3,5,high,rule_based,3,3,5,20260514_002915,326
1778699410.772917,2026-05-14 00:40:10,23.33,169.0,0,120.9,50,900,0,1,rule_based,1,0,0,hold_throttle,0.01,RTT=23.3ms still elevated (streak=0); maintaining throttle at 50Mbps,5,85,3,3,5,high,rule_based,3,3,5,20260514_002915,327
1778699412.7959526,2026-05-14 00:40:12,23.33,169.0,0,91.2,50,900,0,1,rule_based,1,0,0,hold_throttle,0.01,RTT=23.3ms still elevated (streak=0); maintaining throttle at 50Mbps,10,85,3,3,5,high,rule_based,3,3,5,20260514_002915,328
1778699414.8129504,2026-05-14 00:40:14,23.33,169.0,0,91.2,50,900,0,1,rule_based,1,0,0,hold_throttle,0.01,RTT=23.3ms still elevated (streak=0); maintaining throttle at 50Mbps,7,85,3,3,5,high,rule_based,3,3,5,20260514_002915,329
1778699416.8201354,2026-05-14 00:40:16,23.33,169.0,0,91.2,50,900,0,1,rule_based,1,0,0,hold_throttle,0.01,RTT=23.3ms still elevated (streak=0); maintaining throttle at 50Mbps,5,85,3,3,5,high,rule_based,3,3,5,20260514_002915,330
1778699418.7959511,2026-05-14 00:40:18,23.33,169.0,0,130.0,50,900,0,1,rule_based,1,0,0,hold_throttle,0.01,RTT=23.3ms still elevated (streak=0); maintaining throttle at 50Mbps,9,85,3,3,5,high,rule_based,3,3,5,20260514_002915,331
1778699420.7772992,2026-05-14 00:40:20,19.13,89.4,0,130.0,50,900,0,1,rule_based,1,0,0,hold_throttle,0.01,RTT=19.1ms still elevated (streak=0); maintaining throttle at 50Mbps,6,85,3,3,5,high,rule_based,3,3,5,20260514_002915,332
1778699422.7956276,2026-05-14 00:40:22,19.13,89.4,0,130.0,50,900,0,1,rule_based,1,0,0,hold_throttle,0.01,RTT=19.1ms still elevated (streak=0); maintaining throttle at 50Mbps,6,85,3,3,5,high,rule_based,3,3,5,20260514_002915,333
1778699424.799499,2026-05-14 00:40:24,19.13,89.4,0,110.0,50,900,0,1,rule_based,1,0,0,hold_throttle,0.01,RTT=19.1ms still elevated (streak=0); maintaining throttle at 50Mbps,9,85,3,3,5,high,rule_based,3,3,5,20260514_002915,334
1778699426.7804258,2026-05-14 00:40:26,19.13,89.4,0,110.0,50,900,0,1,rule_based,1,0,0,hold_throttle,0.01,RTT=19.1ms still elevated (streak=0); maintaining throttle at 50Mbps,5,85,3,3,5,high,rule_based,3,3,5,20260514_002915,335
1778699428.8128839,2026-05-14 00:40:28,19.13,89.4,0,110.0,50,900,0,1,rule_based,1,0,0,hold_throttle,0.01,RTT=19.1ms still elevated (streak=0); maintaining throttle at 50Mbps,6,85,3,3,5,high,rule_based,3,3,5,20260514_002915,336
1778699430.7938464,2026-05-14 00:40:30,17.03,53.1,0,121.4,50,900,0,1,rule_based,1,0,0,hold_throttle,0.01,RTT=17.0ms still elevated (streak=0); maintaining throttle at 50Mbps,6,85,3,3,5,high,rule_based,3,3,5,20260514_002915,337
1778699432.8247614,2026-05-14 00:40:32,17.03,53.1,0,121.4,50,900,0,1,rule_based,1,0,0,hold_throttle,0.01,RTT=17.0ms still elevated (streak=0); maintaining throttle at 50Mbps,8,85,3,3,5,high,rule_based,3,3,5,20260514_002915,338
1778699434.839733,2026-05-14 00:40:34,17.03,53.1,0,121.4,50,900,0,1,rule_based,1,0,0,hold_throttle,0.02,RTT=17.0ms still elevated (streak=0); maintaining throttle at 50Mbps,8,85,3,3,5,high,rule_based,3,3,5,20260514_002915,339
1778699436.8066087,2026-05-14 00:40:36,17.03,53.1,0,114.8,50,1000,3050.5,1,rule_based,1,0,0,hold_throttle,0.01,RTT=17.0ms still elevated (streak=0); maintaining throttle at 50Mbps,7,85,3,3,5,high,rule_based,3,3,5,20260514_002915,340
1778699438.8370967,2026-05-14 00:40:38,17.03,53.1,0,114.8,50,1000,0,1,rule_based,1,0,0,hold_throttle,0.01,RTT=17.0ms still elevated (streak=0); maintaining throttle at 50Mbps,8,85,3,3,5,high,rule_based,3,3,5,20260514_002915,341
1778699440.8390326,2026-05-14 00:40:40,22.13,1057.1,0,114.8,50,1000,0,1,rule_based,1,0,0,hold_throttle,0.01,RTT=22.1ms still elevated (streak=0); maintaining throttle at 50Mbps,5,85,3,3,5,high,rule_based,3,3,5,20260514_002915,342
1778699442.8269877,2026-05-14 00:40:42,22.13,1057.1,0,147.4,50,1000,0,1,rule_based,1,0,0,hold_throttle,0.04,RTT=22.1ms still elevated (streak=0); maintaining throttle at 50Mbps,10,85,3,3,5,high,rule_based,3,3,5,20260514_002915,343
1778699444.8263214,2026-05-14 00:40:44,22.13,1057.1,0,147.4,50,1000,0,1,rule_based,1,0,0,hold_throttle,0.01,RTT=22.1ms still elevated (streak=0); maintaining throttle at 50Mbps,10,85,3,3,5,high,rule_based,3,3,5,20260514_002915,344
1778699446.8480527,2026-05-14 00:40:46,22.13,1057.1,0,147.4,50,1000,0,1,rule_based,1,0,0,hold_throttle,0.02,RTT=22.1ms still elevated (streak=0); maintaining throttle at 50Mbps,5,85,3,3,5,high,rule_based,3,3,5,20260514_002915,345
1778699448.8428903,2026-05-14 00:40:48,22.13,1057.1,0,132.3,50,1000,0,1,rule_based,1,0,0,hold_throttle,0.01,RTT=22.1ms still elevated (streak=0); maintaining throttle at 50Mbps,8,85,3,3,5,high,rule_based,3,3,5,20260514_002915,346
1778699450.8471358,2026-05-14 00:40:50,21.97,1057.1,0,132.3,50,1000,0,1,rule_based,1,0,0,hold_throttle,0.01,RTT=22.0ms still elevated (streak=0); maintaining throttle at 50Mbps,7,85,3,3,5,high,rule_based,3,3,5,20260514_002915,347
1778699452.838103,2026-05-14 00:40:52,21.97,1057.1,0,132.3,50,1000,0,1,rule_based,1,0,0,hold_throttle,0.01,RTT=22.0ms still elevated (streak=0); maintaining throttle at 50Mbps,7,85,3,3,5,high,rule_based,3,3,5,20260514_002915,348
1778699454.8412666,2026-05-14 00:40:54,21.97,1057.1,0,101.5,50,1000,0,1,rule_based,1,0,0,hold_throttle,0.02,RTT=22.0ms still elevated (streak=0); maintaining throttle at 50Mbps,7,85,3,3,5,high,rule_based,3,3,5,20260514_002915,349
1778699456.8441622,2026-05-14 00:40:56,21.97,1057.1,0,101.5,50,1000,0,1,rule_based,1,0,0,hold_throttle,0.01,RTT=22.0ms still elevated (streak=0); maintaining throttle at 50Mbps,7,85,3,3,5,high,rule_based,3,3,5,20260514_002915,350
1778699458.860897,2026-05-14 00:40:58,21.97,1057.1,0,101.5,50,1000,0,1,rule_based,1,0,0,hold_throttle,0.01,RTT=22.0ms still elevated (streak=0); maintaining throttle at 50Mbps,8,85,3,3,5,high,rule_based,3,3,5,20260514_002915,351
1778699460.862584,2026-05-14 00:41:00,21.93,1057.1,0,103.3,50,1000,0,1,rule_based,1,0,0,hold_throttle,0.01,RTT=21.9ms still elevated (streak=0); maintaining throttle at 50Mbps,6,85,3,3,5,high,rule_based,3,3,5,20260514_002915,352
1778699462.8471236,2026-05-14 00:41:02,21.93,1057.1,0,103.3,50,1000,0,1,rule_based,1,0,0,hold_throttle,0.01,RTT=21.9ms still elevated (streak=0); maintaining throttle at 50Mbps,9,85,3,3,5,high,rule_based,3,3,5,20260514_002915,353
1778699464.875646,2026-05-14 00:41:04,21.93,1057.1,0,103.3,50,1000,0,1,rule_based,1,0,0,hold_throttle,0.03,RTT=21.9ms still elevated (streak=0); maintaining throttle at 50Mbps,8,85,3,3,5,high,rule_based,3,3,5,20260514_002915,354
1778699466.8626995,2026-05-14 00:41:06,21.93,1057.1,0,114.3,50,1000,0,1,rule_based,1,0,0,hold_throttle,0.01,RTT=21.9ms still elevated (streak=0); maintaining throttle at 50Mbps,5,85,3,3,5,high,rule_based,3,3,5,20260514_002915,355
1778699468.8667805,2026-05-14 00:41:08,21.93,1057.1,0,114.3,50,1000,0,1,rule_based,1,0,0,hold_throttle,0.01,RTT=21.9ms still elevated (streak=0); maintaining throttle at 50Mbps,9,85,3,3,5,high,rule_based,3,3,5,20260514_002915,356
1778699470.85178,2026-05-14 00:41:10,22.03,1057.1,0,114.3,50,1000,0,1,rule_based,1,0,0,hold_throttle,0.01,RTT=22.0ms still elevated (streak=0); maintaining throttle at 50Mbps,6,85,3,3,5,high,rule_based,3,3,5,20260514_002915,357
1778699472.8521576,2026-05-14 00:41:12,22.03,1057.1,0,154.3,50,1000,0,1,rule_based,1,0,0,hold_throttle,0.01,RTT=22.0ms still elevated (streak=0); maintaining throttle at 50Mbps,9,85,3,3,5,high,rule_based,3,3,5,20260514_002915,358
1778699474.849237,2026-05-14 00:41:14,22.03,1057.1,0,154.3,50,1000,0,1,rule_based,1,0,0,hold_throttle,0.01,RTT=22.0ms still elevated (streak=0); maintaining throttle at 50Mbps,9,85,3,3,5,high,rule_based,3,3,5,20260514_002915,359
1778699476.832939,2026-05-14 00:41:16,22.03,1057.1,0,154.3,50,1000,0,1,rule_based,1,0,0,hold_throttle,0.01,RTT=22.0ms still elevated (streak=0); maintaining throttle at 50Mbps,4,85,3,3,5,high,rule_based,3,3,5,20260514_002915,360
1778699478.862388,2026-05-14 00:41:18,22.03,1057.1,0,138.1,50,1000,0,1,rule_based,1,0,0,hold_throttle,0.01,RTT=22.0ms still elevated (streak=0); maintaining throttle at 50Mbps,7,85,3,3,5,high,rule_based,3,3,5,20260514_002915,361
1778699480.8526254,2026-05-14 00:41:20,27.8,1057.1,0,138.1,50,1000,0,1,rule_based,1,0,0,hold_throttle,0.01,RTT=27.8ms still elevated (streak=0); maintaining throttle at 50Mbps,7,85,3,3,5,high,rule_based,3,3,5,20260514_002915,362
1778699482.8378382,2026-05-14 00:41:22,27.8,1057.1,0,138.1,50,1000,0,1,rule_based,1,0,0,hold_throttle,0.01,RTT=27.8ms still elevated (streak=0); maintaining throttle at 50Mbps,6,85,3,3,5,high,rule_based,3,3,5,20260514_002915,363
1778699484.871273,2026-05-14 00:41:24,27.8,1057.1,0,114.4,50,1000,0,1,rule_based,1,0,0,hold_throttle,0.01,RTT=27.8ms still elevated (streak=0); maintaining throttle at 50Mbps,8,85,3,3,5,high,rule_based,3,3,5,20260514_002915,364
1778699486.8658319,2026-05-14 00:41:26,27.8,1057.1,0,114.4,50,1000,0,1,rule_based,1,0,0,hold_throttle,0.01,RTT=27.8ms still elevated (streak=0); maintaining throttle at 50Mbps,7,85,3,3,5,high,rule_based,3,3,5,20260514_002915,365
1778699488.851006,2026-05-14 00:41:28,27.8,1057.1,0,114.4,50,1000,0,1,rule_based,1,0,0,hold_throttle,0.01,RTT=27.8ms still elevated (streak=0); maintaining throttle at 50Mbps,7,85,3,3,5,high,rule_based,3,3,5,20260514_002915,366
1778699490.85604,2026-05-14 00:41:30,27.97,1057.1,0,106.5,50,3000,59849.4,1,rule_based,1,0,0,hold_throttle,0.01,RTT=28.0ms still elevated (streak=0); maintaining throttle at 50Mbps,6,85,3,3,5,high,rule_based,3,3,5,20260514_002915,367
1778699492.8624887,2026-05-14 00:41:32,27.97,1057.1,0,106.5,50,3000,0,1,rule_based,1,0,0,hold_throttle,0.01,RTT=28.0ms still elevated (streak=0); maintaining throttle at 50Mbps,6,85,3,3,5,high,rule_based,3,3,5,20260514_002915,368
1778699494.8487632,2026-05-14 00:41:34,27.97,1057.1,0,106.5,50,3000,0,1,rule_based,1,0,0,hold_throttle,0.01,RTT=28.0ms still elevated (streak=0); maintaining throttle at 50Mbps,12,85,3,3,5,high,rule_based,3,3,5,20260514_002915,369
1778699496.8844776,2026-05-14 00:41:36,27.97,1057.1,0,126.0,50,1000,0,1,rule_based,1,0,0,hold_throttle,0.02,RTT=28.0ms still elevated (streak=0); maintaining throttle at 50Mbps,5,85,3,3,5,high,rule_based,3,3,5,20260514_002915,370
1778699498.858985,2026-05-14 00:41:38,27.97,1057.1,0,126.0,50,1000,0,1,rule_based,1,0,0,hold_throttle,0.01,RTT=28.0ms still elevated (streak=0); maintaining throttle at 50Mbps,8,85,3,3,5,high,rule_based,3,3,5,20260514_002915,371
1778699500.913861,2026-05-14 00:41:40,22.17,1053.7,0,126.0,50,1000,0,1,rule_based,1,0,0,hold_throttle,0.01,RTT=22.2ms still elevated (streak=0); maintaining throttle at 50Mbps,8,85,3,3,5,high,rule_based,3,3,5,20260514_002915,372
1778699502.8983376,2026-05-14 00:41:42,22.17,1053.7,0,134.9,50,1000,0,1,rule_based,1,0,0,hold_throttle,0.01,RTT=22.2ms still elevated (streak=0); maintaining throttle at 50Mbps,6,85,3,3,5,high,rule_based,3,3,5,20260514_002915,373
1778699504.8797724,2026-05-14 00:41:44,22.17,1053.7,0,134.9,50,1000,0,1,rule_based,1,0,0,hold_throttle,0.01,RTT=22.2ms still elevated (streak=0); maintaining throttle at 50Mbps,11,85,3,3,5,high,rule_based,3,3,5,20260514_002915,374
1778699506.9018416,2026-05-14 00:41:46,22.17,1053.7,0,134.9,50,1000,0,1,rule_based,1,0,0,hold_throttle,0.01,RTT=22.2ms still elevated (streak=0); maintaining throttle at 50Mbps,6,85,3,3,5,high,rule_based,3,3,5,20260514_002915,375
1778699508.9029007,2026-05-14 00:41:48,22.17,1053.7,0,140.9,50,1100,2998.4,1,rule_based,1,0,0,hold_throttle,0.02,RTT=22.2ms still elevated (streak=0); maintaining throttle at 50Mbps,8,85,3,3,5,high,rule_based,3,3,5,20260514_002915,376
1778699510.8792284,2026-05-14 00:41:50,28.0,1077.3,0,140.9,50,1100,0,1,rule_based,1,0,0,hold_throttle,0.02,RTT=28.0ms still elevated (streak=0); maintaining throttle at 50Mbps,6,85,3,3,5,high,rule_based,3,3,5,20260514_002915,377
1778699512.896371,2026-05-14 00:41:52,28.0,1077.3,0,140.9,50,1100,0,1,rule_based,1,0,0,hold_throttle,0.01,RTT=28.0ms still elevated (streak=0); maintaining throttle at 50Mbps,6,85,3,3,5,high,rule_based,3,3,5,20260514_002915,378
1778699514.8919506,2026-05-14 00:41:54,28.0,1077.3,0,111.3,50,1100,0,1,rule_based,1,0,0,hold_throttle,0.01,RTT=28.0ms still elevated (streak=0); maintaining throttle at 50Mbps,10,85,3,3,5,high,rule_based,3,3,5,20260514_002915,379
1778699516.8965728,2026-05-14 00:41:56,28.0,1077.3,0,111.3,50,1100,0,1,rule_based,1,0,0,hold_throttle,0.01,RTT=28.0ms still elevated (streak=0); maintaining throttle at 50Mbps,6,85,3,3,5,high,rule_based,3,3,5,20260514_002915,380
1778699518.8998592,2026-05-14 00:41:58,28.0,1077.3,0,111.3,50,1100,0,1,rule_based,1,0,0,hold_throttle,0.01,RTT=28.0ms still elevated (streak=0); maintaining throttle at 50Mbps,10,85,3,3,5,high,rule_based,3,3,5,20260514_002915,381
1778699520.9334195,2026-05-14 00:42:00,28.0,1077.3,0,113.0,50,1100,0,1,rule_based,1,0,0,hold_throttle,0.02,RTT=28.0ms still elevated (streak=0); maintaining throttle at 50Mbps,6,85,3,3,5,high,rule_based,3,3,5,20260514_002915,382
1778699522.8949115,2026-05-14 00:42:02,28.0,1077.3,0,113.0,50,1100,0,1,rule_based,1,0,0,hold_throttle,0.04,RTT=28.0ms still elevated (streak=0); maintaining throttle at 50Mbps,5,85,3,3,5,high,rule_based,3,3,5,20260514_002915,383
1778699524.8945706,2026-05-14 00:42:04,28.0,1077.3,0,92.0,50,1100,0,1,rule_based,1,0,0,hold_throttle,0.01,RTT=28.0ms still elevated (streak=0); maintaining throttle at 50Mbps,13,85,3,3,5,high,rule_based,3,3,5,20260514_002915,384
1778699526.9197576,2026-05-14 00:42:06,28.0,1077.3,0,92.0,50,1100,0,1,rule_based,1,0,0,hold_throttle,0.01,RTT=28.0ms still elevated (streak=0); maintaining throttle at 50Mbps,4,85,3,3,5,high,rule_based,3,3,5,20260514_002915,385
1778699528.8891623,2026-05-14 00:42:08,28.0,1077.3,0,92.0,50,1100,0,1,rule_based,1,0,0,hold_throttle,0.01,RTT=28.0ms still elevated (streak=0); maintaining throttle at 50Mbps,6,85,3,3,5,high,rule_based,3,3,5,20260514_002915,386
1778699530.8878129,2026-05-14 00:42:10,34.4,1077.3,0,83.7,50,3200,63042.5,1,rule_based,1,0,0,hold_throttle,0.01,RTT=34.4ms still elevated (streak=0); maintaining throttle at 50Mbps,8,85,3,3,5,high,rule_based,3,3,5,20260514_002915,387
1778699532.893046,2026-05-14 00:42:12,34.4,1077.3,0,83.7,50,3200,0,1,rule_based,1,0,0,hold_throttle,0.01,RTT=34.4ms still elevated (streak=0); maintaining throttle at 50Mbps,5,85,3,3,5,high,rule_based,3,3,5,20260514_002915,388
1778699534.8988998,2026-05-14 00:42:14,34.4,1077.3,0,83.7,50,3200,0,1,rule_based,1,0,0,hold_throttle,0.01,RTT=34.4ms still elevated (streak=0); maintaining throttle at 50Mbps,11,85,3,3,5,high,rule_based,3,3,5,20260514_002915,389
1778699536.8966606,2026-05-14 00:42:16,34.4,1077.3,0,157.8,50,1100,0,1,rule_based,1,0,0,hold_throttle,0.01,RTT=34.4ms still elevated (streak=0); maintaining throttle at 50Mbps,7,85,3,3,5,high,rule_based,3,3,5,20260514_002915,390
1778699538.9006715,2026-05-14 00:42:18,34.4,1077.3,0,157.8,50,1100,0,1,rule_based,1,0,0,hold_throttle,0.04,RTT=34.4ms still elevated (streak=0); maintaining throttle at 50Mbps,7,85,3,3,5,high,rule_based,3,3,5,20260514_002915,391
1778699540.8949547,2026-05-14 00:42:20,28.73,1077.3,0,157.8,50,1100,0,1,rule_based,1,0,0,hold_throttle,0.01,RTT=28.7ms still elevated (streak=0); maintaining throttle at 50Mbps,10,85,3,3,5,high,rule_based,3,3,5,20260514_002915,392
1778699542.8902435,2026-05-14 00:42:22,28.73,1077.3,0,148.3,50,1100,0,1,rule_based,1,0,0,hold_throttle,0.02,RTT=28.7ms still elevated (streak=0); maintaining throttle at 50Mbps,8,85,3,3,5,high,rule_based,3,3,5,20260514_002915,393
1778699544.8935049,2026-05-14 00:42:24,28.73,1077.3,0,148.3,50,1100,0,1,rule_based,1,0,0,hold_throttle,0.01,RTT=28.7ms still elevated (streak=0); maintaining throttle at 50Mbps,11,85,3,3,5,high,rule_based,3,3,5,20260514_002915,394
1778699546.9317956,2026-05-14 00:42:26,28.73,1077.3,0,148.3,50,1100,0,1,rule_based,1,0,0,hold_throttle,0.01,RTT=28.7ms still elevated (streak=0); maintaining throttle at 50Mbps,5,85,3,3,5,high,rule_based,3,3,5,20260514_002915,395
1778699548.9428446,2026-05-14 00:42:28,28.73,1077.3,0,125.7,50,1100,0,1,rule_based,1,0,0,hold_throttle,0.01,RTT=28.7ms still elevated (streak=0); maintaining throttle at 50Mbps,11,85,3,3,5,high,rule_based,3,3,5,20260514_002915,396
1778699550.9351618,2026-05-14 00:42:30,28.63,1077.3,0,125.7,50,1100,0,1,rule_based,1,0,0,hold_throttle,0.01,RTT=28.6ms still elevated (streak=0); maintaining throttle at 50Mbps,6,85,3,3,5,high,rule_based,3,3,5,20260514_002915,397
1778699553.1277986,2026-05-14 00:42:33,28.63,1077.3,0,125.7,50,1100,0,1,rule_based,1,0,0,hold_throttle,0.01,RTT=28.6ms still elevated (streak=0); maintaining throttle at 50Mbps,4,85,3,3,5,high,rule_based,3,3,5,20260514_002915,398
1778699555.0133028,2026-05-14 00:42:35,28.63,1077.3,0,109.6,50,1100,0,1,rule_based,1,0,0,hold_throttle,0.01,RTT=28.6ms still elevated (streak=0); maintaining throttle at 50Mbps,12,85,3,3,5,high,rule_based,3,3,5,20260514_002915,399
1778699557.0437953,2026-05-14 00:42:37,28.63,1077.3,0,109.6,50,1100,0,1,rule_based,1,0,0,hold_throttle,0.01,RTT=28.6ms still elevated (streak=0); maintaining throttle at 50Mbps,5,85,3,3,5,high,rule_based,3,3,5,20260514_002915,400
1778699558.9341116,2026-05-14 00:42:38,28.63,1077.3,0,109.6,50,1100,0,1,rule_based,1,0,0,hold_throttle,0.02,RTT=28.6ms still elevated (streak=0); maintaining throttle at 50Mbps,8,85,3,3,5,high,rule_based,3,3,5,20260514_002915,401
1778699561.0561855,2026-05-14 00:42:41,28.47,1077.3,0,107.0,50,1100,0,1,rule_based,1,0,0,hold_throttle,0.01,RTT=28.5ms still elevated (streak=0); maintaining throttle at 50Mbps,7,85,3,3,5,high,rule_based,3,3,5,20260514_002915,402
1778699563.0176907,2026-05-14 00:42:43,28.47,1077.3,0,107.0,50,1100,0,1,rule_based,1,0,0,hold_throttle,0.01,RTT=28.5ms still elevated (streak=0); maintaining throttle at 50Mbps,5,85,3,3,5,high,rule_based,3,3,5,20260514_002915,403
1778699565.0287025,2026-05-14 00:42:45,28.47,1077.3,0,107.0,50,1100,0,1,rule_based,1,0,0,hold_throttle,0.01,RTT=28.5ms still elevated (streak=0); maintaining throttle at 50Mbps,10,85,3,3,5,high,rule_based,3,3,5,20260514_002915,404
1778699567.1053345,2026-05-14 00:42:47,28.47,1077.3,0,112.9,50,1100,0,1,rule_based,1,0,0,hold_throttle,0.01,RTT=28.5ms still elevated (streak=0); maintaining throttle at 50Mbps,8,85,3,3,5,high,rule_based,3,3,5,20260514_002915,405
1778699568.916232,2026-05-14 00:42:48,28.47,1077.3,0,112.9,50,1100,0,1,rule_based,1,0,0,hold_throttle,0.01,RTT=28.5ms still elevated (streak=0); maintaining throttle at 50Mbps,6,85,3,3,5,high,rule_based,3,3,5,20260514_002915,406
1778699570.9120271,2026-05-14 00:42:50,22.5,1047.1,0,112.9,50,1100,0,1,rule_based,1,0,0,hold_throttle,0.01,RTT=22.5ms still elevated (streak=0); maintaining throttle at 50Mbps,4,85,3,3,5,high,rule_based,3,3,5,20260514_002915,407
1778699573.2888546,2026-05-14 00:42:53,22.5,1047.1,0,117.4,50,3300,55536.2,1,rule_based,1,0,0,hold_throttle,0.03,RTT=22.5ms still elevated (streak=0); maintaining throttle at 50Mbps,6,85,3,3,5,high,rule_based,3,3,5,20260514_002915,408
1778699574.991008,2026-05-14 00:42:54,22.5,1047.1,0,117.4,50,3300,0,1,rule_based,1,0,0,hold_throttle,0.01,RTT=22.5ms still elevated (streak=0); maintaining throttle at 50Mbps,10,85,3,3,5,high,rule_based,3,3,5,20260514_002915,409
1778699577.0252256,2026-05-14 00:42:57,22.5,1047.1,0,117.4,50,3300,0,1,rule_based,1,0,0,hold_throttle,0.01,RTT=22.5ms still elevated (streak=0); maintaining throttle at 50Mbps,5,85,3,3,5,high,rule_based,3,3,5,20260514_002915,410
1778699578.9309258,2026-05-14 00:42:58,22.5,1047.1,0,149.6,50,1100,0,1,rule_based,1,0,0,hold_throttle,0.01,RTT=22.5ms still elevated (streak=0); maintaining throttle at 50Mbps,9,85,3,3,5,high,rule_based,3,3,5,20260514_002915,411
1778699581.0014265,2026-05-14 00:43:01,22.37,1047.1,0,149.6,50,1100,0,1,rule_based,1,0,0,hold_throttle,0.01,RTT=22.4ms still elevated (streak=0); maintaining throttle at 50Mbps,6,85,3,3,5,high,rule_based,3,3,5,20260514_002915,412
1778699583.0272772,2026-05-14 00:43:03,22.37,1047.1,0,149.6,50,1100,0,1,rule_based,1,0,0,hold_throttle,0.01,RTT=22.4ms still elevated (streak=0); maintaining throttle at 50Mbps,5,85,3,3,5,high,rule_based,3,3,5,20260514_002915,413
1778699585.0320594,2026-05-14 00:43:05,22.37,1047.1,0,158.0,50,1200,2992.8,1,rule_based,1,0,0,hold_throttle,0.01,RTT=22.4ms still elevated (streak=0); maintaining throttle at 50Mbps,11,85,3,3,5,high,rule_based,3,3,5,20260514_002915,414
1778699587.0370293,2026-05-14 00:43:07,22.37,1047.1,0,158.0,50,1200,0,1,rule_based,1,0,0,hold_throttle,0.01,RTT=22.4ms still elevated (streak=0); maintaining throttle at 50Mbps,7,85,3,3,5,high,rule_based,3,3,5,20260514_002915,415
1778699589.0621529,2026-05-14 00:43:09,22.37,1047.1,0,158.0,50,1200,0,1,rule_based,1,0,0,hold_throttle,0.01,RTT=22.4ms still elevated (streak=0); maintaining throttle at 50Mbps,8,85,3,3,5,high,rule_based,3,3,5,20260514_002915,416
1778699591.0922954,2026-05-14 00:43:11,15.7,26.2,0,97.7,50,1200,0,1,rule_based,1,0,0,hold_throttle,0.01,RTT=15.7ms still elevated (streak=0); maintaining throttle at 50Mbps,7,85,3,3,5,high,rule_based,3,3,5,20260514_002915,417
1778699593.1570797,2026-05-14 00:43:13,15.7,26.2,0,97.7,50,1200,0,1,rule_based,1,0,0,hold_throttle,0.01,RTT=15.7ms still elevated (streak=0); maintaining throttle at 50Mbps,5,85,3,3,5,high,rule_based,3,3,5,20260514_002915,418
1778699595.0151155,2026-05-14 00:43:15,15.7,26.2,0,97.7,50,1200,0,1,rule_based,1,0,0,hold_throttle,0.01,RTT=15.7ms still elevated (streak=0); maintaining throttle at 50Mbps,8,85,3,3,5,high,rule_based,3,3,5,20260514_002915,419
1778699597.0387342,2026-05-14 00:43:17,15.7,26.2,0,128.3,50,1200,0,1,rule_based,1,0,0,hold_throttle,0.02,RTT=15.7ms still elevated (streak=0); maintaining throttle at 50Mbps,9,85,3,3,5,high,rule_based,3,3,5,20260514_002915,420
1778699598.9601696,2026-05-14 00:43:18,15.7,26.2,0,128.3,50,1200,0,1,rule_based,1,0,0,hold_throttle,0.02,RTT=15.7ms still elevated (streak=0); maintaining throttle at 50Mbps,8,85,3,3,5,high,rule_based,3,3,5,20260514_002915,421
1778699601.2061899,2026-05-14 00:43:21,21.67,380.6,0,128.3,50,1200,0,1,rule_based,1,0,0,hold_throttle,0.01,RTT=21.7ms still elevated (streak=0); maintaining throttle at 50Mbps,6,85,3,3,5,high,rule_based,3,3,5,20260514_002915,422
1778699603.1222258,2026-05-14 00:43:23,21.67,380.6,0,126.1,50,1200,0,1,rule_based,1,0,0,hold_throttle,0.01,RTT=21.7ms still elevated (streak=0); maintaining throttle at 50Mbps,7,85,3,3,5,high,rule_based,3,3,5,20260514_002915,423
1778699605.0766642,2026-05-14 00:43:25,21.67,380.6,0,126.1,50,1200,0,1,rule_based,1,0,0,hold_throttle,0.01,RTT=21.7ms still elevated (streak=0); maintaining throttle at 50Mbps,8,85,3,3,5,high,rule_based,3,3,5,20260514_002915,424
1778699606.9476964,2026-05-14 00:43:26,21.67,380.6,0,126.1,50,1200,0,1,rule_based,1,0,0,hold_throttle,0.01,RTT=21.7ms still elevated (streak=0); maintaining throttle at 50Mbps,8,85,3,3,5,high,rule_based,3,3,5,20260514_002915,425
1778699609.1905227,2026-05-14 00:43:29,21.67,380.6,0,81.6,50,1200,0,1,rule_based,1,0,0,hold_throttle,0.01,RTT=21.7ms still elevated (streak=0); maintaining throttle at 50Mbps,8,85,3,3,5,high,rule_based,3,3,5,20260514_002915,426
1778699611.054756,2026-05-14 00:43:31,29.3,575.1,0,81.6,50,1200,0,1,rule_based,1,0,0,hold_throttle,0.01,RTT=29.3ms still elevated (streak=0); maintaining throttle at 50Mbps,6,85,3,3,5,high,rule_based,3,3,5,20260514_002915,427
1778699613.0037668,2026-05-14 00:43:33,29.3,575.1,0,81.6,50,1200,0,1,rule_based,1,0,0,hold_throttle,0.01,RTT=29.3ms still elevated (streak=0); maintaining throttle at 50Mbps,5,85,3,3,5,high,rule_based,3,3,5,20260514_002915,428
1778699615.0506473,2026-05-14 00:43:35,29.3,575.1,0,136.7,50,1200,0,1,rule_based,1,0,0,hold_throttle,0.01,RTT=29.3ms still elevated (streak=0); maintaining throttle at 50Mbps,7,85,3,3,5,high,rule_based,3,3,5,20260514_002915,429
1778699617.0102282,2026-05-14 00:43:37,29.3,575.1,0,136.7,50,1200,0,1,rule_based,1,0,0,hold_throttle,0.01,RTT=29.3ms still elevated (streak=0); maintaining throttle at 50Mbps,10,85,3,3,5,high,rule_based,3,3,5,20260514_002915,430
1778699618.9591835,2026-05-14 00:43:38,29.3,575.1,0,136.7,50,1200,0,1,rule_based,1,0,0,hold_throttle,0.01,RTT=29.3ms still elevated (streak=0); maintaining throttle at 50Mbps,7,85,3,3,5,high,rule_based,3,3,5,20260514_002915,431
1778699621.0601554,2026-05-14 00:43:41,35.6,575.1,0,119.1,50,1200,0,1,rule_based,1,0,0,hold_throttle,0.01,RTT=35.6ms still elevated (streak=0); maintaining throttle at 50Mbps,6,85,3,3,5,high,rule_based,3,3,5,20260514_002915,432
1778699623.0501838,2026-05-14 00:43:43,35.6,575.1,0,119.1,50,1200,0,1,rule_based,1,0,0,hold_throttle,0.01,RTT=35.6ms still elevated (streak=0); maintaining throttle at 50Mbps,8,85,3,3,5,high,rule_based,3,3,5,20260514_002915,433
1778699625.0501683,2026-05-14 00:43:45,35.6,575.1,0,119.1,50,1200,0,1,rule_based,1,0,0,hold_throttle,0.01,RTT=35.6ms still elevated (streak=0); maintaining throttle at 50Mbps,9,85,3,3,5,high,rule_based,3,3,5,20260514_002915,434
1778699626.9532287,2026-05-14 00:43:46,35.6,575.1,0,87.1,50,1200,0,1,rule_based,1,0,0,hold_throttle,0.01,RTT=35.6ms still elevated (streak=0); maintaining throttle at 50Mbps,7,85,3,3,5,high,rule_based,3,3,5,20260514_002915,435
1778699628.973432,2026-05-14 00:43:48,35.6,575.1,0,87.1,50,1200,0,1,rule_based,1,0,0,hold_throttle,0.01,RTT=35.6ms still elevated (streak=0); maintaining throttle at 50Mbps,9,85,3,3,5,high,rule_based,3,3,5,20260514_002915,436
1778699631.0830996,2026-05-14 00:43:51,47.2,575.1,0,87.1,50,1200,0,1,rule_based,1,0,0,hold_throttle,0.07,RTT=47.2ms still elevated (streak=0); maintaining throttle at 50Mbps,5,85,3,3,5,high,rule_based,3,3,5,20260514_002915,437
1778699633.0487869,2026-05-14 00:43:53,47.2,575.1,0,125.1,50,1200,0,1,rule_based,1,0,0,hold_throttle,0.01,RTT=47.2ms still elevated (streak=0); maintaining throttle at 50Mbps,5,85,3,3,5,high,rule_based,3,3,5,20260514_002915,438
1778699635.0415256,2026-05-14 00:43:55,47.2,575.1,0,125.1,50,1200,0,1,rule_based,1,0,0,hold_throttle,0.01,RTT=47.2ms still elevated (streak=0); maintaining throttle at 50Mbps,9,85,3,3,5,high,rule_based,3,3,5,20260514_002915,439
1778699636.965849,2026-05-14 00:43:56,47.2,575.1,0,128.9,50,1200,0,1,rule_based,1,0,0,hold_throttle,0.01,RTT=47.2ms still elevated (streak=0); maintaining throttle at 50Mbps,8,85,3,3,5,high,rule_based,3,3,5,20260514_002915,440
1778699639.0554016,2026-05-14 00:43:59,47.2,575.1,0,128.9,50,1200,0,1,rule_based,1,0,0,hold_throttle,0.01,RTT=47.2ms still elevated (streak=0); maintaining throttle at 50Mbps,8,85,3,3,5,high,rule_based,3,3,5,20260514_002915,441
1778699640.9557486,2026-05-14 00:44:00,58.33,575.1,0,128.9,50,1200,0,1,rule_based,1,0,0,hold_throttle,0.01,RTT=58.3ms still elevated (streak=0); maintaining throttle at 50Mbps,7,85,3,3,5,high,rule_based,3,3,5,20260514_002915,442
1778699643.0259993,2026-05-14 00:44:03,58.33,575.1,0,117.4,50,1200,0,1,rule_based,1,0,0,hold_throttle,0.01,RTT=58.3ms still elevated (streak=0); maintaining throttle at 50Mbps,5,85,3,3,5,high,rule_based,3,3,5,20260514_002915,443
1778699645.0666983,2026-05-14 00:44:05,58.33,575.1,0,117.4,50,1200,0,1,rule_based,1,0,0,hold_throttle,0.01,RTT=58.3ms still elevated (streak=0); maintaining throttle at 50Mbps,7,85,3,3,5,high,rule_based,3,3,5,20260514_002915,444
1778699647.3776722,2026-05-14 00:44:07,58.33,575.1,0,117.4,50,1200,0,1,rule_based,1,0,0,hold_throttle,0.01,RTT=58.3ms still elevated (streak=0); maintaining throttle at 50Mbps,9,85,3,3,5,high,rule_based,3,3,5,20260514_002915,445
1778699649.055066,2026-05-14 00:44:09,58.33,575.1,0,122.5,50,1200,0,1,rule_based,1,0,0,hold_throttle,0.01,RTT=58.3ms still elevated (streak=0); maintaining throttle at 50Mbps,7,85,3,3,5,high,rule_based,3,3,5,20260514_002915,446
1778699651.0672896,2026-05-14 00:44:11,61.63,575.1,0,122.5,50,1200,0,1,rule_based,1,0,0,hold_throttle,0.01,RTT=61.6ms still elevated (streak=0); maintaining throttle at 50Mbps,5,85,3,3,5,high,rule_based,3,3,5,20260514_002915,447
1778699653.053498,2026-05-14 00:44:13,61.63,575.1,0,122.5,50,1200,0,1,rule_based,1,0,0,hold_throttle,0.01,RTT=61.6ms still elevated (streak=0); maintaining throttle at 50Mbps,6,85,3,3,5,high,rule_based,3,3,5,20260514_002915,448
1778699655.0075305,2026-05-14 00:44:15,61.63,575.1,0,122.8,50,1200,0,1,rule_based,1,0,0,hold_throttle,0.01,RTT=61.6ms still elevated (streak=0); maintaining throttle at 50Mbps,8,85,3,3,5,high,rule_based,3,3,5,20260514_002915,449
1778699656.9849114,2026-05-14 00:44:16,61.63,575.1,0,122.8,50,1200,0,1,rule_based,1,0,0,hold_throttle,0.01,RTT=61.6ms still elevated (streak=0); maintaining throttle at 50Mbps,7,85,3,3,5,high,rule_based,3,3,5,20260514_002915,450
1778699659.112629,2026-05-14 00:44:19,61.63,575.1,0,122.8,50,1200,0,1,rule_based,1,0,0,hold_throttle,0.01,RTT=61.6ms still elevated (streak=0); maintaining throttle at 50Mbps,10,85,3,3,5,high,rule_based,3,3,5,20260514_002915,451
1778699661.1810827,2026-05-14 00:44:21,55.27,575.1,0,73.0,50,1300,2900.7,1,rule_based,1,0,0,hold_throttle,0.01,RTT=55.3ms still elevated (streak=0); maintaining throttle at 50Mbps,6,85,3,3,5,high,rule_based,3,3,5,20260514_002915,452
1778699663.1090539,2026-05-14 00:44:23,55.27,575.1,0,73.0,50,1300,0,1,rule_based,1,0,0,hold_throttle,0.01,RTT=55.3ms still elevated (streak=0); maintaining throttle at 50Mbps,5,85,3,3,5,high,rule_based,3,3,5,20260514_002915,453
1778699665.0583482,2026-05-14 00:44:25,55.27,575.1,0,73.0,50,1300,0,1,rule_based,1,0,0,hold_throttle,0.01,RTT=55.3ms still elevated (streak=0); maintaining throttle at 50Mbps,8,85,3,3,5,high,rule_based,3,3,5,20260514_002915,454
1778699667.0928361,2026-05-14 00:44:27,55.27,575.1,0,115.2,50,1300,0,1,rule_based,1,0,0,hold_throttle,0.01,RTT=55.3ms still elevated (streak=0); maintaining throttle at 50Mbps,16,85,3,3,5,high,rule_based,3,3,5,20260514_002915,455
1778699669.1087341,2026-05-14 00:44:29,55.27,575.1,0,115.2,50,1300,0,1,rule_based,1,0,0,hold_throttle,0.01,RTT=55.3ms still elevated (streak=0); maintaining throttle at 50Mbps,12,85,3,3,5,high,rule_based,3,3,5,20260514_002915,456
1778699671.1046736,2026-05-14 00:44:31,47.57,337.6,0,115.2,50,1300,0,1,rule_based,1,0,0,hold_throttle,0.01,RTT=47.6ms still elevated (streak=0); maintaining throttle at 50Mbps,12,85,3,3,5,high,rule_based,3,3,5,20260514_002915,457
1778699673.0897655,2026-05-14 00:44:33,47.57,337.6,0,111.1,50,1300,0,1,rule_based,1,0,0,hold_throttle,0.01,RTT=47.6ms still elevated (streak=0); maintaining throttle at 50Mbps,13,85,3,3,5,high,rule_based,3,3,5,20260514_002915,458
1778699675.0987422,2026-05-14 00:44:35,47.57,337.6,0,111.1,50,1300,0,1,rule_based,1,0,0,hold_throttle,0.01,RTT=47.6ms still elevated (streak=0); maintaining throttle at 50Mbps,14,85,3,3,5,high,rule_based,3,3,5,20260514_002915,459
1778699677.0675275,2026-05-14 00:44:37,47.57,337.6,0,111.1,50,1300,0,1,rule_based,1,0,0,hold_throttle,0.04,RTT=47.6ms still elevated (streak=0); maintaining throttle at 50Mbps,9,85,3,3,5,high,rule_based,3,3,5,20260514_002915,460
1778699679.0949118,2026-05-14 00:44:39,47.57,337.6,0,87.5,50,1300,0,1,rule_based,1,0,0,hold_throttle,0.01,RTT=47.6ms still elevated (streak=0); maintaining throttle at 50Mbps,9,85,3,3,5,high,rule_based,3,3,5,20260514_002915,461
1778699681.0615063,2026-05-14 00:44:41,42.7,337.6,0,87.5,50,1300,0,1,rule_based,1,0,0,hold_throttle,0.01,RTT=42.7ms still elevated (streak=0); maintaining throttle at 50Mbps,15,85,3,3,5,high,rule_based,3,3,5,20260514_002915,462
1778699683.1621091,2026-05-14 00:44:43,42.7,337.6,0,87.5,50,1300,0,1,rule_based,1,0,0,hold_throttle,0.01,RTT=42.7ms still elevated (streak=0); maintaining throttle at 50Mbps,14,85,3,3,5,high,rule_based,3,3,5,20260514_002915,463
1778699685.1206234,2026-05-14 00:44:45,42.7,337.6,0,109.3,50,1300,0,1,rule_based,1,0,0,hold_throttle,0.01,RTT=42.7ms still elevated (streak=0); maintaining throttle at 50Mbps,11,85,3,3,5,high,rule_based,3,3,5,20260514_002915,464
1778699687.1232975,2026-05-14 00:44:47,42.7,337.6,0,109.3,50,1300,0,1,rule_based,1,0,0,hold_throttle,0.01,RTT=42.7ms still elevated (streak=0); maintaining throttle at 50Mbps,7,85,3,3,5,high,rule_based,3,3,5,20260514_002915,465
1778699689.2577746,2026-05-14 00:44:49,42.7,337.6,0,109.3,50,1300,0,1,rule_based,1,0,0,hold_throttle,0.03,RTT=42.7ms still elevated (streak=0); maintaining throttle at 50Mbps,11,85,3,3,5,high,rule_based,3,3,5,20260514_002915,466
1778699691.2667396,2026-05-14 00:44:51,36.8,394.0,0,64.2,50,1300,0,1,rule_based,1,0,0,hold_throttle,0.01,RTT=36.8ms still elevated (streak=0); maintaining throttle at 50Mbps,17,85,3,3,5,high,rule_based,3,3,5,20260514_002915,467
1778699693.092344,2026-05-14 00:44:53,36.8,394.0,0,64.2,50,1300,0,1,rule_based,1,0,0,hold_throttle,0.04,RTT=36.8ms still elevated (streak=0); maintaining throttle at 50Mbps,8,85,3,3,5,high,rule_based,3,3,5,20260514_002915,468
1778699695.0937834,2026-05-14 00:44:55,36.8,394.0,0,64.2,50,1300,0,1,rule_based,1,0,0,hold_throttle,0.01,RTT=36.8ms still elevated (streak=0); maintaining throttle at 50Mbps,11,85,3,3,5,high,rule_based,3,3,5,20260514_002915,469
1778699697.0865965,2026-05-14 00:44:57,36.8,394.0,0,89.2,50,1300,0,1,rule_based,1,0,0,hold_throttle,0.01,RTT=36.8ms still elevated (streak=0); maintaining throttle at 50Mbps,9,85,3,3,5,high,rule_based,3,3,5,20260514_002915,470
1778699699.1943238,2026-05-14 00:44:59,36.8,394.0,0,89.2,50,1300,0,1,rule_based,1,0,0,hold_throttle,0.01,RTT=36.8ms still elevated (streak=0); maintaining throttle at 50Mbps,15,85,3,3,5,high,rule_based,3,3,5,20260514_002915,471
1778699701.169207,2026-05-14 00:45:01,27.17,394.0,0,89.2,50,1300,0,1,rule_based,1,0,0,hold_throttle,0.01,RTT=27.2ms still elevated (streak=0); maintaining throttle at 50Mbps,14,85,3,3,5,high,rule_based,3,3,5,20260514_002915,472
1778699703.3045547,2026-05-14 00:45:03,27.17,394.0,0,106.9,50,1300,0,1,rule_based,1,0,0,hold_throttle,0.01,RTT=27.2ms still elevated (streak=0); maintaining throttle at 50Mbps,23,86,3,3,5,high,rule_based,3,3,5,20260514_002915,473
1778699705.2036088,2026-05-14 00:45:05,27.17,394.0,0,106.9,50,1300,0,1,rule_based,1,0,0,hold_throttle,0.01,RTT=27.2ms still elevated (streak=0); maintaining throttle at 50Mbps,23,86,3,3,5,high,rule_based,3,3,5,20260514_002915,474
1778699707.2097657,2026-05-14 00:45:07,27.17,394.0,0,106.9,50,1300,0,1,rule_based,1,0,0,hold_throttle,0.01,RTT=27.2ms still elevated (streak=0); maintaining throttle at 50Mbps,15,86,3,3,5,high,rule_based,3,3,5,20260514_002915,475
1778699709.1762033,2026-05-14 00:45:09,27.17,394.0,0,153.8,50,1300,0,1,rule_based,1,0,0,hold_throttle,0.01,RTT=27.2ms still elevated (streak=0); maintaining throttle at 50Mbps,12,86,3,3,5,high,rule_based,3,3,5,20260514_002915,476
1778699711.1924856,2026-05-14 00:45:11,24.0,394.0,0,153.8,50,1300,0,1,rule_based,1,0,0,hold_throttle,0.01,RTT=24.0ms still elevated (streak=0); maintaining throttle at 50Mbps,9,86,3,3,5,high,rule_based,3,3,5,20260514_002915,477
1778699713.1450956,2026-05-14 00:45:13,24.0,394.0,0,153.8,50,1300,0,1,rule_based,1,0,0,hold_throttle,0.01,RTT=24.0ms still elevated (streak=0); maintaining throttle at 50Mbps,12,86,3,3,5,high,rule_based,3,3,5,20260514_002915,478
1778699715.2214866,2026-05-14 00:45:15,24.0,394.0,0,147.0,50,1300,0,1,rule_based,1,0,0,hold_throttle,0.01,RTT=24.0ms still elevated (streak=0); maintaining throttle at 50Mbps,9,86,3,3,5,high,rule_based,3,3,5,20260514_002915,479
1778699717.1849236,2026-05-14 00:45:17,24.0,394.0,0,147.0,50,1300,0,1,rule_based,1,0,0,hold_throttle,0.01,RTT=24.0ms still elevated (streak=0); maintaining throttle at 50Mbps,5,86,3,3,5,high,rule_based,3,3,5,20260514_002915,480
1778699719.1820016,2026-05-14 00:45:19,24.0,394.0,0,147.0,50,1300,0,1,rule_based,1,0,0,hold_throttle,0.01,RTT=24.0ms still elevated (streak=0); maintaining throttle at 50Mbps,9,86,3,3,5,high,rule_based,3,3,5,20260514_002915,481
1778699721.1937172,2026-05-14 00:45:21,24.03,394.0,0,102.4,50,1300,0,1,rule_based,1,0,0,hold_throttle,0.01,RTT=24.0ms still elevated (streak=0); maintaining throttle at 50Mbps,16,86,3,3,5,high,rule_based,3,3,5,20260514_002915,482
1778699723.184939,2026-05-14 00:45:23,24.03,394.0,0,102.4,50,1300,0,1,rule_based,1,0,0,hold_throttle,0.01,RTT=24.0ms still elevated (streak=0); maintaining throttle at 50Mbps,9,86,3,3,5,high,rule_based,3,3,5,20260514_002915,483
1778699725.2033706,2026-05-14 00:45:25,24.03,394.0,0,102.4,50,1300,0,1,rule_based,1,0,0,hold_throttle,0.01,RTT=24.0ms still elevated (streak=0); maintaining throttle at 50Mbps,11,86,3,3,5,high,rule_based,3,3,5,20260514_002915,484
1778699727.1380444,2026-05-14 00:45:27,24.03,394.0,0,126.1,50,1300,0,1,rule_based,1,0,0,hold_throttle,0.02,RTT=24.0ms still elevated (streak=0); maintaining throttle at 50Mbps,8,86,3,3,5,high,rule_based,3,3,5,20260514_002915,485
1778699729.1556494,2026-05-14 00:45:29,24.03,394.0,0,126.1,50,1300,0,1,rule_based,1,0,0,hold_throttle,0.01,RTT=24.0ms still elevated (streak=0); maintaining throttle at 50Mbps,10,86,3,3,5,high,rule_based,3,3,5,20260514_002915,486
1778699731.163034,2026-05-14 00:45:31,23.9,394.0,0,126.1,50,1300,0,1,rule_based,1,0,0,hold_throttle,0.01,RTT=23.9ms still elevated (streak=0); maintaining throttle at 50Mbps,18,85,3,3,5,high,rule_based,3,3,5,20260514_002915,487
1778699733.1580951,2026-05-14 00:45:33,23.9,394.0,0,113.1,50,1400,3007.4,1,rule_based,1,0,0,hold_throttle,0.01,RTT=23.9ms still elevated (streak=0); maintaining throttle at 50Mbps,13,85,3,3,5,high,rule_based,3,3,5,20260514_002915,488
1778699735.1240876,2026-05-14 00:45:35,23.9,394.0,0,113.1,50,1400,0,1,rule_based,1,0,0,hold_throttle,0.01,RTT=23.9ms still elevated (streak=0); maintaining throttle at 50Mbps,10,85,3,3,5,high,rule_based,3,3,5,20260514_002915,489
1778699737.1971447,2026-05-14 00:45:37,23.9,394.0,0,113.1,50,1400,0,1,rule_based,1,0,0,hold_throttle,0.01,RTT=23.9ms still elevated (streak=0); maintaining throttle at 50Mbps,5,85,3,3,5,high,rule_based,3,3,5,20260514_002915,490
1778699739.1723983,2026-05-14 00:45:39,23.9,394.0,0,113.4,50,1400,0,1,rule_based,1,0,0,hold_throttle,0.01,RTT=23.9ms still elevated (streak=0); maintaining throttle at 50Mbps,12,85,3,3,5,high,rule_based,3,3,5,20260514_002915,491
1778699741.1845424,2026-05-14 00:45:41,22.5,394.0,0,113.4,50,1400,0,1,rule_based,1,0,0,hold_throttle,0.01,RTT=22.5ms still elevated (streak=0); maintaining throttle at 50Mbps,5,85,3,3,5,high,rule_based,3,3,5,20260514_002915,492
1778699743.1656876,2026-05-14 00:45:43,22.5,394.0,0,113.4,50,1400,0,1,rule_based,1,0,0,hold_throttle,0.01,RTT=22.5ms still elevated (streak=0); maintaining throttle at 50Mbps,5,85,3,3,5,high,rule_based,3,3,5,20260514_002915,493
1778699745.1819847,2026-05-14 00:45:45,22.5,394.0,0,144.1,50,1400,0,1,rule_based,1,0,0,hold_throttle,0.01,RTT=22.5ms still elevated (streak=0); maintaining throttle at 50Mbps,14,85,3,3,5,high,rule_based,3,3,5,20260514_002915,494
1778699747.1679137,2026-05-14 00:45:47,22.5,394.0,0,144.1,50,1400,0,1,rule_based,1,0,0,hold_throttle,0.01,RTT=22.5ms still elevated (streak=0); maintaining throttle at 50Mbps,5,85,3,3,5,high,rule_based,3,3,5,20260514_002915,495
1778699749.1589167,2026-05-14 00:45:49,22.5,394.0,0,144.1,50,1400,0,1,rule_based,1,0,0,hold_throttle,0.01,RTT=22.5ms still elevated (streak=0); maintaining throttle at 50Mbps,11,85,3,3,5,high,rule_based,3,3,5,20260514_002915,496
1778699751.1691384,2026-05-14 00:45:51,16.77,131.4,0,140.4,50,1400,0,1,rule_based,1,0,0,hold_throttle,0.01,RTT=16.8ms still elevated (streak=0); maintaining throttle at 50Mbps,6,85,3,3,5,high,rule_based,3,3,5,20260514_002915,497
1778699753.2006474,2026-05-14 00:45:53,16.77,131.4,0,140.4,50,1400,0,1,rule_based,1,0,0,hold_throttle,0.01,RTT=16.8ms still elevated (streak=0); maintaining throttle at 50Mbps,5,85,3,3,5,high,rule_based,3,3,5,20260514_002915,498
1778699755.1740105,2026-05-14 00:45:55,16.77,131.4,0,140.4,50,1400,0,1,rule_based,1,0,0,hold_throttle,0.01,RTT=16.8ms still elevated (streak=0); maintaining throttle at 50Mbps,8,85,3,3,5,high,rule_based,3,3,5,20260514_002915,499
1778699757.1836762,2026-05-14 00:45:57,16.77,131.4,0,115.3,50,1400,0,1,rule_based,1,0,0,hold_throttle,0.01,RTT=16.8ms still elevated (streak=0); maintaining throttle at 50Mbps,6,85,3,3,5,high,rule_based,3,3,5,20260514_002915,500
1778699759.169807,2026-05-14 00:45:59,16.77,131.4,0,115.3,50,1400,0,1,rule_based,1,0,0,hold_throttle,0.01,RTT=16.8ms still elevated (streak=0); maintaining throttle at 50Mbps,11,85,3,3,5,high,rule_based,3,3,5,20260514_002915,501
1778699761.2063336,2026-05-14 00:46:01,15.47,23.7,0,115.3,50,1400,0,1,rule_based,1,0,0,hold_throttle,0.02,RTT=15.5ms still elevated (streak=0); maintaining throttle at 50Mbps,5,85,3,3,5,high,rule_based,3,3,5,20260514_002915,502
1778699763.1814444,2026-05-14 00:46:03,15.47,23.7,0,104.9,50,1400,0,1,rule_based,1,0,0,hold_throttle,0.01,RTT=15.5ms still elevated (streak=0); maintaining throttle at 50Mbps,6,85,3,3,5,high,rule_based,3,3,5,20260514_002915,503
1778699765.1774583,2026-05-14 00:46:05,15.47,23.7,0,104.9,50,1400,0,1,rule_based,1,0,0,hold_throttle,0.01,RTT=15.5ms still elevated (streak=0); maintaining throttle at 50Mbps,9,85,3,3,5,high,rule_based,3,3,5,20260514_002915,504
1778699767.2014937,2026-05-14 00:46:07,15.47,23.7,0,111.1,50,1400,0,1,rule_based,1,0,0,hold_throttle,0.01,RTT=15.5ms still elevated (streak=0); maintaining throttle at 50Mbps,5,85,3,3,5,high,rule_based,3,3,5,20260514_002915,505
1778699769.1874895,2026-05-14 00:46:09,15.47,23.7,0,111.1,50,1400,0,1,rule_based,1,0,0,hold_throttle,0.01,RTT=15.5ms still elevated (streak=0); maintaining throttle at 50Mbps,11,85,3,3,5,high,rule_based,3,3,5,20260514_002915,506
1778699771.213567,2026-05-14 00:46:11,15.47,23.7,0,111.1,50,1400,0,1,rule_based,1,0,0,hold_throttle,0.01,RTT=15.5ms still elevated (streak=0); maintaining throttle at 50Mbps,6,85,3,3,5,high,rule_based,3,3,5,20260514_002915,507
1778699773.1832864,2026-05-14 00:46:13,15.47,23.7,0,134.3,50,1400,0,1,rule_based,1,0,0,hold_throttle,0.04,RTT=15.5ms still elevated (streak=0); maintaining throttle at 50Mbps,6,85,3,3,5,high,rule_based,3,3,5,20260514_002915,508
1778699775.176122,2026-05-14 00:46:15,15.47,23.7,0,134.3,50,1400,0,1,rule_based,1,0,0,hold_throttle,0.01,RTT=15.5ms still elevated (streak=0); maintaining throttle at 50Mbps,9,85,3,3,5,high,rule_based,3,3,5,20260514_002915,509
1778699777.1732826,2026-05-14 00:46:17,15.47,23.7,0,134.3,50,1400,0,1,rule_based,1,0,0,hold_throttle,0.01,RTT=15.5ms still elevated (streak=0); maintaining throttle at 50Mbps,6,85,3,3,5,high,rule_based,3,3,5,20260514_002915,510
1778699779.19151,2026-05-14 00:46:19,15.47,23.7,0,128.1,50,1400,0,1,rule_based,1,0,0,hold_throttle,0.02,RTT=15.5ms still elevated (streak=0); maintaining throttle at 50Mbps,9,85,3,3,5,high,rule_based,3,3,5,20260514_002915,511
1778699781.1948557,2026-05-14 00:46:21,15.5,23.7,0,128.1,50,1400,0,1,rule_based,1,0,0,hold_throttle,0.01,RTT=15.5ms still elevated (streak=0); maintaining throttle at 50Mbps,6,85,3,3,5,high,rule_based,3,3,5,20260514_002915,512
1778699783.2274294,2026-05-14 00:46:23,15.5,23.7,0,128.1,50,1400,0,1,rule_based,1,0,0,hold_throttle,0.01,RTT=15.5ms still elevated (streak=0); maintaining throttle at 50Mbps,6,85,3,3,5,high,rule_based,3,3,5,20260514_002915,513
1778699785.1964612,2026-05-14 00:46:25,15.5,23.7,0,82.4,50,1400,0,1,rule_based,1,0,0,hold_throttle,0.01,RTT=15.5ms still elevated (streak=0); maintaining throttle at 50Mbps,7,85,3,3,5,high,rule_based,3,3,5,20260514_002915,514
1778699787.2062294,2026-05-14 00:46:27,15.5,23.7,0,82.4,50,1400,0,1,rule_based,1,0,0,hold_throttle,0.01,RTT=15.5ms still elevated (streak=0); maintaining throttle at 50Mbps,5,85,3,3,5,high,rule_based,3,3,5,20260514_002915,515
1778699789.2123573,2026-05-14 00:46:29,15.5,23.7,0,82.4,50,1400,0,1,rule_based,1,0,0,hold_throttle,0.01,RTT=15.5ms still elevated (streak=0); maintaining throttle at 50Mbps,10,85,3,3,5,high,rule_based,3,3,5,20260514_002915,516
1778699791.1955185,2026-05-14 00:46:31,15.73,23.7,0,130.1,50,1400,0,1,rule_based,1,0,0,hold_throttle,0.01,RTT=15.7ms still elevated (streak=0); maintaining throttle at 50Mbps,8,85,3,3,5,high,rule_based,3,3,5,20260514_002915,517
1778699793.1921177,2026-05-14 00:46:33,15.73,23.7,0,130.1,50,1400,0,1,rule_based,1,0,0,hold_throttle,0.01,RTT=15.7ms still elevated (streak=0); maintaining throttle at 50Mbps,5,85,3,3,5,high,rule_based,3,3,5,20260514_002915,518
1778699795.2023911,2026-05-14 00:46:35,15.73,23.7,0,130.1,50,1400,0,1,rule_based,1,0,0,hold_throttle,0.01,RTT=15.7ms still elevated (streak=0); maintaining throttle at 50Mbps,8,85,3,3,5,high,rule_based,3,3,5,20260514_002915,519
1778699797.2273657,2026-05-14 00:46:37,15.73,23.7,0,103.9,50,1400,0,1,rule_based,1,0,0,hold_throttle,0.01,RTT=15.7ms still elevated (streak=0); maintaining throttle at 50Mbps,5,85,3,3,5,high,rule_based,3,3,5,20260514_002915,520
1778699799.212379,2026-05-14 00:46:39,15.73,23.7,0,103.9,50,1400,0,1,rule_based,1,0,0,hold_throttle,0.01,RTT=15.7ms still elevated (streak=0); maintaining throttle at 50Mbps,7,85,3,3,5,high,rule_based,3,3,5,20260514_002915,521
1778699801.2238708,2026-05-14 00:46:41,15.8,22.8,0,103.9,50,1400,0,1,rule_based,1,0,0,hold_throttle,0.01,RTT=15.8ms still elevated (streak=0); maintaining throttle at 50Mbps,8,85,3,3,5,high,rule_based,3,3,5,20260514_002915,522
1778699803.2256622,2026-05-14 00:46:43,15.8,22.8,0,113.1,50,1400,0,1,rule_based,1,0,0,hold_throttle,0.01,RTT=15.8ms still elevated (streak=0); maintaining throttle at 50Mbps,5,85,3,3,5,high,rule_based,3,3,5,20260514_002915,523
1778699805.222756,2026-05-14 00:46:45,15.8,22.8,0,113.1,50,1400,0,1,rule_based,1,0,0,hold_throttle,0.01,RTT=15.8ms still elevated (streak=0); maintaining throttle at 50Mbps,8,85,3,3,5,high,rule_based,3,3,5,20260514_002915,524
1778699807.2449214,2026-05-14 00:46:47,15.8,22.8,0,113.1,50,1400,0,1,rule_based,1,0,0,hold_throttle,0.01,RTT=15.8ms still elevated (streak=0); maintaining throttle at 50Mbps,7,85,3,3,5,high,rule_based,3,3,5,20260514_002915,525
1778699809.2289264,2026-05-14 00:46:49,15.8,22.8,0,118.1,50,1400,0,1,rule_based,1,0,0,hold_throttle,0.01,RTT=15.8ms still elevated (streak=0); maintaining throttle at 50Mbps,7,85,3,3,5,high,rule_based,3,3,5,20260514_002915,526
1778699811.2338958,2026-05-14 00:46:51,15.67,22.8,0,118.1,50,1400,0,1,rule_based,1,0,0,hold_throttle,0.01,RTT=15.7ms still elevated (streak=0); maintaining throttle at 50Mbps,7,85,3,3,5,high,rule_based,3,3,5,20260514_002915,527
1778699813.2237012,2026-05-14 00:46:53,15.67,22.8,0,118.1,50,1400,0,1,rule_based,1,0,0,hold_throttle,0.01,RTT=15.7ms still elevated (streak=0); maintaining throttle at 50Mbps,7,85,3,3,5,high,rule_based,3,3,5,20260514_002915,528
1778699815.2250888,2026-05-14 00:46:55,15.67,22.8,0,115.2,50,4200,83941.8,1,rule_based,1,0,0,hold_throttle,0.01,RTT=15.7ms still elevated (streak=0); maintaining throttle at 50Mbps,9,85,3,3,5,high,rule_based,3,3,5,20260514_002915,529
1778699817.2040737,2026-05-14 00:46:57,15.67,22.8,0,115.2,50,4200,0,1,rule_based,1,0,0,hold_throttle,0.01,RTT=15.7ms still elevated (streak=0); maintaining throttle at 50Mbps,4,85,3,3,5,high,rule_based,3,3,5,20260514_002915,530
1778699819.2274144,2026-05-14 00:46:59,15.67,22.8,0,115.2,50,4200,0,1,rule_based,1,0,0,hold_throttle,0.01,RTT=15.7ms still elevated (streak=0); maintaining throttle at 50Mbps,10,85,3,3,5,high,rule_based,3,3,5,20260514_002915,531
1778699821.2629514,2026-05-14 00:47:01,15.57,22.5,0,134.5,50,1400,0,1,rule_based,1,0,0,hold_throttle,0.03,RTT=15.6ms still elevated (streak=0); maintaining throttle at 50Mbps,8,85,3,3,5,high,rule_based,3,3,5,20260514_002915,532
1778699823.2358627,2026-05-14 00:47:03,15.57,22.5,0,134.5,50,1400,0,1,rule_based,1,0,0,hold_throttle,0.02,RTT=15.6ms still elevated (streak=0); maintaining throttle at 50Mbps,5,85,3,3,5,high,rule_based,3,3,5,20260514_002915,533
1778699825.2753105,2026-05-14 00:47:05,15.57,22.5,0,134.5,50,1400,0,1,rule_based,1,0,0,hold_throttle,0.01,RTT=15.6ms still elevated (streak=0); maintaining throttle at 50Mbps,9,85,3,3,5,high,rule_based,3,3,5,20260514_002915,534
1778699827.3125567,2026-05-14 00:47:07,15.57,22.5,0,109.8,50,1400,0,1,rule_based,1,0,0,hold_throttle,0.01,RTT=15.6ms still elevated (streak=0); maintaining throttle at 50Mbps,5,85,3,3,5,high,rule_based,3,3,5,20260514_002915,535
1778699829.2305286,2026-05-14 00:47:09,15.57,22.5,0,109.8,50,1400,0,1,rule_based,1,0,0,hold_throttle,0.01,RTT=15.6ms still elevated (streak=0); maintaining throttle at 50Mbps,7,85,3,3,5,high,rule_based,3,3,5,20260514_002915,536
1778699831.244129,2026-05-14 00:47:11,15.57,22.5,0,109.8,50,1400,0,1,rule_based,1,0,0,hold_throttle,0.01,RTT=15.6ms still elevated (streak=0); maintaining throttle at 50Mbps,9,85,3,3,5,high,rule_based,3,3,5,20260514_002915,537
1778699833.2575557,2026-05-14 00:47:13,15.57,22.5,0,79.8,50,1400,0,1,rule_based,1,0,0,hold_throttle,0.02,RTT=15.6ms still elevated (streak=0); maintaining throttle at 50Mbps,5,85,3,3,5,high,rule_based,3,3,5,20260514_002915,538
1778699835.2824028,2026-05-14 00:47:15,15.57,22.5,0,79.8,50,1400,0,1,rule_based,1,0,0,hold_throttle,0.01,RTT=15.6ms still elevated (streak=0); maintaining throttle at 50Mbps,7,85,3,3,5,high,rule_based,3,3,5,20260514_002915,539
1778699837.2348652,2026-05-14 00:47:17,15.57,22.5,0,79.8,50,1400,0,1,rule_based,1,0,0,hold_throttle,0.01,RTT=15.6ms still elevated (streak=0); maintaining throttle at 50Mbps,8,85,3,3,5,high,rule_based,3,3,5,20260514_002915,540
1778699839.2480555,2026-05-14 00:47:19,15.57,22.5,0,84.6,50,1400,0,1,rule_based,1,0,0,hold_throttle,0.01,RTT=15.6ms still elevated (streak=0); maintaining throttle at 50Mbps,7,85,3,3,5,high,rule_based,3,3,5,20260514_002915,541
1778699841.2635014,2026-05-14 00:47:21,15.93,46.6,0,84.6,50,1400,0,1,rule_based,1,0,0,hold_throttle,0.01,RTT=15.9ms still elevated (streak=0); maintaining throttle at 50Mbps,7,85,3,3,5,high,rule_based,3,3,5,20260514_002915,542
1778699843.268345,2026-05-14 00:47:23,15.93,46.6,0,84.6,50,1400,0,1,rule_based,1,0,0,hold_throttle,0.01,RTT=15.9ms still elevated (streak=0); maintaining throttle at 50Mbps,8,85,3,3,5,high,rule_based,3,3,5,20260514_002915,543
1778699845.262814,2026-05-14 00:47:25,15.93,46.6,0,114.5,50,1400,0,1,rule_based,1,0,0,hold_throttle,0.01,RTT=15.9ms still elevated (streak=0); maintaining throttle at 50Mbps,7,85,3,3,5,high,rule_based,3,3,5,20260514_002915,544
1778699847.2747898,2026-05-14 00:47:27,15.93,46.6,0,114.5,50,1400,0,1,rule_based,1,0,0,hold_throttle,0.01,RTT=15.9ms still elevated (streak=0); maintaining throttle at 50Mbps,5,85,3,3,5,high,rule_based,3,3,5,20260514_002915,545
1778699849.2447596,2026-05-14 00:47:29,15.93,46.6,0,114.5,50,1400,0,1,rule_based,1,0,0,hold_throttle,0.01,RTT=15.9ms still elevated (streak=0); maintaining throttle at 50Mbps,11,85,3,3,5,high,rule_based,3,3,5,20260514_002915,546
1778699851.2770169,2026-05-14 00:47:31,15.87,46.6,0,78.4,50,1400,0,1,rule_based,1,0,0,hold_throttle,0.01,RTT=15.9ms still elevated (streak=0); maintaining throttle at 50Mbps,6,85,3,3,5,high,rule_based,3,3,5,20260514_002915,547
1778699853.263406,2026-05-14 00:47:33,15.87,46.6,0,78.4,50,1400,0,1,rule_based,1,0,0,hold_throttle,0.01,RTT=15.9ms still elevated (streak=0); maintaining throttle at 50Mbps,4,85,3,3,5,high,rule_based,3,3,5,20260514_002915,548
1778699855.2748961,2026-05-14 00:47:35,15.87,46.6,0,118.4,50,1400,0,1,rule_based,1,0,0,hold_throttle,0.01,RTT=15.9ms still elevated (streak=0); maintaining throttle at 50Mbps,10,85,3,3,5,high,rule_based,3,3,5,20260514_002915,549
1778699857.2856133,2026-05-14 00:47:37,15.87,46.6,0,118.4,50,1400,0,1,rule_based,1,0,0,hold_throttle,0.01,RTT=15.9ms still elevated (streak=0); maintaining throttle at 50Mbps,5,85,3,3,5,high,rule_based,3,3,5,20260514_002915,550
1778699859.277206,2026-05-14 00:47:39,15.87,46.6,0,118.4,50,1400,0,1,rule_based,1,0,0,hold_throttle,0.03,RTT=15.9ms still elevated (streak=0); maintaining throttle at 50Mbps,7,85,3,3,5,high,rule_based,3,3,5,20260514_002915,551
1778699861.2914453,2026-05-14 00:47:41,15.8,46.6,0,133.7,50,1400,0,1,rule_based,1,0,0,hold_throttle,0.01,RTT=15.8ms still elevated (streak=0); maintaining throttle at 50Mbps,10,85,3,3,5,high,rule_based,3,3,5,20260514_002915,552
1778699863.2932339,2026-05-14 00:47:43,15.8,46.6,0,133.7,50,1400,0,1,rule_based,1,0,0,hold_throttle,0.01,RTT=15.8ms still elevated (streak=0); maintaining throttle at 50Mbps,6,85,3,3,5,high,rule_based,3,3,5,20260514_002915,553
1778699865.2723563,2026-05-14 00:47:45,15.8,46.6,0,133.7,50,1400,0,1,rule_based,1,0,0,hold_throttle,0.01,RTT=15.8ms still elevated (streak=0); maintaining throttle at 50Mbps,8,85,3,3,5,high,rule_based,3,3,5,20260514_002915,554
1778699867.2721262,2026-05-14 00:47:47,15.8,46.6,0,145.7,50,1400,0,1,rule_based,1,0,0,hold_throttle,0.01,RTT=15.8ms still elevated (streak=0); maintaining throttle at 50Mbps,6,85,3,3,5,high,rule_based,3,3,5,20260514_002915,555
1778699869.250154,2026-05-14 00:47:49,15.8,46.6,0,145.7,50,1400,0,1,rule_based,1,0,0,hold_throttle,0.01,RTT=15.8ms still elevated (streak=0); maintaining throttle at 50Mbps,7,85,3,3,5,high,rule_based,3,3,5,20260514_002915,556
1778699871.2656863,2026-05-14 00:47:51,15.83,46.6,0,145.7,50,1400,0,1,rule_based,1,0,0,hold_throttle,0.01,RTT=15.8ms still elevated (streak=0); maintaining throttle at 50Mbps,7,85,3,3,5,high,rule_based,3,3,5,20260514_002915,557
1778699873.252897,2026-05-14 00:47:53,15.83,46.6,0,122.9,50,1400,0,1,rule_based,1,0,0,hold_throttle,0.02,RTT=15.8ms still elevated (streak=0); maintaining throttle at 50Mbps,7,85,3,3,5,high,rule_based,3,3,5,20260514_002915,558
1778699875.2878635,2026-05-14 00:47:55,15.83,46.6,0,122.9,50,1400,0,1,rule_based,1,0,0,hold_throttle,0.01,RTT=15.8ms still elevated (streak=0); maintaining throttle at 50Mbps,12,85,3,3,5,high,rule_based,3,3,5,20260514_002915,559
1778699877.2748284,2026-05-14 00:47:57,15.83,46.6,0,122.9,50,1400,0,1,rule_based,1,0,0,hold_throttle,0.01,RTT=15.8ms still elevated (streak=0); maintaining throttle at 50Mbps,4,85,3,3,5,high,rule_based,3,3,5,20260514_002915,560
1778699879.2780273,2026-05-14 00:47:59,15.83,46.6,0,116.4,50,1400,0,1,rule_based,1,0,0,hold_throttle,0.01,RTT=15.8ms still elevated (streak=0); maintaining throttle at 50Mbps,9,85,3,3,5,high,rule_based,3,3,5,20260514_002915,561
1778699881.2919736,2026-05-14 00:48:01,15.93,46.6,0,116.4,50,1400,0,1,rule_based,1,0,0,hold_throttle,0.01,RTT=15.9ms still elevated (streak=0); maintaining throttle at 50Mbps,8,85,3,3,5,high,rule_based,3,3,5,20260514_002915,562
1778699883.3199546,2026-05-14 00:48:03,15.93,46.6,0,116.4,50,1400,0,1,rule_based,1,0,0,hold_throttle,0.01,RTT=15.9ms still elevated (streak=0); maintaining throttle at 50Mbps,4,85,3,3,5,high,rule_based,3,3,5,20260514_002915,563
1778699885.3566878,2026-05-14 00:48:05,15.93,46.6,0,58.7,50,1600,5891.8,1,rule_based,1,0,0,hold_throttle,0.01,RTT=15.9ms still elevated (streak=0); maintaining throttle at 50Mbps,10,85,3,3,5,high,rule_based,3,3,5,20260514_002915,564
1778699887.3144515,2026-05-14 00:48:07,15.93,46.6,0,58.7,50,1600,0,1,rule_based,1,0,0,hold_throttle,0.01,RTT=15.9ms still elevated (streak=0); maintaining throttle at 50Mbps,6,85,3,3,5,high,rule_based,3,3,5,20260514_002915,565
1778699889.316082,2026-05-14 00:48:09,15.93,46.6,0,58.7,50,1600,0,1,rule_based,1,0,0,hold_throttle,0.01,RTT=15.9ms still elevated (streak=0); maintaining throttle at 50Mbps,8,85,3,3,5,high,rule_based,3,3,5,20260514_002915,566
1778699891.3153539,2026-05-14 00:48:11,15.93,46.6,0,149.7,50,1600,0,1,rule_based,1,0,0,hold_throttle,0.01,RTT=15.9ms still elevated (streak=0); maintaining throttle at 50Mbps,7,85,3,3,5,high,rule_based,3,3,5,20260514_002915,567
1778699893.30192,2026-05-14 00:48:13,15.93,46.6,0,149.7,50,1600,0,1,rule_based,1,0,0,hold_throttle,0.01,RTT=15.9ms still elevated (streak=0); maintaining throttle at 50Mbps,8,85,3,3,5,high,rule_based,3,3,5,20260514_002915,568
1778699895.2867558,2026-05-14 00:48:15,15.93,46.6,0,149.7,50,1600,0,1,rule_based,1,0,0,hold_throttle,0.01,RTT=15.9ms still elevated (streak=0); maintaining throttle at 50Mbps,7,85,3,3,5,high,rule_based,3,3,5,20260514_002915,569
1778699897.295935,2026-05-14 00:48:17,15.93,46.6,0,102.8,50,1600,0,1,rule_based,1,0,0,hold_throttle,0.01,RTT=15.9ms still elevated (streak=0); maintaining throttle at 50Mbps,6,85,3,3,5,high,rule_based,3,3,5,20260514_002915,570
1778699899.3363907,2026-05-14 00:48:19,15.93,46.6,0,102.8,50,1600,0,1,rule_based,1,0,0,hold_throttle,0.01,RTT=15.9ms still elevated (streak=0); maintaining throttle at 50Mbps,8,85,3,3,5,high,rule_based,3,3,5,20260514_002915,571
1778699901.9579394,2026-05-14 00:48:21,15.43,29.1,0,102.8,50,1600,0,1,rule_based,1,0,0,hold_throttle,0.01,RTT=15.4ms still elevated (streak=0); maintaining throttle at 50Mbps,6,85,3,3,5,high,rule_based,3,3,5,20260514_002915,572
1778699903.4200401,2026-05-14 00:48:23,15.43,29.1,0,110.0,50,1600,0,1,rule_based,1,0,0,hold_throttle,0.01,RTT=15.4ms still elevated (streak=0); maintaining throttle at 50Mbps,8,85,3,3,5,high,rule_based,3,3,5,20260514_002915,573
1778699907.3693404,2026-05-14 00:48:27,15.43,29.1,0,110.0,50,1600,0,1,rule_based,1,0,0,hold_throttle,0.01,RTT=15.4ms still elevated (streak=0); maintaining throttle at 50Mbps,11,85,3,3,5,high,rule_based,3,3,5,20260514_002915,574
1778699907.8176904,2026-05-14 00:48:27,15.43,29.1,0,110.0,50,1600,0,1,rule_based,1,0,0,hold_throttle,0.02,RTT=15.4ms still elevated (streak=0); maintaining throttle at 50Mbps,11,85,3,3,5,high,rule_based,3,3,5,20260514_002915,575
1778699910.553668,2026-05-14 00:48:30,15.43,29.1,0,110.0,50,1600,0,1,rule_based,1,0,0,hold_throttle,0.01,RTT=15.4ms still elevated (streak=0); maintaining throttle at 50Mbps,10,85,3,3,5,high,rule_based,3,3,5,20260514_002915,576
1778699913.328865,2026-05-14 00:48:33,15.43,29.1,0,40.5,50,1600,0,1,rule_based,1,0,0,hold_throttle,0.01,RTT=15.4ms still elevated (streak=0); maintaining throttle at 50Mbps,17,85,3,3,5,high,rule_based,3,3,5,20260514_002915,577
1778699915.9070883,2026-05-14 00:48:35,69.1,2381.1,1,40.5,50,1600,0,1,rule_based,1,0,0,hold_throttle,0.01,RTT=69.1ms still elevated (streak=0); maintaining throttle at 50Mbps,7,85,3,3,5,high,rule_based,3,3,5,20260514_002915,578
1778699918.3392415,2026-05-14 00:48:38,123.6,2381.1,2,40.5,50,1600,0,1,rule_based,1,0,0,hold_throttle,0.01,RTT=123.6ms still elevated (streak=0); maintaining throttle at 50Mbps,9,85,3,3,5,high,rule_based,3,3,5,20260514_002915,579
1778699919.1407192,2026-05-14 00:48:39,123.6,2381.1,2,108.8,50,1600,0,1,rule_based,1,0,0,hold_throttle,0.01,RTT=123.6ms still elevated (streak=0); maintaining throttle at 50Mbps,7,85,3,3,5,high,rule_based,3,3,5,20260514_002915,580
1778699922.8833752,2026-05-14 00:48:42,123.6,2381.1,2,108.8,50,1600,0,1,rule_based,1,0,0,hold_throttle,0.01,RTT=123.6ms still elevated (streak=0); maintaining throttle at 50Mbps,13,85,3,3,5,high,rule_based,3,3,5,20260514_002915,581
1778699923.1794794,2026-05-14 00:48:43,123.6,2381.1,2,108.8,50,1600,0,1,rule_based,1,0,0,hold_throttle,0.01,RTT=123.6ms still elevated (streak=0); maintaining throttle at 50Mbps,17,85,3,3,5,high,rule_based,3,3,5,20260514_002915,582
1778699926.3240652,2026-05-14 00:48:46,147.0,2381.1,2,76.7,50,1600,0,1,rule_based,1,0,0,hold_throttle,0.02,RTT=147.0ms still elevated (streak=0); maintaining throttle at 50Mbps,11,85,3,3,5,high,rule_based,3,3,5,20260514_002915,583
1778699928.566198,2026-05-14 00:48:48,147.0,2381.1,2,76.7,50,1600,0,1,rule_based,1,0,0,hold_throttle,0.01,RTT=147.0ms still elevated (streak=0); maintaining throttle at 50Mbps,8,85,3,3,5,high,rule_based,3,3,5,20260514_002915,584
1778699929.1789052,2026-05-14 00:48:49,147.0,2381.1,2,76.7,50,1600,0,1,rule_based,1,0,0,hold_throttle,0.01,RTT=147.0ms still elevated (streak=0); maintaining throttle at 50Mbps,6,85,3,3,5,high,rule_based,3,3,5,20260514_002915,585
1778699932.2243154,2026-05-14 00:48:52,147.0,2381.1,2,76.7,50,1600,0,1,rule_based,1,0,0,hold_throttle,0.02,RTT=147.0ms still elevated (streak=0); maintaining throttle at 50Mbps,7,85,3,3,5,high,rule_based,3,3,5,20260514_002915,586
1778699933.5754383,2026-05-14 00:48:53,147.0,2381.1,2,76.7,50,1600,0,1,rule_based,1,0,0,hold_throttle,0.02,RTT=147.0ms still elevated (streak=0); maintaining throttle at 50Mbps,8,85,3,3,5,high,rule_based,3,3,5,20260514_002915,587
1778699935.886683,2026-05-14 00:48:55,211.4,2381.1,2,76.7,50,1600,0,1,rule_based,1,0,0,hold_throttle,0.02,RTT=211.4ms still elevated (streak=0); maintaining throttle at 50Mbps,11,85,3,3,5,high,rule_based,3,3,5,20260514_002915,588
1778699938.3972247,2026-05-14 00:48:58,211.4,2381.1,2,76.7,50,1600,0,1,rule_based,1,0,0,hold_throttle,0.01,RTT=211.4ms still elevated (streak=0); maintaining throttle at 50Mbps,5,85,3,3,5,high,rule_based,3,3,5,20260514_002915,589
1778699940.1144068,2026-05-14 00:49:00,211.4,2381.1,2,76.7,50,1600,0,1,rule_based,1,0,0,hold_throttle,0.01,RTT=211.4ms still elevated (streak=0); maintaining throttle at 50Mbps,8,85,3,3,5,high,rule_based,3,3,5,20260514_002915,590
1778699943.6246114,2026-05-14 00:49:03,211.4,2381.1,12,2.5,50,1600,0,1,rule_based,1,0,0,hold_throttle,0.03,RTT=211.4ms still elevated (streak=0); maintaining throttle at 50Mbps,9,85,3,3,5,high,rule_based,3,3,5,20260514_002915,591
1778699946.447122,2026-05-14 00:49:06,211.4,2381.1,12,2.5,50,1600,0,1,rule_based,1,0,0,hold_throttle,0.01,RTT=211.4ms still elevated (streak=0); maintaining throttle at 50Mbps,22,85,3,3,5,high,rule_based,3,3,5,20260514_002915,592
1778699949.2614043,2026-05-14 00:49:09,211.4,2381.1,12,2.5,50,1600,0,1,rule_based,1,0,0,hold_throttle,0.02,RTT=211.4ms still elevated (streak=0); maintaining throttle at 50Mbps,5,85,3,3,5,high,rule_based,3,3,5,20260514_002915,593
1778699949.569114,2026-05-14 00:49:09,211.4,2381.1,12,3.1,50,1600,0,1,rule_based,1,0,0,hold_throttle,0.01,RTT=211.4ms still elevated (streak=0); maintaining throttle at 50Mbps,19,85,3,3,5,high,rule_based,3,3,5,20260514_002915,594
1778699951.9597151,2026-05-14 00:49:11,211.4,2381.1,12,3.1,50,1600,0,1,rule_based,1,0,0,hold_throttle,0.01,RTT=211.4ms still elevated (streak=0); maintaining throttle at 50Mbps,9,85,3,3,5,high,rule_based,3,3,5,20260514_002915,595
1778699955.7103517,2026-05-14 00:49:15,263.5,2381.1,13,3.1,50,1600,0,1,rule_based,1,0,0,hold_throttle,0.01,RTT=263.5ms still elevated (streak=0); maintaining throttle at 50Mbps,4,85,3,3,5,high,rule_based,3,3,5,20260514_002915,596
1778699956.3744252,2026-05-14 00:49:16,263.5,2381.1,13,3.1,50,1600,0,1,rule_based,1,0,0,hold_throttle,0.01,RTT=263.5ms still elevated (streak=0); maintaining throttle at 50Mbps,10,85,3,3,5,high,rule_based,3,3,5,20260514_002915,597
1778699958.0972438,2026-05-14 00:49:18,263.5,2381.1,13,43.3,50,1600,0,1,rule_based,1,0,0,hold_throttle,0.01,RTT=263.5ms still elevated (streak=0); maintaining throttle at 50Mbps,34,85,3,3,5,high,rule_based,3,3,5,20260514_002915,598
1778699960.100606,2026-05-14 00:49:20,263.5,2381.1,13,43.3,50,1600,0,1,rule_based,1,0,0,hold_throttle,0.01,RTT=263.5ms still elevated (streak=0); maintaining throttle at 50Mbps,6,85,3,3,5,high,rule_based,3,3,5,20260514_002915,599
1778699963.6693118,2026-05-14 00:49:23,263.5,2381.1,13,43.3,50,1600,0,1,rule_based,1,0,0,hold_throttle,0.01,RTT=263.5ms still elevated (streak=0); maintaining throttle at 50Mbps,5,85,3,3,5,high,rule_based,3,3,5,20260514_002915,600
1778699964.1215217,2026-05-14 00:49:24,263.5,2381.1,13,43.3,50,1600,0,1,rule_based,1,0,0,hold_throttle,0.01,RTT=263.5ms still elevated (streak=0); maintaining throttle at 50Mbps,14,85,3,3,5,high,rule_based,3,3,5,20260514_002915,601
1778699966.4427319,2026-05-14 00:49:26,263.5,2381.1,13,43.3,50,1600,0,1,rule_based,1,0,0,hold_throttle,0.01,RTT=263.5ms still elevated (streak=0); maintaining throttle at 50Mbps,9,85,3,3,5,high,rule_based,3,3,5,20260514_002915,602
1778699969.332681,2026-05-14 00:49:29,263.5,2381.1,18,43.3,50,1600,0,1,rule_based,1,0,0,hold_throttle,0.01,RTT=263.5ms still elevated (streak=0); maintaining throttle at 50Mbps,12,85,3,3,5,high,rule_based,3,3,5,20260514_002915,603
1778699971.7650414,2026-05-14 00:49:31,263.5,2381.1,23,43.3,50,1600,0,1,rule_based,1,0,0,hold_throttle,0.01,RTT=263.5ms still elevated (streak=0); maintaining throttle at 50Mbps,10,85,3,3,5,high,rule_based,3,3,5,20260514_002915,604
1778699972.1239948,2026-05-14 00:49:32,263.5,2381.1,23,43.3,50,1600,0,1,rule_based,1,0,0,hold_throttle,0.01,RTT=263.5ms still elevated (streak=0); maintaining throttle at 50Mbps,15,85,3,3,5,high,rule_based,3,3,5,20260514_002915,605
1778699974.1030502,2026-05-14 00:49:34,263.5,2381.1,23,43.3,50,1600,0,1,rule_based,1,0,0,hold_throttle,0.01,RTT=263.5ms still elevated (streak=0); maintaining throttle at 50Mbps,6,85,3,3,5,high,rule_based,3,3,5,20260514_002915,606
1778699976.133037,2026-05-14 00:49:36,263.5,2381.1,23,43.3,50,1600,0,1,rule_based,1,0,0,hold_throttle,0.01,RTT=263.5ms still elevated (streak=0); maintaining throttle at 50Mbps,4,85,3,3,5,high,rule_based,3,3,5,20260514_002915,607
1778699978.123243,2026-05-14 00:49:38,263.5,2381.1,23,43.3,50,1600,0,1,rule_based,1,0,0,hold_throttle,0.01,RTT=263.5ms still elevated (streak=0); maintaining throttle at 50Mbps,6,85,3,3,5,high,rule_based,3,3,5,20260514_002915,608
1778699980.1235733,2026-05-14 00:49:40,263.5,0.0,28,43.3,50,1600,0,1,rule_based,1,0,0,hold_throttle,0.01,RTT=263.5ms still elevated (streak=0); maintaining throttle at 50Mbps,8,85,3,3,5,high,rule_based,3,3,5,20260514_002915,609
1778699982.1254356,2026-05-14 00:49:42,0.0,0.0,28,43.3,50,1600,0,0,rule_based,1,0,1,invalid_data,0.0,RTT=0ms with fails=28 — PDU session drop / UE disconnect detected; row excluded from training,6,85,3,3,5,high,rule_based,3,3,5,20260514_002915,610
1778699984.1271603,2026-05-14 00:49:44,0.0,0.0,28,43.3,50,1600,0,0,rule_based,1,0,1,invalid_data,0.0,RTT=0ms with fails=28 — PDU session drop / UE disconnect detected; row excluded from training,4,85,3,3,5,high,rule_based,3,3,5,20260514_002915,611
1778699986.1307895,2026-05-14 00:49:46,0.0,0.0,28,43.3,50,1600,0,0,rule_based,1,0,1,invalid_data,0.01,RTT=0ms with fails=28 — PDU session drop / UE disconnect detected; row excluded from training,5,85,3,3,5,high,rule_based,3,3,5,20260514_002915,612
1778699988.1328008,2026-05-14 00:49:48,0.0,0.0,28,43.3,50,1600,0,0,rule_based,1,0,2,invalid_data,0.0,RTT=0ms with fails=28 — PDU session drop / UE disconnect detected; row excluded from training,6,85,3,3,5,high,rule_based,3,3,5,20260514_002915,613
1778699990.126147,2026-05-14 00:49:50,0.0,0.0,28,43.3,50,1600,0,0,rule_based,1,0,2,invalid_data,0.0,RTT=0ms with fails=28 — PDU session drop / UE disconnect detected; row excluded from training,7,85,3,3,5,high,rule_based,3,3,5,20260514_002915,614
1778699992.115433,2026-05-14 00:49:52,0.0,0.0,33,43.3,50,1600,0,0,rule_based,1,0,2,invalid_data,0.0,RTT=0ms with fails=33 — PDU session drop / UE disconnect detected; row excluded from training,7,85,3,3,5,high,rule_based,3,3,5,20260514_002915,615
1778699994.1226099,2026-05-14 00:49:54,0.0,0.0,38,43.3,50,1600,0,0,rule_based,1,0,3,invalid_data,0.0,RTT=0ms with fails=38 — PDU session drop / UE disconnect detected; row excluded from training,13,85,3,3,5,high,rule_based,3,3,5,20260514_002915,616
1778699996.1420958,2026-05-14 00:49:56,0.0,0.0,38,43.3,50,1600,0,0,rule_based,1,0,3,invalid_data,0.0,RTT=0ms with fails=38 — PDU session drop / UE disconnect detected; row excluded from training,14,85,3,3,5,high,rule_based,3,3,5,20260514_002915,617
