ts,embb_rate,urllc_rate,mmtc_rate,action,layer,reason,embb_bps,embb_ewma,embb_slope,urllc_rtt,predicted_urllc_rtt
2025-12-25T18:33:23.238191Z,50mbit,10mbit,500kbit,none,,,0,0,0,0.211,
2025-12-25T18:33:23.739371Z,50mbit,10mbit,500kbit,none,,,15440,4632,4632,0.168,
2025-12-25T18:33:24.240249Z,50mbit,10mbit,500kbit,none,,,15440,7874,7874,0.165,
2025-12-25T18:33:24.738863Z,50mbit,10mbit,500kbit,none,,,15040,10024,10024,0.163,
2025-12-25T18:33:25.238376Z,50mbit,10mbit,500kbit,none,,,15840,11768,11768,0.163,
2025-12-25T18:33:25.738371Z,50mbit,10mbit,500kbit,none,,,7920,10614,5982,0.154,
2025-12-25T18:33:26.238261Z,50mbit,10mbit,500kbit,none,,,21280,13813,5939,0.207,
2025-12-25T18:33:26.738530Z,50mbit,10mbit,500kbit,none,,,16272,14551,4527,0.218,
2025-12-25T18:33:27.239438Z,50mbit,10mbit,500kbit,none,,,13840,14337,2569,0.307,
2025-12-25T18:33:27.740482Z,50mbit,10mbit,500kbit,none,,,1920,10612,-1,0.311,
2025-12-25T18:33:28.238357Z,50mbit,10mbit,500kbit,none,,,16480,12372,-1441,0.495,
2025-12-25T18:33:28.738844Z,50mbit,10mbit,500kbit,none,,,13840,12812,-1738,0.451,
2025-12-25T18:33:29.241968Z,50mbit,10mbit,500kbit,none,,,13440,13001,-1336,0.451,
2025-12-25T18:33:29.738879Z,50mbit,10mbit,500kbit,none,,,15040,13612,3000,0.741,
2025-12-25T18:33:30.238756Z,50mbit,10mbit,500kbit,none,,,16272,14410,2037,0.652,
2025-12-25T18:33:30.739121Z,40mbit,10mbit,500kbit,preempt_embb,predictive,predicted URLLC risk,15840,14839,2026,0.686,6.861
2025-12-25T18:33:31.240091Z,40mbit,10mbit,500kbit,none,,,15840,15139,2138,0.503,9.395
2025-12-25T18:33:31.738513Z,40mbit,10mbit,500kbit,none,,,13840,14749,1136,0.503,6.098
2025-12-25T18:33:32.238484Z,40mbit,10mbit,500kbit,none,,,15040,14836,426,0.507,3.651
2025-12-25T18:33:32.739178Z,40mbit,10mbit,500kbit,none,,,16704,15396,557,0.507,7.332
2025-12-25T18:33:33.240063Z,40mbit,10mbit,500kbit,none,,,15840,15529,390,0.507,8.499
2025-12-25T18:33:33.740371Z,40mbit,10mbit,500kbit,none,,,15440,15502,753,0.511,5.953
2025-12-25T18:33:34.238956Z,40mbit,10mbit,500kbit,none,,,15040,15364,527,0.511,5.620
2025-12-25T18:33:34.768577Z,40mbit,10mbit,500kbit,none,,,9440,13586,-1810,0.511,7.026
2025-12-25T18:33:35.238275Z,40mbit,10mbit,500kbit,none,,,18576,15083,-446,0.581,7.143
2025-12-25T18:33:35.739279Z,40mbit,10mbit,500kbit,none,,,15040,15070,-432,0.540,7.806
2025-12-25T18:33:36.238330Z,40mbit,10mbit,500kbit,none,,,16272,15430,66,0.536,7.975
2025-12-25T18:33:36.741385Z,40mbit,10mbit,500kbit,none,,,13440,14833,1246,0.532,6.598
2025-12-25T18:33:37.238784Z,40mbit,10mbit,500kbit,none,,,13360,14391,-692,0.224,7.057
2025-12-25T18:33:37.741410Z,40mbit,10mbit,500kbit,none,,,13440,14106,-964,0.154,6.945
2025-12-25T18:33:38.239151Z,40mbit,10mbit,500kbit,none,,,13840,14026,-1404,0.158,7.564
2025-12-25T18:33:38.738781Z,40mbit,10mbit,500kbit,none,,,15440,14450,-383,0.167,7.395
2025-12-25T18:33:39.238984Z,40mbit,10mbit,800kbit,bump_mmtc,reactive,loss,15440,14747,355,0.179,5.867
2025-12-25T18:33:39.739200Z,40mbit,10mbit,800kbit,none,,,13840,14475,368,0.185,6.903
2025-12-25T18:33:40.239244Z,40mbit,10mbit,800kbit,none,,,13440,14164,138,0.394,6.835
2025-12-25T18:33:40.738673Z,40mbit,10mbit,800kbit,none,,,15040,14427,-23,0.988,7.008
2025-12-25T18:33:41.240287Z,40mbit,10mbit,800kbit,none,,,15440,14731,-16,0.981,6.251
2025-12-25T18:33:41.739010Z,40mbit,10mbit,800kbit,none,,,6880,12375,-2099,0.981,6.982
2025-12-25T18:33:42.239917Z,40mbit,10mbit,800kbit,none,,,22832,15512,1348,0.984,4.787
2025-12-25T18:33:42.740613Z,40mbit,10mbit,800kbit,none,,,13840,15010,583,0.980,6.423
2025-12-25T18:33:43.238715Z,40mbit,10mbit,800kbit,none,,,15840,15259,528,0.980,8.803
2025-12-25T18:33:43.739287Z,40mbit,10mbit,800kbit,none,,,15040,15193,2817,0.777,6.148
2025-12-25T18:33:44.238973Z,40mbit,10mbit,800kbit,none,,,15440,15267,-245,0.398,5.434
2025-12-25T18:33:44.738598Z,40mbit,10mbit,800kbit,none,,,15440,15319,308,0.394,5.684
2025-12-25T18:33:45.239953Z,40mbit,10mbit,800kbit,none,,,13440,14755,-504,0.382,8.474
2025-12-25T18:33:45.738452Z,40mbit,10mbit,800kbit,none,,,15840,15080,-112,0.382,7.392
2025-12-25T18:33:46.240135Z,40mbit,10mbit,800kbit,none,,,16672,15558,290,0.382,4.755
2025-12-25T18:33:46.738470Z,40mbit,10mbit,800kbit,none,,,13440,14922,-396,0.707,8.084
2025-12-25T18:33:47.239404Z,40mbit,10mbit,800kbit,none,,,11840,13997,-757,0.707,8.014
2025-12-25T18:33:47.740222Z,40mbit,10mbit,800kbit,none,,,15440,14430,-650,1.436,6.113
2025-12-25T18:33:48.238398Z,40mbit,10mbit,800kbit,none,,,15440,14733,-824,1.257,5.863
2025-12-25T18:33:48.738729Z,40mbit,10mbit,800kbit,bump_mmtc,reactive,loss,15040,14825,-97,1.267,9.288
2025-12-25T18:33:49.240450Z,40mbit,10mbit,800kbit,none,,,15040,14889,891,1.934,7.994
2025-12-25T18:33:49.739915Z,40mbit,10mbit,800kbit,none,,,15840,15174,744,1.610,6.269
2025-12-25T18:33:50.240977Z,40mbit,10mbit,800kbit,none,,,15840,15374,640,1.610,6.890
2025-12-25T18:33:50.738815Z,40mbit,10mbit,800kbit,none,,,15440,15394,568,1.610,9.596
2025-12-25T18:33:51.240423Z,40mbit,10mbit,800kbit,none,,,15040,15287,398,1.610,8.534
2025-12-25T18:33:51.738963Z,40mbit,10mbit,800kbit,none,,,15440,15333,158,0.878,6.433
2025-12-25T18:33:52.238487Z,40mbit,10mbit,800kbit,none,,,13840,14885,-488,0.836,7.667
2025-12-25T18:33:52.738815Z,40mbit,10mbit,800kbit,none,,,15840,15171,-222,0.825,8.809
2025-12-25T18:33:53.241186Z,40mbit,10mbit,800kbit,none,,,15440,15252,-35,0.825,7.740
2025-12-25T18:33:53.739034Z,40mbit,10mbit,800kbit,none,,,13440,14708,-624,0.825,7.455
2025-12-25T18:33:54.239118Z,40mbit,10mbit,800kbit,none,,,15040,14808,-77,0.156,7.977
2025-12-25T18:33:54.738859Z,40mbit,10mbit,800kbit,bump_mmtc,reactive,loss,13840,14517,-654,0.212,7.606
2025-12-25T18:33:55.238556Z,40mbit,10mbit,800kbit,none,,,13840,14314,-937,0.206,7.790
2025-12-25T18:33:55.739920Z,40mbit,10mbit,800kbit,none,,,13840,14172,-536,0.206,7.405
2025-12-25T18:33:56.238413Z,40mbit,10mbit,800kbit,none,,,13440,13952,-855,0.218,7.703
2025-12-25T18:33:56.739155Z,40mbit,10mbit,800kbit,none,,,15440,14398,-118,0.426,6.373
2025-12-25T18:33:57.238453Z,40mbit,10mbit,800kbit,none,,,15040,14591,276,0.426,6.929
2025-12-25T18:33:57.739888Z,40mbit,10mbit,800kbit,none,,,14672,14615,443,0.425,7.870
2025-12-25T18:33:58.238552Z,40mbit,10mbit,800kbit,none,,,15840,14982,1030,0.365,6.610
2025-12-25T18:33:58.738504Z,40mbit,10mbit,800kbit,bump_mmtc,reactive,loss,15040,14999,601,0.401,6.642
2025-12-25T18:33:59.240366Z,40mbit,10mbit,800kbit,none,,,16272,15381,790,0.401,7.077
2025-12-25T18:33:59.738797Z,40mbit,10mbit,800kbit,none,,,7520,13023,-1592,0.394,7.209
2025-12-25T18:34:00.244185Z,40mbit,10mbit,800kbit,none,,,21280,15500,517,0.394,5.827
2025-12-25T18:34:00.739226Z,40mbit,10mbit,800kbit,none,,,15440,15482,482,0.190,6.646
2025-12-25T18:34:01.238859Z,40mbit,10mbit,800kbit,bump_mmtc,reactive,loss,15840,15589,207,0.193,8.636
2025-12-25T18:34:01.740403Z,40mbit,10mbit,800kbit,none,,,15440,15544,2521,0.193,6.247
2025-12-25T18:34:02.238698Z,40mbit,10mbit,800kbit,none,,,16272,15762,262,0.193,5.701
2025-12-25T18:34:02.740324Z,40mbit,10mbit,800kbit,none,,,15440,15665,183,0.194,6.594
2025-12-25T18:34:03.240136Z,40mbit,10mbit,800kbit,none,,,15040,15478,-111,0.194,8.670
2025-12-25T18:34:03.739290Z,40mbit,10mbit,800kbit,none,,,15040,15346,-197,0.434,7.585
2025-12-25T18:34:04.238233Z,40mbit,10mbit,800kbit,none,,,13440,14774,-988,0.438,5.278
2025-12-25T18:34:04.740132Z,40mbit,10mbit,800kbit,bump_mmtc,reactive,loss,15840,15094,-571,0.437,7.852
2025-12-25T18:34:05.238761Z,40mbit,10mbit,800kbit,none,,,13840,14718,-760,0.630,7.583
2025-12-25T18:34:05.744796Z,40mbit,10mbit,800kbit,none,,,13840,14454,-892,0.660,7.663
2025-12-25T18:34:06.241417Z,40mbit,10mbit,800kbit,none,,,15040,14630,-144,0.457,5.767
2025-12-25T18:34:06.740525Z,40mbit,10mbit,800kbit,none,,,15440,14873,-221,0.455,7.727
2025-12-25T18:34:07.239950Z,40mbit,10mbit,800kbit,none,,,13440,14443,-274,0.454,7.472
2025-12-25T18:34:07.740719Z,40mbit,10mbit,800kbit,none,,,13440,14142,-312,0.257,7.556
2025-12-25T18:34:08.238871Z,40mbit,10mbit,800kbit,none,,,15040,14411,-218,0.228,6.620
2025-12-25T18:34:08.739030Z,40mbit,10mbit,800kbit,none,,,15040,14600,-273,0.159,6.474
2025-12-25T18:34:09.240175Z,40mbit,10mbit,800kbit,none,,,11840,13772,-671,0.156,7.955
2025-12-25T18:34:09.738528Z,40mbit,10mbit,800kbit,none,,,15040,14152,10,0.156,6.926
2025-12-25T18:34:10.240107Z,40mbit,10mbit,800kbit,bump_mmtc,reactive,loss,15040,14418,7,0.155,5.603
2025-12-25T18:34:10.738539Z,40mbit,10mbit,800kbit,none,,,15840,14845,244,0.156,6.547
2025-12-25T18:34:11.238851Z,40mbit,10mbit,800kbit,none,,,13440,14423,651,0.150,7.822
2025-12-25T18:34:11.739182Z,40mbit,10mbit,800kbit,bump_mmtc,reactive,loss,15440,14728,576,0.149,6.673
2025-12-25T18:34:12.239125Z,40mbit,10mbit,800kbit,none,,,15840,15061,643,0.182,5.348
2025-12-25T18:34:12.738480Z,40mbit,10mbit,800kbit,none,,,15040,15055,210,0.182,7.223
2025-12-25T18:34:13.238480Z,40mbit,10mbit,800kbit,none,,,15440,15170,747,0.314,8.032
2025-12-25T18:34:13.739492Z,40mbit,10mbit,800kbit,none,,,15440,15251,523,0.415,6.070
2025-12-25T18:34:14.238774Z,40mbit,10mbit,800kbit,none,,,15040,15188,126,0.419,6.068
2025-12-25T18:34:14.739061Z,40mbit,10mbit,800kbit,none,,,15040,15143,88,0.422,7.172
2025-12-25T18:34:15.238460Z,40mbit,10mbit,800kbit,none,,,13440,14632,-538,0.385,8.020
2025-12-25T18:34:15.739843Z,40mbit,10mbit,800kbit,none,,,15040,14754,-496,0.248,6.051
2025-12-25T18:34:16.239185Z,40mbit,10mbit,800kbit,none,,,13440,14360,-827,0.136,6.607
2025-12-25T18:34:16.738879Z,40mbit,10mbit,800kbit,none,,,15440,14684,-459,0.139,7.458
2025-12-25T18:34:17.239520Z,40mbit,10mbit,800kbit,none,,,15040,14790,158,0.129,6.967
2025-12-25T18:34:17.740382Z,40mbit,10mbit,800kbit,none,,,15440,14985,230,0.129,6.781
2025-12-25T18:34:18.241846Z,40mbit,10mbit,800kbit,none,,,15440,15121,761,0.136,6.754
2025-12-25T18:34:18.739102Z,40mbit,10mbit,800kbit,none,,,15440,15217,533,0.145,7.369
2025-12-25T18:34:19.240199Z,40mbit,10mbit,800kbit,none,,,15440,15284,493,0.151,7.111
2025-12-25T18:34:19.740339Z,40mbit,10mbit,800kbit,none,,,15440,15330,345,0.151,6.973
2025-12-25T18:34:20.239529Z,40mbit,10mbit,800kbit,none,,,15040,15243,121,0.138,7.272
2025-12-25T18:34:20.738862Z,40mbit,10mbit,800kbit,none,,,13840,14822,-394,0.138,6.754
2025-12-25T18:34:21.240433Z,40mbit,10mbit,800kbit,none,,,11840,13927,-1356,0.138,7.108
2025-12-25T18:34:21.738286Z,40mbit,10mbit,800kbit,none,,,15040,14261,-1069,0.138,6.114
2025-12-25T18:34:22.238781Z,40mbit,10mbit,800kbit,none,,,15440,14615,-628,0.147,6.630
2025-12-25T18:34:22.738449Z,40mbit,10mbit,800kbit,none,,,13840,14382,-440,0.137,7.013
2025-12-25T18:34:23.240244Z,40mbit,10mbit,800kbit,none,,,11840,13619,-308,0.136,7.125
2025-12-25T18:34:23.739483Z,40mbit,10mbit,800kbit,none,,,13840,13685,-575,0.141,5.466
2025-12-25T18:34:24.238569Z,40mbit,10mbit,800kbit,none,,,15040,14092,-522,0.162,5.998
2025-12-25T18:34:24.739101Z,40mbit,10mbit,800kbit,none,,,15040,14376,-6,0.165,7.532
2025-12-25T18:34:25.240471Z,40mbit,10mbit,800kbit,none,,,15440,14695,1075,0.165,7.338
2025-12-25T18:34:25.738959Z,40mbit,10mbit,800kbit,none,,,16672,15288,1602,0.172,5.466
2025-12-25T18:34:26.239225Z,40mbit,10mbit,800kbit,bump_mmtc,reactive,loss,15440,15333,1241,0.162,5.969
2025-12-25T18:34:26.740339Z,40mbit,10mbit,800kbit,none,,,13440,14765,389,0.159,7.850
2025-12-25T18:34:27.238936Z,40mbit,10mbit,800kbit,none,,,13840,14488,-207,0.163,7.466
2025-12-25T18:34:27.738833Z,40mbit,10mbit,800kbit,none,,,13440,14173,-1114,0.155,5.482
2025-12-25T18:34:28.238232Z,40mbit,10mbit,800kbit,bump_mmtc,reactive,loss,15840,14673,-660,0.154,6.231
2025-12-25T18:34:28.738908Z,40mbit,10mbit,800kbit,none,,,15840,15023,257,0.165,7.088
2025-12-25T18:34:29.241045Z,40mbit,10mbit,800kbit,bump_mmtc,reactive,loss,15440,15148,660,0.179,6.911
2025-12-25T18:34:29.740618Z,40mbit,10mbit,800kbit,none,,,15040,15115,942,0.164,5.846
2025-12-25T18:34:30.238514Z,40mbit,10mbit,800kbit,none,,,13840,14733,59,0.170,6.899
2025-12-25T18:34:30.738616Z,40mbit,10mbit,800kbit,none,,,13440,14345,-678,0.178,7.542
2025-12-25T18:34:31.240488Z,40mbit,10mbit,800kbit,none,,,15440,14673,-474,0.176,6.890
2025-12-25T18:34:31.738417Z,40mbit,10mbit,800kbit,none,,,13840,14423,-692,0.176,6.858
2025-12-25T18:34:32.238509Z,40mbit,10mbit,800kbit,none,,,13440,14128,-604,0.173,6.638
2025-12-25T18:34:32.739281Z,40mbit,10mbit,800kbit,none,,,13440,13921,-423,0.158,6.321
2025-12-25T18:34:33.238261Z,40mbit,10mbit,800kbit,none,,,15440,14377,-296,0.213,6.077
2025-12-25T18:34:33.738972Z,40mbit,10mbit,800kbit,none,,,13440,14096,-327,0.213,6.675
2025-12-25T18:34:34.240395Z,40mbit,10mbit,800kbit,none,,,15440,14499,370,0.213,7.266
2025-12-25T18:34:34.739394Z,40mbit,10mbit,800kbit,none,,,13840,14301,379,0.209,6.326
2025-12-25T18:34:35.239033Z,40mbit,10mbit,800kbit,none,,,14672,14412,35,0.600,6.077
2025-12-25T18:34:35.740173Z,40mbit,10mbit,800kbit,none,,,16672,15090,994,0.600,6.684
2025-12-25T18:34:36.238282Z,40mbit,10mbit,800kbit,bump_mmtc,reactive,loss,15040,15075,576,0.612,7.501
2025-12-25T18:34:36.739699Z,40mbit,10mbit,800kbit,none,,,15840,15304,1003,0.625,6.534
2025-12-25T18:34:37.240342Z,40mbit,10mbit,800kbit,none,,,15440,15345,932,0.562,6.260
2025-12-25T18:34:37.738645Z,40mbit,10mbit,800kbit,none,,,15040,15253,163,0.617,7.310
2025-12-25T18:34:38.240362Z,40mbit,10mbit,800kbit,none,,,15440,15309,234,0.216,6.796
2025-12-25T18:34:38.740544Z,40mbit,10mbit,800kbit,none,,,16272,15598,293,0.216,7.608
2025-12-25T18:34:39.240595Z,40mbit,10mbit,800kbit,none,,,15040,15430,85,0.216,6.877
2025-12-25T18:34:39.738735Z,40mbit,10mbit,800kbit,none,,,15040,15313,59,0.212,6.946
2025-12-25T18:34:40.240947Z,40mbit,10mbit,800kbit,none,,,15440,15351,41,0.210,7.322
2025-12-25T18:34:40.740416Z,40mbit,10mbit,800kbit,none,,,15840,15498,-100,0.210,7.504
2025-12-25T18:34:41.239293Z,40mbit,10mbit,800kbit,none,,,15040,15360,-70,0.210,7.280
2025-12-25T18:34:41.738319Z,40mbit,10mbit,800kbit,none,,,15840,15504,190,0.168,7.652
2025-12-25T18:34:42.240448Z,40mbit,10mbit,800kbit,none,,,15440,15485,133,0.168,7.289
2025-12-25T18:34:42.740576Z,40mbit,10mbit,800kbit,none,,,11840,14391,-1106,0.945,7.340
2025-12-25T18:34:43.241226Z,40mbit,10mbit,800kbit,none,,,15040,14586,-774,1.121,7.562
2025-12-25T18:34:43.738390Z,40mbit,10mbit,800kbit,none,,,15840,14962,-542,1.178,7.017
2025-12-25T18:34:44.238940Z,40mbit,10mbit,800kbit,none,,,13840,14625,-859,1.176,7.352
2025-12-25T18:34:44.738602Z,40mbit,10mbit,800kbit,none,,,11840,13789,-601,1.169,7.556
2025-12-25T18:34:45.239722Z,40mbit,10mbit,800kbit,none,,,15040,14164,-421,0.497,6.641
2025-12-25T18:34:45.739567Z,40mbit,10mbit,800kbit,none,,,15440,14547,-414,0.497,6.375
2025-12-25T18:34:46.239014Z,40mbit,10mbit,800kbit,none,,,15040,14695,69,0.314,7.893
2025-12-25T18:34:46.740392Z,40mbit,10mbit,800kbit,none,,,15440,14918,1128,0.259,8.362
2025-12-25T18:34:47.244301Z,40mbit,10mbit,800kbit,none,,,15440,15075,910,0.259,6.048
2025-12-25T18:34:47.738739Z,40mbit,10mbit,800kbit,none,,,15440,15184,637,0.260,6.314
2025-12-25T18:34:48.238550Z,40mbit,10mbit,800kbit,none,,,15440,15261,565,0.258,8.460
2025-12-25T18:34:48.740350Z,40mbit,10mbit,800kbit,bump_mmtc,reactive,loss,15440,15314,396,0.152,8.272
2025-12-25T18:34:49.239913Z,40mbit,10mbit,800kbit,none,,,15040,15232,157,0.148,6.009
2025-12-25T18:34:49.739246Z,40mbit,10mbit,800kbit,none,,,16272,15544,359,0.141,6.901
2025-12-25T18:34:50.239907Z,40mbit,10mbit,800kbit,none,,,13840,15032,-228,0.141,7.751
2025-12-25T18:34:50.738790Z,40mbit,10mbit,800kbit,none,,,15840,15275,-39,0.139,7.412
2025-12-25T18:34:51.240004Z,40mbit,10mbit,800kbit,bump_mmtc,reactive,loss,11840,14244,-987,0.535,6.648
2025-12-25T18:34:51.738471Z,40mbit,10mbit,800kbit,none,,,15440,14603,-941,0.544,7.215
2025-12-25T18:34:52.240247Z,40mbit,10mbit,800kbit,none,,,14272,14503,-529,0.544,6.821
2025-12-25T18:34:52.740047Z,40mbit,10mbit,800kbit,none,,,15040,14664,-610,0.546,7.704
2025-12-25T18:34:53.239458Z,40mbit,10mbit,800kbit,bump_mmtc,reactive,loss,15040,14777,532,0.546,6.620
2025-12-25T18:34:53.738841Z,40mbit,10mbit,800kbit,bump_mmtc,reactive,loss,15440,14976,372,0.550,6.802
2025-12-25T18:34:54.239324Z,40mbit,10mbit,800kbit,none,,,13840,14635,131,0.155,7.133
2025-12-25T18:34:54.740401Z,40mbit,10mbit,800kbit,bump_mmtc,reactive,loss,15440,14876,212,0.154,7.158
2025-12-25T18:34:55.240244Z,40mbit,10mbit,800kbit,none,,,13440,14445,-331,0.154,7.646
2025-12-25T18:34:55.740330Z,40mbit,10mbit,800kbit,none,,,13840,14263,-712,0.152,6.440
2025-12-25T18:34:56.240389Z,40mbit,10mbit,800kbit,none,,,15440,14616,-18,0.151,6.763
2025-12-25T18:34:56.739999Z,40mbit,10mbit,800kbit,none,,,15440,14863,-12,0.151,6.817
2025-12-25T18:34:57.238736Z,40mbit,10mbit,800kbit,none,,,15440,15036,590,0.150,6.934
2025-12-25T18:34:57.740134Z,40mbit,10mbit,800kbit,none,,,15040,15037,773,0.150,6.568
2025-12-25T18:34:58.238791Z,40mbit,10mbit,800kbit,none,,,13840,14678,61,0.377,7.079
2025-12-25T18:34:58.740230Z,40mbit,10mbit,800kbit,none,,,15440,14906,43,0.391,6.391
2025-12-25T18:34:59.241342Z,40mbit,10mbit,800kbit,none,,,15440,15066,30,0.391,7.326
2025-12-25T18:34:59.740363Z,40mbit,10mbit,800kbit,none,,,15840,15298,261,0.391,7.247
2025-12-25T18:35:00.240450Z,40mbit,10mbit,800kbit,none,,,13440,14741,62,0.395,6.631
2025-12-25T18:35:00.738855Z,40mbit,10mbit,800kbit,none,,,14272,14600,-306,0.395,6.661
2025-12-25T18:35:01.238423Z,40mbit,10mbit,800kbit,none,,,15440,14852,-214,0.395,6.621
2025-12-25T18:35:01.739691Z,40mbit,10mbit,800kbit,none,,,15040,14908,-390,0.398,7.246
2025-12-25T18:35:02.240287Z,40mbit,10mbit,800kbit,none,,,15440,15068,326,0.399,7.329
2025-12-25T18:35:02.739377Z,40mbit,10mbit,800kbit,none,,,15840,15299,699,0.179,6.702
2025-12-25T18:35:03.240102Z,40mbit,10mbit,800kbit,none,,,15440,15341,489,0.171,6.657
2025-12-25T18:35:03.738829Z,40mbit,10mbit,800kbit,none,,,13840,14891,-17,0.171,7.380
2025-12-25T18:35:04.238838Z,40mbit,10mbit,800kbit,none,,,15040,14935,-132,0.171,7.976
2025-12-25T18:35:04.738777Z,40mbit,10mbit,800kbit,none,,,15440,15087,-212,0.171,6.637
2025-12-25T18:35:05.239003Z,40mbit,10mbit,800kbit,none,,,15440,15192,-148,0.171,6.878
2025-12-25T18:35:05.740186Z,40mbit,10mbit,800kbit,none,,,15440,15267,375,0.169,7.315
2025-12-25T18:35:06.240086Z,40mbit,10mbit,800kbit,none,,,15840,15438,503,0.169,7.268
2025-12-25T18:35:06.738872Z,40mbit,10mbit,800kbit,none,,,15840,15559,472,0.169,6.573
2025-12-25T18:35:07.241070Z,40mbit,10mbit,800kbit,none,,,15040,15403,210,0.157,7.331
2025-12-25T18:35:07.738759Z,40mbit,10mbit,800kbit,none,,,15440,15414,147,0.151,7.864
2025-12-25T18:35:08.238607Z,40mbit,10mbit,800kbit,none,,,15040,15302,-136,0.154,6.875
2025-12-25T18:35:08.738441Z,40mbit,10mbit,800kbit,none,,,13440,14743,-815,0.142,7.031
2025-12-25T18:35:09.238864Z,40mbit,10mbit,800kbit,none,,,15440,14952,-451,0.135,7.204
2025-12-25T18:35:09.738553Z,40mbit,10mbit,800kbit,none,,,16672,15468,53,0.137,7.086
2025-12-25T18:35:10.238795Z,40mbit,10mbit,800kbit,none,,,13440,14859,-442,0.141,7.101
2025-12-25T18:35:10.740287Z,40mbit,10mbit,800kbit,none,,,15040,14913,170,0.174,7.371
2025-12-25T18:35:11.239083Z,40mbit,10mbit,800kbit,none,,,15440,15071,119,0.174,6.599
2025-12-25T18:35:11.738279Z,40mbit,10mbit,800kbit,bump_mmtc,reactive,loss,16272,15431,-36,0.181,6.940
2025-12-25T18:35:12.240613Z,40mbit,10mbit,800kbit,none,,,13840,14954,94,0.184,7.503
2025-12-25T18:35:12.738497Z,40mbit,10mbit,800kbit,none,,,13840,14619,-293,0.184,8.029
2025-12-25T18:35:13.238268Z,40mbit,10mbit,800kbit,none,,,15040,14745,-325,0.184,5.833
2025-12-25T18:35:13.738446Z,40mbit,10mbit,800kbit,none,,,13840,14474,-957,0.189,6.692
2025-12-25T18:35:14.241461Z,40mbit,10mbit,800kbit,none,,,15440,14763,-190,0.192,8.315
2025-12-25T18:35:14.740512Z,40mbit,10mbit,800kbit,none,,,15440,14966,346,0.163,6.882
2025-12-25T18:35:15.238844Z,40mbit,10mbit,800kbit,none,,,13440,14508,-237,0.174,6.167
2025-12-25T18:35:15.739147Z,40mbit,10mbit,800kbit,none,,,13440,14188,-286,0.175,6.598
2025-12-25T18:35:16.241791Z,40mbit,10mbit,800kbit,none,,,16272,14813,49,0.175,7.295
2025-12-25T18:35:16.738292Z,40mbit,10mbit,800kbit,bump_mmtc,reactive,loss,15840,15121,154,0.161,6.733
2025-12-25T18:35:17.238325Z,40mbit,10mbit,800kbit,none,,,15840,15336,828,0.161,6.926
2025-12-25T18:35:17.738410Z,40mbit,10mbit,800kbit,none,,,15440,15367,1179,0.161,7.096
2025-12-25T18:35:18.238397Z,40mbit,10mbit,800kbit,none,,,15872,15519,705,0.592,6.494
2025-12-25T18:35:18.739929Z,40mbit,10mbit,800kbit,none,,,13440,14895,-225,0.576,6.815
2025-12-25T18:35:19.238289Z,40mbit,10mbit,800kbit,none,,,15040,14938,-398,0.570,8.107
2025-12-25T18:35:19.738249Z,40mbit,10mbit,800kbit,none,,,13840,14609,-758,0.794,7.021
2025-12-25T18:35:20.238588Z,40mbit,10mbit,800kbit,none,,,15040,14738,-780,0.796,6.223
2025-12-25T18:35:20.741001Z,40mbit,10mbit,800kbit,none,,,13440,14348,-546,0.796,6.927
2025-12-25T18:35:21.241376Z,40mbit,10mbit,800kbit,none,,,15840,14796,-142,0.796,7.577
2025-12-25T18:35:21.738810Z,40mbit,10mbit,800kbit,none,,,13440,14389,-219,0.373,6.693
2025-12-25T18:35:22.241259Z,40mbit,10mbit,800kbit,none,,,13440,14104,-633,0.391,7.305
2025-12-25T18:35:22.738891Z,40mbit,10mbit,800kbit,none,,,11840,13425,-923,0.401,7.413
2025-12-25T18:35:23.240528Z,40mbit,10mbit,800kbit,bump_mmtc,reactive,loss,15040,13909,-886,0.808,6.391
2025-12-25T18:35:23.739311Z,40mbit,10mbit,800kbit,none,,,15040,14248,-140,0.808,6.714
2025-12-25T18:35:24.239976Z,40mbit,10mbit,800kbit,none,,,13440,14006,-98,1.566,7.539
2025-12-25T18:35:24.738875Z,40mbit,10mbit,800kbit,none,,,15840,14556,1131,1.550,6.910
2025-12-25T18:35:25.241394Z,40mbit,10mbit,800kbit,none,,,15840,14941,1031,1.536,5.969
2025-12-25T18:35:25.738811Z,40mbit,10mbit,800kbit,none,,,13440,14490,242,1.526,7.584
2025-12-25T18:35:26.239381Z,40mbit,10mbit,800kbit,none,,,15440,14775,769,0.900,7.824
2025-12-25T18:35:26.738990Z,40mbit,10mbit,800kbit,none,,,15840,15094,538,0.146,7.240
2025-12-25T18:35:27.240068Z,40mbit,10mbit,800kbit,none,,,13840,14718,-222,0.146,6.419
2025-12-25T18:35:27.738400Z,40mbit,10mbit,800kbit,none,,,15440,14934,443,0.242,7.525
2025-12-25T18:35:28.239146Z,40mbit,10mbit,800kbit,none,,,14672,14856,80,0.271,7.505
2025-12-25T18:35:28.740149Z,40mbit,10mbit,800kbit,none,,,11840,13951,-1143,0.967,6.748
2025-12-25T18:35:29.240499Z,40mbit,10mbit,800kbit,none,,,15440,14397,-320,0.969,6.715
2025-12-25T18:35:29.739266Z,40mbit,10mbit,800kbit,none,,,15440,14710,-224,0.978,7.605
2025-12-25T18:35:30.240201Z,40mbit,10mbit,800kbit,none,,,11840,13849,-1006,0.978,7.381
2025-12-25T18:35:30.740192Z,40mbit,10mbit,800kbit,none,,,15040,14206,255,0.978,6.967
2025-12-25T18:35:31.239258Z,40mbit,10mbit,800kbit,none,,,15440,14576,178,0.978,6.737
2025-12-25T18:35:31.738500Z,40mbit,10mbit,800kbit,none,,,15440,14835,125,1.103,7.010
2025-12-25T18:35:32.240151Z,40mbit,10mbit,800kbit,none,,,15440,15016,1167,1.103,7.369
2025-12-25T18:35:32.740043Z,40mbit,10mbit,800kbit,none,,,13840,14663,457,1.103,8.129
2025-12-25T18:35:33.238830Z,40mbit,10mbit,800kbit,none,,,15440,14896,320,1.076,5.995
2025-12-25T18:35:33.738312Z,40mbit,10mbit,800kbit,none,,,15440,15059,224,0.512,7.118
2025-12-25T18:35:34.240348Z,40mbit,10mbit,800kbit,none,,,15440,15173,156,0.512,9.075
2025-12-25T18:35:34.738575Z,40mbit,10mbit,800kbit,none,,,15440,15253,589,0.510,6.876
2025-12-25T18:35:35.239382Z,40mbit,10mbit,800kbit,none,,,13440,14709,-187,0.507,6.557
2025-12-25T18:35:35.738819Z,40mbit,10mbit,800kbit,none,,,13440,14328,-730,0.291,7.377
2025-12-25T18:35:36.240411Z,40mbit,10mbit,800kbit,none,,,13440,14062,-1111,0.291,7.461
2025-12-25T18:35:36.740508Z,40mbit,10mbit,800kbit,none,,,16272,14725,-528,0.158,7.025
2025-12-25T18:35:37.240163Z,40mbit,10mbit,800kbit,none,,,13440,14339,-370,0.764,6.948
2025-12-25T18:35:37.739288Z,40mbit,10mbit,800kbit,none,,,13440,14069,-259,1.044,7.614
2025-12-25T18:35:38.243238Z,40mbit,10mbit,800kbit,none,,,15040,14360,298,1.044,6.323
2025-12-25T18:35:38.738437Z,40mbit,10mbit,800kbit,none,,,15440,14684,-40,1.044,7.020
2025-12-25T18:35:39.240173Z,40mbit,10mbit,800kbit,bump_mmtc,reactive,loss,15040,14791,451,1.048,7.477
2025-12-25T18:35:39.738693Z,40mbit,10mbit,800kbit,none,,,15440,14985,916,1.062,7.651
2025-12-25T18:35:40.238747Z,40mbit,10mbit,800kbit,none,,,15040,15002,641,1.062,6.592
2025-12-25T18:35:40.740685Z,40mbit,10mbit,800kbit,none,,,15840,15253,568,1.053,6.569
2025-12-25T18:35:41.238413Z,40mbit,10mbit,800kbit,none,,,13440,14709,-81,0.599,8.342
2025-12-25T18:35:41.738817Z,40mbit,10mbit,800kbit,none,,,13840,14448,-537,0.337,7.722
2025-12-25T18:35:42.241003Z,40mbit,10mbit,800kbit,none,,,15840,14866,-136,0.326,6.199
2025-12-25T18:35:42.738450Z,40mbit,10mbit,800kbit,none,,,13840,14558,-695,0.313,7.040
2025-12-25T18:35:43.240217Z,40mbit,10mbit,800kbit,none,,,15440,14822,113,0.323,8.209
2025-12-25T18:35:43.738246Z,40mbit,10mbit,800kbit,none,,,15840,15127,679,0.236,6.966
2025-12-25T18:35:44.239084Z,40mbit,10mbit,800kbit,none,,,15440,15221,355,0.219,6.831
2025-12-25T18:35:44.738865Z,40mbit,10mbit,800kbit,none,,,15440,15287,728,0.230,7.066
2025-12-25T18:35:45.238766Z,40mbit,10mbit,800kbit,bump_mmtc,reactive,loss,15840,15452,630,0.227,8.250
2025-12-25T18:35:45.740524Z,40mbit,10mbit,800kbit,none,,,15440,15449,321,0.226,7.115
2025-12-25T18:35:46.238722Z,40mbit,10mbit,800kbit,bump_mmtc,reactive,loss,15440,15446,224,0.156,6.891
2025-12-25T18:35:46.740407Z,40mbit,10mbit,800kbit,none,,,15440,15444,157,0.849,7.651
2025-12-25T18:35:47.239429Z,40mbit,10mbit,800kbit,none,,,13440,14843,-609,0.849,7.296
2025-12-25T18:35:47.738750Z,40mbit,10mbit,800kbit,none,,,14672,14791,-657,0.851,6.904
2025-12-25T18:35:48.239578Z,40mbit,10mbit,800kbit,none,,,13440,14386,-1060,0.851,7.021
2025-12-25T18:35:48.738643Z,40mbit,10mbit,800kbit,none,,,15440,14702,-742,0.852,7.566
2025-12-25T18:35:49.239067Z,40mbit,10mbit,800kbit,none,,,15040,14803,-39,0.848,6.778
2025-12-25T18:35:49.739393Z,40mbit,10mbit,800kbit,none,,,15840,15114,322,0.150,7.685
2025-12-25T18:35:50.239574Z,40mbit,10mbit,800kbit,none,,,15440,15212,825,0.797,7.090
2025-12-25T18:35:50.740748Z,40mbit,10mbit,800kbit,none,,,15440,15280,578,0.797,7.453
2025-12-25T18:35:51.239618Z,40mbit,10mbit,800kbit,none,,,15040,15208,404,0.798,7.689
2025-12-25T18:35:51.741367Z,40mbit,10mbit,800kbit,none,,,13840,14797,-316,0.799,7.670
2025-12-25T18:35:52.239286Z,40mbit,10mbit,800kbit,none,,,13840,14510,-701,0.927,7.605
2025-12-25T18:35:52.738880Z,40mbit,10mbit,800kbit,none,,,13440,14189,-1091,0.946,6.692
2025-12-25T18:35:53.238517Z,40mbit,10mbit,800kbit,none,,,13440,13964,-1243,0.450,7.372
2025-12-25T18:35:53.738857Z,40mbit,10mbit,800kbit,none,,,15440,14407,-390,0.450,6.830
2025-12-25T18:35:54.238568Z,40mbit,10mbit,800kbit,none,,,15040,14597,86,0.450,7.074
2025-12-25T18:35:54.738369Z,40mbit,10mbit,800kbit,none,,,15440,14849,660,0.451,6.842
2025-12-25T18:35:55.238436Z,40mbit,10mbit,800kbit,none,,,15840,15146,1182,0.453,7.210
2025-12-25T18:35:55.741784Z,40mbit,10mbit,800kbit,none,,,15440,15234,827,1.073,7.564
2025-12-25T18:35:56.239917Z,40mbit,10mbit,800kbit,none,,,15872,15426,828,1.059,7.325
2025-12-25T18:35:56.738970Z,40mbit,10mbit,800kbit,none,,,15440,15430,580,0.898,7.671
2025-12-25T18:35:57.238846Z,40mbit,10mbit,800kbit,none,,,13440,14833,-313,0.900,7.475
2025-12-25T18:35:57.741483Z,40mbit,10mbit,800kbit,none,,,15440,15015,-219,0.900,6.876
2025-12-25T18:35:58.240965Z,40mbit,10mbit,800kbit,none,,,15440,15142,-283,0.900,7.074
2025-12-25T18:35:58.740427Z,40mbit,10mbit,800kbit,none,,,15040,15111,-318,0.900,7.633
2025-12-25T18:35:59.238895Z,40mbit,10mbit,800kbit,none,,,13440,14610,-222,0.150,7.387
2025-12-25T18:35:59.738393Z,40mbit,10mbit,800kbit,none,,,15040,14739,-275,0.153,7.043
2025-12-25T18:36:00.240094Z,40mbit,10mbit,800kbit,none,,,13840,14469,-673,0.153,6.833
2025-12-25T18:36:00.738837Z,40mbit,10mbit,800kbit,none,,,11840,13680,-1431,0.749,8.108
2025-12-25T18:36:01.239341Z,40mbit,10mbit,800kbit,none,,,13440,13608,-1001,0.746,7.702
2025-12-25T18:36:01.739858Z,40mbit,10mbit,800kbit,none,,,15840,14277,-461,0.744,6.075
2025-12-25T18:36:02.239084Z,40mbit,10mbit,800kbit,none,,,17104,15125,656,0.744,6.476
2025-12-25T18:36:02.738756Z,40mbit,10mbit,800kbit,none,,,13440,14620,939,0.756,8.005
2025-12-25T18:36:03.238762Z,40mbit,10mbit,800kbit,none,,,11840,13786,177,0.757,7.783
2025-12-25T18:36:03.740367Z,40mbit,10mbit,800kbit,none,,,16672,14651,373,0.165,5.129
2025-12-25T18:36:04.239420Z,40mbit,10mbit,800kbit,none,,,15040,14768,-357,0.164,7.357
2025-12-25T18:36:04.739307Z,40mbit,10mbit,800kbit,bump_mmtc,reactive,loss,16672,15339,719,0.161,8.553
2025-12-25T18:36:05.238859Z,40mbit,10mbit,800kbit,none,,,15440,15369,1583,0.420,6.697
2025-12-25T18:36:05.738711Z,40mbit,10mbit,800kbit,none,,,15040,15270,618,0.518,5.614
2025-12-25T18:36:06.240178Z,40mbit,10mbit,800kbit,none,,,13840,14841,73,0.520,6.685
2025-12-25T18:36:06.738353Z,40mbit,10mbit,800kbit,bump_mmtc,reactive,loss,13440,14421,-918,1.206,8.729
2025-12-25T18:36:07.239042Z,40mbit,10mbit,800kbit,none,,,15040,14606,-762,1.206,6.758
2025-12-25T18:36:07.739966Z,40mbit,10mbit,800kbit,none,,,11840,13776,-1493,0.946,5.966
2025-12-25T18:36:08.240386Z,40mbit,10mbit,800kbit,none,,,13440,13675,-1165,0.946,7.709
2025-12-25T18:36:08.740240Z,40mbit,10mbit,800kbit,none,,,15440,14204,-216,0.850,6.225
2025-12-25T18:36:09.240679Z,40mbit,10mbit,800kbit,none,,,15440,14575,-31,0.850,6.965
2025-12-25T18:36:09.739325Z,40mbit,10mbit,800kbit,none,,,15440,14834,1058,0.852,6.948
2025-12-25T18:36:10.238928Z,40mbit,10mbit,800kbit,none,,,13440,14416,740,0.224,8.058
2025-12-25T18:36:10.739766Z,40mbit,10mbit,800kbit,none,,,15440,14723,518,0.228,6.550
2025-12-25T18:36:11.241063Z,40mbit,10mbit,800kbit,none,,,13440,14338,-237,0.228,6.773
2025-12-25T18:36:11.741093Z,40mbit,10mbit,800kbit,none,,,15840,14788,-45,0.248,8.726
2025-12-25T18:36:12.238320Z,40mbit,10mbit,800kbit,none,,,15440,14984,567,0.248,7.012
2025-12-25T18:36:12.740045Z,40mbit,10mbit,800kbit,none,,,15840,15240,517,0.248,6.447
2025-12-25T18:36:13.238305Z,40mbit,10mbit,800kbit,none,,,13440,14700,362,0.242,6.481
2025-12-25T18:36:13.739190Z,40mbit,10mbit,800kbit,none,,,15440,14922,133,0.244,7.456
2025-12-25T18:36:14.239969Z,40mbit,10mbit,800kbit,none,,,15440,15077,93,0.187,6.711
2025-12-25T18:36:14.739971Z,40mbit,10mbit,800kbit,none,,,13440,14586,-654,0.960,7.001
2025-12-25T18:36:15.240447Z,40mbit,10mbit,800kbit,none,,,15040,14722,21,0.944,7.305
2025-12-25T18:36:15.740540Z,40mbit,10mbit,800kbit,none,,,13840,14457,-464,0.949,6.488
2025-12-25T18:36:16.240102Z,40mbit,10mbit,800kbit,none,,,15440,14752,-325,0.945,6.927
2025-12-25T18:36:16.738704Z,40mbit,10mbit,800kbit,none,,,16272,15208,621,0.946,7.025
2025-12-25T18:36:17.241095Z,40mbit,10mbit,800kbit,none,,,11840,14197,-524,0.174,8.321
2025-12-25T18:36:17.740433Z,40mbit,10mbit,800kbit,none,,,13440,13970,-487,0.174,6.453
2025-12-25T18:36:18.238895Z,40mbit,10mbit,800kbit,none,,,15440,14411,-341,0.171,5.859
2025-12-25T18:36:18.738251Z,40mbit,10mbit,800kbit,none,,,13440,14119,-1088,0.171,7.798
2025-12-25T18:36:19.240228Z,40mbit,10mbit,800kbit,bump_mmtc,reactive,loss,16272,14765,567,0.172,7.190
2025-12-25T18:36:19.739991Z,40mbit,10mbit,800kbit,none,,,15840,15087,1117,0.172,6.704
2025-12-25T18:36:20.239062Z,40mbit,10mbit,800kbit,none,,,15040,15073,662,0.285,6.231
2025-12-25T18:36:20.738465Z,40mbit,10mbit,800kbit,none,,,13440,14583,463,0.285,6.948
2025-12-25T18:36:21.239188Z,40mbit,10mbit,800kbit,bump_mmtc,reactive,loss,13440,14240,-525,0.281,7.914
2025-12-25T18:36:21.739427Z,40mbit,10mbit,800kbit,none,,,15840,14720,-367,0.278,6.297
2025-12-25T18:36:22.238519Z,40mbit,10mbit,800kbit,none,,,15040,14816,-257,0.279,6.379
2025-12-25T18:36:22.741352Z,40mbit,10mbit,800kbit,none,,,13440,14403,-180,0.270,7.673
2025-12-25T18:36:23.240835Z,40mbit,10mbit,800kbit,none,,,15440,14714,473,0.206,6.311
2025-12-25T18:36:23.738449Z,40mbit,10mbit,800kbit,none,,,15440,14932,211,0.206,5.792
2025-12-25T18:36:24.238627Z,40mbit,10mbit,800kbit,none,,,15440,15084,268,0.380,7.088
2025-12-25T18:36:24.740313Z,40mbit,10mbit,800kbit,none,,,15040,15071,667,0.381,7.859
2025-12-25T18:36:25.239424Z,40mbit,10mbit,800kbit,none,,,13840,14701,-12,0.381,6.584
2025-12-25T18:36:25.738306Z,40mbit,10mbit,800kbit,bump_mmtc,reactive,loss,15840,15043,111,0.374,6.008
2025-12-25T18:36:26.240402Z,40mbit,10mbit,800kbit,none,,,15440,15162,77,0.374,7.323
2025-12-25T18:36:26.740563Z,40mbit,10mbit,800kbit,none,,,13440,14645,-425,0.374,8.209
2025-12-25T18:36:27.238790Z,40mbit,10mbit,800kbit,none,,,15440,14883,182,0.374,6.299
2025-12-25T18:36:27.738334Z,40mbit,10mbit,800kbit,none,,,15440,15050,7,0.382,6.263
2025-12-25T18:36:28.240539Z,40mbit,10mbit,800kbit,none,,,15040,15047,-114,0.333,7.318
2025-12-25T18:36:28.740504Z,40mbit,10mbit,800kbit,none,,,15440,15165,519,0.333,7.637
2025-12-25T18:36:29.239086Z,40mbit,10mbit,800kbit,none,,,15040,15127,243,0.156,7.040
2025-12-25T18:36:29.739108Z,40mbit,10mbit,800kbit,none,,,15440,15221,170,0.896,6.394
2025-12-25T18:36:30.241473Z,40mbit,10mbit,800kbit,none,,,13840,14806,-240,0.896,7.341
2025-12-25T18:36:30.740389Z,40mbit,10mbit,800kbit,none,,,15440,14996,-168,0.899,8.244
2025-12-25T18:36:31.238481Z,40mbit,10mbit,800kbit,none,,,11840,14049,-1077,1.142,6.877
2025-12-25T18:36:31.739223Z,40mbit,10mbit,800kbit,none,,,13440,13866,-1354,1.142,7.091
2025-12-25T18:36:32.240434Z,40mbit,10mbit,800kbit,none,,,15440,14338,-468,1.149,6.576
2025-12-25T18:36:32.739756Z,40mbit,10mbit,800kbit,bump_mmtc,reactive,loss,15040,14549,-447,0.452,7.525
2025-12-25T18:36:33.238275Z,40mbit,10mbit,800kbit,bump_mmtc,reactive,loss,15440,14816,766,1.083,6.962
2025-12-25T18:36:33.739382Z,40mbit,10mbit,800kbit,none,,,13840,14523,656,0.838,7.060
2025-12-25T18:36:34.238948Z,40mbit,10mbit,800kbit,none,,,15440,14798,459,1.035,7.159
2025-12-25T18:36:34.743169Z,40mbit,10mbit,800kbit,none,,,15840,15110,561,1.036,6.990
2025-12-25T18:36:35.239127Z,40mbit,10mbit,800kbit,none,,,15440,15209,393,1.036,8.910
2025-12-25T18:36:35.739355Z,40mbit,10mbit,800kbit,none,,,15840,15398,875,0.993,7.121
2025-12-25T18:36:36.240491Z,40mbit,10mbit,800kbit,none,,,13440,14811,12,0.364,6.861
2025-12-25T18:36:36.740388Z,40mbit,10mbit,800kbit,none,,,15040,14879,-231,0.360,7.254
2025-12-25T18:36:37.239320Z,40mbit,10mbit,800kbit,none,,,13440,14447,-761,0.162,7.637
2025-12-25T18:36:37.738549Z,40mbit,10mbit,800kbit,none,,,15040,14625,-773,0.152,7.608
2025-12-25T18:36:38.240949Z,40mbit,10mbit,800kbit,none,,,16272,15119,308,0.153,6.538
2025-12-25T18:36:38.738821Z,40mbit,10mbit,800kbit,none,,,13840,14735,-144,0.298,7.406
2025-12-25T18:36:39.240338Z,40mbit,10mbit,800kbit,none,,,13840,14466,19,0.295,7.379
2025-12-25T18:36:39.738438Z,40mbit,10mbit,800kbit,none,,,15840,14878,253,0.355,6.715
2025-12-25T18:36:40.239732Z,40mbit,10mbit,800kbit,none,,,15872,15176,57,0.363,7.341
2025-12-25T18:36:40.739455Z,40mbit,10mbit,800kbit,bump_mmtc,reactive,loss,11840,14175,-559,0.365,7.504
2025-12-25T18:36:41.239370Z,40mbit,10mbit,800kbit,none,,,15040,14435,-31,0.227,7.578
2025-12-25T18:36:41.738782Z,40mbit,10mbit,800kbit,none,,,15440,14736,-142,0.229,5.764
2025-12-25T18:36:42.240520Z,40mbit,10mbit,800kbit,bump_mmtc,reactive,loss,13840,14467,-709,0.170,6.998
2025-12-25T18:36:42.739724Z,40mbit,10mbit,800kbit,none,,,15440,14759,583,0.201,7.767
2025-12-25T18:36:43.239649Z,40mbit,10mbit,800kbit,none,,,11840,13883,-551,0.199,6.856
2025-12-25T18:36:43.740482Z,40mbit,10mbit,800kbit,none,,,15440,14350,-386,0.199,5.377
2025-12-25T18:36:44.241514Z,40mbit,10mbit,800kbit,none,,,13440,14077,-390,0.192,6.663
2025-12-25T18:36:44.739235Z,40mbit,10mbit,800kbit,none,,,15440,14486,-273,0.184,8.754
2025-12-25T18:36:45.240403Z,40mbit,10mbit,800kbit,none,,,11840,13692,-191,0.182,5.856
2025-12-25T18:36:45.738297Z,40mbit,10mbit,800kbit,none,,,13440,13616,-733,0.321,6.089
2025-12-25T18:36:46.238686Z,40mbit,10mbit,800kbit,none,,,15040,14043,-33,0.315,5.943
2025-12-25T18:36:46.739037Z,40mbit,10mbit,800kbit,none,,,15440,14462,-23,0.315,6.974
2025-12-25T18:36:47.238338Z,40mbit,10mbit,800kbit,none,,,15440,14755,1063,0.315,6.718
2025-12-25T18:36:47.739211Z,40mbit,10mbit,800kbit,none,,,14272,14610,994,0.315,6.158
2025-12-25T18:36:48.240027Z,40mbit,10mbit,800kbit,none,,,15040,14739,695,0.315,6.118
2025-12-25T18:36:48.739989Z,40mbit,10mbit,800kbit,none,,,16272,15199,736,0.316,6.268
2025-12-25T18:36:49.238250Z,40mbit,10mbit,800kbit,none,,,15440,15271,515,0.316,8.089
2025-12-25T18:36:49.738267Z,40mbit,10mbit,800kbit,none,,,11840,14242,-368,0.323,6.495
2025-12-25T18:36:50.238895Z,40mbit,10mbit,800kbit,none,,,11840,13521,-1218,0.323,6.116
2025-12-25T18:36:50.738972Z,40mbit,10mbit,800kbit,none,,,15440,14096,-1102,0.336,5.171
2025-12-25T18:36:51.238512Z,40mbit,10mbit,800kbit,none,,,11840,13419,-1851,0.336,7.437
2025-12-25T18:36:51.738954Z,40mbit,10mbit,800kbit,none,,,13840,13545,-696,0.210,7.503
2025-12-25T18:36:52.240263Z,40mbit,10mbit,800kbit,none,,,15440,14114,592,0.210,5.002
2025-12-25T18:36:52.740218Z,40mbit,10mbit,800kbit,none,,,15440,14511,414,0.211,5.463
2025-12-25T18:36:53.238336Z,40mbit,10mbit,800kbit,none,,,13840,14310,890,0.209,6.936
2025-12-25T18:36:53.739319Z,40mbit,10mbit,800kbit,none,,,15040,14529,983,0.230,8.110
2025-12-25T18:36:54.238349Z,40mbit,10mbit,800kbit,none,,,15440,14802,688,0.229,5.866
2025-12-25T18:36:54.739621Z,40mbit,10mbit,800kbit,none,,,15440,14993,481,0.188,5.790
2025-12-25T18:36:55.239454Z,40mbit,10mbit,800kbit,none,,,15440,15127,817,0.187,7.849
2025-12-25T18:36:55.738603Z,40mbit,10mbit,800kbit,bump_mmtc,reactive,loss,16272,15470,941,0.190,6.845
2025-12-25T18:36:56.238942Z,40mbit,10mbit,800kbit,none,,,15040,15341,539,0.190,5.813
2025-12-25T18:36:56.739577Z,40mbit,10mbit,800kbit,none,,,11840,14291,-702,0.166,6.703
2025-12-25T18:36:57.238551Z,40mbit,10mbit,800kbit,none,,,13840,14155,-971,0.166,7.417
2025-12-25T18:36:57.739935Z,40mbit,10mbit,800kbit,none,,,11840,13461,-2009,0.166,5.746
2025-12-25T18:36:58.240378Z,40mbit,10mbit,800kbit,none,,,15440,14054,-1286,0.166,6.416
2025-12-25T18:36:58.738828Z,40mbit,10mbit,800kbit,none,,,11840,13390,-900,0.154,6.992
2025-12-25T18:36:59.239621Z,40mbit,10mbit,800kbit,none,,,15040,13885,-270,0.154,6.844
2025-12-25T18:36:59.738366Z,40mbit,10mbit,800kbit,none,,,15040,14231,770,0.154,5.088
2025-12-25T18:37:00.239075Z,40mbit,10mbit,800kbit,none,,,13840,14114,59,0.143,7.159
2025-12-25T18:37:00.740185Z,40mbit,10mbit,800kbit,none,,,15040,14391,1001,0.143,7.087
2025-12-25T18:37:01.241367Z,40mbit,10mbit,800kbit,none,,,15440,14706,821,0.143,6.225
2025-12-25T18:37:01.741525Z,40mbit,10mbit,800kbit,none,,,13440,14326,94,0.143,6.334
2025-12-25T18:37:02.239978Z,40mbit,10mbit,800kbit,none,,,15872,14790,675,0.499,6.329
2025-12-25T18:37:02.740065Z,40mbit,10mbit,800kbit,none,,,15440,14985,593,0.504,7.013
2025-12-25T18:37:03.238336Z,40mbit,10mbit,800kbit,none,,,15040,15001,295,0.498,5.975
2025-12-25T18:37:03.740564Z,40mbit,10mbit,800kbit,bump_mmtc,reactive,loss,15440,15133,806,0.507,6.398
2025-12-25T18:37:04.238325Z,40mbit,10mbit,800kbit,none,,,15440,15225,435,0.513,6.777
2025-12-25T18:37:04.738457Z,40mbit,10mbit,800kbit,none,,,15840,15409,424,0.513,6.607
2025-12-25T18:37:05.238997Z,40mbit,10mbit,800kbit,none,,,15840,15538,537,0.157,6.908
2025-12-25T18:37:05.738606Z,40mbit,10mbit,800kbit,none,,,13840,15029,-103,0.145,7.772
2025-12-25T18:37:06.238886Z,40mbit,10mbit,800kbit,none,,,15440,15152,-72,0.160,6.609
2025-12-25T18:37:06.740265Z,40mbit,10mbit,800kbit,none,,,13840,14758,-650,0.826,6.810
2025-12-25T18:37:07.239397Z,40mbit,10mbit,800kbit,none,,,15040,14843,-695,0.826,7.713
2025-12-25T18:37:07.738741Z,40mbit,10mbit,800kbit,none,,,17104,15521,492,0.821,7.226
2025-12-25T18:37:08.238498Z,40mbit,10mbit,800kbit,none,,,13840,15016,-135,1.026,7.240
2025-12-25T18:37:08.740009Z,40mbit,10mbit,800kbit,none,,,15040,15023,265,1.025,7.423
2025-12-25T18:37:09.240067Z,40mbit,10mbit,800kbit,none,,,13440,14548,-294,1.025,7.148
2025-12-25T18:37:09.738614Z,40mbit,10mbit,800kbit,none,,,13840,14336,-1185,0.489,7.957
2025-12-25T18:37:10.239266Z,40mbit,10mbit,800kbit,none,,,15440,14667,-349,0.493,6.928
2025-12-25T18:37:10.741286Z,40mbit,10mbit,800kbit,none,,,15840,15019,-4,0.493,7.760
2025-12-25T18:37:11.239231Z,40mbit,10mbit,800kbit,none,,,15040,15025,476,1.160,6.880
2025-12-25T18:37:11.738470Z,40mbit,10mbit,800kbit,bump_mmtc,reactive,loss,15440,15149,813,0.969,7.083
2025-12-25T18:37:12.239649Z,40mbit,10mbit,800kbit,none,,,15840,15356,689,0.969,7.834
2025-12-25T18:37:12.742353Z,40mbit,10mbit,800kbit,none,,,15440,15381,362,0.969,7.571
2025-12-25T18:37:13.238985Z,40mbit,10mbit,800kbit,none,,,13440,14799,-226,0.832,7.810
2025-12-25T18:37:13.739092Z,40mbit,10mbit,800kbit,none,,,15440,14991,-158,1.130,7.451
2025-12-25T18:37:14.239028Z,40mbit,10mbit,800kbit,none,,,15040,15006,-350,1.130,7.154
2025-12-25T18:37:14.739032Z,40mbit,10mbit,800kbit,none,,,13440,14536,-845,0.468,7.560
2025-12-25T18:37:15.239687Z,40mbit,10mbit,800kbit,none,,,15440,14807,8,0.468,7.999
2025-12-25T18:37:15.740838Z,40mbit,10mbit,800kbit,none,,,13440,14397,-594,0.466,6.870
2025-12-25T18:37:16.241279Z,40mbit,10mbit,800kbit,none,,,15040,14590,-416,0.462,7.080
2025-12-25T18:37:16.738649Z,40mbit,10mbit,800kbit,none,,,15440,14845,308,0.470,7.457
2025-12-25T18:37:17.239090Z,40mbit,10mbit,800kbit,none,,,15440,15023,216,0.171,8.364
2025-12-25T18:37:17.740054Z,40mbit,10mbit,800kbit,none,,,15440,15148,751,0.171,6.562
2025-12-25T18:37:18.239323Z,40mbit,10mbit,800kbit,none,,,15040,15115,525,0.175,7.288
2025-12-25T18:37:18.738997Z,40mbit,10mbit,800kbit,none,,,15040,15093,248,0.165,7.725
2025-12-25T18:37:19.238383Z,40mbit,10mbit,800kbit,none,,,15440,15197,173,0.188,7.146
2025-12-25T18:37:19.740054Z,40mbit,10mbit,800kbit,none,,,15040,15150,1,0.187,7.269
2025-12-25T18:37:20.240168Z,40mbit,10mbit,800kbit,none,,,15040,15117,1,0.184,6.902
2025-12-25T18:37:20.739319Z,40mbit,10mbit,800kbit,none,,,15040,15093,0,0.184,6.844
2025-12-25T18:37:21.240079Z,40mbit,10mbit,800kbit,none,,,14272,14847,-349,0.184,6.899
2025-12-25T18:37:21.738265Z,40mbit,10mbit,800kbit,none,,,15840,15145,-4,0.190,7.245
2025-12-25T18:37:22.240020Z,40mbit,10mbit,800kbit,none,,,14272,14883,-233,0.190,6.992
2025-12-25T18:37:22.738929Z,40mbit,10mbit,800kbit,none,,,13840,14570,-523,0.421,7.220
2025-12-25T18:37:23.239251Z,40mbit,10mbit,800kbit,none,,,13440,14231,-616,0.395,6.628
2025-12-25T18:37:23.740303Z,40mbit,10mbit,800kbit,none,,,15440,14593,-551,0.395,6.735
2025-12-25T18:37:24.239701Z,40mbit,10mbit,800kbit,none,,,15440,14847,-35,0.402,6.879
2025-12-25T18:37:24.740057Z,40mbit,10mbit,800kbit,none,,,14160,14641,71,0.544,7.344
2025-12-25T18:37:25.239262Z,40mbit,10mbit,800kbit,none,,,14400,14568,337,0.536,6.793
2025-12-25T18:37:25.740380Z,40mbit,10mbit,800kbit,none,,,15440,14830,236,0.305,6.198
2025-12-25T18:37:26.239997Z,40mbit,10mbit,800kbit,none,,,15840,15133,285,0.309,7.101
2025-12-25T18:37:26.740257Z,40mbit,10mbit,800kbit,none,,,15040,15105,463,0.290,7.618
2025-12-25T18:37:27.238498Z,40mbit,10mbit,800kbit,none,,,15040,15085,516,0.290,7.071
2025-12-25T18:37:27.740411Z,40mbit,10mbit,800kbit,none,,,13440,14591,-238,0.142,6.180
2025-12-25T18:37:28.240238Z,40mbit,10mbit,800kbit,none,,,15040,14726,-406,0.140,6.989
2025-12-25T18:37:28.741081Z,40mbit,10mbit,800kbit,none,,,15440,14940,-164,0.140,7.317
2025-12-25T18:37:29.240728Z,40mbit,10mbit,800kbit,none,,,13840,14610,-475,0.146,7.148
2025-12-25T18:37:29.740471Z,40mbit,10mbit,800kbit,bump_mmtc,reactive,loss,13840,14379,-212,0.140,6.299
2025-12-25T18:37:30.240482Z,40mbit,10mbit,800kbit,none,,,15840,14817,91,0.148,6.276
2025-12-25T18:37:30.738229Z,40mbit,10mbit,800kbit,none,,,13840,14524,-416,1.012,7.167
2025-12-25T18:37:31.239990Z,40mbit,10mbit,800kbit,none,,,15840,14918,308,1.040,7.360
2025-12-25T18:37:31.740407Z,40mbit,10mbit,800kbit,none,,,13840,14595,216,1.042,7.153
2025-12-25T18:37:32.240193Z,40mbit,10mbit,800kbit,none,,,15040,14728,-88,1.349,6.642
2025-12-25T18:37:32.738897Z,40mbit,10mbit,800kbit,none,,,15440,14942,417,1.353,6.546
2025-12-25T18:37:33.238822Z,40mbit,10mbit,800kbit,none,,,15040,14971,52,1.057,8.106
2025-12-25T18:37:33.740914Z,40mbit,10mbit,800kbit,none,,,13760,14608,12,1.579,7.210
2025-12-25T18:37:34.239209Z,40mbit,10mbit,800kbit,none,,,13440,14257,-471,1.573,6.488
2025-12-25T18:37:34.738709Z,40mbit,10mbit,800kbit,none,,,15040,14492,-449,1.270,7.212
2025-12-25T18:37:35.238882Z,40mbit,10mbit,800kbit,none,,,15440,14776,-194,1.701,7.351
2025-12-25T18:37:35.740397Z,40mbit,10mbit,800kbit,none,,,16736,15364,756,1.701,7.948
2025-12-25T18:37:36.238863Z,40mbit,10mbit,800kbit,none,,,13440,14787,529,1.172,7.319
2025-12-25T18:37:36.739077Z,40mbit,10mbit,800kbit,none,,,15840,15102,610,0.665,7.776
2025-12-25T18:37:37.238698Z,40mbit,10mbit,800kbit,none,,,13440,14604,-172,0.753,7.465
2025-12-25T18:37:37.738373Z,40mbit,10mbit,800kbit,none,,,15440,14854,-509,0.959,8.915
2025-12-25T18:37:38.238639Z,40mbit,10mbit,800kbit,none,,,14272,14680,-107,0.527,7.564
2025-12-25T18:37:38.738731Z,40mbit,10mbit,800kbit,none,,,13840,14428,-674,0.494,7.731
2025-12-25T18:37:39.239102Z,40mbit,10mbit,800kbit,none,,,13440,14131,-472,0.477,6.835
2025-12-25T18:37:39.738423Z,40mbit,10mbit,800kbit,none,,,15840,14644,-210,0.616,6.913
2025-12-25T18:37:40.240019Z,40mbit,10mbit,800kbit,none,,,15440,14882,202,0.742,7.866
2025-12-25T18:37:40.743125Z,40mbit,10mbit,800kbit,none,,,13840,14570,142,0.742,7.480
2025-12-25T18:37:41.240105Z,40mbit,10mbit,800kbit,none,,,15440,14831,699,0.742,7.389
2025-12-25T18:37:41.739245Z,40mbit,10mbit,800kbit,bump_mmtc,reactive,loss,15440,15013,369,0.744,6.494
2025-12-25T18:37:42.240339Z,40mbit,10mbit,800kbit,none,,,15840,15261,378,0.744,7.849
2025-12-25T18:37:42.738733Z,40mbit,10mbit,800kbit,none,,,16272,15564,994,0.747,7.849
2025-12-25T18:37:43.239008Z,40mbit,10mbit,800kbit,none,,,15040,15407,576,1.192,7.591
2025-12-25T18:37:43.738829Z,40mbit,10mbit,800kbit,none,,,13440,14817,-196,1.192,6.292
2025-12-25T18:37:44.239352Z,40mbit,10mbit,800kbit,none,,,13840,14523,-737,0.991,7.552
2025-12-25T18:37:44.743434Z,40mbit,10mbit,800kbit,none,,,15440,14798,-765,0.657,7.751
2025-12-25T18:37:45.240130Z,40mbit,10mbit,800kbit,none,,,15040,14871,-536,0.655,7.162
2025-12-25T18:37:45.738821Z,40mbit,10mbit,800kbit,bump_mmtc,reactive,loss,13840,14561,-255,0.651,7.253
2025-12-25T18:37:46.238990Z,40mbit,10mbit,800kbit,none,,,15040,14705,181,0.188,7.198
2025-12-25T18:37:46.742572Z,40mbit,10mbit,800kbit,none,,,15440,14925,126,0.188,6.930
2025-12-25T18:37:47.239063Z,40mbit,10mbit,800kbit,none,,,13840,14599,-271,0.177,7.726
2025-12-25T18:37:47.738406Z,40mbit,10mbit,800kbit,none,,,15840,14971,410,0.205,8.187
2025-12-25T18:37:48.241244Z,40mbit,10mbit,800kbit,none,,,15040,14992,287,0.205,7.042
2025-12-25T18:37:48.740245Z,40mbit,10mbit,800kbit,none,,,15440,15126,200,0.212,6.800
2025-12-25T18:37:49.240166Z,40mbit,10mbit,800kbit,none,,,15040,15100,500,0.212,7.365
2025-12-25T18:37:49.738983Z,40mbit,10mbit,800kbit,none,,,14272,14852,-119,0.212,7.714
2025-12-25T18:37:50.240200Z,40mbit,10mbit,800kbit,none,,,13440,14428,-563,0.216,6.375
2025-12-25T18:37:50.739702Z,40mbit,10mbit,800kbit,none,,,15040,14611,-514,0.313,6.607
2025-12-25T18:37:51.238474Z,40mbit,10mbit,800kbit,none,,,13840,14380,-720,0.321,7.300
2025-12-25T18:37:51.740351Z,40mbit,10mbit,800kbit,bump_mmtc,reactive,loss,15440,14698,-153,0.287,6.789
2025-12-25T18:37:52.238369Z,40mbit,10mbit,800kbit,none,,,15440,14920,492,0.287,6.544
2025-12-25T18:37:52.740514Z,40mbit,10mbit,800kbit,none,,,13440,14476,-135,0.287,6.994
2025-12-25T18:37:53.240484Z,40mbit,10mbit,800kbit,none,,,15440,14765,385,0.280,6.890
2025-12-25T18:37:53.738302Z,40mbit,10mbit,800kbit,none,,,15440,14967,269,0.436,6.838
2025-12-25T18:37:54.241387Z,40mbit,10mbit,800kbit,none,,,15040,14989,68,0.582,7.237
2025-12-25T18:37:54.738949Z,40mbit,10mbit,800kbit,none,,,15440,15124,648,0.579,6.713
2025-12-25T18:37:55.238888Z,40mbit,10mbit,800kbit,none,,,15040,15099,333,0.588,7.110
2025-12-25T18:37:55.740217Z,40mbit,10mbit,800kbit,none,,,13440,14601,-366,0.588,6.636
2025-12-25T18:37:56.238403Z,40mbit,10mbit,800kbit,none,,,14272,14502,-486,0.588,7.033
2025-12-25T18:37:56.740349Z,40mbit,10mbit,800kbit,none,,,15440,14783,-340,0.588,7.158
2025-12-25T18:37:57.240194Z,40mbit,10mbit,800kbit,none,,,15040,14860,-238,0.588,6.785
2025-12-25T18:37:57.741207Z,40mbit,10mbit,800kbit,bump_mmtc,reactive,loss,15440,15034,432,0.424,6.911
2025-12-25T18:37:58.240061Z,40mbit,10mbit,800kbit,none,,,13840,14676,173,0.176,7.235
2025-12-25T18:37:58.740305Z,40mbit,10mbit,800kbit,none,,,13440,14305,-478,0.176,6.990
2025-12-25T18:37:59.239913Z,40mbit,10mbit,800kbit,none,,,14272,14295,-565,0.432,6.557
2025-12-25T18:37:59.739319Z,40mbit,10mbit,800kbit,none,,,14272,14288,-746,0.431,7.468
2025-12-25T18:38:00.239911Z,40mbit,10mbit,800kbit,none,,,15440,14633,-42,0.438,6.946
2025-12-25T18:38:00.741348Z,40mbit,10mbit,800kbit,none,,,15440,14875,570,0.452,6.555
2025-12-25T18:38:01.240484Z,40mbit,10mbit,800kbit,none,,,15040,14924,629,0.447,6.875
2025-12-25T18:38:01.740095Z,40mbit,10mbit,800kbit,none,,,13760,14575,287,0.182,6.995
2025-12-25T18:38:02.238522Z,40mbit,10mbit,800kbit,none,,,15440,14834,201,0.178,7.185
2025-12-25T18:38:02.738546Z,40mbit,10mbit,800kbit,none,,,13440,14416,-459,0.165,6.906
2025-12-25T18:38:03.240424Z,40mbit,10mbit,800kbit,none,,,11840,13643,-1281,0.157,7.188
2025-12-25T18:38:03.741354Z,40mbit,10mbit,800kbit,none,,,13840,13702,-873,0.154,6.174
2025-12-25T18:38:04.239095Z,40mbit,10mbit,800kbit,none,,,15440,14223,-611,0.167,5.963
2025-12-25T18:38:04.740094Z,40mbit,10mbit,800kbit,none,,,15040,14468,52,0.171,6.506
2025-12-25T18:38:05.238732Z,40mbit,10mbit,800kbit,bump_mmtc,reactive,loss,13440,14160,516,0.178,7.123
2025-12-25T18:38:05.740410Z,40mbit,10mbit,800kbit,none,,,15840,14664,961,0.177,6.286
2025-12-25T18:38:06.238477Z,40mbit,10mbit,800kbit,none,,,15440,14896,673,0.177,5.631
2025-12-25T18:38:06.738346Z,40mbit,10mbit,800kbit,none,,,15440,15059,591,0.177,7.512
2025-12-25T18:38:07.239442Z,40mbit,10mbit,800kbit,none,,,13840,14693,533,0.182,7.642
2025-12-25T18:38:07.741540Z,40mbit,10mbit,800kbit,none,,,13840,14437,-226,0.165,6.034
2025-12-25T18:38:08.240290Z,40mbit,10mbit,800kbit,none,,,15440,14738,-158,0.165,5.467
2025-12-25T18:38:08.738903Z,40mbit,10mbit,800kbit,none,,,11840,13868,-1190,0.187,7.495
2025-12-25T18:38:09.239310Z,40mbit,10mbit,800kbit,none,,,15440,14340,-353,0.190,7.462
2025-12-25T18:38:09.741093Z,40mbit,10mbit,800kbit,none,,,15440,14670,232,0.192,5.393
2025-12-25T18:38:10.240553Z,40mbit,10mbit,800kbit,none,,,15440,14901,162,0.192,6.462
2025-12-25T18:38:10.740494Z,40mbit,10mbit,800kbit,none,,,13440,14462,593,0.191,7.020
2025-12-25T18:38:11.240460Z,40mbit,10mbit,800kbit,none,,,15440,14755,415,0.191,7.200
2025-12-25T18:38:11.743534Z,40mbit,10mbit,800kbit,none,,,13840,14481,-188,0.191,5.945
2025-12-25T18:38:12.240552Z,40mbit,10mbit,800kbit,none,,,15440,14768,-132,0.191,6.978
2025-12-25T18:38:12.741272Z,40mbit,10mbit,800kbit,none,,,13840,14490,27,0.191,7.589
2025-12-25T18:38:13.238409Z,40mbit,10mbit,800kbit,none,,,15040,14655,-100,0.166,6.241
2025-12-25T18:38:13.740251Z,40mbit,10mbit,800kbit,none,,,12800,14098,-382,0.166,5.910
2025-12-25T18:38:14.239937Z,40mbit,10mbit,800kbit,none,,,15440,14501,-267,0.166,6.828
2025-12-25T18:38:14.740975Z,40mbit,10mbit,800kbit,none,,,13440,14182,-307,0.159,7.213
2025-12-25T18:38:15.239945Z,40mbit,10mbit,800kbit,none,,,15440,14559,-95,0.162,6.255
2025-12-25T18:38:15.738951Z,40mbit,10mbit,800kbit,none,,,13440,14223,125,0.249,6.487
2025-12-25T18:38:16.240355Z,40mbit,10mbit,800kbit,none,,,15040,14468,-32,0.249,6.642
2025-12-25T18:38:16.740207Z,40mbit,10mbit,800kbit,none,,,15840,14880,697,0.248,6.443
2025-12-25T18:38:17.240091Z,40mbit,10mbit,800kbit,none,,,15040,14928,368,0.255,6.772
2025-12-25T18:38:17.741232Z,40mbit,10mbit,800kbit,none,,,15440,15081,857,0.255,7.020
2025-12-25T18:38:18.241266Z,40mbit,10mbit,800kbit,none,,,13440,14589,120,0.255,6.360
2025-12-25T18:38:18.740460Z,40mbit,10mbit,800kbit,none,,,13840,14364,-515,0.249,6.884
2025-12-25T18:38:19.240481Z,40mbit,10mbit,800kbit,none,,,13440,14087,-840,0.249,6.289
2025-12-25T18:38:19.739992Z,40mbit,10mbit,800kbit,none,,,15440,14492,-588,0.243,7.193
2025-12-25T18:38:20.239048Z,40mbit,10mbit,800kbit,none,,,15040,14657,67,0.168,6.200
2025-12-25T18:38:20.739000Z,40mbit,10mbit,800kbit,none,,,13440,14291,-72,0.287,6.727
2025-12-25T18:38:21.239151Z,40mbit,10mbit,800kbit,none,,,15040,14516,429,0.287,6.295
2025-12-25T18:38:21.740554Z,40mbit,10mbit,800kbit,none,,,15440,14793,300,0.287,6.538
2025-12-25T18:38:22.244410Z,40mbit,10mbit,800kbit,none,,,15840,15107,450,0.287,7.088
2025-12-25T18:38:22.743425Z,40mbit,10mbit,800kbit,none,,,13440,14607,315,0.287,7.163
2025-12-25T18:38:23.239028Z,40mbit,10mbit,800kbit,none,,,13840,14377,-139,0.287,6.865
2025-12-25T18:38:23.739673Z,40mbit,10mbit,800kbit,none,,,15440,14695,-97,0.287,5.700
2025-12-25T18:38:24.239989Z,40mbit,10mbit,800kbit,none,,,15840,15039,-68,0.287,7.156
2025-12-25T18:38:24.739226Z,40mbit,10mbit,800kbit,none,,,15040,15039,432,0.287,7.537
2025-12-25T18:38:25.240399Z,40mbit,10mbit,800kbit,none,,,13840,14679,302,0.287,6.500
2025-12-25T18:38:25.740004Z,40mbit,10mbit,800kbit,none,,,15440,14907,211,0.276,5.782
2025-12-25T18:38:26.238357Z,40mbit,10mbit,800kbit,none,,,15440,15067,28,0.294,6.814
2025-12-25T18:38:26.738304Z,40mbit,10mbit,800kbit,none,,,13840,14699,-340,0.627,8.396
2025-12-25T18:38:27.239230Z,40mbit,10mbit,800kbit,none,,,15040,14801,121,0.627,6.859
2025-12-25T18:38:27.738302Z,40mbit,10mbit,800kbit,none,,,15040,14872,-34,0.816,6.099
2025-12-25T18:38:28.238286Z,40mbit,10mbit,800kbit,none,,,13440,14443,-624,0.702,6.899
2025-12-25T18:38:28.738429Z,40mbit,10mbit,800kbit,none,,,13840,14262,-437,0.931,7.904
2025-12-25T18:38:29.238781Z,40mbit,10mbit,800kbit,none,,,15840,14735,-65,0.922,6.866
2025-12-25T18:38:29.741402Z,40mbit,10mbit,800kbit,none,,,15040,14826,-46,0.591,6.391
2025-12-25T18:38:30.241161Z,40mbit,10mbit,800kbit,none,,,13440,14410,-32,0.384,7.448
2025-12-25T18:38:30.740535Z,40mbit,10mbit,800kbit,none,,,13840,14239,-22,0.384,7.644
2025-12-25T18:38:31.238728Z,40mbit,10mbit,800kbit,bump_mmtc,reactive,loss,15840,14719,-15,0.376,6.149
2025-12-25T18:38:31.741292Z,40mbit,10mbit,800kbit,none,,,13440,14335,-491,0.376,6.914
2025-12-25T18:38:32.239815Z,40mbit,10mbit,800kbit,none,,,15440,14667,256,0.143,8.362
2025-12-25T18:38:32.739359Z,40mbit,10mbit,800kbit,none,,,13840,14418,179,0.796,6.814
2025-12-25T18:38:33.239989Z,40mbit,10mbit,800kbit,none,,,13440,14125,-594,0.786,5.962
2025-12-25T18:38:33.743856Z,40mbit,10mbit,800kbit,none,,,15040,14399,63,0.789,6.869
2025-12-25T18:38:34.240322Z,40mbit,10mbit,800kbit,none,,,15440,14711,44,0.794,7.815
2025-12-25T18:38:34.738319Z,40mbit,10mbit,800kbit,none,,,14672,14699,280,0.799,6.528
2025-12-25T18:38:35.239122Z,40mbit,10mbit,800kbit,none,,,15040,14801,676,0.277,6.309
2025-12-25T18:38:35.739028Z,40mbit,10mbit,800kbit,none,,,13440,14393,-6,0.361,7.426
2025-12-25T18:38:36.238934Z,40mbit,10mbit,800kbit,none,,,15440,14707,-4,0.363,6.646
2025-12-25T18:38:36.738985Z,40mbit,10mbit,800kbit,none,,,15440,14927,227,0.363,7.089
2025-12-25T18:38:37.238759Z,40mbit,10mbit,800kbit,none,,,15440,15080,279,0.401,7.347
2025-12-25T18:38:37.740240Z,40mbit,10mbit,800kbit,none,,,15840,15308,915,0.270,6.770
2025-12-25T18:38:38.238707Z,40mbit,10mbit,800kbit,none,,,15840,15468,760,0.304,6.682
2025-12-25T18:38:38.739377Z,40mbit,10mbit,800kbit,none,,,15040,15339,412,0.303,7.396
2025-12-25T18:38:39.239971Z,40mbit,10mbit,800kbit,none,,,15872,15499,418,0.300,7.406
2025-12-25T18:38:39.739974Z,40mbit,10mbit,800kbit,none,,,15440,15481,172,0.266,7.401
2025-12-25T18:38:40.240515Z,40mbit,10mbit,800kbit,none,,,15040,15349,-118,0.266,6.901
2025-12-25T18:38:40.738865Z,40mbit,10mbit,800kbit,none,,,15840,15496,156,0.264,7.184
2025-12-25T18:38:41.238332Z,40mbit,10mbit,800kbit,none,,,13840,14999,-499,0.264,7.446
2025-12-25T18:38:41.739158Z,40mbit,10mbit,800kbit,none,,,13840,14651,-829,0.264,7.382
2025-12-25T18:38:42.240055Z,40mbit,10mbit,800kbit,bump_mmtc,reactive,loss,15440,14888,-460,0.151,6.658
2025-12-25T18:38:42.740453Z,40mbit,10mbit,800kbit,none,,,13840,14573,-922,0.151,7.392
2025-12-25T18:38:43.240499Z,40mbit,10mbit,800kbit,none,,,11840,13753,-1245,0.150,7.471
2025-12-25T18:38:43.738817Z,40mbit,10mbit,800kbit,none,,,15440,14259,-392,0.154,6.512
2025-12-25T18:38:44.242042Z,40mbit,10mbit,800kbit,none,,,16272,14863,-24,0.169,6.404
2025-12-25T18:38:44.738662Z,40mbit,10mbit,800kbit,none,,,15440,15036,462,0.753,7.147
2025-12-25T18:38:45.238598Z,40mbit,10mbit,800kbit,none,,,15872,15286,1533,0.757,7.689
2025-12-25T18:38:45.741215Z,40mbit,10mbit,800kbit,none,,,15440,15332,1073,0.766,6.785
2025-12-25T18:38:46.239295Z,40mbit,10mbit,800kbit,none,,,15440,15365,501,0.765,6.272
2025-12-25T18:38:46.739121Z,40mbit,10mbit,800kbit,none,,,15040,15267,231,0.785,7.775
2025-12-25T18:38:47.238521Z,40mbit,10mbit,800kbit,none,,,15440,15319,32,0.785,8.279
2025-12-25T18:38:47.739159Z,40mbit,10mbit,800kbit,none,,,15040,15235,-97,0.785,6.227
2025-12-25T18:38:48.240188Z,40mbit,10mbit,800kbit,none,,,15840,15416,51,0.785,6.859
2025-12-25T18:38:48.739092Z,40mbit,10mbit,800kbit,none,,,15440,15423,156,0.785,7.824
2025-12-25T18:38:49.241134Z,40mbit,10mbit,800kbit,bump_mmtc,reactive,loss,13440,14828,-490,0.196,7.750
2025-12-25T18:38:49.739294Z,40mbit,10mbit,800kbit,none,,,15440,15012,-223,0.190,7.048
2025-12-25T18:38:50.239736Z,40mbit,10mbit,800kbit,none,,,15440,15140,-276,0.174,7.190
2025-12-25T18:38:50.741059Z,40mbit,10mbit,800kbit,none,,,15040,15110,-313,0.174,8.035
2025-12-25T18:38:51.239295Z,40mbit,10mbit,800kbit,none,,,15040,15089,260,0.138,7.554
2025-12-25T18:38:51.739215Z,40mbit,10mbit,800kbit,none,,,13840,14714,-297,0.150,7.375
2025-12-25T18:38:52.239549Z,40mbit,10mbit,800kbit,none,,,15440,14932,-208,0.151,6.732
2025-12-25T18:38:52.740370Z,40mbit,10mbit,800kbit,bump_mmtc,reactive,loss,15440,15084,-25,0.155,7.373
2025-12-25T18:38:53.241011Z,40mbit,10mbit,800kbit,none,,,13440,14591,-498,0.168,8.221
2025-12-25T18:38:53.738855Z,40mbit,10mbit,800kbit,none,,,13840,14365,-348,0.644,6.643
2025-12-25T18:38:54.238555Z,40mbit,10mbit,800kbit,none,,,15440,14688,-244,0.631,6.144
2025-12-25T18:38:54.739187Z,40mbit,10mbit,800kbit,none,,,16704,15292,208,0.645,7.200
2025-12-25T18:38:55.240059Z,40mbit,10mbit,800kbit,none,,,15040,15216,625,0.645,7.636
2025-12-25T18:38:55.739053Z,40mbit,10mbit,800kbit,none,,,15040,15163,798,0.653,7.320
2025-12-25T18:38:56.239254Z,40mbit,10mbit,800kbit,none,,,15440,15246,558,0.648,6.111
2025-12-25T18:38:56.738775Z,40mbit,10mbit,800kbit,none,,,15440,15304,11,0.648,7.159
2025-12-25T18:38:57.240382Z,40mbit,10mbit,800kbit,none,,,16272,15594,377,0.648,8.258
2025-12-25T18:38:57.739661Z,40mbit,10mbit,800kbit,none,,,13440,14948,-215,0.174,7.679
2025-12-25T18:38:58.239960Z,40mbit,10mbit,800kbit,none,,,15440,15095,-150,0.418,6.431
2025-12-25T18:38:58.740375Z,40mbit,10mbit,800kbit,none,,,15040,15079,-225,0.407,6.693
2025-12-25T18:38:59.238264Z,40mbit,10mbit,800kbit,none,,,13840,14707,-887,0.411,8.445
2025-12-25T18:38:59.739054Z,40mbit,10mbit,800kbit,bump_mmtc,reactive,loss,15440,14927,-21,0.407,7.356
2025-12-25T18:39:00.239375Z,40mbit,10mbit,800kbit,bump_mmtc,reactive,loss,13840,14601,-494,0.410,6.887
2025-12-25T18:39:00.738799Z,40mbit,10mbit,800kbit,none,,,15440,14852,-226,0.599,6.918
2025-12-25T18:39:01.238858Z,40mbit,10mbit,800kbit,none,,,15440,15028,321,0.597,7.297
2025-12-25T18:39:01.740314Z,40mbit,10mbit,800kbit,none,,,15840,15272,345,0.592,8.346
2025-12-25T18:39:02.239142Z,40mbit,10mbit,800kbit,none,,,15040,15202,601,0.593,6.726
2025-12-25T18:39:02.738648Z,40mbit,10mbit,800kbit,none,,,15440,15273,421,0.588,7.233
2025-12-25T18:39:03.239963Z,40mbit,10mbit,800kbit,none,,,13840,14843,-185,0.156,7.462
2025-12-25T18:39:03.738434Z,40mbit,10mbit,800kbit,none,,,15872,15152,-120,0.159,7.484
2025-12-25T18:39:04.239153Z,40mbit,10mbit,800kbit,none,,,15840,15358,155,0.160,7.176
2025-12-25T18:39:04.738386Z,40mbit,10mbit,800kbit,bump_mmtc,reactive,loss,13440,14782,-490,0.160,7.358
2025-12-25T18:39:05.238347Z,40mbit,10mbit,800kbit,none,,,15440,14980,136,0.779,6.995
2025-12-25T18:39:05.739671Z,40mbit,10mbit,800kbit,none,,,15440,15118,-34,0.786,6.618
2025-12-25T18:39:06.238745Z,40mbit,10mbit,800kbit,none,,,15040,15094,-263,0.777,7.677
2025-12-25T18:39:06.738405Z,40mbit,10mbit,800kbit,none,,,15440,15198,415,0.780,7.372
2025-12-25T18:39:07.241421Z,40mbit,10mbit,800kbit,none,,,15040,15150,170,0.780,7.656
2025-12-25T18:39:07.740376Z,40mbit,10mbit,800kbit,none,,,15440,15237,119,0.768,6.586
2025-12-25T18:39:08.238400Z,40mbit,10mbit,800kbit,none,,,13440,14698,-396,0.148,7.614
2025-12-25T18:39:08.741348Z,40mbit,10mbit,800kbit,none,,,13440,14320,-877,0.148,8.290
2025-12-25T18:39:09.238830Z,40mbit,10mbit,800kbit,none,,,13840,14176,-974,0.525,6.370
2025-12-25T18:39:09.738776Z,40mbit,10mbit,800kbit,none,,,13440,13955,-1281,0.534,6.585
2025-12-25T18:39:10.241456Z,40mbit,10mbit,800kbit,none,,,15040,14280,-417,1.000,7.397
2025-12-25T18:39:10.740389Z,40mbit,10mbit,800kbit,none,,,13840,14148,-172,1.000,7.205
2025-12-25T18:39:11.238796Z,40mbit,10mbit,800kbit,none,,,15040,14416,239,1.000,6.628
2025-12-25T18:39:11.739147Z,40mbit,10mbit,800kbit,none,,,15440,14723,767,1.001,6.604
2025-12-25T18:39:12.240320Z,40mbit,10mbit,800kbit,none,,,13440,14338,57,1.568,7.945
2025-12-25T18:39:12.738883Z,40mbit,10mbit,800kbit,none,,,15840,14788,640,1.568,7.158
2025-12-25T18:39:13.238338Z,40mbit,10mbit,800kbit,none,,,13440,14384,-31,1.191,7.039
2025-12-25T18:39:13.738265Z,40mbit,10mbit,800kbit,none,,,11840,13620,-1102,1.190,7.370
2025-12-25T18:39:14.241257Z,40mbit,10mbit,800kbit,none,,,13440,13566,-771,1.190,6.525
2025-12-25T18:39:14.739089Z,40mbit,10mbit,800kbit,none,,,15040,14008,-780,0.731,6.651
2025-12-25T18:39:15.238306Z,40mbit,10mbit,800kbit,none,,,15440,14438,53,0.731,6.714
2025-12-25T18:39:15.740496Z,40mbit,10mbit,800kbit,none,,,15440,14738,1117,0.737,7.160
2025-12-25T18:39:16.238886Z,40mbit,10mbit,800kbit,bump_mmtc,reactive,loss,15040,14829,1262,0.166,7.102
2025-12-25T18:39:16.738971Z,40mbit,10mbit,800kbit,none,,,15440,15012,1003,0.159,6.344
2025-12-25T18:39:17.238888Z,40mbit,10mbit,800kbit,none,,,13840,14660,222,0.157,7.788
2025-12-25T18:39:17.740057Z,40mbit,10mbit,800kbit,none,,,13840,14414,-324,0.148,8.159
2025-12-25T18:39:18.238334Z,40mbit,10mbit,800kbit,none,,,15040,14602,-226,0.141,6.660
2025-12-25T18:39:18.740566Z,40mbit,10mbit,800kbit,none,,,15040,14733,-278,0.146,6.291
2025-12-25T18:39:19.239230Z,40mbit,10mbit,800kbit,none,,,14672,14715,54,0.150,7.125
2025-12-25T18:39:19.738858Z,40mbit,10mbit,800kbit,none,,,15440,14932,518,0.150,6.968
2025-12-25T18:39:20.238457Z,40mbit,10mbit,800kbit,none,,,15440,15084,482,0.133,6.309
2025-12-25T18:39:20.740392Z,40mbit,10mbit,800kbit,none,,,11840,14111,-622,0.143,6.928
2025-12-25T18:39:21.241028Z,40mbit,10mbit,800kbit,none,,,15440,14509,-205,0.145,7.334
2025-12-25T18:39:21.739096Z,40mbit,10mbit,800kbit,none,,,15840,14908,-23,0.150,6.566
2025-12-25T18:39:22.239060Z,40mbit,10mbit,800kbit,none,,,13840,14588,-496,0.150,6.874
2025-12-25T18:39:22.743168Z,40mbit,10mbit,800kbit,none,,,15440,14843,732,0.151,6.958
2025-12-25T18:39:23.241331Z,40mbit,10mbit,800kbit,none,,,15440,15022,512,0.168,6.533
2025-12-25T18:39:23.740270Z,40mbit,10mbit,800kbit,none,,,13840,14667,-241,0.168,6.292
2025-12-25T18:39:24.242318Z,40mbit,10mbit,800kbit,none,,,15440,14899,311,0.168,7.050
2025-12-25T18:39:24.738768Z,40mbit,10mbit,800kbit,none,,,15440,15061,217,0.165,7.638
2025-12-25T18:39:25.238514Z,40mbit,10mbit,800kbit,none,,,15440,15175,152,0.179,6.098
2025-12-25T18:39:25.739221Z,40mbit,10mbit,800kbit,none,,,13440,14654,-13,0.214,6.624
2025-12-25T18:39:26.239174Z,40mbit,10mbit,800kbit,none,,,13440,14290,-609,0.215,7.543
2025-12-25T18:39:26.739349Z,40mbit,10mbit,800kbit,none,,,15440,14635,-426,0.217,6.145
2025-12-25T18:39:27.240491Z,40mbit,10mbit,800kbit,none,,,15440,14876,-298,0.215,6.521
2025-12-25T18:39:27.738392Z,40mbit,10mbit,800kbit,none,,,13840,14565,-88,0.200,7.632
2025-12-25T18:39:28.240098Z,40mbit,10mbit,800kbit,none,,,15440,14827,537,0.200,6.711
2025-12-25T18:39:28.738845Z,40mbit,10mbit,800kbit,none,,,16272,15261,625,0.175,5.873
2025-12-25T18:39:29.239180Z,40mbit,10mbit,800kbit,none,,,14272,14964,87,0.206,7.232
2025-12-25T18:39:29.738911Z,40mbit,10mbit,800kbit,none,,,16672,15476,911,0.824,8.158
2025-12-25T18:39:30.239307Z,40mbit,10mbit,800kbit,none,,,15040,15345,517,0.824,6.815
2025-12-25T18:39:30.739252Z,40mbit,10mbit,800kbit,none,,,15440,15373,112,0.824,6.584
2025-12-25T18:39:31.239481Z,40mbit,10mbit,800kbit,none,,,14272,15043,78,0.847,7.123
2025-12-25T18:39:31.738463Z,40mbit,10mbit,800kbit,none,,,15040,15042,-434,0.847,8.104
2025-12-25T18:39:32.239188Z,40mbit,10mbit,800kbit,none,,,16272,15411,65,0.847,6.398
2025-12-25T18:39:32.739117Z,40mbit,10mbit,800kbit,none,,,13840,14939,-434,0.995,7.283
2025-12-25T18:39:33.238519Z,40mbit,10mbit,800kbit,none,,,15040,14969,-73,0.960,8.162
2025-12-25T18:39:33.741059Z,40mbit,10mbit,800kbit,none,,,15872,15240,198,0.960,6.823
2025-12-25T18:39:34.240103Z,40mbit,10mbit,800kbit,none,,,15440,15300,-110,0.342,7.436
2025-12-25T18:39:34.739999Z,40mbit,10mbit,800kbit,none,,,15440,15342,402,0.342,8.006
2025-12-25T18:39:35.238799Z,40mbit,10mbit,800kbit,none,,,15440,15371,401,0.347,8.165
2025-12-25T18:39:35.739938Z,40mbit,10mbit,800kbit,none,,,15840,15512,271,0.328,6.904
2025-12-25T18:39:36.240523Z,40mbit,10mbit,800kbit,none,,,15040,15370,70,0.167,7.492
2025-12-25T18:39:36.740097Z,40mbit,10mbit,800kbit,none,,,16272,15640,298,0.180,8.639
2025-12-25T18:39:37.241065Z,40mbit,10mbit,800kbit,none,,,15440,15580,209,0.180,7.407
2025-12-25T18:39:37.739066Z,40mbit,10mbit,800kbit,none,,,15840,15658,146,0.181,7.157
2025-12-25T18:39:38.238415Z,40mbit,10mbit,800kbit,bump_mmtc,reactive,loss,13440,14992,-377,0.181,7.592
2025-12-25T18:39:38.739185Z,40mbit,10mbit,800kbit,none,,,13840,14647,-993,0.180,7.904
2025-12-25T18:39:39.238368Z,40mbit,10mbit,800kbit,none,,,15040,14764,-815,0.182,6.526
2025-12-25T18:39:39.738540Z,40mbit,10mbit,800kbit,none,,,16272,15217,-441,0.182,7.229
2025-12-25T18:39:40.239944Z,40mbit,10mbit,800kbit,none,,,15840,15403,411,0.174,7.601
2025-12-25T18:39:40.739930Z,40mbit,10mbit,800kbit,none,,,15040,15294,647,0.167,7.245
2025-12-25T18:39:41.239894Z,40mbit,10mbit,800kbit,none,,,13440,14738,-26,0.157,6.897
2025-12-25T18:39:41.740494Z,40mbit,10mbit,800kbit,none,,,15440,14948,-268,0.157,6.787
2025-12-25T18:39:42.238318Z,40mbit,10mbit,800kbit,bump_mmtc,reactive,loss,13440,14496,-907,0.164,7.947
2025-12-25T18:39:42.740446Z,40mbit,10mbit,800kbit,none,,,15440,14779,-515,0.164,7.503
2025-12-25T18:39:43.239956Z,40mbit,10mbit,800kbit,none,,,15440,14977,239,0.159,6.422
2025-12-25T18:39:43.739221Z,40mbit,10mbit,800kbit,none,,,15440,15116,167,0.256,6.632
2025-12-25T18:39:44.238321Z,40mbit,10mbit,800kbit,none,,,13840,14733,237,0.255,7.079
2025-12-25T18:39:44.739954Z,40mbit,10mbit,800kbit,none,,,15440,14945,166,0.255,7.161
2025-12-25T18:39:45.240352Z,40mbit,10mbit,800kbit,none,,,15040,14973,-3,0.263,6.676
2025-12-25T18:39:45.738320Z,40mbit,10mbit,800kbit,none,,,15040,14993,-122,0.263,6.812
2025-12-25T18:39:46.239680Z,40mbit,10mbit,800kbit,none,,,14272,14777,43,0.940,7.324
2025-12-25T18:39:46.740030Z,40mbit,10mbit,800kbit,none,,,15440,14975,30,0.940,6.652
2025-12-25T18:39:47.239015Z,40mbit,10mbit,800kbit,none,,,13440,14515,-458,0.948,6.703
2025-12-25T18:39:47.740508Z,40mbit,10mbit,800kbit,bump_mmtc,reactive,loss,15440,14792,-200,0.867,7.310
2025-12-25T18:39:48.241150Z,40mbit,10mbit,800kbit,none,,,15040,14866,89,0.867,7.375
2025-12-25T18:39:48.741199Z,40mbit,10mbit,800kbit,none,,,13440,14438,-537,1.304,6.743
2025-12-25T18:39:49.239102Z,40mbit,10mbit,800kbit,none,,,15440,14739,223,1.295,6.988
2025-12-25T18:39:49.740002Z,40mbit,10mbit,800kbit,none,,,15440,14949,156,0.611,7.330
2025-12-25T18:39:50.240287Z,40mbit,10mbit,800kbit,none,,,15040,14976,109,0.611,7.591
2025-12-25T18:39:50.740130Z,40mbit,10mbit,800kbit,none,,,15840,15235,796,0.610,6.992
2025-12-25T18:39:51.239109Z,40mbit,10mbit,800kbit,none,,,15440,15296,557,0.728,7.808
2025-12-25T18:39:51.738849Z,40mbit,10mbit,800kbit,none,,,15440,15339,390,0.287,7.036
2025-12-25T18:39:52.239983Z,40mbit,10mbit,800kbit,bump_mmtc,reactive,loss,13440,14769,-206,0.288,7.818
2025-12-25T18:39:52.738953Z,40mbit,10mbit,800kbit,none,,,15040,14850,-384,0.288,7.734
2025-12-25T18:39:53.238456Z,40mbit,10mbit,800kbit,none,,,15872,15157,-139,0.368,6.799
2025-12-25T18:39:53.740483Z,40mbit,10mbit,800kbit,none,,,13440,14642,-697,0.225,7.378
2025-12-25T18:39:54.243545Z,40mbit,10mbit,800kbit,none,,,14272,14531,-238,0.235,7.978
2025-12-25T18:39:54.740517Z,40mbit,10mbit,800kbit,none,,,11840,13723,-1127,0.244,6.612
2025-12-25T18:39:55.239240Z,40mbit,10mbit,800kbit,none,,,15440,14238,-918,0.255,6.347
2025-12-25T18:39:55.741177Z,40mbit,10mbit,800kbit,bump_mmtc,reactive,loss,16272,14848,206,0.173,6.892
2025-12-25T18:39:56.238978Z,40mbit,10mbit,800kbit,bump_mmtc,reactive,loss,15040,14906,374,0.176,8.335
2025-12-25T18:39:56.739183Z,40mbit,10mbit,800kbit,none,,,15040,14946,1222,0.176,6.219
2025-12-25T18:39:57.238355Z,40mbit,10mbit,800kbit,none,,,16272,15343,1105,0.170,6.199
2025-12-25T18:39:57.738761Z,40mbit,10mbit,800kbit,none,,,15440,15372,524,0.161,7.340
2025-12-25T18:39:58.238314Z,40mbit,10mbit,800kbit,none,,,16272,15642,736,0.147,7.811
2025-12-25T18:39:58.739480Z,40mbit,10mbit,800kbit,none,,,13440,14981,35,0.147,7.392
2025-12-25T18:39:59.238727Z,40mbit,10mbit,800kbit,none,,,15040,14999,-344,0.147,6.050
2025-12-25T18:39:59.738552Z,40mbit,10mbit,800kbit,none,,,13440,14531,-841,0.179,6.500
2025-12-25T18:40:00.241029Z,40mbit,10mbit,800kbit,none,,,15840,14924,-718,0.179,7.578
2025-12-25T18:40:00.739103Z,40mbit,10mbit,800kbit,none,,,15040,14958,-22,0.180,6.993
2025-12-25T18:40:01.238307Z,40mbit,10mbit,800kbit,none,,,13440,14503,-496,0.180,6.624
2025-12-25T18:40:01.738786Z,40mbit,10mbit,800kbit,none,,,15040,14664,132,0.439,6.495
2025-12-25T18:40:02.239068Z,40mbit,10mbit,800kbit,bump_mmtc,reactive,loss,13440,14296,-627,0.448,6.766
2025-12-25T18:40:02.740097Z,40mbit,10mbit,800kbit,none,,,15440,14639,-318,0.448,7.743
2025-12-25T18:40:03.238253Z,40mbit,10mbit,800kbit,none,,,13840,14399,-103,1.019,6.809
2025-12-25T18:40:03.738737Z,40mbit,10mbit,800kbit,none,,,13440,14111,-552,1.019,7.421
2025-12-25T18:40:04.239059Z,40mbit,10mbit,800kbit,bump_mmtc,reactive,loss,15440,14510,213,0.984,5.931
2025-12-25T18:40:04.739799Z,40mbit,10mbit,800kbit,none,,,13840,14309,-330,1.000,7.326
2025-12-25T18:40:05.240107Z,40mbit,10mbit,800kbit,none,,,11840,13568,-831,0.745,7.492
2025-12-25T18:40:05.739389Z,40mbit,10mbit,800kbit,none,,,15440,14129,17,0.855,6.304
2025-12-25T18:40:06.239117Z,40mbit,10mbit,800kbit,bump_mmtc,reactive,loss,15840,14642,132,0.283,6.372
2025-12-25T18:40:06.740569Z,40mbit,10mbit,800kbit,none,,,15840,15002,692,0.287,7.063
2025-12-25T18:40:07.239167Z,40mbit,10mbit,800kbit,none,,,15440,15133,1564,0.265,7.631
2025-12-25T18:40:07.739988Z,40mbit,10mbit,800kbit,none,,,15840,15345,1215,0.452,6.666
2025-12-25T18:40:08.241421Z,40mbit,10mbit,800kbit,none,,,15840,15493,850,0.337,6.266
2025-12-25T18:40:08.738504Z,40mbit,10mbit,800kbit,none,,,15040,15357,355,0.421,7.892
2025-12-25T18:40:09.240161Z,40mbit,10mbit,800kbit,none,,,15840,15502,368,0.416,8.184
2025-12-25T18:40:09.738565Z,40mbit,10mbit,800kbit,none,,,15840,15603,258,0.427,6.374
2025-12-25T18:40:10.239255Z,40mbit,10mbit,800kbit,none,,,15040,15434,-59,0.229,6.814
2025-12-25T18:40:10.741166Z,40mbit,10mbit,800kbit,bump_mmtc,reactive,loss,15440,15436,78,0.232,7.911
2025-12-25T18:40:11.240317Z,40mbit,10mbit,800kbit,none,,,15040,15317,-185,0.157,7.419
2025-12-25T18:40:11.740384Z,40mbit,10mbit,800kbit,none,,,15440,15354,-249,0.164,6.763
2025-12-25T18:40:12.240085Z,40mbit,10mbit,800kbit,none,,,15040,15259,-174,0.215,7.346
2025-12-25T18:40:12.739267Z,40mbit,10mbit,800kbit,none,,,13840,14833,-602,0.225,7.883
2025-12-25T18:40:13.239291Z,40mbit,10mbit,800kbit,none,,,15440,15015,-301,0.289,6.980
2025-12-25T18:40:13.739305Z,40mbit,10mbit,800kbit,none,,,15440,15143,-211,0.733,7.033
2025-12-25T18:40:14.238771Z,40mbit,10mbit,800kbit,none,,,15440,15232,-27,0.726,7.794
2025-12-25T18:40:14.738793Z,40mbit,10mbit,800kbit,none,,,15040,15174,340,0.669,7.438
2025-12-25T18:40:15.240304Z,40mbit,10mbit,800kbit,none,,,13440,14654,-361,0.665,7.194
2025-12-25T18:40:15.738407Z,40mbit,10mbit,800kbit,none,,,15440,14889,-253,0.602,6.915
2025-12-25T18:40:16.240255Z,40mbit,10mbit,800kbit,none,,,15440,15054,-177,0.143,7.372
2025-12-25T18:40:16.739126Z,40mbit,10mbit,800kbit,none,,,13440,14570,-604,0.149,8.004
2025-12-25T18:40:17.240135Z,40mbit,10mbit,800kbit,none,,,15440,14831,177,0.303,6.783
2025-12-25T18:40:17.739358Z,40mbit,10mbit,800kbit,none,,,13840,14533,-355,0.301,6.577
2025-12-25T18:40:18.238428Z,40mbit,10mbit,800kbit,none,,,15840,14925,-129,0.286,7.256
2025-12-25T18:40:18.742433Z,40mbit,10mbit,800kbit,bump_mmtc,reactive,loss,14272,14729,159,0.894,7.525
2025-12-25T18:40:19.240983Z,40mbit,10mbit,800kbit,none,,,13440,14342,-488,0.889,7.630
2025-12-25T18:40:19.738277Z,40mbit,10mbit,800kbit,none,,,15040,14551,17,0.889,6.040
2025-12-25T18:40:20.240215Z,40mbit,10mbit,800kbit,none,,,13440,14218,-707,0.737,7.033
2025-12-25T18:40:20.738779Z,40mbit,10mbit,800kbit,none,,,13440,13984,-744,0.927,7.977
2025-12-25T18:40:21.239059Z,40mbit,10mbit,800kbit,bump_mmtc,reactive,loss,15040,14301,-41,0.935,6.448
2025-12-25T18:40:21.738731Z,40mbit,10mbit,800kbit,none,,,13840,14162,-388,0.561,6.637
2025-12-25T18:40:22.241102Z,40mbit,10mbit,800kbit,none,,,13440,13946,-272,0.561,6.716
2025-12-25T18:40:22.738439Z,40mbit,10mbit,800kbit,none,,,16272,14643,659,1.144,7.103
2025-12-25T18:40:23.238274Z,40mbit,10mbit,800kbit,none,,,15040,14762,461,1.144,6.702
2025-12-25T18:40:23.738800Z,40mbit,10mbit,800kbit,none,,,16272,15215,1052,1.144,7.119
2025-12-25T18:40:24.240381Z,40mbit,10mbit,800kbit,none,,,14672,15052,1106,1.151,7.401
2025-12-25T18:40:24.741244Z,40mbit,10mbit,800kbit,none,,,13840,14688,44,0.966,7.551
2025-12-25T18:40:25.239006Z,40mbit,10mbit,800kbit,none,,,13440,14314,-448,1.222,6.356
2025-12-25T18:40:25.739276Z,40mbit,10mbit,800kbit,bump_mmtc,reactive,loss,15440,14651,-563,0.998,7.546
2025-12-25T18:40:26.240226Z,40mbit,10mbit,800kbit,none,,,11840,13808,-1244,0.998,7.836
2025-12-25T18:40:26.740460Z,40mbit,10mbit,800kbit,none,,,15440,14297,-390,0.998,6.846
2025-12-25T18:40:27.239138Z,40mbit,10mbit,800kbit,none,,,13440,14040,-273,0.425,6.559
2025-12-25T18:40:27.738523Z,40mbit,10mbit,800kbit,none,,,14592,14205,-445,1.067,7.563
2025-12-25T18:40:28.239364Z,40mbit,10mbit,800kbit,bump_mmtc,reactive,loss,15040,14456,647,1.059,7.063
2025-12-25T18:40:28.738282Z,40mbit,10mbit,800kbit,none,,,14160,14367,69,0.806,7.638
2025-12-25T18:40:29.238758Z,40mbit,10mbit,800kbit,none,,,15440,14689,648,0.806,6.916
2025-12-25T18:40:29.740245Z,40mbit,10mbit,800kbit,none,,,15840,15034,828,0.806,6.969
2025-12-25T18:40:30.239057Z,40mbit,10mbit,800kbit,none,,,15440,15156,699,0.805,8.184
2025-12-25T18:40:30.740006Z,40mbit,10mbit,800kbit,none,,,13440,14641,273,0.801,6.946
2025-12-25T18:40:31.239376Z,40mbit,10mbit,800kbit,none,,,13840,14400,-288,0.801,7.406
2025-12-25T18:40:31.740099Z,40mbit,10mbit,800kbit,none,,,15040,14592,-441,0.149,6.532
2025-12-25T18:40:32.238441Z,40mbit,10mbit,800kbit,bump_mmtc,reactive,loss,15440,14846,-309,0.154,7.302
2025-12-25T18:40:32.739482Z,40mbit,10mbit,800kbit,none,,,15840,15144,503,0.156,7.282
2025-12-25T18:40:33.239353Z,40mbit,10mbit,800kbit,none,,,13840,14753,352,0.157,7.127
2025-12-25T18:40:33.740412Z,40mbit,10mbit,800kbit,none,,,14672,14728,136,0.157,6.477
2025-12-25T18:40:34.238638Z,40mbit,10mbit,800kbit,none,,,15040,14822,-24,0.150,6.883
2025-12-25T18:40:34.739077Z,40mbit,10mbit,800kbit,none,,,15440,15007,-137,0.150,8.060
2025-12-25T18:40:35.238751Z,40mbit,10mbit,800kbit,none,,,13440,14537,-216,0.150,7.094
2025-12-25T18:40:35.738842Z,40mbit,10mbit,800kbit,none,,,13840,14328,-400,0.162,6.619
2025-12-25T18:40:36.243995Z,40mbit,10mbit,800kbit,none,,,15440,14661,-160,0.166,6.184
2025-12-25T18:40:36.738726Z,40mbit,10mbit,800kbit,none,,,13840,14415,-592,0.169,7.126
2025-12-25T18:40:37.240283Z,40mbit,10mbit,800kbit,none,,,15440,14722,185,0.169,7.490
2025-12-25T18:40:37.740373Z,40mbit,10mbit,800kbit,none,,,13840,14457,129,0.243,6.443
2025-12-25T18:40:38.240125Z,40mbit,10mbit,800kbit,none,,,15440,14752,90,0.243,6.177
2025-12-25T18:40:38.738793Z,40mbit,10mbit,800kbit,none,,,13440,14358,-56,0.252,6.628
2025-12-25T18:40:39.239605Z,40mbit,10mbit,800kbit,bump_mmtc,reactive,loss,15040,14563,-159,0.274,7.902
2025-12-25T18:40:39.738305Z,40mbit,10mbit,800kbit,none,,,13840,14346,-111,0.272,6.231
2025-12-25T18:40:40.240002Z,40mbit,10mbit,800kbit,none,,,16272,14923,171,0.272,6.366
2025-12-25T18:40:40.740107Z,40mbit,10mbit,800kbit,none,,,13840,14598,240,0.276,6.825
2025-12-25T18:40:41.240389Z,40mbit,10mbit,800kbit,bump_mmtc,reactive,loss,15040,14731,168,0.197,7.201
2025-12-25T18:40:41.740176Z,40mbit,10mbit,800kbit,none,,,13840,14463,117,0.197,6.320
2025-12-25T18:40:42.242440Z,40mbit,10mbit,800kbit,none,,,15040,14636,-287,0.735,6.441
2025-12-25T18:40:42.739139Z,40mbit,10mbit,800kbit,none,,,16272,15127,528,0.734,6.974
2025-12-25T18:40:43.238921Z,40mbit,10mbit,800kbit,none,,,15040,15101,369,0.723,7.081
2025-12-25T18:40:43.738772Z,40mbit,10mbit,800kbit,none,,,15840,15322,858,0.726,6.967
2025-12-25T18:40:44.241250Z,40mbit,10mbit,800kbit,none,,,14272,15007,370,0.726,6.482
2025-12-25T18:40:44.738719Z,40mbit,10mbit,800kbit,none,,,13440,14537,-589,0.729,7.709
2025-12-25T18:40:45.240533Z,40mbit,10mbit,800kbit,none,,,13840,14328,-772,0.729,6.786
2025-12-25T18:40:45.741208Z,40mbit,10mbit,800kbit,none,,,15440,14661,-661,0.160,7.265
2025-12-25T18:40:46.238508Z,40mbit,10mbit,800kbit,none,,,15040,14775,-232,0.162,6.686
2025-12-25T18:40:46.739260Z,40mbit,10mbit,800kbit,none,,,15440,14974,437,0.162,7.087
2025-12-25T18:40:47.239080Z,40mbit,10mbit,800kbit,none,,,13440,14514,186,0.162,7.118
2025-12-25T18:40:47.741373Z,40mbit,10mbit,800kbit,none,,,13440,14191,-469,0.162,6.843
2025-12-25T18:40:48.239203Z,40mbit,10mbit,800kbit,none,,,15840,14686,-88,0.799,6.813
2025-12-25T18:40:48.739243Z,40mbit,10mbit,800kbit,none,,,16672,15282,307,0.799,7.520
2025-12-25T18:40:49.238851Z,40mbit,10mbit,800kbit,none,,,15440,15329,815,1.423,7.434
2025-12-25T18:40:49.742125Z,40mbit,10mbit,800kbit,none,,,15440,15362,1170,1.423,6.811
2025-12-25T18:40:50.238364Z,40mbit,10mbit,800kbit,none,,,15440,15385,699,1.644,7.124
2025-12-25T18:40:50.739976Z,40mbit,10mbit,800kbit,none,,,15440,15402,120,1.648,7.357
2025-12-25T18:40:51.238870Z,40mbit,10mbit,800kbit,none,,,15440,15413,84,1.648,8.249
2025-12-25T18:40:51.740543Z,40mbit,10mbit,800kbit,none,,,15040,15301,-61,1.655,7.701
2025-12-25T18:40:52.238359Z,40mbit,10mbit,800kbit,none,,,13840,14862,-522,1.655,6.898
2025-12-25T18:40:52.739113Z,40mbit,10mbit,800kbit,none,,,15440,15036,-365,1.655,7.459
2025-12-25T18:40:53.239203Z,40mbit,10mbit,800kbit,none,,,13440,14557,-856,1.016,8.480
2025-12-25T18:40:53.738860Z,40mbit,10mbit,800kbit,none,,,15440,14822,-479,0.388,8.329
2025-12-25T18:40:54.239190Z,40mbit,10mbit,800kbit,none,,,11840,13927,-935,0.388,7.632
2025-12-25T18:40:54.743282Z,40mbit,10mbit,800kbit,none,,,15440,14381,-654,0.162,7.774
2025-12-25T18:40:55.238394Z,40mbit,10mbit,800kbit,none,,,15840,14818,261,0.822,7.223
2025-12-25T18:40:55.740263Z,40mbit,10mbit,800kbit,none,,,15440,15005,183,0.822,8.578
2025-12-25T18:40:56.238851Z,40mbit,10mbit,800kbit,none,,,15440,15135,1208,0.816,7.846
2025-12-25T18:40:56.738833Z,40mbit,10mbit,800kbit,none,,,15440,15226,845,0.957,7.222
2025-12-25T18:40:57.241111Z,40mbit,10mbit,800kbit,none,,,15440,15290,472,0.959,7.488
2025-12-25T18:40:57.740287Z,40mbit,10mbit,800kbit,none,,,15440,15335,330,0.953,7.774
2025-12-25T18:40:58.239164Z,40mbit,10mbit,800kbit,none,,,13840,14886,-248,0.433,8.684
2025-12-25T18:40:58.742214Z,40mbit,10mbit,800kbit,none,,,15840,15172,-54,0.423,6.513
2025-12-25T18:40:59.239971Z,40mbit,10mbit,800kbit,none,,,15040,15132,-157,0.293,6.861
2025-12-25T18:40:59.740143Z,40mbit,10mbit,800kbit,none,,,15440,15225,-110,0.288,7.759
2025-12-25T18:41:00.238759Z,40mbit,10mbit,800kbit,none,,,15440,15289,402,0.298,7.729
2025-12-25T18:41:00.738324Z,40mbit,10mbit,800kbit,none,,,16272,15584,411,0.298,7.048
2025-12-25T18:41:01.238327Z,40mbit,10mbit,800kbit,none,,,15040,15421,288,0.159,7.134
2025-12-25T18:41:01.741213Z,40mbit,10mbit,800kbit,none,,,15440,15426,201,0.165,8.098
2025-12-25T18:41:02.241407Z,40mbit,10mbit,800kbit,none,,,15040,15310,21,0.165,7.800
2025-12-25T18:41:02.738486Z,40mbit,10mbit,800kbit,none,,,15040,15229,-354,0.154,7.138
2025-12-25T18:41:03.238222Z,40mbit,10mbit,800kbit,none,,,15440,15292,-128,0.169,7.288
2025-12-25T18:41:03.740499Z,40mbit,10mbit,800kbit,bump_mmtc,reactive,loss,15040,15216,-209,0.164,7.491
2025-12-25T18:41:04.239800Z,40mbit,10mbit,800kbit,none,,,14272,14933,-377,0.161,7.222
2025-12-25T18:41:04.738421Z,40mbit,10mbit,800kbit,none,,,15840,15205,-24,0.165,6.776
2025-12-25T18:41:05.240987Z,40mbit,10mbit,800kbit,none,,,13840,14795,-496,0.167,7.513
2025-12-25T18:41:05.741158Z,40mbit,10mbit,800kbit,none,,,15840,15109,-107,0.157,7.410
2025-12-25T18:41:06.241212Z,40mbit,10mbit,800kbit,none,,,15840,15328,394,0.158,7.017
2025-12-25T18:41:06.740262Z,40mbit,10mbit,800kbit,none,,,15040,15241,36,0.158,7.261
2025-12-25T18:41:07.241963Z,40mbit,10mbit,800kbit,none,,,15840,15421,625,0.151,7.001
2025-12-25T18:41:07.739255Z,40mbit,10mbit,800kbit,none,,,15440,15426,317,0.155,7.262
2025-12-25T18:41:08.241385Z,40mbit,10mbit,800kbit,none,,,15440,15430,102,0.157,7.218
2025-12-25T18:41:08.740140Z,40mbit,10mbit,800kbit,none,,,15040,15313,71,0.157,6.964
2025-12-25T18:41:09.241312Z,40mbit,10mbit,800kbit,none,,,11840,14271,-1149,0.157,7.764
2025-12-25T18:41:09.739011Z,40mbit,10mbit,800kbit,none,,,15040,14502,-924,0.157,6.394
2025-12-25T18:41:10.238985Z,40mbit,10mbit,800kbit,none,,,15040,14663,-767,0.153,6.514
2025-12-25T18:41:10.740604Z,40mbit,10mbit,800kbit,none,,,13440,14296,-1017,0.153,7.596
2025-12-25T18:41:11.238297Z,40mbit,10mbit,800kbit,none,,,15440,14639,367,0.152,6.971
2025-12-25T18:41:11.738847Z,40mbit,10mbit,800kbit,bump_mmtc,reactive,loss,16272,15129,627,0.162,6.093
2025-12-25T18:41:12.239378Z,40mbit,10mbit,800kbit,none,,,11840,14142,-520,0.260,7.002
2025-12-25T18:41:12.738389Z,40mbit,10mbit,800kbit,bump_mmtc,reactive,loss,13440,13931,-364,0.256,7.729
2025-12-25T18:41:13.238491Z,40mbit,10mbit,800kbit,none,,,15840,14504,-135,0.489,6.447
2025-12-25T18:41:13.741150Z,40mbit,10mbit,800kbit,none,,,11840,13704,-1424,0.489,6.283
2025-12-25T18:41:14.238972Z,40mbit,10mbit,800kbit,none,,,15040,14105,-37,0.586,7.080
2025-12-25T18:41:14.738869Z,40mbit,10mbit,800kbit,none,,,15440,14505,574,0.485,6.431
2025-12-25T18:41:15.238367Z,40mbit,10mbit,800kbit,none,,,15040,14666,161,0.485,5.973
2025-12-25T18:41:15.742340Z,40mbit,10mbit,800kbit,none,,,15440,14898,1193,0.485,6.063
2025-12-25T18:41:16.238424Z,40mbit,10mbit,800kbit,none,,,15040,14940,835,0.485,8.139
2025-12-25T18:41:16.739267Z,40mbit,10mbit,800kbit,none,,,13840,14610,104,0.487,6.350
2025-12-25T18:41:17.241018Z,40mbit,10mbit,800kbit,none,,,13440,14259,-406,0.983,6.045
2025-12-25T18:41:17.738630Z,40mbit,10mbit,800kbit,bump_mmtc,reactive,loss,15440,14613,-284,1.225,7.735
2025-12-25T18:41:18.238840Z,40mbit,10mbit,800kbit,none,,,13440,14261,-679,1.122,6.907
2025-12-25T18:41:18.739617Z,40mbit,10mbit,800kbit,none,,,13840,14135,-475,1.108,6.539
2025-12-25T18:41:19.240406Z,40mbit,10mbit,800kbit,none,,,15440,14526,267,1.117,6.600
2025-12-25T18:41:19.738996Z,40mbit,10mbit,800kbit,none,,,15440,14800,187,0.386,7.099
2025-12-25T18:41:20.239251Z,40mbit,10mbit,800kbit,none,,,13440,14392,130,0.386,6.964
2025-12-25T18:41:20.738463Z,40mbit,10mbit,800kbit,none,,,15440,14706,571,0.147,7.693
2025-12-25T18:41:21.239341Z,40mbit,10mbit,800kbit,none,,,15440,14926,400,0.144,6.760
2025-12-25T18:41:21.740427Z,40mbit,10mbit,800kbit,none,,,15440,15080,280,0.144,6.748
2025-12-25T18:41:22.238772Z,40mbit,10mbit,800kbit,none,,,13840,14708,316,0.153,8.028
2025-12-25T18:41:22.739194Z,40mbit,10mbit,800kbit,none,,,15440,14927,221,0.142,7.185
2025-12-25T18:41:23.238475Z,40mbit,10mbit,800kbit,none,,,15040,14961,34,0.148,6.034
2025-12-25T18:41:23.738246Z,40mbit,10mbit,800kbit,none,,,15440,15105,24,0.149,7.178
2025-12-25T18:41:24.241560Z,40mbit,10mbit,800kbit,none,,,13840,14725,17,0.172,8.084
2025-12-25T18:41:24.740676Z,40mbit,10mbit,800kbit,none,,,15440,14939,11,0.172,6.310
2025-12-25T18:41:25.239703Z,40mbit,10mbit,800kbit,none,,,15040,14969,8,0.180,6.206
2025-12-25T18:41:25.740448Z,40mbit,10mbit,800kbit,none,,,15840,15230,125,0.179,7.519
2025-12-25T18:41:26.239963Z,40mbit,10mbit,800kbit,none,,,15440,15293,568,0.179,7.555
2025-12-25T18:41:26.738644Z,40mbit,10mbit,800kbit,none,,,15440,15337,397,0.178,6.552
2025-12-25T18:41:27.241556Z,40mbit,10mbit,800kbit,none,,,15440,15368,398,0.163,6.692
2025-12-25T18:41:27.738590Z,40mbit,10mbit,800kbit,none,,,15440,15389,158,0.165,7.327
2025-12-25T18:41:28.239393Z,40mbit,10mbit,800kbit,none,,,15440,15404,111,0.163,7.611
2025-12-25T18:41:28.740392Z,40mbit,10mbit,800kbit,none,,,15440,15415,77,0.160,6.781
2025-12-25T18:41:29.239062Z,40mbit,10mbit,800kbit,none,,,15440,15422,54,0.814,7.073
2025-12-25T18:41:29.738337Z,40mbit,10mbit,800kbit,bump_mmtc,reactive,loss,15040,15307,-81,1.396,7.058
2025-12-25T18:41:30.240200Z,40mbit,10mbit,800kbit,none,,,15440,15347,-57,1.398,7.585
2025-12-25T18:41:30.741163Z,40mbit,10mbit,800kbit,none,,,15840,15495,79,1.389,7.340
2025-12-25T18:41:31.240150Z,40mbit,10mbit,800kbit,none,,,15440,15478,55,1.389,7.569
2025-12-25T18:41:31.738938Z,40mbit,10mbit,800kbit,none,,,13840,14987,-320,1.389,7.634
2025-12-25T18:41:32.240125Z,40mbit,10mbit,800kbit,none,,,15040,15002,-344,1.389,7.791
2025-12-25T18:41:32.738423Z,40mbit,10mbit,800kbit,none,,,15440,15134,-361,1.389,7.609
2025-12-25T18:41:33.239975Z,40mbit,10mbit,800kbit,none,,,13440,14625,-852,0.998,8.152
2025-12-25T18:41:33.740500Z,40mbit,10mbit,800kbit,none,,,13840,14390,-596,0.418,8.225
2025-12-25T18:41:34.238844Z,40mbit,10mbit,800kbit,bump_mmtc,reactive,loss,15440,14705,-297,0.415,7.023
2025-12-25T18:41:34.739152Z,40mbit,10mbit,800kbit,none,,,15040,14805,-328,0.415,7.344
2025-12-25T18:41:35.239167Z,40mbit,10mbit,800kbit,none,,,13440,14395,-229,0.628,8.392
2025-12-25T18:41:35.740403Z,40mbit,10mbit,800kbit,none,,,15440,14709,319,1.281,8.109
2025-12-25T18:41:36.238318Z,40mbit,10mbit,800kbit,none,,,15440,14928,223,1.281,6.670
2025-12-25T18:41:36.738399Z,40mbit,10mbit,800kbit,none,,,13840,14601,-203,1.281,7.542
2025-12-25T18:41:37.239684Z,40mbit,10mbit,800kbit,none,,,15040,14733,337,1.281,8.687
2025-12-25T18:41:37.740320Z,40mbit,10mbit,800kbit,none,,,13840,14465,-243,1.017,7.389
2025-12-25T18:41:38.240287Z,40mbit,10mbit,800kbit,none,,,15040,14637,-290,1.017,6.465
2025-12-25T18:41:38.740488Z,40mbit,10mbit,800kbit,none,,,15040,14758,156,1.017,7.435
2025-12-25T18:41:39.240118Z,40mbit,10mbit,800kbit,none,,,15040,14842,109,1.010,8.434
2025-12-25T18:41:39.739395Z,40mbit,10mbit,800kbit,none,,,15440,15022,556,1.620,6.511
2025-12-25T18:41:40.238883Z,40mbit,10mbit,800kbit,none,,,13440,14547,-90,1.620,7.204
2025-12-25T18:41:40.741298Z,40mbit,10mbit,800kbit,none,,,15440,14815,56,1.620,8.325
2025-12-25T18:41:41.238754Z,40mbit,10mbit,800kbit,none,,,14272,14652,-190,1.620,7.587
2025-12-25T18:41:41.739404Z,40mbit,10mbit,800kbit,none,,,11840,13808,-1213,1.665,7.936
2025-12-25T18:41:42.238312Z,40mbit,10mbit,800kbit,bump_mmtc,reactive,loss,15040,14177,-369,1.026,7.206
2025-12-25T18:41:42.741241Z,40mbit,10mbit,800kbit,none,,,15440,14556,-258,1.026,7.267
2025-12-25T18:41:43.239042Z,40mbit,10mbit,800kbit,none,,,15440,14821,169,1.026,7.485
2025-12-25T18:41:43.739312Z,40mbit,10mbit,800kbit,none,,,13440,14407,598,1.023,7.982
2025-12-25T18:41:44.239035Z,40mbit,10mbit,800kbit,none,,,15440,14716,538,0.412,7.638
2025-12-25T18:41:44.740145Z,40mbit,10mbit,800kbit,none,,,14672,14703,146,0.412,6.698
2025-12-25T18:41:45.238271Z,40mbit,10mbit,800kbit,none,,,13440,14324,-497,0.412,8.385
2025-12-25T18:41:45.738513Z,40mbit,10mbit,800kbit,none,,,16272,14908,501,0.162,8.174
2025-12-25T18:41:46.240991Z,40mbit,10mbit,800kbit,none,,,15840,15188,471,0.787,6.757
2025-12-25T18:41:46.739009Z,40mbit,10mbit,800kbit,none,,,15440,15263,560,1.058,6.801
2025-12-25T18:41:47.239009Z,40mbit,10mbit,800kbit,none,,,15040,15196,872,1.058,7.800
2025-12-25T18:41:47.738816Z,40mbit,10mbit,800kbit,none,,,15440,15269,360,1.482,8.017
2025-12-25T18:41:48.239046Z,40mbit,10mbit,800kbit,none,,,15440,15320,132,1.482,6.450
2025-12-25T18:41:48.740416Z,40mbit,10mbit,800kbit,none,,,15840,15476,212,1.482,7.985
2025-12-25T18:41:49.240976Z,40mbit,10mbit,800kbit,none,,,15440,15465,268,1.480,8.229
2025-12-25T18:41:49.739928Z,40mbit,10mbit,800kbit,none,,,15840,15577,308,1.480,7.235
2025-12-25T18:41:50.239130Z,40mbit,10mbit,800kbit,none,,,13440,14936,-384,1.487,7.420
2025-12-25T18:41:50.740407Z,40mbit,10mbit,800kbit,none,,,15840,15207,-268,0.853,8.440
2025-12-25T18:41:51.240033Z,40mbit,10mbit,800kbit,none,,,15040,15157,-308,0.853,8.008
2025-12-25T18:41:51.738713Z,40mbit,10mbit,800kbit,none,,,15440,15242,-335,0.575,7.963
2025-12-25T18:41:52.238334Z,40mbit,10mbit,800kbit,bump_mmtc,reactive,loss,15040,15181,244,0.159,7.855
2025-12-25T18:41:52.741285Z,40mbit,10mbit,800kbit,none,,,15440,15259,51,0.157,7.967
2025-12-25T18:41:53.238238Z,40mbit,10mbit,800kbit,none,,,13840,14833,-323,0.150,7.753
2025-12-25T18:41:53.740659Z,40mbit,10mbit,800kbit,none,,,15040,14895,-346,0.150,7.856
2025-12-25T18:41:54.239237Z,40mbit,10mbit,800kbit,none,,,15440,15058,-122,0.150,7.969
2025-12-25T18:41:54.738267Z,40mbit,10mbit,800kbit,none,,,15440,15173,-85,0.152,7.258
2025-12-25T18:41:55.238939Z,40mbit,10mbit,800kbit,none,,,15840,15373,539,0.157,7.440
2025-12-25T18:41:55.739129Z,40mbit,10mbit,800kbit,none,,,15040,15273,377,0.157,7.402
2025-12-25T18:41:56.238627Z,40mbit,10mbit,800kbit,none,,,13440,14723,-335,0.152,7.509
2025-12-25T18:41:56.740313Z,40mbit,10mbit,800kbit,none,,,15840,15058,-114,0.152,6.774
2025-12-25T18:41:57.238862Z,40mbit,10mbit,800kbit,none,,,15040,15052,-320,0.159,7.491
2025-12-25T18:41:57.738629Z,40mbit,10mbit,800kbit,none,,,15440,15168,-104,0.165,7.133
2025-12-25T18:41:58.238421Z,40mbit,10mbit,800kbit,none,,,15840,15370,647,0.165,6.845
2025-12-25T18:41:58.740213Z,40mbit,10mbit,800kbit,none,,,15440,15391,332,0.165,6.953
2025-12-25T18:41:59.239134Z,40mbit,10mbit,800kbit,none,,,15440,15405,353,0.165,6.910
2025-12-25T18:41:59.740221Z,40mbit,10mbit,800kbit,none,,,15440,15416,247,0.153,7.407
2025-12-25T18:42:00.238501Z,40mbit,10mbit,800kbit,none,,,15440,15423,52,0.207,7.492
2025-12-25T18:42:00.739095Z,40mbit,10mbit,800kbit,none,,,16272,15677,286,0.207,6.738
2025-12-25T18:42:01.239041Z,40mbit,10mbit,800kbit,none,,,13440,15006,-399,0.204,7.357
2025-12-25T18:42:01.740788Z,40mbit,10mbit,800kbit,none,,,15040,15016,-399,0.202,7.469
2025-12-25T18:42:02.238780Z,40mbit,10mbit,800kbit,none,,,15040,15023,-399,0.202,6.719
2025-12-25T18:42:02.740293Z,40mbit,10mbit,800kbit,bump_mmtc,reactive,loss,15840,15268,-409,0.188,7.144
2025-12-25T18:42:03.239150Z,40mbit,10mbit,800kbit,none,,,14272,14969,-36,0.189,7.323
2025-12-25T18:42:03.738369Z,40mbit,10mbit,800kbit,none,,,13840,14630,-385,0.127,7.298
2025-12-25T18:42:04.240158Z,40mbit,10mbit,800kbit,none,,,13840,14393,-630,0.128,6.390
2025-12-25T18:42:04.739027Z,40mbit,10mbit,800kbit,bump_mmtc,reactive,loss,13840,14227,-1041,0.622,6.694
2025-12-25T18:42:05.239955Z,40mbit,10mbit,800kbit,none,,,13840,14111,-858,0.652,7.744
2025-12-25T18:42:05.739284Z,40mbit,10mbit,800kbit,bump_mmtc,reactive,loss,15872,14639,8,0.653,6.808
2025-12-25T18:42:06.239256Z,40mbit,10mbit,800kbit,none,,,15440,14879,486,0.659,6.392
2025-12-25T18:42:06.739285Z,40mbit,10mbit,800kbit,none,,,13440,14447,220,0.665,6.923
2025-12-25T18:42:07.238575Z,40mbit,10mbit,800kbit,none,,,13840,14265,154,0.167,7.530
2025-12-25T18:42:07.739168Z,40mbit,10mbit,800kbit,none,,,13440,14017,-621,0.147,6.507
2025-12-25T18:42:08.240000Z,40mbit,10mbit,800kbit,none,,,15440,14444,-435,0.147,6.527
2025-12-25T18:42:08.740341Z,40mbit,10mbit,800kbit,none,,,13440,14143,-304,0.154,7.021
2025-12-25T18:42:09.239011Z,40mbit,10mbit,800kbit,none,,,13840,14052,-213,0.155,7.110
2025-12-25T18:42:09.739269Z,40mbit,10mbit,800kbit,none,,,13840,13988,-29,0.155,5.612
2025-12-25T18:42:10.238829Z,40mbit,10mbit,800kbit,none,,,15440,14423,-20,0.158,6.329
2025-12-25T18:42:10.739165Z,40mbit,10mbit,800kbit,none,,,15440,14728,585,0.161,7.072
2025-12-25T18:42:11.239144Z,40mbit,10mbit,800kbit,none,,,15840,15062,1009,0.161,6.975
2025-12-25T18:42:11.739070Z,40mbit,10mbit,800kbit,none,,,16672,15545,1556,0.159,6.240
2025-12-25T18:42:12.239131Z,40mbit,10mbit,800kbit,none,,,13440,14913,489,0.194,6.550
2025-12-25T18:42:12.741712Z,40mbit,10mbit,800kbit,bump_mmtc,reactive,loss,13840,14591,-137,0.198,7.609
2025-12-25T18:42:13.241420Z,40mbit,10mbit,800kbit,none,,,13840,14366,-696,0.826,6.511
2025-12-25T18:42:13.739958Z,40mbit,10mbit,800kbit,bump_mmtc,reactive,loss,13840,14208,-1336,0.824,6.507
2025-12-25T18:42:14.239708Z,40mbit,10mbit,800kbit,bump_mmtc,reactive,loss,15440,14577,-335,0.823,6.305
2025-12-25T18:42:14.743963Z,40mbit,10mbit,800kbit,none,,,11840,13756,-835,0.823,7.254
2025-12-25T18:42:15.238237Z,40mbit,10mbit,800kbit,none,,,13840,13781,-584,0.792,6.426
2025-12-25T18:42:15.739523Z,40mbit,10mbit,800kbit,none,,,15440,14279,70,0.794,5.635
2025-12-25T18:42:16.240068Z,40mbit,10mbit,800kbit,none,,,13440,14027,-550,0.165,7.831
2025-12-25T18:42:16.740950Z,40mbit,10mbit,800kbit,none,,,13840,13971,214,0.174,7.308
2025-12-25T18:42:17.240410Z,40mbit,10mbit,800kbit,none,,,15040,14291,510,0.179,6.112
2025-12-25T18:42:17.740463Z,40mbit,10mbit,800kbit,none,,,15440,14636,357,0.331,6.046
2025-12-25T18:42:18.238526Z,40mbit,10mbit,800kbit,none,,,15440,14877,850,0.316,7.114
2025-12-25T18:42:18.738334Z,40mbit,10mbit,800kbit,bump_mmtc,reactive,loss,13840,14566,595,0.311,7.990
2025-12-25T18:42:19.239076Z,40mbit,10mbit,800kbit,none,,,15040,14708,416,0.300,5.903
2025-12-25T18:42:19.739308Z,40mbit,10mbit,800kbit,none,,,15440,14927,291,0.300,5.812
2025-12-25T18:42:20.239155Z,40mbit,10mbit,800kbit,none,,,15440,15081,204,0.293,7.551
2025-12-25T18:42:20.740112Z,40mbit,10mbit,800kbit,none,,,15040,15069,502,0.131,7.449
2025-12-25T18:42:21.240106Z,40mbit,10mbit,800kbit,none,,,15040,15060,352,0.259,6.100
2025-12-25T18:42:21.738233Z,40mbit,10mbit,800kbit,bump_mmtc,reactive,loss,13440,14574,-353,0.266,6.319
2025-12-25T18:42:22.238466Z,40mbit,10mbit,800kbit,none,,,15440,14833,-247,0.275,7.224
2025-12-25T18:42:22.739374Z,40mbit,10mbit,800kbit,none,,,13840,14535,-533,0.282,7.333
2025-12-25T18:42:23.240297Z,40mbit,10mbit,800kbit,none,,,15040,14687,-373,0.288,6.768
2025-12-25T18:42:23.739465Z,40mbit,10mbit,800kbit,bump_mmtc,reactive,loss,14672,14682,108,0.930,6.385
2025-12-25T18:42:24.240409Z,40mbit,10mbit,800kbit,none,,,15040,14789,-44,0.930,7.058
2025-12-25T18:42:24.740163Z,40mbit,10mbit,800kbit,none,,,13840,14504,-30,1.122,7.074
2025-12-25T18:42:25.238600Z,40mbit,10mbit,800kbit,none,,,11840,13705,-981,1.122,7.275
2025-12-25T18:42:25.740345Z,40mbit,10mbit,800kbit,none,,,16272,14475,-207,1.122,6.830
2025-12-25T18:42:26.238669Z,40mbit,10mbit,800kbit,bump_mmtc,reactive,loss,13840,14284,-505,1.122,6.718
2025-12-25T18:42:26.741187Z,40mbit,10mbit,800kbit,none,,,13200,13959,-545,1.122,8.183
2025-12-25T18:42:27.240715Z,40mbit,10mbit,800kbit,none,,,15872,14533,827,1.122,6.444
2025-12-25T18:42:27.739001Z,40mbit,10mbit,800kbit,none,,,16672,15174,699,1.122,6.687
2025-12-25T18:42:28.241450Z,40mbit,10mbit,800kbit,bump_mmtc,reactive,loss,13840,14774,489,1.130,6.923
2025-12-25T18:42:28.738384Z,40mbit,10mbit,800kbit,none,,,13840,14494,534,1.282,8.825
2025-12-25T18:42:29.238375Z,40mbit,10mbit,800kbit,bump_mmtc,reactive,loss,13440,14177,-355,0.550,7.063
2025-12-25T18:42:29.740054Z,40mbit,10mbit,800kbit,bump_mmtc,reactive,loss,13440,13956,-1218,0.374,6.080
2025-12-25T18:42:30.239389Z,40mbit,10mbit,800kbit,none,,,15040,14281,-492,0.371,7.741
2025-12-25T18:42:30.738939Z,40mbit,10mbit,800kbit,bump_mmtc,reactive,loss,15840,14749,255,0.360,7.771
2025-12-25T18:42:31.238736Z,40mbit,10mbit,800kbit,none,,,15840,15076,898,0.360,6.231
2025-12-25T18:42:31.738726Z,40mbit,10mbit,800kbit,none,,,15440,15185,1228,0.209,6.507
2025-12-25T18:42:32.238599Z,40mbit,10mbit,800kbit,none,,,15840,15381,1100,0.355,8.246
2025-12-25T18:42:32.739370Z,40mbit,10mbit,800kbit,none,,,15840,15519,770,0.343,7.335
2025-12-25T18:42:33.238445Z,40mbit,10mbit,800kbit,none,,,15440,15495,419,0.577,7.231
2025-12-25T18:42:33.739955Z,40mbit,10mbit,800kbit,none,,,15840,15598,413,0.578,7.615
2025-12-25T18:42:34.239260Z,40mbit,10mbit,800kbit,none,,,15440,15551,169,0.567,7.230
2025-12-25T18:42:34.738243Z,40mbit,10mbit,800kbit,none,,,7520,13141,-2377,0.402,6.752
2025-12-25T18:42:35.240469Z,40mbit,10mbit,800kbit,none,,,22080,15823,327,0.402,5.830
2025-12-25T18:42:35.741385Z,40mbit,10mbit,800kbit,none,,,15440,15708,109,0.388,7.620
2025-12-25T18:42:36.240480Z,40mbit,10mbit,800kbit,none,,,15440,15627,76,0.388,8.885
2025-12-25T18:42:36.741377Z,40mbit,10mbit,800kbit,none,,,15440,15571,2429,0.156,6.293
2025-12-25T18:42:37.239514Z,40mbit,10mbit,800kbit,none,,,15440,15532,-291,0.146,5.986
2025-12-25T18:42:37.739131Z,40mbit,10mbit,800kbit,none,,,15840,15624,-83,0.154,6.913
2025-12-25T18:42:38.240268Z,40mbit,10mbit,800kbit,none,,,15040,15449,-178,0.145,9.096
2025-12-25T18:42:38.738583Z,40mbit,10mbit,800kbit,none,,,15440,15446,-125,0.155,7.787
2025-12-25T18:42:39.239961Z,40mbit,10mbit,800kbit,none,,,16272,15694,162,0.156,5.252
2025-12-25T18:42:39.738524Z,40mbit,10mbit,800kbit,none,,,15440,15617,-6,0.167,7.970
2025-12-25T18:42:40.239500Z,40mbit,10mbit,800kbit,none,,,15040,15444,-4,0.191,8.430
2025-12-25T18:42:40.739030Z,40mbit,10mbit,800kbit,none,,,15840,15563,116,0.193,7.103
2025-12-25T18:42:41.240397Z,40mbit,10mbit,800kbit,none,,,15440,15526,-167,0.637,6.344
2025-12-25T18:42:41.738350Z,40mbit,10mbit,800kbit,none,,,15440,15500,-117,0.637,8.189
2025-12-25T18:42:42.238859Z,40mbit,10mbit,800kbit,none,,,15040,15362,-82,0.635,7.938
2025-12-25T18:42:42.740294Z,40mbit,10mbit,800kbit,none,,,15840,15505,-57,0.621,7.296
2025-12-25T18:42:43.239858Z,40mbit,10mbit,800kbit,none,,,15440,15485,-40,0.586,7.077
2025-12-25T18:42:43.740936Z,40mbit,10mbit,800kbit,none,,,15440,15472,-28,0.574,7.936
2025-12-25T18:42:44.241014Z,40mbit,10mbit,800kbit,none,,,13840,14982,-379,0.126,7.863
2025-12-25T18:42:44.739907Z,40mbit,10mbit,800kbit,none,,,15440,15119,-385,0.126,7.161
2025-12-25T18:42:45.238419Z,40mbit,10mbit,800kbit,none,,,15040,15095,-390,0.126,7.140
2025-12-25T18:42:45.738324Z,40mbit,10mbit,800kbit,none,,,13440,14599,-873,0.233,7.967
2025-12-25T18:42:46.240200Z,40mbit,10mbit,800kbit,none,,,15840,14971,-11,0.245,7.377
2025-12-25T18:42:46.741155Z,40mbit,10mbit,800kbit,none,,,15440,15111,-7,0.245,6.794
2025-12-25T18:42:47.240524Z,40mbit,10mbit,800kbit,none,,,15040,15090,-5,0.257,7.378
2025-12-25T18:42:47.740242Z,40mbit,10mbit,800kbit,none,,,15440,15195,596,0.262,7.463
2025-12-25T18:42:48.240370Z,40mbit,10mbit,800kbit,none,,,15440,15268,297,0.264,7.536
2025-12-25T18:42:48.738884Z,40mbit,10mbit,800kbit,none,,,13840,14840,-271,0.411,6.659
2025-12-25T18:42:49.239487Z,40mbit,10mbit,800kbit,none,,,15440,15020,-70,0.411,7.413
2025-12-25T18:42:49.738931Z,40mbit,10mbit,800kbit,none,,,15040,15026,-169,0.416,7.490
2025-12-25T18:42:50.241224Z,40mbit,10mbit,800kbit,none,,,16272,15399,131,0.419,6.824
2025-12-25T18:42:50.741308Z,40mbit,10mbit,800kbit,none,,,13440,14811,-28,0.415,6.959
2025-12-25T18:42:51.243203Z,40mbit,10mbit,800kbit,none,,,15440,15000,-19,0.415,7.565
2025-12-25T18:42:51.739288Z,40mbit,10mbit,800kbit,none,,,14672,14901,-124,0.947,6.684
2025-12-25T18:42:52.239232Z,40mbit,10mbit,800kbit,none,,,15040,14943,-456,0.699,7.299
2025-12-25T18:42:52.739191Z,40mbit,10mbit,800kbit,none,,,16272,15341,530,0.699,7.681
2025-12-25T18:42:53.238782Z,40mbit,10mbit,800kbit,none,,,15040,15251,251,0.692,7.200
2025-12-25T18:42:53.740090Z,40mbit,10mbit,800kbit,none,,,15440,15307,406,0.692,6.893
2025-12-25T18:42:54.239493Z,40mbit,10mbit,800kbit,none,,,13840,14867,-75,0.677,7.217
2025-12-25T18:42:54.740519Z,40mbit,10mbit,800kbit,none,,,15840,15159,-182,0.674,8.336
2025-12-25T18:42:55.239326Z,40mbit,10mbit,800kbit,none,,,15040,15123,-127,0.674,6.881
2025-12-25T18:42:55.739089Z,40mbit,10mbit,800kbit,none,,,15040,15098,-209,0.132,7.778
2025-12-25T18:42:56.238482Z,40mbit,10mbit,800kbit,none,,,15040,15080,213,0.133,7.072
2025-12-25T18:42:56.740044Z,40mbit,10mbit,800kbit,none,,,15440,15188,29,0.137,7.177
2025-12-25T18:42:57.239961Z,40mbit,10mbit,800kbit,none,,,13440,14664,-459,0.143,7.279
2025-12-25T18:42:57.739148Z,40mbit,10mbit,800kbit,none,,,13840,14416,-681,0.152,7.651
2025-12-25T18:42:58.241517Z,40mbit,10mbit,800kbit,none,,,15440,14723,-357,0.160,7.015
2025-12-25T18:42:58.738409Z,40mbit,10mbit,800kbit,none,,,11840,13858,-1329,0.170,6.901
2025-12-25T18:42:59.238441Z,40mbit,10mbit,800kbit,none,,,15440,14333,-330,0.449,7.504
2025-12-25T18:42:59.741450Z,40mbit,10mbit,800kbit,none,,,13840,14185,-231,0.452,6.448
2025-12-25T18:43:00.239958Z,40mbit,10mbit,800kbit,none,,,12672,13731,-992,0.452,7.277
2025-12-25T18:43:00.740260Z,40mbit,10mbit,800kbit,none,,,15040,14123,265,0.448,6.084
2025-12-25T18:43:01.238621Z,40mbit,10mbit,800kbit,none,,,15440,14518,185,0.456,6.998
2025-12-25T18:43:01.738814Z,40mbit,10mbit,800kbit,none,,,16272,15044,859,0.456,6.447
2025-12-25T18:43:02.240339Z,40mbit,10mbit,800kbit,none,,,14272,14812,1081,0.456,6.768
2025-12-25T18:43:02.740167Z,40mbit,10mbit,800kbit,none,,,15840,15121,997,0.456,7.484
2025-12-25T18:43:03.240422Z,40mbit,10mbit,800kbit,bump_mmtc,reactive,loss,15440,15216,698,0.492,6.033
2025-12-25T18:43:03.739341Z,40mbit,10mbit,800kbit,none,,,15440,15283,239,0.212,7.285
2025-12-25T18:43:04.239740Z,40mbit,10mbit,800kbit,none,,,15040,15210,397,0.202,7.453
2025-12-25T18:43:04.739976Z,40mbit,10mbit,800kbit,none,,,15440,15279,158,0.202,6.733
2025-12-25T18:43:05.239989Z,40mbit,10mbit,800kbit,none,,,15040,15207,-9,0.197,6.185
2025-12-25T18:43:05.738303Z,40mbit,10mbit,800kbit,none,,,15440,15277,-6,0.187,7.379
2025-12-25T18:43:06.239925Z,40mbit,10mbit,800kbit,none,,,16272,15575,365,0.187,7.737
2025-12-25T18:43:06.739140Z,40mbit,10mbit,800kbit,none,,,13440,14935,-344,0.187,6.840
2025-12-25T18:43:07.241312Z,40mbit,10mbit,800kbit,none,,,15040,14966,-241,0.515,7.221
2025-12-25T18:43:07.740493Z,40mbit,10mbit,800kbit,none,,,13840,14628,-648,0.511,6.910
2025-12-25T18:43:08.238966Z,40mbit,10mbit,800kbit,none,,,15040,14751,-823,0.511,7.745
2025-12-25T18:43:08.739310Z,40mbit,10mbit,800kbit,none,,,13840,14478,-456,0.519,6.850
2025-12-25T18:43:09.238793Z,40mbit,10mbit,800kbit,none,,,16704,15146,179,0.704,7.415
2025-12-25T18:43:09.739444Z,40mbit,10mbit,800kbit,none,,,13440,14634,5,0.703,6.672
2025-12-25T18:43:10.240118Z,40mbit,10mbit,800kbit,none,,,13440,14275,-476,0.340,7.703
2025-12-25T18:43:10.738602Z,40mbit,10mbit,800kbit,none,,,13840,14145,-333,0.341,7.103
2025-12-25T18:43:11.240799Z,40mbit,10mbit,800kbit,none,,,15440,14533,-612,1.092,6.546
2025-12-25T18:43:11.738707Z,40mbit,10mbit,800kbit,none,,,15440,14805,171,0.916,6.795
2025-12-25T18:43:12.239006Z,40mbit,10mbit,800kbit,none,,,15440,14995,719,0.916,7.663
2025-12-25T18:43:12.739497Z,40mbit,10mbit,800kbit,none,,,15440,15129,983,1.224,7.110
2025-12-25T18:43:13.239045Z,40mbit,10mbit,800kbit,none,,,15440,15222,688,1.231,6.172
2025-12-25T18:43:13.738701Z,40mbit,10mbit,800kbit,none,,,13840,14807,2,1.240,8.021
2025-12-25T18:43:14.242391Z,40mbit,10mbit,800kbit,none,,,10560,13533,-1462,0.481,7.860
2025-12-25T18:43:14.741049Z,40mbit,10mbit,800kbit,none,,,18080,14897,-231,0.476,6.173
2025-12-25T18:43:15.239023Z,40mbit,10mbit,800kbit,none,,,15440,15060,-162,0.476,6.743
2025-12-25T18:43:15.739335Z,40mbit,10mbit,800kbit,none,,,15440,15174,366,0.476,8.641
2025-12-25T18:43:16.238697Z,40mbit,10mbit,800kbit,none,,,13440,14653,1120,0.173,7.226
2025-12-25T18:43:16.740991Z,40mbit,10mbit,800kbit,none,,,15040,14769,-127,0.163,6.148
2025-12-25T18:43:17.239631Z,40mbit,10mbit,800kbit,none,,,15440,14970,-89,0.163,6.425
2025-12-25T18:43:17.740527Z,40mbit,10mbit,800kbit,none,,,15040,14991,-182,0.163,9.084
2025-12-25T18:43:18.239196Z,40mbit,10mbit,800kbit,none,,,15440,15126,472,0.172,7.912
2025-12-25T18:43:18.738345Z,40mbit,10mbit,800kbit,bump_mmtc,reactive,loss,13440,14620,-149,0.173,5.721
2025-12-25T18:43:19.239030Z,40mbit,10mbit,800kbit,none,,,13440,14266,-704,0.264,7.073
2025-12-25T18:43:19.739000Z,40mbit,10mbit,800kbit,none,,,15440,14618,-373,0.255,7.126
2025-12-25T18:43:20.239124Z,40mbit,10mbit,800kbit,none,,,13440,14264,-861,0.259,7.643
2025-12-25T18:43:20.738379Z,40mbit,10mbit,800kbit,none,,,15440,14617,-2,0.259,6.089
2025-12-25T18:43:21.240628Z,40mbit,10mbit,800kbit,none,,,13840,14384,117,0.391,6.654
2025-12-25T18:43:21.740386Z,40mbit,10mbit,800kbit,none,,,15440,14700,82,0.391,6.919
2025-12-25T18:43:22.241135Z,40mbit,10mbit,800kbit,none,,,15440,14922,657,0.323,6.717
2025-12-25T18:43:22.739133Z,40mbit,10mbit,800kbit,bump_mmtc,reactive,loss,15040,14957,340,0.328,7.510
2025-12-25T18:43:23.239013Z,40mbit,10mbit,800kbit,none,,,15840,15222,838,0.328,6.596
2025-12-25T18:43:23.740435Z,40mbit,10mbit,800kbit,none,,,13840,14807,106,0.328,6.583
2025-12-25T18:43:24.238325Z,40mbit,10mbit,800kbit,none,,,15840,15117,194,0.328,7.198
2025-12-25T18:43:24.738398Z,40mbit,10mbit,800kbit,none,,,15040,15094,136,0.951,6.949
2025-12-25T18:43:25.239983Z,40mbit,10mbit,800kbit,none,,,13440,14597,-624,0.951,7.343
2025-12-25T18:43:25.741246Z,40mbit,10mbit,800kbit,none,,,15840,14970,162,0.968,6.481
2025-12-25T18:43:26.242273Z,40mbit,10mbit,800kbit,none,,,15440,15111,-6,0.835,7.024
2025-12-25T18:43:26.740458Z,40mbit,10mbit,800kbit,none,,,15872,15339,245,0.812,7.214
2025-12-25T18:43:27.238782Z,40mbit,10mbit,800kbit,none,,,15040,15249,651,0.811,7.354
2025-12-25T18:43:27.738511Z,40mbit,10mbit,800kbit,none,,,15440,15306,336,0.525,7.737
2025-12-25T18:43:28.238395Z,40mbit,10mbit,800kbit,none,,,15440,15346,235,0.505,6.775
2025-12-25T18:43:28.740434Z,40mbit,10mbit,800kbit,none,,,14672,15144,-195,0.501,7.916
2025-12-25T18:43:29.239134Z,40mbit,10mbit,800kbit,none,,,11840,14153,-1096,0.501,8.216
2025-12-25T18:43:29.738313Z,40mbit,10mbit,800kbit,none,,,13840,14059,-1247,0.500,6.765
2025-12-25T18:43:30.240338Z,40mbit,10mbit,800kbit,none,,,13440,13873,-1473,0.511,6.442
2025-12-25T18:43:30.740337Z,40mbit,10mbit,800kbit,none,,,15040,14223,-920,0.166,7.487
2025-12-25T18:43:31.239248Z,40mbit,10mbit,800kbit,none,,,13440,13988,-164,0.174,7.495
2025-12-25T18:43:31.738816Z,40mbit,10mbit,800kbit,none,,,15840,14543,484,0.174,6.490
2025-12-25T18:43:32.239078Z,40mbit,10mbit,800kbit,none,,,13840,14332,459,0.174,6.337
2025-12-25T18:43:32.739130Z,40mbit,10mbit,800kbit,none,,,13440,14064,-158,0.172,7.683
2025-12-25T18:43:33.239191Z,40mbit,10mbit,800kbit,none,,,13440,13877,-110,0.259,7.434
2025-12-25T18:43:33.741043Z,40mbit,10mbit,800kbit,none,,,13840,13866,-677,0.256,6.108
2025-12-25T18:43:34.239018Z,40mbit,10mbit,800kbit,none,,,16272,14587,255,0.262,6.104
2025-12-25T18:43:34.738398Z,40mbit,10mbit,800kbit,none,,,15840,14963,898,0.262,6.764
2025-12-25T18:43:35.241236Z,40mbit,10mbit,800kbit,none,,,13840,14626,749,0.262,7.009
2025-12-25T18:43:35.740018Z,40mbit,10mbit,800kbit,none,,,15040,14750,884,0.254,5.508
2025-12-25T18:43:36.240376Z,40mbit,10mbit,800kbit,none,,,13840,14477,-110,0.276,6.581
2025-12-25T18:43:36.739359Z,40mbit,10mbit,800kbit,none,,,13840,14286,-677,0.199,6.979
2025-12-25T18:43:37.238968Z,40mbit,10mbit,800kbit,none,,,13840,14152,-474,0.199,6.874
2025-12-25T18:43:37.740617Z,40mbit,10mbit,800kbit,none,,,15440,14538,-211,0.450,6.122
2025-12-25T18:43:38.238374Z,40mbit,10mbit,800kbit,bump_mmtc,reactive,loss,15440,14809,331,1.106,5.957
2025-12-25T18:43:38.740111Z,40mbit,10mbit,800kbit,none,,,13840,14518,232,1.142,7.075
2025-12-25T18:43:39.239288Z,40mbit,10mbit,800kbit,none,,,15872,14924,772,1.129,7.350
2025-12-25T18:43:39.738557Z,40mbit,10mbit,800kbit,none,,,15040,14959,420,1.111,6.341
2025-12-25T18:43:40.239275Z,40mbit,10mbit,800kbit,none,,,13440,14503,-305,1.111,7.127
2025-12-25T18:43:40.738538Z,40mbit,10mbit,800kbit,none,,,15440,14784,266,1.111,7.520
2025-12-25T18:43:41.240093Z,40mbit,10mbit,800kbit,none,,,15040,14861,-63,0.838,7.224
2025-12-25T18:43:41.739302Z,40mbit,10mbit,800kbit,none,,,15440,15034,75,0.175,6.707
2025-12-25T18:43:42.239920Z,40mbit,10mbit,800kbit,none,,,15440,15156,652,0.175,7.418
2025-12-25T18:43:42.740405Z,40mbit,10mbit,800kbit,none,,,13440,14641,-142,0.143,7.658
2025-12-25T18:43:43.240305Z,40mbit,10mbit,800kbit,none,,,13440,14280,-580,0.300,6.555
2025-12-25T18:43:43.740597Z,40mbit,10mbit,800kbit,none,,,13840,14148,-886,0.306,6.861
2025-12-25T18:43:44.238428Z,40mbit,10mbit,800kbit,none,,,15040,14416,-740,0.306,7.646
2025-12-25T18:43:44.740099Z,40mbit,10mbit,800kbit,none,,,15840,14843,201,0.311,6.779
2025-12-25T18:43:45.241212Z,40mbit,10mbit,800kbit,none,,,15840,15142,861,0.311,6.934
2025-12-25T18:43:45.740016Z,40mbit,10mbit,800kbit,none,,,15440,15231,1082,0.333,6.984
2025-12-25T18:43:46.240320Z,40mbit,10mbit,800kbit,none,,,16272,15543,1127,0.443,7.158
2025-12-25T18:43:46.740278Z,40mbit,10mbit,800kbit,none,,,13840,15032,189,0.443,7.445
2025-12-25T18:43:47.240487Z,40mbit,10mbit,800kbit,none,,,15504,15174,31,0.443,7.546
2025-12-25T18:43:47.741443Z,40mbit,10mbit,800kbit,none,,,13840,14773,-457,0.286,6.855
2025-12-25T18:43:48.240490Z,40mbit,10mbit,800kbit,none,,,15440,14973,-570,0.288,7.015
2025-12-25T18:43:48.741230Z,40mbit,10mbit,800kbit,none,,,15440,15113,80,0.301,6.798
2025-12-25T18:43:49.240491Z,40mbit,10mbit,800kbit,none,,,15440,15211,37,0.281,7.292
2025-12-25T18:43:49.738887Z,40mbit,10mbit,800kbit,none,,,16272,15529,755,0.281,6.784
2025-12-25T18:43:50.241293Z,40mbit,10mbit,800kbit,none,,,15040,15382,409,0.281,7.067
2025-12-25T18:43:50.738793Z,40mbit,10mbit,800kbit,bump_mmtc,reactive,loss,15440,15399,286,0.161,7.713
2025-12-25T18:43:51.238405Z,40mbit,10mbit,800kbit,none,,,13840,14931,-279,0.166,7.238
2025-12-25T18:43:51.740556Z,40mbit,10mbit,800kbit,none,,,15040,14964,-565,0.161,7.683
2025-12-25T18:43:52.239300Z,40mbit,10mbit,800kbit,bump_mmtc,reactive,loss,13840,14627,-755,0.153,6.848
2025-12-25T18:43:52.740453Z,40mbit,10mbit,800kbit,none,,,13440,14270,-1128,0.154,7.470
2025-12-25T18:43:53.240474Z,40mbit,10mbit,800kbit,none,,,13440,14021,-910,0.161,6.493
2025-12-25T18:43:53.739995Z,40mbit,10mbit,800kbit,none,,,14672,14216,-747,0.156,6.333
2025-12-25T18:43:54.241281Z,40mbit,10mbit,800kbit,none,,,15440,14583,-43,0.156,6.578
2025-12-25T18:43:54.740511Z,40mbit,10mbit,800kbit,none,,,15440,14840,569,0.156,7.074
2025-12-25T18:43:55.238399Z,40mbit,10mbit,800kbit,none,,,13840,14540,518,0.156,7.089
2025-12-25T18:43:55.738292Z,40mbit,10mbit,800kbit,none,,,13840,14330,113,0.156,6.267
2025-12-25T18:43:56.239175Z,40mbit,10mbit,800kbit,none,,,15872,14792,209,0.158,6.668
2025-12-25T18:43:56.738295Z,40mbit,10mbit,800kbit,none,,,16672,15356,515,0.165,7.194
2025-12-25T18:43:57.238840Z,40mbit,10mbit,800kbit,none,,,13840,14901,361,0.159,7.257
2025-12-25T18:43:57.738399Z,40mbit,10mbit,800kbit,none,,,15440,15063,732,0.300,6.389
2025-12-25T18:43:58.239255Z,40mbit,10mbit,800kbit,none,,,16272,15425,632,0.300,5.910
2025-12-25T18:43:58.738819Z,40mbit,10mbit,800kbit,bump_mmtc,reactive,loss,15040,15310,-46,0.306,7.072
2025-12-25T18:43:59.239041Z,40mbit,10mbit,800kbit,none,,,15040,15229,327,0.306,7.757
2025-12-25T18:43:59.738299Z,40mbit,10mbit,800kbit,none,,,16672,15661,598,0.313,6.938
2025-12-25T18:44:00.241420Z,40mbit,10mbit,800kbit,none,,,15440,15595,169,0.309,6.209
2025-12-25T18:44:00.738478Z,40mbit,10mbit,800kbit,none,,,15440,15548,238,0.345,7.439
2025-12-25T18:44:01.239633Z,40mbit,10mbit,800kbit,none,,,13840,15036,-192,0.203,8.350
2025-12-25T18:44:01.740215Z,40mbit,10mbit,800kbit,none,,,13840,14677,-984,0.909,6.708
2025-12-25T18:44:02.240374Z,40mbit,10mbit,800kbit,none,,,15440,14906,-689,0.909,6.332
2025-12-25T18:44:02.741256Z,40mbit,10mbit,800kbit,none,,,15040,14946,-602,0.909,7.986
2025-12-25T18:44:03.240212Z,40mbit,10mbit,800kbit,none,,,13840,14614,-421,0.906,8.068
2025-12-25T18:44:03.738409Z,40mbit,10mbit,800kbit,none,,,15440,14862,184,0.902,6.518
2025-12-25T18:44:04.239281Z,40mbit,10mbit,800kbit,bump_mmtc,reactive,loss,15840,15155,249,0.873,6.977
2025-12-25T18:44:04.738690Z,40mbit,10mbit,800kbit,none,,,13840,14760,-185,0.873,8.089
2025-12-25T18:44:05.240288Z,40mbit,10mbit,800kbit,none,,,13840,14484,-129,0.873,8.317
2025-12-25T18:44:05.739085Z,40mbit,10mbit,800kbit,none,,,7520,12395,-2466,0.873,6.677
2025-12-25T18:44:06.239020Z,40mbit,10mbit,800kbit,none,,,19360,14484,-670,0.871,5.532
2025-12-25T18:44:06.740239Z,40mbit,10mbit,800kbit,none,,,15440,14771,10,0.170,7.617
2025-12-25T18:44:07.238385Z,40mbit,10mbit,800kbit,bump_mmtc,reactive,loss,15440,14971,487,0.179,9.425
2025-12-25T18:44:07.739052Z,40mbit,10mbit,800kbit,none,,,15440,15112,2717,0.188,5.594
2025-12-25T18:44:08.238810Z,40mbit,10mbit,800kbit,none,,,13440,14610,125,0.187,5.586
2025-12-25T18:44:08.739747Z,40mbit,10mbit,800kbit,bump_mmtc,reactive,loss,13840,14379,-391,0.184,7.644
2025-12-25T18:44:09.238282Z,40mbit,10mbit,800kbit,none,,,15040,14577,-394,0.167,8.108
2025-12-25T18:44:09.738312Z,40mbit,10mbit,800kbit,none,,,15440,14836,-275,0.165,6.986
2025-12-25T18:44:10.240167Z,40mbit,10mbit,800kbit,none,,,15440,15017,406,0.326,5.374
2025-12-25T18:44:10.738302Z,40mbit,10mbit,800kbit,none,,,15840,15264,884,0.366,7.285
2025-12-25T18:44:11.239171Z,40mbit,10mbit,800kbit,none,,,15440,15316,739,0.372,7.250
2025-12-25T18:44:11.739124Z,40mbit,10mbit,800kbit,none,,,5920,12497,-2338,0.380,6.385
2025-12-25T18:44:12.240400Z,40mbit,10mbit,800kbit,none,,,23360,15756,739,0.363,4.724
2025-12-25T18:44:12.738287Z,40mbit,10mbit,800kbit,none,,,8880,13693,-1570,0.197,7.345
2025-12-25T18:44:13.239790Z,40mbit,10mbit,800kbit,none,,,17984,14980,-336,0.180,8.606
2025-12-25T18:44:13.738941Z,40mbit,10mbit,800kbit,bump_mmtc,reactive,loss,15440,15118,2620,0.947,4.863
2025-12-25T18:44:14.239296Z,40mbit,10mbit,800kbit,none,,,15840,15334,-421,0.947,6.279
2025-12-25T18:44:14.738730Z,40mbit,10mbit,800kbit,none,,,13840,14886,1192,0.997,5.290
2025-12-25T18:44:15.240120Z,40mbit,10mbit,800kbit,none,,,13440,14452,-528,1.005,7.723
2025-12-25T18:44:15.738520Z,40mbit,10mbit,800kbit,none,,,15840,14868,-249,1.024,5.703
2025-12-25T18:44:16.241080Z,40mbit,10mbit,800kbit,none,,,15840,15160,-174,1.024,5.494
2025-12-25T18:44:16.738300Z,40mbit,10mbit,800kbit,none,,,15840,15364,477,1.024,7.816
2025-12-25T18:44:17.239004Z,40mbit,10mbit,800kbit,none,,,13440,14786,334,1.024,6.468
2025-12-25T18:44:17.740169Z,40mbit,10mbit,800kbit,none,,,15440,14982,114,1.001,6.149
2025-12-25T18:44:18.239317Z,40mbit,10mbit,800kbit,none,,,15440,15119,-40,0.235,6.231
2025-12-25T18:44:18.738991Z,40mbit,10mbit,800kbit,none,,,16672,15585,221,0.172,9.607
2025-12-25T18:44:19.239169Z,40mbit,10mbit,800kbit,none,,,15040,15421,635,0.173,7.115
2025-12-25T18:44:19.740513Z,40mbit,10mbit,800kbit,none,,,13440,14827,-155,0.150,7.224
2025-12-25T18:44:20.239918Z,40mbit,10mbit,800kbit,none,,,13440,14411,-708,0.150,6.773
2025-12-25T18:44:20.739271Z,40mbit,10mbit,800kbit,bump_mmtc,reactive,loss,13440,14119,-1465,0.146,7.444
2025-12-25T18:44:21.238232Z,40mbit,10mbit,800kbit,none,,,16672,14885,-536,0.146,7.659
2025-12-25T18:44:21.740025Z,40mbit,10mbit,800kbit,none,,,16272,15301,474,0.146,6.774
2025-12-25T18:44:22.239999Z,40mbit,10mbit,800kbit,none,,,15440,15342,931,0.146,7.196
2025-12-25T18:44:22.738482Z,40mbit,10mbit,800kbit,none,,,15440,15372,1252,0.149,6.711
2025-12-25T18:44:23.239058Z,40mbit,10mbit,800kbit,none,,,15440,15392,507,0.153,7.416
2025-12-25T18:44:23.738445Z,40mbit,10mbit,800kbit,none,,,15840,15526,225,0.358,7.497
2025-12-25T18:44:24.240151Z,40mbit,10mbit,800kbit,none,,,15440,15500,157,0.349,7.651
2025-12-25T18:44:24.738788Z,40mbit,10mbit,800kbit,none,,,10160,13898,-1473,0.353,7.070
2025-12-25T18:44:25.240253Z,40mbit,10mbit,800kbit,none,,,19520,15584,192,0.455,5.911
2025-12-25T18:44:25.739342Z,40mbit,10mbit,800kbit,none,,,15040,15421,-105,0.917,7.214
2025-12-25T18:44:26.238263Z,40mbit,10mbit,800kbit,none,,,13440,14827,-673,0.721,8.776
2025-12-25T18:44:26.738300Z,40mbit,10mbit,800kbit,none,,,7920,12754,-1143,0.735,6.936
2025-12-25T18:44:27.240809Z,40mbit,10mbit,800kbit,none,,,22560,15696,111,0.728,4.232
2025-12-25T18:44:27.740439Z,40mbit,10mbit,800kbit,none,,,16672,15989,567,0.728,6.993
2025-12-25T18:44:28.239548Z,40mbit,10mbit,800kbit,none,,,13440,15224,397,0.612,10.229
2025-12-25T18:44:28.738703Z,40mbit,10mbit,800kbit,bump_mmtc,reactive,loss,10160,13705,950,0.168,7.707
2025-12-25T18:44:29.240283Z,40mbit,10mbit,800kbit,none,,,20720,15809,113,0.158,2.905
2025-12-25T18:44:29.738534Z,40mbit,10mbit,800kbit,none,,,15840,15818,-170,0.148,7.919
2025-12-25T18:44:30.238913Z,40mbit,10mbit,800kbit,none,,,14672,15474,250,0.158,11.794
2025-12-25T18:44:30.739555Z,40mbit,10mbit,800kbit,none,,,15840,15584,1879,0.165,7.022
2025-12-25T18:44:31.240078Z,40mbit,10mbit,800kbit,none,,,13440,14940,-868,0.154,3.450
2025-12-25T18:44:31.739210Z,40mbit,10mbit,800kbit,none,,,11840,14010,-1807,0.151,8.651
2025-12-25T18:44:32.240330Z,40mbit,10mbit,800kbit,none,,,13440,13839,-1635,0.151,8.962
2025-12-25T18:44:32.738683Z,40mbit,10mbit,800kbit,none,,,16672,14689,-895,0.156,6.394
2025-12-25T18:44:33.240384Z,40mbit,10mbit,800kbit,none,,,13440,14314,-626,0.153,4.672
2025-12-25T18:44:33.738914Z,40mbit,10mbit,800kbit,none,,,15440,14652,641,0.791,9.087
2025-12-25T18:44:34.238665Z,40mbit,10mbit,800kbit,none,,,15440,14888,1049,1.325,6.819
2025-12-25T18:44:34.741228Z,40mbit,10mbit,800kbit,none,,,15440,15053,364,1.337,6.331
2025-12-25T18:44:35.240091Z,40mbit,10mbit,800kbit,none,,,15440,15169,855,1.337,7.010
2025-12-25T18:44:35.740011Z,40mbit,10mbit,800kbit,none,,,15440,15250,598,1.337,8.917
2025-12-25T18:44:36.240006Z,40mbit,10mbit,800kbit,none,,,15440,15307,419,1.339,6.492
2025-12-25T18:44:36.740551Z,40mbit,10mbit,800kbit,none,,,15040,15227,173,1.342,6.612
2025-12-25T18:44:37.238815Z,40mbit,10mbit,800kbit,none,,,15440,15291,121,1.342,8.691
2025-12-25T18:44:37.738779Z,40mbit,10mbit,800kbit,none,,,10160,13751,-1499,0.723,7.411
2025-12-25T18:44:38.238570Z,40mbit,10mbit,800kbit,none,,,19072,15347,40,0.677,6.624
2025-12-25T18:44:38.739231Z,40mbit,10mbit,800kbit,none,,,15440,15375,148,0.666,7.423
2025-12-25T18:44:39.239301Z,40mbit,10mbit,800kbit,none,,,15440,15394,103,0.660,9.464
2025-12-25T18:44:39.738526Z,40mbit,10mbit,800kbit,none,,,13840,14928,1176,0.657,7.254
2025-12-25T18:44:40.240123Z,40mbit,10mbit,800kbit,none,,,15872,15211,-136,0.644,7.201
2025-12-25T18:44:40.738902Z,40mbit,10mbit,800kbit,none,,,15840,15400,24,0.644,7.185
2025-12-25T18:44:41.238878Z,40mbit,10mbit,800kbit,none,,,15440,15412,17,0.153,9.062
2025-12-25T18:44:41.738331Z,40mbit,10mbit,800kbit,none,,,15440,15420,492,0.158,8.493
2025-12-25T18:44:42.239060Z,40mbit,10mbit,800kbit,none,,,15440,15426,214,1.096,6.084
2025-12-25T18:44:42.738475Z,40mbit,10mbit,800kbit,none,,,16272,15680,279,1.088,7.431
2025-12-25T18:44:43.240285Z,40mbit,10mbit,800kbit,none,,,14272,15257,-154,1.085,8.584
2025-12-25T18:44:43.739185Z,40mbit,10mbit,800kbit,none,,,11120,14016,-1404,1.441,8.605
2025-12-25T18:44:44.240354Z,40mbit,10mbit,800kbit,none,,,18960,15499,73,1.444,5.410
2025-12-25T18:44:44.741337Z,40mbit,10mbit,800kbit,none,,,15440,15481,-198,1.444,7.899
2025-12-25T18:44:45.239699Z,40mbit,10mbit,800kbit,none,,,15440,15469,211,0.511,9.567
2025-12-25T18:44:45.738524Z,40mbit,10mbit,800kbit,none,,,8880,13492,-523,0.520,7.934
2025-12-25T18:44:46.240375Z,40mbit,10mbit,800kbit,none,,,21200,15804,305,0.520,5.590
2025-12-25T18:44:46.738748Z,40mbit,10mbit,800kbit,none,,,10160,14111,-1370,0.520,7.295
2025-12-25T18:44:47.240135Z,40mbit,10mbit,800kbit,none,,,17920,15253,-215,0.520,11.275
2025-12-25T18:44:47.738779Z,40mbit,10mbit,800kbit,none,,,15840,15429,1937,0.514,6.934
2025-12-25T18:44:48.238359Z,40mbit,10mbit,800kbit,bump_mmtc,reactive,loss,15440,15432,-371,0.160,5.462
2025-12-25T18:44:48.738964Z,40mbit,10mbit,800kbit,none,,,15440,15434,1323,0.155,6.799
2025-12-25T18:44:49.240290Z,40mbit,10mbit,800kbit,none,,,13840,14956,-297,0.155,8.907
2025-12-25T18:44:49.739030Z,40mbit,10mbit,800kbit,none,,,7920,12845,-2584,0.155,7.615
2025-12-25T18:44:50.240503Z,40mbit,10mbit,800kbit,none,,,21360,15399,-32,0.155,3.208
2025-12-25T18:44:50.739020Z,40mbit,10mbit,800kbit,none,,,8880,13443,-1991,0.211,8.446
2025-12-25T18:44:51.239953Z,40mbit,10mbit,800kbit,none,,,21200,15770,814,0.209,7.440
2025-12-25T18:44:51.740329Z,40mbit,10mbit,800kbit,none,,,16272,15921,3075,0.209,5.345
2025-12-25T18:44:52.240342Z,40mbit,10mbit,800kbit,none,,,13840,15296,-103,0.215,6.622
2025-12-25T18:44:52.738761Z,40mbit,10mbit,800kbit,none,,,10992,14005,561,0.793,7.103
2025-12-25T18:44:53.239513Z,40mbit,10mbit,800kbit,none,,,20752,16029,258,0.793,6.400
2025-12-25T18:44:53.740434Z,40mbit,10mbit,800kbit,bump_mmtc,reactive,loss,13840,15372,-548,0.791,7.696
2025-12-25T18:44:54.240273Z,40mbit,10mbit,800kbit,none,,,13440,14792,-504,0.737,6.785
2025-12-25T18:44:54.738408Z,40mbit,10mbit,800kbit,none,,,15840,15106,1101,0.737,6.795
2025-12-25T18:44:55.239943Z,40mbit,10mbit,800kbit,none,,,15840,15326,-702,0.737,5.168
2025-12-25T18:44:55.738489Z,40mbit,10mbit,800kbit,none,,,13440,14760,-611,0.734,7.160
2025-12-25T18:44:56.240102Z,40mbit,10mbit,800kbit,none,,,15040,14844,51,0.732,8.050
2025-12-25T18:44:56.740569Z,40mbit,10mbit,800kbit,none,,,16672,15392,285,0.182,7.396
2025-12-25T18:44:57.238465Z,40mbit,10mbit,800kbit,none,,,13840,14926,-399,0.191,5.236
2025-12-25T18:44:57.739040Z,40mbit,10mbit,800kbit,none,,,13440,14480,-279,0.191,9.986
2025-12-25T18:44:58.240347Z,40mbit,10mbit,800kbit,none,,,13840,14288,-555,0.189,7.413
2025-12-25T18:44:58.739222Z,40mbit,10mbit,800kbit,none,,,15840,14754,-638,0.195,5.717
2025-12-25T18:44:59.240370Z,40mbit,10mbit,800kbit,none,,,13840,14479,-447,0.195,6.691
2025-12-25T18:44:59.740951Z,40mbit,10mbit,800kbit,none,,,15840,14887,407,0.195,9.327
2025-12-25T18:45:00.241383Z,40mbit,10mbit,800kbit,none,,,15040,14933,644,0.207,6.083
2025-12-25T18:45:00.738451Z,40mbit,10mbit,800kbit,none,,,8880,13117,-1636,0.207,6.289
2025-12-25T18:45:01.240458Z,40mbit,10mbit,800kbit,none,,,20352,15287,808,0.196,7.263
2025-12-25T18:45:01.741409Z,40mbit,10mbit,800kbit,none,,,15840,15453,565,0.196,7.531
2025-12-25T18:45:02.238733Z,40mbit,10mbit,800kbit,none,,,13840,14969,35,0.191,7.005
2025-12-25T18:45:02.738800Z,40mbit,10mbit,800kbit,none,,,8752,13104,-13,0.191,6.327
2025-12-25T18:45:03.238298Z,40mbit,10mbit,800kbit,none,,,19792,15110,-177,0.190,5.543
2025-12-25T18:45:03.741308Z,40mbit,10mbit,800kbit,none,,,13840,14729,-724,0.190,6.600
2025-12-25T18:45:04.238820Z,40mbit,10mbit,800kbit,bump_mmtc,reactive,loss,15440,14942,-26,0.362,8.940
2025-12-25T18:45:04.739326Z,40mbit,10mbit,800kbit,none,,,7520,12715,-388,0.362,6.816
2025-12-25T18:45:05.238902Z,40mbit,10mbit,800kbit,none,,,23792,16038,928,0.359,2.690
2025-12-25T18:45:05.738341Z,40mbit,10mbit,800kbit,none,,,9120,13963,-766,0.416,6.799
2025-12-25T18:45:06.238966Z,40mbit,10mbit,800kbit,none,,,20960,16062,1119,0.414,11.196
2025-12-25T18:45:06.740644Z,40mbit,10mbit,800kbit,none,,,15840,15995,3279,0.414,6.164
2025-12-25T18:45:07.238515Z,40mbit,10mbit,800kbit,none,,,15440,15828,-209,0.414,4.708
2025-12-25T18:45:07.738385Z,40mbit,10mbit,800kbit,none,,,13440,15112,1149,0.425,6.266
2025-12-25T18:45:08.240033Z,40mbit,10mbit,800kbit,none,,,15040,15090,-971,0.425,7.778
2025-12-25T18:45:08.740763Z,40mbit,10mbit,800kbit,none,,,13840,14715,-1280,0.425,6.164
2025-12-25T18:45:09.239224Z,40mbit,10mbit,800kbit,none,,,13440,14332,-1496,0.254,4.905
2025-12-25T18:45:09.738896Z,40mbit,10mbit,800kbit,none,,,11120,13368,-1743,0.254,7.654
2025-12-25T18:45:10.239330Z,40mbit,10mbit,800kbit,none,,,19360,15166,75,0.254,3.531
2025-12-25T18:45:10.738382Z,40mbit,10mbit,800kbit,bump_mmtc,reactive,loss,13440,14648,-66,0.286,6.803
2025-12-25T18:45:11.241369Z,40mbit,10mbit,800kbit,none,,,13440,14285,-46,0.286,7.945
2025-12-25T18:45:11.739338Z,40mbit,10mbit,800kbit,none,,,16672,15001,1632,0.221,6.916
2025-12-25T18:45:12.239703Z,40mbit,10mbit,800kbit,none,,,13840,14653,-513,0.225,5.291
2025-12-25T18:45:12.740195Z,40mbit,10mbit,800kbit,none,,,13840,14409,-239,0.225,7.855
2025-12-25T18:45:13.238937Z,40mbit,10mbit,800kbit,none,,,15040,14598,312,0.216,7.631
2025-12-25T18:45:13.738323Z,40mbit,10mbit,800kbit,none,,,7920,12594,-2406,0.215,6.940
2025-12-25T18:45:14.238946Z,40mbit,10mbit,800kbit,none,,,23360,15824,1171,0.248,2.887
2025-12-25T18:45:14.738365Z,40mbit,10mbit,800kbit,none,,,15440,15709,1299,0.235,8.371
2025-12-25T18:45:15.239681Z,40mbit,10mbit,800kbit,none,,,15840,15748,1149,0.230,9.014
2025-12-25T18:45:15.739276Z,40mbit,10mbit,800kbit,none,,,11120,14359,1764,0.228,5.017
2025-12-25T18:45:16.240128Z,40mbit,10mbit,800kbit,none,,,16960,15139,-684,0.228,4.949
2025-12-25T18:45:16.738876Z,40mbit,10mbit,800kbit,none,,,10160,13645,-2063,0.228,7.707
2025-12-25T18:45:17.240532Z,40mbit,10mbit,800kbit,none,,,19920,15528,-220,0.228,8.373
2025-12-25T18:45:17.738365Z,40mbit,10mbit,800kbit,none,,,8880,13533,-826,0.342,6.547
2025-12-25T18:45:18.238715Z,40mbit,10mbit,800kbit,none,,,21200,15833,693,0.263,5.458
2025-12-25T18:45:18.738438Z,40mbit,10mbit,800kbit,none,,,15440,15715,2069,0.917,6.589
2025-12-25T18:45:19.239287Z,40mbit,10mbit,800kbit,none,,,16272,15882,354,0.910,9.218
2025-12-25T18:45:19.738477Z,40mbit,10mbit,800kbit,none,,,14672,15519,1985,0.910,7.024
2025-12-25T18:45:20.241145Z,40mbit,10mbit,800kbit,none,,,15440,15495,-338,0.911,5.609
2025-12-25T18:45:20.739096Z,40mbit,10mbit,800kbit,none,,,5920,12622,-3092,0.911,7.921
2025-12-25T18:45:21.238486Z,40mbit,10mbit,800kbit,bump_mmtc,reactive,loss,22960,15724,-158,0.833,5.057
2025-12-25T18:45:21.738349Z,40mbit,10mbit,800kbit,none,,,13840,15158,-360,0.833,8.834
2025-12-25T18:45:22.241363Z,40mbit,10mbit,800kbit,none,,,16272,15492,-2,0.841,7.463
2025-12-25T18:45:22.740033Z,40mbit,10mbit,800kbit,none,,,13840,14996,2374,0.841,6.355
2025-12-25T18:45:23.240280Z,40mbit,10mbit,800kbit,none,,,11840,14049,-1674,0.841,5.150
2025-12-25T18:45:23.739004Z,40mbit,10mbit,800kbit,bump_mmtc,reactive,loss,13440,13866,-1291,0.185,7.610
2025-12-25T18:45:24.240376Z,40mbit,10mbit,800kbit,none,,,15872,14468,-1024,0.185,6.888
2025-12-25T18:45:24.740187Z,40mbit,10mbit,800kbit,none,,,13440,14159,-837,0.193,7.621
2025-12-25T18:45:25.240218Z,40mbit,10mbit,800kbit,none,,,15440,14543,494,0.192,4.758
2025-12-25T18:45:25.738914Z,40mbit,10mbit,800kbit,none,,,8480,12724,-1142,0.154,6.738
2025-12-25T18:45:26.239930Z,40mbit,10mbit,800kbit,none,,,21600,15387,918,0.150,5.083
2025-12-25T18:45:26.738887Z,40mbit,10mbit,800kbit,none,,,15440,15403,1243,0.156,7.408
2025-12-25T18:45:27.240992Z,40mbit,10mbit,800kbit,none,,,15040,15294,750,0.152,8.292
2025-12-25T18:45:27.738727Z,40mbit,10mbit,800kbit,none,,,15840,15457,2733,0.155,5.912
2025-12-25T18:45:28.238445Z,40mbit,10mbit,800kbit,none,,,15872,15582,194,0.151,5.018
2025-12-25T18:45:28.739040Z,40mbit,10mbit,800kbit,none,,,5920,12683,-2719,0.217,7.116
2025-12-25T18:45:29.240286Z,40mbit,10mbit,800kbit,none,,,22560,15646,352,0.214,6.866
2025-12-25T18:45:29.738467Z,40mbit,10mbit,800kbit,none,,,6880,13016,-2441,0.214,6.884
2025-12-25T18:45:30.238272Z,40mbit,10mbit,800kbit,none,,,21136,15452,-129,0.214,5.861
2025-12-25T18:45:30.738901Z,40mbit,10mbit,800kbit,none,,,15440,15448,2765,0.226,5.786
2025-12-25T18:45:31.240539Z,40mbit,10mbit,800kbit,none,,,15040,15326,-320,0.214,6.390
2025-12-25T18:45:31.738925Z,40mbit,10mbit,800kbit,bump_mmtc,reactive,loss,7920,13104,87,0.232,5.523
2025-12-25T18:45:32.239911Z,40mbit,10mbit,800kbit,none,,,24192,16430,978,0.232,5.085
2025-12-25T18:45:32.739947Z,40mbit,10mbit,800kbit,none,,,11840,15053,-395,0.232,7.810
2025-12-25T18:45:33.238393Z,40mbit,10mbit,800kbit,none,,,15440,15169,-156,0.232,6.690
2025-12-25T18:45:33.738261Z,40mbit,10mbit,800kbit,none,,,7920,12994,-109,0.168,6.108
2025-12-25T18:45:34.240116Z,40mbit,10mbit,800kbit,none,,,22960,15984,-446,0.168,3.233
2025-12-25T18:45:34.738898Z,40mbit,10mbit,800kbit,none,,,8880,13852,-1200,0.168,6.011
2025-12-25T18:45:35.238490Z,40mbit,10mbit,800kbit,bump_mmtc,reactive,loss,19600,15577,407,0.186,9.151
2025-12-25T18:45:35.739222Z,40mbit,10mbit,800kbit,none,,,15840,15655,2661,0.179,6.125
2025-12-25T18:45:36.239255Z,40mbit,10mbit,800kbit,bump_mmtc,reactive,loss,15440,15591,-393,0.188,3.871
2025-12-25T18:45:36.739037Z,40mbit,10mbit,800kbit,none,,,5920,12689,-1163,0.188,6.268
2025-12-25T18:45:37.240049Z,40mbit,10mbit,800kbit,none,,,22960,15770,193,0.217,5.301
2025-12-25T18:45:37.739155Z,40mbit,10mbit,800kbit,none,,,7520,13295,-2360,0.219,6.174
2025-12-25T18:45:38.239359Z,40mbit,10mbit,800kbit,none,,,22560,16074,483,0.219,5.147
2025-12-25T18:45:38.738761Z,40mbit,10mbit,800kbit,none,,,7920,13628,938,0.214,6.595
2025-12-25T18:45:39.241304Z,40mbit,10mbit,800kbit,none,,,22560,16307,537,0.207,4.767
2025-12-25T18:45:39.738867Z,40mbit,10mbit,800kbit,none,,,11952,15001,1705,0.216,5.063
2025-12-25T18:45:40.239246Z,40mbit,10mbit,800kbit,none,,,16464,15439,-634,0.170,8.532
2025-12-25T18:45:40.738763Z,40mbit,10mbit,800kbit,none,,,7920,13183,-444,0.170,5.248
2025-12-25T18:45:41.240432Z,40mbit,10mbit,800kbit,none,,,22560,15996,-311,0.167,2.978
2025-12-25T18:45:41.740454Z,40mbit,10mbit,800kbit,none,,,15440,15829,828,0.157,6.964
2025-12-25T18:45:42.239325Z,40mbit,10mbit,800kbit,none,,,15040,15592,152,0.157,8.462
2025-12-25T18:45:42.738288Z,40mbit,10mbit,800kbit,none,,,8880,13578,394,0.359,5.266
2025-12-25T18:45:43.240157Z,40mbit,10mbit,800kbit,none,,,21200,15865,-131,0.345,2.314
2025-12-25T18:45:43.740036Z,40mbit,10mbit,800kbit,none,,,15440,15737,-92,0.352,7.436
2025-12-25T18:45:44.240333Z,40mbit,10mbit,800kbit,none,,,15440,15648,55,0.350,9.647
2025-12-25T18:45:44.738802Z,40mbit,10mbit,800kbit,none,,,7520,13209,-369,0.363,7.140
2025-12-25T18:45:45.238322Z,40mbit,10mbit,800kbit,none,,,20960,15534,-330,0.363,2.815
2025-12-25T18:45:45.738428Z,40mbit,10mbit,800kbit,none,,,7920,13250,-2487,0.171,8.204
2025-12-25T18:45:46.240391Z,40mbit,10mbit,800kbit,none,,,19360,15083,-565,0.853,10.405
2025-12-25T18:45:46.738746Z,40mbit,10mbit,800kbit,none,,,8480,13102,-107,0.848,6.186
2025-12-25T18:45:47.240326Z,40mbit,10mbit,800kbit,none,,,19600,15051,-483,0.849,4.022
2025-12-25T18:45:47.738571Z,40mbit,10mbit,800kbit,none,,,7920,12912,-338,0.856,6.501
2025-12-25T18:45:48.240034Z,40mbit,10mbit,800kbit,none,,,22960,15926,843,0.855,8.451
2025-12-25T18:45:48.739315Z,40mbit,10mbit,800kbit,none,,,15040,15660,2558,0.190,5.624
2025-12-25T18:45:49.241339Z,40mbit,10mbit,800kbit,none,,,15440,15594,542,0.186,6.225
2025-12-25T18:45:49.739231Z,40mbit,10mbit,800kbit,none,,,15440,15548,2635,0.291,5.671
2025-12-25T18:45:50.238563Z,40mbit,10mbit,800kbit,none,,,13440,14915,-1010,0.291,5.045
2025-12-25T18:45:50.740146Z,40mbit,10mbit,800kbit,none,,,15440,15072,-587,0.291,5.779
2025-12-25T18:45:51.241406Z,40mbit,10mbit,800kbit,none,,,15040,15063,-531,0.276,5.918
2025-12-25T18:45:51.739172Z,40mbit,10mbit,800kbit,none,,,7920,12920,-2627,0.289,7.267
2025-12-25T18:45:52.238300Z,40mbit,10mbit,800kbit,none,,,20960,15332,416,0.289,2.746
2025-12-25T18:45:52.738709Z,40mbit,10mbit,800kbit,none,,,15440,15364,291,0.279,7.550
2025-12-25T18:45:53.238538Z,40mbit,10mbit,800kbit,none,,,16272,15636,573,0.279,8.156
2025-12-25T18:45:53.739018Z,40mbit,10mbit,800kbit,none,,,5920,12721,-198,0.291,6.798
2025-12-25T18:45:54.238654Z,40mbit,10mbit,800kbit,none,,,22560,15673,341,0.634,4.101
2025-12-25T18:45:54.739081Z,40mbit,10mbit,800kbit,none,,,13440,15003,-361,0.643,7.853
2025-12-25T18:45:55.240099Z,40mbit,10mbit,800kbit,none,,,15440,15134,-502,0.643,10.792
2025-12-25T18:45:55.738370Z,40mbit,10mbit,800kbit,none,,,8880,13257,536,0.762,6.622
2025-12-25T18:45:56.241359Z,40mbit,10mbit,800kbit,none,,,19600,15160,-512,0.762,3.222
2025-12-25T18:45:56.738338Z,40mbit,10mbit,800kbit,none,,,11120,13948,-1054,0.769,6.503
2025-12-25T18:45:57.238474Z,40mbit,10mbit,800kbit,none,,,18112,15197,63,0.769,10.326
2025-12-25T18:45:57.740332Z,40mbit,10mbit,800kbit,none,,,13840,14790,1532,0.816,6.287
2025-12-25T18:45:58.238789Z,40mbit,10mbit,800kbit,none,,,13440,14385,-775,0.816,3.951
2025-12-25T18:45:58.738776Z,40mbit,10mbit,800kbit,none,,,8880,12733,-1214,0.376,7.089
2025-12-25T18:45:59.238515Z,40mbit,10mbit,800kbit,none,,,20800,15153,-43,0.356,6.415
2025-12-25T18:45:59.738883Z,40mbit,10mbit,800kbit,none,,,16272,15489,698,0.216,6.838
2025-12-25T18:46:00.239306Z,40mbit,10mbit,800kbit,none,,,13440,14874,489,0.207,5.600
2025-12-25T18:46:00.739188Z,40mbit,10mbit,800kbit,none,,,7920,12788,54,0.207,7.558
2025-12-25T18:46:01.238875Z,40mbit,10mbit,800kbit,none,,,20560,15119,-33,0.262,2.735
2025-12-25T18:46:01.738411Z,40mbit,10mbit,800kbit,none,,,7520,12839,-2649,0.278,7.106
2025-12-25T18:46:02.238483Z,40mbit,10mbit,800kbit,none,,,22960,15875,1001,0.282,7.804
2025-12-25T18:46:02.740784Z,40mbit,10mbit,800kbit,none,,,15040,15625,2837,0.287,6.548
2025-12-25T18:46:03.239080Z,40mbit,10mbit,800kbit,none,,,15440,15569,449,0.303,4.773
2025-12-25T18:46:03.738817Z,40mbit,10mbit,800kbit,bump_mmtc,reactive,loss,7520,13154,314,0.187,6.078
2025-12-25T18:46:04.239623Z,40mbit,10mbit,800kbit,none,,,22560,15976,100,0.203,5.916
2025-12-25T18:46:04.738249Z,40mbit,10mbit,800kbit,bump_mmtc,reactive,loss,7920,13559,-2065,0.212,6.363
2025-12-25T18:46:05.238864Z,40mbit,10mbit,800kbit,none,,,20960,15779,210,0.232,6.633
2025-12-25T18:46:05.740462Z,40mbit,10mbit,800kbit,none,,,13840,15197,2043,0.212,6.226
2025-12-25T18:46:06.238668Z,40mbit,10mbit,800kbit,none,,,15440,15270,-705,0.233,5.049
2025-12-25T18:46:06.740197Z,40mbit,10mbit,800kbit,none,,,15840,15441,1881,0.233,4.996
2025-12-25T18:46:07.240414Z,40mbit,10mbit,800kbit,none,,,15440,15440,-338,0.233,6.884
2025-12-25T18:46:07.738560Z,40mbit,10mbit,800kbit,none,,,7920,13184,-2013,0.216,6.672
2025-12-25T18:46:08.240120Z,40mbit,10mbit,800kbit,bump_mmtc,reactive,loss,20960,15517,246,0.260,3.470
2025-12-25T18:46:08.738744Z,40mbit,10mbit,800kbit,none,,,9120,13598,-1843,0.239,7.562
2025-12-25T18:46:09.240318Z,40mbit,10mbit,800kbit,none,,,20544,15681,240,0.239,7.060
2025-12-25T18:46:09.738463Z,40mbit,10mbit,800kbit,none,,,7920,13353,168,0.251,6.253
2025-12-25T18:46:10.238686Z,40mbit,10mbit,800kbit,none,,,23392,16364,847,0.250,4.554
2025-12-25T18:46:10.739218Z,40mbit,10mbit,800kbit,none,,,7520,13711,113,0.247,6.246
2025-12-25T18:46:11.240458Z,40mbit,10mbit,800kbit,none,,,20960,15886,204,0.438,9.020
2025-12-25T18:46:11.738822Z,40mbit,10mbit,800kbit,none,,,8880,13784,430,0.436,6.757
2025-12-25T18:46:12.238262Z,40mbit,10mbit,800kbit,none,,,21200,16008,-355,0.433,5.023
2025-12-25T18:46:12.738377Z,40mbit,10mbit,800kbit,none,,,7520,13462,-249,0.428,5.814
2025-12-25T18:46:13.240318Z,40mbit,10mbit,800kbit,none,,,22560,16191,305,0.419,7.469
2025-12-25T18:46:13.738976Z,40mbit,10mbit,800kbit,none,,,14592,15711,1927,0.736,5.361
2025-12-25T18:46:14.240433Z,40mbit,10mbit,800kbit,none,,,15840,15750,-258,0.745,5.661
2025-12-25T18:46:14.738709Z,40mbit,10mbit,800kbit,none,,,11120,14361,898,0.743,5.787
2025-12-25T18:46:15.239998Z,40mbit,10mbit,800kbit,none,,,19360,15860,-330,0.732,4.381
2025-12-25T18:46:15.738719Z,40mbit,10mbit,800kbit,none,,,7920,13478,-2233,0.732,6.038
2025-12-25T18:46:16.238702Z,40mbit,10mbit,800kbit,none,,,22960,16322,572,0.721,5.023
2025-12-25T18:46:16.739178Z,40mbit,10mbit,800kbit,bump_mmtc,reactive,loss,7520,13682,-679,0.178,7.201
2025-12-25T18:46:17.239913Z,40mbit,10mbit,800kbit,none,,,22960,16465,604,0.172,4.992
2025-12-25T18:46:17.738816Z,40mbit,10mbit,800kbit,none,,,9760,14453,975,0.221,6.862
2025-12-25T18:46:18.238354Z,40mbit,10mbit,800kbit,none,,,17920,15493,-829,0.221,7.721
2025-12-25T18:46:18.738931Z,40mbit,10mbit,800kbit,none,,,7520,13101,-580,0.221,6.168
2025-12-25T18:46:19.240162Z,40mbit,10mbit,800kbit,bump_mmtc,reactive,loss,19360,14979,-1486,0.226,4.631
2025-12-25T18:46:19.739254Z,40mbit,10mbit,800kbit,none,,,7520,12741,-1712,0.226,6.604
2025-12-25T18:46:20.238903Z,40mbit,10mbit,800kbit,none,,,22560,15686,193,0.282,5.017
2025-12-25T18:46:20.738412Z,40mbit,10mbit,800kbit,none,,,7920,13356,255,0.282,5.974
2025-12-25T18:46:21.238808Z,40mbit,10mbit,800kbit,none,,,22960,16237,1258,0.274,4.881
2025-12-25T18:46:21.738267Z,40mbit,10mbit,800kbit,bump_mmtc,reactive,loss,10160,14414,1673,0.249,5.604
2025-12-25T18:46:22.239342Z,40mbit,10mbit,800kbit,none,,,20320,16186,499,0.252,6.541
2025-12-25T18:46:22.738419Z,40mbit,10mbit,800kbit,none,,,7520,13586,229,0.250,5.593
2025-12-25T18:46:23.240479Z,40mbit,10mbit,800kbit,none,,,20960,15798,-439,0.177,5.474
2025-12-25T18:46:23.740167Z,40mbit,10mbit,800kbit,none,,,13440,15090,676,0.193,5.839
2025-12-25T18:46:24.240254Z,40mbit,10mbit,800kbit,none,,,11840,14115,-2070,0.193,5.219
2025-12-25T18:46:24.738788Z,40mbit,10mbit,800kbit,none,,,7920,12256,-1329,0.184,4.834
2025-12-25T18:46:25.240381Z,40mbit,10mbit,800kbit,none,,,19360,14387,-1410,0.183,2.700
2025-12-25T18:46:25.739077Z,40mbit,10mbit,800kbit,none,,,7920,12447,-2643,0.183,6.043
2025-12-25T18:46:26.238840Z,40mbit,10mbit,800kbit,none,,,24688,16119,2004,0.186,3.673
2025-12-25T18:46:26.739291Z,40mbit,10mbit,800kbit,none,,,8752,13909,1652,0.186,5.897
2025-12-25T18:46:27.238523Z,40mbit,10mbit,800kbit,none,,,22960,16624,2236,0.186,4.378
2025-12-25T18:46:27.738816Z,40mbit,10mbit,800kbit,bump_mmtc,reactive,loss,7520,13893,1445,0.190,6.088
2025-12-25T18:46:28.238391Z,40mbit,10mbit,800kbit,none,,,22960,16613,493,0.190,7.790
2025-12-25T18:46:28.738491Z,40mbit,10mbit,800kbit,none,,,8480,14173,263,0.190,5.087
2025-12-25T18:46:29.239195Z,40mbit,10mbit,800kbit,none,,,22368,16631,7,0.181,6.587
2025-12-25T18:46:29.739220Z,40mbit,10mbit,800kbit,none,,,7920,14018,124,0.170,5.316
2025-12-25T18:46:30.240302Z,40mbit,10mbit,800kbit,none,,,20560,15980,-632,0.170,3.931
2025-12-25T18:46:30.738711Z,40mbit,10mbit,800kbit,bump_mmtc,reactive,loss,8880,13850,-322,0.176,5.872
2025-12-25T18:46:31.241310Z,40mbit,10mbit,800kbit,bump_mmtc,reactive,loss,22400,16415,-216,0.174,5.208
2025-12-25T18:46:31.739409Z,40mbit,10mbit,800kbit,none,,,5920,13266,-751,0.174,5.795
2025-12-25T18:46:32.238372Z,40mbit,10mbit,800kbit,none,,,22960,16174,193,0.188,4.139
2025-12-25T18:46:32.738805Z,40mbit,10mbit,800kbit,bump_mmtc,reactive,loss,7920,13698,-152,0.189,5.969
2025-12-25T18:46:33.238855Z,40mbit,10mbit,800kbit,none,,,23392,16606,191,0.181,6.812
2025-12-25T18:46:33.739087Z,40mbit,10mbit,800kbit,bump_mmtc,reactive,loss,7520,13880,613,0.177,5.677
2025-12-25T18:46:34.239183Z,40mbit,10mbit,800kbit,none,,,22560,16484,309,0.175,5.744
2025-12-25T18:46:34.739258Z,40mbit,10mbit,800kbit,none,,,7520,13795,96,0.168,5.065
2025-12-25T18:46:35.238950Z,40mbit,10mbit,800kbit,none,,,23792,16794,187,0.174,5.367
2025-12-25T18:46:35.738451Z,40mbit,10mbit,800kbit,none,,,7920,14131,251,0.198,4.918
2025-12-25T18:46:36.242469Z,40mbit,10mbit,800kbit,none,,,22960,16780,295,0.203,5.703
2025-12-25T18:46:36.738468Z,40mbit,10mbit,800kbit,none,,,7520,14002,207,0.203,4.607
2025-12-25T18:46:37.240077Z,40mbit,10mbit,800kbit,none,,,22560,16569,-224,0.203,5.023
2025-12-25T18:46:37.738755Z,40mbit,10mbit,800kbit,none,,,11968,15189,1057,0.194,5.466
2025-12-25T18:46:38.238391Z,40mbit,10mbit,800kbit,none,,,18512,16185,-594,0.194,5.825
2025-12-25T18:46:38.739340Z,40mbit,10mbit,800kbit,none,,,7920,13706,-296,0.194,4.782
2025-12-25T18:46:39.240621Z,40mbit,10mbit,800kbit,none,,,23360,16602,32,0.194,3.111
2025-12-25T18:46:39.738726Z,40mbit,10mbit,800kbit,none,,,7920,13997,-1191,0.195,6.616
2025-12-25T18:46:40.240421Z,40mbit,10mbit,800kbit,bump_mmtc,reactive,loss,22960,16686,500,0.191,6.270
2025-12-25T18:46:40.739050Z,40mbit,10mbit,800kbit,none,,,8880,14344,638,0.191,6.409
2025-12-25T18:46:41.239105Z,40mbit,10mbit,800kbit,bump_mmtc,reactive,loss,20704,16252,-350,0.174,4.729
2025-12-25T18:46:41.738314Z,40mbit,10mbit,800kbit,none,,,7920,13752,-245,0.167,5.823
2025-12-25T18:46:42.238893Z,40mbit,10mbit,800kbit,none,,,20960,15914,-771,0.195,5.651
2025-12-25T18:46:42.738306Z,40mbit,10mbit,800kbit,none,,,10720,14356,11,0.337,6.838
2025-12-25T18:46:43.238332Z,40mbit,10mbit,800kbit,bump_mmtc,reactive,loss,14160,14297,-1954,0.336,5.750
2025-12-25T18:46:43.738939Z,40mbit,10mbit,800kbit,none,,,10720,13224,-528,0.336,5.861
2025-12-25T18:46:44.240168Z,40mbit,10mbit,800kbit,bump_mmtc,reactive,loss,18960,14944,-969,0.332,3.540
2025-12-25T18:46:44.738308Z,40mbit,10mbit,800kbit,none,,,8880,13125,-1230,0.466,6.122
2025-12-25T18:46:45.238513Z,40mbit,10mbit,800kbit,none,,,21200,15547,1250,0.466,4.484
2025-12-25T18:46:45.738920Z,40mbit,10mbit,800kbit,none,,,8880,13547,323,0.463,6.913
2025-12-25T18:46:46.238295Z,40mbit,10mbit,800kbit,none,,,20000,15483,538,0.316,5.377
2025-12-25T18:46:46.739347Z,40mbit,10mbit,800kbit,bump_mmtc,reactive,loss,7920,13214,88,0.311,7.111
2025-12-25T18:46:47.240593Z,40mbit,10mbit,800kbit,none,,,20960,15537,-9,0.305,5.792
2025-12-25T18:46:47.738603Z,40mbit,10mbit,800kbit,none,,,5920,12652,-894,0.182,5.179
2025-12-25T18:46:48.239268Z,40mbit,10mbit,800kbit,none,,,22960,15744,261,0.157,6.185
2025-12-25T18:46:48.738271Z,40mbit,10mbit,800kbit,none,,,7920,13397,183,0.162,6.309
2025-12-25T18:46:49.239148Z,40mbit,10mbit,800kbit,none,,,20960,15666,128,0.168,5.448
2025-12-25T18:46:49.739243Z,40mbit,10mbit,800kbit,none,,,7520,13222,569,0.168,4.939
2025-12-25T18:46:50.240543Z,40mbit,10mbit,800kbit,none,,,20560,15423,-321,0.174,5.341
2025-12-25T18:46:50.738403Z,40mbit,10mbit,800kbit,none,,,8160,13244,-152,0.743,4.895
2025-12-25T18:46:51.239676Z,40mbit,10mbit,800kbit,none,,,20320,15367,-298,0.755,5.313
2025-12-25T18:46:51.739222Z,40mbit,10mbit,800kbit,none,,,7920,13133,-89,0.752,5.088
2025-12-25T18:46:52.240385Z,40mbit,10mbit,800kbit,none,,,22960,16081,657,0.741,4.283
2025-12-25T18:46:52.738322Z,40mbit,10mbit,800kbit,none,,,6752,13282,37,0.748,5.091
2025-12-25T18:46:53.239947Z,40mbit,10mbit,800kbit,none,,,23392,16315,948,0.171,5.330
2025-12-25T18:46:53.738501Z,40mbit,10mbit,800kbit,none,,,7920,13796,663,0.167,5.219
2025-12-25T18:46:54.239046Z,40mbit,10mbit,800kbit,none,,,22560,16425,344,0.167,5.526
2025-12-25T18:46:54.738379Z,40mbit,10mbit,800kbit,none,,,7920,13873,591,0.167,5.261
2025-12-25T18:46:55.238557Z,40mbit,10mbit,800kbit,none,,,18960,15399,-915,0.167,5.525
2025-12-25T18:46:55.738757Z,40mbit,10mbit,800kbit,none,,,7920,13155,-640,0.167,4.953
2025-12-25T18:46:56.240067Z,40mbit,10mbit,800kbit,none,,,22960,16097,-328,0.175,3.929
2025-12-25T18:46:56.739129Z,40mbit,10mbit,800kbit,none,,,7920,13643,-230,0.174,5.438
2025-12-25T18:46:57.238842Z,40mbit,10mbit,800kbit,none,,,19360,15358,-41,0.172,5.860
2025-12-25T18:46:57.738935Z,40mbit,10mbit,800kbit,none,,,5920,12527,-628,0.175,4.976
2025-12-25T18:46:58.238579Z,40mbit,10mbit,800kbit,none,,,23792,15906,-190,0.486,3.050
2025-12-25T18:46:58.738296Z,40mbit,10mbit,800kbit,none,,,7920,13510,-133,0.494,5.859
2025-12-25T18:46:59.238687Z,40mbit,10mbit,800kbit,none,,,23360,16465,1106,0.721,6.538
2025-12-25T18:46:59.738765Z,40mbit,10mbit,800kbit,bump_mmtc,reactive,loss,7920,13901,1374,0.741,4.384
2025-12-25T18:47:00.238394Z,40mbit,10mbit,800kbit,none,,,23392,16748,842,0.729,4.622
2025-12-25T18:47:00.738333Z,40mbit,10mbit,800kbit,none,,,7520,13980,469,0.412,5.600
2025-12-25T18:47:01.238480Z,40mbit,10mbit,800kbit,none,,,22960,16674,208,0.412,6.933
2025-12-25T18:47:01.739264Z,40mbit,10mbit,800kbit,none,,,5920,13447,-453,0.412,4.364
2025-12-25T18:47:02.238406Z,40mbit,10mbit,800kbit,none,,,23360,16421,-327,1.025,4.845
2025-12-25T18:47:02.738889Z,40mbit,10mbit,800kbit,none,,,7920,13871,-109,0.794,5.412
2025-12-25T18:47:03.240337Z,40mbit,10mbit,800kbit,none,,,21360,16117,-556,0.782,5.987
2025-12-25T18:47:03.739396Z,40mbit,10mbit,800kbit,none,,,7520,13538,90,0.782,4.327
2025-12-25T18:47:04.238726Z,40mbit,10mbit,800kbit,none,,,22960,16364,-56,0.791,4.415
2025-12-25T18:47:04.738747Z,40mbit,10mbit,800kbit,none,,,7920,13831,-39,0.801,5.359
2025-12-25T18:47:05.239243Z,40mbit,10mbit,800kbit,none,,,22960,16569,452,0.180,5.803
2025-12-25T18:47:05.738366Z,40mbit,10mbit,800kbit,none,,,7920,13974,436,0.180,5.167
2025-12-25T18:47:06.240545Z,40mbit,10mbit,800kbit,none,,,22960,16670,305,0.178,5.031
2025-12-25T18:47:06.738470Z,40mbit,10mbit,800kbit,none,,,5920,13445,-386,0.191,5.247
2025-12-25T18:47:07.238869Z,40mbit,10mbit,800kbit,none,,,22960,16299,-270,0.191,5.451
2025-12-25T18:47:07.739043Z,40mbit,10mbit,800kbit,bump_mmtc,reactive,loss,7520,13665,-309,0.189,5.278
2025-12-25T18:47:08.240480Z,40mbit,10mbit,800kbit,none,,,22560,16334,-336,0.189,5.188
2025-12-25T18:47:08.738749Z,40mbit,10mbit,800kbit,none,,,7920,13809,364,0.207,4.916
2025-12-25T18:47:09.240399Z,40mbit,10mbit,800kbit,none,,,18960,15354,-944,0.207,5.077
2025-12-25T18:47:09.738484Z,40mbit,10mbit,800kbit,none,,,7520,13004,-661,0.218,4.463
2025-12-25T18:47:10.238863Z,40mbit,10mbit,800kbit,none,,,22560,15871,-462,0.218,3.709
2025-12-25T18:47:10.738338Z,40mbit,10mbit,800kbit,bump_mmtc,reactive,loss,5920,12885,-924,0.213,5.022
2025-12-25T18:47:11.239548Z,40mbit,10mbit,800kbit,bump_mmtc,reactive,loss,20960,15308,-46,0.194,5.009
2025-12-25T18:47:11.739086Z,40mbit,10mbit,800kbit,none,,,7520,12971,-32,0.201,4.968
2025-12-25T18:47:12.238566Z,40mbit,10mbit,800kbit,none,,,22560,15848,-22,0.253,3.760
2025-12-25T18:47:12.739159Z,40mbit,10mbit,800kbit,none,,,7520,13349,463,0.253,4.773
2025-12-25T18:47:13.240131Z,40mbit,10mbit,800kbit,none,,,22992,16242,934,0.239,5.661
2025-12-25T18:47:13.738714Z,40mbit,10mbit,800kbit,none,,,7920,13745,774,0.239,4.311
2025-12-25T18:47:14.241435Z,40mbit,10mbit,800kbit,none,,,22960,16509,661,0.242,4.973
2025-12-25T18:47:14.738507Z,40mbit,10mbit,800kbit,none,,,7920,13932,583,0.242,5.033
2025-12-25T18:47:15.240560Z,40mbit,10mbit,800kbit,none,,,20560,15921,-321,0.242,5.814
2025-12-25T18:47:15.738947Z,40mbit,10mbit,800kbit,none,,,7520,13400,-344,0.270,4.330
2025-12-25T18:47:16.240302Z,40mbit,10mbit,800kbit,none,,,22960,16268,-241,0.270,4.382
2025-12-25T18:47:16.738722Z,40mbit,10mbit,800kbit,bump_mmtc,reactive,loss,7520,13643,-289,0.266,5.156
2025-12-25T18:47:17.240530Z,40mbit,10mbit,800kbit,none,,,23392,16568,647,0.185,5.274
2025-12-25T18:47:17.739123Z,40mbit,10mbit,800kbit,none,,,7920,13973,573,0.188,4.995
2025-12-25T18:47:18.238477Z,40mbit,10mbit,800kbit,none,,,23024,16688,420,0.343,5.076
2025-12-25T18:47:18.738849Z,40mbit,10mbit,800kbit,none,,,7520,13938,294,0.314,5.369
2025-12-25T18:47:19.238379Z,40mbit,10mbit,800kbit,none,,,20960,16044,-523,0.306,5.872
2025-12-25T18:47:19.739150Z,40mbit,10mbit,800kbit,none,,,7520,13487,-486,0.306,4.984
2025-12-25T18:47:20.238692Z,40mbit,10mbit,800kbit,none,,,22560,16209,-479,0.306,4.638
2025-12-25T18:47:20.739096Z,40mbit,10mbit,800kbit,none,,,7920,13722,-215,0.326,5.406
2025-12-25T18:47:21.238871Z,40mbit,10mbit,800kbit,none,,,21392,16023,-21,0.316,5.541
2025-12-25T18:47:21.739377Z,40mbit,10mbit,800kbit,none,,,7520,13472,-15,0.316,4.892
2025-12-25T18:47:22.239957Z,40mbit,10mbit,800kbit,none,,,23792,16568,359,0.167,4.109
2025-12-25T18:47:22.738433Z,40mbit,10mbit,800kbit,bump_mmtc,reactive,loss,8880,14261,539,0.166,6.030
2025-12-25T18:47:23.238732Z,40mbit,10mbit,800kbit,none,,,22000,16583,559,0.166,6.724
2025-12-25T18:47:23.738343Z,40mbit,10mbit,800kbit,none,,,7520,13864,391,0.175,5.058
2025-12-25T18:47:24.239947Z,40mbit,10mbit,800kbit,bump_mmtc,reactive,loss,20560,15872,-695,0.160,4.090
2025-12-25T18:47:24.738780Z,40mbit,10mbit,800kbit,none,,,11760,14639,377,0.166,6.296
2025-12-25T18:47:25.240091Z,40mbit,10mbit,800kbit,none,,,16720,15263,-1319,0.164,6.158
2025-12-25T18:47:25.739287Z,40mbit,10mbit,800kbit,bump_mmtc,reactive,loss,8752,13309,-554,0.189,5.475
2025-12-25T18:47:26.238484Z,40mbit,10mbit,800kbit,none,,,20960,15604,-268,0.202,3.364
2025-12-25T18:47:26.738385Z,40mbit,10mbit,800kbit,none,,,7520,13179,-1459,0.200,6.396
2025-12-25T18:47:27.239562Z,40mbit,10mbit,800kbit,none,,,21360,15633,370,0.210,5.920
2025-12-25T18:47:27.738791Z,40mbit,10mbit,800kbit,none,,,5920,12719,-590,0.210,6.196
2025-12-25T18:47:28.239293Z,40mbit,10mbit,800kbit,none,,,22560,15671,66,0.202,3.850
2025-12-25T18:47:28.739256Z,40mbit,10mbit,800kbit,none,,,5920,12746,-433,0.202,5.855
2025-12-25T18:47:29.238266Z,40mbit,10mbit,800kbit,none,,,20960,15210,-423,0.202,6.643
2025-12-25T18:47:29.739245Z,40mbit,10mbit,800kbit,none,,,5920,12423,-296,0.175,4.743
2025-12-25T18:47:30.240560Z,40mbit,10mbit,800kbit,none,,,22960,15584,-87,0.175,3.969
2025-12-25T18:47:30.739374Z,40mbit,10mbit,800kbit,none,,,7920,13284,538,0.166,4.573
2025-12-25T18:47:31.240018Z,40mbit,10mbit,800kbit,none,,,22560,16067,857,0.166,5.654
2025-12-25T18:47:31.739256Z,40mbit,10mbit,800kbit,none,,,7920,13623,1200,0.166,3.747
2025-12-25T18:47:32.238347Z,40mbit,10mbit,800kbit,bump_mmtc,reactive,loss,23360,16544,960,0.163,4.583
2025-12-25T18:47:32.738745Z,40mbit,10mbit,800kbit,bump_mmtc,reactive,loss,8352,14086,801,0.174,4.396
2025-12-25T18:47:33.238360Z,40mbit,10mbit,800kbit,none,,,22960,16748,681,0.447,6.027
2025-12-25T18:47:33.738974Z,40mbit,10mbit,800kbit,none,,,7520,13980,356,0.458,4.174
2025-12-25T18:47:34.241110Z,40mbit,10mbit,800kbit,none,,,22960,16674,129,0.443,5.222
2025-12-25T18:47:34.739134Z,40mbit,10mbit,800kbit,none,,,7520,13927,-158,0.443,4.958
2025-12-25T18:47:35.238317Z,40mbit,10mbit,800kbit,none,,,22560,16517,-231,0.446,5.646
2025-12-25T18:47:35.739006Z,40mbit,10mbit,800kbit,none,,,7520,13818,-161,0.450,4.907
2025-12-25T18:47:36.238899Z,40mbit,10mbit,800kbit,none,,,22960,16560,-113,0.183,5.008
2025-12-25T18:47:36.738326Z,40mbit,10mbit,800kbit,none,,,7920,13968,40,0.176,5.519
2025-12-25T18:47:37.238711Z,40mbit,10mbit,800kbit,none,,,22560,16545,28,0.341,5.443
2025-12-25T18:47:37.738291Z,40mbit,10mbit,800kbit,none,,,7920,13958,139,0.341,5.309
2025-12-25T18:47:38.239492Z,40mbit,10mbit,800kbit,none,,,21360,16178,-382,0.342,5.261
2025-12-25T18:47:38.739333Z,40mbit,10mbit,800kbit,none,,,7920,13701,-267,0.344,5.478
2025-12-25T18:47:39.240328Z,40mbit,10mbit,800kbit,none,,,23360,16598,52,0.344,4.815
2025-12-25T18:47:39.738882Z,40mbit,10mbit,800kbit,none,,,7520,13875,-83,0.352,5.384
2025-12-25T18:47:40.240471Z,40mbit,10mbit,800kbit,none,,,24192,16970,791,0.356,5.243
2025-12-25T18:47:40.739229Z,40mbit,10mbit,800kbit,none,,,7920,14255,554,0.356,5.545
2025-12-25T18:47:41.240128Z,40mbit,10mbit,800kbit,none,,,22992,16876,277,0.198,5.737
2025-12-25T18:47:41.738329Z,40mbit,10mbit,800kbit,none,,,5920,13589,-285,0.217,5.174
2025-12-25T18:47:42.238544Z,40mbit,10mbit,800kbit,none,,,20560,15680,-1289,0.217,5.210
2025-12-25T18:47:42.739232Z,40mbit,10mbit,800kbit,none,,,8352,13481,-773,0.210,5.202
2025-12-25T18:47:43.240324Z,40mbit,10mbit,800kbit,none,,,21360,15845,-1030,0.200,4.770
2025-12-25T18:47:43.739201Z,40mbit,10mbit,800kbit,none,,,5920,12867,-721,0.200,4.749
2025-12-25T18:47:44.240522Z,40mbit,10mbit,800kbit,none,,,22160,15655,-25,0.200,4.014
2025-12-25T18:47:44.738708Z,40mbit,10mbit,800kbit,none,,,7920,13334,-147,0.176,5.198
2025-12-25T18:47:45.238265Z,40mbit,10mbit,800kbit,none,,,21360,15742,-103,0.164,4.837
2025-12-25T18:47:45.738278Z,40mbit,10mbit,800kbit,none,,,5920,12795,-72,0.217,4.745
2025-12-25T18:47:46.239913Z,40mbit,10mbit,800kbit,none,,,22160,15604,-50,0.223,4.296
2025-12-25T18:47:46.738293Z,40mbit,10mbit,800kbit,none,,,7520,13179,-155,0.234,4.906
2025-12-25T18:47:47.239086Z,40mbit,10mbit,800kbit,none,,,22560,15993,251,0.234,5.107
2025-12-25T18:47:47.738502Z,40mbit,10mbit,800kbit,none,,,7920,13571,775,0.252,4.335
2025-12-25T18:47:48.240162Z,40mbit,10mbit,800kbit,none,,,22960,16388,783,0.252,4.750
2025-12-25T18:47:48.738713Z,40mbit,10mbit,800kbit,bump_mmtc,reactive,loss,7920,13847,668,0.252,4.495
2025-12-25T18:47:49.239537Z,40mbit,10mbit,800kbit,bump_mmtc,reactive,loss,20960,15981,-12,0.201,5.706
2025-12-25T18:47:49.739062Z,40mbit,10mbit,800kbit,none,,,5920,12962,-608,0.190,4.535
2025-12-25T18:47:50.239477Z,40mbit,10mbit,800kbit,none,,,22560,15842,-546,0.200,4.171
2025-12-25T18:47:50.739180Z,40mbit,10mbit,800kbit,none,,,7520,13345,-502,0.203,5.204
2025-12-25T18:47:51.238397Z,40mbit,10mbit,800kbit,none,,,22960,16229,248,0.434,5.163
2025-12-25T18:47:51.738824Z,40mbit,10mbit,800kbit,none,,,7920,13736,773,0.433,4.400
2025-12-25T18:47:52.240836Z,40mbit,10mbit,800kbit,none,,,22960,16503,661,0.429,4.792
2025-12-25T18:47:52.739345Z,40mbit,10mbit,800kbit,none,,,7920,13928,583,0.412,5.002
2025-12-25T18:47:53.244594Z,40mbit,10mbit,800kbit,bump_mmtc,reactive,loss,22960,16638,408,0.412,5.792
2025-12-25T18:47:53.738576Z,40mbit,10mbit,800kbit,none,,,7920,14022,285,0.155,4.847
2025-12-25T18:47:54.240238Z,40mbit,10mbit,800kbit,bump_mmtc,reactive,loss,22560,16583,80,0.154,5.601
2025-12-25T18:47:54.738446Z,40mbit,10mbit,800kbit,bump_mmtc,reactive,loss,7920,13984,56,0.155,5.134
2025-12-25T18:47:55.238776Z,40mbit,10mbit,800kbit,bump_mmtc,reactive,loss,22560,16557,-80,0.154,5.383
2025-12-25T18:47:55.738263Z,40mbit,10mbit,800kbit,none,,,7520,13846,-176,0.154,4.998
2025-12-25T18:47:56.238545Z,40mbit,10mbit,800kbit,bump_mmtc,reactive,loss,21792,16229,-353,0.148,5.235
2025-12-25T18:47:56.738380Z,40mbit,10mbit,800kbit,bump_mmtc,reactive,loss,7520,13616,-367,0.187,5.262
2025-12-25T18:47:57.239938Z,40mbit,10mbit,800kbit,none,,,22560,16299,-257,0.190,4.766
2025-12-25T18:47:57.738550Z,40mbit,10mbit,800kbit,none,,,7920,13785,-60,0.204,5.464
2025-12-25T18:47:58.239094Z,40mbit,10mbit,800kbit,none,,,22960,16538,308,0.200,5.182
2025-12-25T18:47:58.739029Z,40mbit,10mbit,800kbit,none,,,7920,13952,335,0.222,5.284
2025-12-25T18:47:59.240364Z,40mbit,10mbit,800kbit,none,,,23792,16904,604,0.187,5.073
2025-12-25T18:47:59.738381Z,40mbit,10mbit,800kbit,none,,,7920,14209,423,0.199,5.475
2025-12-25T18:48:00.239249Z,40mbit,10mbit,800kbit,none,,,21792,16483,-54,0.199,5.958
2025-12-25T18:48:00.738859Z,40mbit,10mbit,800kbit,none,,,7920,13914,-37,0.189,5.167
2025-12-25T18:48:01.239229Z,40mbit,10mbit,800kbit,none,,,20960,16028,-876,0.189,5.037
2025-12-25T18:48:01.738294Z,40mbit,10mbit,800kbit,none,,,7520,13475,-733,0.199,5.303
2025-12-25T18:48:02.240337Z,40mbit,10mbit,800kbit,none,,,23360,16441,-42,0.199,4.592
2025-12-25T18:48:02.739194Z,40mbit,10mbit,800kbit,none,,,7920,13884,-30,0.199,5.391
2025-12-25T18:48:03.239860Z,40mbit,10mbit,800kbit,none,,,20560,15887,-141,0.185,5.475
2025-12-25T18:48:03.738499Z,40mbit,10mbit,800kbit,none,,,7920,13497,21,0.193,5.272
2025-12-25T18:48:04.238384Z,40mbit,10mbit,800kbit,none,,,22560,16215,-225,0.193,4.337
2025-12-25T18:48:04.739244Z,40mbit,10mbit,800kbit,bump_mmtc,reactive,loss,7920,13727,-157,0.188,5.580
2025-12-25T18:48:05.238374Z,40mbit,10mbit,800kbit,none,,,22560,16377,489,0.186,5.810
2025-12-25T18:48:05.739115Z,40mbit,10mbit,800kbit,none,,,7920,13839,342,0.192,5.265
2025-12-25T18:48:06.238319Z,40mbit,10mbit,800kbit,none,,,20960,15975,-240,0.185,4.931
2025-12-25T18:48:06.738457Z,40mbit,10mbit,800kbit,bump_mmtc,reactive,loss,5920,12959,-768,0.189,5.341
2025-12-25T18:48:07.238848Z,40mbit,10mbit,800kbit,none,,,22560,15839,-537,0.189,4.671
2025-12-25T18:48:07.738509Z,40mbit,10mbit,800kbit,none,,,7920,13463,-376,0.187,5.165
2025-12-25T18:48:08.239275Z,40mbit,10mbit,800kbit,none,,,22960,16312,336,0.178,5.040
2025-12-25T18:48:08.738340Z,40mbit,10mbit,800kbit,bump_mmtc,reactive,loss,0,11418,-1540,0.156,5.093
2025-12-25T18:48:09.240079Z,40mbit,10mbit,800kbit,none,,,20880,14257,-1582,0.171,4.262
2025-12-25T18:48:09.738743Z,40mbit,10mbit,800kbit,none,,,15840,14731,1268,0.171,3.921
2025-12-25T18:48:10.239276Z,40mbit,10mbit,800kbit,none,,,15840,15064,-1248,0.174,5.049
2025-12-25T18:48:10.739113Z,40mbit,10mbit,800kbit,none,,,15040,15057,3638,0.187,3.380
2025-12-25T18:48:11.239768Z,40mbit,10mbit,800kbit,none,,,15440,15171,914,0.186,3.527
2025-12-25T18:48:11.739256Z,40mbit,10mbit,800kbit,none,,,15840,15372,640,0.205,4.874
2025-12-25T18:48:12.240312Z,40mbit,10mbit,800kbit,none,,,15440,15392,328,0.191,5.554
2025-12-25T18:48:12.738537Z,40mbit,10mbit,800kbit,none,,,15440,15406,349,0.181,5.764
2025-12-25T18:48:13.239538Z,40mbit,10mbit,800kbit,none,,,15440,15416,244,0.169,4.537
2025-12-25T18:48:13.738407Z,40mbit,10mbit,800kbit,none,,,15440,15423,51,0.195,5.825
2025-12-25T18:48:14.238337Z,40mbit,10mbit,800kbit,none,,,15040,15308,-84,0.159,6.714
2025-12-25T18:48:14.739241Z,40mbit,10mbit,800kbit,none,,,15440,15348,-58,0.164,7.178
2025-12-25T18:48:15.240354Z,40mbit,10mbit,800kbit,none,,,11840,14295,-1121,0.164,5.854
2025-12-25T18:48:15.739193Z,40mbit,10mbit,800kbit,none,,,15840,14758,-664,0.164,7.014
2025-12-25T18:48:16.238276Z,40mbit,10mbit,800kbit,none,,,15872,15092,-215,0.176,6.951
2025-12-25T18:48:16.738269Z,40mbit,10mbit,800kbit,none,,,13440,14597,-751,0.159,7.977
2025-12-25T18:48:17.239592Z,40mbit,10mbit,800kbit,none,,,15440,14849,554,0.179,7.048
2025-12-25T18:48:17.739282Z,40mbit,10mbit,800kbit,bump_mmtc,reactive,loss,15040,14906,147,0.189,6.330
2025-12-25T18:48:18.238277Z,40mbit,10mbit,800kbit,none,,,15440,15066,-26,0.189,6.870
2025-12-25T18:48:18.738619Z,40mbit,10mbit,800kbit,bump_mmtc,reactive,loss,15440,15178,581,0.193,7.457
2025-12-25T18:48:19.239023Z,40mbit,10mbit,800kbit,none,,,15040,15137,287,0.193,8.104
2025-12-25T18:48:19.739276Z,40mbit,10mbit,800kbit,none,,,15440,15228,321,0.220,5.956
2025-12-25T18:48:20.238559Z,40mbit,10mbit,800kbit,none,,,13440,14691,-375,0.219,6.734
2025-12-25T18:48:20.738427Z,40mbit,10mbit,800kbit,none,,,13440,14316,-862,0.219,7.982
2025-12-25T18:48:21.238428Z,40mbit,10mbit,800kbit,none,,,13840,14173,-963,0.219,6.502
2025-12-25T18:48:21.738911Z,40mbit,10mbit,800kbit,none,,,15840,14673,-554,0.219,6.324
2025-12-25T18:48:22.241969Z,40mbit,10mbit,800kbit,none,,,14640,14663,-28,0.219,6.814
2025-12-25T18:48:22.738938Z,40mbit,10mbit,800kbit,none,,,15440,14896,580,0.221,7.492
2025-12-25T18:48:23.239963Z,40mbit,10mbit,800kbit,bump_mmtc,reactive,loss,12992,14325,151,0.206,6.860
2025-12-25T18:48:23.738383Z,40mbit,10mbit,800kbit,none,,,15872,14789,115,0.206,6.852
2025-12-25T18:48:24.239019Z,40mbit,10mbit,800kbit,none,,,15040,14864,201,0.173,6.895
2025-12-25T18:48:24.739075Z,40mbit,10mbit,800kbit,bump_mmtc,reactive,loss,13440,14437,-459,0.178,7.992
2025-12-25T18:48:25.239197Z,40mbit,10mbit,800kbit,none,,,13840,14257,-67,0.166,6.242
2025-12-25T18:48:25.739108Z,40mbit,10mbit,800kbit,none,,,15040,14492,-296,0.167,5.514
2025-12-25T18:48:26.239208Z,40mbit,10mbit,800kbit,none,,,15440,14776,-87,0.167,6.843
2025-12-25T18:48:26.739112Z,40mbit,10mbit,800kbit,bump_mmtc,reactive,loss,13840,14495,58,0.163,6.936
2025-12-25T18:48:27.240089Z,40mbit,10mbit,800kbit,none,,,13840,14299,41,0.163,7.459
2025-12-25T18:48:27.738388Z,40mbit,10mbit,800kbit,none,,,15440,14641,148,0.167,5.290
2025-12-25T18:48:28.240430Z,40mbit,10mbit,800kbit,none,,,15840,15000,224,0.167,6.695
2025-12-25T18:48:28.739012Z,40mbit,10mbit,800kbit,bump_mmtc,reactive,loss,13840,14652,156,0.165,7.613
2025-12-25T18:48:29.240035Z,40mbit,10mbit,800kbit,bump_mmtc,reactive,loss,13840,14408,109,0.154,7.226
2025-12-25T18:48:29.738734Z,40mbit,10mbit,800kbit,bump_mmtc,reactive,loss,13840,14238,-403,0.150,5.342
2025-12-25T18:48:30.238411Z,40mbit,10mbit,800kbit,none,,,15040,14478,-522,0.150,6.416
2025-12-25T18:48:30.738503Z,40mbit,10mbit,800kbit,none,,,15040,14647,-5,0.149,7.498
2025-12-25T18:48:31.240131Z,40mbit,10mbit,800kbit,none,,,15440,14884,476,0.139,6.839
2025-12-25T18:48:31.739245Z,40mbit,10mbit,800kbit,bump_mmtc,reactive,loss,14272,14701,462,0.136,5.828
2025-12-25T18:48:32.240349Z,40mbit,10mbit,800kbit,none,,,13440,14322,-155,0.142,6.452
2025-12-25T18:48:32.738288Z,40mbit,10mbit,800kbit,none,,,13440,14057,-589,0.148,7.172
2025-12-25T18:48:33.238266Z,40mbit,10mbit,800kbit,bump_mmtc,reactive,loss,16272,14722,-162,0.150,6.586
2025-12-25T18:48:33.738882Z,40mbit,10mbit,800kbit,none,,,13440,14337,-363,0.157,6.578
2025-12-25T18:48:34.238704Z,40mbit,10mbit,800kbit,none,,,15040,14548,225,0.157,6.845
2025-12-25T18:48:34.738597Z,40mbit,10mbit,800kbit,none,,,15440,14815,757,0.169,6.065
2025-12-25T18:48:35.240219Z,40mbit,10mbit,800kbit,none,,,14640,14763,40,0.169,6.687
2025-12-25T18:48:35.738939Z,40mbit,10mbit,800kbit,none,,,15040,14846,508,0.190,7.043
2025-12-25T18:48:36.241064Z,40mbit,10mbit,800kbit,none,,,14640,14784,236,0.190,7.062
2025-12-25T18:48:36.738873Z,40mbit,10mbit,800kbit,bump_mmtc,reactive,loss,13440,14381,-434,0.220,6.601
2025-12-25T18:48:37.238374Z,40mbit,10mbit,800kbit,bump_mmtc,reactive,loss,15840,14818,55,0.211,5.906
2025-12-25T18:48:37.738972Z,40mbit,10mbit,800kbit,none,,,15440,15005,158,0.207,7.575
2025-12-25T18:48:38.240536Z,40mbit,10mbit,800kbit,none,,,15440,15135,351,0.198,6.600
2025-12-25T18:48:38.738284Z,40mbit,10mbit,800kbit,none,,,15440,15226,845,0.199,6.385
2025-12-25T18:48:39.240060Z,40mbit,10mbit,800kbit,none,,,13440,14690,-127,0.199,7.023
2025-12-25T18:48:39.738922Z,40mbit,10mbit,800kbit,none,,,13440,14315,-689,0.188,6.739
2025-12-25T18:48:40.239134Z,40mbit,10mbit,800kbit,none,,,13440,14052,-1082,0.188,6.975
2025-12-25T18:48:40.738394Z,40mbit,10mbit,800kbit,none,,,11840,13389,-1837,0.211,7.001
2025-12-25T18:48:41.238810Z,40mbit,10mbit,800kbit,none,,,15040,13884,-806,0.211,5.995
2025-12-25T18:48:41.739237Z,40mbit,10mbit,800kbit,none,,,15040,14231,-84,0.226,6.128
2025-12-25T18:48:42.240128Z,40mbit,10mbit,800kbit,none,,,15440,14593,540,0.224,6.908
2025-12-25T18:48:42.739072Z,40mbit,10mbit,800kbit,none,,,16672,15217,1828,0.210,6.256
2025-12-25T18:48:43.239544Z,40mbit,10mbit,800kbit,none,,,15440,15284,1399,0.182,6.731
2025-12-25T18:48:43.739169Z,40mbit,10mbit,800kbit,none,,,14672,15100,869,0.172,6.753
2025-12-25T18:48:44.240593Z,40mbit,10mbit,800kbit,none,,,15040,15082,488,0.172,6.945
2025-12-25T18:48:44.738795Z,40mbit,10mbit,800kbit,none,,,15840,15309,92,0.164,7.277
2025-12-25T18:48:45.238580Z,40mbit,10mbit,800kbit,none,,,14640,15108,-175,0.160,6.636
2025-12-25T18:48:45.738817Z,40mbit,10mbit,800kbit,none,,,15040,15088,-12,0.179,7.066
2025-12-25T18:48:46.239989Z,40mbit,10mbit,800kbit,none,,,15840,15313,231,0.179,6.371
2025-12-25T18:48:46.739342Z,40mbit,10mbit,800kbit,bump_mmtc,reactive,loss,15040,15231,-78,0.188,6.716
2025-12-25T18:48:47.239324Z,40mbit,10mbit,800kbit,bump_mmtc,reactive,loss,15440,15294,185,0.185,7.116
2025-12-25T18:48:47.739004Z,40mbit,10mbit,800kbit,none,,,15040,15217,129,0.177,7.549
2025-12-25T18:48:48.239356Z,40mbit,10mbit,800kbit,none,,,15040,15164,-149,0.178,6.724
2025-12-25T18:48:48.738762Z,40mbit,10mbit,800kbit,none,,,11840,14167,-1064,0.167,6.974
2025-12-25T18:48:49.238406Z,40mbit,10mbit,800kbit,none,,,13440,13949,-1345,0.799,7.865
2025-12-25T18:48:49.739186Z,40mbit,10mbit,800kbit,none,,,13840,13916,-1301,0.799,6.230
2025-12-25T18:48:50.239378Z,40mbit,10mbit,800kbit,none,,,15040,14253,-911,0.797,6.417
2025-12-25T18:48:50.738784Z,40mbit,10mbit,800kbit,none,,,15040,14489,322,0.803,7.234
2025-12-25T18:48:51.238452Z,40mbit,10mbit,800kbit,none,,,15440,14774,825,0.808,7.000
2025-12-25T18:48:51.738722Z,40mbit,10mbit,800kbit,none,,,13840,14494,577,0.797,6.084
2025-12-25T18:48:52.238730Z,40mbit,10mbit,800kbit,bump_mmtc,reactive,loss,15040,14657,404,0.162,7.386
2025-12-25T18:48:52.738893Z,40mbit,10mbit,800kbit,none,,,13840,14412,-76,0.153,7.736
2025-12-25T18:48:53.240304Z,40mbit,10mbit,800kbit,none,,,15040,14600,-173,0.153,6.975
2025-12-25T18:48:53.739327Z,40mbit,10mbit,800kbit,bump_mmtc,reactive,loss,13840,14372,-121,0.159,6.466
2025-12-25T18:48:54.238392Z,40mbit,10mbit,800kbit,none,,,13440,14092,-565,0.153,6.646
2025-12-25T18:48:54.739305Z,40mbit,10mbit,800kbit,none,,,15040,14376,-35,0.163,6.542
2025-12-25T18:48:55.238370Z,40mbit,10mbit,800kbit,none,,,15040,14575,-24,0.166,6.439
2025-12-25T18:48:55.738568Z,40mbit,10mbit,800kbit,none,,,15040,14715,342,0.181,7.034
2025-12-25T18:48:56.240221Z,40mbit,10mbit,800kbit,bump_mmtc,reactive,loss,14640,14692,599,0.171,6.666
2025-12-25T18:48:56.738384Z,40mbit,10mbit,800kbit,bump_mmtc,reactive,loss,13440,14316,-60,0.190,6.784
2025-12-25T18:48:57.238946Z,40mbit,10mbit,800kbit,none,,,14640,14413,-162,0.190,6.448
2025-12-25T18:48:57.738894Z,40mbit,10mbit,800kbit,none,,,13840,14241,-473,0.195,7.154
2025-12-25T18:48:58.239534Z,40mbit,10mbit,800kbit,none,,,15040,14481,-211,0.193,6.471
2025-12-25T18:48:58.738339Z,40mbit,10mbit,800kbit,none,,,11840,13688,-628,0.194,6.280
2025-12-25T18:48:59.239007Z,40mbit,10mbit,800kbit,none,,,15872,14343,-70,0.194,6.334
2025-12-25T18:48:59.739021Z,40mbit,10mbit,800kbit,bump_mmtc,reactive,loss,15840,14792,550,0.199,5.997
2025-12-25T18:49:00.241362Z,40mbit,10mbit,800kbit,bump_mmtc,reactive,loss,13360,14362,-118,0.184,7.224
2025-12-25T18:49:00.739191Z,40mbit,10mbit,800kbit,none,,,15040,14565,877,0.182,6.898
2025-12-25T18:49:01.241221Z,40mbit,10mbit,800kbit,none,,,15104,14727,383,0.182,5.894
2025-12-25T18:49:01.738947Z,40mbit,10mbit,800kbit,none,,,13840,14461,-331,0.183,6.306
2025-12-25T18:49:02.238972Z,40mbit,10mbit,800kbit,none,,,15440,14754,391,0.183,7.223
2025-12-25T18:49:02.739378Z,40mbit,10mbit,800kbit,none,,,15440,14960,394,0.190,7.016
2025-12-25T18:49:03.238781Z,40mbit,10mbit,800kbit,bump_mmtc,reactive,loss,16272,15353,626,0.193,5.729
2025-12-25T18:49:03.738843Z,40mbit,10mbit,800kbit,none,,,15440,15379,918,0.205,6.412
2025-12-25T18:49:04.238775Z,40mbit,10mbit,800kbit,bump_mmtc,reactive,loss,13440,14797,42,0.186,8.376
2025-12-25T18:49:04.738620Z,40mbit,10mbit,800kbit,none,,,14272,14640,-320,0.187,6.180
2025-12-25T18:49:05.238477Z,40mbit,10mbit,800kbit,none,,,15840,15000,-353,0.174,6.166
2025-12-25T18:49:05.738968Z,40mbit,10mbit,800kbit,none,,,13440,14532,-847,0.174,7.442
2025-12-25T18:49:06.238349Z,40mbit,10mbit,800kbit,none,,,16272,15054,256,0.174,7.400
2025-12-25T18:49:06.738795Z,40mbit,10mbit,800kbit,none,,,15440,15169,529,0.185,6.140
2025-12-25T18:49:07.238820Z,40mbit,10mbit,800kbit,none,,,15040,15130,130,0.175,6.787
2025-12-25T18:49:07.738865Z,40mbit,10mbit,800kbit,none,,,15040,15103,571,0.188,7.229
2025-12-25T18:49:08.240405Z,40mbit,10mbit,800kbit,none,,,15440,15204,150,0.177,7.515
2025-12-25T18:49:08.738987Z,40mbit,10mbit,800kbit,none,,,15440,15275,105,0.209,6.575
2025-12-25T18:49:09.240487Z,40mbit,10mbit,800kbit,none,,,15040,15204,73,0.192,6.927
2025-12-25T18:49:09.738728Z,40mbit,10mbit,800kbit,none,,,14272,14924,-178,0.199,7.819
2025-12-25T18:49:10.241458Z,40mbit,10mbit,800kbit,none,,,15440,15079,-125,0.191,6.534
2025-12-25T18:49:10.738477Z,40mbit,10mbit,800kbit,none,,,15440,15187,-87,0.191,6.717
2025-12-25T18:49:11.240100Z,40mbit,10mbit,800kbit,none,,,13440,14663,-541,0.191,7.497
2025-12-25T18:49:11.739003Z,40mbit,10mbit,800kbit,none,,,13440,14296,-628,0.191,7.309
2025-12-25T18:49:12.238867Z,40mbit,10mbit,800kbit,none,,,14272,14289,-790,0.192,5.973
2025-12-25T18:49:12.738755Z,40mbit,10mbit,800kbit,none,,,13840,14154,-1033,0.173,6.802
2025-12-25T18:49:13.239372Z,40mbit,10mbit,800kbit,none,,,15440,14540,-123,0.174,7.304
2025-12-25T18:49:13.738377Z,40mbit,10mbit,800kbit,none,,,11840,13730,-566,0.173,7.236
2025-12-25T18:49:14.239265Z,40mbit,10mbit,800kbit,none,,,13440,13643,-646,0.173,6.177
2025-12-25T18:49:14.738262Z,40mbit,10mbit,800kbit,none,,,13840,13702,-452,0.173,5.713
2025-12-25T18:49:15.240536Z,40mbit,10mbit,800kbit,none,,,15840,14343,-196,0.182,7.250
2025-12-25T18:49:15.739271Z,40mbit,10mbit,800kbit,none,,,15040,14552,822,0.193,6.668
2025-12-25T18:49:16.238390Z,40mbit,10mbit,800kbit,none,,,11840,13738,95,0.190,6.431
2025-12-25T18:49:16.738772Z,40mbit,10mbit,800kbit,none,,,15040,14129,426,0.197,5.657
2025-12-25T18:49:17.238323Z,40mbit,10mbit,800kbit,none,,,15040,14402,58,0.194,5.844
2025-12-25T18:49:17.739262Z,40mbit,10mbit,800kbit,none,,,16272,14963,410,0.194,7.545
2025-12-25T18:49:18.238578Z,40mbit,10mbit,800kbit,none,,,15040,14986,1247,0.181,6.585
2025-12-25T18:49:18.739029Z,40mbit,10mbit,800kbit,none,,,13440,14522,393,0.184,6.074
2025-12-25T18:49:19.238486Z,40mbit,10mbit,800kbit,none,,,15440,14797,395,0.171,5.281
2025-12-25T18:49:19.739082Z,40mbit,10mbit,800kbit,bump_mmtc,reactive,loss,15040,14870,-92,0.168,7.225
2025-12-25T18:49:20.240483Z,40mbit,10mbit,800kbit,none,,,16272,15290,304,0.169,7.607
2025-12-25T18:49:20.738878Z,40mbit,10mbit,800kbit,none,,,13840,14855,333,0.172,6.292
2025-12-25T18:49:21.240235Z,40mbit,10mbit,800kbit,none,,,13840,14550,-246,0.166,6.278
2025-12-25T18:49:21.739036Z,40mbit,10mbit,800kbit,none,,,16272,15067,196,0.184,6.191
2025-12-25T18:49:22.240456Z,40mbit,10mbit,800kbit,none,,,15840,15299,8,0.261,7.668
2025-12-25T18:49:22.738925Z,40mbit,10mbit,800kbit,none,,,13840,14861,5,0.263,7.385
2025-12-25T18:49:23.239248Z,40mbit,10mbit,800kbit,bump_mmtc,reactive,loss,15440,15034,484,0.261,6.538
2025-12-25T18:49:23.738829Z,40mbit,10mbit,800kbit,none,,,15440,15156,89,0.260,6.165
2025-12-25T18:49:24.240547Z,40mbit,10mbit,800kbit,none,,,15440,15241,-57,0.240,7.215
2025-12-25T18:49:24.739178Z,40mbit,10mbit,800kbit,none,,,11840,14221,-640,0.159,8.531
2025-12-25T18:49:25.238812Z,40mbit,10mbit,800kbit,none,,,15840,14706,-328,0.159,6.699
2025-12-25T18:49:25.738750Z,40mbit,10mbit,800kbit,bump_mmtc,reactive,loss,14672,14696,-460,0.166,5.733
2025-12-25T18:49:26.240196Z,40mbit,10mbit,800kbit,none,,,15440,14919,-322,0.166,7.657
2025-12-25T18:49:26.738289Z,40mbit,10mbit,800kbit,none,,,15872,15205,984,0.190,7.786
2025-12-25T18:49:27.239090Z,40mbit,10mbit,800kbit,bump_mmtc,reactive,loss,15040,15155,448,0.189,6.502
2025-12-25T18:49:27.738786Z,40mbit,10mbit,800kbit,none,,,15040,15120,424,0.195,6.045
2025-12-25T18:49:28.240541Z,40mbit,10mbit,800kbit,none,,,15440,15216,297,0.890,7.504
2025-12-25T18:49:28.739223Z,40mbit,10mbit,800kbit,none,,,15840,15403,198,0.884,8.161
2025-12-25T18:49:29.240307Z,40mbit,10mbit,800kbit,none,,,15040,15294,138,0.869,6.562
2025-12-25T18:49:29.739094Z,40mbit,10mbit,800kbit,none,,,15040,15218,97,0.898,7.441
2025-12-25T18:49:30.239126Z,40mbit,10mbit,800kbit,none,,,13440,14684,-531,0.896,6.938
2025-12-25T18:49:30.739228Z,40mbit,10mbit,800kbit,none,,,15440,14911,-492,0.215,7.345
2025-12-25T18:49:31.240528Z,40mbit,10mbit,800kbit,none,,,15840,15189,-104,0.218,7.138
2025-12-25T18:49:31.738367Z,40mbit,10mbit,800kbit,bump_mmtc,reactive,loss,15040,15144,-73,0.216,7.892
2025-12-25T18:49:32.240425Z,40mbit,10mbit,800kbit,none,,,15040,15113,428,0.180,6.720
2025-12-25T18:49:32.739210Z,40mbit,10mbit,800kbit,none,,,13440,14611,-299,0.197,6.798
2025-12-25T18:49:33.238443Z,40mbit,10mbit,800kbit,none,,,15040,14739,-449,0.197,7.926
2025-12-25T18:49:33.739258Z,40mbit,10mbit,800kbit,none,,,14672,14719,-425,0.185,7.217
2025-12-25T18:49:34.240278Z,40mbit,10mbit,800kbit,none,,,15440,14935,-177,0.185,7.595
2025-12-25T18:49:34.738433Z,40mbit,10mbit,800kbit,none,,,13840,14607,-4,0.212,6.599
2025-12-25T18:49:35.238935Z,40mbit,10mbit,800kbit,none,,,15440,14856,116,0.207,7.048
2025-12-25T18:49:35.738384Z,40mbit,10mbit,800kbit,none,,,15440,15031,312,0.219,6.634
2025-12-25T18:49:36.240324Z,40mbit,10mbit,800kbit,none,,,15840,15274,338,0.195,7.482
2025-12-25T18:49:36.739380Z,40mbit,10mbit,800kbit,none,,,15440,15323,716,0.192,7.071
2025-12-25T18:49:37.244306Z,40mbit,10mbit,800kbit,none,,,15440,15358,501,0.146,6.771
2025-12-25T18:49:37.738496Z,40mbit,10mbit,800kbit,none,,,15840,15503,471,0.151,6.781
2025-12-25T18:49:38.244491Z,40mbit,10mbit,800kbit,none,,,15040,15364,89,0.141,7.213
2025-12-25T18:49:38.738268Z,40mbit,10mbit,800kbit,none,,,15440,15386,62,0.151,7.680
2025-12-25T18:49:39.240227Z,40mbit,10mbit,800kbit,none,,,15040,15282,-75,0.140,6.797
2025-12-25T18:49:39.738797Z,40mbit,10mbit,800kbit,none,,,13840,14850,-653,0.178,7.202
2025-12-25T18:49:40.239183Z,40mbit,10mbit,800kbit,none,,,13840,14547,-817,0.188,6.567
2025-12-25T18:49:40.739058Z,40mbit,10mbit,800kbit,none,,,15040,14694,-692,0.211,7.022
2025-12-25T18:49:41.240325Z,40mbit,10mbit,800kbit,none,,,15440,14918,-364,0.212,6.798
2025-12-25T18:49:41.738954Z,40mbit,10mbit,800kbit,bump_mmtc,reactive,loss,15840,15194,344,0.229,7.259
2025-12-25T18:49:42.238704Z,40mbit,10mbit,800kbit,none,,,13840,14788,241,0.205,6.982
2025-12-25T18:49:42.739128Z,40mbit,10mbit,800kbit,none,,,13440,14383,-311,0.215,6.716
2025-12-25T18:49:43.240311Z,40mbit,10mbit,800kbit,none,,,15440,14700,-217,0.215,6.970
2025-12-25T18:49:43.739021Z,40mbit,10mbit,800kbit,none,,,13440,14322,-872,0.221,7.435
2025-12-25T18:49:44.238401Z,40mbit,10mbit,800kbit,none,,,13840,14177,-610,0.221,7.192
2025-12-25T18:49:44.739111Z,40mbit,10mbit,800kbit,bump_mmtc,reactive,loss,11840,13476,-907,0.221,6.247
2025-12-25T18:49:45.238964Z,40mbit,10mbit,800kbit,bump_mmtc,reactive,loss,13440,13465,-1235,0.222,6.044
2025-12-25T18:49:45.738442Z,40mbit,10mbit,800kbit,bump_mmtc,reactive,loss,15440,14057,-264,0.237,5.838
2025-12-25T18:49:46.239101Z,40mbit,10mbit,800kbit,none,,,15440,14472,294,0.316,7.264
2025-12-25T18:49:46.739131Z,40mbit,10mbit,800kbit,bump_mmtc,reactive,loss,13440,14162,686,0.283,6.490
2025-12-25T18:49:47.239077Z,40mbit,10mbit,800kbit,none,,,15872,14675,1210,0.253,5.696
2025-12-25T18:49:47.739194Z,40mbit,10mbit,800kbit,none,,,15440,14904,847,0.252,6.184
2025-12-25T18:49:48.240256Z,40mbit,10mbit,800kbit,none,,,15040,14945,472,0.220,7.376
2025-12-25T18:49:48.738383Z,40mbit,10mbit,800kbit,none,,,15440,15093,931,0.149,7.217
2025-12-25T18:49:49.238641Z,40mbit,10mbit,800kbit,none,,,15440,15197,522,0.151,6.136
2025-12-25T18:49:49.739107Z,40mbit,10mbit,800kbit,none,,,13440,14670,-234,0.170,6.075
2025-12-25T18:49:50.240308Z,40mbit,10mbit,800kbit,none,,,13840,14421,-524,0.174,6.932
2025-12-25T18:49:50.739336Z,40mbit,10mbit,800kbit,none,,,15040,14606,-486,0.191,6.996
2025-12-25T18:49:51.239996Z,40mbit,10mbit,800kbit,none,,,13840,14376,-820,0.180,6.066
2025-12-25T18:49:51.738812Z,40mbit,10mbit,800kbit,none,,,15840,14815,145,0.217,6.668
2025-12-25T18:49:52.239973Z,40mbit,10mbit,800kbit,none,,,15840,15123,701,0.212,6.975
2025-12-25T18:49:52.738714Z,40mbit,10mbit,800kbit,none,,,15440,15218,611,0.209,6.867
2025-12-25T18:49:53.240002Z,40mbit,10mbit,800kbit,none,,,13440,14684,307,0.202,6.684
2025-12-25T18:49:53.739024Z,40mbit,10mbit,800kbit,none,,,15440,14911,95,0.202,7.542
2025-12-25T18:49:54.240689Z,40mbit,10mbit,800kbit,none,,,15440,15069,-53,0.179,6.645
2025-12-25T18:49:54.738321Z,40mbit,10mbit,800kbit,none,,,15040,15060,-157,0.181,7.040
2025-12-25T18:49:55.238845Z,40mbit,10mbit,800kbit,none,,,13040,14454,-230,0.174,7.439
2025-12-25T18:49:55.739174Z,40mbit,10mbit,800kbit,none,,,15440,14750,-161,0.176,6.449
2025-12-25T18:49:56.240312Z,40mbit,10mbit,800kbit,none,,,13440,14357,-712,0.261,5.937
2025-12-25T18:49:56.739009Z,40mbit,10mbit,800kbit,none,,,15040,14562,-498,0.269,7.614
2025-12-25T18:49:57.240139Z,40mbit,10mbit,800kbit,none,,,16672,15195,740,0.264,7.027
2025-12-25T18:49:57.739199Z,40mbit,10mbit,800kbit,none,,,15440,15268,518,0.275,6.505
2025-12-25T18:49:58.238437Z,40mbit,10mbit,800kbit,none,,,15440,15319,962,0.277,6.386
2025-12-25T18:49:58.739038Z,40mbit,10mbit,800kbit,none,,,13440,14755,193,0.203,7.224
2025-12-25T18:49:59.239082Z,40mbit,10mbit,800kbit,none,,,15040,14841,-353,0.485,7.936
2025-12-25T18:49:59.738311Z,40mbit,10mbit,800kbit,none,,,13440,14420,-847,0.485,6.261
2025-12-25T18:50:00.238309Z,40mbit,10mbit,800kbit,none,,,15440,14726,-593,0.472,7.605
2025-12-25T18:50:00.738418Z,40mbit,10mbit,800kbit,none,,,15440,14940,184,0.489,6.600
2025-12-25T18:50:01.239489Z,40mbit,10mbit,800kbit,none,,,15440,15090,249,0.485,6.878
2025-12-25T18:50:01.739000Z,40mbit,10mbit,800kbit,none,,,15440,15195,774,0.481,6.595
2025-12-25T18:50:02.240100Z,40mbit,10mbit,800kbit,none,,,7920,13012,-1713,0.183,7.352
2025-12-25T18:50:02.738955Z,40mbit,10mbit,800kbit,none,,,19680,15012,72,0.207,5.748
2025-12-25T18:50:03.238511Z,40mbit,10mbit,800kbit,none,,,14272,14790,-299,0.207,7.107
2025-12-25T18:50:03.738371Z,40mbit,10mbit,800kbit,none,,,15840,15105,-89,0.212,9.362
2025-12-25T18:50:04.239075Z,40mbit,10mbit,800kbit,bump_mmtc,reactive,loss,15040,15085,2073,0.458,5.452
2025-12-25T18:50:04.738763Z,40mbit,10mbit,800kbit,bump_mmtc,reactive,loss,16672,15561,548,0.451,5.743
2025-12-25T18:50:05.240466Z,40mbit,10mbit,800kbit,bump_mmtc,reactive,loss,13440,14925,134,0.453,6.363
2025-12-25T18:50:05.738715Z,40mbit,10mbit,800kbit,none,,,15440,15079,-25,0.451,8.881
2025-12-25T18:50:06.244450Z,40mbit,10mbit,800kbit,none,,,13840,14707,-378,0.451,6.654
2025-12-25T18:50:06.738922Z,40mbit,10mbit,800kbit,none,,,15040,14807,-754,0.451,5.187
2025-12-25T18:50:07.239125Z,40mbit,10mbit,800kbit,none,,,15440,14997,72,0.451,7.331
2025-12-25T18:50:07.738762Z,40mbit,10mbit,800kbit,none,,,15040,15010,-69,0.438,7.451
2025-12-25T18:50:08.238326Z,40mbit,10mbit,800kbit,none,,,16672,15508,800,0.183,6.419
2025-12-25T18:50:08.739120Z,40mbit,10mbit,800kbit,none,,,13840,15008,200,0.184,6.292
2025-12-25T18:50:09.240206Z,40mbit,10mbit,800kbit,none,,,13440,14537,-459,0.184,8.946
2025-12-25T18:50:09.739085Z,40mbit,10mbit,800kbit,none,,,15040,14688,-321,0.192,6.249
2025-12-25T18:50:10.238619Z,40mbit,10mbit,800kbit,none,,,15040,14793,-714,0.192,7.230
2025-12-25T18:50:10.739157Z,40mbit,10mbit,800kbit,none,,,13440,14387,-620,0.188,7.067
2025-12-25T18:50:11.240130Z,40mbit,10mbit,800kbit,none,,,15040,14583,45,0.166,7.229
2025-12-25T18:50:11.738341Z,40mbit,10mbit,800kbit,bump_mmtc,reactive,loss,15040,14720,32,0.180,6.113
2025-12-25T18:50:12.240482Z,40mbit,10mbit,800kbit,bump_mmtc,reactive,loss,13440,14336,-457,0.846,6.788
2025-12-25T18:50:12.738739Z,40mbit,10mbit,800kbit,none,,,15840,14787,399,0.842,7.651
2025-12-25T18:50:13.240419Z,40mbit,10mbit,800kbit,none,,,13840,14503,-80,0.837,7.173
2025-12-25T18:50:13.739016Z,40mbit,10mbit,800kbit,none,,,15440,14784,63,0.873,6.383
2025-12-25T18:50:14.238510Z,40mbit,10mbit,800kbit,none,,,15440,14980,644,0.875,6.733
2025-12-25T18:50:14.739359Z,40mbit,10mbit,800kbit,none,,,15840,15238,451,0.211,8.055
2025-12-25T18:50:15.240102Z,40mbit,10mbit,800kbit,none,,,15440,15299,795,0.205,6.557
2025-12-25T18:50:15.738877Z,40mbit,10mbit,800kbit,none,,,15440,15341,557,0.249,7.030
2025-12-25T18:50:16.239006Z,40mbit,10mbit,800kbit,none,,,15440,15370,389,0.215,7.290
2025-12-25T18:50:16.738371Z,40mbit,10mbit,800kbit,none,,,15440,15391,152,0.218,7.010
2025-12-25T18:50:17.238775Z,40mbit,10mbit,800kbit,bump_mmtc,reactive,loss,15840,15526,227,0.212,7.562
2025-12-25T18:50:17.738466Z,40mbit,10mbit,800kbit,none,,,13440,14900,-441,0.207,7.263
2025-12-25T18:50:18.239093Z,40mbit,10mbit,800kbit,bump_mmtc,reactive,loss,13440,14462,-908,0.161,7.285
2025-12-25T18:50:18.738715Z,40mbit,10mbit,800kbit,none,,,15440,14755,-636,0.169,6.335
2025-12-25T18:50:19.238728Z,40mbit,10mbit,800kbit,none,,,15440,14960,-565,0.287,7.447
2025-12-25T18:50:19.739224Z,40mbit,10mbit,800kbit,none,,,15440,15104,204,0.304,7.225
2025-12-25T18:50:20.239236Z,40mbit,10mbit,800kbit,bump_mmtc,reactive,loss,15440,15205,743,0.312,7.128
2025-12-25T18:50:20.738232Z,40mbit,10mbit,800kbit,none,,,13840,14795,40,0.316,6.736
2025-12-25T18:50:21.239015Z,40mbit,10mbit,800kbit,bump_mmtc,reactive,loss,15440,14988,28,0.307,7.079
2025-12-25T18:50:21.738741Z,40mbit,10mbit,800kbit,none,,,12672,14293,-810,0.208,8.080
2025-12-25T18:50:22.243408Z,40mbit,10mbit,800kbit,none,,,13440,14037,-1167,0.841,7.056
2025-12-25T18:50:22.738805Z,40mbit,10mbit,800kbit,none,,,15840,14578,-217,0.843,5.965
2025-12-25T18:50:23.239123Z,40mbit,10mbit,800kbit,bump_mmtc,reactive,loss,14672,14606,-382,0.839,6.982
2025-12-25T18:50:23.739039Z,40mbit,10mbit,800kbit,none,,,15040,14736,442,0.877,7.572
2025-12-25T18:50:24.240535Z,40mbit,10mbit,800kbit,none,,,15840,15067,1029,0.848,6.557
2025-12-25T18:50:24.738367Z,40mbit,10mbit,800kbit,bump_mmtc,reactive,loss,13440,14579,0,0.207,6.719
2025-12-25T18:50:25.238412Z,40mbit,10mbit,800kbit,none,,,15040,14717,111,0.207,7.537
2025-12-25T18:50:25.739077Z,40mbit,10mbit,800kbit,none,,,15440,14934,197,0.207,7.557
2025-12-25T18:50:26.238431Z,40mbit,10mbit,800kbit,none,,,15040,14965,-101,0.210,6.952
2025-12-25T18:50:26.739196Z,40mbit,10mbit,800kbit,bump_mmtc,reactive,loss,14272,14757,178,0.173,6.449
2025-12-25T18:50:27.238699Z,40mbit,10mbit,800kbit,none,,,13440,14362,-355,0.172,7.325
2025-12-25T18:50:27.738419Z,40mbit,10mbit,800kbit,bump_mmtc,reactive,loss,13840,14205,-728,0.210,6.500
2025-12-25T18:50:28.240264Z,40mbit,10mbit,800kbit,none,,,13440,13976,-989,0.210,6.429
2025-12-25T18:50:28.738340Z,40mbit,10mbit,800kbit,none,,,15440,14415,-342,0.205,7.243
2025-12-25T18:50:29.240149Z,40mbit,10mbit,800kbit,none,,,15040,14602,240,0.202,6.849
2025-12-25T18:50:29.738345Z,40mbit,10mbit,800kbit,none,,,13840,14373,168,0.205,6.659
2025-12-25T18:50:30.240193Z,40mbit,10mbit,800kbit,none,,,13440,14093,117,0.204,6.278
2025-12-25T18:50:30.738771Z,40mbit,10mbit,800kbit,none,,,13840,14017,-397,0.166,6.739
2025-12-25T18:50:31.240283Z,40mbit,10mbit,800kbit,none,,,13840,13964,-638,0.166,6.461
2025-12-25T18:50:31.738758Z,40mbit,10mbit,800kbit,none,,,11840,13327,-1046,0.167,6.970
2025-12-25T18:50:32.238889Z,40mbit,10mbit,800kbit,none,,,15440,13960,-132,0.167,5.955
2025-12-25T18:50:32.738971Z,40mbit,10mbit,800kbit,none,,,15440,14404,387,0.168,5.436
2025-12-25T18:50:33.238903Z,40mbit,10mbit,800kbit,none,,,15040,14595,630,0.171,7.040
2025-12-25T18:50:33.738987Z,40mbit,10mbit,800kbit,none,,,15440,14848,1521,0.171,6.623
2025-12-25T18:50:34.238338Z,40mbit,10mbit,800kbit,none,,,15840,15146,1185,0.176,6.054
2025-12-25T18:50:34.738752Z,10mbit,10mbit,800kbit,hard_throttle,emergency,urllc severe,13440,14634,229,37.687,-0.735
2025-12-25T18:50:35.241721Z,10mbit,10mbit,800kbit,hard_throttle,emergency,urllc severe,13760,14371,-223,37.741,1.825
2025-12-25T18:50:35.739143Z,10mbit,10mbit,800kbit,hard_throttle,emergency,urllc severe,13440,14092,-756,37.738,2.739
2025-12-25T18:50:36.244370Z,10mbit,10mbit,800kbit,bump_mmtc,reactive,loss,15040,14376,-769,37.725,1.109
2025-12-25T18:50:36.738372Z,10mbit,10mbit,800kbit,hard_throttle,emergency,urllc severe,13840,14215,-418,37.729,3.496
2025-12-25T18:50:37.238292Z,10mbit,10mbit,800kbit,hard_throttle,emergency,urllc severe,15040,14462,90,37.729,6.264
2025-12-25T18:50:37.739088Z,10mbit,10mbit,800kbit,hard_throttle,emergency,urllc severe,13840,14276,183,37.729,15.365
2025-12-25T18:50:38.238398Z,10mbit,10mbit,800kbit,none,,,15040,14505,128,0.244,17.038
2025-12-25T18:50:38.738378Z,10mbit,10mbit,800kbit,none,,,15040,14665,450,0.191,13.747
2025-12-25T18:50:39.240063Z,10mbit,10mbit,800kbit,none,,,15440,14897,435,0.286,9.357
2025-12-25T18:50:39.738433Z,10mbit,10mbit,800kbit,none,,,13840,14580,304,0.286,14.727
2025-12-25T18:50:40.241109Z,10mbit,10mbit,800kbit,bump_mmtc,reactive,loss,15840,14958,453,0.285,16.051
2025-12-25T18:50:40.739234Z,10mbit,10mbit,800kbit,none,,,10560,13638,-1026,0.312,15.372
2025-12-25T18:50:41.241031Z,10mbit,10mbit,800kbit,none,,,16080,14371,-526,0.312,8.223
2025-12-25T18:50:41.738741Z,10mbit,10mbit,800kbit,bump_mmtc,reactive,loss,15040,14571,-8,0.290,9.541
2025-12-25T18:50:42.238694Z,10mbit,10mbit,800kbit,none,,,15440,14832,-126,0.290,12.805
2025-12-25T18:50:42.738548Z,10mbit,10mbit,800kbit,none,,,15440,15014,1375,0.295,12.890
2025-12-25T18:50:43.239966Z,10mbit,10mbit,800kbit,none,,,15840,15262,891,0.295,6.618
2025-12-25T18:50:43.738385Z,10mbit,10mbit,800kbit,none,,,15440,15315,743,0.219,7.338
2025-12-25T18:50:44.239500Z,10mbit,10mbit,800kbit,none,,,15040,15232,400,0.780,9.244
2025-12-25T18:50:44.738277Z,10mbit,10mbit,800kbit,none,,,15440,15295,280,0.746,9.783
2025-12-25T18:50:45.238367Z,10mbit,10mbit,800kbit,none,,,15040,15218,-43,0.746,6.246
2025-12-25T18:50:45.738876Z,10mbit,10mbit,800kbit,none,,,15040,15164,-150,0.749,7.072
2025-12-25T18:50:46.239563Z,10mbit,10mbit,800kbit,none,,,13440,14647,-585,0.741,7.314
2025-12-25T18:50:46.738740Z,10mbit,10mbit,800kbit,none,,,15440,14885,-409,0.728,7.304
2025-12-25T18:50:47.238522Z,10mbit,10mbit,800kbit,none,,,15040,14931,-286,0.370,6.535
2025-12-25T18:50:47.738853Z,10mbit,10mbit,800kbit,none,,,15840,15204,39,0.370,7.856
2025-12-25T18:50:48.239938Z,10mbit,10mbit,800kbit,none,,,13440,14674,27,0.361,7.481
2025-12-25T18:50:48.739199Z,10mbit,10mbit,800kbit,none,,,13840,14424,-460,0.401,7.186
2025-12-25T18:50:49.238567Z,10mbit,10mbit,800kbit,bump_mmtc,reactive,loss,12672,13898,-1032,0.390,6.821
2025-12-25T18:50:49.738943Z,10mbit,10mbit,800kbit,none,,,15040,14241,-963,0.202,7.347
2025-12-25T18:50:50.240232Z,10mbit,10mbit,800kbit,bump_mmtc,reactive,loss,15440,14600,-74,0.196,7.375
2025-12-25T18:50:50.738847Z,10mbit,10mbit,800kbit,none,,,13840,14372,-51,0.200,6.854
2025-12-25T18:50:51.241110Z,10mbit,10mbit,800kbit,none,,,15440,14692,794,0.172,6.509
2025-12-25T18:50:51.738873Z,10mbit,10mbit,800kbit,hard_throttle,emergency,urllc severe,15440,14916,675,16.721,4.763
2025-12-25T18:50:52.240380Z,10mbit,10mbit,800kbit,hard_throttle,emergency,urllc severe,13440,14473,-126,16.714,5.594
2025-12-25T18:50:52.738728Z,10mbit,10mbit,800kbit,hard_throttle,emergency,urllc severe,15440,14763,391,21.161,7.363
2025-12-25T18:50:53.239829Z,10mbit,10mbit,800kbit,hard_throttle,emergency,urllc severe,14640,14726,33,21.175,7.218
2025-12-25T18:50:53.738247Z,10mbit,10mbit,800kbit,hard_throttle,emergency,urllc severe,14272,14590,-326,21.181,5.928
2025-12-25T18:50:54.240387Z,10mbit,10mbit,800kbit,hard_throttle,emergency,urllc severe,13840,14365,-108,21.181,7.985
2025-12-25T18:50:54.738715Z,25mbit,10mbit,800kbit,bump_mmtc,reactive,loss,13440,14087,-676,4.635,12.738
2025-12-25T18:50:55.239913Z,25mbit,10mbit,800kbit,mid_throttle,reactive,urllc warn,15840,14613,-113,4.633,11.981
2025-12-25T18:50:55.738988Z,25mbit,10mbit,800kbit,none,,,16272,15110,520,0.188,9.394
2025-12-25T18:50:56.238754Z,25mbit,10mbit,800kbit,none,,,15440,15209,844,0.188,11.304
2025-12-25T18:50:56.738753Z,25mbit,10mbit,800kbit,none,,,13440,14678,591,0.171,12.700
2025-12-25T18:50:57.239992Z,25mbit,10mbit,800kbit,none,,,13440,14307,-306,0.171,12.087
2025-12-25T18:50:57.738520Z,25mbit,10mbit,800kbit,none,,,15440,14646,-463,0.184,8.751
2025-12-25T18:50:58.239274Z,25mbit,10mbit,800kbit,none,,,15040,14764,-444,0.184,10.221
2025-12-25T18:50:58.738952Z,25mbit,10mbit,800kbit,none,,,15040,14847,168,0.190,10.559
2025-12-25T18:50:59.240333Z,25mbit,10mbit,800kbit,none,,,15440,15025,718,0.190,9.745
2025-12-25T18:50:59.739019Z,25mbit,10mbit,800kbit,none,,,13840,14669,22,0.190,7.335
2025-12-25T18:51:00.238333Z,25mbit,10mbit,800kbit,none,,,15840,15020,255,0.196,8.645
2025-12-25T18:51:00.738416Z,25mbit,10mbit,800kbit,none,,,13440,14546,-300,0.206,8.621
2025-12-25T18:51:01.239205Z,25mbit,10mbit,800kbit,none,,,15040,14694,-330,0.198,7.998
2025-12-25T18:51:01.738971Z,25mbit,10mbit,800kbit,none,,,15440,14918,248,0.168,6.296
2025-12-25T18:51:02.239922Z,25mbit,10mbit,800kbit,none,,,15440,15074,53,0.168,7.483
2025-12-25T18:51:02.738334Z,25mbit,10mbit,800kbit,none,,,15040,15064,517,0.203,6.983
2025-12-25T18:51:03.239920Z,25mbit,10mbit,800kbit,none,,,15040,15057,362,0.199,6.808
2025-12-25T18:51:03.738885Z,25mbit,10mbit,800kbit,none,,,13440,14571,-346,0.193,6.740
2025-12-25T18:51:04.240032Z,25mbit,10mbit,800kbit,none,,,15440,14832,-242,0.201,6.637
2025-12-25T18:51:04.739159Z,25mbit,10mbit,800kbit,none,,,15040,14894,-169,0.213,7.273
2025-12-25T18:51:05.240283Z,25mbit,10mbit,800kbit,none,,,15440,15058,1,0.178,6.934
2025-12-25T18:51:05.738394Z,25mbit,10mbit,800kbit,none,,,15040,15052,480,0.192,6.611
2025-12-25T18:51:06.245331Z,25mbit,10mbit,800kbit,none,,,15440,15168,336,0.192,6.750
2025-12-25T18:51:06.738286Z,25mbit,10mbit,800kbit,bump_mmtc,reactive,loss,15440,15250,355,0.190,6.989
2025-12-25T18:51:07.238859Z,25mbit,10mbit,800kbit,none,,,13440,14707,-351,0.192,7.223
2025-12-25T18:51:07.739110Z,25mbit,10mbit,800kbit,none,,,13840,14447,-605,0.192,7.372
2025-12-25T18:51:08.239329Z,25mbit,10mbit,800kbit,none,,,13440,14144,-1024,0.192,6.221
2025-12-25T18:51:08.738727Z,25mbit,10mbit,800kbit,none,,,15440,14533,-716,0.185,6.677
2025-12-25T18:51:09.238694Z,25mbit,10mbit,800kbit,bump_mmtc,reactive,loss,15040,14685,-21,0.184,6.916
2025-12-25T18:51:09.739162Z,25mbit,10mbit,800kbit,none,,,13840,14431,-15,0.192,7.316
2025-12-25T18:51:10.238783Z,25mbit,10mbit,800kbit,none,,,15040,14614,469,0.190,6.015
2025-12-25T18:51:10.738368Z,25mbit,10mbit,800kbit,bump_mmtc,reactive,loss,15040,14741,208,0.200,6.520
2025-12-25T18:51:11.239097Z,25mbit,10mbit,800kbit,none,,,15040,14831,145,0.420,7.376
2025-12-25T18:51:11.739152Z,25mbit,10mbit,800kbit,none,,,15040,14893,462,0.418,7.097
2025-12-25T18:51:12.238508Z,25mbit,10mbit,800kbit,none,,,15440,15057,443,0.408,6.679
2025-12-25T18:51:12.738752Z,25mbit,10mbit,800kbit,none,,,15040,15052,310,0.408,6.254
2025-12-25T18:51:13.238388Z,25mbit,10mbit,800kbit,none,,,15040,15048,217,0.403,7.169
2025-12-25T18:51:13.738877Z,25mbit,10mbit,800kbit,none,,,15040,15046,152,0.401,7.138
2025-12-25T18:51:14.238409Z,25mbit,10mbit,800kbit,none,,,15440,15164,106,0.264,6.603
2025-12-25T18:51:14.738421Z,25mbit,10mbit,800kbit,none,,,13840,14766,-285,0.268,6.732
2025-12-25T18:51:15.240371Z,25mbit,10mbit,800kbit,none,,,15440,14968,-79,0.248,7.248
2025-12-25T18:51:15.738784Z,25mbit,10mbit,800kbit,none,,,15440,15110,64,0.277,6.930
2025-12-25T18:51:16.239431Z,25mbit,10mbit,800kbit,none,,,15440,15209,44,0.277,7.035
2025-12-25T18:51:16.739128Z,25mbit,10mbit,800kbit,bump_mmtc,reactive,loss,13840,14798,31,0.292,7.219
2025-12-25T18:51:17.238648Z,25mbit,10mbit,800kbit,none,,,14272,14640,-328,0.292,7.065
2025-12-25T18:51:17.739203Z,25mbit,10mbit,800kbit,none,,,15040,14760,-349,0.222,6.540
2025-12-25T18:51:18.239209Z,25mbit,10mbit,800kbit,none,,,15440,14964,-244,0.222,7.147
2025-12-25T18:51:18.738448Z,25mbit,10mbit,800kbit,none,,,15440,15106,308,0.222,7.636
2025-12-25T18:51:19.240110Z,25mbit,10mbit,800kbit,none,,,15040,15086,446,0.229,6.734
2025-12-25T18:51:19.738290Z,25mbit,10mbit,800kbit,none,,,15040,15072,312,0.229,6.512
2025-12-25T18:51:20.238916Z,25mbit,10mbit,800kbit,none,,,15040,15062,98,0.480,7.058
2025-12-25T18:51:20.738894Z,25mbit,10mbit,800kbit,none,,,15440,15176,69,0.457,7.802
2025-12-25T18:51:21.238943Z,25mbit,10mbit,800kbit,none,,,15840,15375,288,0.427,6.992
2025-12-25T18:51:21.738791Z,25mbit,10mbit,800kbit,none,,,15840,15514,441,0.411,6.937
2025-12-25T18:51:22.238248Z,25mbit,10mbit,800kbit,none,,,13840,15012,-50,0.400,7.094
2025-12-25T18:51:22.739334Z,25mbit,10mbit,800kbit,none,,,15440,15140,-35,0.400,7.331
2025-12-25T18:51:23.240174Z,25mbit,10mbit,800kbit,none,,,15440,15230,-144,0.400,7.018
2025-12-25T18:51:23.738368Z,25mbit,10mbit,800kbit,none,,,15440,15293,-221,0.159,7.385
2025-12-25T18:51:24.238567Z,25mbit,10mbit,800kbit,none,,,15440,15337,325,0.153,7.267
2025-12-25T18:51:24.738820Z,25mbit,10mbit,800kbit,none,,,7520,12992,-2148,0.153,6.954
2025-12-25T18:51:25.240953Z,25mbit,10mbit,800kbit,none,,,22560,15862,632,0.150,5.252
2025-12-25T18:51:25.739178Z,25mbit,10mbit,800kbit,bump_mmtc,reactive,loss,15840,15855,562,0.151,7.784
2025-12-25T18:51:26.240300Z,25mbit,10mbit,800kbit,none,,,15840,15851,513,0.157,9.911
2025-12-25T18:51:26.738249Z,25mbit,10mbit,800kbit,none,,,15440,15727,2735,0.178,5.913
2025-12-25T18:51:27.238956Z,25mbit,10mbit,800kbit,none,,,15040,15521,-341,0.177,5.561
2025-12-25T18:51:27.738902Z,25mbit,10mbit,800kbit,none,,,15872,15626,-229,0.190,6.886
2025-12-25T18:51:28.240345Z,25mbit,10mbit,800kbit,none,,,15040,15450,-400,0.190,9.046
2025-12-25T18:51:28.739220Z,25mbit,10mbit,800kbit,none,,,15840,15567,-160,0.221,7.418
2025-12-25T18:51:29.238740Z,25mbit,10mbit,800kbit,none,,,13440,14929,-592,0.217,5.051
2025-12-25T18:51:29.738982Z,25mbit,10mbit,800kbit,none,,,15040,14962,-664,0.200,7.963
2025-12-25T18:51:30.238268Z,25mbit,10mbit,800kbit,bump_mmtc,reactive,loss,13440,14505,-944,0.211,7.521
2025-12-25T18:51:30.739208Z,25mbit,10mbit,800kbit,none,,,15440,14785,-781,0.211,7.326
2025-12-25T18:51:31.240080Z,25mbit,10mbit,800kbit,none,,,15040,14862,-67,0.223,6.114
2025-12-25T18:51:31.738967Z,25mbit,10mbit,800kbit,bump_mmtc,reactive,loss,15440,15035,73,0.195,7.947
2025-12-25T18:51:32.239282Z,25mbit,10mbit,800kbit,none,,,13840,14676,171,0.195,7.015
2025-12-25T18:51:32.739228Z,25mbit,10mbit,800kbit,none,,,13440,14305,-480,0.203,7.001
2025-12-25T18:51:33.240436Z,25mbit,10mbit,800kbit,none,,,15440,14646,-216,0.193,6.996
2025-12-25T18:51:33.739084Z,25mbit,10mbit,800kbit,bump_mmtc,reactive,loss,13840,14404,-631,0.185,6.840
2025-12-25T18:51:34.238391Z,25mbit,10mbit,800kbit,none,,,15440,14714,38,0.185,7.362
2025-12-25T18:51:34.739272Z,25mbit,10mbit,800kbit,none,,,13440,14332,26,0.168,6.400
2025-12-25T18:51:35.239971Z,25mbit,10mbit,800kbit,none,,,15440,14664,18,0.156,6.709
2025-12-25T18:51:35.738733Z,25mbit,10mbit,800kbit,bump_mmtc,reactive,loss,15840,15017,613,0.166,6.292
2025-12-25T18:51:36.238450Z,25mbit,10mbit,800kbit,none,,,15440,15144,429,0.166,7.724
2025-12-25T18:51:36.739167Z,25mbit,10mbit,800kbit,none,,,15840,15352,1020,0.197,6.602
2025-12-25T18:51:37.238383Z,25mbit,10mbit,800kbit,none,,,13840,14899,234,0.198,6.531
2025-12-25T18:51:37.738794Z,25mbit,10mbit,800kbit,none,,,15040,14941,-76,0.198,6.877
2025-12-25T18:51:38.239945Z,25mbit,10mbit,800kbit,none,,,15440,15090,-53,0.750,6.903
2025-12-25T18:51:38.739148Z,25mbit,10mbit,800kbit,none,,,15440,15195,-157,0.766,7.450
2025-12-25T18:51:39.238831Z,25mbit,10mbit,800kbit,none,,,13440,14668,-230,0.755,6.576
2025-12-25T18:51:39.738233Z,25mbit,10mbit,800kbit,none,,,15840,15020,78,0.758,6.908
2025-12-25T18:51:40.240249Z,25mbit,10mbit,800kbit,none,,,15040,15026,-64,0.758,6.818
2025-12-25T18:51:40.738857Z,25mbit,10mbit,800kbit,none,,,13440,14550,-645,0.758,8.105
2025-12-25T18:51:41.240056Z,25mbit,10mbit,800kbit,none,,,15040,14697,28,0.759,7.232
2025-12-25T18:51:41.739274Z,25mbit,10mbit,800kbit,none,,,15440,14920,-100,0.759,6.799
2025-12-25T18:51:42.238611Z,25mbit,10mbit,800kbit,none,,,15040,14956,-70,0.202,6.903
2025-12-25T18:51:42.738952Z,25mbit,10mbit,800kbit,none,,,15440,15101,550,0.205,7.892
2025-12-25T18:51:43.239941Z,25mbit,10mbit,800kbit,none,,,15040,15082,385,0.191,7.661
2025-12-25T18:51:43.738226Z,25mbit,10mbit,800kbit,none,,,15440,15190,269,0.168,6.212
2025-12-25T18:51:44.238594Z,25mbit,10mbit,800kbit,none,,,15040,15145,188,0.168,7.784
2025-12-25T18:51:44.738597Z,25mbit,10mbit,800kbit,none,,,15440,15233,132,0.186,8.035
2025-12-25T18:51:45.240105Z,25mbit,10mbit,800kbit,none,,,13840,14815,-267,0.171,6.763
2025-12-25T18:51:45.739063Z,25mbit,10mbit,800kbit,none,,,15040,14882,-307,0.180,6.699
2025-12-25T18:51:46.238316Z,25mbit,10mbit,800kbit,none,,,15040,14929,-215,0.180,7.292
2025-12-25T18:51:46.738465Z,25mbit,10mbit,800kbit,none,,,15440,15082,-150,0.183,7.263
2025-12-25T18:51:47.239277Z,25mbit,10mbit,800kbit,none,,,16272,15439,624,0.181,6.828
2025-12-25T18:51:47.739079Z,25mbit,10mbit,800kbit,none,,,13440,14839,-43,0.181,7.197
2025-12-25T18:51:48.240265Z,25mbit,10mbit,800kbit,none,,,15440,15019,89,0.181,7.126
2025-12-25T18:51:48.739208Z,25mbit,10mbit,800kbit,none,,,13840,14665,-417,0.193,6.830
2025-12-25T18:51:49.238724Z,25mbit,10mbit,800kbit,none,,,15440,14898,-541,0.193,7.793
2025-12-25T18:51:49.738968Z,25mbit,10mbit,800kbit,none,,,16272,15310,470,0.199,6.686
2025-12-25T18:51:50.241319Z,25mbit,10mbit,800kbit,none,,,14672,15118,98,0.202,7.155
2025-12-25T18:51:50.738734Z,25mbit,10mbit,800kbit,none,,,15040,15095,429,0.212,6.632
2025-12-25T18:51:51.238293Z,25mbit,10mbit,800kbit,none,,,15840,15318,420,0.212,6.794
2025-12-25T18:51:51.738937Z,25mbit,10mbit,800kbit,none,,,13840,14875,-435,0.228,7.562
2025-12-25T18:51:52.239910Z,25mbit,10mbit,800kbit,none,,,15440,15044,-74,0.228,7.002
2025-12-25T18:51:52.739127Z,25mbit,10mbit,800kbit,bump_mmtc,reactive,loss,15040,15043,-51,0.209,7.113
2025-12-25T18:51:53.240481Z,25mbit,10mbit,800kbit,none,,,15040,15042,-276,0.209,6.722
2025-12-25T18:51:53.739073Z,25mbit,10mbit,800kbit,none,,,15840,15281,406,0.232,6.923
2025-12-25T18:51:54.238832Z,25mbit,10mbit,800kbit,none,,,15440,15329,284,0.228,7.401
2025-12-25T18:51:54.738307Z,25mbit,10mbit,800kbit,none,,,15440,15362,319,0.210,7.005
2025-12-25T18:51:55.238827Z,25mbit,10mbit,800kbit,none,,,15440,15385,343,0.210,6.805
2025-12-25T18:51:55.739139Z,25mbit,10mbit,800kbit,bump_mmtc,reactive,loss,13440,14801,-479,0.199,7.668
2025-12-25T18:51:56.240126Z,25mbit,10mbit,800kbit,none,,,15440,14993,-335,0.197,7.037
2025-12-25T18:51:56.739027Z,25mbit,10mbit,800kbit,none,,,15840,15247,-115,0.174,6.912
2025-12-25T18:51:57.240480Z,25mbit,10mbit,800kbit,none,,,11840,14225,-1160,0.172,7.575
2025-12-25T18:51:57.738782Z,25mbit,10mbit,800kbit,none,,,15440,14589,-212,0.183,7.055
2025-12-25T18:51:58.239293Z,25mbit,10mbit,800kbit,none,,,15040,14724,-268,0.183,6.105
2025-12-25T18:51:58.738370Z,25mbit,10mbit,800kbit,bump_mmtc,reactive,loss,15440,14939,-308,0.182,7.162
2025-12-25T18:51:59.238464Z,25mbit,10mbit,800kbit,none,,,13840,14609,384,0.177,7.254
2025-12-25T18:51:59.738340Z,25mbit,10mbit,800kbit,none,,,15440,14858,269,0.167,7.289
2025-12-25T18:52:00.239099Z,25mbit,10mbit,800kbit,none,,,15440,15033,308,0.355,5.871
2025-12-25T18:52:00.738930Z,25mbit,10mbit,800kbit,none,,,13840,14675,-264,0.346,7.275
2025-12-25T18:52:01.240100Z,25mbit,10mbit,800kbit,none,,,15040,14784,175,0.341,8.202
2025-12-25T18:52:01.738238Z,25mbit,10mbit,800kbit,none,,,13840,14501,-357,0.354,6.252
2025-12-25T18:52:02.239255Z,25mbit,10mbit,800kbit,none,,,15440,14782,-250,0.354,6.163
2025-12-25T18:52:02.739269Z,25mbit,10mbit,800kbit,none,,,15440,14979,304,0.178,7.067
2025-12-25T18:52:03.239118Z,25mbit,10mbit,800kbit,none,,,13440,14517,-266,0.178,8.052
2025-12-25T18:52:03.739114Z,25mbit,10mbit,800kbit,none,,,15440,14794,293,0.188,5.817
2025-12-25T18:52:04.240252Z,25mbit,10mbit,800kbit,none,,,13840,14508,-274,0.190,6.649
2025-12-25T18:52:04.739061Z,25mbit,10mbit,800kbit,none,,,15040,14667,-312,0.199,7.546
2025-12-25T18:52:05.238804Z,25mbit,10mbit,800kbit,bump_mmtc,reactive,loss,13840,14419,-98,0.199,6.903
2025-12-25T18:52:05.738332Z,25mbit,10mbit,800kbit,none,,,15440,14725,-68,0.194,6.790
2025-12-25T18:52:06.240572Z,25mbit,10mbit,800kbit,bump_mmtc,reactive,loss,15440,14939,431,0.234,6.176
2025-12-25T18:52:06.739105Z,25mbit,10mbit,800kbit,bump_mmtc,reactive,loss,15440,15089,422,0.292,7.208
2025-12-25T18:52:07.238236Z,25mbit,10mbit,800kbit,none,,,13840,14714,295,0.274,7.112
2025-12-25T18:52:07.738940Z,25mbit,10mbit,800kbit,none,,,13840,14452,-273,0.270,6.526
2025-12-25T18:52:08.239799Z,25mbit,10mbit,800kbit,none,,,15840,14868,-71,0.262,6.368
2025-12-25T18:52:08.738936Z,25mbit,10mbit,800kbit,none,,,15440,15040,-49,0.212,7.035
2025-12-25T18:52:09.240318Z,25mbit,10mbit,800kbit,none,,,13840,14680,-34,0.212,7.495
2025-12-25T18:52:09.739105Z,25mbit,10mbit,800kbit,none,,,15040,14788,335,0.157,6.281
2025-12-25T18:52:10.238867Z,25mbit,10mbit,800kbit,none,,,15440,14983,114,0.150,6.249
2025-12-25T18:52:10.738801Z,25mbit,10mbit,800kbit,none,,,15440,15120,80,0.158,6.926
2025-12-25T18:52:11.239245Z,25mbit,10mbit,800kbit,none,,,15440,15216,536,0.805,7.803
2025-12-25T18:52:11.738224Z,25mbit,10mbit,800kbit,none,,,13440,14683,-104,0.805,6.850
2025-12-25T18:52:12.239957Z,25mbit,10mbit,800kbit,none,,,13840,14430,-553,0.799,6.168
2025-12-25T18:52:12.739249Z,25mbit,10mbit,800kbit,none,,,15440,14733,-387,0.811,6.840
2025-12-25T18:52:13.240427Z,25mbit,10mbit,800kbit,none,,,13840,14465,-751,0.806,7.984
2025-12-25T18:52:13.739063Z,25mbit,10mbit,800kbit,none,,,15440,14757,74,0.167,6.865
2025-12-25T18:52:14.239921Z,25mbit,10mbit,800kbit,none,,,13440,14362,-68,0.165,6.569
2025-12-25T18:52:14.738792Z,25mbit,10mbit,800kbit,none,,,15040,14565,-167,0.169,6.897
2025-12-25T18:52:15.238891Z,25mbit,10mbit,800kbit,none,,,15840,14947,482,0.157,6.911
2025-12-25T18:52:15.739172Z,25mbit,10mbit,800kbit,none,,,13440,14495,-262,0.157,7.883
2025-12-25T18:52:16.238380Z,25mbit,10mbit,800kbit,none,,,13440,14178,-183,0.164,6.967
2025-12-25T18:52:16.738526Z,25mbit,10mbit,800kbit,none,,,15040,14437,-128,0.167,5.891
2025-12-25T18:52:17.238955Z,25mbit,10mbit,800kbit,none,,,15040,14618,-329,0.166,6.830
2025-12-25T18:52:17.739384Z,25mbit,10mbit,800kbit,none,,,13440,14264,-230,0.164,7.213
2025-12-25T18:52:18.240510Z,25mbit,10mbit,800kbit,none,,,13440,14017,-161,0.164,7.221
2025-12-25T18:52:18.738446Z,25mbit,10mbit,800kbit,none,,,13840,13964,-473,0.176,5.471
2025-12-25T18:52:19.238926Z,25mbit,10mbit,800kbit,none,,,13840,13926,-691,0.175,6.167
2025-12-25T18:52:19.738997Z,25mbit,10mbit,800kbit,none,,,13440,13780,-483,0.187,7.377
2025-12-25T18:52:20.240394Z,25mbit,10mbit,800kbit,none,,,15040,14158,141,0.187,6.662
2025-12-25T18:52:20.739171Z,25mbit,10mbit,800kbit,none,,,15040,14422,458,0.192,5.386
2025-12-25T18:52:21.240120Z,25mbit,10mbit,800kbit,none,,,15040,14608,681,0.190,6.386
2025-12-25T18:52:21.738712Z,25mbit,10mbit,800kbit,none,,,13840,14377,596,0.192,7.326
2025-12-25T18:52:22.240371Z,25mbit,10mbit,800kbit,none,,,15440,14696,537,0.194,6.235
2025-12-25T18:52:22.739182Z,25mbit,10mbit,800kbit,none,,,15840,15039,616,0.232,5.928
2025-12-25T18:52:23.240305Z,25mbit,10mbit,800kbit,none,,,13840,14679,71,0.232,7.008
2025-12-25T18:52:23.738234Z,25mbit,10mbit,800kbit,none,,,15440,14907,530,0.251,6.954
2025-12-25T18:52:24.240062Z,25mbit,10mbit,800kbit,none,,,15040,14947,251,0.251,5.997
2025-12-25T18:52:24.739117Z,25mbit,10mbit,800kbit,none,,,15840,15215,175,0.244,6.482
2025-12-25T18:52:25.240219Z,25mbit,10mbit,800kbit,none,,,15040,15162,483,0.244,7.030
2025-12-25T18:52:25.738355Z,25mbit,10mbit,800kbit,bump_mmtc,reactive,loss,15840,15365,458,0.248,7.342
2025-12-25T18:52:26.238346Z,25mbit,10mbit,800kbit,none,,,15040,15268,320,0.191,6.317
2025-12-25T18:52:26.738861Z,25mbit,10mbit,800kbit,bump_mmtc,reactive,loss,15040,15199,-15,0.166,7.341
2025-12-25T18:52:27.240312Z,25mbit,10mbit,800kbit,none,,,15040,15151,-10,0.166,7.389
2025-12-25T18:52:27.739137Z,25mbit,10mbit,800kbit,none,,,13840,14758,-607,0.166,7.168
2025-12-25T18:52:28.240506Z,25mbit,10mbit,800kbit,none,,,15440,14962,-305,0.166,6.669
2025-12-25T18:52:28.739190Z,25mbit,10mbit,800kbit,bump_mmtc,reactive,loss,15440,15105,-93,0.170,7.011
2025-12-25T18:52:29.239199Z,25mbit,10mbit,800kbit,none,,,15840,15326,174,0.162,7.228
2025-12-25T18:52:29.738775Z,25mbit,10mbit,800kbit,none,,,15440,15360,602,0.162,6.667
2025-12-25T18:52:30.238907Z,25mbit,10mbit,800kbit,none,,,15040,15264,301,0.153,7.841
2025-12-25T18:52:30.738979Z,25mbit,10mbit,800kbit,none,,,15040,15196,91,0.153,6.812
2025-12-25T18:52:31.240308Z,25mbit,10mbit,800kbit,none,,,15440,15269,-56,0.153,7.140
2025-12-25T18:52:31.739084Z,25mbit,10mbit,800kbit,none,,,15840,15440,80,0.153,7.525
2025-12-25T18:52:32.238532Z,25mbit,10mbit,800kbit,none,,,14272,15090,-173,0.264,7.359
2025-12-25T18:52:32.738300Z,25mbit,10mbit,800kbit,none,,,13440,14595,-601,0.264,7.104
2025-12-25T18:52:33.238703Z,25mbit,10mbit,800kbit,none,,,16272,15098,-171,0.267,6.213
2025-12-25T18:52:33.738457Z,25mbit,10mbit,800kbit,bump_mmtc,reactive,loss,13440,14600,-840,0.284,7.458
2025-12-25T18:52:34.240394Z,25mbit,10mbit,800kbit,none,,,15440,14852,-237,0.280,7.585
2025-12-25T18:52:34.738758Z,25mbit,10mbit,800kbit,none,,,13840,14548,-46,0.277,6.861
2025-12-25T18:52:35.239921Z,25mbit,10mbit,800kbit,none,,,15040,14696,-402,0.257,6.494
2025-12-25T18:52:35.739038Z,25mbit,10mbit,800kbit,bump_mmtc,reactive,loss,15440,14919,318,0.257,6.446
2025-12-25T18:52:36.238815Z,25mbit,10mbit,800kbit,none,,,13440,14475,-377,0.257,8.538
2025-12-25T18:52:36.738982Z,25mbit,10mbit,800kbit,bump_mmtc,reactive,loss,13840,14284,-263,0.254,6.787
2025-12-25T18:52:37.239006Z,25mbit,10mbit,800kbit,bump_mmtc,reactive,loss,15440,14631,-64,0.250,5.790
2025-12-25T18:52:37.738981Z,25mbit,10mbit,800kbit,none,,,15840,14993,74,0.250,7.134
2025-12-25T18:52:38.238766Z,25mbit,10mbit,800kbit,none,,,15440,15127,652,0.159,7.367
2025-12-25T18:52:38.738954Z,25mbit,10mbit,800kbit,bump_mmtc,reactive,loss,13440,14621,336,0.158,6.982
2025-12-25T18:52:39.239119Z,25mbit,10mbit,800kbit,none,,,15872,14996,365,0.158,5.886
2025-12-25T18:52:39.738892Z,25mbit,10mbit,800kbit,none,,,15840,15249,255,0.153,6.703
2025-12-25T18:52:40.238416Z,25mbit,10mbit,800kbit,none,,,15040,15186,58,0.163,7.824
2025-12-25T18:52:40.738275Z,25mbit,10mbit,800kbit,none,,,15840,15382,761,0.238,7.201
2025-12-25T18:52:41.239095Z,25mbit,10mbit,800kbit,none,,,15040,15279,283,0.239,6.333
2025-12-25T18:52:41.738826Z,25mbit,10mbit,800kbit,bump_mmtc,reactive,loss,15440,15327,78,0.256,6.823
2025-12-25T18:52:42.240390Z,25mbit,10mbit,800kbit,none,,,16272,15611,424,0.249,7.482
2025-12-25T18:52:42.738415Z,25mbit,10mbit,800kbit,none,,,15040,15439,57,0.276,7.855
2025-12-25T18:52:43.240273Z,25mbit,10mbit,800kbit,none,,,15440,15439,159,0.199,6.428
2025-12-25T18:52:43.738726Z,25mbit,10mbit,800kbit,none,,,15040,15319,-8,0.199,7.123
2025-12-25T18:52:44.239967Z,25mbit,10mbit,800kbit,none,,,15440,15355,-255,0.199,7.398
2025-12-25T18:52:44.738741Z,25mbit,10mbit,800kbit,none,,,15440,15381,-58,0.199,7.158
2025-12-25T18:52:45.238472Z,25mbit,10mbit,800kbit,none,,,15040,15278,-161,0.194,7.787
2025-12-25T18:52:45.738448Z,25mbit,10mbit,800kbit,none,,,15440,15327,7,0.185,7.005
2025-12-25T18:52:46.240038Z,25mbit,10mbit,800kbit,none,,,13440,14761,-594,0.185,7.045
2025-12-25T18:52:46.738311Z,25mbit,10mbit,800kbit,none,,,15440,14964,-416,0.210,7.437
2025-12-25T18:52:47.240031Z,25mbit,10mbit,800kbit,none,,,13440,14507,-771,0.184,7.360
2025-12-25T18:52:47.739123Z,25mbit,10mbit,800kbit,none,,,15440,14787,-540,0.192,7.261
2025-12-25T18:52:48.240051Z,25mbit,10mbit,800kbit,none,,,15040,14862,101,0.193,6.701
2025-12-25T18:52:48.739253Z,25mbit,10mbit,800kbit,none,,,15840,15156,191,0.193,7.401
2025-12-25T18:52:49.238277Z,25mbit,10mbit,800kbit,none,,,15440,15241,733,0.177,6.752
2025-12-25T18:52:49.739026Z,25mbit,10mbit,800kbit,none,,,15040,15180,393,0.167,7.284
2025-12-25T18:52:50.240470Z,25mbit,10mbit,800kbit,none,,,15440,15258,395,0.280,7.096
2025-12-25T18:52:50.738268Z,25mbit,10mbit,800kbit,none,,,13440,14713,-443,0.317,6.959
2025-12-25T18:52:51.238385Z,25mbit,10mbit,800kbit,none,,,15440,14931,-310,0.315,7.395
2025-12-25T18:52:51.739180Z,25mbit,10mbit,800kbit,none,,,13440,14483,-697,0.327,6.726
2025-12-25T18:52:52.240357Z,25mbit,10mbit,800kbit,none,,,15040,14650,-607,0.327,7.221
2025-12-25T18:52:52.739241Z,25mbit,10mbit,800kbit,bump_mmtc,reactive,loss,15040,14767,54,0.315,6.408
2025-12-25T18:52:53.239150Z,25mbit,10mbit,800kbit,none,,,15440,14969,38,0.201,7.311
2025-12-25T18:52:53.738263Z,25mbit,10mbit,800kbit,none,,,13840,14630,146,0.190,6.649
2025-12-25T18:52:54.240349Z,25mbit,10mbit,800kbit,none,,,13840,14393,-257,0.190,7.036
2025-12-25T18:52:54.738717Z,25mbit,10mbit,800kbit,none,,,13440,14107,-660,0.217,6.826
2025-12-25T18:52:55.238750Z,25mbit,10mbit,800kbit,none,,,15440,14507,-462,0.209,6.513
2025-12-25T18:52:55.739200Z,25mbit,10mbit,800kbit,none,,,15440,14786,156,0.229,7.183
2025-12-25T18:52:56.239183Z,25mbit,10mbit,800kbit,none,,,13440,14382,-10,0.314,6.865
2025-12-25T18:52:56.739148Z,25mbit,10mbit,800kbit,none,,,15440,14700,592,0.303,6.366
2025-12-25T18:52:57.240473Z,25mbit,10mbit,800kbit,none,,,15040,14802,294,0.283,6.170
2025-12-25T18:52:57.739204Z,25mbit,10mbit,800kbit,none,,,15440,14993,206,0.283,7.493
2025-12-25T18:52:58.240070Z,25mbit,10mbit,800kbit,none,,,15840,15247,864,0.267,6.967
2025-12-25T18:52:58.738367Z,25mbit,10mbit,800kbit,none,,,15040,15185,485,0.201,6.853
2025-12-25T18:52:59.238866Z,25mbit,10mbit,800kbit,none,,,15440,15261,459,0.181,6.192
2025-12-25T18:52:59.738773Z,25mbit,10mbit,800kbit,none,,,15040,15195,201,0.190,7.116
2025-12-25T18:53:00.238690Z,25mbit,10mbit,800kbit,none,,,15440,15268,21,0.763,7.606
2025-12-25T18:53:00.738775Z,25mbit,10mbit,800kbit,none,,,15840,15440,254,0.768,6.593
2025-12-25T18:53:01.238735Z,25mbit,10mbit,800kbit,none,,,15440,15440,178,0.749,7.070
2025-12-25T18:53:01.738430Z,25mbit,10mbit,800kbit,none,,,15440,15440,244,0.774,7.269
2025-12-25T18:53:02.239546Z,25mbit,10mbit,800kbit,bump_mmtc,reactive,loss,15440,15440,171,0.759,7.400
2025-12-25T18:53:02.738719Z,25mbit,10mbit,800kbit,none,,,15440,15440,0,0.199,7.299
2025-12-25T18:53:03.240096Z,25mbit,10mbit,800kbit,none,,,15040,15320,-120,0.184,7.577
2025-12-25T18:53:03.738692Z,25mbit,10mbit,800kbit,none,,,15040,15236,-204,0.184,7.495
2025-12-25T18:53:04.239963Z,25mbit,10mbit,800kbit,none,,,15440,15297,-142,0.184,7.235
2025-12-25T18:53:04.739138Z,25mbit,10mbit,800kbit,none,,,13840,14860,-579,0.198,7.448
2025-12-25T18:53:05.238711Z,25mbit,10mbit,800kbit,none,,,15840,15154,-165,0.220,7.634
2025-12-25T18:53:05.738737Z,25mbit,10mbit,800kbit,none,,,15440,15239,3,0.239,7.228
2025-12-25T18:53:06.241436Z,25mbit,10mbit,800kbit,none,,,15440,15299,2,0.226,7.467
2025-12-25T18:53:06.739120Z,25mbit,10mbit,800kbit,none,,,15440,15341,481,0.241,7.222
2025-12-25T18:53:07.238266Z,25mbit,10mbit,800kbit,none,,,13440,14771,-382,0.992,7.560
2025-12-25T18:53:07.738299Z,25mbit,10mbit,800kbit,none,,,15840,15091,-147,0.992,6.997
2025-12-25T18:53:08.243312Z,25mbit,10mbit,800kbit,none,,,15440,15196,-103,0.992,7.315
2025-12-25T18:53:08.738331Z,25mbit,10mbit,800kbit,none,,,16272,15519,177,0.952,8.112
2025-12-25T18:53:09.240129Z,25mbit,10mbit,800kbit,none,,,13440,14895,123,0.952,6.988
2025-12-25T18:53:09.738469Z,25mbit,10mbit,800kbit,none,,,15440,15058,-33,0.940,7.327
2025-12-25T18:53:10.239386Z,25mbit,10mbit,800kbit,none,,,15040,15053,-143,0.940,7.035
2025-12-25T18:53:10.738832Z,25mbit,10mbit,800kbit,none,,,15040,15049,-469,0.948,8.326
2025-12-25T18:53:11.238386Z,25mbit,10mbit,800kbit,none,,,15440,15166,271,0.948,7.751
2025-12-25T18:53:11.738406Z,25mbit,10mbit,800kbit,none,,,11840,14168,-890,0.948,7.178
2025-12-25T18:53:12.238279Z,25mbit,10mbit,800kbit,none,,,15040,14429,-623,0.936,7.198
2025-12-25T18:53:12.738242Z,25mbit,10mbit,800kbit,none,,,15440,14732,-316,0.936,7.048
2025-12-25T18:53:13.240421Z,25mbit,10mbit,800kbit,none,,,15872,15074,-91,0.936,8.963
2025-12-25T18:53:13.739013Z,25mbit,10mbit,800kbit,none,,,15440,15184,1015,0.179,6.880
2025-12-25T18:53:14.241038Z,25mbit,10mbit,800kbit,none,,,13840,14780,351,0.177,7.525
2025-12-25T18:53:14.738759Z,25mbit,10mbit,800kbit,none,,,15840,15098,365,0.177,6.833
2025-12-25T18:53:15.239038Z,25mbit,10mbit,800kbit,none,,,15440,15201,126,0.171,7.763
2025-12-25T18:53:15.739036Z,25mbit,10mbit,800kbit,bump_mmtc,reactive,loss,13840,14792,-391,0.191,8.525
2025-12-25T18:53:16.240304Z,25mbit,10mbit,800kbit,none,,,15440,14986,205,0.191,6.759
2025-12-25T18:53:16.738976Z,25mbit,10mbit,800kbit,bump_mmtc,reactive,loss,15840,15242,144,0.190,6.354
2025-12-25T18:53:17.238756Z,25mbit,10mbit,800kbit,bump_mmtc,reactive,loss,15440,15301,100,0.183,7.179
2025-12-25T18:53:17.739007Z,25mbit,10mbit,800kbit,none,,,13440,14743,-49,0.183,8.178
2025-12-25T18:53:18.241540Z,25mbit,10mbit,800kbit,none,,,16272,15201,215,0.180,7.058
2025-12-25T18:53:18.739088Z,25mbit,10mbit,800kbit,none,,,13840,14793,-449,0.180,6.258
2025-12-25T18:53:19.238797Z,25mbit,10mbit,800kbit,none,,,11840,13907,-1394,0.186,7.845
2025-12-25T18:53:19.739013Z,25mbit,10mbit,800kbit,bump_mmtc,reactive,loss,15440,14367,-376,0.177,7.185
2025-12-25T18:53:20.238338Z,25mbit,10mbit,800kbit,none,,,13440,14089,-1112,0.177,6.331
2025-12-25T18:53:20.739136Z,25mbit,10mbit,800kbit,none,,,15440,14494,-299,0.204,6.428
2025-12-25T18:53:21.240034Z,25mbit,10mbit,800kbit,none,,,15840,14898,990,0.199,6.931
2025-12-25T18:53:21.738405Z,25mbit,10mbit,800kbit,none,,,15440,15060,693,0.231,7.342
2025-12-25T18:53:22.238414Z,25mbit,10mbit,800kbit,none,,,13840,14694,605,0.219,5.807
2025-12-25T18:53:22.739068Z,25mbit,10mbit,800kbit,none,,,15040,14798,303,0.219,7.493
2025-12-25T18:53:23.239222Z,25mbit,10mbit,800kbit,none,,,15440,14990,92,0.217,7.229
2025-12-25T18:53:23.739017Z,25mbit,10mbit,800kbit,none,,,15840,15245,184,0.217,6.464
2025-12-25T18:53:24.242156Z,25mbit,10mbit,800kbit,none,,,15440,15303,609,0.193,7.016
2025-12-25T18:53:24.738770Z,25mbit,10mbit,800kbit,none,,,15440,15344,546,0.217,6.876
2025-12-25T18:53:25.243625Z,25mbit,10mbit,800kbit,none,,,15040,15253,262,0.761,6.361
2025-12-25T18:53:25.739161Z,25mbit,10mbit,800kbit,none,,,15840,15429,183,0.789,6.942
2025-12-25T18:53:26.238294Z,25mbit,10mbit,800kbit,none,,,15440,15432,128,0.784,7.873
2025-12-25T18:53:26.739178Z,25mbit,10mbit,800kbit,bump_mmtc,reactive,loss,15040,15314,-29,0.781,6.968
2025-12-25T18:53:27.239704Z,25mbit,10mbit,800kbit,none,,,15040,15232,-20,0.790,6.925
2025-12-25T18:53:27.739031Z,25mbit,10mbit,800kbit,none,,,15840,15414,-14,0.238,7.335
2025-12-25T18:53:28.240344Z,25mbit,10mbit,800kbit,none,,,15040,15302,-130,0.214,7.763
2025-12-25T18:53:28.739227Z,25mbit,10mbit,800kbit,none,,,13440,14743,-571,0.234,7.604
2025-12-25T18:53:29.238694Z,25mbit,10mbit,800kbit,none,,,15040,14832,-399,0.220,7.121
2025-12-25T18:53:29.738727Z,25mbit,10mbit,800kbit,none,,,15440,15014,-399,0.220,6.767
2025-12-25T18:53:30.240096Z,25mbit,10mbit,800kbit,bump_mmtc,reactive,loss,15440,15142,-159,0.197,7.774
2025-12-25T18:53:30.738991Z,25mbit,10mbit,800kbit,none,,,13440,14631,-111,0.191,7.866
2025-12-25T18:53:31.240132Z,25mbit,10mbit,800kbit,none,,,15440,14874,41,0.191,6.973
2025-12-25T18:53:31.738870Z,25mbit,10mbit,800kbit,none,,,16272,15293,278,0.225,6.376
2025-12-25T18:53:32.238371Z,25mbit,10mbit,800kbit,bump_mmtc,reactive,loss,11840,14257,-884,0.198,8.203
2025-12-25T18:53:32.738726Z,25mbit,10mbit,800kbit,none,,,15440,14612,-19,0.234,8.013
2025-12-25T18:53:33.239494Z,25mbit,10mbit,800kbit,none,,,13840,14380,-493,0.234,5.877
2025-12-25T18:53:33.739015Z,25mbit,10mbit,800kbit,none,,,15440,14698,-595,0.234,6.581
2025-12-25T18:53:34.238670Z,25mbit,10mbit,800kbit,none,,,15440,14920,663,0.236,7.062
2025-12-25T18:53:34.738745Z,25mbit,10mbit,800kbit,none,,,15040,14956,344,0.223,7.825
2025-12-25T18:53:35.239481Z,25mbit,10mbit,800kbit,none,,,15440,15101,721,0.192,5.626
2025-12-25T18:53:35.738738Z,25mbit,10mbit,800kbit,none,,,13440,14603,-95,0.204,6.892
2025-12-25T18:53:36.244390Z,25mbit,10mbit,800kbit,none,,,15040,14734,-186,0.204,8.102
2025-12-25T18:53:36.738396Z,25mbit,10mbit,800kbit,none,,,13840,14465,-490,0.237,6.528
2025-12-25T18:53:37.240308Z,25mbit,10mbit,800kbit,none,,,15040,14638,-463,0.237,6.735
2025-12-25T18:53:37.738302Z,25mbit,10mbit,800kbit,none,,,13840,14398,-204,0.237,6.555
2025-12-25T18:53:38.238730Z,25mbit,10mbit,800kbit,none,,,15440,14711,-23,0.248,7.070
2025-12-25T18:53:38.739100Z,25mbit,10mbit,800kbit,none,,,15840,15049,583,0.275,6.164
2025-12-25T18:53:39.238567Z,25mbit,10mbit,800kbit,none,,,15840,15286,648,0.275,7.156
2025-12-25T18:53:39.738270Z,25mbit,10mbit,800kbit,none,,,15040,15212,814,0.300,7.071
2025-12-25T18:53:40.238445Z,25mbit,10mbit,800kbit,none,,,13840,14800,89,0.300,6.804
2025-12-25T18:53:40.739023Z,25mbit,10mbit,800kbit,none,,,15040,14872,-177,0.304,6.771
2025-12-25T18:53:41.239544Z,25mbit,10mbit,800kbit,none,,,13440,14442,-843,0.304,6.959
2025-12-25T18:53:41.738805Z,25mbit,10mbit,800kbit,none,,,7920,12486,-2726,0.304,7.609
2025-12-25T18:53:42.239399Z,25mbit,10mbit,800kbit,none,,,20480,14884,83,0.713,4.771
2025-12-25T18:53:42.738487Z,25mbit,10mbit,800kbit,bump_mmtc,reactive,loss,15440,15050,178,0.709,6.572
2025-12-25T18:53:43.240543Z,25mbit,10mbit,800kbit,none,,,13440,14567,124,0.685,7.863
2025-12-25T18:53:43.738901Z,25mbit,10mbit,800kbit,none,,,15040,14709,2223,0.685,6.902
2025-12-25T18:53:44.240362Z,25mbit,10mbit,800kbit,none,,,15440,14928,44,1.354,5.662
2025-12-25T18:53:44.739009Z,25mbit,10mbit,800kbit,none,,,15440,15081,31,1.366,6.566
2025-12-25T18:53:45.240638Z,25mbit,10mbit,800kbit,none,,,15440,15189,621,1.366,9.035
2025-12-25T18:53:45.738737Z,25mbit,10mbit,800kbit,bump_mmtc,reactive,loss,11840,14184,-524,0.905,7.841
2025-12-25T18:53:46.241297Z,25mbit,10mbit,800kbit,none,,,15040,14441,-487,0.892,5.099
2025-12-25T18:53:46.738975Z,25mbit,10mbit,800kbit,none,,,15040,14620,-461,0.888,6.897
2025-12-25T18:53:47.238408Z,25mbit,10mbit,800kbit,none,,,13040,14146,-1042,0.888,9.368
2025-12-25T18:53:47.738358Z,25mbit,10mbit,800kbit,none,,,13440,13934,-249,0.888,7.079
2025-12-25T18:53:48.239490Z,25mbit,10mbit,800kbit,none,,,15840,14506,65,0.906,5.260
2025-12-25T18:53:48.738791Z,25mbit,10mbit,800kbit,bump_mmtc,reactive,loss,13840,14306,-314,0.895,7.344
2025-12-25T18:53:49.238934Z,25mbit,10mbit,800kbit,none,,,15440,14646,499,1.342,8.615
2025-12-25T18:53:49.738771Z,25mbit,10mbit,800kbit,bump_mmtc,reactive,loss,15840,15004,1069,1.352,7.810
2025-12-25T18:53:50.240446Z,25mbit,10mbit,800kbit,none,,,15040,15015,508,1.352,6.222
2025-12-25T18:53:50.738806Z,25mbit,10mbit,800kbit,none,,,15840,15262,956,1.351,6.942
2025-12-25T18:53:51.238386Z,25mbit,10mbit,800kbit,none,,,15040,15195,549,1.119,9.099
2025-12-25T18:53:51.739238Z,25mbit,10mbit,800kbit,none,,,13840,14789,-215,1.132,7.523
2025-12-25T18:53:52.238549Z,25mbit,10mbit,800kbit,none,,,15840,15104,89,0.674,6.420
2025-12-25T18:53:52.739028Z,25mbit,10mbit,800kbit,none,,,13440,14605,-657,0.675,8.049
2025-12-25T18:53:53.238422Z,25mbit,10mbit,800kbit,none,,,14272,14505,-690,0.670,7.991
2025-12-25T18:53:53.738980Z,25mbit,10mbit,800kbit,none,,,13440,14185,-603,0.193,6.688
2025-12-25T18:53:54.239457Z,25mbit,10mbit,800kbit,none,,,14672,14331,-772,0.263,7.233
2025-12-25T18:53:54.738257Z,25mbit,10mbit,800kbit,bump_mmtc,reactive,loss,15840,14784,179,0.269,7.087
2025-12-25T18:53:55.239328Z,25mbit,10mbit,800kbit,none,,,13440,14380,-124,0.602,7.750
2025-12-25T18:53:55.739128Z,25mbit,10mbit,800kbit,none,,,16272,14948,762,0.614,7.616
2025-12-25T18:53:56.238718Z,25mbit,10mbit,800kbit,bump_mmtc,reactive,loss,11840,14015,-315,0.605,6.985
2025-12-25T18:53:56.739022Z,25mbit,10mbit,800kbit,none,,,15440,14443,-341,0.544,7.925
2025-12-25T18:53:57.241472Z,25mbit,10mbit,800kbit,none,,,15440,14742,361,0.532,6.986
2025-12-25T18:53:57.738748Z,25mbit,10mbit,800kbit,none,,,15440,14951,3,0.199,7.629
2025-12-25T18:53:58.238951Z,25mbit,10mbit,800kbit,none,,,15440,15098,1082,0.185,6.305
2025-12-25T18:53:58.738230Z,25mbit,10mbit,800kbit,none,,,15040,15080,637,0.213,6.885
2025-12-25T18:53:59.240379Z,25mbit,10mbit,800kbit,none,,,15840,15308,566,0.182,6.768
2025-12-25T18:53:59.738953Z,25mbit,10mbit,800kbit,none,,,15440,15347,396,0.192,6.957
2025-12-25T18:54:00.240262Z,25mbit,10mbit,800kbit,none,,,15440,15375,277,0.192,7.952
2025-12-25T18:54:00.738232Z,25mbit,10mbit,800kbit,none,,,15872,15524,443,0.186,6.477
2025-12-25T18:54:01.239062Z,25mbit,10mbit,800kbit,none,,,13440,14899,-409,0.192,7.026
2025-12-25T18:54:01.738953Z,25mbit,10mbit,800kbit,bump_mmtc,reactive,loss,13760,14557,-790,0.175,7.104
2025-12-25T18:54:02.240204Z,25mbit,10mbit,800kbit,none,,,17120,15326,-49,0.167,7.336
2025-12-25T18:54:02.738748Z,25mbit,10mbit,800kbit,none,,,13840,14880,-644,0.178,7.006
2025-12-25T18:54:03.238910Z,25mbit,10mbit,800kbit,none,,,15840,15168,269,0.178,6.933
2025-12-25T18:54:03.739162Z,25mbit,10mbit,800kbit,none,,,15040,15129,572,0.177,6.974
2025-12-25T18:54:04.239988Z,25mbit,10mbit,800kbit,none,,,15440,15222,-103,0.177,7.101
2025-12-25T18:54:04.738826Z,25mbit,10mbit,800kbit,none,,,13840,14807,-72,0.171,7.240
2025-12-25T18:54:05.241302Z,25mbit,10mbit,800kbit,none,,,13440,14397,-770,0.173,7.675
2025-12-25T18:54:05.739243Z,25mbit,10mbit,800kbit,none,,,13840,14230,-899,0.165,6.188
2025-12-25T18:54:06.240173Z,25mbit,10mbit,800kbit,none,,,15440,14593,-629,0.162,6.692
2025-12-25T18:54:06.739111Z,25mbit,10mbit,800kbit,bump_mmtc,reactive,loss,5920,11991,-2816,0.166,7.403
2025-12-25T18:54:07.240260Z,25mbit,10mbit,800kbit,none,,,21360,14801,404,0.166,5.209
2025-12-25T18:54:07.738785Z,25mbit,10mbit,800kbit,none,,,14672,14762,532,0.166,6.061
2025-12-25T18:54:08.238353Z,25mbit,10mbit,800kbit,none,,,15472,14975,382,0.161,8.511
2025-12-25T18:54:08.818518Z,25mbit,10mbit,800kbit,none,,,8880,13146,1155,0.209,6.552
2025-12-25T18:54:09.238767Z,25mbit,10mbit,800kbit,none,,,21200,15562,760,0.209,3.667
2025-12-25T18:54:09.739226Z,25mbit,10mbit,800kbit,bump_mmtc,reactive,loss,15040,15406,643,0.283,6.387
2025-12-25T18:54:10.239929Z,25mbit,10mbit,800kbit,none,,,13840,14936,-39,0.515,9.315
2025-12-25T18:54:10.738966Z,25mbit,10mbit,800kbit,none,,,15440,15087,1940,0.512,6.064
2025-12-25T18:54:11.238834Z,25mbit,10mbit,800kbit,none,,,16272,15442,-120,0.512,3.536
2025-12-25T18:54:11.739081Z,25mbit,10mbit,800kbit,bump_mmtc,reactive,loss,8352,13315,-2090,0.512,6.457
2025-12-25T18:54:12.239293Z,25mbit,10mbit,800kbit,none,,,22560,16088,1152,0.526,7.934
2025-12-25T18:54:12.738743Z,25mbit,10mbit,800kbit,none,,,15840,16014,926,0.540,6.214
2025-12-25T18:54:13.238392Z,25mbit,10mbit,800kbit,none,,,11840,14761,-680,0.464,3.628
2025-12-25T18:54:13.738988Z,25mbit,10mbit,800kbit,none,,,13440,14365,1049,0.235,8.150
2025-12-25T18:54:14.240253Z,25mbit,10mbit,800kbit,none,,,13840,14207,-1881,0.234,5.300
2025-12-25T18:54:14.738758Z,25mbit,10mbit,800kbit,none,,,15440,14577,-1436,0.245,6.056
2025-12-25T18:54:15.239955Z,25mbit,10mbit,800kbit,none,,,15840,14956,194,0.245,6.797
2025-12-25T18:54:15.739120Z,25mbit,10mbit,800kbit,none,,,13840,14621,255,0.219,8.758
2025-12-25T18:54:16.240077Z,25mbit,10mbit,800kbit,none,,,13440,14266,59,0.219,4.507
2025-12-25T18:54:16.738260Z,25mbit,10mbit,800kbit,none,,,15840,14738,161,0.228,6.808
2025-12-25T18:54:17.240372Z,25mbit,10mbit,800kbit,none,,,16704,15328,372,0.228,8.003
2025-12-25T18:54:17.738283Z,25mbit,10mbit,800kbit,bump_mmtc,reactive,loss,13440,14761,140,0.241,7.377
2025-12-25T18:54:18.238825Z,25mbit,10mbit,800kbit,none,,,13840,14485,218,0.241,5.981
2025-12-25T18:54:18.739097Z,25mbit,10mbit,800kbit,none,,,15440,14771,32,0.263,6.109
2025-12-25T18:54:19.238824Z,25mbit,10mbit,800kbit,none,,,13840,14492,-836,0.241,7.000
2025-12-25T18:54:19.739107Z,25mbit,10mbit,800kbit,bump_mmtc,reactive,loss,13440,14176,-585,0.233,7.756
2025-12-25T18:54:20.238350Z,25mbit,10mbit,800kbit,none,,,15440,14555,70,0.221,6.632
2025-12-25T18:54:20.739202Z,25mbit,10mbit,800kbit,none,,,15440,14820,49,0.213,5.401
2025-12-25T18:54:21.238427Z,25mbit,10mbit,800kbit,none,,,15440,15006,514,0.191,6.723
2025-12-25T18:54:21.738988Z,25mbit,10mbit,800kbit,none,,,15840,15256,1080,0.191,8.412
2025-12-25T18:54:22.238378Z,25mbit,10mbit,800kbit,none,,,13440,14711,156,0.191,6.849
2025-12-25T18:54:22.739146Z,25mbit,10mbit,800kbit,none,,,15040,14810,-10,0.193,5.900
2025-12-25T18:54:23.240340Z,25mbit,10mbit,800kbit,none,,,15440,14999,-7,0.193,7.238
2025-12-25T18:54:23.738368Z,25mbit,10mbit,800kbit,none,,,15840,15251,-5,0.190,7.827
2025-12-25T18:54:24.240461Z,25mbit,10mbit,800kbit,none,,,15440,15307,596,0.190,6.334
2025-12-25T18:54:24.738334Z,25mbit,10mbit,800kbit,none,,,7520,12971,-1838,0.210,6.526
2025-12-25T18:54:25.240440Z,25mbit,10mbit,800kbit,none,,,23792,16217,1218,0.211,4.880
2025-12-25T18:54:25.738343Z,25mbit,10mbit,800kbit,none,,,15840,16104,853,0.211,7.349
2025-12-25T18:54:26.240172Z,25mbit,10mbit,800kbit,none,,,15840,16025,717,0.203,9.657
2025-12-25T18:54:26.738251Z,25mbit,10mbit,800kbit,none,,,15840,15969,2997,0.188,5.828
2025-12-25T18:54:27.244415Z,25mbit,10mbit,800kbit,none,,,15440,15810,-407,0.183,5.362
2025-12-25T18:54:27.738257Z,25mbit,10mbit,800kbit,none,,,13760,15195,-908,0.184,6.751
2025-12-25T18:54:28.240504Z,25mbit,10mbit,800kbit,none,,,15120,15172,-852,0.174,9.176
2025-12-25T18:54:28.738792Z,25mbit,10mbit,800kbit,none,,,15440,15252,-716,0.204,7.152
2025-12-25T18:54:29.238917Z,25mbit,10mbit,800kbit,none,,,15040,15189,-621,0.204,4.651
2025-12-25T18:54:29.739041Z,25mbit,10mbit,800kbit,bump_mmtc,reactive,loss,13440,14664,-531,0.196,8.556
2025-12-25T18:54:30.241231Z,25mbit,10mbit,800kbit,none,,,13440,14297,-875,0.196,8.065
2025-12-25T18:54:30.739038Z,25mbit,10mbit,800kbit,none,,,11952,13593,-1659,0.220,6.438
2025-12-25T18:54:31.238729Z,25mbit,10mbit,800kbit,none,,,19760,15443,254,0.185,5.037
2025-12-25T18:54:31.828787Z,25mbit,10mbit,800kbit,none,,,7520,13066,-1597,0.213,8.646
2025-12-25T18:54:32.238855Z,25mbit,10mbit,800kbit,none,,,13760,13274,-1022,0.238,8.510
2025-12-25T18:54:32.738954Z,25mbit,10mbit,800kbit,bump_mmtc,reactive,loss,15040,13804,210,0.251,3.875
2025-12-25T18:54:33.239187Z,25mbit,10mbit,800kbit,none,,,15440,14294,-1148,0.251,6.395
2025-12-25T18:54:33.738891Z,25mbit,10mbit,800kbit,none,,,15440,14638,1572,0.232,7.047
2025-12-25T18:54:34.238992Z,25mbit,10mbit,800kbit,none,,,15040,14758,1484,0.239,6.673
2025-12-25T18:54:34.739053Z,25mbit,10mbit,800kbit,none,,,15872,15092,1288,0.222,5.051
2025-12-25T18:54:35.239433Z,25mbit,10mbit,800kbit,none,,,15040,15076,782,0.175,5.500
2025-12-25T18:54:35.739000Z,25mbit,10mbit,800kbit,bump_mmtc,reactive,loss,15840,15305,667,0.185,8.642
2025-12-25T18:54:36.238711Z,25mbit,10mbit,800kbit,none,,,13840,14866,107,0.193,6.563
2025-12-25T18:54:36.739211Z,25mbit,10mbit,800kbit,none,,,15040,14918,-174,0.197,5.368
2025-12-25T18:54:37.240434Z,25mbit,10mbit,800kbit,none,,,15040,14954,-122,0.194,6.351
2025-12-25T18:54:37.738318Z,25mbit,10mbit,800kbit,bump_mmtc,reactive,loss,15440,15100,-205,0.205,7.673
2025-12-25T18:54:38.238926Z,25mbit,10mbit,800kbit,none,,,15040,15082,216,0.201,6.461
2025-12-25T18:54:38.739271Z,25mbit,10mbit,800kbit,none,,,15040,15069,151,0.210,6.619
2025-12-25T18:54:39.241893Z,25mbit,10mbit,800kbit,none,,,15440,15180,225,0.291,6.700
2025-12-25T18:54:39.738274Z,25mbit,10mbit,800kbit,none,,,15440,15258,158,0.305,7.126
2025-12-25T18:54:40.238299Z,25mbit,10mbit,800kbit,none,,,13040,14592,-489,0.305,7.919
2025-12-25T18:54:40.738849Z,25mbit,10mbit,800kbit,none,,,15440,14847,-222,0.300,7.141
2025-12-25T18:54:41.239619Z,25mbit,10mbit,800kbit,none,,,15440,15024,-155,0.406,6.182
2025-12-25T18:54:41.739090Z,25mbit,10mbit,800kbit,none,,,15040,15029,-229,0.401,7.226
2025-12-25T18:54:42.240276Z,25mbit,10mbit,800kbit,none,,,15440,15152,559,0.467,7.994
2025-12-25T18:54:42.738241Z,25mbit,10mbit,800kbit,bump_mmtc,reactive,loss,15440,15238,391,0.459,6.948
2025-12-25T18:54:43.240481Z,25mbit,10mbit,800kbit,none,,,15040,15179,154,0.459,6.050
2025-12-25T18:54:43.738465Z,25mbit,10mbit,800kbit,none,,,15040,15137,107,0.452,7.408
2025-12-25T18:54:44.238497Z,25mbit,10mbit,800kbit,none,,,15040,15108,-44,0.537,8.768
2025-12-25T18:54:44.739079Z,25mbit,10mbit,800kbit,none,,,15440,15207,-31,0.534,6.596
2025-12-25T18:54:45.238654Z,25mbit,10mbit,800kbit,none,,,14640,15037,-141,0.534,6.691
2025-12-25T18:54:45.739252Z,25mbit,10mbit,800kbit,bump_mmtc,reactive,loss,13440,14558,-579,0.396,7.671
2025-12-25T18:54:46.240043Z,25mbit,10mbit,800kbit,none,,,16272,15072,-35,0.396,7.370
2025-12-25T18:54:46.738408Z,25mbit,10mbit,800kbit,none,,,15440,15182,-25,0.402,6.756
2025-12-25T18:54:47.238409Z,25mbit,10mbit,800kbit,none,,,13840,14779,-257,0.403,7.612
2025-12-25T18:54:47.739169Z,25mbit,10mbit,800kbit,none,,,15440,14977,419,0.403,7.356
2025-12-25T18:54:48.238648Z,25mbit,10mbit,800kbit,none,,,16672,15486,413,0.197,6.702
2025-12-25T18:54:48.738981Z,25mbit,10mbit,800kbit,none,,,15440,15472,289,0.202,6.982
2025-12-25T18:54:49.242420Z,25mbit,10mbit,800kbit,none,,,15440,15462,682,0.189,8.754
2025-12-25T18:54:49.738983Z,25mbit,10mbit,800kbit,none,,,13840,14975,-2,0.173,7.424
2025-12-25T18:54:50.240352Z,25mbit,10mbit,800kbit,none,,,15440,15115,-371,0.173,6.027
2025-12-25T18:54:50.738292Z,25mbit,10mbit,800kbit,none,,,13440,14612,-859,0.173,7.354
2025-12-25T18:54:51.240457Z,25mbit,10mbit,800kbit,none,,,15040,14740,-721,0.172,8.536
2025-12-25T18:54:51.738719Z,25mbit,10mbit,800kbit,none,,,15440,14950,-25,0.172,6.316
2025-12-25T18:54:52.239959Z,25mbit,10mbit,800kbit,none,,,14640,14857,-257,0.172,6.592
2025-12-25T18:54:52.738357Z,25mbit,10mbit,800kbit,none,,,13840,14552,-60,0.221,7.680
2025-12-25T18:54:53.240863Z,25mbit,10mbit,800kbit,none,,,14640,14578,-162,0.222,6.900
2025-12-25T18:54:53.739215Z,25mbit,10mbit,800kbit,none,,,15040,14716,-233,0.231,6.858
2025-12-25T18:54:54.240516Z,25mbit,10mbit,800kbit,none,,,15440,14933,76,0.231,6.646
2025-12-25T18:54:54.738996Z,25mbit,10mbit,800kbit,none,,,13840,14605,53,0.247,7.890
2025-12-25T18:54:55.240248Z,25mbit,10mbit,800kbit,bump_mmtc,reactive,loss,15040,14735,157,0.253,6.362
2025-12-25T18:54:55.739069Z,25mbit,10mbit,800kbit,none,,,15840,15067,350,0.213,6.334
2025-12-25T18:54:56.238796Z,25mbit,10mbit,800kbit,none,,,16672,15548,614,0.202,7.171
2025-12-25T18:54:56.738930Z,25mbit,10mbit,800kbit,none,,,13440,14916,310,0.237,7.441
2025-12-25T18:54:57.238919Z,25mbit,10mbit,800kbit,none,,,15040,14953,217,0.207,7.047
2025-12-25T18:54:57.738736Z,25mbit,10mbit,800kbit,none,,,15440,15099,32,0.219,6.160
2025-12-25T18:54:58.240489Z,25mbit,10mbit,800kbit,none,,,13440,14601,-947,0.219,7.052
2025-12-25T18:54:58.738351Z,25mbit,10mbit,800kbit,none,,,15440,14853,-63,0.231,7.530
2025-12-25T18:54:59.240266Z,25mbit,10mbit,800kbit,none,,,15440,15029,75,0.242,7.216
2025-12-25T18:54:59.738764Z,25mbit,10mbit,800kbit,none,,,15040,15032,-66,0.242,6.192
2025-12-25T18:55:00.243545Z,25mbit,10mbit,800kbit,none,,,13840,14674,73,0.196,6.526
2025-12-25T18:55:00.738964Z,25mbit,10mbit,800kbit,none,,,15440,14904,51,0.205,7.655
2025-12-25T18:55:01.238434Z,25mbit,10mbit,800kbit,none,,,13440,14464,-564,0.205,7.204
2025-12-25T18:55:01.738568Z,25mbit,10mbit,800kbit,none,,,13840,14277,-754,0.220,6.978
2025-12-25T18:55:02.239267Z,25mbit,10mbit,800kbit,none,,,15440,14626,-48,0.220,6.710
2025-12-25T18:55:02.738337Z,25mbit,10mbit,800kbit,none,,,15040,14750,-153,0.210,6.814
2025-12-25T18:55:03.242547Z,25mbit,10mbit,800kbit,none,,,16272,15206,741,0.209,6.634
2025-12-25T18:55:03.739030Z,25mbit,10mbit,800kbit,none,,,16672,15646,1368,0.224,7.263
2025-12-25T18:55:04.238473Z,25mbit,10mbit,800kbit,none,,,15040,15464,838,0.224,6.993
2025-12-25T18:55:04.738693Z,25mbit,10mbit,800kbit,none,,,15040,15337,586,0.224,6.658
2025-12-25T18:55:05.239384Z,25mbit,10mbit,800kbit,none,,,13440,14767,-438,0.222,8.086
2025-12-25T18:55:05.738531Z,25mbit,10mbit,800kbit,none,,,13840,14489,-1156,0.198,7.385
2025-12-25T18:55:06.238244Z,25mbit,10mbit,800kbit,none,,,15440,14774,-689,0.191,5.947
2025-12-25T18:55:06.738487Z,25mbit,10mbit,800kbit,none,,,13840,14494,-842,0.191,7.028
2025-12-25T18:55:07.238327Z,25mbit,10mbit,800kbit,none,,,15040,14658,-109,0.172,7.401
2025-12-25T18:55:07.739222Z,25mbit,10mbit,800kbit,none,,,15440,14892,403,0.170,6.003
2025-12-25T18:55:08.238808Z,25mbit,10mbit,800kbit,none,,,15840,15176,402,0.159,6.712
2025-12-25T18:55:08.739083Z,25mbit,10mbit,800kbit,none,,,15840,15375,881,0.182,7.078
2025-12-25T18:55:09.238722Z,25mbit,10mbit,800kbit,none,,,15040,15275,617,0.189,8.172
2025-12-25T18:55:09.739038Z,25mbit,10mbit,800kbit,none,,,11840,14244,-648,0.199,6.919
2025-12-25T18:55:10.240321Z,25mbit,10mbit,800kbit,none,,,14640,14363,-813,0.199,6.041
2025-12-25T18:55:10.738952Z,25mbit,10mbit,800kbit,none,,,15840,14806,-569,0.199,6.684
2025-12-25T18:55:11.240572Z,25mbit,10mbit,800kbit,none,,,15872,15125,-149,0.296,7.807
2025-12-25T18:55:11.738321Z,25mbit,10mbit,800kbit,none,,,15440,15220,975,0.310,6.926
2025-12-25T18:55:12.240113Z,25mbit,10mbit,800kbit,none,,,15040,15166,802,0.285,5.841
2025-12-25T18:55:12.738362Z,25mbit,10mbit,800kbit,none,,,13440,14648,-157,0.278,6.672
2025-12-25T18:55:13.240442Z,25mbit,10mbit,800kbit,none,,,11840,13805,-1320,0.278,8.021
2025-12-25T18:55:13.739077Z,25mbit,10mbit,800kbit,none,,,13840,13816,-1404,0.278,7.113
2025-12-25T18:55:14.238847Z,25mbit,10mbit,800kbit,none,,,15040,14183,-982,0.277,6.164
2025-12-25T18:55:14.758613Z,25mbit,10mbit,800kbit,none,,,13440,13960,-688,0.186,6.292
2025-12-25T18:55:15.238756Z,25mbit,10mbit,800kbit,none,,,15040,14284,478,0.177,7.264
2025-12-25T18:55:15.738855Z,25mbit,10mbit,800kbit,none,,,14672,14400,584,0.193,6.171
2025-12-25T18:55:16.240479Z,25mbit,10mbit,800kbit,none,,,13440,14112,-70,0.193,6.267
2025-12-25T18:55:16.758810Z,25mbit,10mbit,800kbit,none,,,15040,14390,430,0.199,7.409
2025-12-25T18:55:17.238676Z,25mbit,10mbit,800kbit,none,,,15040,14585,301,0.199,6.849
2025-12-25T18:55:17.748593Z,25mbit,10mbit,800kbit,none,,,15840,14961,561,0.207,6.064
2025-12-25T18:55:18.239596Z,25mbit,10mbit,800kbit,none,,,15040,14985,872,0.207,6.708
2025-12-25T18:55:18.738799Z,25mbit,10mbit,800kbit,none,,,15040,15001,611,0.213,7.334
2025-12-25T18:55:19.239148Z,25mbit,10mbit,800kbit,none,,,13440,14533,-52,0.212,6.233
2025-12-25T18:55:19.739007Z,25mbit,10mbit,800kbit,none,,,15040,14685,-276,0.201,6.432
2025-12-25T18:55:20.240086Z,25mbit,10mbit,800kbit,none,,,13440,14311,-673,0.201,7.342
2025-12-25T18:55:20.738287Z,25mbit,10mbit,800kbit,none,,,15872,14779,-221,0.236,6.983
2025-12-25T18:55:21.238255Z,25mbit,10mbit,800kbit,bump_mmtc,reactive,loss,15040,14857,324,0.243,5.870
2025-12-25T18:55:21.738439Z,25mbit,10mbit,800kbit,none,,,13440,14432,-252,0.225,6.919
2025-12-25T18:55:22.239184Z,25mbit,10mbit,800kbit,none,,,13440,14134,-176,0.226,7.411
2025-12-25T18:55:22.738887Z,25mbit,10mbit,800kbit,none,,,15440,14526,-253,0.250,5.922
2025-12-25T18:55:23.238359Z,25mbit,10mbit,800kbit,none,,,14640,14560,-297,0.250,6.785
2025-12-25T18:55:23.738825Z,25mbit,10mbit,800kbit,none,,,13840,14344,-88,0.215,7.126
2025-12-25T18:55:24.238755Z,25mbit,10mbit,800kbit,none,,,13040,13953,-181,0.211,7.512
2025-12-25T18:55:24.738426Z,25mbit,10mbit,800kbit,none,,,15440,14399,-127,0.233,5.462
2025-12-25T18:55:25.240214Z,25mbit,10mbit,800kbit,none,,,15440,14711,150,0.227,6.205
2025-12-25T18:55:25.738833Z,25mbit,10mbit,800kbit,none,,,13440,14329,-14,0.227,7.710
2025-12-25T18:55:26.242800Z,25mbit,10mbit,800kbit,none,,,13440,14062,109,0.203,7.164
2025-12-25T18:55:26.739175Z,25mbit,10mbit,800kbit,none,,,15040,14356,-43,0.209,4.905
2025-12-25T18:55:27.239710Z,25mbit,10mbit,800kbit,none,,,15440,14681,-30,0.197,6.636
2025-12-25T18:55:27.738323Z,25mbit,10mbit,800kbit,none,,,15040,14788,458,0.179,7.693
2025-12-25T18:55:28.238888Z,25mbit,10mbit,800kbit,none,,,15440,14984,921,0.185,7.179
2025-12-25T18:55:28.739310Z,25mbit,10mbit,800kbit,none,,,15440,15120,764,0.185,5.411
2025-12-25T18:55:29.238498Z,25mbit,10mbit,800kbit,none,,,960,10872,-3808,0.185,5.683
2025-12-25T18:55:29.739094Z,25mbit,10mbit,800kbit,none,,,17040,12722,-2066,0.191,5.294
2025-12-25T18:55:30.240119Z,25mbit,10mbit,800kbit,none,,,13760,13034,-1950,0.451,6.470
2025-12-25T18:55:30.768932Z,25mbit,10mbit,800kbit,none,,,7920,11499,-3621,0.475,5.808
2025-12-25T18:55:31.239249Z,25mbit,10mbit,800kbit,none,,,22560,14817,3945,0.474,1.764
2025-12-25T18:55:31.739062Z,25mbit,10mbit,800kbit,none,,,7920,12748,25,0.517,4.440
2025-12-25T18:55:32.240205Z,25mbit,10mbit,800kbit,none,,,20880,15187,2153,0.506,7.090
2025-12-25T18:55:32.739527Z,25mbit,10mbit,800kbit,none,,,11760,14159,2659,0.241,5.783
2025-12-25T18:55:33.239182Z,25mbit,10mbit,800kbit,none,,,16320,14807,-10,0.241,4.910
2025-12-25T18:55:33.738447Z,25mbit,10mbit,800kbit,none,,,5920,12141,-607,0.224,3.109
2025-12-25T18:55:34.239622Z,25mbit,10mbit,800kbit,none,,,19360,14306,-880,0.219,4.821
2025-12-25T18:55:34.738712Z,25mbit,10mbit,800kbit,none,,,7520,12270,-1888,0.190,5.503
2025-12-25T18:55:35.240360Z,25mbit,10mbit,800kbit,none,,,21280,14973,165,0.190,3.585
2025-12-25T18:55:35.738770Z,25mbit,10mbit,800kbit,none,,,7920,12857,716,0.199,4.670
2025-12-25T18:55:36.239944Z,25mbit,10mbit,800kbit,none,,,20960,15288,981,0.196,4.657
2025-12-25T18:55:36.758707Z,25mbit,10mbit,800kbit,none,,,7920,13077,806,0.196,4.698
2025-12-25T18:55:37.240422Z,25mbit,10mbit,800kbit,none,,,22560,15922,948,0.196,6.459
2025-12-25T18:55:37.740418Z,25mbit,10mbit,800kbit,none,,,15440,15777,2920,0.198,4.794
2025-12-25T18:55:38.238421Z,25mbit,10mbit,800kbit,none,,,15440,15676,388,0.198,6.119
2025-12-25T18:55:38.738463Z,25mbit,10mbit,800kbit,none,,,16272,15855,2777,0.202,5.091
2025-12-25T18:55:39.240331Z,25mbit,10mbit,800kbit,none,,,11840,14650,-1271,0.202,4.292
2025-12-25T18:55:39.768306Z,25mbit,10mbit,800kbit,none,,,7520,12511,-3266,0.202,5.320
2025-12-25T18:55:40.240367Z,25mbit,10mbit,800kbit,none,,,22096,15386,-289,0.202,2.364
2025-12-25T18:55:40.738774Z,25mbit,10mbit,800kbit,none,,,7520,13026,-2828,0.246,6.649
2025-12-25T18:55:41.240257Z,25mbit,10mbit,800kbit,none,,,20960,15406,756,0.229,4.346
2025-12-25T18:55:41.738754Z,25mbit,10mbit,800kbit,none,,,7920,13160,649,0.230,5.731
2025-12-25T18:55:42.239255Z,25mbit,10mbit,800kbit,none,,,19680,15116,-270,0.217,5.327
2025-12-25T18:55:42.748750Z,25mbit,10mbit,800kbit,none,,,7520,12837,-189,0.216,5.312
2025-12-25T18:55:43.238274Z,25mbit,10mbit,800kbit,none,,,20960,15274,-132,0.216,7.900
2025-12-25T18:55:43.768620Z,25mbit,10mbit,800kbit,bump_mmtc,reactive,loss,7520,12947,-212,0.177,5.370
2025-12-25T18:55:44.239065Z,25mbit,10mbit,800kbit,none,,,20112,15097,-19,0.178,5.616
2025-12-25T18:55:44.738886Z,25mbit,10mbit,800kbit,none,,,13440,14600,1762,0.173,4.919
2025-12-25T18:55:45.238541Z,25mbit,10mbit,800kbit,none,,,13440,14252,-1022,0.175,5.872
2025-12-25T18:55:45.738870Z,25mbit,10mbit,800kbit,none,,,5920,11752,-1195,0.175,4.595
2025-12-25T18:55:46.240323Z,25mbit,10mbit,800kbit,none,,,20960,14514,-582,0.172,2.907
2025-12-25T18:55:46.739060Z,25mbit,10mbit,800kbit,none,,,7520,12416,-2183,0.175,6.285
2025-12-25T18:55:47.240433Z,25mbit,10mbit,800kbit,none,,,23360,15699,1447,0.175,4.216
2025-12-25T18:55:47.738467Z,25mbit,10mbit,800kbit,none,,,7920,13365,1613,0.208,5.076
2025-12-25T18:55:48.238685Z,25mbit,10mbit,800kbit,none,,,24624,16743,2228,0.202,3.911
2025-12-25T18:55:48.738962Z,25mbit,10mbit,800kbit,none,,,15440,16352,3935,0.205,5.529
2025-12-25T18:55:49.239000Z,25mbit,10mbit,800kbit,none,,,15440,16078,379,0.200,8.932
2025-12-25T18:55:49.738427Z,25mbit,10mbit,800kbit,bump_mmtc,reactive,loss,7920,13630,265,0.210,4.689
2025-12-25T18:55:50.238899Z,25mbit,10mbit,800kbit,none,,,21280,15925,-817,0.186,3.362
2025-12-25T18:55:50.739168Z,25mbit,10mbit,800kbit,none,,,10160,14195,-2156,0.207,6.792
2025-12-25T18:55:51.238494Z,25mbit,10mbit,800kbit,none,,,16720,14953,-1125,0.207,7.803
2025-12-25T18:55:51.738726Z,25mbit,10mbit,800kbit,none,,,5920,12243,-1387,0.207,5.115
2025-12-25T18:55:52.240297Z,25mbit,10mbit,800kbit,none,,,20880,14834,-1091,0.210,2.740
2025-12-25T18:55:52.740180Z,25mbit,10mbit,800kbit,none,,,15440,15015,820,0.202,6.676
2025-12-25T18:55:53.238454Z,25mbit,10mbit,800kbit,none,,,15040,15023,70,0.581,9.450
2025-12-25T18:55:53.739452Z,25mbit,10mbit,800kbit,none,,,15040,15028,2785,0.574,6.577
2025-12-25T18:55:54.239036Z,25mbit,10mbit,800kbit,none,,,15440,15151,317,0.574,3.334
2025-12-25T18:55:54.738520Z,25mbit,10mbit,800kbit,none,,,7920,12982,-2033,0.597,7.960
2025-12-25T18:55:55.240520Z,25mbit,10mbit,800kbit,none,,,20512,15241,217,0.597,6.797
2025-12-25T18:55:55.759423Z,25mbit,10mbit,800kbit,bump_mmtc,reactive,loss,7520,12924,-2103,0.612,6.441
2025-12-25T18:55:56.240233Z,25mbit,10mbit,800kbit,none,,,20960,15335,183,0.612,4.443
2025-12-25T18:55:56.740229Z,25mbit,10mbit,800kbit,none,,,15840,15486,2504,0.594,6.134
2025-12-25T18:55:57.240157Z,25mbit,10mbit,800kbit,bump_mmtc,reactive,loss,15840,15592,351,0.259,8.278
2025-12-25T18:55:57.738253Z,25mbit,10mbit,800kbit,bump_mmtc,reactive,loss,7520,13170,246,0.259,5.323
2025-12-25T18:55:58.238498Z,25mbit,10mbit,800kbit,none,,,21280,15603,268,0.259,5.160
2025-12-25T18:55:58.758582Z,25mbit,10mbit,800kbit,none,,,7520,13178,-2308,0.259,7.433
2025-12-25T18:55:59.242157Z,25mbit,10mbit,800kbit,none,,,20960,15512,-79,0.249,6.696
2025-12-25T18:55:59.738867Z,25mbit,10mbit,800kbit,bump_mmtc,reactive,loss,7520,13115,-55,0.234,6.450
2025-12-25T18:56:00.238724Z,25mbit,10mbit,800kbit,none,,,22512,15934,330,0.403,5.159
2025-12-25T18:56:00.738971Z,25mbit,10mbit,800kbit,none,,,15040,15665,2487,0.403,5.460
2025-12-25T18:56:01.240407Z,25mbit,10mbit,800kbit,none,,,15040,15478,-34,0.378,8.563
2025-12-25T18:56:01.738357Z,25mbit,10mbit,800kbit,none,,,5920,12610,-504,0.378,6.007
2025-12-25T18:56:02.239335Z,25mbit,10mbit,800kbit,none,,,22960,15715,-218,0.378,2.959
2025-12-25T18:56:02.738850Z,25mbit,10mbit,800kbit,none,,,7520,13256,-2409,0.378,7.288
2025-12-25T18:56:03.240081Z,25mbit,10mbit,800kbit,none,,,20880,15543,65,0.371,7.667
2025-12-25T18:56:03.738782Z,25mbit,10mbit,800kbit,bump_mmtc,reactive,loss,7920,13256,645,0.374,5.331
2025-12-25T18:56:04.238366Z,25mbit,10mbit,800kbit,bump_mmtc,reactive,loss,21360,15687,-27,0.205,3.467
2025-12-25T18:56:04.738494Z,25mbit,10mbit,800kbit,none,,,7920,13357,100,0.205,5.723
2025-12-25T18:56:05.240398Z,25mbit,10mbit,800kbit,none,,,21280,15734,190,0.207,8.584
2025-12-25T18:56:05.740299Z,25mbit,10mbit,800kbit,none,,,11120,14349,1093,0.187,5.165
2025-12-25T18:56:06.240117Z,25mbit,10mbit,800kbit,none,,,18560,15612,-74,0.198,4.890
2025-12-25T18:56:06.738887Z,25mbit,10mbit,800kbit,none,,,11520,14385,1027,0.213,5.807
2025-12-25T18:56:07.239901Z,25mbit,10mbit,800kbit,none,,,19760,15997,263,0.202,5.711
2025-12-25T18:56:07.748723Z,25mbit,10mbit,800kbit,bump_mmtc,reactive,loss,7920,13574,-775,0.226,5.593
2025-12-25T18:56:08.240142Z,25mbit,10mbit,800kbit,none,,,20960,15789,177,0.225,4.342
2025-12-25T18:56:08.748934Z,25mbit,10mbit,800kbit,none,,,7520,13308,-1076,0.221,6.822
2025-12-25T18:56:09.239529Z,25mbit,10mbit,800kbit,none,,,22960,16204,206,0.194,4.821
2025-12-25T18:56:09.738292Z,25mbit,10mbit,800kbit,none,,,7520,13599,24,0.207,6.742
2025-12-25T18:56:10.238823Z,25mbit,10mbit,800kbit,none,,,22960,16407,617,0.180,6.316
2025-12-25T18:56:10.738297Z,25mbit,10mbit,800kbit,none,,,7520,13741,432,0.180,5.741
2025-12-25T18:56:11.240247Z,25mbit,10mbit,800kbit,none,,,19280,15402,-801,0.212,7.002
2025-12-25T18:56:11.738997Z,25mbit,10mbit,800kbit,none,,,7920,13157,-441,0.244,5.900
2025-12-25T18:56:12.240463Z,25mbit,10mbit,800kbit,none,,,22560,15978,-428,0.236,4.791
2025-12-25T18:56:12.738240Z,25mbit,10mbit,800kbit,none,,,7920,13560,-180,0.239,5.415
2025-12-25T18:56:13.238719Z,25mbit,10mbit,800kbit,none,,,19280,15276,-126,0.234,6.470
2025-12-25T18:56:13.738757Z,25mbit,10mbit,800kbit,none,,,5920,12469,-688,0.214,4.801
2025-12-25T18:56:14.240449Z,25mbit,10mbit,800kbit,none,,,22960,15616,-361,0.181,2.982
2025-12-25T18:56:14.738837Z,25mbit,10mbit,800kbit,bump_mmtc,reactive,loss,7520,13187,-373,0.194,6.062
2025-12-25T18:56:15.238444Z,25mbit,10mbit,800kbit,none,,,18512,14785,-491,0.175,6.900
2025-12-25T18:56:15.738398Z,25mbit,10mbit,800kbit,none,,,15440,14981,2511,0.174,3.787
2025-12-25T18:56:16.240329Z,25mbit,10mbit,800kbit,none,,,15040,14999,-617,0.174,3.622
2025-12-25T18:56:16.768693Z,25mbit,10mbit,800kbit,none,,,7920,12875,-312,0.187,5.584
2025-12-25T18:56:17.238393Z,25mbit,10mbit,800kbit,none,,,20960,15300,515,0.187,3.941
2025-12-25T18:56:17.738265Z,25mbit,10mbit,800kbit,none,,,7920,13086,-1894,0.191,5.388
2025-12-25T18:56:18.238721Z,25mbit,10mbit,800kbit,none,,,19280,14944,-54,0.195,5.171
2025-12-25T18:56:18.738402Z,25mbit,10mbit,800kbit,none,,,7920,12837,-38,0.206,6.423
2025-12-25T18:56:19.238947Z,25mbit,10mbit,800kbit,none,,,19280,14770,-530,0.178,4.203
2025-12-25T18:56:19.738708Z,25mbit,10mbit,800kbit,none,,,13840,14491,1404,0.188,4.519
2025-12-25T18:56:20.239950Z,25mbit,10mbit,800kbit,none,,,15040,14655,-288,0.174,7.281
2025-12-25T18:56:20.739169Z,25mbit,10mbit,800kbit,none,,,7520,12515,-322,0.174,6.774
2025-12-25T18:56:21.238498Z,25mbit,10mbit,800kbit,none,,,22960,15648,878,0.171,2.613
2025-12-25T18:56:21.739548Z,25mbit,10mbit,800kbit,none,,,15040,15465,974,0.183,6.992
2025-12-25T18:56:22.239472Z,25mbit,10mbit,800kbit,none,,,13440,14858,202,0.186,8.298
2025-12-25T18:56:22.768434Z,25mbit,10mbit,800kbit,none,,,7520,12656,141,0.186,5.755
2025-12-25T18:56:23.239226Z,25mbit,10mbit,800kbit,none,,,22560,15627,-20,0.176,2.245
2025-12-25T18:56:23.738338Z,25mbit,10mbit,800kbit,none,,,15040,15451,-14,0.194,7.507
2025-12-25T18:56:24.239014Z,25mbit,10mbit,800kbit,none,,,15040,15327,469,0.194,9.646
2025-12-25T18:56:24.738845Z,25mbit,10mbit,800kbit,none,,,7520,12985,328,0.185,6.100
2025-12-25T18:56:25.240281Z,25mbit,10mbit,800kbit,none,,,22560,15857,230,0.863,2.137
2025-12-25T18:56:25.738654Z,25mbit,10mbit,800kbit,none,,,7520,13356,-2094,0.872,7.359
2025-12-25T18:56:26.238601Z,25mbit,10mbit,800kbit,none,,,22960,16237,909,0.853,10.589
2025-12-25T18:56:26.738371Z,25mbit,10mbit,800kbit,none,,,7520,13622,636,0.892,5.388
2025-12-25T18:56:27.238821Z,25mbit,10mbit,800kbit,none,,,22960,16423,565,0.882,3.774
2025-12-25T18:56:27.740298Z,25mbit,10mbit,800kbit,none,,,15440,16128,2771,0.229,6.779
2025-12-25T18:56:28.240409Z,25mbit,10mbit,800kbit,none,,,15840,16041,-195,0.217,11.028
2025-12-25T18:56:28.739382Z,25mbit,10mbit,800kbit,bump_mmtc,reactive,loss,15440,15861,2239,0.284,4.759
2025-12-25T18:56:29.240541Z,25mbit,10mbit,800kbit,none,,,13440,15134,-1288,0.246,3.800
2025-12-25T18:56:29.738806Z,25mbit,10mbit,800kbit,none,,,7920,12970,-3158,0.256,6.782
2025-12-25T18:56:30.242457Z,25mbit,10mbit,800kbit,none,,,18960,14767,-1274,0.910,4.421
2025-12-25T18:56:30.739338Z,25mbit,10mbit,800kbit,none,,,8352,12842,-3018,0.922,6.389
2025-12-25T18:56:31.240303Z,25mbit,10mbit,800kbit,bump_mmtc,reactive,loss,22992,15887,752,0.861,3.411
2025-12-25T18:56:31.741367Z,25mbit,10mbit,800kbit,none,,,13760,15249,2278,0.874,6.774
2025-12-25T18:56:32.239561Z,25mbit,10mbit,800kbit,bump_mmtc,reactive,loss,16320,15570,803,0.866,7.770
2025-12-25T18:56:32.738810Z,25mbit,10mbit,800kbit,none,,,15040,15411,2568,0.191,6.020
2025-12-25T18:56:33.240247Z,25mbit,10mbit,800kbit,none,,,13440,14819,-1067,0.191,6.134
2025-12-25T18:56:33.738756Z,25mbit,10mbit,800kbit,none,,,8352,12879,-2369,0.180,7.991
2025-12-25T18:56:34.238270Z,25mbit,10mbit,800kbit,none,,,11760,12543,-3026,0.180,5.045
2025-12-25T18:56:34.739177Z,25mbit,10mbit,800kbit,bump_mmtc,reactive,loss,13440,12812,-2598,0.175,5.206
2025-12-25T18:56:35.240263Z,25mbit,10mbit,800kbit,none,,,13440,13000,-1819,0.160,5.048
2025-12-25T18:56:36.068977Z,25mbit,10mbit,800kbit,none,,,18592,14678,1798,0.158,6.027
2025-12-25T18:56:36.240386Z,25mbit,10mbit,800kbit,none,,,11392,13692,1148,0.158,5.337
2025-12-25T18:56:36.839222Z,25mbit,10mbit,800kbit,none,,,15040,14096,1284,0.156,6.722
2025-12-25T18:56:37.240418Z,25mbit,10mbit,800kbit,none,,,15040,14379,1378,0.149,5.082
2025-12-25T18:56:37.738544Z,25mbit,10mbit,800kbit,none,,,15840,14817,139,0.174,8.473
2025-12-25T18:56:38.239627Z,25mbit,10mbit,800kbit,none,,,15440,15004,1312,0.174,5.892
2025-12-25T18:56:38.738757Z,10mbit,10mbit,800kbit,hard_throttle,emergency,urllc severe,13840,14655,558,15.398,4.093
2025-12-25T18:56:39.238567Z,10mbit,10mbit,800kbit,bump_mmtc,reactive,loss,15040,14770,390,15.422,5.250
2025-12-25T18:56:39.740393Z,10mbit,10mbit,800kbit,hard_throttle,emergency,urllc severe,11840,13891,-926,15.432,5.062
2025-12-25T18:56:40.239086Z,10mbit,10mbit,800kbit,hard_throttle,emergency,urllc severe,15040,14235,-768,15.432,8.269
2025-12-25T18:56:40.768730Z,10mbit,10mbit,800kbit,bump_mmtc,reactive,loss,15440,14597,-57,15.441,6.048
2025-12-25T18:56:41.239169Z,10mbit,10mbit,800kbit,hard_throttle,emergency,urllc severe,15040,14730,-40,15.421,7.001
2025-12-25T18:56:41.738767Z,10mbit,10mbit,800kbit,none,,,13440,14343,451,0.221,10.512
2025-12-25T18:56:42.238344Z,10mbit,10mbit,800kbit,none,,,15040,14552,316,0.202,13.244
2025-12-25T18:56:42.738338Z,10mbit,10mbit,800kbit,none,,,14672,14588,-9,0.210,7.726
2025-12-25T18:56:43.241039Z,10mbit,10mbit,800kbit,none,,,16272,15093,363,0.203,8.552
2025-12-25T18:56:43.738942Z,10mbit,10mbit,800kbit,none,,,15872,15326,983,0.203,12.555
2025-12-25T18:56:44.238881Z,10mbit,10mbit,800kbit,none,,,12672,14530,-21,0.203,11.955
2025-12-25T18:56:44.739023Z,10mbit,10mbit,800kbit,bump_mmtc,reactive,loss,15872,14932,344,0.196,7.840
2025-12-25T18:56:45.238459Z,10mbit,10mbit,800kbit,none,,,15040,14965,-128,0.225,7.925
2025-12-25T18:56:45.738392Z,10mbit,10mbit,800kbit,none,,,13440,14507,-819,0.208,11.390
2025-12-25T18:56:46.240297Z,10mbit,10mbit,800kbit,none,,,13840,14307,-223,0.926,9.502
2025-12-25T18:56:46.739355Z,10mbit,10mbit,800kbit,none,,,11840,13567,-1365,0.926,6.497
2025-12-25T18:56:47.238950Z,10mbit,10mbit,800kbit,none,,,15440,14128,-836,1.163,6.507
2025-12-25T18:56:47.738570Z,10mbit,10mbit,800kbit,none,,,15440,14522,14,1.166,7.943
2025-12-25T18:56:48.239686Z,10mbit,10mbit,800kbit,none,,,15040,14677,370,1.166,9.124
2025-12-25T18:56:48.738955Z,10mbit,10mbit,800kbit,none,,,13440,14306,739,1.153,5.957
2025-12-25T18:56:49.239584Z,10mbit,10mbit,800kbit,none,,,15440,14646,517,1.202,6.635
2025-12-25T18:56:49.738324Z,10mbit,10mbit,800kbit,none,,,15840,15004,482,0.508,7.373
2025-12-25T18:56:50.238939Z,10mbit,10mbit,800kbit,none,,,15440,15135,457,0.508,8.191
2025-12-25T18:56:50.738296Z,10mbit,10mbit,800kbit,none,,,15840,15346,1040,0.279,7.271
2025-12-25T18:56:51.240359Z,10mbit,10mbit,800kbit,none,,,15440,15374,728,0.279,6.510
2025-12-25T18:56:51.738289Z,10mbit,10mbit,800kbit,bump_mmtc,reactive,loss,15440,15394,389,0.259,6.969
2025-12-25T18:56:52.239353Z,10mbit,10mbit,800kbit,none,,,13840,14927,-207,0.896,7.897
2025-12-25T18:56:52.738818Z,10mbit,10mbit,800kbit,none,,,15840,15201,-145,0.856,7.978
2025-12-25T18:56:53.238620Z,10mbit,10mbit,800kbit,none,,,15040,15153,-221,0.856,6.575
2025-12-25T18:56:53.738732Z,10mbit,10mbit,800kbit,none,,,13840,14759,-635,0.842,7.600
2025-12-25T18:56:54.238627Z,10mbit,10mbit,800kbit,none,,,15440,14963,35,0.885,7.692
2025-12-25T18:56:54.738374Z,10mbit,10mbit,800kbit,bump_mmtc,reactive,loss,13840,14626,-575,0.885,7.190
2025-12-25T18:56:55.239116Z,10mbit,10mbit,800kbit,none,,,15040,14750,-402,0.226,7.345
2025-12-25T18:56:55.743605Z,10mbit,10mbit,800kbit,none,,,15840,15077,318,0.225,7.521
2025-12-25T18:56:56.238587Z,10mbit,10mbit,800kbit,none,,,15040,15066,102,0.229,7.901
2025-12-25T18:56:56.738838Z,10mbit,10mbit,800kbit,bump_mmtc,reactive,loss,15840,15298,671,0.190,6.710
2025-12-25T18:56:57.241335Z,10mbit,10mbit,800kbit,none,,,11840,14260,-489,0.190,7.774
2025-12-25T18:56:57.739044Z,10mbit,10mbit,800kbit,none,,,15440,14614,-462,0.200,7.637
2025-12-25T18:56:58.240032Z,10mbit,10mbit,800kbit,none,,,15440,14862,-203,0.198,6.591
2025-12-25T18:56:58.739408Z,10mbit,10mbit,800kbit,none,,,15440,15035,-262,0.209,7.663
2025-12-25T18:56:59.240292Z,10mbit,10mbit,800kbit,none,,,13840,14676,416,0.204,7.017
2025-12-25T18:56:59.738669Z,10mbit,10mbit,800kbit,none,,,15440,14905,291,0.209,6.547
2025-12-25T18:57:00.238605Z,10mbit,10mbit,800kbit,none,,,15040,14946,83,0.212,6.194
2025-12-25T18:57:00.738267Z,10mbit,10mbit,800kbit,none,,,15440,15094,58,0.221,7.665
2025-12-25T18:57:01.241242Z,10mbit,10mbit,800kbit,none,,,15440,15197,521,0.221,7.763
2025-12-25T18:57:01.738739Z,10mbit,10mbit,800kbit,bump_mmtc,reactive,loss,13440,14670,-235,0.196,6.408
2025-12-25T18:57:02.240490Z,10mbit,10mbit,800kbit,none,,,15440,14901,-44,0.903,6.333
2025-12-25T18:57:02.739252Z,10mbit,10mbit,800kbit,bump_mmtc,reactive,loss,15440,15062,-31,0.892,6.997
2025-12-25T18:57:03.238830Z,10mbit,10mbit,800kbit,none,,,15840,15296,98,0.872,8.181
2025-12-25T18:57:03.768885Z,10mbit,10mbit,800kbit,none,,,13440,14739,68,0.887,6.521
2025-12-25T18:57:04.238331Z,10mbit,10mbit,800kbit,none,,,13840,14469,-431,0.887,7.117
2025-12-25T18:57:04.743378Z,10mbit,10mbit,800kbit,none,,,15040,14640,-422,0.888,6.461
2025-12-25T18:57:05.240190Z,10mbit,10mbit,800kbit,bump_mmtc,reactive,loss,15440,14880,-415,0.175,7.669
2025-12-25T18:57:05.738418Z,10mbit,10mbit,800kbit,none,,,13440,14448,-290,0.181,7.867
2025-12-25T18:57:06.239884Z,10mbit,10mbit,800kbit,none,,,13440,14145,-323,0.191,6.710
2025-12-25T18:57:06.778491Z,10mbit,10mbit,800kbit,none,,,15040,14414,-226,0.166,5.918
2025-12-25T18:57:07.240405Z,10mbit,10mbit,800kbit,none,,,15440,14721,-158,0.166,7.057
2025-12-25T18:57:07.738452Z,10mbit,10mbit,800kbit,none,,,13840,14457,8,0.166,8.595
2025-12-25T18:57:08.241276Z,10mbit,10mbit,800kbit,none,,,13440,14152,6,0.174,6.783
2025-12-25T18:57:08.749053Z,10mbit,10mbit,800kbit,none,,,13440,13938,-475,0.161,5.754
2025-12-25T18:57:09.239937Z,10mbit,10mbit,800kbit,none,,,13840,13908,-812,0.161,6.362
2025-12-25T18:57:09.738755Z,10mbit,10mbit,800kbit,none,,,13440,13768,-689,0.170,7.810
2025-12-25T18:57:10.240042Z,10mbit,10mbit,800kbit,none,,,15440,14269,117,0.170,6.488
2025-12-25T18:57:10.739269Z,10mbit,10mbit,800kbit,none,,,15440,14620,682,0.169,5.511
2025-12-25T18:57:11.240165Z,10mbit,10mbit,800kbit,none,,,13840,14386,477,0.170,6.426
2025-12-25T18:57:11.768295Z,10mbit,10mbit,800kbit,none,,,15040,14582,814,0.168,7.208
2025-12-25T18:57:12.238785Z,10mbit,10mbit,800kbit,none,,,15440,14839,570,0.169,6.323
2025-12-25T18:57:12.738812Z,10mbit,10mbit,800kbit,none,,,15440,15019,399,0.186,6.302
2025-12-25T18:57:13.240446Z,10mbit,10mbit,800kbit,none,,,15440,15145,759,0.186,6.829
2025-12-25T18:57:13.748938Z,10mbit,10mbit,800kbit,none,,,15440,15234,651,0.187,6.931
2025-12-25T18:57:14.240345Z,10mbit,10mbit,800kbit,none,,,15440,15295,456,0.199,6.046
2025-12-25T18:57:14.739074Z,10mbit,10mbit,800kbit,none,,,15040,15219,199,0.253,6.804
2025-12-25T18:57:15.240460Z,10mbit,10mbit,800kbit,none,,,15040,15165,19,0.273,7.440
2025-12-25T18:57:15.738758Z,10mbit,10mbit,800kbit,bump_mmtc,reactive,loss,15440,15247,13,0.253,6.723
2025-12-25T18:57:16.239387Z,10mbit,10mbit,800kbit,none,,,13440,14705,-590,0.527,6.510
2025-12-25T18:57:16.739084Z,10mbit,10mbit,800kbit,none,,,13840,14445,-773,0.518,7.301
2025-12-25T18:57:17.238938Z,10mbit,10mbit,800kbit,none,,,13440,14144,-1021,0.466,6.949
2025-12-25T18:57:17.739100Z,10mbit,10mbit,800kbit,none,,,15440,14532,-714,0.443,6.696
2025-12-25T18:57:18.240114Z,10mbit,10mbit,800kbit,none,,,15440,14804,99,0.431,6.618
2025-12-25T18:57:18.738409Z,10mbit,10mbit,800kbit,none,,,13440,14395,-50,0.164,7.361
2025-12-25T18:57:19.238688Z,10mbit,10mbit,800kbit,none,,,13440,14108,-35,0.164,7.352
2025-12-25T18:57:19.738333Z,10mbit,10mbit,800kbit,none,,,13440,13908,-624,0.182,6.025
2025-12-25T18:57:20.238462Z,10mbit,10mbit,800kbit,bump_mmtc,reactive,loss,15040,14247,-557,0.179,6.927
2025-12-25T18:57:20.738448Z,10mbit,10mbit,800kbit,none,,,15040,14485,89,0.185,7.087
2025-12-25T18:57:21.240137Z,10mbit,10mbit,800kbit,none,,,15040,14651,542,0.180,7.109
2025-12-25T18:57:21.738868Z,10mbit,10mbit,800kbit,none,,,15840,15008,1100,0.194,5.712
2025-12-25T18:57:22.238260Z,10mbit,10mbit,800kbit,none,,,15440,15137,890,0.172,6.510
2025-12-25T18:57:22.758176Z,10mbit,10mbit,800kbit,none,,,15440,15228,743,0.194,7.316
2025-12-25T18:57:23.239462Z,10mbit,10mbit,800kbit,none,,,15040,15171,520,0.194,7.022
2025-12-25T18:57:23.738987Z,10mbit,10mbit,800kbit,none,,,13440,14652,-355,0.198,6.548
2025-12-25T18:57:24.238376Z,10mbit,10mbit,800kbit,none,,,15440,14888,-249,0.202,6.374
2025-12-25T18:57:24.738346Z,10mbit,10mbit,800kbit,none,,,13840,14574,-654,0.194,6.986
2025-12-25T18:57:25.239558Z,10mbit,10mbit,800kbit,none,,,13440,14233,-938,0.194,7.094
2025-12-25T18:57:25.738424Z,10mbit,10mbit,800kbit,none,,,15840,14715,63,0.197,6.230
2025-12-25T18:57:26.239415Z,10mbit,10mbit,800kbit,bump_mmtc,reactive,loss,13440,14332,-555,0.189,6.643
2025-12-25T18:57:26.739101Z,10mbit,10mbit,800kbit,none,,,11840,13585,-988,0.183,7.233
2025-12-25T18:57:27.240180Z,10mbit,10mbit,800kbit,none,,,15440,14141,-92,0.183,6.292
2025-12-25T18:57:27.738957Z,10mbit,10mbit,800kbit,none,,,13840,14051,-664,0.194,6.612
2025-12-25T18:57:28.240341Z,10mbit,10mbit,800kbit,none,,,15440,14467,134,0.194,6.533
2025-12-25T18:57:28.738321Z,10mbit,10mbit,800kbit,none,,,15840,14879,1294,0.184,6.842
2025-12-25T18:57:29.240450Z,10mbit,10mbit,800kbit,none,,,13840,14567,426,0.908,6.745
2025-12-25T18:57:29.738332Z,10mbit,10mbit,800kbit,none,,,13440,14229,178,0.905,5.719
2025-12-25T18:57:30.239609Z,10mbit,10mbit,800kbit,none,,,15440,14592,124,0.946,7.023
2025-12-25T18:57:30.758744Z,10mbit,10mbit,800kbit,none,,,15040,14726,-152,0.964,7.302
2025-12-25T18:57:31.238297Z,10mbit,10mbit,800kbit,bump_mmtc,reactive,loss,15440,14940,373,0.952,6.216
2025-12-25T18:57:31.779230Z,10mbit,10mbit,800kbit,none,,,15440,15090,861,0.251,6.832
2025-12-25T18:57:32.240143Z,10mbit,10mbit,800kbit,none,,,15840,15315,722,0.270,6.828
2025-12-25T18:57:32.738995Z,10mbit,10mbit,800kbit,none,,,13440,14752,25,0.223,6.779
2025-12-25T18:57:33.239415Z,10mbit,10mbit,800kbit,none,,,15040,14838,-101,0.196,7.617
2025-12-25T18:57:33.739256Z,10mbit,10mbit,800kbit,none,,,13840,14539,-551,0.217,7.253
2025-12-25T18:57:34.240132Z,10mbit,10mbit,800kbit,none,,,13440,14209,-1105,0.196,6.690
2025-12-25T18:57:34.739067Z,10mbit,10mbit,800kbit,none,,,15440,14578,-174,0.181,6.802
2025-12-25T18:57:35.238961Z,10mbit,10mbit,800kbit,none,,,13440,14237,-601,0.371,7.148
2025-12-25T18:57:35.768397Z,10mbit,10mbit,800kbit,none,,,11840,13517,-1021,0.385,7.049
2025-12-25T18:57:36.240309Z,10mbit,10mbit,800kbit,none,,,15440,14094,-114,0.385,5.996
2025-12-25T18:57:36.738229Z,10mbit,10mbit,800kbit,none,,,15440,14498,-80,0.371,6.911
2025-12-25T18:57:37.239662Z,10mbit,10mbit,800kbit,none,,,15440,14780,543,0.371,6.739
2025-12-25T18:57:37.738349Z,10mbit,10mbit,800kbit,none,,,16272,15228,1710,0.373,6.996
2025-12-25T18:57:38.238466Z,10mbit,10mbit,800kbit,none,,,15440,15291,1197,0.376,6.616
2025-12-25T18:57:38.738934Z,10mbit,10mbit,800kbit,none,,,15840,15456,957,0.197,6.353
2025-12-25T18:57:39.238322Z,10mbit,10mbit,800kbit,none,,,13840,14971,190,0.269,7.487
2025-12-25T18:57:39.739229Z,10mbit,10mbit,800kbit,none,,,15440,15111,-116,0.265,7.783
2025-12-25T18:57:40.238664Z,10mbit,10mbit,800kbit,none,,,15440,15210,-81,0.296,5.980
2025-12-25T18:57:40.738288Z,10mbit,10mbit,800kbit,none,,,15840,15399,-56,0.300,7.006
2025-12-25T18:57:41.240479Z,10mbit,10mbit,800kbit,none,,,15440,15411,440,0.300,7.376
2025-12-25T18:57:41.738988Z,10mbit,10mbit,800kbit,none,,,13440,14820,-291,0.275,7.140
2025-12-25T18:57:42.240098Z,10mbit,10mbit,800kbit,none,,,16672,15375,165,0.275,6.499
2025-12-25T18:57:42.778857Z,10mbit,10mbit,800kbit,none,,,13440,14794,-604,0.203,7.449
2025-12-25T18:57:43.240211Z,10mbit,10mbit,800kbit,none,,,13840,14508,-903,0.203,8.600
2025-12-25T18:57:43.738368Z,10mbit,10mbit,800kbit,none,,,15840,14907,87,0.210,6.458
2025-12-25T18:57:44.238315Z,10mbit,10mbit,800kbit,none,,,15440,15067,-308,0.175,6.918
2025-12-25T18:57:44.738896Z,10mbit,10mbit,800kbit,none,,,13840,14699,-95,0.172,7.049
2025-12-25T18:57:45.241174Z,10mbit,10mbit,800kbit,none,,,15040,14801,293,0.172,7.646
2025-12-25T18:57:45.739113Z,10mbit,10mbit,800kbit,none,,,15440,14993,85,0.172,6.616
2025-12-25T18:57:46.240439Z,10mbit,10mbit,800kbit,none,,,13840,14647,-420,0.172,6.471
2025-12-25T18:57:46.738336Z,10mbit,10mbit,800kbit,none,,,13440,14284,-414,0.178,8.158
2025-12-25T18:57:47.240332Z,10mbit,10mbit,800kbit,none,,,15440,14631,-170,0.178,6.641
2025-12-25T18:57:47.738925Z,10mbit,10mbit,800kbit,none,,,15440,14874,-119,0.178,5.979
2025-12-25T18:57:48.240525Z,10mbit,10mbit,800kbit,none,,,16272,15293,646,0.178,6.995
2025-12-25T18:57:48.738420Z,10mbit,10mbit,800kbit,hard_throttle,emergency,urllc severe,14272,14987,702,23.006,4.307
2025-12-25T18:57:49.239384Z,10mbit,10mbit,800kbit,hard_throttle,emergency,urllc severe,15840,15242,611,23.006,3.648
2025-12-25T18:57:49.738359Z,10mbit,10mbit,800kbit,hard_throttle,emergency,urllc severe,15104,15201,327,23.008,5.311
2025-12-25T18:57:50.241259Z,10mbit,10mbit,800kbit,hard_throttle,emergency,urllc severe,15040,15152,-140,23.002,8.493
2025-12-25T18:57:50.738978Z,10mbit,10mbit,800kbit,hard_throttle,emergency,urllc severe,15440,15239,252,23.056,8.279
2025-12-25T18:57:51.238776Z,10mbit,10mbit,800kbit,none,,,15840,15419,176,0.226,6.556
2025-12-25T18:57:51.758660Z,10mbit,10mbit,800kbit,none,,,15440,15425,224,0.239,13.554
2025-12-25T18:57:52.239559Z,10mbit,10mbit,800kbit,none,,,15840,15549,396,0.367,10.453
2025-12-25T18:57:52.738285Z,10mbit,10mbit,800kbit,none,,,16672,15886,647,0.378,9.409
2025-12-25T18:57:53.238706Z,10mbit,10mbit,800kbit,none,,,15104,15651,232,0.325,8.692
2025-12-25T18:57:53.738428Z,10mbit,10mbit,800kbit,bump_mmtc,reactive,loss,11840,14508,-917,0.333,14.686
2025-12-25T18:57:54.241082Z,10mbit,10mbit,800kbit,none,,,17504,15406,-142,0.307,8.814
2025-12-25T18:57:54.773578Z,10mbit,10mbit,800kbit,bump_mmtc,reactive,loss,13440,14816,-1069,6.688,8.527
2025-12-25T18:57:55.240333Z,10mbit,10mbit,800kbit,hard_throttle,emergency,urllc severe,15040,14883,-767,6.688,11.911
2025-12-25T18:57:55.739053Z,10mbit,10mbit,800kbit,hard_throttle,emergency,urllc severe,15440,15050,542,6.697,13.929
2025-12-25T18:57:56.240182Z,10mbit,10mbit,800kbit,hard_throttle,emergency,urllc severe,15440,15167,-239,6.858,8.712
2025-12-25T18:57:56.738863Z,10mbit,10mbit,800kbit,hard_throttle,emergency,urllc severe,15872,15378,561,6.857,8.584
2025-12-25T18:57:57.239930Z,10mbit,10mbit,800kbit,hard_throttle,emergency,urllc severe,15040,15277,393,6.865,11.688
2025-12-25T18:57:57.748855Z,10mbit,10mbit,800kbit,bump_mmtc,reactive,loss,15440,15326,275,0.424,13.144
2025-12-25T18:57:58.238719Z,10mbit,10mbit,800kbit,none,,,15040,15240,72,0.423,8.415
2025-12-25T18:57:58.739231Z,10mbit,10mbit,800kbit,bump_mmtc,reactive,loss,13440,14700,-678,0.262,9.856
2025-12-25T18:57:59.238899Z,10mbit,10mbit,800kbit,none,,,13840,14442,-835,0.251,8.530
2025-12-25T18:57:59.738252Z,10mbit,10mbit,800kbit,none,,,15840,14861,-464,0.260,9.942
2025-12-25T18:58:00.239067Z,10mbit,10mbit,800kbit,none,,,13840,14555,-685,0.260,9.164
2025-12-25T18:58:00.768664Z,10mbit,10mbit,800kbit,none,,,15040,14700,0,0.198,9.095
2025-12-25T18:58:01.240445Z,10mbit,10mbit,800kbit,bump_mmtc,reactive,loss,15440,14922,480,0.179,7.401
2025-12-25T18:58:01.739094Z,10mbit,10mbit,800kbit,none,,,15040,14957,96,0.236,8.118
2025-12-25T18:58:02.240108Z,10mbit,10mbit,800kbit,none,,,15440,15102,547,0.235,9.657
2025-12-25T18:58:02.738320Z,10mbit,10mbit,800kbit,none,,,13840,14723,23,0.234,8.070
2025-12-25T18:58:03.239500Z,10mbit,10mbit,800kbit,none,,,15840,15058,136,0.234,6.533
2025-12-25T18:58:03.788881Z,10mbit,10mbit,800kbit,none,,,13440,14572,-384,0.234,6.806
2025-12-25T18:58:04.238291Z,10mbit,10mbit,800kbit,none,,,14640,14593,-509,0.224,8.664
2025-12-25T18:58:04.768845Z,10mbit,10mbit,800kbit,none,,,15440,14847,123,0.241,6.613
2025-12-25T18:58:05.238667Z,10mbit,10mbit,800kbit,bump_mmtc,reactive,loss,15440,15025,-33,0.177,6.093
2025-12-25T18:58:05.738802Z,10mbit,10mbit,800kbit,none,,,13440,14549,-23,0.184,6.723
2025-12-25T18:58:06.239006Z,10mbit,10mbit,800kbit,none,,,15840,14936,343,0.169,7.792
2025-12-25T18:58:06.753559Z,10mbit,10mbit,800kbit,bump_mmtc,reactive,loss,15040,14967,120,0.177,6.584
2025-12-25T18:58:07.238982Z,10mbit,10mbit,800kbit,none,,,15040,14989,-35,0.154,6.425
2025-12-25T18:58:07.739204Z,10mbit,10mbit,800kbit,none,,,13440,14524,-24,0.154,7.378
2025-12-25T18:58:08.238319Z,10mbit,10mbit,800kbit,bump_mmtc,reactive,loss,13840,14319,-617,0.159,7.231
2025-12-25T18:58:08.778967Z,10mbit,10mbit,800kbit,none,,,13440,14055,-912,0.161,5.852
2025-12-25T18:58:09.241070Z,10mbit,10mbit,800kbit,none,,,15440,14470,-518,0.188,6.643
2025-12-25T18:58:09.759211Z,10mbit,10mbit,800kbit,none,,,13440,14161,-362,0.187,7.386
2025-12-25T18:58:10.240018Z,10mbit,10mbit,800kbit,none,,,14640,14305,-14,0.197,6.383
2025-12-25T18:58:10.738328Z,10mbit,10mbit,800kbit,none,,,15440,14645,590,0.219,5.933
2025-12-25T18:58:11.240097Z,10mbit,10mbit,800kbit,none,,,13872,14413,-57,0.219,6.981
2025-12-25T18:58:11.738380Z,10mbit,10mbit,800kbit,none,,,15040,14601,439,0.240,7.726
2025-12-25T18:58:12.239220Z,10mbit,10mbit,800kbit,none,,,13440,14253,-52,0.222,6.370
2025-12-25T18:58:12.768447Z,10mbit,10mbit,800kbit,none,,,15840,14729,83,0.222,6.571
2025-12-25T18:58:13.240365Z,10mbit,10mbit,800kbit,none,,,13840,14462,48,0.221,6.089
2025-12-25T18:58:13.758320Z,10mbit,10mbit,800kbit,none,,,15440,14755,154,0.218,7.582
2025-12-25T18:58:14.240323Z,10mbit,10mbit,800kbit,none,,,15440,14960,707,0.218,6.196
2025-12-25T18:58:14.738915Z,10mbit,10mbit,800kbit,none,,,13440,14504,-224,0.193,6.301
2025-12-25T18:58:15.238274Z,10mbit,10mbit,800kbit,none,,,15040,14665,202,0.167,6.934
2025-12-25T18:58:15.739082Z,10mbit,10mbit,800kbit,bump_mmtc,reactive,loss,15440,14897,142,0.177,6.582
2025-12-25T18:58:16.240241Z,10mbit,10mbit,800kbit,none,,,13440,14460,-500,0.176,6.627
2025-12-25T18:58:16.738863Z,10mbit,10mbit,800kbit,none,,,15440,14754,249,0.181,6.508
2025-12-25T18:58:17.238566Z,10mbit,10mbit,800kbit,none,,,13840,14479,-185,0.171,7.300
2025-12-25T18:58:17.738807Z,10mbit,10mbit,800kbit,bump_mmtc,reactive,loss,15040,14647,-249,0.171,6.282
2025-12-25T18:58:18.238460Z,10mbit,10mbit,800kbit,none,,,15440,14885,425,0.171,6.358
2025-12-25T18:58:18.738787Z,10mbit,10mbit,800kbit,none,,,11840,13971,-782,0.171,7.370
2025-12-25T18:58:19.241454Z,10mbit,10mbit,800kbit,none,,,15840,14532,52,0.160,6.849
2025-12-25T18:58:19.778235Z,10mbit,10mbit,800kbit,none,,,13440,14204,-443,0.160,6.077
2025-12-25T18:58:20.238717Z,10mbit,10mbit,800kbit,none,,,15440,14575,-310,0.160,7.438
2025-12-25T18:58:20.738244Z,10mbit,10mbit,800kbit,none,,,13440,14234,262,0.163,6.477
2025-12-25T18:58:21.239293Z,10mbit,10mbit,800kbit,none,,,15840,14716,183,0.163,6.929
2025-12-25T18:58:21.758887Z,10mbit,10mbit,800kbit,none,,,13840,14453,248,0.171,5.847
2025-12-25T18:58:22.240135Z,10mbit,10mbit,800kbit,none,,,15440,14749,174,0.691,7.316
2025-12-25T18:58:22.738871Z,10mbit,10mbit,800kbit,bump_mmtc,reactive,loss,13440,14356,121,0.699,6.873
2025-12-25T18:58:23.240239Z,10mbit,10mbit,800kbit,none,,,15840,14801,85,0.699,6.320
2025-12-25T18:58:23.738965Z,10mbit,10mbit,800kbit,none,,,13440,14393,-60,0.703,6.460
2025-12-25T18:58:24.238971Z,10mbit,10mbit,800kbit,none,,,15440,14707,-42,0.692,7.144
2025-12-25T18:58:24.774058Z,10mbit,10mbit,800kbit,none,,,13440,14327,-29,0.692,6.806
2025-12-25T18:58:25.238854Z,10mbit,10mbit,800kbit,bump_mmtc,reactive,loss,14640,14420,-380,0.689,6.445
2025-12-25T18:58:25.758811Z,10mbit,10mbit,800kbit,none,,,15040,14606,213,0.689,6.807
2025-12-25T18:58:26.238373Z,10mbit,10mbit,800kbit,none,,,15440,14856,149,0.172,6.711
2025-12-25T18:58:26.739207Z,10mbit,10mbit,800kbit,none,,,15440,15031,704,0.162,7.225
2025-12-25T18:58:27.238738Z,10mbit,10mbit,800kbit,none,,,15040,15034,613,0.649,6.667
2025-12-25T18:58:27.739137Z,10mbit,10mbit,800kbit,none,,,15040,15035,429,0.649,7.505
2025-12-25T18:58:28.239602Z,10mbit,10mbit,800kbit,none,,,15440,15157,300,0.661,6.566
2025-12-25T18:58:28.738728Z,10mbit,10mbit,800kbit,none,,,15440,15241,210,0.675,7.577
2025-12-25T18:58:29.239000Z,10mbit,10mbit,800kbit,none,,,15440,15301,267,0.673,7.418
2025-12-25T18:58:29.738336Z,10mbit,10mbit,800kbit,bump_mmtc,reactive,loss,13440,14742,-292,0.685,7.095
2025-12-25T18:58:30.241221Z,10mbit,10mbit,800kbit,bump_mmtc,reactive,loss,13440,14352,-805,0.191,6.841
2025-12-25T18:58:30.738832Z,10mbit,10mbit,800kbit,none,,,13440,14078,-1163,0.189,6.929
2025-12-25T18:58:31.238920Z,10mbit,10mbit,800kbit,none,,,13440,13886,-1414,0.189,7.020
2025-12-25T18:58:31.738741Z,10mbit,10mbit,800kbit,none,,,15040,14232,-510,0.178,6.658
2025-12-25T18:58:32.240994Z,10mbit,10mbit,800kbit,none,,,15840,14714,362,0.178,6.722
2025-12-25T18:58:32.738989Z,10mbit,10mbit,800kbit,none,,,13440,14332,254,0.210,6.855
2025-12-25T18:58:33.239025Z,10mbit,10mbit,800kbit,none,,,15040,14544,657,0.193,7.020
2025-12-25T18:58:33.739025Z,10mbit,10mbit,800kbit,none,,,15840,14933,700,0.209,7.015
2025-12-25T18:58:34.238504Z,10mbit,10mbit,800kbit,none,,,16672,15454,739,0.209,6.895
2025-12-25T18:58:34.738483Z,10mbit,10mbit,800kbit,none,,,13440,14850,517,0.218,7.332
2025-12-25T18:58:35.241611Z,10mbit,10mbit,800kbit,none,,,13440,14427,-117,0.208,7.144
2025-12-25T18:58:35.778857Z,10mbit,10mbit,800kbit,none,,,15440,14731,-202,0.179,5.682
2025-12-25T18:58:36.238668Z,10mbit,10mbit,800kbit,none,,,15440,14943,-511,0.306,6.386
2025-12-25T18:58:36.739180Z,10mbit,10mbit,800kbit,none,,,13440,14492,-357,0.291,7.681
2025-12-25T18:58:37.240033Z,10mbit,10mbit,800kbit,bump_mmtc,reactive,loss,15440,14776,349,0.276,7.089
2025-12-25T18:58:37.739013Z,10mbit,10mbit,800kbit,none,,,13440,14375,-355,0.319,5.481
2025-12-25T18:58:38.238787Z,10mbit,10mbit,800kbit,none,,,15440,14695,-248,0.319,6.678
2025-12-25T18:58:38.738455Z,10mbit,10mbit,800kbit,none,,,13440,14318,-174,0.319,8.152
2025-12-25T18:58:39.238617Z,10mbit,10mbit,800kbit,none,,,15040,14534,-241,0.324,7.314
2025-12-25T18:58:39.738563Z,10mbit,10mbit,800kbit,none,,,13440,14206,-169,0.208,5.622
2025-12-25T18:58:40.238682Z,10mbit,10mbit,800kbit,none,,,11840,13496,-1198,0.208,7.153
2025-12-25T18:58:40.798952Z,10mbit,10mbit,800kbit,none,,,11840,12999,-1318,0.224,7.091
2025-12-25T18:58:41.243192Z,10mbit,10mbit,800kbit,none,,,14640,13491,-1043,0.176,5.559
2025-12-25T18:58:41.738984Z,10mbit,10mbit,800kbit,none,,,15040,13956,-250,0.205,6.155
2025-12-25T18:58:42.238712Z,10mbit,10mbit,800kbit,none,,,15440,14401,904,0.205,6.230
2025-12-25T18:58:42.778872Z,10mbit,10mbit,800kbit,none,,,14672,14482,1482,0.196,6.671
2025-12-25T18:58:43.240534Z,10mbit,10mbit,800kbit,none,,,15040,14649,1158,0.191,5.621
2025-12-25T18:58:43.738394Z,10mbit,10mbit,800kbit,bump_mmtc,reactive,loss,15840,15006,1050,0.184,6.638
2025-12-25T18:58:44.239285Z,10mbit,10mbit,800kbit,none,,,15440,15136,735,0.184,7.082
2025-12-25T18:58:44.738340Z,10mbit,10mbit,800kbit,none,,,15440,15227,745,0.218,6.829
2025-12-25T18:58:45.238730Z,10mbit,10mbit,800kbit,none,,,13040,14571,-78,0.218,6.373
2025-12-25T18:58:45.739971Z,10mbit,10mbit,800kbit,none,,,13840,14351,-654,0.195,6.452
2025-12-25T18:58:46.240257Z,10mbit,10mbit,800kbit,none,,,13440,14078,-1058,0.237,6.034
2025-12-25T18:58:46.738396Z,10mbit,10mbit,800kbit,none,,,15040,14366,-860,0.241,6.779
2025-12-25T18:58:47.238779Z,10mbit,10mbit,800kbit,bump_mmtc,reactive,loss,15040,14568,-2,0.232,6.542
2025-12-25T18:58:47.808972Z,10mbit,10mbit,800kbit,none,,,15440,14830,478,0.244,6.798
2025-12-25T18:58:48.240287Z,10mbit,10mbit,800kbit,none,,,15440,15013,934,0.234,5.896
2025-12-25T18:58:48.738791Z,10mbit,10mbit,800kbit,none,,,15840,15261,894,0.210,7.040
2025-12-25T18:58:49.238341Z,10mbit,10mbit,800kbit,none,,,13840,14834,266,0.213,8.003
2025-12-25T18:58:49.738813Z,10mbit,10mbit,800kbit,none,,,13440,14416,-413,0.235,7.154
2025-12-25T18:58:50.238797Z,10mbit,10mbit,800kbit,none,,,15840,14843,-169,0.235,5.939
2025-12-25T18:58:50.808529Z,10mbit,10mbit,800kbit,none,,,13440,14422,-838,0.199,6.648
2025-12-25T18:58:51.238986Z,10mbit,10mbit,800kbit,bump_mmtc,reactive,loss,15440,14727,-107,0.203,8.048
2025-12-25T18:58:51.738967Z,10mbit,10mbit,800kbit,none,,,15840,15061,645,0.195,6.028
2025-12-25T18:58:52.239038Z,10mbit,10mbit,800kbit,none,,,13440,14574,-268,0.963,6.471
2025-12-25T18:58:52.739208Z,10mbit,10mbit,800kbit,none,,,15840,14954,532,0.949,6.674
2025-12-25T18:58:53.238656Z,10mbit,10mbit,800kbit,none,,,15840,15220,492,0.953,7.790
2025-12-25T18:58:53.738240Z,10mbit,10mbit,800kbit,none,,,15440,15286,224,0.956,7.200
2025-12-25T18:58:54.238333Z,10mbit,10mbit,800kbit,none,,,14640,15092,517,0.956,6.703
2025-12-25T18:58:54.739242Z,10mbit,10mbit,800kbit,none,,,15040,15076,122,0.946,8.037
2025-12-25T18:58:55.238512Z,10mbit,10mbit,800kbit,none,,,15040,15065,-154,0.179,6.824
2025-12-25T18:58:55.738739Z,10mbit,10mbit,800kbit,none,,,15440,15177,-108,0.175,7.446
2025-12-25T18:58:56.240248Z,10mbit,10mbit,800kbit,none,,,15040,15136,44,0.175,7.879
2025-12-25T18:58:56.768811Z,10mbit,10mbit,800kbit,bump_mmtc,reactive,loss,15840,15347,270,0.179,7.115
2025-12-25T18:58:57.241076Z,10mbit,10mbit,800kbit,none,,,15040,15255,189,0.165,6.614
2025-12-25T18:58:57.778821Z,10mbit,10mbit,800kbit,none,,,15440,15310,132,0.165,8.000
2025-12-25T18:58:58.238691Z,10mbit,10mbit,800kbit,none,,,15840,15469,332,0.165,7.907
2025-12-25T18:58:58.818933Z,10mbit,10mbit,800kbit,none,,,15440,15460,113,0.183,6.868
2025-12-25T18:58:59.238513Z,10mbit,10mbit,800kbit,none,,,15440,15454,199,0.166,7.633
2025-12-25T18:58:59.788965Z,10mbit,10mbit,800kbit,none,,,13840,14970,-340,0.174,7.639
2025-12-25T18:59:00.241385Z,10mbit,10mbit,800kbit,none,,,15440,15111,-358,0.410,6.730
2025-12-25T18:59:00.738968Z,10mbit,10mbit,800kbit,none,,,15440,15209,-250,0.411,6.743
2025-12-25T18:59:01.238709Z,10mbit,10mbit,800kbit,none,,,15440,15278,-175,0.385,8.426
2025-12-25T18:59:01.798770Z,10mbit,10mbit,800kbit,bump_mmtc,reactive,loss,15040,15207,237,0.393,7.114
2025-12-25T18:59:02.238551Z,10mbit,10mbit,800kbit,none,,,15440,15277,165,0.397,6.602
2025-12-25T18:59:02.738889Z,10mbit,10mbit,800kbit,none,,,15040,15205,-3,0.162,6.985
2025-12-25T18:59:03.238596Z,10mbit,10mbit,800kbit,none,,,15040,15156,-122,0.589,8.085
2025-12-25T18:59:03.738806Z,10mbit,10mbit,800kbit,bump_mmtc,reactive,loss,13840,14761,-445,0.630,7.477
2025-12-25T18:59:04.240234Z,10mbit,10mbit,800kbit,none,,,15440,14964,-312,0.625,6.678
2025-12-25T18:59:04.799526Z,10mbit,10mbit,800kbit,none,,,15040,14987,-218,0.627,7.145
2025-12-25T18:59:05.238496Z,10mbit,10mbit,800kbit,bump_mmtc,reactive,loss,15440,15123,-32,0.629,7.364
2025-12-25T18:59:05.739276Z,10mbit,10mbit,800kbit,none,,,11840,14138,-623,0.213,7.434
2025-12-25T18:59:06.238810Z,10mbit,10mbit,800kbit,bump_mmtc,reactive,loss,13840,14048,-916,0.793,7.454
2025-12-25T18:59:06.739044Z,10mbit,10mbit,800kbit,bump_mmtc,reactive,loss,13440,13866,-1121,0.795,6.211
2025-12-25T18:59:07.238534Z,10mbit,10mbit,800kbit,none,,,13440,13738,-1384,0.826,7.174
2025-12-25T18:59:07.739015Z,10mbit,10mbit,800kbit,none,,,15440,14248,110,0.826,6.913
2025-12-25T18:59:08.239051Z,10mbit,10mbit,800kbit,none,,,13440,14006,-42,1.164,7.226
2025-12-25T18:59:08.808499Z,10mbit,10mbit,800kbit,none,,,15040,14316,450,1.156,6.210
2025-12-25T18:59:09.240451Z,10mbit,10mbit,800kbit,none,,,15040,14533,795,1.156,6.706
2025-12-25T18:59:09.739051Z,10mbit,10mbit,800kbit,none,,,15040,14685,436,0.546,8.158
2025-12-25T18:59:10.241355Z,10mbit,10mbit,800kbit,none,,,15040,14791,785,0.546,6.649
2025-12-25T18:59:10.818865Z,10mbit,10mbit,800kbit,none,,,14672,14755,439,0.546,6.778
2025-12-25T18:59:11.238697Z,10mbit,10mbit,800kbit,none,,,15840,15081,547,0.620,6.936
2025-12-25T18:59:11.738758Z,10mbit,10mbit,800kbit,none,,,15040,15068,383,0.591,7.147
2025-12-25T18:59:12.238411Z,10mbit,10mbit,800kbit,none,,,14272,14829,37,0.248,7.493
2025-12-25T18:59:12.798535Z,10mbit,10mbit,800kbit,none,,,13440,14412,-343,0.265,6.810
2025-12-25T18:59:13.239339Z,10mbit,10mbit,800kbit,none,,,13840,14240,-840,0.268,6.296
2025-12-25T18:59:13.739270Z,10mbit,10mbit,800kbit,none,,,11840,13520,-1548,0.201,6.988
2025-12-25T18:59:14.238521Z,10mbit,10mbit,800kbit,none,,,15840,14216,-613,0.201,7.291
2025-12-25T18:59:14.809112Z,10mbit,10mbit,800kbit,none,,,13440,13983,-429,0.192,6.598
2025-12-25T18:59:15.240640Z,10mbit,10mbit,800kbit,none,,,13440,13820,-420,0.193,6.605
2025-12-25T18:59:15.738328Z,10mbit,10mbit,800kbit,none,,,15040,14186,665,0.171,6.028
2025-12-25T18:59:16.239179Z,10mbit,10mbit,800kbit,none,,,14672,14332,115,0.280,7.144
2025-12-25T18:59:16.738797Z,10mbit,10mbit,800kbit,none,,,13840,14184,200,0.275,6.613
2025-12-25T18:59:17.238505Z,10mbit,10mbit,800kbit,none,,,15040,14441,620,0.279,6.591
2025-12-25T18:59:17.788534Z,10mbit,10mbit,800kbit,none,,,15040,14620,434,0.297,6.503
2025-12-25T18:59:18.240346Z,10mbit,10mbit,800kbit,none,,,15440,14866,534,0.294,6.002
2025-12-25T18:59:18.739070Z,10mbit,10mbit,800kbit,none,,,13440,14438,254,0.222,6.977
2025-12-25T18:59:19.238618Z,10mbit,10mbit,800kbit,none,,,17104,15238,797,0.222,6.676
2025-12-25T18:59:19.808765Z,10mbit,10mbit,800kbit,none,,,15040,15178,557,0.225,6.082
2025-12-25T18:59:20.240265Z,10mbit,10mbit,800kbit,none,,,15040,15137,270,0.242,7.014
2025-12-25T18:59:20.738832Z,10mbit,10mbit,800kbit,none,,,15040,15107,669,0.243,7.295
2025-12-25T18:59:21.238631Z,10mbit,10mbit,800kbit,bump_mmtc,reactive,loss,13840,14727,-510,0.253,6.367
2025-12-25T18:59:21.738380Z,10mbit,10mbit,800kbit,none,,,15440,14941,-237,0.237,6.470
2025-12-25T18:59:22.238283Z,10mbit,10mbit,800kbit,none,,,15440,15090,-46,0.237,7.524
2025-12-25T18:59:22.808700Z,10mbit,10mbit,800kbit,bump_mmtc,reactive,loss,13440,14595,-512,0.248,8.017
2025-12-25T18:59:23.240482Z,10mbit,10mbit,800kbit,none,,,15440,14848,121,0.236,5.619
2025-12-25T18:59:23.738999Z,10mbit,10mbit,800kbit,none,,,15440,15026,84,0.236,6.926
2025-12-25T18:59:24.240450Z,10mbit,10mbit,800kbit,none,,,15040,15030,-60,0.236,7.680
2025-12-25T18:59:24.778544Z,10mbit,10mbit,800kbit,none,,,15440,15153,557,0.236,7.478
2025-12-25T18:59:25.240930Z,10mbit,10mbit,800kbit,none,,,15040,15119,270,0.248,6.528
2025-12-25T18:59:25.808657Z,10mbit,10mbit,800kbit,none,,,13440,14615,-410,0.260,6.702
2025-12-25T18:59:26.241427Z,10mbit,10mbit,800kbit,none,,,15840,14982,-47,0.260,7.499
2025-12-25T18:59:26.738258Z,10mbit,10mbit,800kbit,none,,,15040,14999,-153,0.260,7.197
2025-12-25T18:59:27.238472Z,10mbit,10mbit,800kbit,bump_mmtc,reactive,loss,15872,15261,142,0.229,7.141
2025-12-25T18:59:27.739378Z,10mbit,10mbit,800kbit,none,,,15440,15315,699,0.212,6.662
2025-12-25T18:59:28.242720Z,10mbit,10mbit,800kbit,none,,,16272,15602,619,0.206,7.144
2025-12-25T18:59:28.788833Z,10mbit,10mbit,800kbit,none,,,15440,15553,553,0.179,7.048
2025-12-25T18:59:29.238307Z,10mbit,10mbit,800kbit,none,,,15440,15519,257,0.179,7.357
2025-12-25T18:59:29.738425Z,10mbit,10mbit,800kbit,none,,,15040,15375,60,0.177,7.634
2025-12-25T18:59:30.238549Z,10mbit,10mbit,800kbit,bump_mmtc,reactive,loss,15440,15394,-207,0.184,6.556
2025-12-25T18:59:30.738726Z,10mbit,10mbit,800kbit,none,,,13440,14808,-745,0.187,7.211
2025-12-25T18:59:31.239003Z,10mbit,10mbit,800kbit,none,,,13840,14517,-1001,0.188,7.567
2025-12-25T18:59:31.738769Z,10mbit,10mbit,800kbit,none,,,15440,14794,-581,0.195,6.396
2025-12-25T18:59:32.239326Z,10mbit,10mbit,800kbit,none,,,15440,14988,-406,0.195,6.954
2025-12-25T18:59:32.739227Z,10mbit,10mbit,800kbit,none,,,13440,14523,-284,0.188,7.355
2025-12-25T18:59:33.240422Z,10mbit,10mbit,800kbit,none,,,15472,14808,290,0.179,7.171
2025-12-25T18:59:33.738723Z,10mbit,10mbit,800kbit,none,,,15440,14997,203,0.179,6.403
2025-12-25T18:59:34.238386Z,10mbit,10mbit,800kbit,none,,,12192,14156,-832,0.176,7.464
2025-12-25T18:59:34.738889Z,10mbit,10mbit,800kbit,bump_mmtc,reactive,loss,13440,13941,-582,0.179,8.129
2025-12-25T18:59:35.238873Z,10mbit,10mbit,800kbit,none,,,14272,14040,-767,0.179,6.125
2025-12-25T18:59:35.738860Z,10mbit,10mbit,800kbit,none,,,15040,14340,-657,0.185,6.188
2025-12-25T18:59:36.239402Z,10mbit,10mbit,800kbit,none,,,15040,14550,394,0.170,6.584
2025-12-25T18:59:36.739299Z,10mbit,10mbit,800kbit,none,,,15040,14697,755,0.187,7.640
2025-12-25T18:59:37.238291Z,10mbit,10mbit,800kbit,none,,,13440,14320,279,0.187,5.687
2025-12-25T18:59:37.818679Z,10mbit,10mbit,800kbit,bump_mmtc,reactive,loss,13440,14056,-284,0.194,6.142
2025-12-25T18:59:38.238542Z,10mbit,10mbit,800kbit,none,,,15440,14471,-79,0.188,7.223
2025-12-25T18:59:38.739332Z,10mbit,10mbit,800kbit,none,,,16272,15011,314,0.188,6.702
2025-12-25T18:59:39.240473Z,10mbit,10mbit,800kbit,none,,,15440,15140,820,0.188,6.465
2025-12-25T18:59:39.738766Z,10mbit,10mbit,800kbit,none,,,15440,15230,1174,0.182,6.351
2025-12-25T18:59:40.238634Z,10mbit,10mbit,800kbit,none,,,14640,15053,581,0.183,7.204
2025-12-25T18:59:40.738733Z,10mbit,10mbit,800kbit,bump_mmtc,reactive,loss,15040,15049,37,0.178,6.344
2025-12-25T18:59:41.238382Z,10mbit,10mbit,800kbit,none,,,15440,15166,26,0.218,7.216
2025-12-25T18:59:41.738772Z,10mbit,10mbit,800kbit,none,,,15040,15128,-101,0.227,7.231
2025-12-25T18:59:42.238644Z,10mbit,10mbit,800kbit,none,,,15440,15221,168,0.234,6.307
2025-12-25T18:59:42.739151Z,10mbit,10mbit,800kbit,none,,,15440,15287,238,0.244,6.822
2025-12-25T18:59:43.240601Z,10mbit,10mbit,800kbit,none,,,14640,15093,-73,0.229,7.261
2025-12-25T18:59:43.738441Z,10mbit,10mbit,800kbit,none,,,15040,15077,-51,0.189,7.232
2025-12-25T18:59:44.239663Z,10mbit,10mbit,800kbit,none,,,15040,15066,-155,0.174,7.092
2025-12-25T18:59:44.739386Z,10mbit,10mbit,800kbit,none,,,15440,15178,-109,0.163,7.029
2025-12-25T18:59:45.238721Z,10mbit,10mbit,800kbit,none,,,15440,15256,163,0.150,7.362
2025-12-25T18:59:45.739023Z,10mbit,10mbit,800kbit,none,,,15040,15191,114,0.162,7.650
2025-12-25T18:59:46.240513Z,10mbit,10mbit,800kbit,none,,,15440,15266,200,0.157,6.546
2025-12-25T18:59:46.738744Z,10mbit,10mbit,800kbit,none,,,13840,14838,-339,0.169,6.937
2025-12-25T18:59:47.238288Z,10mbit,10mbit,800kbit,none,,,13040,14298,-957,0.165,8.120
2025-12-25T18:59:47.738846Z,10mbit,10mbit,800kbit,none,,,15040,14521,-670,0.165,6.382
2025-12-25T18:59:48.238249Z,10mbit,10mbit,800kbit,none,,,15440,14796,-469,0.165,6.538
2025-12-25T18:59:48.738804Z,10mbit,10mbit,800kbit,none,,,15440,14989,151,0.165,6.971
2025-12-25T18:59:49.238644Z,10mbit,10mbit,800kbit,none,,,13872,14654,355,0.153,7.857
2025-12-25T18:59:49.838929Z,10mbit,10mbit,800kbit,none,,,14672,14659,138,0.153,6.554
2025-12-25T18:59:50.238250Z,10mbit,10mbit,800kbit,none,,,15440,14893,96,0.141,6.017
2025-12-25T18:59:50.738446Z,10mbit,10mbit,800kbit,none,,,13440,14457,-532,0.142,7.627
2025-12-25T18:59:51.238557Z,10mbit,10mbit,800kbit,none,,,15440,14752,97,0.163,7.857
2025-12-25T18:59:51.738778Z,10mbit,10mbit,800kbit,bump_mmtc,reactive,loss,13440,14358,-301,0.171,6.110
2025-12-25T18:59:52.238328Z,10mbit,10mbit,800kbit,none,,,16272,14932,38,0.184,5.816
2025-12-25T18:59:52.738661Z,10mbit,10mbit,800kbit,none,,,15440,15084,627,0.204,7.095
2025-12-25T18:59:53.238528Z,10mbit,10mbit,800kbit,none,,,15440,15191,439,0.204,7.983
2025-12-25T18:59:53.798821Z,10mbit,10mbit,800kbit,none,,,15840,15385,1027,0.207,6.094
2025-12-25T18:59:54.238640Z,10mbit,10mbit,800kbit,none,,,15040,15282,349,0.203,6.768
2025-12-25T18:59:54.738790Z,10mbit,10mbit,800kbit,bump_mmtc,reactive,loss,13440,14729,-355,0.197,7.593
2025-12-25T18:59:55.238974Z,10mbit,10mbit,800kbit,none,,,15872,15072,-119,0.198,7.047
2025-12-25T18:59:55.739181Z,10mbit,10mbit,800kbit,none,,,13440,14582,-803,0.196,6.875
2025-12-25T18:59:56.240676Z,10mbit,10mbit,800kbit,none,,,15440,14839,-442,0.192,6.527
2025-12-25T18:59:56.838417Z,10mbit,10mbit,800kbit,none,,,15440,15019,290,0.202,6.722
2025-12-25T18:59:57.238780Z,10mbit,10mbit,800kbit,none,,,15040,15025,-46,0.205,7.333
2025-12-25T18:59:57.738451Z,10mbit,10mbit,800kbit,bump_mmtc,reactive,loss,15040,15030,447,0.281,6.665
2025-12-25T18:59:58.239704Z,10mbit,10mbit,800kbit,none,,,14640,14913,73,0.271,7.234
2025-12-25T18:59:58.738420Z,10mbit,10mbit,800kbit,hard_throttle,emergency,urllc severe,15440,15071,51,18.106,5.622
2025-12-25T18:59:59.238301Z,10mbit,10mbit,800kbit,hard_throttle,emergency,urllc severe,14640,14941,-84,18.106,5.098
2025-12-25T18:59:59.818299Z,10mbit,10mbit,800kbit,hard_throttle,emergency,urllc severe,13840,14611,-418,18.106,8.437
2025-12-25T19:00:00.241074Z,10mbit,10mbit,800kbit,hard_throttle,emergency,urllc severe,13040,14139,-773,18.085,6.435
2025-12-25T19:00:00.828898Z,10mbit,10mbit,800kbit,bump_mmtc,reactive,loss,15040,14409,-661,18.085,8.465
2025-12-25T19:00:01.239960Z,10mbit,10mbit,800kbit,hard_throttle,emergency,urllc severe,15440,14718,-222,18.085,8.669
2025-12-25T19:00:01.739161Z,10mbit,10mbit,800kbit,hard_throttle,emergency,urllc severe,13840,14455,-156,18.079,12.022
2025-12-25T19:00:02.238957Z,10mbit,10mbit,800kbit,hard_throttle,emergency,urllc severe,15840,14870,730,18.007,12.090
2025-12-25T19:00:02.738833Z,10mbit,10mbit,800kbit,hard_throttle,emergency,urllc severe,15040,14921,511,18.015,9.547
2025-12-25T19:00:03.239061Z,10mbit,10mbit,800kbit,hard_throttle,emergency,urllc severe,14640,14837,118,18.015,9.942
2025-12-25T19:00:03.798751Z,10mbit,10mbit,800kbit,none,,,16272,15267,812,0.186,16.775
2025-12-25T19:00:04.240331Z,10mbit,10mbit,800kbit,none,,,15040,15199,328,0.185,16.592
2025-12-25T19:00:04.738822Z,10mbit,10mbit,800kbit,none,,,11840,14191,-729,0.186,10.432
2025-12-25T19:00:05.240044Z,10mbit,10mbit,800kbit,none,,,15840,14686,-150,0.176,10.923
2025-12-25T19:00:05.739149Z,10mbit,10mbit,800kbit,none,,,15440,14912,-355,0.181,12.040
2025-12-25T19:00:06.238365Z,10mbit,10mbit,800kbit,none,,,15440,15070,-128,0.173,13.518
2025-12-25T19:00:06.738496Z,10mbit,10mbit,800kbit,none,,,11840,14101,-90,0.186,9.529
2025-12-25T19:00:07.239124Z,10mbit,10mbit,800kbit,none,,,15840,14622,-63,0.171,8.067
2025-12-25T19:00:07.827811Z,10mbit,10mbit,800kbit,none,,,15440,14868,-44,0.207,8.461
2025-12-25T19:00:08.238708Z,10mbit,10mbit,800kbit,none,,,15040,14919,-150,0.715,12.535
2025-12-25T19:00:08.848871Z,10mbit,10mbit,800kbit,none,,,13440,14475,374,0.722,8.564
2025-12-25T19:00:09.242268Z,10mbit,10mbit,800kbit,none,,,15040,14645,22,0.711,5.698
2025-12-25T19:00:09.738739Z,10mbit,10mbit,800kbit,bump_mmtc,reactive,loss,15040,14763,-104,0.729,6.838
2025-12-25T19:00:10.239040Z,10mbit,10mbit,800kbit,none,,,15040,14846,-73,0.746,9.622
2025-12-25T19:00:10.738402Z,10mbit,10mbit,800kbit,none,,,15040,14904,428,0.236,8.308
2025-12-25T19:00:11.238916Z,10mbit,10mbit,800kbit,none,,,15040,14945,300,0.486,5.413
2025-12-25T19:00:11.738781Z,10mbit,10mbit,800kbit,bump_mmtc,reactive,loss,13840,14613,-149,0.485,6.801
2025-12-25T19:00:12.239533Z,10mbit,10mbit,800kbit,none,,,15040,14741,-104,0.467,7.880
2025-12-25T19:00:12.858878Z,10mbit,10mbit,800kbit,none,,,13440,14351,-553,0.420,7.527
2025-12-25T19:00:13.238859Z,10mbit,10mbit,800kbit,none,,,15840,14797,-147,0.410,6.217
2025-12-25T19:00:13.738298Z,10mbit,10mbit,800kbit,bump_mmtc,reactive,loss,13440,14390,-223,0.154,6.813
2025-12-25T19:00:14.239531Z,10mbit,10mbit,800kbit,none,,,15440,14705,-36,0.149,7.981
2025-12-25T19:00:14.738448Z,10mbit,10mbit,800kbit,bump_mmtc,reactive,loss,15840,15045,694,0.167,6.259
2025-12-25T19:00:15.238243Z,10mbit,10mbit,800kbit,none,,,15440,15163,366,0.167,7.399
2025-12-25T19:00:15.738832Z,10mbit,10mbit,800kbit,none,,,15040,15126,736,0.174,6.866
2025-12-25T19:00:16.238345Z,10mbit,10mbit,800kbit,none,,,15040,15100,395,0.174,7.430
2025-12-25T19:00:16.738355Z,10mbit,10mbit,800kbit,bump_mmtc,reactive,loss,15040,15082,36,0.173,6.835
2025-12-25T19:00:17.241254Z,10mbit,10mbit,800kbit,bump_mmtc,reactive,loss,15040,15069,-94,0.162,6.799
2025-12-25T19:00:17.738976Z,10mbit,10mbit,800kbit,none,,,11840,14100,-1025,0.175,8.024
2025-12-25T19:00:18.238839Z,10mbit,10mbit,800kbit,none,,,15440,14502,-598,0.175,6.016
2025-12-25T19:00:18.738335Z,10mbit,10mbit,800kbit,none,,,15440,14783,-298,0.184,6.094
2025-12-25T19:00:19.238247Z,10mbit,10mbit,800kbit,none,,,14272,14630,-439,0.184,7.306
2025-12-25T19:00:19.739191Z,10mbit,10mbit,800kbit,bump_mmtc,reactive,loss,15440,14873,772,0.172,7.477
2025-12-25T19:00:20.239762Z,10mbit,10mbit,800kbit,none,,,14640,14803,300,0.169,6.319
2025-12-25T19:00:20.808877Z,10mbit,10mbit,800kbit,none,,,13840,14514,-269,0.194,6.637
2025-12-25T19:00:21.238427Z,10mbit,10mbit,800kbit,none,,,13040,14071,-558,0.189,7.673
2025-12-25T19:00:21.738301Z,10mbit,10mbit,800kbit,none,,,13840,14002,-870,0.164,7.336
2025-12-25T19:00:22.239608Z,10mbit,10mbit,800kbit,none,,,14640,14193,-609,0.164,5.844
2025-12-25T19:00:22.739097Z,10mbit,10mbit,800kbit,none,,,15040,14447,-66,0.166,6.501
2025-12-25T19:00:23.238854Z,10mbit,10mbit,800kbit,none,,,15040,14625,553,0.482,7.138
2025-12-25T19:00:23.738873Z,10mbit,10mbit,800kbit,none,,,11840,13789,-212,0.468,6.416
2025-12-25T19:00:24.238606Z,10mbit,10mbit,800kbit,none,,,15040,14164,-28,0.460,5.944
2025-12-25T19:00:24.738858Z,10mbit,10mbit,800kbit,none,,,15040,14427,-20,0.510,6.341
2025-12-25T19:00:25.239048Z,10mbit,10mbit,800kbit,none,,,15040,14611,-14,0.502,7.431
2025-12-25T19:00:25.738943Z,10mbit,10mbit,800kbit,none,,,15440,14859,1070,0.201,6.378
2025-12-25T19:00:26.240230Z,10mbit,10mbit,800kbit,none,,,15440,15033,869,0.378,6.454
2025-12-25T19:00:26.738923Z,10mbit,10mbit,800kbit,none,,,15440,15155,728,0.389,6.158
2025-12-25T19:00:27.240386Z,10mbit,10mbit,800kbit,none,,,15040,15120,509,0.346,7.285
2025-12-25T19:00:27.738786Z,10mbit,10mbit,800kbit,none,,,13840,14736,-123,0.377,7.726
2025-12-25T19:00:28.240917Z,10mbit,10mbit,800kbit,bump_mmtc,reactive,loss,15040,14827,-206,0.372,6.197
2025-12-25T19:00:28.739084Z,10mbit,10mbit,800kbit,none,,,15440,15011,-144,0.201,6.512
2025-12-25T19:00:29.240433Z,10mbit,10mbit,800kbit,bump_mmtc,reactive,loss,13040,14419,-701,0.195,7.701
2025-12-25T19:00:29.738971Z,10mbit,10mbit,800kbit,none,,,15840,14845,109,0.195,7.125
2025-12-25T19:00:30.238562Z,10mbit,10mbit,800kbit,none,,,13440,14424,-403,0.234,6.481
2025-12-25T19:00:30.739168Z,10mbit,10mbit,800kbit,none,,,15040,14608,-402,0.234,7.186
2025-12-25T19:00:31.238873Z,10mbit,10mbit,800kbit,bump_mmtc,reactive,loss,14640,14618,198,0.228,7.217
2025-12-25T19:00:31.739380Z,10mbit,10mbit,800kbit,bump_mmtc,reactive,loss,13840,14384,-461,0.234,7.293
2025-12-25T19:00:32.239352Z,10mbit,10mbit,800kbit,none,,,15440,14701,277,0.234,6.285
2025-12-25T19:00:32.839067Z,10mbit,10mbit,800kbit,none,,,11840,13842,-765,0.244,6.648
2025-12-25T19:00:33.238853Z,10mbit,10mbit,800kbit,none,,,15040,14202,-416,0.242,7.600
2025-12-25T19:00:33.739091Z,10mbit,10mbit,800kbit,none,,,11840,13493,-891,0.242,5.729
2025-12-25T19:00:34.238291Z,10mbit,10mbit,800kbit,bump_mmtc,reactive,loss,15040,13957,-743,0.180,7.023
2025-12-25T19:00:34.739141Z,10mbit,10mbit,800kbit,none,,,13440,13802,-40,0.207,5.938
2025-12-25T19:00:35.240242Z,10mbit,10mbit,800kbit,none,,,15440,14293,91,0.207,7.068
2025-12-25T19:00:35.738882Z,10mbit,10mbit,800kbit,none,,,15040,14517,1024,0.199,5.725
2025-12-25T19:00:36.238537Z,10mbit,10mbit,800kbit,none,,,16272,15043,1086,0.198,6.748
2025-12-25T19:00:36.738375Z,10mbit,10mbit,800kbit,none,,,11840,14082,280,0.208,6.706
2025-12-25T19:00:37.239010Z,10mbit,10mbit,800kbit,none,,,15040,14369,76,0.199,6.379
2025-12-25T19:00:37.739097Z,10mbit,10mbit,800kbit,none,,,13840,14210,-306,0.189,6.172
2025-12-25T19:00:38.239255Z,10mbit,10mbit,800kbit,bump_mmtc,reactive,loss,15872,14709,-334,0.185,6.459
2025-12-25T19:00:38.739174Z,10mbit,10mbit,800kbit,bump_mmtc,reactive,loss,13440,14328,245,0.183,6.677
2025-12-25T19:00:39.238455Z,10mbit,10mbit,800kbit,none,,,15040,14541,172,0.177,6.198
2025-12-25T19:00:39.738279Z,10mbit,10mbit,800kbit,none,,,17104,15310,1099,0.196,5.620
2025-12-25T19:00:40.238998Z,10mbit,10mbit,800kbit,none,,,15440,15349,640,0.196,6.798
2025-12-25T19:00:40.739166Z,10mbit,10mbit,800kbit,none,,,15440,15376,1048,0.184,8.084
2025-12-25T19:00:41.239213Z,10mbit,10mbit,800kbit,none,,,15872,15525,983,0.383,6.537
2025-12-25T19:00:41.738280Z,10mbit,10mbit,800kbit,none,,,15440,15499,189,0.380,6.416
2025-12-25T19:00:42.240345Z,10mbit,10mbit,800kbit,none,,,15440,15481,132,0.380,7.111
2025-12-25T19:00:42.738231Z,10mbit,10mbit,800kbit,none,,,15840,15589,212,0.393,8.357
2025-12-25T19:00:43.239976Z,10mbit,10mbit,800kbit,none,,,15040,15424,-100,0.393,6.895
2025-12-25T19:00:43.813048Z,10mbit,10mbit,800kbit,none,,,13440,14829,-670,0.402,6.774
2025-12-25T19:00:44.238907Z,10mbit,10mbit,800kbit,none,,,16272,15261,-219,0.389,6.972
2025-12-25T19:00:44.738843Z,10mbit,10mbit,800kbit,none,,,13440,14715,-873,0.210,7.353
2025-12-25T19:00:45.238481Z,10mbit,10mbit,800kbit,bump_mmtc,reactive,loss,15040,14812,-611,0.205,7.471
2025-12-25T19:00:45.738781Z,10mbit,10mbit,800kbit,none,,,14272,14650,-178,0.211,6.670
2025-12-25T19:00:46.238405Z,10mbit,10mbit,800kbit,bump_mmtc,reactive,loss,16272,15136,-125,0.248,7.393
2025-12-25T19:00:46.738817Z,10mbit,10mbit,800kbit,none,,,15040,15107,392,0.260,6.931
2025-12-25T19:00:47.239294Z,10mbit,10mbit,800kbit,none,,,15040,15087,274,0.260,8.189
2025-12-25T19:00:47.739228Z,10mbit,10mbit,800kbit,none,,,15440,15193,542,0.242,7.144
2025-12-25T19:00:48.238354Z,10mbit,10mbit,800kbit,none,,,16704,15646,509,0.240,6.722
2025-12-25T19:00:48.828961Z,10mbit,10mbit,800kbit,bump_mmtc,reactive,loss,15872,15714,606,0.244,7.714
2025-12-25T19:00:49.240052Z,10mbit,10mbit,800kbit,none,,,11120,14335,-751,0.193,7.861
2025-12-25T19:00:49.738323Z,10mbit,10mbit,800kbit,bump_mmtc,reactive,loss,19360,15843,649,0.198,6.153
2025-12-25T19:00:50.238380Z,10mbit,10mbit,800kbit,none,,,14640,15482,-164,0.198,6.759
2025-12-25T19:00:50.739220Z,10mbit,10mbit,800kbit,none,,,15440,15469,-244,0.202,9.163
2025-12-25T19:00:51.240099Z,10mbit,10mbit,800kbit,none,,,15040,15340,1004,0.202,6.894
2025-12-25T19:00:51.808388Z,10mbit,10mbit,800kbit,bump_mmtc,reactive,loss,15440,15370,-472,0.201,6.087
2025-12-25T19:00:52.239074Z,10mbit,10mbit,800kbit,none,,,16272,15640,158,0.258,6.441
2025-12-25T19:00:52.738408Z,10mbit,10mbit,800kbit,none,,,15440,15580,111,0.265,8.630
2025-12-25T19:00:53.238801Z,10mbit,10mbit,800kbit,none,,,13040,14818,-522,0.604,7.959
2025-12-25T19:00:53.739140Z,10mbit,10mbit,800kbit,bump_mmtc,reactive,loss,15440,15004,-365,0.604,5.434
2025-12-25T19:00:54.238495Z,10mbit,10mbit,800kbit,none,,,15040,15015,-625,0.604,7.576
2025-12-25T19:00:54.738288Z,10mbit,10mbit,800kbit,bump_mmtc,reactive,loss,15040,15022,-557,0.609,8.200
2025-12-25T19:00:55.238346Z,10mbit,10mbit,800kbit,bump_mmtc,reactive,loss,15040,15027,209,0.524,7.412
2025-12-25T19:00:55.738550Z,10mbit,10mbit,800kbit,none,,,15440,15151,146,0.520,6.260
2025-12-25T19:00:56.240394Z,10mbit,10mbit,800kbit,none,,,15040,15118,102,0.173,7.279
2025-12-25T19:00:56.738834Z,10mbit,10mbit,800kbit,none,,,15440,15214,191,0.176,7.818
2025-12-25T19:00:57.238937Z,10mbit,10mbit,800kbit,none,,,14272,14931,-96,0.176,8.142
2025-12-25T19:00:57.738782Z,10mbit,10mbit,800kbit,none,,,13440,14484,-667,0.188,6.607
2025-12-25T19:00:58.243500Z,10mbit,10mbit,800kbit,none,,,15040,14651,-467,0.185,6.798
2025-12-25T19:00:58.838849Z,10mbit,10mbit,800kbit,none,,,11840,13807,-1406,0.181,7.115
2025-12-25T19:00:59.240517Z,10mbit,10mbit,800kbit,none,,,15040,14177,-754,0.181,7.374
2025-12-25T19:00:59.738876Z,10mbit,10mbit,800kbit,none,,,13840,14076,-408,0.195,5.914
2025-12-25T19:01:00.240096Z,10mbit,10mbit,800kbit,none,,,15040,14365,-285,0.195,7.062
2025-12-25T19:01:00.818597Z,10mbit,10mbit,800kbit,bump_mmtc,reactive,loss,15840,14807,1000,0.186,6.228
2025-12-25T19:01:01.240219Z,10mbit,10mbit,800kbit,none,,,15040,14877,700,0.191,7.369
2025-12-25T19:01:01.738729Z,10mbit,10mbit,800kbit,none,,,13440,14446,370,0.198,6.652
2025-12-25T19:01:02.240193Z,10mbit,10mbit,800kbit,none,,,14640,14504,139,0.187,6.608
2025-12-25T19:01:02.819006Z,10mbit,10mbit,800kbit,none,,,15040,14665,-142,0.178,6.899
2025-12-25T19:01:03.239003Z,10mbit,10mbit,800kbit,none,,,16272,15147,269,0.168,6.637
2025-12-25T19:01:03.738376Z,10mbit,10mbit,800kbit,bump_mmtc,reactive,loss,15440,15234,788,0.174,6.950
2025-12-25T19:01:04.238267Z,10mbit,10mbit,800kbit,bump_mmtc,reactive,loss,15040,15176,672,0.162,6.595
2025-12-25T19:01:04.739230Z,10mbit,10mbit,800kbit,bump_mmtc,reactive,loss,15040,15135,470,0.168,6.261
2025-12-25T19:01:05.240097Z,10mbit,10mbit,800kbit,none,,,15040,15106,-40,0.170,6.750
2025-12-25T19:01:05.738915Z,10mbit,10mbit,800kbit,none,,,15040,15086,-148,0.175,7.424
2025-12-25T19:01:06.238405Z,10mbit,10mbit,800kbit,none,,,15440,15192,16,0.165,7.006
2025-12-25T19:01:06.738319Z,10mbit,10mbit,800kbit,none,,,15440,15266,131,0.170,6.548
2025-12-25T19:01:07.240032Z,10mbit,10mbit,800kbit,none,,,14640,15078,-28,0.152,6.838
2025-12-25T19:01:07.738839Z,10mbit,10mbit,800kbit,none,,,15040,15067,-19,0.161,7.014
2025-12-25T19:01:08.238868Z,10mbit,10mbit,800kbit,none,,,14640,14939,-253,0.171,7.423
2025-12-25T19:01:08.738757Z,10mbit,10mbit,800kbit,none,,,13840,14609,-657,0.207,6.871
2025-12-25T19:01:09.239984Z,10mbit,10mbit,800kbit,none,,,11520,13682,-1396,0.215,6.537
2025-12-25T19:01:09.739257Z,10mbit,10mbit,800kbit,bump_mmtc,reactive,loss,19760,15505,438,0.233,6.463
2025-12-25T19:01:10.239042Z,10mbit,10mbit,800kbit,none,,,15440,15486,546,0.287,7.742
2025-12-25T19:01:10.738760Z,10mbit,10mbit,800kbit,none,,,15040,15352,742,0.280,7.479
2025-12-25T19:01:11.239003Z,10mbit,10mbit,800kbit,none,,,13840,14898,1216,0.345,6.599
2025-12-25T19:01:11.739151Z,10mbit,10mbit,800kbit,none,,,15440,15060,-444,0.339,6.704
2025-12-25T19:01:12.239299Z,10mbit,10mbit,800kbit,none,,,13440,14574,-911,0.339,7.392
2025-12-25T19:01:12.738847Z,10mbit,10mbit,800kbit,bump_mmtc,reactive,loss,13440,14234,-1117,0.341,8.191
2025-12-25T19:01:13.238682Z,10mbit,10mbit,800kbit,none,,,15440,14596,-302,0.275,6.076
2025-12-25T19:01:13.738282Z,10mbit,10mbit,800kbit,none,,,15440,14849,-211,0.275,6.068
2025-12-25T19:01:14.240539Z,10mbit,10mbit,800kbit,none,,,15040,14906,331,0.275,7.546
2025-12-25T19:01:14.738934Z,10mbit,10mbit,800kbit,none,,,15440,15066,832,0.274,7.755
2025-12-25T19:01:15.240348Z,10mbit,10mbit,800kbit,none,,,13040,14458,-137,0.176,6.447
2025-12-25T19:01:15.739157Z,10mbit,10mbit,800kbit,none,,,15440,14752,-96,0.179,6.478
2025-12-25T19:01:16.239964Z,10mbit,10mbit,800kbit,none,,,15040,14839,-67,0.344,8.052
2025-12-25T19:01:16.738788Z,10mbit,10mbit,800kbit,none,,,15440,15019,-47,0.364,7.606
2025-12-25T19:01:17.238564Z,10mbit,10mbit,800kbit,none,,,15040,15025,566,0.450,6.257
2025-12-25T19:01:17.828716Z,10mbit,10mbit,800kbit,none,,,15040,15029,276,0.480,6.786
2025-12-25T19:01:18.239283Z,10mbit,10mbit,800kbit,none,,,14640,14912,73,0.473,7.127
2025-12-25T19:01:18.738752Z,10mbit,10mbit,800kbit,none,,,13840,14591,-428,0.304,7.024
2025-12-25T19:01:19.238704Z,10mbit,10mbit,800kbit,none,,,15440,14845,-179,0.304,7.195
2025-12-25T19:01:19.738404Z,10mbit,10mbit,800kbit,none,,,15840,15144,114,0.305,6.488
2025-12-25T19:01:20.239344Z,10mbit,10mbit,800kbit,none,,,15840,15352,439,0.216,7.062
2025-12-25T19:01:20.738236Z,25mbit,10mbit,800kbit,mid_throttle,reactive,urllc warn,15440,15378,787,3.751,7.041
2025-12-25T19:01:21.238347Z,25mbit,10mbit,800kbit,mid_throttle,reactive,urllc warn,15440,15397,551,3.751,7.660
2025-12-25T19:01:21.738766Z,25mbit,10mbit,800kbit,mid_throttle,reactive,urllc warn,15440,15410,266,3.754,7.326
2025-12-25T19:01:22.239386Z,25mbit,10mbit,800kbit,mid_throttle,reactive,urllc warn,15440,15419,66,4.362,8.640
2025-12-25T19:01:22.818323Z,25mbit,10mbit,800kbit,mid_throttle,reactive,urllc warn,15040,15305,-73,4.364,8.089
2025-12-25T19:01:23.239639Z,25mbit,10mbit,800kbit,mid_throttle,reactive,urllc warn,15040,15225,-171,4.356,8.376
2025-12-25T19:01:23.738831Z,25mbit,10mbit,800kbit,none,,,15440,15290,-120,0.795,8.941
2025-12-25T19:01:24.238355Z,25mbit,10mbit,800kbit,none,,,15440,15335,-84,0.789,9.104
2025-12-25T19:01:24.739122Z,25mbit,10mbit,800kbit,bump_mmtc,reactive,loss,15440,15366,61,0.177,8.864
2025-12-25T19:01:25.238584Z,25mbit,10mbit,800kbit,none,,,14640,15148,-77,0.172,8.494
2025-12-25T19:01:25.738362Z,25mbit,10mbit,800kbit,bump_mmtc,reactive,loss,15040,15115,-174,0.197,9.398
2025-12-25T19:01:26.239068Z,25mbit,10mbit,800kbit,none,,,15040,15093,-241,0.193,8.669
2025-12-25T19:01:26.739140Z,25mbit,10mbit,800kbit,none,,,15040,15077,-289,0.196,8.574
2025-12-25T19:01:27.240019Z,25mbit,10mbit,800kbit,none,,,15440,15186,37,0.192,8.418
2025-12-25T19:01:27.738748Z,25mbit,10mbit,800kbit,none,,,15040,15142,26,0.184,8.177
2025-12-25T19:01:28.239735Z,25mbit,10mbit,800kbit,none,,,15040,15111,18,0.171,8.057
2025-12-25T19:01:28.739215Z,25mbit,10mbit,800kbit,none,,,15040,15090,12,0.175,7.223
2025-12-25T19:01:29.238461Z,25mbit,10mbit,800kbit,none,,,15440,15195,9,0.163,7.945
2025-12-25T19:01:29.738293Z,25mbit,10mbit,800kbit,none,,,15040,15148,6,0.174,7.160
2025-12-25T19:01:30.239306Z,25mbit,10mbit,800kbit,none,,,14640,14995,-115,0.164,7.511
2025-12-25T19:01:30.739366Z,25mbit,10mbit,800kbit,none,,,15440,15129,39,0.163,6.928
2025-12-25T19:01:31.238586Z,25mbit,10mbit,800kbit,none,,,14640,14982,-212,0.279,7.478
2025-12-25T19:01:31.738790Z,25mbit,10mbit,800kbit,bump_mmtc,reactive,loss,15440,15119,-28,0.291,7.398
2025-12-25T19:01:32.239258Z,25mbit,10mbit,800kbit,bump_mmtc,reactive,loss,15040,15095,99,0.930,6.620
2025-12-25T19:01:32.738726Z,25mbit,10mbit,800kbit,none,,,15840,15319,189,0.940,7.046
2025-12-25T19:01:33.240256Z,25mbit,10mbit,800kbit,none,,,14640,15115,132,0.952,7.410
2025-12-25T19:01:33.828967Z,25mbit,10mbit,800kbit,none,,,13440,14612,-506,0.855,7.553
2025-12-25T19:01:34.238939Z,25mbit,10mbit,800kbit,none,,,15040,14740,-354,0.844,6.842
2025-12-25T19:01:34.739084Z,25mbit,10mbit,800kbit,none,,,15040,14830,-488,0.197,6.765
2025-12-25T19:01:35.239766Z,25mbit,10mbit,800kbit,none,,,15040,14893,-221,0.198,8.124
2025-12-25T19:01:35.818821Z,25mbit,10mbit,800kbit,bump_mmtc,reactive,loss,15040,14937,324,0.185,7.143
2025-12-25T19:01:36.240460Z,25mbit,10mbit,800kbit,none,,,15040,14968,227,0.151,6.856
2025-12-25T19:01:36.738815Z,25mbit,10mbit,800kbit,none,,,13840,14629,-200,0.168,6.575
2025-12-25T19:01:37.240432Z,25mbit,10mbit,800kbit,none,,,8080,12664,-2228,0.168,8.176
2025-12-25T19:01:37.829025Z,25mbit,10mbit,800kbit,none,,,21584,15340,403,0.182,5.443
2025-12-25T19:01:38.239475Z,25mbit,10mbit,800kbit,bump_mmtc,reactive,loss,15440,15370,402,0.182,6.786
2025-12-25T19:01:38.738875Z,25mbit,10mbit,800kbit,bump_mmtc,reactive,loss,15840,15511,881,0.215,8.854
2025-12-25T19:01:39.239774Z,25mbit,10mbit,800kbit,none,,,15040,15369,2705,0.195,6.265
2025-12-25T19:01:39.739023Z,25mbit,10mbit,800kbit,bump_mmtc,reactive,loss,15440,15390,50,0.205,5.266
2025-12-25T19:01:40.238986Z,25mbit,10mbit,800kbit,none,,,14640,15165,-204,0.205,6.554
2025-12-25T19:01:40.738958Z,25mbit,10mbit,800kbit,none,,,15040,15127,-383,0.208,8.772
2025-12-25T19:01:41.238618Z,25mbit,10mbit,800kbit,none,,,15840,15341,-28,0.203,6.703
2025-12-25T19:01:41.739094Z,25mbit,10mbit,800kbit,none,,,15440,15371,-19,0.192,5.162
2025-12-25T19:01:42.240516Z,25mbit,10mbit,800kbit,none,,,15840,15511,346,0.198,7.509
2025-12-25T19:01:42.739095Z,25mbit,10mbit,800kbit,none,,,15840,15610,482,0.200,7.261
2025-12-25T19:01:43.239549Z,25mbit,10mbit,800kbit,none,,,14640,15319,-22,0.173,7.307
2025-12-25T19:01:43.738247Z,25mbit,10mbit,800kbit,none,,,15440,15355,-15,0.189,6.139
2025-12-25T19:01:44.240413Z,25mbit,10mbit,800kbit,none,,,15440,15380,-130,0.177,8.236
2025-12-25T19:01:44.739163Z,25mbit,10mbit,800kbit,bump_mmtc,reactive,loss,15440,15398,-211,0.195,7.309
2025-12-25T19:01:45.240071Z,25mbit,10mbit,800kbit,none,,,15040,15290,-28,0.181,7.236
2025-12-25T19:01:45.848859Z,25mbit,10mbit,800kbit,none,,,13440,14735,-619,0.196,7.438
2025-12-25T19:01:46.239181Z,25mbit,10mbit,800kbit,none,,,15040,14826,-553,0.181,6.636
2025-12-25T19:01:46.738521Z,10mbit,10mbit,800kbit,hard_throttle,emergency,urllc severe,13440,14410,-987,21.942,3.385
2025-12-25T19:01:47.238472Z,10mbit,10mbit,800kbit,hard_throttle,emergency,urllc severe,13040,13999,-1291,21.942,4.956
2025-12-25T19:01:47.738253Z,10mbit,10mbit,800kbit,bump_mmtc,reactive,loss,13840,13951,-783,21.938,7.974
2025-12-25T19:01:48.240695Z,10mbit,10mbit,800kbit,hard_throttle,emergency,urllc severe,15040,14278,-548,22.835,6.823
2025-12-25T19:01:48.738813Z,10mbit,10mbit,800kbit,hard_throttle,emergency,urllc severe,15440,14626,215,22.831,8.587
2025-12-25T19:01:49.238993Z,10mbit,10mbit,800kbit,hard_throttle,emergency,urllc severe,10720,13454,-544,22.833,9.368
2025-12-25T19:01:49.739216Z,10mbit,10mbit,800kbit,none,,,17360,14626,674,1.074,13.698
2025-12-25T19:01:50.238247Z,10mbit,10mbit,800kbit,none,,,13840,14390,112,1.074,12.830
2025-12-25T19:01:50.739160Z,10mbit,10mbit,800kbit,none,,,16672,15074,448,1.070,8.818
2025-12-25T19:01:51.239398Z,10mbit,10mbit,800kbit,none,,,14640,14944,1489,0.172,9.641
2025-12-25T19:01:51.738264Z,10mbit,10mbit,800kbit,hard_throttle,emergency,urllc severe,14672,14862,236,16.114,12.768
2025-12-25T19:01:52.241247Z,10mbit,10mbit,800kbit,hard_throttle,emergency,urllc severe,15040,14915,525,16.113,10.797
2025-12-25T19:01:52.739175Z,10mbit,10mbit,800kbit,hard_throttle,emergency,urllc severe,15040,14953,-121,16.122,11.774
2025-12-25T19:01:53.240093Z,10mbit,10mbit,800kbit,hard_throttle,emergency,urllc severe,13440,14499,-445,16.122,11.951
2025-12-25T19:01:53.738885Z,10mbit,10mbit,800kbit,hard_throttle,emergency,urllc severe,15872,14911,48,16.136,15.003
2025-12-25T19:01:54.239124Z,10mbit,10mbit,800kbit,bump_mmtc,reactive,loss,15040,14949,33,16.577,13.614
2025-12-25T19:01:54.738284Z,10mbit,10mbit,800kbit,none,,,13840,14616,-336,0.639,11.716
2025-12-25T19:01:55.239699Z,10mbit,10mbit,800kbit,none,,,13440,14263,-235,0.643,13.894
2025-12-25T19:01:55.738307Z,10mbit,10mbit,800kbit,bump_mmtc,reactive,loss,15040,14496,-414,0.641,9.641
2025-12-25T19:01:56.240183Z,10mbit,10mbit,800kbit,none,,,15440,14779,-170,1.369,9.709
2025-12-25T19:01:56.858359Z,10mbit,10mbit,800kbit,bump_mmtc,reactive,loss,15040,14857,240,0.944,12.178
2025-12-25T19:01:57.238272Z,10mbit,10mbit,800kbit,none,,,16272,15282,1018,0.944,13.716
2025-12-25T19:01:57.739150Z,10mbit,10mbit,800kbit,bump_mmtc,reactive,loss,13440,14729,232,0.939,7.663
2025-12-25T19:01:58.241220Z,10mbit,10mbit,800kbit,none,,,15040,14822,42,0.939,9.064
2025-12-25T19:01:58.838267Z,10mbit,10mbit,800kbit,bump_mmtc,reactive,loss,13440,14407,-449,0.937,10.012
2025-12-25T19:01:59.238880Z,10mbit,10mbit,800kbit,none,,,11440,13517,-1764,0.192,11.076
2025-12-25T19:01:59.739005Z,10mbit,10mbit,800kbit,none,,,15440,14094,-635,0.175,6.165
2025-12-25T19:02:00.240831Z,10mbit,10mbit,800kbit,none,,,15040,14377,-444,0.190,6.788
2025-12-25T19:02:00.739220Z,10mbit,10mbit,800kbit,none,,,15040,14576,168,0.191,8.514
2025-12-25T19:02:01.240173Z,10mbit,10mbit,800kbit,none,,,15440,14835,1318,0.961,7.828
2025-12-25T19:02:01.739013Z,10mbit,10mbit,800kbit,none,,,15440,15016,922,0.978,7.060
2025-12-25T19:02:02.239643Z,10mbit,10mbit,800kbit,none,,,15040,15023,645,0.984,6.256
2025-12-25T19:02:02.738741Z,10mbit,10mbit,800kbit,none,,,15040,15028,452,0.984,7.955
2025-12-25T19:02:03.240256Z,10mbit,10mbit,800kbit,none,,,14640,14912,76,0.984,8.069
2025-12-25T19:02:03.739038Z,10mbit,10mbit,800kbit,bump_mmtc,reactive,loss,15440,15070,53,0.984,6.310
2025-12-25T19:02:04.239897Z,10mbit,10mbit,800kbit,none,,,15040,15061,37,0.977,7.159
2025-12-25T19:02:04.739197Z,10mbit,10mbit,800kbit,none,,,13440,14574,-453,0.209,7.987
2025-12-25T19:02:05.239162Z,10mbit,10mbit,800kbit,none,,,8480,12746,-2165,0.190,6.997
2025-12-25T19:02:05.738910Z,10mbit,10mbit,800kbit,none,,,21600,15402,332,0.192,4.419
2025-12-25T19:02:06.239001Z,10mbit,10mbit,800kbit,none,,,15040,15293,232,0.240,7.914
2025-12-25T19:02:06.738432Z,10mbit,10mbit,800kbit,none,,,15840,15457,882,0.270,9.182
2025-12-25T19:02:07.240209Z,10mbit,10mbit,800kbit,none,,,15040,15332,2585,0.257,6.447
2025-12-25T19:02:07.738302Z,10mbit,10mbit,800kbit,bump_mmtc,reactive,loss,13440,14764,-637,0.264,5.509
2025-12-25T19:02:08.238286Z,10mbit,10mbit,800kbit,none,,,8480,12879,-2414,0.250,7.207
2025-12-25T19:02:08.738729Z,10mbit,10mbit,800kbit,none,,,21968,15605,148,0.182,7.985
2025-12-25T19:02:09.240017Z,10mbit,10mbit,800kbit,none,,,8480,13468,-1864,0.161,7.207
2025-12-25T19:02:09.738371Z,10mbit,10mbit,800kbit,none,,,22000,16027,1263,0.173,3.549
2025-12-25T19:02:10.240305Z,10mbit,10mbit,800kbit,none,,,14640,15611,2732,0.173,7.906
2025-12-25T19:02:10.738983Z,10mbit,10mbit,800kbit,bump_mmtc,reactive,loss,15040,15439,-165,0.197,9.258
2025-12-25T19:02:11.241098Z,10mbit,10mbit,800kbit,none,,,14640,15199,1731,0.204,5.468
2025-12-25T19:02:11.738756Z,10mbit,10mbit,800kbit,none,,,15040,15151,-875,0.215,5.069
2025-12-25T19:02:12.238419Z,10mbit,10mbit,800kbit,none,,,15040,15118,-492,0.212,6.977
2025-12-25T19:02:12.738982Z,10mbit,10mbit,800kbit,none,,,15040,15094,-345,1.532,7.288
2025-12-25T19:02:13.238423Z,10mbit,10mbit,800kbit,bump_mmtc,reactive,loss,14640,14958,-241,1.495,7.060
2025-12-25T19:02:13.739164Z,10mbit,10mbit,800kbit,none,,,15040,14982,-169,1.501,5.012
2025-12-25T19:02:14.239360Z,10mbit,10mbit,800kbit,none,,,8880,13152,-1966,1.848,7.148
2025-12-25T19:02:14.738318Z,10mbit,10mbit,800kbit,bump_mmtc,reactive,loss,22000,15806,711,1.845,5.825
2025-12-25T19:02:15.239156Z,10mbit,10mbit,800kbit,none,,,15040,15576,618,0.518,7.496
2025-12-25T19:02:15.738940Z,10mbit,10mbit,800kbit,none,,,15440,15535,552,1.870,7.995
2025-12-25T19:02:16.238314Z,10mbit,10mbit,800kbit,bump_mmtc,reactive,loss,13440,14906,1754,1.884,7.120
2025-12-25T19:02:16.738727Z,10mbit,10mbit,800kbit,bump_mmtc,reactive,loss,13440,14466,-1339,1.526,6.151
2025-12-25T19:02:17.238311Z,10mbit,10mbit,800kbit,none,,,15440,14758,-817,1.526,7.137
2025-12-25T19:02:17.738712Z,10mbit,10mbit,800kbit,none,,,15440,14963,-572,1.536,9.372
2025-12-25T19:02:18.238633Z,10mbit,10mbit,800kbit,none,,,15040,14986,79,1.535,7.688
2025-12-25T19:02:18.738754Z,10mbit,10mbit,800kbit,none,,,11840,14042,-424,1.535,5.460
2025-12-25T19:02:19.240335Z,10mbit,10mbit,800kbit,none,,,14640,14221,-537,1.535,8.155
2025-12-25T19:02:19.738762Z,10mbit,10mbit,800kbit,none,,,15040,14467,-495,0.195,7.714
2025-12-25T19:02:20.238672Z,10mbit,10mbit,800kbit,none,,,15040,14639,-347,0.181,8.230
2025-12-25T19:02:20.739097Z,10mbit,10mbit,800kbit,none,,,15440,14879,836,0.181,6.740
2025-12-25T19:02:21.240349Z,10mbit,10mbit,800kbit,none,,,15440,15047,825,0.181,7.544
2025-12-25T19:02:21.739205Z,10mbit,10mbit,800kbit,bump_mmtc,reactive,loss,15040,15045,578,0.180,6.947
2025-12-25T19:02:22.238664Z,10mbit,10mbit,800kbit,none,,,8880,13195,-1443,0.291,8.852
2025-12-25T19:02:22.739113Z,10mbit,10mbit,800kbit,none,,,19600,15116,237,0.318,7.424
2025-12-25T19:02:23.240405Z,10mbit,10mbit,800kbit,none,,,15840,15333,286,0.324,6.143
2025-12-25T19:02:23.738419Z,10mbit,10mbit,800kbit,bump_mmtc,reactive,loss,16272,15615,570,1.059,7.474
2025-12-25T19:02:24.240001Z,10mbit,10mbit,800kbit,none,,,13440,14962,1767,1.054,8.195
2025-12-25T19:02:24.738952Z,10mbit,10mbit,800kbit,bump_mmtc,reactive,loss,13840,14625,-491,0.945,6.529
2025-12-25T19:02:25.239114Z,10mbit,10mbit,800kbit,bump_mmtc,reactive,loss,11120,13574,-1759,0.926,5.928
2025-12-25T19:02:25.739078Z,10mbit,10mbit,800kbit,none,,,18112,14935,-679,0.941,7.831
2025-12-25T19:02:26.238256Z,10mbit,10mbit,800kbit,none,,,8480,12998,-1963,0.941,8.127
2025-12-25T19:02:26.838768Z,10mbit,10mbit,800kbit,none,,,21200,15459,833,0.203,4.483
2025-12-25T19:02:27.238636Z,10mbit,10mbit,800kbit,none,,,14640,15213,1639,0.195,7.022
2025-12-25T19:02:27.739121Z,10mbit,10mbit,800kbit,none,,,15440,15281,345,0.206,9.880
2025-12-25T19:02:28.239081Z,10mbit,10mbit,800kbit,none,,,11952,14282,1283,0.206,6.645
2025-12-25T19:02:28.739155Z,10mbit,10mbit,800kbit,bump_mmtc,reactive,loss,18128,15436,-22,0.214,5.214
2025-12-25T19:02:29.240207Z,10mbit,10mbit,800kbit,none,,,15040,15317,103,0.179,6.540
2025-12-25T19:02:29.738272Z,10mbit,10mbit,800kbit,none,,,15040,15234,-47,0.191,8.120
2025-12-25T19:02:30.239930Z,10mbit,10mbit,800kbit,none,,,15440,15295,1013,0.191,7.119
2025-12-25T19:02:30.739255Z,10mbit,10mbit,800kbit,none,,,13440,14739,-697,0.199,4.845
2025-12-25T19:02:31.239980Z,10mbit,10mbit,800kbit,none,,,15440,14949,-367,0.177,7.350
2025-12-25T19:02:31.738836Z,10mbit,10mbit,800kbit,none,,,15040,14976,-257,0.162,6.877
2025-12-25T19:02:32.239341Z,10mbit,10mbit,800kbit,none,,,8880,13147,-2148,0.162,7.466
2025-12-25T19:02:32.739073Z,10mbit,10mbit,800kbit,none,,,22000,15803,1064,0.174,3.330
2025-12-25T19:02:33.238947Z,10mbit,10mbit,800kbit,none,,,15440,15694,744,0.503,8.062
2025-12-25T19:02:33.738729Z,10mbit,10mbit,800kbit,bump_mmtc,reactive,loss,15040,15498,521,0.515,8.745
2025-12-25T19:02:34.238780Z,10mbit,10mbit,800kbit,none,,,14640,15240,2093,1.106,6.347
2025-12-25T19:02:34.738993Z,10mbit,10mbit,800kbit,none,,,15440,15300,-502,1.101,5.706
2025-12-25T19:02:35.240321Z,10mbit,10mbit,800kbit,none,,,15440,15342,-352,1.091,6.440
2025-12-25T19:02:35.738871Z,10mbit,10mbit,800kbit,none,,,15440,15371,-126,0.759,9.337
2025-12-25T19:02:36.240577Z,10mbit,10mbit,800kbit,none,,,15872,15521,281,0.759,7.607
2025-12-25T19:02:36.738868Z,10mbit,10mbit,800kbit,none,,,15440,15497,196,0.748,5.200
2025-12-25T19:02:37.239970Z,10mbit,10mbit,800kbit,none,,,13840,15000,-342,0.187,7.632
2025-12-25T19:02:37.738490Z,10mbit,10mbit,800kbit,none,,,15440,15132,-239,0.190,8.382
2025-12-25T19:02:38.238261Z,10mbit,10mbit,800kbit,none,,,13440,14624,-897,0.190,7.954
2025-12-25T19:02:38.739143Z,10mbit,10mbit,800kbit,none,,,15840,14989,-508,0.199,6.404
2025-12-25T19:02:39.240101Z,10mbit,10mbit,800kbit,none,,,15440,15124,124,0.240,7.683
2025-12-25T19:02:39.739196Z,10mbit,10mbit,800kbit,none,,,15440,15219,87,0.250,7.772
2025-12-25T19:02:40.238306Z,10mbit,10mbit,800kbit,none,,,14640,15045,420,0.225,7.834
2025-12-25T19:02:40.739200Z,10mbit,10mbit,800kbit,none,,,15840,15283,294,0.225,7.277
2025-12-25T19:02:41.239322Z,10mbit,10mbit,800kbit,none,,,12000,14298,-825,0.233,7.430
2025-12-25T19:02:41.738710Z,10mbit,10mbit,800kbit,none,,,17680,15313,93,0.233,7.714
2025-12-25T19:02:42.240086Z,10mbit,10mbit,800kbit,none,,,13440,14751,-294,0.189,7.589
2025-12-25T19:02:42.838506Z,10mbit,10mbit,800kbit,none,,,15440,14957,-325,0.175,7.598
2025-12-25T19:02:43.240392Z,10mbit,10mbit,800kbit,none,,,15040,14982,683,0.181,6.307
2025-12-25T19:02:43.838453Z,10mbit,10mbit,800kbit,none,,,15040,14999,-313,0.163,7.359
2025-12-25T19:02:44.238673Z,10mbit,10mbit,800kbit,none,,,9312,13293,-1457,0.163,7.392
2025-12-25T19:02:44.828681Z,10mbit,10mbit,800kbit,none,,,21600,15785,827,0.163,5.388
2025-12-25T19:02:45.239247Z,10mbit,10mbit,800kbit,none,,,15040,15561,579,0.163,7.622
2025-12-25T19:02:45.738373Z,10mbit,10mbit,800kbit,none,,,15040,15405,405,0.163,8.279
2025-12-25T19:02:46.239011Z,10mbit,10mbit,800kbit,none,,,15440,15415,2122,0.163,6.535
2025-12-25T19:02:46.738770Z,10mbit,10mbit,800kbit,none,,,13440,14822,-962,0.167,5.127
2025-12-25T19:02:47.240306Z,10mbit,10mbit,800kbit,none,,,15840,15128,-433,0.167,6.722
2025-12-25T19:02:47.738799Z,10mbit,10mbit,800kbit,none,,,15040,15101,-303,0.168,7.376
2025-12-25T19:02:48.239037Z,10mbit,10mbit,800kbit,none,,,15440,15203,-212,0.164,7.676
2025-12-25T19:02:48.738842Z,10mbit,10mbit,800kbit,none,,,15440,15274,451,0.164,4.657
2025-12-25T19:02:49.240140Z,10mbit,10mbit,800kbit,none,,,13840,14843,-284,0.164,8.115
2025-12-25T19:02:49.818887Z,10mbit,10mbit,800kbit,none,,,14272,14672,-429,0.210,7.028
2025-12-25T19:02:50.240301Z,10mbit,10mbit,800kbit,none,,,13440,14302,-900,0.210,6.821
2025-12-25T19:02:50.808663Z,10mbit,10mbit,800kbit,none,,,13440,14043,-1230,0.219,6.305
2025-12-25T19:02:51.240247Z,10mbit,10mbit,800kbit,none,,,15440,14462,-381,0.216,6.901
2025-12-25T19:02:51.739230Z,10mbit,10mbit,800kbit,bump_mmtc,reactive,loss,16272,15005,333,0.227,6.673
2025-12-25T19:02:52.240167Z,10mbit,10mbit,800kbit,none,,,8880,13167,-1134,0.218,6.922
2025-12-25T19:02:52.739176Z,10mbit,10mbit,800kbit,none,,,21600,15697,1653,0.176,5.245
2025-12-25T19:02:53.238462Z,10mbit,10mbit,800kbit,none,,,15440,15620,1157,0.176,6.933
2025-12-25T19:02:53.739071Z,10mbit,10mbit,800kbit,none,,,13840,15086,80,1.568,8.612
2025-12-25T19:02:54.238586Z,10mbit,10mbit,800kbit,bump_mmtc,reactive,loss,13040,14472,1304,1.554,6.109
2025-12-25T19:02:54.739360Z,10mbit,10mbit,800kbit,none,,,13440,14162,-1534,1.570,5.079
2025-12-25T19:02:55.238810Z,10mbit,10mbit,800kbit,bump_mmtc,reactive,loss,15472,14555,-1064,1.561,5.860
2025-12-25T19:02:55.838829Z,10mbit,10mbit,800kbit,none,,,15440,14820,-265,1.583,8.251
2025-12-25T19:02:56.240375Z,10mbit,10mbit,800kbit,none,,,14640,14766,294,1.583,7.241
2025-12-25T19:02:56.738335Z,10mbit,10mbit,800kbit,none,,,13840,14488,325,0.206,4.778
2025-12-25T19:02:57.238394Z,10mbit,10mbit,800kbit,none,,,15440,14774,218,0.209,7.424
2025-12-25T19:02:57.738348Z,10mbit,10mbit,800kbit,none,,,15840,15093,273,0.207,7.732
2025-12-25T19:02:58.239139Z,10mbit,10mbit,800kbit,none,,,6880,12629,-2136,0.204,7.221
2025-12-25T19:02:58.738722Z,10mbit,10mbit,800kbit,none,,,20000,14840,352,0.182,4.483
2025-12-25T19:02:59.240360Z,10mbit,10mbit,800kbit,bump_mmtc,reactive,loss,16272,15270,496,0.218,7.875
2025-12-25T19:02:59.738733Z,10mbit,10mbit,800kbit,none,,,15040,15201,107,0.231,8.607
2025-12-25T19:03:00.238500Z,10mbit,10mbit,800kbit,none,,,14272,14922,2292,0.220,7.022
2025-12-25T19:03:00.738799Z,10mbit,10mbit,800kbit,none,,,11840,13997,-843,0.220,5.261
2025-12-25T19:03:01.239176Z,10mbit,10mbit,800kbit,none,,,13440,13830,-1439,0.220,5.910
2025-12-25T19:03:01.738423Z,10mbit,10mbit,800kbit,none,,,15872,14442,-758,0.226,7.361
2025-12-25T19:03:02.239262Z,10mbit,10mbit,800kbit,none,,,15040,14621,-300,0.226,7.443
2025-12-25T19:03:02.738364Z,10mbit,10mbit,800kbit,none,,,13440,14267,269,0.233,4.810
2025-12-25T19:03:03.240521Z,10mbit,10mbit,800kbit,none,,,8080,12411,-1419,0.206,6.102
2025-12-25T19:03:03.738755Z,10mbit,10mbit,800kbit,none,,,21600,15167,724,0.194,4.406
2025-12-25T19:03:04.238707Z,10mbit,10mbit,800kbit,none,,,15040,15129,507,0.193,7.505
2025-12-25T19:03:04.739008Z,10mbit,10mbit,800kbit,bump_mmtc,reactive,loss,15440,15222,955,0.388,7.815
2025-12-25T19:03:05.240150Z,10mbit,10mbit,800kbit,none,,,13760,14783,2372,0.376,5.795
2025-12-25T19:03:05.738749Z,10mbit,10mbit,800kbit,none,,,16720,15364,196,0.358,4.144
2025-12-25T19:03:06.240311Z,10mbit,10mbit,800kbit,none,,,15440,15387,257,0.361,6.506
2025-12-25T19:03:06.738711Z,10mbit,10mbit,800kbit,none,,,15040,15283,60,0.373,9.648
2025-12-25T19:03:07.240379Z,10mbit,10mbit,800kbit,none,,,15840,15450,666,0.173,6.186
2025-12-25T19:03:07.738377Z,10mbit,10mbit,800kbit,none,,,15440,15447,82,0.181,4.208
2025-12-25T19:03:08.239739Z,10mbit,10mbit,800kbit,none,,,15040,15324,-62,0.170,7.734
2025-12-25T19:03:08.739230Z,10mbit,10mbit,800kbit,none,,,15840,15479,196,0.166,8.308
2025-12-25T19:03:09.240099Z,10mbit,10mbit,800kbit,none,,,14640,15227,-222,0.161,6.606
2025-12-25T19:03:09.738374Z,10mbit,10mbit,800kbit,none,,,15440,15291,-155,0.160,5.701
2025-12-25T19:03:10.238270Z,10mbit,10mbit,800kbit,none,,,8880,13367,-1957,0.155,8.680
2025-12-25T19:03:10.739241Z,10mbit,10mbit,800kbit,none,,,22000,15957,478,0.172,5.923
2025-12-25T19:03:11.240980Z,10mbit,10mbit,800kbit,none,,,13360,15178,-49,0.162,7.145
2025-12-25T19:03:11.738724Z,10mbit,10mbit,800kbit,none,,,16672,15626,335,0.166,9.123
2025-12-25T19:03:12.240268Z,10mbit,10mbit,800kbit,none,,,15440,15570,2202,0.162,6.622
2025-12-25T19:03:12.738411Z,10mbit,10mbit,800kbit,none,,,15440,15531,-426,0.176,5.639
2025-12-25T19:03:13.240142Z,10mbit,10mbit,800kbit,none,,,13040,14783,-394,0.168,6.955
2025-12-25T19:03:13.738770Z,10mbit,10mbit,800kbit,none,,,13840,14500,-1125,0.170,8.251
2025-12-25T19:03:14.243403Z,10mbit,10mbit,800kbit,none,,,13760,14278,-1291,0.170,6.544
2025-12-25T19:03:14.738761Z,10mbit,10mbit,800kbit,none,,,13504,14046,-1485,0.175,5.102
2025-12-25T19:03:15.238689Z,10mbit,10mbit,800kbit,none,,,13840,13984,-799,0.186,8.140
2025-12-25T19:03:15.738400Z,25mbit,10mbit,800kbit,bump_mmtc,reactive,loss,15040,14301,-199,3.658,5.671
2025-12-25T19:03:16.238412Z,25mbit,10mbit,800kbit,mid_throttle,reactive,urllc warn,14640,14402,124,3.656,5.976
2025-12-25T19:03:16.739048Z,25mbit,10mbit,800kbit,bump_mmtc,reactive,loss,15040,14593,547,3.671,6.698
2025-12-25T19:03:17.240340Z,25mbit,10mbit,800kbit,bump_mmtc,reactive,loss,15440,14847,863,3.654,9.680
2025-12-25T19:03:17.738418Z,25mbit,10mbit,800kbit,mid_throttle,reactive,urllc warn,15840,15145,844,3.662,6.783
2025-12-25T19:03:18.238850Z,25mbit,10mbit,800kbit,none,,,15440,15233,831,0.179,7.359
2025-12-25T19:03:18.838301Z,25mbit,10mbit,800kbit,none,,,15840,15415,821,0.188,9.554
2025-12-25T19:03:19.240521Z,25mbit,10mbit,800kbit,none,,,14640,15182,335,0.835,8.054
2025-12-25T19:03:19.739131Z,25mbit,10mbit,800kbit,none,,,15840,15380,234,0.852,7.335
2025-12-25T19:03:20.239932Z,25mbit,10mbit,800kbit,none,,,15840,15518,284,0.852,7.813
2025-12-25T19:03:20.738735Z,25mbit,10mbit,800kbit,none,,,15440,15494,78,0.845,9.576
2025-12-25T19:03:21.238681Z,25mbit,10mbit,800kbit,none,,,13840,14998,-184,0.840,7.711
2025-12-25T19:03:21.848914Z,25mbit,10mbit,800kbit,none,,,15440,15130,-249,0.837,7.778
2025-12-25T19:03:22.239324Z,25mbit,10mbit,800kbit,none,,,15040,15103,-414,0.837,8.033
2025-12-25T19:03:22.738253Z,25mbit,10mbit,800kbit,none,,,15440,15204,-290,0.837,8.917
2025-12-25T19:03:23.238759Z,25mbit,10mbit,800kbit,none,,,8880,13307,-1691,0.837,8.292
2025-12-25T19:03:23.738899Z,25mbit,10mbit,800kbit,none,,,18400,14834,-295,0.194,6.417
2025-12-25T19:03:24.239160Z,25mbit,10mbit,800kbit,none,,,8480,12928,-2175,0.179,7.398
2025-12-25T19:03:24.738995Z,25mbit,10mbit,800kbit,none,,,19600,14929,-274,0.190,9.056
2025-12-25T19:03:25.239926Z,25mbit,10mbit,800kbit,none,,,15040,14962,1655,0.190,6.921
2025-12-25T19:03:25.828816Z,25mbit,10mbit,800kbit,none,,,15440,15106,271,0.191,6.851
2025-12-25T19:03:26.241287Z,25mbit,10mbit,800kbit,none,,,15440,15206,2277,0.191,6.265
2025-12-25T19:03:26.738386Z,25mbit,10mbit,800kbit,none,,,13440,14676,-253,0.187,7.712
2025-12-25T19:03:27.238579Z,25mbit,10mbit,800kbit,none,,,15440,14905,-57,0.187,6.961
2025-12-25T19:03:27.739198Z,25mbit,10mbit,800kbit,none,,,13840,14585,-520,0.187,5.875
2025-12-25T19:03:28.238860Z,25mbit,10mbit,800kbit,none,,,16672,15211,5,0.187,7.271
2025-12-25T19:03:28.739115Z,25mbit,10mbit,800kbit,none,,,15440,15280,603,0.177,6.015
2025-12-25T19:03:29.240128Z,25mbit,10mbit,800kbit,none,,,15040,15208,302,0.177,7.681
2025-12-25T19:03:29.738999Z,25mbit,10mbit,800kbit,none,,,15440,15277,691,0.177,5.817
2025-12-25T19:03:30.238968Z,25mbit,10mbit,800kbit,bump_mmtc,reactive,loss,13440,14726,-485,0.178,7.442
2025-12-25T19:03:30.738836Z,25mbit,10mbit,800kbit,bump_mmtc,reactive,loss,13840,14460,-819,0.171,6.689
2025-12-25T19:03:31.239401Z,25mbit,10mbit,800kbit,none,,,15040,14634,-573,0.160,6.878
2025-12-25T19:03:31.738992Z,25mbit,10mbit,800kbit,none,,,15040,14756,-521,0.160,6.831
2025-12-25T19:03:32.240462Z,25mbit,10mbit,800kbit,none,,,13440,14361,-365,0.204,6.507
2025-12-25T19:03:32.738868Z,25mbit,10mbit,800kbit,none,,,15440,14684,224,1.476,7.047
2025-12-25T19:03:33.239692Z,25mbit,10mbit,800kbit,none,,,15040,14791,157,1.476,6.416
2025-12-25T19:03:33.827921Z,25mbit,10mbit,800kbit,bump_mmtc,reactive,loss,13840,14505,-250,1.477,7.398
2025-12-25T19:03:34.240258Z,25mbit,10mbit,800kbit,none,,,15040,14666,304,1.477,7.462
2025-12-25T19:03:34.738852Z,25mbit,10mbit,800kbit,none,,,13840,14418,-266,1.477,7.140
2025-12-25T19:03:35.238700Z,25mbit,10mbit,800kbit,none,,,13440,14124,-666,1.477,6.500
2025-12-25T19:03:35.738769Z,25mbit,10mbit,800kbit,none,,,15040,14399,-106,1.477,7.353
2025-12-25T19:03:36.238360Z,25mbit,10mbit,800kbit,none,,,15440,14711,45,1.477,7.880
2025-12-25T19:03:36.738957Z,25mbit,10mbit,800kbit,none,,,15440,14930,511,1.494,6.695
2025-12-25T19:03:37.241262Z,25mbit,10mbit,800kbit,none,,,15040,14963,838,1.494,7.253
2025-12-25T19:03:37.738815Z,25mbit,10mbit,800kbit,none,,,15440,15106,706,1.506,8.353
2025-12-25T19:03:38.238933Z,25mbit,10mbit,800kbit,bump_mmtc,reactive,loss,13440,14606,-105,1.465,7.441
2025-12-25T19:03:38.739203Z,25mbit,10mbit,800kbit,bump_mmtc,reactive,loss,13440,14256,-673,0.189,8.278
2025-12-25T19:03:39.241317Z,25mbit,10mbit,800kbit,none,,,13440,14011,-951,0.189,7.887
2025-12-25T19:03:39.739187Z,25mbit,10mbit,800kbit,none,,,15040,14320,-786,0.196,6.859
2025-12-25T19:03:40.240336Z,25mbit,10mbit,800kbit,none,,,15440,14656,49,0.182,6.722
2025-12-25T19:03:40.838826Z,25mbit,10mbit,800kbit,bump_mmtc,reactive,loss,15440,14891,634,0.181,7.586
2025-12-25T19:03:41.240109Z,25mbit,10mbit,800kbit,none,,,15040,14935,924,0.181,7.899
2025-12-25T19:03:41.738850Z,25mbit,10mbit,800kbit,none,,,13840,14607,287,0.187,6.757
2025-12-25T19:03:42.238694Z,25mbit,10mbit,800kbit,none,,,9312,13018,-1637,0.187,7.196
2025-12-25T19:03:42.739237Z,25mbit,10mbit,800kbit,none,,,18000,14512,-378,0.198,6.505
2025-12-25T19:03:43.239658Z,25mbit,10mbit,800kbit,none,,,15040,14671,-264,0.189,7.572
2025-12-25T19:03:43.738363Z,25mbit,10mbit,800kbit,none,,,15440,14901,294,0.190,7.705
2025-12-25T19:03:44.238336Z,25mbit,10mbit,800kbit,none,,,16672,15432,2414,0.368,5.001
2025-12-25T19:03:44.738434Z,25mbit,10mbit,800kbit,none,,,13440,14834,321,0.360,5.847
2025-12-25T19:03:45.238303Z,25mbit,10mbit,800kbit,none,,,8912,13058,-1613,0.341,7.037
2025-12-25T19:03:45.739231Z,25mbit,10mbit,800kbit,none,,,22000,15740,838,0.346,5.572
2025-12-25T19:03:46.238531Z,25mbit,10mbit,800kbit,none,,,15040,15530,97,0.590,6.688
2025-12-25T19:03:46.738304Z,25mbit,10mbit,800kbit,none,,,15872,15632,797,0.410,6.438
2025-12-25T19:03:47.238679Z,25mbit,10mbit,800kbit,none,,,15040,15455,2396,0.413,6.321
2025-12-25T19:03:47.738242Z,25mbit,10mbit,800kbit,bump_mmtc,reactive,loss,15040,15330,-410,0.426,5.234
2025-12-25T19:03:48.238920Z,25mbit,10mbit,800kbit,bump_mmtc,reactive,loss,13440,14763,-767,0.423,5.762
2025-12-25T19:03:48.739217Z,25mbit,10mbit,800kbit,none,,,15040,14846,-786,0.183,7.778
2025-12-25T19:03:49.238757Z,25mbit,10mbit,800kbit,none,,,11120,13728,-1726,0.183,7.536
2025-12-25T19:03:49.739063Z,25mbit,10mbit,800kbit,none,,,18912,15283,-47,0.211,3.657
2025-12-25T19:03:50.239580Z,25mbit,10mbit,800kbit,none,,,16672,15700,936,0.211,7.017
2025-12-25T19:03:50.738850Z,25mbit,10mbit,800kbit,none,,,14272,15271,425,0.214,9.137
2025-12-25T19:03:51.239019Z,25mbit,10mbit,800kbit,none,,,15440,15322,1593,0.214,6.750
2025-12-25T19:03:51.738430Z,25mbit,10mbit,800kbit,none,,,16336,15626,342,0.223,5.379
2025-12-25T19:03:52.240407Z,25mbit,10mbit,800kbit,bump_mmtc,reactive,loss,15040,15450,-249,0.224,8.134
2025-12-25T19:03:52.739104Z,25mbit,10mbit,800kbit,none,,,15872,15576,305,0.228,8.230
2025-12-25T19:03:53.238876Z,25mbit,10mbit,800kbit,bump_mmtc,reactive,loss,15440,15535,213,0.191,8.036
2025-12-25T19:03:53.739148Z,25mbit,10mbit,800kbit,none,,,16272,15756,130,0.185,5.547
2025-12-25T19:03:54.238237Z,25mbit,10mbit,800kbit,bump_mmtc,reactive,loss,15040,15541,91,0.173,7.446
2025-12-25T19:03:54.738769Z,25mbit,10mbit,800kbit,none,,,13840,15031,-545,0.183,8.545
2025-12-25T19:03:55.238362Z,25mbit,10mbit,800kbit,none,,,15440,15153,-382,0.166,6.864
2025-12-25T19:03:55.738710Z,25mbit,10mbit,800kbit,none,,,15840,15359,-397,0.169,6.328
2025-12-25T19:03:56.238609Z,25mbit,10mbit,800kbit,none,,,8880,13415,-2125,0.163,8.435
2025-12-25T19:03:56.738747Z,25mbit,10mbit,800kbit,bump_mmtc,reactive,loss,22000,15991,959,0.175,6.170
2025-12-25T19:03:57.238970Z,25mbit,10mbit,800kbit,none,,,14640,15585,431,0.157,7.033
2025-12-25T19:03:57.738993Z,25mbit,10mbit,800kbit,none,,,13440,14942,-417,0.157,8.643
2025-12-25T19:03:58.238397Z,25mbit,10mbit,800kbit,none,,,13440,14491,1075,0.157,6.674
2025-12-25T19:03:58.738965Z,25mbit,10mbit,800kbit,none,,,16272,15025,-965,0.157,5.164
2025-12-25T19:03:59.239365Z,25mbit,10mbit,800kbit,none,,,13840,14669,-915,0.157,6.239
2025-12-25T19:03:59.739122Z,25mbit,10mbit,800kbit,none,,,15040,14780,-161,0.177,8.716
2025-12-25T19:04:00.239822Z,25mbit,10mbit,800kbit,none,,,11120,13682,-808,0.178,7.003
2025-12-25T19:04:00.739145Z,25mbit,10mbit,800kbit,none,,,18960,15265,240,0.188,4.362
2025-12-25T19:04:01.239119Z,25mbit,10mbit,800kbit,none,,,16272,15567,897,0.167,7.211
2025-12-25T19:04:01.738411Z,25mbit,10mbit,800kbit,none,,,15440,15529,748,0.187,8.610
2025-12-25T19:04:02.238416Z,25mbit,10mbit,800kbit,bump_mmtc,reactive,loss,6880,12934,-748,0.188,6.292
2025-12-25T19:04:02.739110Z,25mbit,10mbit,800kbit,none,,,21200,15414,148,0.188,3.334
2025-12-25T19:04:03.238900Z,25mbit,10mbit,800kbit,none,,,15840,15541,-25,0.189,8.493
2025-12-25T19:04:03.739201Z,25mbit,10mbit,800kbit,none,,,15040,15391,-138,0.210,9.319
2025-12-25T19:04:04.240502Z,25mbit,10mbit,800kbit,bump_mmtc,reactive,loss,15440,15405,2471,0.194,5.796
2025-12-25T19:04:04.828936Z,25mbit,10mbit,800kbit,none,,,15040,15296,-118,0.194,4.381
2025-12-25T19:04:05.239331Z,25mbit,10mbit,800kbit,none,,,8880,13371,-2170,0.181,6.937
2025-12-25T19:04:05.738868Z,25mbit,10mbit,800kbit,bump_mmtc,reactive,loss,20000,15359,-31,0.186,7.623
2025-12-25T19:04:06.238704Z,25mbit,10mbit,800kbit,none,,,15040,15263,-142,0.186,7.259
2025-12-25T19:04:06.738327Z,25mbit,10mbit,800kbit,none,,,15040,15196,-99,0.563,5.066
2025-12-25T19:04:07.238717Z,25mbit,10mbit,800kbit,none,,,15440,15269,1898,0.546,6.485
2025-12-25T19:04:07.839144Z,25mbit,10mbit,800kbit,none,,,14672,15090,-269,0.546,6.739
2025-12-25T19:04:08.240100Z,25mbit,10mbit,800kbit,none,,,14640,14955,-308,0.546,6.354
2025-12-25T19:04:08.738262Z,25mbit,10mbit,800kbit,none,,,15440,15100,-96,0.542,7.191
2025-12-25T19:04:09.240300Z,25mbit,10mbit,800kbit,none,,,11120,13906,-1363,0.552,8.283
2025-12-25T19:04:09.739211Z,25mbit,10mbit,800kbit,none,,,17360,14942,-147,0.558,5.149
2025-12-25T19:04:10.238891Z,25mbit,10mbit,800kbit,none,,,6880,12523,-2431,0.558,6.858
2025-12-25T19:04:10.738293Z,25mbit,10mbit,800kbit,none,,,21600,15246,145,0.187,6.994
2025-12-25T19:04:11.238275Z,25mbit,10mbit,800kbit,none,,,15440,15304,1398,0.180,6.310
2025-12-25T19:04:11.739049Z,25mbit,10mbit,800kbit,none,,,13440,14745,-197,0.204,7.909
2025-12-25T19:04:12.240092Z,25mbit,10mbit,800kbit,none,,,15840,15073,2549,0.204,5.546
2025-12-25T19:04:12.738917Z,25mbit,10mbit,800kbit,none,,,13840,14703,-543,0.219,5.234
2025-12-25T19:04:13.238564Z,25mbit,10mbit,800kbit,none,,,15040,14804,-500,0.325,7.419
2025-12-25T19:04:13.738276Z,25mbit,10mbit,800kbit,bump_mmtc,reactive,loss,15840,15115,369,0.314,7.084
2025-12-25T19:04:14.239827Z,25mbit,10mbit,800kbit,none,,,12800,14420,-653,0.322,6.439
2025-12-25T19:04:14.739180Z,25mbit,10mbit,800kbit,bump_mmtc,reactive,loss,15232,14664,-39,0.313,4.613
2025-12-25T19:04:15.239059Z,25mbit,10mbit,800kbit,none,,,15040,14776,-27,0.285,7.312
2025-12-25T19:04:15.739161Z,25mbit,10mbit,800kbit,none,,,13840,14495,-619,1.487,7.057
2025-12-25T19:04:16.240255Z,25mbit,10mbit,800kbit,none,,,14640,14539,118,1.481,5.964
2025-12-25T19:04:16.739207Z,25mbit,10mbit,800kbit,none,,,13440,14209,-454,1.497,6.250
2025-12-25T19:04:17.239959Z,25mbit,10mbit,800kbit,none,,,15040,14458,-318,1.486,8.052
2025-12-25T19:04:17.738436Z,25mbit,10mbit,800kbit,bump_mmtc,reactive,loss,15440,14752,257,1.498,6.665
2025-12-25T19:04:18.238688Z,25mbit,10mbit,800kbit,none,,,15040,14839,300,0.165,7.483
2025-12-25T19:04:18.738741Z,25mbit,10mbit,800kbit,none,,,15040,14899,690,0.388,7.426
2025-12-25T19:04:19.238283Z,25mbit,10mbit,800kbit,bump_mmtc,reactive,loss,15040,14941,483,0.360,6.750
2025-12-25T19:04:19.738763Z,25mbit,10mbit,800kbit,none,,,15840,15211,458,0.368,7.144
2025-12-25T19:04:20.240031Z,25mbit,10mbit,800kbit,none,,,15440,15279,440,0.357,7.597
2025-12-25T19:04:20.738744Z,25mbit,10mbit,800kbit,none,,,15840,15447,548,0.382,7.921
2025-12-25T19:04:21.238282Z,25mbit,10mbit,800kbit,none,,,11120,14149,-792,0.175,6.855
2025-12-25T19:04:21.738326Z,25mbit,10mbit,800kbit,none,,,18560,15472,261,0.206,7.254
2025-12-25T19:04:22.239388Z,25mbit,10mbit,800kbit,none,,,15440,15462,183,0.200,7.281
2025-12-25T19:04:22.738858Z,25mbit,10mbit,800kbit,none,,,15440,15455,8,0.212,8.217
2025-12-25T19:04:23.239427Z,25mbit,10mbit,800kbit,none,,,15040,15331,1181,0.200,6.953
2025-12-25T19:04:23.738969Z,25mbit,10mbit,800kbit,none,,,15840,15483,11,0.211,7.166
2025-12-25T19:04:24.240343Z,25mbit,10mbit,800kbit,none,,,15040,15350,-112,0.211,6.902
2025-12-25T19:04:24.738800Z,25mbit,10mbit,800kbit,bump_mmtc,reactive,loss,15040,15257,-198,0.192,7.960
2025-12-25T19:04:25.240428Z,25mbit,10mbit,800kbit,none,,,15440,15312,-18,0.184,7.691
2025-12-25T19:04:25.738392Z,25mbit,10mbit,800kbit,none,,,15440,15350,-133,0.172,6.711
2025-12-25T19:04:26.238812Z,25mbit,10mbit,800kbit,none,,,15440,15377,26,0.173,6.925
2025-12-25T19:04:26.738759Z,25mbit,10mbit,800kbit,none,,,15440,15396,138,0.154,7.375
2025-12-25T19:04:27.240289Z,25mbit,10mbit,800kbit,none,,,15040,15289,-22,0.867,8.024
2025-12-25T19:04:27.738997Z,25mbit,10mbit,800kbit,none,,,15440,15334,-16,0.878,6.629
2025-12-25T19:04:28.238383Z,25mbit,10mbit,800kbit,none,,,15440,15366,-11,0.875,7.453
2025-12-25T19:04:28.739151Z,25mbit,10mbit,800kbit,none,,,15440,15388,-7,1.483,7.584
2025-12-25T19:04:29.238757Z,25mbit,10mbit,800kbit,none,,,15440,15403,114,1.533,7.506
2025-12-25T19:04:29.738998Z,25mbit,10mbit,800kbit,none,,,13840,14934,-399,0.945,7.330
2025-12-25T19:04:30.238636Z,25mbit,10mbit,800kbit,none,,,15440,15086,-279,0.945,7.800
2025-12-25T19:04:30.739224Z,25mbit,10mbit,800kbit,none,,,15040,15072,-315,0.947,7.418
2025-12-25T19:04:31.238726Z,25mbit,10mbit,800kbit,none,,,15840,15302,-101,0.950,7.857
2025-12-25T19:04:31.738248Z,25mbit,10mbit,800kbit,none,,,15440,15343,409,0.950,7.574
2025-12-25T19:04:32.240231Z,25mbit,10mbit,800kbit,none,,,15440,15372,286,0.343,8.044
2025-12-25T19:04:32.739042Z,25mbit,10mbit,800kbit,none,,,15840,15512,440,0.310,7.499
2025-12-25T19:04:33.238828Z,25mbit,10mbit,800kbit,none,,,13440,14891,-411,0.310,7.977
2025-12-25T19:04:33.741033Z,25mbit,10mbit,800kbit,none,,,16272,15305,-38,0.192,8.290
2025-12-25T19:04:34.240225Z,25mbit,10mbit,800kbit,none,,,11840,14265,-1106,0.192,7.553
2025-12-25T19:04:34.738290Z,25mbit,10mbit,800kbit,none,,,15440,14618,-894,0.189,7.848
2025-12-25T19:04:35.239114Z,25mbit,10mbit,800kbit,none,,,8080,12656,-2234,0.302,6.950
2025-12-25T19:04:35.739138Z,25mbit,10mbit,800kbit,none,,,22000,15459,154,0.306,6.242
2025-12-25T19:04:36.238644Z,25mbit,10mbit,800kbit,bump_mmtc,reactive,loss,13440,14853,588,0.341,7.261
2025-12-25T19:04:36.738931Z,25mbit,10mbit,800kbit,bump_mmtc,reactive,loss,13440,14429,-188,0.342,9.569
2025-12-25T19:04:37.238280Z,25mbit,10mbit,800kbit,none,,,8480,12644,-11,0.342,6.007
2025-12-25T19:04:37.739021Z,25mbit,10mbit,800kbit,none,,,20400,14971,-488,0.345,3.213
2025-12-25T19:04:38.238846Z,25mbit,10mbit,800kbit,none,,,13840,14631,-221,0.229,7.620
2025-12-25T19:04:38.739116Z,25mbit,10mbit,800kbit,none,,,11840,13794,-635,0.226,9.416
2025-12-25T19:04:39.240167Z,25mbit,10mbit,800kbit,none,,,14640,14048,1403,0.226,5.442
2025-12-25T19:04:39.738357Z,25mbit,10mbit,800kbit,bump_mmtc,reactive,loss,13840,13985,-985,0.181,3.699
2025-12-25T19:04:40.239896Z,25mbit,10mbit,800kbit,none,,,8480,12333,-2297,0.170,7.426
2025-12-25T19:04:40.738726Z,10mbit,10mbit,800kbit,hard_throttle,emergency,urllc severe,19600,14513,719,5.612,6.865
2025-12-25T19:04:41.240898Z,10mbit,10mbit,800kbit,hard_throttle,emergency,urllc severe,15040,14671,623,5.612,5.539
2025-12-25T19:04:41.738299Z,10mbit,10mbit,800kbit,hard_throttle,emergency,urllc severe,15440,14902,916,5.622,3.036
2025-12-25T19:04:42.239475Z,10mbit,10mbit,800kbit,hard_throttle,emergency,urllc severe,15440,15063,2729,5.622,9.091
2025-12-25T19:04:42.738730Z,10mbit,10mbit,800kbit,bump_mmtc,reactive,loss,13440,14576,62,5.618,8.199
2025-12-25T19:04:43.238699Z,10mbit,10mbit,800kbit,hard_throttle,emergency,urllc severe,15040,14715,43,5.619,5.859
2025-12-25T19:04:43.738240Z,10mbit,10mbit,800kbit,none,,,13440,14332,-569,0.175,7.987
2025-12-25T19:04:44.239464Z,10mbit,10mbit,800kbit,none,,,15840,14785,-278,0.155,10.898
2025-12-25T19:04:44.738875Z,10mbit,10mbit,800kbit,none,,,15440,14981,405,0.173,6.540
2025-12-25T19:04:45.240089Z,10mbit,10mbit,800kbit,none,,,13440,14519,-196,0.173,8.346
2025-12-25T19:04:45.739066Z,10mbit,10mbit,800kbit,bump_mmtc,reactive,loss,15040,14675,342,0.171,9.019
2025-12-25T19:04:46.238528Z,10mbit,10mbit,800kbit,none,,,15040,14784,0,0.578,8.774
2025-12-25T19:04:46.739126Z,10mbit,10mbit,800kbit,none,,,15440,14981,0,0.593,7.230
2025-12-25T19:04:47.239979Z,10mbit,10mbit,800kbit,none,,,15440,15118,599,0.735,8.453
2025-12-25T19:04:47.738972Z,10mbit,10mbit,800kbit,none,,,15440,15215,539,0.716,8.820
2025-12-25T19:04:48.239310Z,10mbit,10mbit,800kbit,none,,,13760,14778,-6,0.716,7.706
2025-12-25T19:04:48.739284Z,10mbit,10mbit,800kbit,bump_mmtc,reactive,loss,17552,15610,629,0.716,7.103
2025-12-25T19:04:49.240399Z,10mbit,10mbit,800kbit,none,,,8480,13471,-1647,0.716,7.474
2025-12-25T19:04:49.738279Z,10mbit,10mbit,800kbit,none,,,22000,16030,814,0.318,6.770
2025-12-25T19:04:50.240103Z,10mbit,10mbit,800kbit,none,,,13840,15373,594,0.318,7.404
2025-12-25T19:04:50.738887Z,10mbit,10mbit,800kbit,none,,,16272,15642,32,0.306,9.296
2025-12-25T19:04:51.240579Z,10mbit,10mbit,800kbit,none,,,15440,15581,2110,0.177,6.051
2025-12-25T19:04:51.739012Z,10mbit,10mbit,800kbit,none,,,15040,15419,-610,0.177,6.162
2025-12-25T19:04:52.238290Z,10mbit,10mbit,800kbit,none,,,15840,15545,172,0.176,6.678
2025-12-25T19:04:52.738419Z,10mbit,10mbit,800kbit,bump_mmtc,reactive,loss,13440,14913,-728,0.163,7.228
2025-12-25T19:04:53.238696Z,10mbit,10mbit,800kbit,none,,,6880,12503,-3078,0.161,7.542
2025-12-25T19:04:53.738806Z,10mbit,10mbit,800kbit,none,,,20800,14992,-426,0.163,3.072
2025-12-25T19:04:54.239109Z,10mbit,10mbit,800kbit,none,,,15040,15006,-538,0.163,7.461
2025-12-25T19:04:54.738966Z,10mbit,10mbit,800kbit,none,,,15440,15136,222,0.163,8.063
2025-12-25T19:04:55.238663Z,10mbit,10mbit,800kbit,none,,,8880,13259,756,0.166,6.806
2025-12-25T19:04:55.823317Z,10mbit,10mbit,800kbit,none,,,21200,15641,649,0.171,4.193
2025-12-25T19:04:56.238391Z,10mbit,10mbit,800kbit,none,,,8880,13613,-1393,0.171,7.405
2025-12-25T19:04:56.738761Z,10mbit,10mbit,800kbit,bump_mmtc,reactive,loss,22400,16249,1112,0.182,8.441
2025-12-25T19:04:57.238694Z,10mbit,10mbit,800kbit,none,,,15040,15886,2626,0.182,6.834
2025-12-25T19:04:57.738292Z,10mbit,10mbit,800kbit,none,,,13840,15272,-369,0.181,6.038
2025-12-25T19:04:58.239105Z,10mbit,10mbit,800kbit,none,,,15440,15322,1709,0.201,5.325
2025-12-25T19:04:58.818948Z,10mbit,10mbit,800kbit,none,,,13840,14877,-1371,0.201,6.386
2025-12-25T19:04:59.238526Z,10mbit,10mbit,800kbit,none,,,13440,14446,-1439,0.198,6.932
2025-12-25T19:04:59.738769Z,10mbit,10mbit,800kbit,none,,,13440,14144,-1127,0.198,5.387
2025-12-25T19:05:00.239387Z,10mbit,10mbit,800kbit,none,,,13840,14053,-1269,0.189,6.734
2025-12-25T19:05:00.738397Z,10mbit,10mbit,800kbit,none,,,15440,14469,-408,0.189,4.625
2025-12-25T19:05:01.240136Z,10mbit,10mbit,800kbit,none,,,15440,14760,313,0.189,7.677
2025-12-25T19:05:01.738875Z,10mbit,10mbit,800kbit,none,,,15040,14844,699,0.193,6.748
2025-12-25T19:05:02.239963Z,10mbit,10mbit,800kbit,none,,,15440,15023,969,0.198,6.273
2025-12-25T19:05:02.739204Z,10mbit,10mbit,800kbit,none,,,15440,15148,678,0.199,5.986
2025-12-25T19:05:03.240058Z,10mbit,10mbit,800kbit,none,,,15440,15235,475,0.199,8.169
2025-12-25T19:05:03.739344Z,10mbit,10mbit,800kbit,none,,,13440,14696,-147,0.209,7.163
2025-12-25T19:05:04.238256Z,10mbit,10mbit,800kbit,none,,,8880,12951,-2071,0.227,6.308
2025-12-25T19:05:04.838935Z,10mbit,10mbit,800kbit,bump_mmtc,reactive,loss,20000,15066,-81,0.250,4.651
2025-12-25T19:05:05.239998Z,10mbit,10mbit,800kbit,none,,,16672,15548,312,0.302,6.934
2025-12-25T19:05:05.738259Z,10mbit,10mbit,800kbit,bump_mmtc,reactive,loss,15440,15515,818,0.289,8.236
2025-12-25T19:05:06.240123Z,10mbit,10mbit,800kbit,none,,,15040,15372,2421,0.289,6.225
2025-12-25T19:05:06.738402Z,10mbit,10mbit,800kbit,none,,,13440,14793,-273,0.282,5.378
2025-12-25T19:05:07.238994Z,10mbit,10mbit,800kbit,none,,,13840,14507,-1040,0.261,6.914
2025-12-25T19:05:07.738988Z,10mbit,10mbit,800kbit,none,,,13840,14306,-1208,0.226,8.504
2025-12-25T19:05:08.238609Z,10mbit,10mbit,800kbit,bump_mmtc,reactive,loss,16272,14896,-476,0.160,7.440
2025-12-25T19:05:08.738393Z,10mbit,10mbit,800kbit,none,,,15440,15059,266,0.174,5.163
2025-12-25T19:05:09.238665Z,10mbit,10mbit,800kbit,none,,,13440,14573,66,0.175,7.591
2025-12-25T19:05:09.738768Z,10mbit,10mbit,800kbit,none,,,15440,14833,526,0.183,7.464
2025-12-25T19:05:10.238592Z,10mbit,10mbit,800kbit,none,,,15840,15135,239,0.183,6.630
2025-12-25T19:05:10.739207Z,10mbit,10mbit,800kbit,none,,,15040,15106,47,0.186,6.768
2025-12-25T19:05:11.238235Z,10mbit,10mbit,800kbit,none,,,15040,15086,513,0.518,7.824
2025-12-25T19:05:11.738811Z,10mbit,10mbit,800kbit,bump_mmtc,reactive,loss,15440,15192,359,0.498,6.916
2025-12-25T19:05:12.241193Z,10mbit,10mbit,800kbit,none,,,15040,15146,11,0.498,6.246
2025-12-25T19:05:12.828835Z,10mbit,10mbit,800kbit,none,,,13840,14754,-352,0.493,7.610
2025-12-25T19:05:13.241451Z,10mbit,10mbit,800kbit,none,,,11120,13664,-1422,0.489,7.733
2025-12-25T19:05:13.738736Z,10mbit,10mbit,800kbit,none,,,19360,15373,180,0.477,5.009
2025-12-25T19:05:14.240233Z,10mbit,10mbit,800kbit,none,,,13840,14913,-233,0.477,6.875
2025-12-25T19:05:14.739176Z,10mbit,10mbit,800kbit,none,,,15840,15191,436,1.158,8.998
2025-12-25T19:05:15.239152Z,10mbit,10mbit,800kbit,none,,,14192,14891,1227,1.155,6.619
2025-12-25T19:05:15.738327Z,10mbit,10mbit,800kbit,none,,,15872,15185,-187,1.161,6.342
2025-12-25T19:05:16.238290Z,10mbit,10mbit,800kbit,none,,,10720,13845,-1067,1.161,7.113
2025-12-25T19:05:16.738744Z,10mbit,10mbit,800kbit,none,,,19344,15495,304,1.172,8.405
2025-12-25T19:05:17.240562Z,10mbit,10mbit,800kbit,none,,,15840,15598,707,1.176,7.515
2025-12-25T19:05:17.739094Z,10mbit,10mbit,800kbit,none,,,15440,15551,365,0.194,7.040
2025-12-25T19:05:18.239206Z,10mbit,10mbit,800kbit,none,,,15440,15517,1671,0.194,7.900
2025-12-25T19:05:18.738740Z,10mbit,10mbit,800kbit,none,,,11840,14414,-1080,0.191,6.915
2025-12-25T19:05:19.240975Z,10mbit,10mbit,800kbit,none,,,13840,14242,-1356,0.191,7.093
2025-12-25T19:05:19.739085Z,10mbit,10mbit,800kbit,bump_mmtc,reactive,loss,15440,14601,-949,0.207,6.652
2025-12-25T19:05:20.239122Z,10mbit,10mbit,800kbit,none,,,11120,13557,-1960,0.189,9.387
2025-12-25T19:05:20.738764Z,10mbit,10mbit,800kbit,none,,,14912,13963,-450,0.212,5.539
2025-12-25T19:05:21.240384Z,10mbit,10mbit,800kbit,none,,,15440,14406,164,0.209,6.108
2025-12-25T19:05:21.828743Z,10mbit,10mbit,800kbit,bump_mmtc,reactive,loss,15440,14716,115,0.215,7.376
2025-12-25T19:05:22.240294Z,10mbit,10mbit,800kbit,none,,,8880,12965,-591,0.198,7.822
2025-12-25T19:05:22.738400Z,10mbit,10mbit,800kbit,none,,,20000,15075,1112,0.220,5.565
2025-12-25T19:05:23.238997Z,10mbit,10mbit,800kbit,none,,,8880,13217,-1189,0.570,6.102
2025-12-25T19:05:23.738765Z,10mbit,10mbit,800kbit,none,,,20000,15251,535,0.553,7.280
2025-12-25T19:05:24.239482Z,10mbit,10mbit,800kbit,none,,,13440,14708,1742,0.553,7.112
2025-12-25T19:05:24.738442Z,10mbit,10mbit,800kbit,none,,,13840,14447,-628,0.569,6.825
2025-12-25T19:05:25.240055Z,10mbit,10mbit,800kbit,none,,,14640,14505,1288,0.572,4.211
2025-12-25T19:05:25.828830Z,10mbit,10mbit,800kbit,none,,,15440,14785,-466,0.555,6.492
2025-12-25T19:05:26.239713Z,10mbit,10mbit,800kbit,none,,,15440,14982,273,0.194,6.753
2025-12-25T19:05:26.738796Z,10mbit,10mbit,800kbit,none,,,15440,15119,671,0.219,5.848
2025-12-25T19:05:27.238763Z,10mbit,10mbit,800kbit,none,,,15440,15215,710,0.194,6.497
2025-12-25T19:05:27.738938Z,10mbit,10mbit,800kbit,bump_mmtc,reactive,loss,15840,15402,617,0.196,5.501
2025-12-25T19:05:28.240256Z,10mbit,10mbit,800kbit,none,,,16272,15663,681,0.202,7.119
2025-12-25T19:05:28.738707Z,10mbit,10mbit,800kbit,none,,,15840,15716,597,0.553,6.811
2025-12-25T19:05:29.240526Z,10mbit,10mbit,800kbit,none,,,15440,15633,417,0.519,7.636
2025-12-25T19:05:29.738288Z,10mbit,10mbit,800kbit,none,,,15040,15455,52,0.528,6.177
2025-12-25T19:05:30.239008Z,10mbit,10mbit,800kbit,none,,,11120,14154,-1508,0.624,7.951
2025-12-25T19:05:30.739009Z,10mbit,10mbit,800kbit,none,,,18960,15596,-120,0.625,6.690
2025-12-25T19:05:31.239025Z,10mbit,10mbit,800kbit,none,,,15040,15429,-204,0.625,7.572
2025-12-25T19:05:31.848162Z,10mbit,10mbit,800kbit,none,,,15840,15552,97,0.271,8.251
2025-12-25T19:05:32.239988Z,10mbit,10mbit,800kbit,none,,,8480,13430,-724,0.268,6.981
2025-12-25T19:05:32.739123Z,10mbit,10mbit,800kbit,bump_mmtc,reactive,loss,20960,15689,93,0.283,5.613
2025-12-25T19:05:33.238791Z,10mbit,10mbit,800kbit,none,,,15840,15734,305,0.178,7.573
2025-12-25T19:05:33.739092Z,10mbit,10mbit,800kbit,none,,,15840,15766,213,0.178,10.745
2025-12-25T19:05:34.238400Z,10mbit,10mbit,800kbit,none,,,15440,15668,2237,0.187,7.100
2025-12-25T19:05:34.738767Z,10mbit,10mbit,800kbit,none,,,15840,15719,30,0.187,4.595
2025-12-25T19:05:35.238829Z,10mbit,10mbit,800kbit,none,,,15040,15515,-218,0.187,7.289
2025-12-25T19:05:35.738434Z,25mbit,10mbit,800kbit,mid_throttle,reactive,urllc warn,15440,15493,-273,3.788,9.327
2025-12-25T19:05:36.240286Z,25mbit,10mbit,800kbit,mid_throttle,reactive,urllc warn,15440,15477,-191,3.765,7.692
2025-12-25T19:05:36.738724Z,25mbit,10mbit,800kbit,mid_throttle,reactive,urllc warn,15840,15586,-133,3.782,5.303
2025-12-25T19:05:37.238249Z,25mbit,10mbit,800kbit,mid_throttle,reactive,urllc warn,13440,14942,-573,3.775,9.144
2025-12-25T19:05:37.738901Z,25mbit,10mbit,800kbit,mid_throttle,reactive,urllc warn,15440,15091,-401,3.766,9.344
2025-12-25T19:05:38.240659Z,25mbit,10mbit,800kbit,none,,,13760,14692,-785,0.177,7.906
2025-12-25T19:05:38.738385Z,25mbit,10mbit,800kbit,none,,,16720,15300,-285,0.187,8.407
2025-12-25T19:05:39.238861Z,25mbit,10mbit,800kbit,none,,,13440,14742,-199,0.194,8.976
2025-12-25T19:05:39.858816Z,25mbit,10mbit,800kbit,none,,,15440,14951,-139,0.305,8.783
2025-12-25T19:05:40.239572Z,25mbit,10mbit,800kbit,none,,,15440,15098,406,0.305,7.360
2025-12-25T19:05:40.739231Z,25mbit,10mbit,800kbit,none,,,15440,15200,-99,0.319,9.159
2025-12-25T19:05:41.238630Z,25mbit,10mbit,800kbit,none,,,15840,15392,650,0.319,8.401
2025-12-25T19:05:41.738729Z,25mbit,10mbit,800kbit,none,,,13840,14926,-24,0.319,7.797
2025-12-25T19:05:42.239334Z,25mbit,10mbit,800kbit,none,,,8480,12992,-2105,0.319,7.704
2025-12-25T19:05:42.738248Z,25mbit,10mbit,800kbit,bump_mmtc,reactive,loss,21360,15502,302,0.319,5.499
2025-12-25T19:05:43.240035Z,25mbit,10mbit,800kbit,none,,,13440,14884,-508,0.319,8.344
2025-12-25T19:05:43.738789Z,25mbit,10mbit,800kbit,none,,,13840,14570,-355,0.300,8.497
2025-12-25T19:05:44.239577Z,25mbit,10mbit,800kbit,none,,,15440,14831,1838,0.185,5.366
2025-12-25T19:05:44.738369Z,25mbit,10mbit,800kbit,none,,,15040,14894,-608,0.193,4.962
2025-12-25T19:05:45.239954Z,25mbit,10mbit,800kbit,none,,,7520,12681,-2202,0.193,7.084
2025-12-25T19:05:45.739012Z,25mbit,10mbit,800kbit,none,,,21360,15285,714,0.194,6.990
2025-12-25T19:05:46.240218Z,25mbit,10mbit,800kbit,none,,,15440,15331,500,0.841,6.073
2025-12-25T19:05:46.738737Z,25mbit,10mbit,800kbit,bump_mmtc,reactive,loss,15440,15364,470,0.838,5.517
2025-12-25T19:05:47.238723Z,25mbit,10mbit,800kbit,none,,,15040,15266,2585,0.850,6.751
2025-12-25T19:05:47.738819Z,25mbit,10mbit,800kbit,none,,,15840,15438,153,0.832,5.793
2025-12-25T19:05:48.238620Z,25mbit,10mbit,800kbit,none,,,15440,15439,107,1.026,5.670
2025-12-25T19:05:48.738878Z,25mbit,10mbit,800kbit,none,,,15040,15319,-44,0.404,7.806
2025-12-25T19:05:49.238955Z,25mbit,10mbit,800kbit,bump_mmtc,reactive,loss,13440,14755,-511,0.401,8.261
2025-12-25T19:05:49.738843Z,25mbit,10mbit,800kbit,none,,,15440,14960,-477,0.387,4.661
2025-12-25T19:05:50.240072Z,25mbit,10mbit,800kbit,none,,,15840,15224,-214,0.383,7.290
2025-12-25T19:05:50.828982Z,25mbit,10mbit,800kbit,none,,,15040,15169,-150,0.383,8.594
2025-12-25T19:05:51.238348Z,25mbit,10mbit,800kbit,none,,,13552,14684,-71,0.217,7.242
2025-12-25T19:05:51.738244Z,25mbit,10mbit,800kbit,none,,,17520,15534,573,0.186,5.911
2025-12-25T19:05:52.239919Z,25mbit,10mbit,800kbit,none,,,16272,15755,531,0.186,7.985
2025-12-25T19:05:52.838721Z,25mbit,10mbit,800kbit,none,,,15040,15541,371,0.186,8.194
2025-12-25T19:05:53.239082Z,25mbit,10mbit,800kbit,none,,,11120,14214,-469,0.221,8.361
2025-12-25T19:05:53.738997Z,25mbit,10mbit,800kbit,bump_mmtc,reactive,loss,18960,15638,103,0.224,5.768
2025-12-25T19:05:54.240572Z,25mbit,10mbit,800kbit,bump_mmtc,reactive,loss,11520,14402,-1353,0.219,7.074
2025-12-25T19:05:54.828852Z,25mbit,10mbit,800kbit,none,,,18960,15770,228,0.187,8.693
2025-12-25T19:05:55.238310Z,25mbit,10mbit,800kbit,none,,,7520,13295,-919,0.187,6.996
2025-12-25T19:05:55.738240Z,25mbit,10mbit,800kbit,none,,,19712,15220,-418,0.182,6.585
2025-12-25T19:05:56.240503Z,25mbit,10mbit,800kbit,none,,,15440,15286,883,0.153,6.151
2025-12-25T19:05:56.828839Z,25mbit,10mbit,800kbit,none,,,15040,15212,-557,0.158,9.680
2025-12-25T19:05:57.238821Z,25mbit,10mbit,800kbit,none,,,13440,14680,1385,0.162,6.643
2025-12-25T19:05:57.738845Z,25mbit,10mbit,800kbit,none,,,16272,15158,-62,0.196,4.597
2025-12-25T19:05:58.238268Z,25mbit,10mbit,800kbit,bump_mmtc,reactive,loss,13440,14642,-643,0.198,7.062
2025-12-25T19:05:58.739100Z,25mbit,10mbit,800kbit,none,,,14272,14531,-680,0.200,7.105
2025-12-25T19:05:59.239553Z,25mbit,10mbit,800kbit,none,,,15440,14803,123,0.200,6.835
2025-12-25T19:05:59.848812Z,25mbit,10mbit,800kbit,none,,,15040,14874,-283,0.398,4.712
2025-12-25T19:06:00.238721Z,25mbit,10mbit,800kbit,none,,,7920,12788,-1854,0.405,7.291
2025-12-25T19:06:00.739034Z,25mbit,10mbit,800kbit,none,,,20960,15239,708,0.397,5.211
2025-12-25T19:06:01.238325Z,25mbit,10mbit,800kbit,none,,,15440,15299,495,0.419,7.256
2025-12-25T19:06:01.739254Z,25mbit,10mbit,800kbit,none,,,15872,15471,596,0.418,7.090
2025-12-25T19:06:02.239061Z,25mbit,10mbit,800kbit,bump_mmtc,reactive,loss,13440,14862,2073,0.221,7.103
2025-12-25T19:06:02.738329Z,25mbit,10mbit,800kbit,none,,,14672,14805,-434,0.217,5.317
2025-12-25T19:06:03.238577Z,25mbit,10mbit,800kbit,none,,,15040,14875,-424,0.192,5.857
2025-12-25T19:06:03.738410Z,25mbit,10mbit,800kbit,none,,,15440,15044,-426,0.188,8.423
2025-12-25T19:06:04.238368Z,25mbit,10mbit,800kbit,none,,,15840,15283,421,0.186,7.561
2025-12-25T19:06:04.739038Z,25mbit,10mbit,800kbit,none,,,15440,15330,525,0.197,4.847
2025-12-25T19:06:05.238680Z,25mbit,10mbit,800kbit,none,,,8560,13299,-1576,0.666,6.986
2025-12-25T19:06:05.848384Z,25mbit,10mbit,800kbit,bump_mmtc,reactive,loss,19520,15165,120,0.663,6.869
2025-12-25T19:06:06.238311Z,25mbit,10mbit,800kbit,none,,,8752,13241,-2041,0.663,7.207
2025-12-25T19:06:06.738255Z,25mbit,10mbit,800kbit,none,,,22560,16037,706,0.663,5.433
2025-12-25T19:06:07.241008Z,25mbit,10mbit,800kbit,none,,,15840,15977,2678,0.647,6.667
2025-12-25T19:06:07.738233Z,25mbit,10mbit,800kbit,none,,,15040,15696,531,0.658,8.682
2025-12-25T19:06:08.239019Z,25mbit,10mbit,800kbit,none,,,8752,13613,371,0.643,5.745
2025-12-25T19:06:08.739087Z,25mbit,10mbit,800kbit,none,,,22960,16417,380,0.184,5.014
2025-12-25T19:06:09.240420Z,25mbit,10mbit,800kbit,none,,,7520,13748,-2229,0.195,7.081
2025-12-25T19:06:09.738316Z,25mbit,10mbit,800kbit,none,,,21360,16031,335,0.206,7.738
2025-12-25T19:06:10.238470Z,25mbit,10mbit,800kbit,none,,,15040,15734,2120,0.206,6.101
2025-12-25T19:06:10.738296Z,25mbit,10mbit,800kbit,mid_throttle,reactive,urllc warn,15040,15525,-891,3.774,5.021
2025-12-25T19:06:11.238574Z,25mbit,10mbit,800kbit,mid_throttle,reactive,urllc warn,15040,15380,1632,3.774,5.397
2025-12-25T19:06:11.738859Z,25mbit,10mbit,800kbit,bump_mmtc,reactive,loss,15040,15278,-753,3.817,7.594
2025-12-25T19:06:12.238776Z,25mbit,10mbit,800kbit,mid_throttle,reactive,urllc warn,7520,12950,-2783,3.817,5.561
2025-12-25T19:06:12.739003Z,25mbit,10mbit,800kbit,mid_throttle,reactive,urllc warn,23360,16073,547,3.813,3.523
2025-12-25T19:06:13.239296Z,25mbit,10mbit,800kbit,mid_throttle,reactive,urllc warn,15040,15763,383,3.802,8.765
2025-12-25T19:06:13.738730Z,25mbit,10mbit,800kbit,bump_mmtc,reactive,loss,15440,15666,388,3.811,8.395
2025-12-25T19:06:14.238255Z,25mbit,10mbit,800kbit,mid_throttle,reactive,urllc warn,15440,15598,2647,3.811,6.724
2025-12-25T19:06:14.738795Z,25mbit,10mbit,800kbit,none,,,15040,15430,-642,0.229,6.170
2025-12-25T19:06:15.238741Z,25mbit,10mbit,800kbit,none,,,10992,14099,-1664,0.184,9.009
2025-12-25T19:06:15.739128Z,25mbit,10mbit,800kbit,none,,,15440,14501,-1164,0.180,7.637
2025-12-25T19:06:16.238400Z,25mbit,10mbit,800kbit,none,,,13840,14303,-1295,0.180,8.677
2025-12-25T19:06:16.738784Z,25mbit,10mbit,800kbit,none,,,13840,14164,-1266,0.180,5.862
2025-12-25T19:06:17.239969Z,25mbit,10mbit,800kbit,none,,,14640,14306,207,0.181,9.056
2025-12-25T19:06:17.838478Z,25mbit,10mbit,800kbit,none,,,13840,14166,-334,0.170,7.152
2025-12-25T19:06:18.240010Z,25mbit,10mbit,800kbit,none,,,11840,13468,-834,0.178,7.273
2025-12-25T19:06:18.739097Z,25mbit,10mbit,800kbit,none,,,13440,13460,-703,0.198,6.291
2025-12-25T19:06:19.238359Z,25mbit,10mbit,800kbit,none,,,13440,13454,-852,0.199,8.418
2025-12-25T19:06:19.738721Z,25mbit,10mbit,800kbit,bump_mmtc,reactive,loss,13440,13449,-716,0.219,5.678
2025-12-25T19:06:20.239087Z,25mbit,10mbit,800kbit,none,,,15440,14046,578,0.219,6.312
2025-12-25T19:06:20.738743Z,25mbit,10mbit,800kbit,none,,,15040,14344,884,0.235,6.541
2025-12-25T19:06:21.240248Z,25mbit,10mbit,800kbit,none,,,7520,12297,-1156,0.232,6.381
2025-12-25T19:06:21.739080Z,25mbit,10mbit,800kbit,none,,,22544,15371,1921,0.227,4.348
2025-12-25T19:06:22.238849Z,25mbit,10mbit,800kbit,none,,,15440,15391,1345,0.381,6.962
2025-12-25T19:06:22.738820Z,25mbit,10mbit,800kbit,bump_mmtc,reactive,loss,15840,15526,1181,0.384,7.184
2025-12-25T19:06:23.240364Z,25mbit,10mbit,800kbit,none,,,12352,14574,2276,0.354,6.001
2025-12-25T19:06:23.738970Z,25mbit,10mbit,800kbit,none,,,18960,15889,518,0.359,5.498
2025-12-25T19:06:24.238969Z,25mbit,10mbit,800kbit,none,,,8880,13786,-1605,0.359,5.839
2025-12-25T19:06:24.739126Z,25mbit,10mbit,800kbit,bump_mmtc,reactive,loss,20832,15900,374,0.358,8.053
2025-12-25T19:06:25.238723Z,25mbit,10mbit,800kbit,none,,,5920,12906,-1667,0.280,6.312
2025-12-25T19:06:25.739144Z,25mbit,10mbit,800kbit,none,,,22560,15802,-87,0.265,4.727
2025-12-25T19:06:26.240367Z,25mbit,10mbit,800kbit,none,,,9520,13917,130,0.278,6.561
2025-12-25T19:06:26.838889Z,25mbit,10mbit,800kbit,none,,,16912,14815,-1084,0.278,9.133
2025-12-25T19:06:27.241245Z,25mbit,10mbit,800kbit,none,,,13440,14403,1496,0.272,4.848
2025-12-25T19:06:27.739221Z,25mbit,10mbit,800kbit,none,,,15040,14594,-1208,0.279,4.132
2025-12-25T19:06:28.239107Z,25mbit,10mbit,800kbit,none,,,7920,12591,-1325,0.193,6.409
2025-12-25T19:06:28.853145Z,25mbit,10mbit,800kbit,none,,,22960,15702,886,0.185,3.471
2025-12-25T19:06:29.238362Z,25mbit,10mbit,800kbit,none,,,15840,15743,1340,0.185,5.568
2025-12-25T19:06:29.738988Z,25mbit,10mbit,800kbit,none,,,15040,15532,938,0.195,5.600
2025-12-25T19:06:30.238294Z,25mbit,10mbit,800kbit,none,,,7520,13128,536,0.191,5.625
2025-12-25T19:06:30.739187Z,25mbit,10mbit,800kbit,bump_mmtc,reactive,loss,21280,15574,-128,0.193,2.562
2025-12-25T19:06:31.238290Z,25mbit,10mbit,800kbit,none,,,7920,13277,-2465,0.193,6.311
2025-12-25T19:06:31.739078Z,25mbit,10mbit,800kbit,none,,,19360,15102,-430,0.206,8.275
2025-12-25T19:06:32.238908Z,25mbit,10mbit,800kbit,none,,,7920,12947,-181,0.203,5.758
2025-12-25T19:06:32.739093Z,25mbit,10mbit,800kbit,none,,,22960,15951,377,0.209,2.802
2025-12-25T19:06:33.238313Z,25mbit,10mbit,800kbit,none,,,5920,12942,-335,0.303,5.120
2025-12-25T19:06:33.738740Z,25mbit,10mbit,800kbit,none,,,21760,15587,484,0.297,8.972
2025-12-25T19:06:34.238482Z,25mbit,10mbit,800kbit,bump_mmtc,reactive,loss,7920,13287,339,0.476,4.117
2025-12-25T19:06:34.739169Z,25mbit,10mbit,800kbit,none,,,22992,16198,247,0.484,3.934
2025-12-25T19:06:35.238332Z,25mbit,10mbit,800kbit,none,,,7920,13715,773,0.451,4.780
2025-12-25T19:06:35.738770Z,25mbit,10mbit,800kbit,none,,,23760,16728,1141,0.362,6.774
2025-12-25T19:06:36.239351Z,25mbit,10mbit,800kbit,none,,,7920,14085,798,0.362,3.593
2025-12-25T19:06:36.738772Z,25mbit,10mbit,800kbit,none,,,22560,16628,429,0.364,5.242
2025-12-25T19:06:37.241464Z,25mbit,10mbit,800kbit,none,,,13840,15791,2076,0.178,4.157
2025-12-25T19:06:37.738921Z,25mbit,10mbit,800kbit,none,,,16672,16055,-672,0.208,5.752
2025-12-25T19:06:38.240037Z,25mbit,10mbit,800kbit,none,,,13840,15391,1305,0.208,3.650
2025-12-25T19:06:38.738820Z,25mbit,10mbit,800kbit,none,,,13440,14805,-1822,0.233,3.733
2025-12-25T19:06:39.239017Z,25mbit,10mbit,800kbit,none,,,12592,14141,-1650,0.233,5.089
2025-12-25T19:06:39.738378Z,25mbit,10mbit,800kbit,none,,,13440,13931,-2124,0.235,3.979
2025-12-25T19:06:40.240208Z,25mbit,10mbit,800kbit,bump_mmtc,reactive,loss,13840,13903,-1487,0.214,5.917
2025-12-25T19:06:40.738973Z,25mbit,10mbit,800kbit,none,,,13440,13764,-1041,0.231,4.059
2025-12-25T19:06:41.238827Z,25mbit,10mbit,800kbit,none,,,7920,12011,-2130,0.197,6.640
2025-12-25T19:06:41.739123Z,25mbit,10mbit,800kbit,none,,,20960,14695,764,0.211,2.650
2025-12-25T19:06:42.240406Z,25mbit,10mbit,800kbit,none,,,15440,14919,1015,0.208,7.399
2025-12-25T19:06:42.738863Z,25mbit,10mbit,800kbit,none,,,15040,14955,1190,0.213,7.405
2025-12-25T19:06:43.240179Z,25mbit,10mbit,800kbit,bump_mmtc,reactive,loss,15040,14980,2969,0.801,6.382
2025-12-25T19:06:43.739211Z,25mbit,10mbit,800kbit,none,,,15440,15118,422,0.801,4.733
2025-12-25T19:06:44.240529Z,25mbit,10mbit,800kbit,none,,,15040,15094,175,0.771,6.479
2025-12-25T19:06:44.738842Z,25mbit,10mbit,800kbit,none,,,13440,14598,-356,0.770,8.502
2025-12-25T19:06:45.240088Z,25mbit,10mbit,800kbit,none,,,15840,14970,-9,0.770,6.595
2025-12-25T19:06:45.738745Z,25mbit,10mbit,800kbit,none,,,13440,14511,-606,0.761,4.484
2025-12-25T19:06:46.239530Z,25mbit,10mbit,800kbit,bump_mmtc,reactive,loss,5920,11934,-3160,0.161,6.786
2025-12-25T19:06:46.838712Z,25mbit,10mbit,800kbit,none,,,22960,15241,643,0.161,5.368
2025-12-25T19:06:47.238788Z,25mbit,10mbit,800kbit,none,,,5920,12445,-2525,0.159,5.936
2025-12-25T19:06:47.738759Z,25mbit,10mbit,800kbit,none,,,22560,15479,968,0.158,5.619
2025-12-25T19:06:48.239050Z,25mbit,10mbit,800kbit,bump_mmtc,reactive,loss,15040,15347,3413,0.757,5.728
2025-12-25T19:06:48.738440Z,25mbit,10mbit,800kbit,none,,,13440,14775,-466,0.755,7.113
2025-12-25T19:06:49.238755Z,25mbit,10mbit,800kbit,none,,,5920,12118,-326,0.755,4.606
2025-12-25T19:06:49.739165Z,25mbit,10mbit,800kbit,none,,,22960,15371,-108,0.755,4.199
2025-12-25T19:06:50.238680Z,25mbit,10mbit,800kbit,none,,,14640,15151,-195,0.803,3.498
2025-12-25T19:06:50.738245Z,25mbit,10mbit,800kbit,none,,,15040,15118,342,0.804,6.259
2025-12-25T19:06:51.238991Z,25mbit,10mbit,800kbit,none,,,8480,13126,1007,0.804,4.521
2025-12-25T19:06:51.739033Z,25mbit,10mbit,800kbit,none,,,20000,15188,-182,0.211,2.301
2025-12-25T19:06:52.238262Z,25mbit,10mbit,800kbit,none,,,7920,13008,-2143,0.211,5.130
2025-12-25T19:06:52.738786Z,25mbit,10mbit,800kbit,none,,,21792,15643,525,0.210,8.113
2025-12-25T19:06:53.240405Z,25mbit,10mbit,800kbit,none,,,15840,15702,2575,0.210,4.602
2025-12-25T19:06:53.738846Z,25mbit,10mbit,800kbit,none,,,13440,15023,-165,0.206,3.155
2025-12-25T19:06:54.240128Z,25mbit,10mbit,800kbit,bump_mmtc,reactive,loss,15440,15148,2140,0.170,6.359
2025-12-25T19:06:54.738355Z,25mbit,10mbit,800kbit,none,,,13840,14755,-887,0.176,6.508
2025-12-25T19:06:55.239280Z,25mbit,10mbit,800kbit,bump_mmtc,reactive,loss,5920,12105,-3597,0.181,4.948
2025-12-25T19:06:55.739124Z,25mbit,10mbit,800kbit,none,,,23360,15481,458,0.181,2.134
2025-12-25T19:06:56.238281Z,25mbit,10mbit,800kbit,none,,,7920,13213,-1935,0.184,7.307
2025-12-25T19:06:56.738784Z,25mbit,10mbit,800kbit,none,,,23760,16377,1621,0.177,4.874
2025-12-25T19:06:57.238731Z,25mbit,10mbit,800kbit,none,,,15840,16216,4110,0.165,5.139
2025-12-25T19:06:57.738284Z,25mbit,10mbit,800kbit,none,,,15840,16103,621,0.168,7.106
2025-12-25T19:06:58.241468Z,25mbit,10mbit,800kbit,none,,,7520,13528,315,0.168,4.988
2025-12-25T19:06:58.818673Z,25mbit,10mbit,800kbit,none,,,22560,16237,-139,0.155,4.707
2025-12-25T19:06:59.240067Z,25mbit,10mbit,800kbit,none,,,13440,15398,-817,0.145,5.656
2025-12-25T19:06:59.823585Z,25mbit,10mbit,800kbit,none,,,15440,15410,-692,0.163,6.910
2025-12-25T19:07:00.239281Z,25mbit,10mbit,800kbit,none,,,7920,13163,-364,0.155,5.300
2025-12-25T19:07:00.738372Z,25mbit,10mbit,800kbit,none,,,23760,16342,104,0.164,2.000
2025-12-25T19:07:01.240418Z,25mbit,10mbit,800kbit,none,,,7920,13815,-1582,0.180,5.694
2025-12-25T19:07:01.738987Z,25mbit,10mbit,800kbit,none,,,20960,15959,548,0.201,9.504
2025-12-25T19:07:02.241278Z,25mbit,10mbit,800kbit,none,,,7520,13427,263,0.945,5.572
2025-12-25T19:07:02.738978Z,25mbit,10mbit,800kbit,none,,,24192,16656,314,0.959,2.906
2025-12-25T19:07:03.240296Z,25mbit,10mbit,800kbit,none,,,15040,16171,2355,0.956,7.160
2025-12-25T19:07:03.739111Z,25mbit,10mbit,800kbit,none,,,15840,16072,113,1.009,11.629
2025-12-25T19:07:04.239246Z,25mbit,10mbit,800kbit,none,,,7920,13626,199,1.009,4.156
2025-12-25T19:07:04.738753Z,25mbit,10mbit,800kbit,none,,,22560,16306,-350,0.995,3.068
2025-12-25T19:07:05.239957Z,25mbit,10mbit,800kbit,none,,,15440,16046,-125,0.234,7.574
2025-12-25T19:07:05.738725Z,25mbit,10mbit,800kbit,none,,,15040,15744,-327,0.243,9.487
2025-12-25T19:07:06.240199Z,25mbit,10mbit,800kbit,none,,,15440,15653,2026,0.237,4.914
2025-12-25T19:07:06.739039Z,25mbit,10mbit,800kbit,bump_mmtc,reactive,loss,13440,14989,-1317,0.178,3.472
2025-12-25T19:07:07.238833Z,25mbit,10mbit,800kbit,none,,,15440,15124,-922,0.183,7.941
2025-12-25T19:07:07.738386Z,25mbit,10mbit,800kbit,none,,,15440,15219,-525,0.213,7.794
2025-12-25T19:07:08.240183Z,25mbit,10mbit,800kbit,none,,,15440,15285,-367,0.184,7.589
2025-12-25T19:07:08.738641Z,25mbit,10mbit,800kbit,none,,,15040,15211,222,0.189,3.891
2025-12-25T19:07:09.238869Z,25mbit,10mbit,800kbit,none,,,7920,13024,-2100,0.667,8.541
2025-12-25T19:07:09.828790Z,25mbit,10mbit,800kbit,none,,,23792,16254,1035,0.667,5.582
2025-12-25T19:07:10.238626Z,25mbit,10mbit,800kbit,none,,,13440,15410,124,0.656,7.586
2025-12-25T19:07:10.739102Z,25mbit,10mbit,800kbit,none,,,15040,15299,87,0.639,8.287
2025-12-25T19:07:11.239061Z,25mbit,10mbit,800kbit,none,,,8480,13253,229,0.642,6.364
2025-12-25T19:07:11.739186Z,25mbit,10mbit,800kbit,bump_mmtc,reactive,loss,17552,14542,-1711,0.636,3.444
2025-12-25T19:07:12.238260Z,25mbit,10mbit,800kbit,none,,,5920,11956,-3454,0.636,6.255
2025-12-25T19:07:12.738866Z,25mbit,10mbit,800kbit,none,,,24592,15746,447,0.160,8.560
2025-12-25T19:07:13.239124Z,25mbit,10mbit,800kbit,bump_mmtc,reactive,loss,7920,13398,145,0.164,5.655
2025-12-25T19:07:13.738957Z,25mbit,10mbit,800kbit,none,,,20960,15667,1124,0.161,4.925
2025-12-25T19:07:14.240255Z,25mbit,10mbit,800kbit,none,,,7520,13223,1266,0.164,4.807
2025-12-25T19:07:14.838328Z,25mbit,10mbit,800kbit,bump_mmtc,reactive,loss,22960,16144,397,0.184,6.006
2025-12-25T19:07:15.238447Z,25mbit,10mbit,800kbit,none,,,7920,13676,278,0.184,4.508
2025-12-25T19:07:15.739143Z,25mbit,10mbit,800kbit,none,,,18960,15261,-405,0.183,6.508
2025-12-25T19:07:16.240980Z,25mbit,10mbit,800kbit,none,,,5920,12459,-763,0.183,4.512
2025-12-25T19:07:16.738828Z,25mbit,10mbit,800kbit,none,,,24592,16099,-45,0.189,3.335
2025-12-25T19:07:17.238666Z,25mbit,10mbit,800kbit,none,,,8752,13894,218,0.186,5.067
2025-12-25T19:07:17.739099Z,25mbit,10mbit,800kbit,none,,,23792,16864,1602,0.192,6.332
2025-12-25T19:07:18.238716Z,25mbit,10mbit,800kbit,none,,,0,11804,-654,0.196,4.001
2025-12-25T19:07:18.739147Z,25mbit,10mbit,800kbit,bump_mmtc,reactive,loss,19680,14167,-1931,0.201,4.584
2025-12-25T19:07:19.238965Z,25mbit,10mbit,800kbit,none,,,15040,14429,534,0.199,4.313
2025-12-25T19:07:19.738373Z,25mbit,10mbit,800kbit,none,,,15872,14862,-2002,0.199,5.115
2025-12-25T19:07:20.238863Z,25mbit,10mbit,800kbit,none,,,14640,14795,2990,0.191,1.508
2025-12-25T19:07:20.739071Z,25mbit,10mbit,800kbit,none,,,13840,14508,341,0.189,3.911
2025-12-25T19:07:21.240508Z,25mbit,10mbit,800kbit,none,,,13440,14188,-241,0.162,4.365
2025-12-25T19:07:21.739172Z,25mbit,10mbit,800kbit,bump_mmtc,reactive,loss,15040,14443,-418,0.153,4.580
2025-12-25T19:07:22.239053Z,25mbit,10mbit,800kbit,none,,,13040,14022,-772,0.141,5.176
2025-12-25T19:07:22.739060Z,25mbit,10mbit,800kbit,none,,,15440,14447,-60,0.158,4.197
2025-12-25T19:07:23.241259Z,25mbit,10mbit,800kbit,bump_mmtc,reactive,loss,11840,13665,-522,0.151,4.878
2025-12-25T19:07:23.738738Z,25mbit,10mbit,800kbit,none,,,15440,14197,-245,0.159,5.801
2025-12-25T19:07:24.238348Z,25mbit,10mbit,800kbit,bump_mmtc,reactive,loss,13040,13850,-172,0.164,6.386
2025-12-25T19:07:24.738413Z,25mbit,10mbit,800kbit,none,,,15440,14327,-120,0.179,6.205
2025-12-25T19:07:25.239147Z,25mbit,10mbit,800kbit,none,,,15040,14541,875,0.179,5.890
2025-12-25T19:07:25.738312Z,25mbit,10mbit,800kbit,bump_mmtc,reactive,loss,15840,14930,732,0.168,6.411
2025-12-25T19:07:26.240552Z,25mbit,10mbit,800kbit,bump_mmtc,reactive,loss,13440,14483,633,0.170,7.051
2025-12-25T19:07:26.739179Z,25mbit,10mbit,800kbit,none,,,13840,14290,-36,0.170,6.411
2025-12-25T19:07:27.238378Z,25mbit,10mbit,800kbit,none,,,14272,14284,-256,0.170,6.371
2025-12-25T19:07:27.739035Z,25mbit,10mbit,800kbit,bump_mmtc,reactive,loss,16080,14823,-107,0.170,6.151
2025-12-25T19:07:28.239938Z,25mbit,10mbit,800kbit,none,,,12400,14096,-387,0.190,7.292
2025-12-25T19:07:28.818249Z,25mbit,10mbit,800kbit,none,,,16080,14691,401,0.189,6.605
2025-12-25T19:07:29.239155Z,25mbit,10mbit,800kbit,bump_mmtc,reactive,loss,12000,13884,-400,0.186,6.172
2025-12-25T19:07:29.738506Z,25mbit,10mbit,800kbit,none,,,15040,14230,-592,0.192,6.938
2025-12-25T19:07:30.238483Z,25mbit,10mbit,800kbit,none,,,15440,14593,497,0.189,6.655
2025-12-25T19:07:30.739075Z,25mbit,10mbit,800kbit,none,,,15440,14847,156,0.178,7.088
2025-12-25T19:07:31.239124Z,25mbit,10mbit,800kbit,none,,,15440,15025,1141,0.174,6.177
2025-12-25T19:07:31.738784Z,25mbit,10mbit,800kbit,none,,,15840,15269,1038,0.188,6.514
2025-12-25T19:07:32.238979Z,25mbit,10mbit,800kbit,none,,,13440,14720,127,0.264,7.552
2025-12-25T19:07:32.738292Z,25mbit,10mbit,800kbit,none,,,13840,14456,-390,0.260,6.252
2025-12-25T19:07:33.243050Z,25mbit,10mbit,800kbit,none,,,13040,14031,-993,0.244,7.199
2025-12-25T19:07:33.739087Z,25mbit,10mbit,800kbit,none,,,15440,14454,-815,0.259,5.894
2025-12-25T19:07:34.239552Z,25mbit,10mbit,800kbit,none,,,13840,14269,-450,0.250,6.805
2025-12-25T19:07:34.738400Z,25mbit,10mbit,800kbit,none,,,15440,14620,164,0.181,6.807
2025-12-25T19:07:35.238627Z,25mbit,10mbit,800kbit,none,,,15440,14866,835,0.175,6.358
2025-12-25T19:07:35.738967Z,25mbit,10mbit,800kbit,none,,,15040,14918,464,0.181,6.407
2025-12-25T19:07:36.238248Z,25mbit,10mbit,800kbit,none,,,15040,14955,685,0.401,7.162
2025-12-25T19:07:36.838947Z,25mbit,10mbit,800kbit,none,,,17680,15772,1151,0.397,6.914
2025-12-25T19:07:37.238297Z,25mbit,10mbit,800kbit,none,,,12400,14760,-105,0.856,7.181
2025-12-25T19:07:37.738795Z,25mbit,10mbit,800kbit,none,,,15840,15084,165,0.877,7.334
2025-12-25T19:07:38.240308Z,25mbit,10mbit,800kbit,none,,,13840,14711,-243,0.870,6.680
2025-12-25T19:07:38.739259Z,25mbit,10mbit,800kbit,bump_mmtc,reactive,loss,15840,15049,-722,0.643,6.991
2025-12-25T19:07:39.240377Z,25mbit,10mbit,800kbit,none,,,15440,15166,406,1.353,7.150
2025-12-25T19:07:39.833532Z,25mbit,10mbit,800kbit,none,,,18640,16208,1124,1.270,7.367
2025-12-25T19:07:40.239059Z,25mbit,10mbit,800kbit,none,,,11040,14658,-53,1.261,6.573
2025-12-25T19:07:40.738347Z,25mbit,10mbit,800kbit,none,,,15440,14892,-157,1.272,7.418
2025-12-25T19:07:41.239327Z,25mbit,10mbit,800kbit,none,,,15040,14936,-229,1.264,8.158
2025-12-25T19:07:41.738311Z,25mbit,10mbit,800kbit,none,,,15440,15087,-1120,0.560,7.432
2025-12-25T19:07:42.238722Z,25mbit,10mbit,800kbit,none,,,15440,15193,535,0.165,7.697
2025-12-25T19:07:42.738412Z,25mbit,10mbit,800kbit,bump_mmtc,reactive,loss,15840,15387,494,0.171,7.425
2025-12-25T19:07:43.240094Z,25mbit,10mbit,800kbit,none,,,13440,14803,-133,0.167,7.182
2025-12-25T19:07:43.739074Z,25mbit,10mbit,800kbit,none,,,13840,14514,-573,0.168,6.899
2025-12-25T19:07:44.239879Z,25mbit,10mbit,800kbit,none,,,15440,14791,-401,0.157,8.440
2025-12-25T19:07:44.738980Z,25mbit,10mbit,800kbit,none,,,15440,14986,-401,0.171,6.503
2025-12-25T19:07:45.240710Z,25mbit,10mbit,800kbit,none,,,14640,14882,79,0.155,7.071
2025-12-25T19:07:45.738408Z,25mbit,10mbit,800kbit,bump_mmtc,reactive,loss,15040,14929,415,0.190,7.158
2025-12-25T19:07:46.238486Z,25mbit,10mbit,800kbit,none,,,13440,14482,-309,0.178,7.346
2025-12-25T19:07:46.827909Z,25mbit,10mbit,800kbit,none,,,16400,15057,71,0.177,6.335
2025-12-25T19:07:47.240054Z,25mbit,10mbit,800kbit,none,,,13680,14644,-237,0.177,7.807
2025-12-25T19:07:47.738365Z,25mbit,10mbit,800kbit,none,,,15440,14883,-46,0.186,7.273
2025-12-25T19:07:48.238721Z,25mbit,10mbit,800kbit,none,,,13440,14450,-32,0.145,6.436
2025-12-25T19:07:48.738444Z,25mbit,10mbit,800kbit,none,,,15440,14747,-310,0.163,6.701
2025-12-25T19:07:49.240143Z,25mbit,10mbit,800kbit,none,,,15040,14835,190,0.170,7.158
2025-12-25T19:07:49.739111Z,25mbit,10mbit,800kbit,none,,,15440,15016,133,0.179,7.117
2025-12-25T19:07:50.238855Z,25mbit,10mbit,800kbit,none,,,15440,15143,693,0.172,6.674
2025-12-25T19:07:50.739125Z,25mbit,10mbit,800kbit,bump_mmtc,reactive,loss,15440,15232,485,0.185,6.643
2025-12-25T19:07:51.239664Z,25mbit,10mbit,800kbit,none,,,14640,15054,219,0.182,7.057
2025-12-25T19:07:51.738719Z,25mbit,10mbit,800kbit,bump_mmtc,reactive,loss,15840,15290,273,0.186,7.018
2025-12-25T19:07:52.238823Z,25mbit,10mbit,800kbit,none,,,15040,15215,71,0.186,7.648
2025-12-25T19:07:52.739200Z,25mbit,10mbit,800kbit,bump_mmtc,reactive,loss,13840,14802,-429,0.186,6.975
2025-12-25T19:07:53.240200Z,25mbit,10mbit,800kbit,none,,,15040,14873,-180,0.185,6.405
2025-12-25T19:07:53.828432Z,25mbit,10mbit,800kbit,none,,,18240,15883,593,0.185,6.381
2025-12-25T19:07:54.241289Z,25mbit,10mbit,800kbit,none,,,10976,14411,-803,0.176,7.740
2025-12-25T19:07:54.738402Z,25mbit,10mbit,800kbit,none,,,13440,14119,-682,0.184,7.736
2025-12-25T19:07:55.238546Z,25mbit,10mbit,800kbit,none,,,13440,13915,-957,0.354,5.698
2025-12-25T19:07:55.818889Z,25mbit,10mbit,800kbit,none,,,16640,14733,-1150,0.354,5.908
2025-12-25T19:07:56.241252Z,25mbit,10mbit,800kbit,none,,,10992,13610,-800,0.340,7.437
2025-12-25T19:07:56.738705Z,25mbit,10mbit,800kbit,none,,,15440,14159,39,0.348,7.397
2025-12-25T19:07:57.238934Z,25mbit,10mbit,800kbit,none,,,15040,14423,507,0.348,4.995
2025-12-25T19:07:57.738860Z,25mbit,10mbit,800kbit,none,,,15040,14608,-124,0.354,5.614
2025-12-25T19:07:58.238845Z,25mbit,10mbit,800kbit,none,,,14640,14618,1007,0.341,8.187
2025-12-25T19:07:58.738749Z,25mbit,10mbit,800kbit,none,,,13440,14264,105,0.180,6.476
2025-12-25T19:07:59.240263Z,25mbit,10mbit,800kbit,bump_mmtc,reactive,loss,13040,13897,-526,0.855,5.215
2025-12-25T19:07:59.738730Z,25mbit,10mbit,800kbit,none,,,15040,14240,-368,0.870,5.947
2025-12-25T19:08:00.239347Z,25mbit,10mbit,800kbit,none,,,14640,14360,-257,0.870,8.313
2025-12-25T19:08:00.739094Z,25mbit,10mbit,800kbit,none,,,15040,14564,299,0.864,5.987
2025-12-25T19:08:01.239978Z,25mbit,10mbit,800kbit,none,,,15440,14826,929,0.864,5.698
2025-12-25T19:08:01.738340Z,25mbit,10mbit,800kbit,bump_mmtc,reactive,loss,15440,15010,770,0.866,6.727
2025-12-25T19:08:02.238455Z,25mbit,10mbit,800kbit,none,,,14640,14899,539,0.849,7.491
2025-12-25T19:08:02.738777Z,25mbit,10mbit,800kbit,none,,,16272,15311,747,0.187,7.150
2025-12-25T19:08:03.240569Z,25mbit,10mbit,800kbit,none,,,15440,15349,523,0.187,7.250
2025-12-25T19:08:03.738751Z,25mbit,10mbit,800kbit,none,,,13440,14776,-233,0.180,6.769
2025-12-25T19:08:04.239650Z,25mbit,10mbit,800kbit,bump_mmtc,reactive,loss,15040,14855,-43,0.174,7.488
2025-12-25T19:08:04.739194Z,25mbit,10mbit,800kbit,none,,,13440,14431,-880,0.177,6.573
2025-12-25T19:08:05.238616Z,25mbit,10mbit,800kbit,none,,,15440,14733,-616,0.177,7.560
2025-12-25T19:08:05.738277Z,25mbit,10mbit,800kbit,none,,,13440,14345,-431,0.184,6.782
2025-12-25T19:08:06.239391Z,25mbit,10mbit,800kbit,none,,,15440,14673,-181,0.184,6.998
2025-12-25T19:08:06.738441Z,25mbit,10mbit,800kbit,none,,,13440,14303,-127,0.170,6.141
2025-12-25T19:08:07.238391Z,25mbit,10mbit,800kbit,none,,,15440,14644,-89,0.170,7.822
2025-12-25T19:08:07.739116Z,25mbit,10mbit,800kbit,none,,,15872,15012,667,0.170,7.189
2025-12-25T19:08:08.238662Z,25mbit,10mbit,800kbit,none,,,13440,14540,-132,0.180,6.625
2025-12-25T19:08:08.738397Z,25mbit,10mbit,800kbit,none,,,15840,14930,626,0.175,6.645
2025-12-25T19:08:09.240380Z,25mbit,10mbit,800kbit,none,,,13440,14483,-161,0.175,7.154
2025-12-25T19:08:09.738282Z,25mbit,10mbit,800kbit,none,,,11840,13690,-1322,0.175,7.482
2025-12-25T19:08:10.240374Z,25mbit,10mbit,800kbit,none,,,15440,14215,-325,0.175,5.658
2025-12-25T19:08:10.738729Z,25mbit,10mbit,800kbit,none,,,16000,14750,-179,0.194,6.633
2025-12-25T19:08:11.238452Z,25mbit,10mbit,800kbit,none,,,14080,14549,66,0.194,6.669
2025-12-25T19:08:11.738755Z,25mbit,10mbit,800kbit,bump_mmtc,reactive,loss,15840,14936,1246,0.204,6.787
2025-12-25T19:08:12.239388Z,25mbit,10mbit,800kbit,none,,,13440,14487,272,0.199,6.433
2025-12-25T19:08:12.813246Z,25mbit,10mbit,800kbit,none,,,18240,15613,862,0.196,6.259
2025-12-25T19:08:13.239250Z,25mbit,10mbit,800kbit,none,,,11840,14481,-68,0.196,7.323
2025-12-25T19:08:13.828069Z,25mbit,10mbit,800kbit,none,,,16400,15056,120,0.196,8.234
2025-12-25T19:08:14.238358Z,25mbit,10mbit,800kbit,none,,,12480,14283,-203,0.194,5.939
2025-12-25T19:08:14.739118Z,25mbit,10mbit,800kbit,none,,,15040,14510,-1102,0.195,6.672
2025-12-25T19:08:15.240375Z,25mbit,10mbit,800kbit,none,,,15872,14919,437,0.195,6.686
2025-12-25T19:08:15.739237Z,25mbit,10mbit,800kbit,none,,,11840,13995,-1061,0.181,7.172
2025-12-25T19:08:16.239348Z,25mbit,10mbit,800kbit,none,,,14640,14188,-95,0.181,6.335
2025-12-25T19:08:16.738827Z,25mbit,10mbit,800kbit,none,,,15440,14564,53,0.186,5.165
2025-12-25T19:08:17.238745Z,25mbit,10mbit,800kbit,none,,,15040,14706,-212,0.186,7.682
2025-12-25T19:08:17.858806Z,25mbit,10mbit,800kbit,none,,,18640,15886,1891,0.323,6.164
2025-12-25T19:08:18.240045Z,25mbit,10mbit,800kbit,none,,,11840,14672,484,0.305,7.651
2025-12-25T19:08:18.738758Z,25mbit,10mbit,800kbit,none,,,13840,14422,-141,0.333,6.498
2025-12-25T19:08:19.240508Z,25mbit,10mbit,800kbit,none,,,13440,14128,-578,0.332,6.164
2025-12-25T19:08:19.738968Z,25mbit,10mbit,800kbit,none,,,15440,14521,-1365,0.336,7.392
2025-12-25T19:08:20.238488Z,25mbit,10mbit,800kbit,none,,,15440,14797,124,0.202,6.914
2025-12-25T19:08:20.828477Z,25mbit,10mbit,800kbit,none,,,16000,15158,735,0.206,6.663
2025-12-25T19:08:21.240076Z,25mbit,10mbit,800kbit,none,,,13680,14714,586,0.178,6.250
2025-12-25T19:08:21.813326Z,25mbit,10mbit,800kbit,none,,,18240,15772,1250,0.178,6.079
2025-12-25T19:08:22.241436Z,25mbit,10mbit,800kbit,none,,,11808,14582,-214,0.189,7.687
2025-12-25T19:08:22.738863Z,25mbit,10mbit,800kbit,none,,,15840,14960,-197,0.201,8.175
2025-12-25T19:08:23.238399Z,25mbit,10mbit,800kbit,none,,,13440,14504,-210,0.329,5.886
2025-12-25T19:08:23.738948Z,25mbit,10mbit,800kbit,none,,,15440,14784,-987,0.337,6.281
2025-12-25T19:08:24.240350Z,25mbit,10mbit,800kbit,none,,,15440,14981,398,0.337,7.002
2025-12-25T19:08:24.739240Z,25mbit,10mbit,800kbit,none,,,13440,14518,-441,0.341,6.925
2025-12-25T19:08:25.238747Z,25mbit,10mbit,800kbit,none,,,13440,14195,-308,0.323,6.182
2025-12-25T19:08:25.739140Z,25mbit,10mbit,800kbit,none,,,13840,14088,-696,0.310,5.079
2025-12-25T19:08:26.240404Z,25mbit,10mbit,800kbit,none,,,15872,14623,-357,0.172,7.840
2025-12-25T19:08:26.739248Z,25mbit,10mbit,800kbit,none,,,15440,14868,349,0.202,6.250
2025-12-25T19:08:27.238860Z,25mbit,10mbit,800kbit,none,,,15040,14920,724,0.189,7.129
2025-12-25T19:08:27.738967Z,25mbit,10mbit,800kbit,none,,,13440,14476,387,0.189,5.912
2025-12-25T19:08:28.243306Z,25mbit,10mbit,800kbit,none,,,13040,14045,-578,0.189,6.665
2025-12-25T19:08:28.818559Z,25mbit,10mbit,800kbit,none,,,18080,15255,387,0.198,6.199
2025-12-25T19:08:29.238686Z,25mbit,10mbit,800kbit,none,,,12800,14518,-401,0.198,7.530
2025-12-25T19:08:29.739081Z,25mbit,10mbit,800kbit,none,,,15440,14795,319,0.193,7.452
2025-12-25T19:08:30.240605Z,25mbit,10mbit,800kbit,none,,,13440,14388,343,0.205,5.419
2025-12-25T19:08:30.738341Z,25mbit,10mbit,800kbit,bump_mmtc,reactive,loss,15040,14584,-671,0.159,6.790
2025-12-25T19:08:31.241508Z,25mbit,10mbit,800kbit,none,,,15440,14840,321,0.159,6.910
2025-12-25T19:08:31.738338Z,25mbit,10mbit,800kbit,none,,,11840,13940,-854,0.188,7.704
2025-12-25T19:08:32.238345Z,25mbit,10mbit,800kbit,none,,,15040,14270,-118,0.188,5.783
2025-12-25T19:08:32.739002Z,25mbit,10mbit,800kbit,none,,,15040,14501,-82,0.191,5.216
2025-12-25T19:08:33.238978Z,25mbit,10mbit,800kbit,none,,,11440,13582,-1257,0.224,8.162
2025-12-25T19:08:33.738874Z,25mbit,10mbit,800kbit,none,,,13840,13660,-280,0.227,6.350
2025-12-25T19:08:34.240404Z,25mbit,10mbit,800kbit,none,,,13424,13589,-681,0.230,5.930
2025-12-25T19:08:34.738987Z,25mbit,10mbit,800kbit,none,,,15840,14264,-236,0.210,5.459
2025-12-25T19:08:35.238406Z,25mbit,10mbit,800kbit,none,,,15440,14617,1034,0.637,6.723
2025-12-25T19:08:35.738374Z,25mbit,10mbit,800kbit,none,,,13440,14263,603,0.626,7.486
2025-12-25T19:08:36.240252Z,25mbit,10mbit,800kbit,none,,,14640,14376,787,0.626,5.804
2025-12-25T19:08:36.738305Z,25mbit,10mbit,800kbit,none,,,15040,14575,311,0.624,5.705
2025-12-25T19:08:37.240021Z,25mbit,10mbit,800kbit,none,,,15440,14835,217,0.623,7.423
2025-12-25T19:08:37.739140Z,25mbit,10mbit,800kbit,none,,,15440,15016,752,0.637,7.082
2025-12-25T19:08:38.238516Z,25mbit,10mbit,800kbit,none,,,15040,15023,646,0.674,6.061
2025-12-25T19:08:38.828787Z,25mbit,10mbit,800kbit,none,,,15680,15220,644,0.674,5.957
2025-12-25T19:08:39.240949Z,25mbit,10mbit,800kbit,none,,,12784,14489,-345,0.674,7.737
2025-12-25T19:08:39.738974Z,25mbit,10mbit,800kbit,none,,,13840,14294,-721,0.654,7.642
2025-12-25T19:08:40.239990Z,25mbit,10mbit,800kbit,none,,,13840,14158,-865,0.654,6.291
2025-12-25T19:08:40.818978Z,25mbit,10mbit,800kbit,none,,,17232,15080,-140,0.687,6.676
2025-12-25T19:08:41.240141Z,25mbit,10mbit,800kbit,none,,,14080,14780,290,0.688,7.073
2025-12-25T19:08:41.739230Z,25mbit,10mbit,800kbit,none,,,13840,14498,203,0.669,8.039
2025-12-25T19:08:42.240395Z,25mbit,10mbit,800kbit,none,,,11840,13700,-457,0.205,6.231
2025-12-25T19:08:42.818652Z,25mbit,10mbit,800kbit,none,,,16480,14534,-545,0.628,5.582
2025-12-25T19:08:43.240291Z,25mbit,10mbit,800kbit,none,,,10800,13414,-1366,0.590,8.285
2025-12-25T19:08:43.738746Z,25mbit,10mbit,800kbit,bump_mmtc,reactive,loss,15440,14021,-476,0.594,7.334
2025-12-25T19:08:44.239978Z,25mbit,10mbit,800kbit,none,,,14640,14207,506,0.600,5.748
2025-12-25T19:08:44.838705Z,25mbit,10mbit,800kbit,none,,,19040,15657,1122,0.598,5.665
2025-12-25T19:08:45.240043Z,25mbit,10mbit,800kbit,none,,,9376,13772,358,0.176,7.418
2025-12-25T19:08:45.739038Z,25mbit,10mbit,800kbit,none,,,15040,14152,131,0.181,8.049
2025-12-25T19:08:46.238734Z,25mbit,10mbit,800kbit,none,,,11840,13459,-748,0.196,5.734
2025-12-25T19:08:46.739076Z,25mbit,10mbit,800kbit,none,,,15440,14053,-1603,0.212,5.776
2025-12-25T19:08:47.238391Z,25mbit,10mbit,800kbit,none,,,14640,14229,456,0.207,6.649
2025-12-25T19:08:47.829116Z,25mbit,10mbit,800kbit,none,,,14800,14400,247,0.212,6.575
2025-12-25T19:08:48.238315Z,25mbit,10mbit,800kbit,none,,,13680,14184,725,0.212,5.424
2025-12-25T19:08:48.739124Z,25mbit,10mbit,800kbit,none,,,15440,14561,507,0.220,4.989
2025-12-25T19:08:49.239084Z,25mbit,10mbit,800kbit,none,,,15440,14824,595,0.979,7.036
2025-12-25T19:08:49.819043Z,25mbit,10mbit,800kbit,none,,,17312,15570,1170,0.954,5.689
2025-12-25T19:08:50.240064Z,25mbit,10mbit,800kbit,none,,,12576,14672,488,0.951,6.371
2025-12-25T19:08:50.738264Z,25mbit,10mbit,800kbit,none,,,14272,14552,-8,0.953,6.533
2025-12-25T19:08:51.242236Z,25mbit,10mbit,800kbit,none,,,11440,13618,-1206,0.935,6.696
2025-12-25T19:08:51.738761Z,25mbit,10mbit,800kbit,none,,,17040,14645,-925,0.156,5.846
2025-12-25T19:08:52.240409Z,25mbit,10mbit,800kbit,none,,,11440,13683,-988,0.155,7.262
2025-12-25T19:08:52.738699Z,25mbit,10mbit,800kbit,none,,,15040,14090,-461,0.166,6.535
2025-12-25T19:08:53.239278Z,25mbit,10mbit,800kbit,none,,,14272,14144,526,0.166,5.498
2025-12-25T19:08:53.739245Z,25mbit,10mbit,800kbit,bump_mmtc,reactive,loss,15440,14533,-111,0.169,5.547
2025-12-25T19:08:54.239251Z,25mbit,10mbit,800kbit,none,,,15040,14685,1001,0.193,7.904
2025-12-25T19:08:54.739116Z,25mbit,10mbit,800kbit,none,,,11840,13831,-258,0.200,6.557
2025-12-25T19:08:55.241078Z,25mbit,10mbit,800kbit,none,,,13040,13594,-550,0.195,6.100
2025-12-25T19:08:55.739124Z,25mbit,10mbit,800kbit,none,,,13840,13667,-865,0.213,4.880
2025-12-25T19:08:56.240298Z,25mbit,10mbit,800kbit,none,,,13840,13719,-965,0.213,8.071
2025-12-25T19:08:56.739186Z,25mbit,10mbit,800kbit,bump_mmtc,reactive,loss,13440,13635,-196,0.198,5.681
2025-12-25T19:08:57.238978Z,25mbit,10mbit,800kbit,none,,,15472,14186,592,0.198,5.695
2025-12-25T19:08:57.739413Z,25mbit,10mbit,800kbit,none,,,13440,13962,294,0.215,5.184
2025-12-25T19:08:58.240214Z,25mbit,10mbit,800kbit,none,,,15872,14535,815,0.215,7.103
2025-12-25T19:08:58.739089Z,25mbit,10mbit,800kbit,none,,,13840,14326,691,0.223,6.795
2025-12-25T19:08:59.239953Z,25mbit,10mbit,800kbit,none,,,11840,13580,-605,0.230,6.337
2025-12-25T19:08:59.739207Z,25mbit,10mbit,800kbit,none,,,15040,14018,55,0.225,5.420
2025-12-25T19:09:00.239039Z,25mbit,10mbit,800kbit,none,,,15040,14324,-210,0.225,6.695
2025-12-25T19:09:00.738720Z,25mbit,10mbit,800kbit,none,,,15440,14659,332,0.231,7.129
2025-12-25T19:09:01.239108Z,25mbit,10mbit,800kbit,none,,,15040,14773,1192,0.231,5.622
2025-12-25T19:09:01.739036Z,25mbit,10mbit,800kbit,bump_mmtc,reactive,loss,15840,15093,1075,0.198,6.183
2025-12-25T19:09:02.240237Z,25mbit,10mbit,800kbit,bump_mmtc,reactive,loss,15040,15077,752,0.312,6.265
2025-12-25T19:09:02.739024Z,25mbit,10mbit,800kbit,none,,,15440,15186,526,0.348,7.442
2025-12-25T19:09:03.239315Z,25mbit,10mbit,800kbit,none,,,15040,15142,368,0.405,6.869
2025-12-25T19:09:03.738732Z,25mbit,10mbit,800kbit,none,,,15040,15111,18,0.427,6.205
2025-12-25T19:09:04.240021Z,25mbit,10mbit,800kbit,none,,,13440,14610,-467,0.427,7.121
2025-12-25T19:09:04.738924Z,25mbit,10mbit,800kbit,none,,,14672,14628,-557,0.448,7.148
2025-12-25T19:09:05.238968Z,25mbit,10mbit,800kbit,bump_mmtc,reactive,loss,13040,14152,-990,0.325,6.525
2025-12-25T19:09:05.738349Z,25mbit,10mbit,800kbit,bump_mmtc,reactive,loss,15440,14538,-573,0.322,6.624
2025-12-25T19:09:06.240070Z,25mbit,10mbit,800kbit,none,,,13040,14088,-521,0.252,7.316
2025-12-25T19:09:06.739050Z,25mbit,10mbit,800kbit,none,,,15440,14494,-134,0.246,7.181
2025-12-25T19:09:07.240207Z,25mbit,10mbit,800kbit,none,,,15872,14907,755,0.226,6.081
2025-12-25T19:09:07.738293Z,25mbit,10mbit,800kbit,none,,,13840,14587,48,0.235,7.471
2025-12-25T19:09:08.240094Z,25mbit,10mbit,800kbit,none,,,15872,14972,883,0.198,7.437
2025-12-25T19:09:08.739187Z,25mbit,10mbit,800kbit,bump_mmtc,reactive,loss,15440,15112,618,0.219,6.718
2025-12-25T19:09:09.239124Z,25mbit,10mbit,800kbit,bump_mmtc,reactive,loss,13040,14491,-416,0.193,6.598
2025-12-25T19:09:09.738923Z,25mbit,10mbit,800kbit,none,,,13440,14175,-411,0.203,6.682
2025-12-25T19:09:10.239002Z,25mbit,10mbit,800kbit,none,,,15040,14435,-537,0.191,7.175
2025-12-25T19:09:10.739234Z,25mbit,10mbit,800kbit,none,,,14272,14386,-726,0.214,5.871
2025-12-25T19:09:11.238413Z,25mbit,10mbit,800kbit,none,,,15040,14582,91,0.214,6.882
2025-12-25T19:09:11.738776Z,25mbit,10mbit,800kbit,none,,,16000,15007,831,0.192,6.698
2025-12-25T19:09:12.238296Z,25mbit,10mbit,800kbit,none,,,13680,14609,174,0.205,6.774
2025-12-25T19:09:12.739124Z,25mbit,10mbit,800kbit,none,,,15040,14738,352,0.197,6.334
2025-12-25T19:09:13.238984Z,25mbit,10mbit,800kbit,none,,,13040,14228,-353,0.197,7.851
2025-12-25T19:09:13.738285Z,25mbit,10mbit,800kbit,none,,,13840,14112,-895,0.200,7.113
2025-12-25T19:09:14.240183Z,25mbit,10mbit,800kbit,none,,,13440,13910,-698,0.200,5.843
2025-12-25T19:09:14.738719Z,25mbit,10mbit,800kbit,bump_mmtc,reactive,loss,15040,14249,-489,0.185,6.822
2025-12-25T19:09:15.240495Z,25mbit,10mbit,800kbit,none,,,15040,14486,257,0.185,6.500
2025-12-25T19:09:15.813109Z,25mbit,10mbit,800kbit,none,,,18640,15732,1620,0.179,5.693
2025-12-25T19:09:16.238297Z,25mbit,10mbit,800kbit,none,,,11840,14564,654,0.179,6.396
2025-12-25T19:09:16.818875Z,25mbit,10mbit,800kbit,none,,,13440,14227,-22,0.179,7.615
2025-12-25T19:09:17.240914Z,25mbit,10mbit,800kbit,none,,,11440,13391,-1095,0.179,6.359
2025-12-25T19:09:17.739098Z,25mbit,10mbit,800kbit,none,,,13440,13405,-2326,0.199,5.640
2025-12-25T19:09:18.240172Z,25mbit,10mbit,800kbit,none,,,11840,12936,-1628,0.191,5.895
2025-12-25T19:09:18.739210Z,25mbit,10mbit,800kbit,none,,,15040,13567,-660,0.221,5.592
2025-12-25T19:09:19.239272Z,25mbit,10mbit,800kbit,none,,,13440,13529,137,0.220,5.668
2025-12-25T19:09:19.739211Z,25mbit,10mbit,800kbit,none,,,15440,14102,696,0.248,4.725
2025-12-25T19:09:20.239536Z,25mbit,10mbit,800kbit,none,,,15440,14503,1567,0.220,6.800
2025-12-25T19:09:20.738724Z,25mbit,10mbit,800kbit,none,,,15440,14784,1217,0.232,6.055
2025-12-25T19:09:21.240148Z,25mbit,10mbit,800kbit,none,,,15040,14861,1332,0.232,5.844
2025-12-25T19:09:21.739243Z,25mbit,10mbit,800kbit,none,,,15040,14914,812,0.202,6.047
2025-12-25T19:09:22.240218Z,25mbit,10mbit,800kbit,none,,,15440,15072,568,0.204,7.130
2025-12-25T19:09:22.739354Z,25mbit,10mbit,800kbit,none,,,15040,15062,278,0.183,5.940
2025-12-25T19:09:23.240412Z,25mbit,10mbit,800kbit,none,,,13040,14455,-405,0.183,6.441
2025-12-25T19:09:23.738833Z,25mbit,10mbit,800kbit,none,,,15840,14871,-43,0.198,6.047
2025-12-25T19:09:24.240077Z,25mbit,10mbit,800kbit,bump_mmtc,reactive,loss,15440,15041,-30,0.180,6.771
2025-12-25T19:09:24.738737Z,25mbit,10mbit,800kbit,none,,,15440,15161,98,0.195,7.005
2025-12-25T19:09:25.240334Z,25mbit,10mbit,800kbit,none,,,14640,15004,549,0.192,6.665
2025-12-25T19:09:25.739104Z,25mbit,10mbit,800kbit,none,,,15840,15255,384,0.194,6.480
2025-12-25T19:09:26.240299Z,25mbit,10mbit,800kbit,bump_mmtc,reactive,loss,15840,15430,389,0.181,6.990
2025-12-25T19:09:26.738382Z,25mbit,10mbit,800kbit,none,,,15840,15553,392,0.182,7.459
2025-12-25T19:09:27.240543Z,25mbit,10mbit,800kbit,none,,,13840,15039,34,0.157,7.917
2025-12-25T19:09:27.739125Z,25mbit,10mbit,800kbit,bump_mmtc,reactive,loss,13840,14679,-575,0.172,6.289
2025-12-25T19:09:28.241520Z,25mbit,10mbit,800kbit,none,,,15040,14787,-643,0.165,6.502
2025-12-25T19:09:28.738251Z,25mbit,10mbit,800kbit,none,,,15840,15103,-450,0.165,7.259
2025-12-25T19:09:29.240347Z,25mbit,10mbit,800kbit,none,,,14640,14964,-75,0.162,7.609
2025-12-25T19:09:29.838950Z,25mbit,10mbit,800kbit,none,,,18640,16067,1387,0.161,5.953
2025-12-25T19:09:30.240063Z,25mbit,10mbit,800kbit,none,,,10592,14424,-363,0.166,6.817
2025-12-25T19:09:30.818552Z,25mbit,10mbit,800kbit,none,,,16800,15137,33,0.166,7.980
2025-12-25T19:09:31.239043Z,25mbit,10mbit,800kbit,none,,,11232,13965,-998,0.166,7.349
2025-12-25T19:09:31.738780Z,25mbit,10mbit,800kbit,none,,,13440,13807,-2259,0.205,8.155
2025-12-25T19:09:32.238731Z,25mbit,10mbit,800kbit,none,,,15440,14297,-126,0.205,5.209
2025-12-25T19:09:32.739181Z,25mbit,10mbit,800kbit,none,,,15440,14640,-496,0.212,6.467
2025-12-25T19:09:33.238465Z,25mbit,10mbit,800kbit,none,,,15440,14880,914,0.498,5.967
2025-12-25T19:09:33.739051Z,25mbit,10mbit,800kbit,none,,,13840,14568,760,0.512,6.030
2025-12-25T19:09:34.238293Z,25mbit,10mbit,800kbit,none,,,15440,14829,532,0.510,6.629
2025-12-25T19:09:34.738787Z,25mbit,10mbit,800kbit,none,,,13440,14412,-227,0.510,5.348
2025-12-25T19:09:35.239299Z,25mbit,10mbit,800kbit,none,,,15040,14600,-279,0.455,7.358
2025-12-25T19:09:35.828468Z,25mbit,10mbit,800kbit,none,,,17040,15332,764,0.455,4.941
2025-12-25T19:09:36.240250Z,25mbit,10mbit,800kbit,none,,,10976,14025,-804,0.455,6.114
2025-12-25T19:09:36.738895Z,25mbit,10mbit,800kbit,none,,,12672,13619,-793,0.448,6.300
2025-12-25T19:09:37.238323Z,25mbit,10mbit,800kbit,none,,,11840,13085,-1515,0.448,5.870
2025-12-25T19:09:37.808495Z,25mbit,10mbit,800kbit,none,,,13840,13311,-2020,0.160,5.714
2025-12-25T19:09:38.239973Z,25mbit,10mbit,800kbit,none,,,13424,13345,-680,0.160,6.250
2025-12-25T19:09:38.738887Z,25mbit,10mbit,800kbit,none,,,15440,13973,354,0.160,7.159
2025-12-25T19:09:39.238965Z,25mbit,10mbit,800kbit,none,,,15440,14413,1328,0.153,4.569
2025-12-25T19:09:39.738756Z,25mbit,10mbit,800kbit,none,,,13440,14121,809,0.157,5.669
2025-12-25T19:09:40.240602Z,25mbit,10mbit,800kbit,none,,,13040,13797,451,0.157,7.667
2025-12-25T19:09:40.738755Z,25mbit,10mbit,800kbit,bump_mmtc,reactive,loss,15040,14169,196,0.171,5.635
2025-12-25T19:09:41.240143Z,25mbit,10mbit,800kbit,none,,,13040,13830,-582,0.171,5.220
2025-12-25T19:09:41.739069Z,25mbit,10mbit,800kbit,none,,,15440,14313,192,0.166,6.213
2025-12-25T19:09:42.239956Z,25mbit,10mbit,800kbit,none,,,15440,14651,854,0.166,6.987
2025-12-25T19:09:42.739158Z,25mbit,10mbit,800kbit,none,,,13840,14408,238,0.178,5.189
2025-12-25T19:09:43.238721Z,25mbit,10mbit,800kbit,bump_mmtc,reactive,loss,15040,14597,766,0.190,5.482
2025-12-25T19:09:43.738386Z,25mbit,10mbit,800kbit,none,,,15040,14730,416,0.200,6.575
2025-12-25T19:09:44.238260Z,25mbit,10mbit,800kbit,none,,,13840,14463,-188,0.188,7.026
2025-12-25T19:09:44.739110Z,25mbit,10mbit,800kbit,none,,,17664,15423,1015,0.199,5.301
2025-12-25T19:09:45.240469Z,25mbit,10mbit,800kbit,none,,,14080,15020,422,0.199,7.470
2025-12-25T19:09:45.739164Z,25mbit,10mbit,800kbit,none,,,13440,14546,-184,0.207,7.449
2025-12-25T19:09:46.239012Z,25mbit,10mbit,800kbit,none,,,13440,14214,-248,0.207,5.385
2025-12-25T19:09:46.818282Z,25mbit,10mbit,800kbit,none,,,16000,14750,-673,0.207,6.293
2025-12-25T19:09:47.240553Z,25mbit,10mbit,800kbit,none,,,13280,14309,-711,0.199,7.559
2025-12-25T19:09:47.738893Z,25mbit,10mbit,800kbit,none,,,15040,14528,-17,0.193,7.547
2025-12-25T19:09:48.238700Z,25mbit,10mbit,800kbit,none,,,13440,14201,-12,0.806,5.301
2025-12-25T19:09:48.827525Z,25mbit,10mbit,800kbit,none,,,16000,14741,-8,0.806,5.603
2025-12-25T19:09:49.240354Z,25mbit,10mbit,800kbit,none,,,14080,14542,233,0.806,7.935
2025-12-25T19:09:49.739191Z,25mbit,10mbit,800kbit,none,,,13440,14212,-316,0.802,7.575
2025-12-25T19:09:50.240173Z,25mbit,10mbit,800kbit,none,,,14640,14340,138,0.787,5.489
2025-12-25T19:09:50.739008Z,25mbit,10mbit,800kbit,none,,,16272,14919,178,0.787,5.640
2025-12-25T19:09:51.238430Z,25mbit,10mbit,800kbit,none,,,15440,15075,533,0.787,8.566
2025-12-25T19:09:51.739068Z,25mbit,10mbit,800kbit,none,,,13440,14585,373,0.795,6.735
2025-12-25T19:09:52.241140Z,25mbit,10mbit,800kbit,none,,,13840,14361,21,0.787,6.509
2025-12-25T19:09:52.738348Z,25mbit,10mbit,800kbit,none,,,15440,14685,-234,0.184,5.825
2025-12-25T19:09:53.238922Z,25mbit,10mbit,800kbit,none,,,15040,14791,-284,0.181,7.856
2025-12-25T19:09:53.828800Z,25mbit,10mbit,800kbit,none,,,16000,15154,568,0.184,7.349
2025-12-25T19:09:54.241319Z,25mbit,10mbit,800kbit,none,,,12080,14231,-129,0.184,7.236
2025-12-25T19:09:54.858288Z,25mbit,10mbit,800kbit,none,,,14400,14282,-402,0.554,6.339
2025-12-25T19:09:55.238768Z,25mbit,10mbit,800kbit,none,,,13216,13962,-829,0.554,7.049
2025-12-25T19:09:55.738750Z,25mbit,10mbit,800kbit,bump_mmtc,reactive,loss,15040,14285,-868,0.559,8.936
2025-12-25T19:09:56.239940Z,25mbit,10mbit,800kbit,none,,,13440,14031,-199,0.559,6.122
2025-12-25T19:09:56.738804Z,25mbit,10mbit,800kbit,bump_mmtc,reactive,loss,13440,13854,-427,0.549,6.063
2025-12-25T19:09:57.238231Z,25mbit,10mbit,800kbit,none,,,14640,14090,127,0.542,5.927
2025-12-25T19:09:57.739198Z,25mbit,10mbit,800kbit,none,,,13440,13895,-390,0.542,6.205
2025-12-25T19:09:58.239884Z,25mbit,10mbit,800kbit,none,,,13040,13638,-393,1.016,6.794
2025-12-25T19:09:58.738812Z,25mbit,10mbit,800kbit,none,,,11840,13098,-755,0.642,4.943
2025-12-25T19:09:59.238305Z,25mbit,10mbit,800kbit,none,,,16272,14050,-39,0.642,6.174
2025-12-25T19:09:59.738835Z,25mbit,10mbit,800kbit,none,,,13840,13987,92,0.636,5.684
2025-12-25T19:10:00.239222Z,25mbit,10mbit,800kbit,none,,,15040,14303,664,0.642,7.232
2025-12-25T19:10:00.738271Z,25mbit,10mbit,800kbit,bump_mmtc,reactive,loss,15440,14644,1545,0.685,5.317
2025-12-25T19:10:01.239312Z,25mbit,10mbit,800kbit,none,,,15440,14883,832,0.741,6.709
2025-12-25T19:10:01.739078Z,25mbit,10mbit,800kbit,none,,,15440,15050,1062,0.741,6.245
2025-12-25T19:10:02.240530Z,25mbit,10mbit,800kbit,none,,,16272,15416,1113,0.741,7.517
2025-12-25T19:10:02.738281Z,25mbit,10mbit,800kbit,none,,,13440,14823,179,0.769,7.062
2025-12-25T19:10:03.240323Z,25mbit,10mbit,800kbit,none,,,11440,13808,-1074,0.769,5.961
2025-12-25T19:10:03.738718Z,25mbit,10mbit,800kbit,none,,,15040,14178,-872,0.780,6.581
2025-12-25T19:10:04.238275Z,25mbit,10mbit,800kbit,none,,,11840,13476,-1940,0.749,7.108
2025-12-25T19:10:04.738335Z,25mbit,10mbit,800kbit,none,,,15440,14065,-758,0.220,6.616
2025-12-25T19:10:05.240136Z,25mbit,10mbit,800kbit,none,,,15440,14477,669,0.212,6.548
2025-12-25T19:10:05.738318Z,25mbit,10mbit,800kbit,none,,,15440,14766,588,0.188,7.194
2025-12-25T19:10:06.240467Z,25mbit,10mbit,800kbit,none,,,13440,14368,891,0.802,6.318
2025-12-25T19:10:06.738878Z,25mbit,10mbit,800kbit,none,,,15440,14690,624,0.796,7.927
2025-12-25T19:10:07.238866Z,25mbit,10mbit,800kbit,none,,,13840,14435,-42,0.796,7.249
2025-12-25T19:10:07.739186Z,25mbit,10mbit,800kbit,none,,,13440,14136,-630,0.804,6.695
2025-12-25T19:10:08.240240Z,25mbit,10mbit,800kbit,bump_mmtc,reactive,loss,15040,14407,38,0.797,6.882
2025-12-25T19:10:08.739186Z,25mbit,10mbit,800kbit,none,,,13440,14117,-572,0.827,6.368
2025-12-25T19:10:09.239011Z,25mbit,10mbit,800kbit,none,,,13440,13914,-520,0.198,6.388
2025-12-25T19:10:09.738977Z,25mbit,10mbit,800kbit,none,,,13440,13771,-364,0.206,6.241
2025-12-25T19:10:10.239028Z,25mbit,10mbit,800kbit,none,,,15040,14152,-255,0.197,7.185
2025-12-25T19:10:10.848104Z,25mbit,10mbit,800kbit,none,,,16400,14826,709,0.211,5.270
2025-12-25T19:10:11.238919Z,25mbit,10mbit,800kbit,none,,,13280,14362,448,0.211,7.542
2025-12-25T19:10:11.739227Z,25mbit,10mbit,800kbit,none,,,15872,14815,1043,0.194,7.495
2025-12-25T19:10:12.240308Z,25mbit,10mbit,800kbit,none,,,15040,14882,730,0.194,5.988
2025-12-25T19:10:12.739011Z,25mbit,10mbit,800kbit,none,,,13840,14569,-256,0.221,7.166
2025-12-25T19:10:13.238330Z,25mbit,10mbit,800kbit,none,,,14672,14600,237,0.212,6.960
2025-12-25T19:10:13.738236Z,25mbit,10mbit,800kbit,bump_mmtc,reactive,loss,15040,14732,-83,0.228,6.581
2025-12-25T19:10:14.239526Z,25mbit,10mbit,800kbit,none,,,15040,14824,-58,0.228,5.738
2025-12-25T19:10:14.738348Z,25mbit,10mbit,800kbit,bump_mmtc,reactive,loss,15440,15009,439,0.224,6.615
2025-12-25T19:10:15.240042Z,25mbit,10mbit,800kbit,none,,,15040,15018,417,0.219,7.738
2025-12-25T19:10:15.739003Z,25mbit,10mbit,800kbit,none,,,13440,14544,-187,0.203,5.922
2025-12-25T19:10:16.239031Z,25mbit,10mbit,800kbit,none,,,15040,14693,-131,0.213,6.313
2025-12-25T19:10:16.739040Z,25mbit,10mbit,800kbit,none,,,15440,14917,-91,0.199,7.242
2025-12-25T19:10:17.239012Z,25mbit,10mbit,800kbit,none,,,15040,14954,-64,0.209,7.126
2025-12-25T19:10:17.739101Z,25mbit,10mbit,800kbit,none,,,13440,14499,-45,0.226,6.467
2025-12-25T19:10:18.238697Z,25mbit,10mbit,800kbit,none,,,11440,13581,-1111,0.212,7.249
2025-12-25T19:10:18.739158Z,25mbit,10mbit,800kbit,none,,,15040,14019,-898,0.231,6.030
2025-12-25T19:10:19.238339Z,25mbit,10mbit,800kbit,none,,,13840,13965,-988,0.231,6.286
2025-12-25T19:10:19.739124Z,25mbit,10mbit,800kbit,none,,,15440,14407,-92,0.231,7.744
2025-12-25T19:10:20.240014Z,25mbit,10mbit,800kbit,none,,,13440,14117,535,0.231,6.550
2025-12-25T19:10:20.808328Z,25mbit,10mbit,800kbit,none,,,15440,14514,494,0.222,5.563
2025-12-25T19:10:21.238886Z,25mbit,10mbit,800kbit,none,,,15040,14671,706,0.197,6.248
2025-12-25T19:10:21.738756Z,25mbit,10mbit,800kbit,none,,,15040,14782,374,0.231,7.658
2025-12-25T19:10:22.239715Z,25mbit,10mbit,800kbit,none,,,15472,14989,871,0.231,7.000
2025-12-25T19:10:22.739128Z,25mbit,10mbit,800kbit,none,,,15040,15004,490,0.208,5.764
2025-12-25T19:10:23.238838Z,25mbit,10mbit,800kbit,bump_mmtc,reactive,loss,14640,14895,223,0.213,6.658
2025-12-25T19:10:23.738772Z,25mbit,10mbit,800kbit,none,,,15840,15178,396,0.217,6.980
2025-12-25T19:10:24.238260Z,25mbit,10mbit,800kbit,none,,,13840,14777,-212,0.217,7.196
2025-12-25T19:10:24.739187Z,25mbit,10mbit,800kbit,none,,,13840,14495,-508,0.220,6.295
2025-12-25T19:10:25.240539Z,25mbit,10mbit,800kbit,none,,,15440,14779,-116,0.220,6.549
2025-12-25T19:10:25.739092Z,25mbit,10mbit,800kbit,bump_mmtc,reactive,loss,13840,14497,-681,0.203,6.966
2025-12-25T19:10:26.238959Z,25mbit,10mbit,800kbit,none,,,14640,14540,-236,0.196,6.561
2025-12-25T19:10:26.738377Z,25mbit,10mbit,800kbit,none,,,13440,14210,-285,0.205,6.701
2025-12-25T19:10:27.240285Z,25mbit,10mbit,800kbit,none,,,13840,14099,-680,0.195,6.748
2025-12-25T19:10:27.738745Z,25mbit,10mbit,800kbit,none,,,13440,13901,-596,0.189,6.108
2025-12-25T19:10:28.239988Z,25mbit,10mbit,800kbit,none,,,15040,14242,-297,0.169,7.236
2025-12-25T19:10:28.738862Z,25mbit,10mbit,800kbit,none,,,11840,13522,-688,0.211,6.648
2025-12-25T19:10:29.241121Z,25mbit,10mbit,800kbit,none,,,14272,13747,-352,0.211,6.222
2025-12-25T19:10:29.738777Z,25mbit,10mbit,800kbit,none,,,15040,14134,233,0.211,5.725
2025-12-25T19:10:30.240038Z,25mbit,10mbit,800kbit,none,,,15440,14526,283,0.966,7.090
2025-12-25T19:10:30.738840Z,25mbit,10mbit,800kbit,none,,,13840,14320,798,0.988,6.750
2025-12-25T19:10:31.238621Z,25mbit,10mbit,800kbit,none,,,17104,15155,1408,0.989,6.120
2025-12-25T19:10:31.738751Z,25mbit,10mbit,800kbit,none,,,15840,15360,1225,0.999,6.193
2025-12-25T19:10:32.239083Z,25mbit,10mbit,800kbit,none,,,13040,14664,138,1.557,7.048
2025-12-25T19:10:32.848861Z,25mbit,10mbit,800kbit,none,,,16080,15089,768,1.557,7.706
2025-12-25T19:10:33.238991Z,25mbit,10mbit,800kbit,none,,,10800,13802,-1353,1.557,6.336
2025-12-25T19:10:33.738761Z,25mbit,10mbit,800kbit,none,,,15440,14293,-1067,0.823,6.818
2025-12-25T19:10:34.240040Z,25mbit,10mbit,800kbit,none,,,15040,14517,-147,0.801,7.355
2025-12-25T19:10:34.738376Z,25mbit,10mbit,800kbit,none,,,15040,14674,-414,0.802,8.142
2025-12-25T19:10:35.240030Z,25mbit,10mbit,800kbit,none,,,13040,14184,381,0.792,6.148
2025-12-25T19:10:35.738981Z,25mbit,10mbit,800kbit,none,,,15440,14560,267,0.212,7.142
2025-12-25T19:10:36.238676Z,25mbit,10mbit,800kbit,none,,,15872,14954,436,0.174,7.601
2025-12-25T19:10:36.738314Z,25mbit,10mbit,800kbit,none,,,13440,14499,-174,0.180,7.589
2025-12-25T19:10:37.240394Z,25mbit,10mbit,800kbit,none,,,11440,13581,-602,0.180,7.906
2025-12-25T19:10:37.738832Z,25mbit,10mbit,800kbit,none,,,15440,14139,-421,0.189,5.039
2025-12-25T19:10:38.240357Z,25mbit,10mbit,800kbit,none,,,13840,14049,-904,0.744,6.790
2025-12-25T19:10:38.739018Z,25mbit,10mbit,800kbit,none,,,15440,14466,-33,0.738,7.058
2025-12-25T19:10:39.238863Z,25mbit,10mbit,800kbit,none,,,13040,14038,456,0.738,8.246
2025-12-25T19:10:39.738973Z,25mbit,10mbit,800kbit,none,,,11840,13379,-760,0.748,5.360
2025-12-25T19:10:40.240524Z,25mbit,10mbit,800kbit,none,,,14272,13646,-402,0.743,5.637
2025-12-25T19:10:40.738783Z,25mbit,10mbit,800kbit,none,,,15440,14184,-281,0.743,7.436
2025-12-25T19:10:41.241086Z,25mbit,10mbit,800kbit,none,,,13872,14091,52,0.184,7.554
2025-12-25T19:10:41.738814Z,25mbit,10mbit,800kbit,none,,,15040,14375,996,0.184,5.752
2025-12-25T19:10:42.239353Z,25mbit,10mbit,800kbit,none,,,14272,14344,697,0.174,5.893
2025-12-25T19:10:42.813549Z,25mbit,10mbit,800kbit,none,,,15040,14553,368,0.174,6.636
2025-12-25T19:10:43.239175Z,25mbit,10mbit,800kbit,none,,,11040,13499,-591,0.177,7.898
2025-12-25T19:10:43.828438Z,25mbit,10mbit,800kbit,none,,,19072,15171,795,0.167,6.362
2025-12-25T19:10:44.240015Z,25mbit,10mbit,800kbit,none,,,9840,13571,-772,0.175,6.025
2025-12-25T19:10:44.739135Z,25mbit,10mbit,800kbit,bump_mmtc,reactive,loss,15440,14132,-420,0.169,7.464
2025-12-25T19:10:45.240540Z,25mbit,10mbit,800kbit,none,,,13040,13804,305,0.188,5.909
2025-12-25T19:10:45.739101Z,25mbit,10mbit,800kbit,none,,,16272,14544,-626,0.188,5.759
2025-12-25T19:10:46.240283Z,25mbit,10mbit,800kbit,none,,,14640,14573,1001,0.181,5.709
2025-12-25T19:10:46.739189Z,25mbit,10mbit,800kbit,none,,,15440,14833,701,0.200,6.816
2025-12-25T19:10:47.239659Z,25mbit,10mbit,800kbit,none,,,15040,14895,1090,0.201,6.624
2025-12-25T19:10:47.738387Z,25mbit,10mbit,800kbit,none,,,15440,15058,513,0.198,5.399
2025-12-25T19:10:48.239983Z,25mbit,10mbit,800kbit,none,,,13440,14573,0,0.198,6.822
2025-12-25T19:10:48.738780Z,25mbit,10mbit,800kbit,none,,,13840,14353,-480,0.191,6.201
2025-12-25T19:10:49.240418Z,25mbit,10mbit,800kbit,none,,,13440,14079,-816,0.188,6.414
2025-12-25T19:10:49.739053Z,25mbit,10mbit,800kbit,none,,,13440,13887,-1171,0.184,5.568
2025-12-25T19:10:50.238764Z,25mbit,10mbit,800kbit,none,,,11440,13153,-1419,0.182,7.143
2025-12-25T19:10:50.738735Z,25mbit,10mbit,800kbit,none,,,13440,13239,-1113,0.183,5.461
2025-12-25T19:10:51.238560Z,25mbit,10mbit,800kbit,bump_mmtc,reactive,loss,14640,13659,-419,0.161,6.215
2025-12-25T19:10:51.859511Z,25mbit,10mbit,800kbit,none,,,18240,15033,1146,0.161,5.758
2025-12-25T19:10:52.240369Z,25mbit,10mbit,800kbit,none,,,11824,14070,917,0.160,7.017
2025-12-25T19:10:52.818745Z,25mbit,10mbit,800kbit,none,,,18240,15321,2082,0.160,6.563
2025-12-25T19:10:53.240236Z,25mbit,10mbit,800kbit,none,,,10992,14022,363,0.160,6.252
2025-12-25T19:10:53.739263Z,25mbit,10mbit,800kbit,none,,,15840,14567,-465,0.159,7.655
2025-12-25T19:10:54.240636Z,25mbit,10mbit,800kbit,none,,,15040,14709,638,0.160,6.641
2025-12-25T19:10:54.739062Z,25mbit,10mbit,800kbit,none,,,15440,14928,-392,0.149,6.604
2025-12-25T19:10:55.238603Z,25mbit,10mbit,800kbit,none,,,15040,14962,939,0.163,5.513
2025-12-25T19:10:55.738749Z,25mbit,10mbit,800kbit,none,,,14672,14875,307,0.181,5.986
2025-12-25T19:10:56.239166Z,25mbit,10mbit,800kbit,none,,,15440,15044,335,0.181,7.006
2025-12-25T19:10:56.813339Z,25mbit,10mbit,800kbit,none,,,16640,15523,594,0.165,5.815
2025-12-25T19:10:57.238706Z,25mbit,10mbit,800kbit,none,,,11040,14178,-783,0.164,7.425
2025-12-25T19:10:57.738766Z,25mbit,10mbit,800kbit,none,,,13840,14076,-798,0.182,5.757
2025-12-25T19:10:58.238388Z,25mbit,10mbit,800kbit,none,,,13040,13765,-1278,0.170,6.620
2025-12-25T19:10:58.739068Z,25mbit,10mbit,800kbit,none,,,13440,13668,-1855,0.176,6.201
2025-12-25T19:10:59.240316Z,25mbit,10mbit,800kbit,none,,,15440,14199,21,0.169,6.500
2025-12-25T19:10:59.739128Z,25mbit,10mbit,800kbit,none,,,15440,14571,494,0.172,5.821
2025-12-25T19:11:00.238475Z,25mbit,10mbit,800kbit,none,,,13440,14232,466,0.172,6.724
2025-12-25T19:11:00.738891Z,25mbit,10mbit,800kbit,none,,,13440,13994,326,0.169,6.263
2025-12-25T19:11:01.239230Z,25mbit,10mbit,800kbit,none,,,13040,13708,-491,0.168,7.074
2025-12-25T19:11:01.739611Z,25mbit,10mbit,800kbit,none,,,16080,14419,-151,0.168,5.994
2025-12-25T19:11:02.239084Z,25mbit,10mbit,800kbit,none,,,10800,13333,-898,0.152,6.782
2025-12-25T19:11:02.829536Z,25mbit,10mbit,800kbit,none,,,16400,14253,259,0.155,6.420
2025-12-25T19:11:03.240686Z,25mbit,10mbit,800kbit,none,,,13680,14081,373,0.147,5.541
2025-12-25T19:11:03.738760Z,25mbit,10mbit,800kbit,none,,,15040,14369,-50,0.164,7.009
2025-12-25T19:11:04.239603Z,25mbit,10mbit,800kbit,none,,,15040,14570,1236,0.180,6.070
2025-12-25T19:11:04.828899Z,25mbit,10mbit,800kbit,none,,,16400,15119,865,0.187,6.383
2025-12-25T19:11:05.240123Z,25mbit,10mbit,800kbit,none,,,13680,14687,605,0.193,6.273
2025-12-25T19:11:05.738716Z,25mbit,10mbit,800kbit,none,,,15040,14793,424,0.209,6.915
2025-12-25T19:11:06.238656Z,25mbit,10mbit,800kbit,bump_mmtc,reactive,loss,13840,14507,-63,0.239,6.422
2025-12-25T19:11:06.738348Z,25mbit,10mbit,800kbit,none,,,15440,14787,-332,0.239,5.424
2025-12-25T19:11:07.239952Z,25mbit,10mbit,800kbit,bump_mmtc,reactive,loss,15040,14862,175,0.230,7.057
2025-12-25T19:11:07.738350Z,25mbit,10mbit,800kbit,none,,,16000,15204,410,0.230,6.568
2025-12-25T19:11:08.240039Z,25mbit,10mbit,800kbit,none,,,14080,14866,359,0.222,5.991
2025-12-25T19:11:08.738256Z,25mbit,10mbit,800kbit,none,,,15440,15038,251,0.238,6.075
2025-12-25T19:11:09.241007Z,25mbit,10mbit,800kbit,none,,,13440,14559,-303,0.238,8.025
2025-12-25T19:11:09.738901Z,25mbit,10mbit,800kbit,none,,,13840,14343,-860,0.234,6.132
2025-12-25T19:11:10.241466Z,25mbit,10mbit,800kbit,none,,,16272,14921,55,0.234,6.671
2025-12-25T19:11:10.738312Z,25mbit,10mbit,800kbit,none,,,15440,15077,38,0.187,6.842
2025-12-25T19:11:11.238330Z,25mbit,10mbit,800kbit,none,,,16672,15555,996,0.182,6.815
2025-12-25T19:11:11.738365Z,25mbit,10mbit,800kbit,none,,,13440,14921,577,0.198,6.614
2025-12-25T19:11:12.240188Z,25mbit,10mbit,800kbit,none,,,15440,15076,154,0.863,8.263
2025-12-25T19:11:12.738329Z,25mbit,10mbit,800kbit,bump_mmtc,reactive,loss,15440,15185,108,0.861,6.301
2025-12-25T19:11:13.238798Z,25mbit,10mbit,800kbit,none,,,14672,15031,-524,0.861,7.646
2025-12-25T19:11:13.738878Z,25mbit,10mbit,800kbit,none,,,15440,15154,233,0.861,7.006
2025-12-25T19:11:14.239124Z,25mbit,10mbit,800kbit,none,,,15440,15239,163,0.861,7.394
2025-12-25T19:11:14.738894Z,25mbit,10mbit,800kbit,none,,,13440,14699,-485,0.866,6.521
2025-12-25T19:11:15.238733Z,25mbit,10mbit,800kbit,bump_mmtc,reactive,loss,16272,15171,139,0.868,7.465
2025-12-25T19:11:15.738922Z,25mbit,10mbit,800kbit,none,,,15840,15372,217,0.862,7.929
2025-12-25T19:11:16.239440Z,25mbit,10mbit,800kbit,none,,,13440,14792,-447,0.862,7.116
2025-12-25T19:11:16.738427Z,25mbit,10mbit,800kbit,none,,,13440,14386,-313,0.862,7.406
2025-12-25T19:11:17.241500Z,25mbit,10mbit,800kbit,none,,,15440,14702,-468,0.181,7.237
2025-12-25T19:11:17.738753Z,25mbit,10mbit,800kbit,none,,,15440,14923,-448,0.184,7.632
2025-12-25T19:11:18.239932Z,25mbit,10mbit,800kbit,none,,,13440,14478,-313,0.184,7.176
2025-12-25T19:11:18.738757Z,25mbit,10mbit,800kbit,none,,,15040,14647,260,0.176,7.760
2025-12-25T19:11:19.240094Z,25mbit,10mbit,800kbit,none,,,13040,14164,-537,0.176,6.664
2025-12-25T19:11:19.738812Z,25mbit,10mbit,800kbit,bump_mmtc,reactive,loss,15440,14547,-376,0.189,7.010
2025-12-25T19:11:20.238314Z,25mbit,10mbit,800kbit,none,,,15472,14824,346,0.175,7.594
2025-12-25T19:11:20.739203Z,25mbit,10mbit,800kbit,none,,,13840,14529,-117,0.173,7.723
2025-12-25T19:11:21.240223Z,25mbit,10mbit,800kbit,none,,,14640,14562,397,0.173,6.000
2025-12-25T19:11:21.739031Z,25mbit,10mbit,800kbit,none,,,15040,14705,158,0.176,6.473
2025-12-25T19:11:22.240450Z,25mbit,10mbit,800kbit,none,,,15040,14806,-18,0.172,7.228
2025-12-25T19:11:22.868764Z,25mbit,10mbit,800kbit,none,,,16400,15284,754,0.167,6.874
2025-12-25T19:11:23.240024Z,25mbit,10mbit,800kbit,none,,,14480,15042,480,0.167,6.824
2025-12-25T19:11:23.738911Z,25mbit,10mbit,800kbit,none,,,15440,15162,456,0.185,6.118
2025-12-25T19:11:24.238393Z,25mbit,10mbit,800kbit,none,,,14640,15005,199,0.343,7.252
2025-12-25T19:11:24.738776Z,25mbit,10mbit,800kbit,none,,,15440,15135,-148,0.361,7.566
2025-12-25T19:11:25.240974Z,25mbit,10mbit,800kbit,none,,,15440,15227,184,0.361,6.736
2025-12-25T19:11:25.739100Z,25mbit,10mbit,800kbit,none,,,15040,15170,8,0.380,7.091
2025-12-25T19:11:26.240383Z,25mbit,10mbit,800kbit,none,,,15440,15251,246,0.379,6.774
2025-12-25T19:11:26.739187Z,25mbit,10mbit,800kbit,bump_mmtc,reactive,loss,15440,15308,172,0.378,7.038
2025-12-25T19:11:27.240293Z,25mbit,10mbit,800kbit,none,,,13440,14747,-479,0.378,7.164
2025-12-25T19:11:27.739197Z,25mbit,10mbit,800kbit,none,,,15440,14955,-215,0.231,7.010
2025-12-25T19:11:28.240482Z,25mbit,10mbit,800kbit,none,,,13440,14500,-750,0.197,7.505
2025-12-25T19:11:28.738338Z,25mbit,10mbit,800kbit,none,,,15040,14662,-645,0.186,7.039
2025-12-25T19:11:29.239216Z,25mbit,10mbit,800kbit,none,,,14640,14655,-91,0.186,7.327
2025-12-25T19:11:29.739041Z,25mbit,10mbit,800kbit,none,,,15440,14891,-64,0.189,7.395
2025-12-25T19:11:30.241473Z,25mbit,10mbit,800kbit,none,,,15040,14935,434,0.174,6.647
2025-12-25T19:11:30.838766Z,25mbit,10mbit,800kbit,none,,,19040,16167,1504,0.168,7.218
2025-12-25T19:11:31.239001Z,25mbit,10mbit,800kbit,none,,,9392,14134,-521,0.210,7.424
2025-12-25T19:11:31.739163Z,25mbit,10mbit,800kbit,bump_mmtc,reactive,loss,13840,14046,-844,0.202,7.283
2025-12-25T19:11:32.239458Z,25mbit,10mbit,800kbit,none,,,13840,13984,-951,0.209,6.222
2025-12-25T19:11:32.738738Z,25mbit,10mbit,800kbit,none,,,15440,14421,-1745,0.210,6.364
2025-12-25T19:11:33.239298Z,25mbit,10mbit,800kbit,none,,,13440,14126,-7,0.217,6.756
2025-12-25T19:11:33.738269Z,25mbit,10mbit,800kbit,none,,,13840,14040,-5,0.188,6.121
2025-12-25T19:11:34.239061Z,25mbit,10mbit,800kbit,none,,,14640,14220,236,0.188,6.165
2025-12-25T19:11:34.738751Z,25mbit,10mbit,800kbit,none,,,16400,14874,453,0.189,5.538
2025-12-25T19:11:35.240326Z,25mbit,10mbit,800kbit,none,,,13280,14396,269,0.662,8.161
2025-12-25T19:11:35.738729Z,25mbit,10mbit,800kbit,none,,,13840,14229,188,0.667,6.717
2025-12-25T19:11:36.240160Z,25mbit,10mbit,800kbit,none,,,15440,14592,371,0.658,5.439
2025-12-25T19:11:36.738872Z,25mbit,10mbit,800kbit,none,,,13440,14246,-627,0.664,6.226
2025-12-25T19:11:37.238698Z,25mbit,10mbit,800kbit,none,,,15040,14484,88,0.663,7.342
2025-12-25T19:11:37.738788Z,25mbit,10mbit,800kbit,none,,,15040,14651,422,0.217,6.294
2025-12-25T19:11:38.240361Z,25mbit,10mbit,800kbit,none,,,13040,14167,-424,0.228,6.245
2025-12-25T19:11:38.739066Z,25mbit,10mbit,800kbit,none,,,15440,14549,302,0.238,6.220
2025-12-25T19:11:39.238336Z,25mbit,10mbit,800kbit,none,,,13840,14336,-148,0.238,7.568
2025-12-25T19:11:39.739150Z,25mbit,10mbit,800kbit,none,,,15440,14667,16,0.227,6.469
2025-12-25T19:11:40.241412Z,25mbit,10mbit,800kbit,none,,,14640,14659,491,0.226,6.522
2025-12-25T19:11:40.738997Z,25mbit,10mbit,800kbit,bump_mmtc,reactive,loss,15040,14773,224,0.201,7.141
2025-12-25T19:11:41.239090Z,25mbit,10mbit,800kbit,bump_mmtc,reactive,loss,13440,14373,36,0.181,6.697
2025-12-25T19:11:41.738780Z,25mbit,10mbit,800kbit,none,,,13440,14093,-574,0.178,6.322
2025-12-25T19:11:42.240228Z,25mbit,10mbit,800kbit,none,,,13840,14017,-641,0.178,7.216
2025-12-25T19:11:42.739101Z,25mbit,10mbit,800kbit,none,,,15040,14324,-449,0.174,6.197
2025-12-25T19:11:43.238319Z,25mbit,10mbit,800kbit,none,,,13440,14058,-314,0.440,6.453
2025-12-25T19:11:43.738986Z,25mbit,10mbit,800kbit,none,,,15840,14593,499,0.451,6.499
2025-12-25T19:11:44.238605Z,25mbit,10mbit,800kbit,none,,,13840,14367,349,0.845,6.887
2025-12-25T19:11:44.738261Z,25mbit,10mbit,800kbit,none,,,15440,14689,364,0.866,6.380
2025-12-25T19:11:45.240255Z,25mbit,10mbit,800kbit,none,,,13440,14314,255,0.866,6.832
2025-12-25T19:11:45.828733Z,25mbit,10mbit,800kbit,none,,,18080,15444,850,0.601,6.747
2025-12-25T19:11:46.240318Z,25mbit,10mbit,800kbit,none,,,9200,13570,-796,0.601,6.272
2025-12-25T19:11:46.738743Z,25mbit,10mbit,800kbit,none,,,17040,14611,-77,0.601,6.795
2025-12-25T19:11:47.240230Z,25mbit,10mbit,800kbit,none,,,11840,13780,-534,0.601,7.307
2025-12-25T19:11:47.739104Z,25mbit,10mbit,800kbit,none,,,13440,13678,-1765,0.578,7.509
2025-12-25T19:11:48.239184Z,25mbit,10mbit,800kbit,none,,,15440,14206,635,0.188,5.009
2025-12-25T19:11:48.739056Z,25mbit,10mbit,800kbit,none,,,15440,14576,-34,0.162,5.986
2025-12-25T19:11:49.240164Z,25mbit,10mbit,800kbit,none,,,15040,14715,935,0.160,6.153
2025-12-25T19:11:49.739176Z,25mbit,10mbit,800kbit,none,,,13840,14452,774,0.160,6.030
2025-12-25T19:11:50.239631Z,25mbit,10mbit,800kbit,none,,,15872,14878,672,0.161,6.254
2025-12-25T19:11:50.738364Z,25mbit,10mbit,800kbit,none,,,13840,14567,-9,0.167,5.193
2025-12-25T19:11:51.239356Z,25mbit,10mbit,800kbit,none,,,15440,14828,113,0.167,6.986
2025-12-25T19:11:51.738753Z,25mbit,10mbit,800kbit,none,,,15440,15012,559,0.171,6.183
2025-12-25T19:11:52.238815Z,25mbit,10mbit,800kbit,none,,,13040,14420,-458,0.167,6.188
2025-12-25T19:11:52.739148Z,25mbit,10mbit,800kbit,none,,,13840,14246,-320,0.187,5.506
2025-12-25T19:11:53.238959Z,25mbit,10mbit,800kbit,none,,,15040,14484,-344,0.183,7.249
2025-12-25T19:11:53.738366Z,25mbit,10mbit,800kbit,none,,,13440,14171,-841,0.187,6.061
2025-12-25T19:11:54.239023Z,25mbit,10mbit,800kbit,none,,,14640,14311,-108,0.180,6.538
2025-12-25T19:11:54.738340Z,25mbit,10mbit,800kbit,none,,,15440,14650,403,0.188,6.780
2025-12-25T19:11:55.240257Z,25mbit,10mbit,800kbit,none,,,12672,14056,-427,0.188,6.451
2025-12-25T19:11:55.738730Z,25mbit,10mbit,800kbit,none,,,13440,13871,-299,0.187,6.994
2025-12-25T19:11:56.239151Z,25mbit,10mbit,800kbit,bump_mmtc,reactive,loss,13840,13862,-449,0.188,6.576
2025-12-25T19:11:56.738295Z,25mbit,10mbit,800kbit,none,,,15040,14215,-434,0.179,6.237
2025-12-25T19:11:57.239343Z,25mbit,10mbit,800kbit,none,,,14272,14232,175,0.361,6.125
2025-12-25T19:11:57.739253Z,25mbit,10mbit,800kbit,none,,,15040,14474,602,0.378,7.022
2025-12-25T19:11:58.238354Z,25mbit,10mbit,800kbit,none,,,15440,14764,902,0.378,6.245
2025-12-25T19:11:58.739219Z,25mbit,10mbit,800kbit,none,,,15840,15087,871,0.368,6.121
2025-12-25T19:11:59.238299Z,25mbit,10mbit,800kbit,none,,,13440,14592,360,0.368,7.457
2025-12-25T19:11:59.739064Z,25mbit,10mbit,800kbit,none,,,15440,14847,372,0.379,6.951
2025-12-25T19:12:00.239986Z,25mbit,10mbit,800kbit,none,,,15440,15024,260,0.379,6.403
2025-12-25T19:12:00.838355Z,25mbit,10mbit,800kbit,none,,,16400,15437,350,0.369,6.900
2025-12-25T19:12:01.240224Z,25mbit,10mbit,800kbit,none,,,12832,14655,62,0.195,7.244
2025-12-25T19:12:01.739159Z,25mbit,10mbit,800kbit,none,,,13440,14291,-555,0.186,7.058
2025-12-25T19:12:02.239025Z,25mbit,10mbit,800kbit,none,,,13440,14035,-989,0.186,5.944
2025-12-25T19:12:02.738977Z,25mbit,10mbit,800kbit,none,,,13440,13857,-1580,0.198,6.478
2025-12-25T19:12:03.241235Z,25mbit,10mbit,800kbit,none,,,16272,14581,-74,0.198,7.134
2025-12-25T19:12:03.838466Z,25mbit,10mbit,800kbit,bump_mmtc,reactive,loss,16000,15007,715,0.191,6.428
2025-12-25T19:12:04.241518Z,25mbit,10mbit,800kbit,none,,,14480,14848,813,0.202,6.279
2025-12-25T19:12:04.738741Z,25mbit,10mbit,800kbit,none,,,15440,15026,1169,0.246,6.078
2025-12-25T19:12:05.238252Z,25mbit,10mbit,800kbit,none,,,12784,14353,-227,0.238,8.072
2025-12-25T19:12:05.813650Z,25mbit,10mbit,800kbit,none,,,18960,15735,728,0.333,6.245
2025-12-25T19:12:06.239916Z,25mbit,10mbit,800kbit,none,,,11872,14576,-272,0.332,7.203
2025-12-25T19:12:06.738977Z,25mbit,10mbit,800kbit,none,,,15840,14955,-70,0.328,6.781
2025-12-25T19:12:07.238468Z,25mbit,10mbit,800kbit,none,,,12672,14270,-83,0.283,6.559
2025-12-25T19:12:07.738897Z,25mbit,10mbit,800kbit,none,,,15040,14501,-1234,0.287,6.988
2025-12-25T19:12:08.240492Z,25mbit,10mbit,800kbit,none,,,15440,14782,206,0.171,6.622
2025-12-25T19:12:08.817697Z,25mbit,10mbit,800kbit,none,,,14080,14572,-383,0.172,6.820
2025-12-25T19:12:09.239140Z,25mbit,10mbit,800kbit,none,,,11552,13666,-604,0.172,6.240
2025-12-25T19:12:09.739121Z,25mbit,10mbit,800kbit,none,,,15440,14198,-303,0.176,6.224
2025-12-25T19:12:10.238791Z,25mbit,10mbit,800kbit,none,,,13440,13970,-812,0.169,7.083
2025-12-25T19:12:10.738743Z,25mbit,10mbit,800kbit,none,,,12800,13619,-952,0.169,6.644
2025-12-25T19:12:11.239371Z,25mbit,10mbit,800kbit,none,,,13280,13517,-148,0.167,7.292
2025-12-25T19:12:11.739181Z,25mbit,10mbit,800kbit,none,,,15440,14094,-103,0.175,5.432
2025-12-25T19:12:12.238622Z,25mbit,10mbit,800kbit,none,,,15040,14378,407,0.175,5.332
2025-12-25T19:12:12.739207Z,25mbit,10mbit,800kbit,none,,,11840,13616,-2,0.180,7.428
2025-12-25T19:12:13.238971Z,25mbit,10mbit,800kbit,none,,,13040,13443,-74,0.180,7.669
2025-12-25T19:12:13.738852Z,25mbit,10mbit,800kbit,none,,,15040,13922,-171,0.196,4.074
2025-12-25T19:12:14.239022Z,25mbit,10mbit,800kbit,none,,,13440,13777,-600,0.197,5.697
2025-12-25T19:12:14.739129Z,25mbit,10mbit,800kbit,bump_mmtc,reactive,loss,15040,14156,539,0.209,7.278
2025-12-25T19:12:15.239472Z,25mbit,10mbit,800kbit,none,,,15440,14541,1097,0.209,6.761
2025-12-25T19:12:15.738241Z,25mbit,10mbit,800kbit,none,,,15440,14811,888,0.225,4.741
2025-12-25T19:12:16.238296Z,25mbit,10mbit,800kbit,none,,,13440,14399,621,0.557,6.064
2025-12-25T19:12:16.739014Z,25mbit,10mbit,800kbit,none,,,15440,14711,555,0.543,7.452
2025-12-25T19:12:17.240182Z,25mbit,10mbit,800kbit,none,,,14640,14690,148,0.543,6.835
2025-12-25T19:12:17.738809Z,25mbit,10mbit,800kbit,none,,,15040,14795,-15,0.548,5.869
2025-12-25T19:12:18.240140Z,25mbit,10mbit,800kbit,none,,,15040,14868,468,0.541,6.724
2025-12-25T19:12:18.739024Z,25mbit,10mbit,800kbit,none,,,13440,14440,-271,0.541,6.878
2025-12-25T19:12:19.239613Z,25mbit,10mbit,800kbit,none,,,13440,14140,-550,0.541,6.173
2025-12-25T19:12:19.838359Z,25mbit,10mbit,800kbit,none,,,16080,14722,-73,0.527,6.517
2025-12-25T19:12:20.241085Z,25mbit,10mbit,800kbit,none,,,12800,14145,-723,0.478,7.242
2025-12-25T19:12:20.739130Z,25mbit,10mbit,800kbit,none,,,13440,13933,-506,0.474,6.673
2025-12-25T19:12:21.239957Z,25mbit,10mbit,800kbit,bump_mmtc,reactive,loss,12800,13593,-546,0.462,6.872
2025-12-25T19:12:21.739106Z,25mbit,10mbit,800kbit,bump_mmtc,reactive,loss,15440,14147,-574,0.461,6.208
2025-12-25T19:12:22.238263Z,25mbit,10mbit,800kbit,none,,,15040,14415,269,0.451,6.452
2025-12-25T19:12:22.738428Z,25mbit,10mbit,800kbit,none,,,18640,15682,1748,0.162,7.137
2025-12-25T19:12:23.240153Z,25mbit,10mbit,800kbit,none,,,11440,14409,816,0.147,7.224
2025-12-25T19:12:23.739246Z,25mbit,10mbit,800kbit,none,,,15840,14838,691,0.157,6.274
2025-12-25T19:12:24.239189Z,25mbit,10mbit,800kbit,none,,,15040,14899,483,0.163,6.707
2025-12-25T19:12:24.823391Z,25mbit,10mbit,800kbit,none,,,16400,15349,-333,0.224,8.328
2025-12-25T19:12:25.241120Z,25mbit,10mbit,800kbit,none,,,14080,14968,558,0.224,6.737
2025-12-25T19:12:25.738413Z,25mbit,10mbit,800kbit,bump_mmtc,reactive,loss,15440,15110,271,0.228,6.523
2025-12-25T19:12:26.240016Z,25mbit,10mbit,800kbit,none,,,13040,14489,-410,0.242,6.304
2025-12-25T19:12:26.738413Z,25mbit,10mbit,800kbit,none,,,15440,14774,-575,0.253,6.695
2025-12-25T19:12:27.239357Z,25mbit,10mbit,800kbit,none,,,15040,14854,-114,0.253,7.438
2025-12-25T19:12:27.738746Z,25mbit,10mbit,800kbit,bump_mmtc,reactive,loss,15440,15029,-80,0.267,6.264
2025-12-25T19:12:28.241210Z,25mbit,10mbit,800kbit,bump_mmtc,reactive,loss,15440,15152,663,0.785,6.725
2025-12-25T19:12:28.738238Z,25mbit,10mbit,800kbit,none,,,15440,15239,464,0.782,6.722
2025-12-25T19:12:29.240205Z,25mbit,10mbit,800kbit,none,,,15040,15179,325,0.778,7.674
2025-12-25T19:12:29.739091Z,25mbit,10mbit,800kbit,none,,,13440,14657,-372,0.772,6.732
2025-12-25T19:12:30.238395Z,25mbit,10mbit,800kbit,none,,,15040,14772,-380,0.755,8.250
2025-12-25T19:12:30.818749Z,25mbit,10mbit,800kbit,none,,,17280,15524,285,0.742,6.496
2025-12-25T19:12:31.241298Z,25mbit,10mbit,800kbit,none,,,11952,14452,-726,0.740,7.439
2025-12-25T19:12:31.739062Z,25mbit,10mbit,800kbit,none,,,13440,14148,-508,0.743,7.807
2025-12-25T19:12:32.239050Z,25mbit,10mbit,800kbit,none,,,15040,14416,-355,0.743,6.607
2025-12-25T19:12:32.738756Z,25mbit,10mbit,800kbit,none,,,13840,14243,-1281,0.739,6.784
2025-12-25T19:12:33.241121Z,25mbit,10mbit,800kbit,none,,,15040,14482,29,0.739,7.190
2025-12-25T19:12:33.738698Z,25mbit,10mbit,800kbit,none,,,13440,14169,20,0.742,7.545
2025-12-25T19:12:34.238677Z,25mbit,10mbit,800kbit,none,,,11840,13470,-945,0.742,6.891
2025-12-25T19:12:34.822895Z,25mbit,10mbit,800kbit,none,,,17280,14613,370,0.742,5.483
2025-12-25T19:12:35.238789Z,25mbit,10mbit,800kbit,none,,,12800,14069,-412,0.175,8.276
2025-12-25T19:12:35.739151Z,25mbit,10mbit,800kbit,none,,,15040,14360,190,0.198,7.511
2025-12-25T19:12:36.239475Z,25mbit,10mbit,800kbit,none,,,13440,14084,613,0.190,6.073
2025-12-25T19:12:36.738920Z,25mbit,10mbit,800kbit,none,,,11840,13411,-1202,0.191,6.370
2025-12-25T19:12:37.238740Z,25mbit,10mbit,800kbit,none,,,13840,13539,-529,0.189,6.298
2025-12-25T19:12:37.738303Z,25mbit,10mbit,800kbit,none,,,13440,13509,-850,0.203,6.645
2025-12-25T19:12:38.240230Z,25mbit,10mbit,800kbit,bump_mmtc,reactive,loss,15040,13968,-115,0.181,6.548
2025-12-25T19:12:38.738715Z,25mbit,10mbit,800kbit,none,,,15440,14410,999,0.201,5.211
2025-12-25T19:12:39.238973Z,25mbit,10mbit,800kbit,none,,,15872,14848,1308,0.190,6.621
2025-12-25T19:12:39.739101Z,25mbit,10mbit,800kbit,none,,,13840,14546,1036,0.203,6.512
2025-12-25T19:12:40.240239Z,25mbit,10mbit,800kbit,none,,,15040,14694,725,0.203,6.558
2025-12-25T19:12:40.828615Z,25mbit,10mbit,800kbit,none,,,15632,14975,565,0.203,6.646
2025-12-25T19:12:41.239986Z,25mbit,10mbit,800kbit,none,,,12064,14102,-746,0.189,6.561
2025-12-25T19:12:41.738265Z,25mbit,10mbit,800kbit,none,,,15440,14503,-42,0.199,7.058
2025-12-25T19:12:42.239483Z,25mbit,10mbit,800kbit,none,,,11840,13704,-989,0.199,6.039
2025-12-25T19:12:42.738857Z,25mbit,10mbit,800kbit,none,,,15040,14105,-870,0.189,6.324
2025-12-25T19:12:43.238263Z,25mbit,10mbit,800kbit,none,,,16272,14755,653,0.336,5.823
2025-12-25T19:12:43.738277Z,25mbit,10mbit,800kbit,none,,,15040,14840,337,0.332,7.371
2025-12-25T19:12:44.238697Z,25mbit,10mbit,800kbit,none,,,13440,14420,715,0.327,6.055
2025-12-25T19:12:44.738770Z,25mbit,10mbit,800kbit,none,,,16272,14975,870,0.316,5.706
2025-12-25T19:12:45.239952Z,25mbit,10mbit,800kbit,none,,,15440,15115,359,0.308,7.453
2025-12-25T19:12:45.738318Z,25mbit,10mbit,800kbit,none,,,15040,15092,251,0.172,6.762
2025-12-25T19:12:46.238845Z,25mbit,10mbit,800kbit,none,,,13040,14476,56,0.153,7.017
2025-12-25T19:12:46.739083Z,25mbit,10mbit,800kbit,none,,,13440,14165,-810,0.193,5.592
2025-12-25T19:12:47.239226Z,25mbit,10mbit,800kbit,none,,,15440,14548,-567,0.189,6.006
2025-12-25T19:12:47.738392Z,25mbit,10mbit,800kbit,none,,,15440,14815,-276,0.204,7.046
2025-12-25T19:12:48.240037Z,25mbit,10mbit,800kbit,none,,,15040,14882,406,0.204,7.509
2025-12-25T19:12:48.738910Z,25mbit,10mbit,800kbit,none,,,15872,15179,1013,0.198,5.770
2025-12-25T19:12:49.240247Z,25mbit,10mbit,800kbit,none,,,15440,15257,709,0.206,6.338
2025-12-25T19:12:49.828606Z,25mbit,10mbit,800kbit,none,,,14800,15120,304,0.977,7.614
2025-12-25T19:12:50.240484Z,25mbit,10mbit,800kbit,none,,,13664,14683,-199,1.675,8.159
2025-12-25T19:12:50.823576Z,25mbit,10mbit,800kbit,none,,,14800,14718,-461,1.675,6.645
2025-12-25T19:12:51.238276Z,25mbit,10mbit,800kbit,none,,,14080,14526,-730,1.675,6.356
2025-12-25T19:12:51.739009Z,25mbit,10mbit,800kbit,none,,,13440,14200,-919,1.660,7.672
2025-12-25T19:12:52.240305Z,25mbit,10mbit,800kbit,none,,,15040,14452,-230,1.660,7.331
2025-12-25T19:12:52.813371Z,25mbit,10mbit,800kbit,none,,,18240,15588,870,1.660,6.305
2025-12-25T19:12:53.239986Z,25mbit,10mbit,800kbit,none,,,11440,14344,-182,1.656,7.651
2025-12-25T19:12:53.739216Z,25mbit,10mbit,800kbit,none,,,15440,14672,472,1.702,8.829
2025-12-25T19:12:54.240054Z,25mbit,10mbit,800kbit,none,,,14640,14663,210,1.702,7.161
2025-12-25T19:12:54.738262Z,25mbit,10mbit,800kbit,none,,,15440,14896,-692,0.918,8.124
2025-12-25T19:12:55.239013Z,25mbit,10mbit,800kbit,none,,,15040,14939,595,0.918,7.867
2025-12-25T19:12:55.738290Z,25mbit,10mbit,800kbit,none,,,15040,14969,296,0.253,8.195
2025-12-25T19:12:56.239220Z,25mbit,10mbit,800kbit,none,,,13440,14510,-152,0.251,6.952
2025-12-25T19:12:56.739012Z,25mbit,10mbit,800kbit,none,,,15440,14789,-106,0.258,6.646
2025-12-25T19:12:57.240041Z,25mbit,10mbit,800kbit,none,,,14672,14754,-185,0.258,8.535
2025-12-25T19:12:57.738612Z,25mbit,10mbit,800kbit,none,,,15840,15079,110,0.258,7.042
2025-12-25T19:12:58.238968Z,25mbit,10mbit,800kbit,none,,,13040,14467,-42,0.208,7.370
2025-12-25T19:12:58.738722Z,25mbit,10mbit,800kbit,none,,,13440,14159,-629,0.196,6.830
2025-12-25T19:12:59.238759Z,25mbit,10mbit,800kbit,none,,,13040,13823,-930,0.364,7.080
2025-12-25T19:12:59.739054Z,25mbit,10mbit,800kbit,none,,,13840,13828,-1251,0.381,6.475
2025-12-25T19:13:00.239097Z,25mbit,10mbit,800kbit,none,,,13040,13592,-875,0.373,7.558
2025-12-25T19:13:00.738378Z,25mbit,10mbit,800kbit,none,,,15440,14146,-13,0.390,6.133
2025-12-25T19:13:01.243300Z,25mbit,10mbit,800kbit,none,,,15440,14534,710,0.390,6.190
2025-12-25T19:13:01.738833Z,25mbit,10mbit,800kbit,none,,,14272,14455,627,0.394,6.990
2025-12-25T19:13:02.238981Z,25mbit,10mbit,800kbit,none,,,13440,14151,559,0.207,7.233
2025-12-25T19:13:02.738464Z,25mbit,10mbit,800kbit,none,,,15440,14537,391,0.199,6.452
2025-12-25T19:13:03.239970Z,25mbit,10mbit,800kbit,none,,,15040,14688,153,0.199,6.108
2025-12-25T19:13:03.739112Z,25mbit,10mbit,800kbit,bump_mmtc,reactive,loss,14272,14563,107,0.200,6.987
2025-12-25T19:13:04.239170Z,25mbit,10mbit,800kbit,none,,,15872,14956,805,0.186,7.215
2025-12-25T19:13:04.739083Z,25mbit,10mbit,800kbit,none,,,15440,15101,563,0.167,5.750
2025-12-25T19:13:05.238355Z,25mbit,10mbit,800kbit,none,,,13440,14602,-85,0.158,6.356
2025-12-25T19:13:05.738814Z,25mbit,10mbit,800kbit,none,,,16272,15103,540,0.184,7.140
2025-12-25T19:13:06.240286Z,25mbit,10mbit,800kbit,none,,,13440,14604,-351,0.190,7.678
2025-12-25T19:13:06.739062Z,25mbit,10mbit,800kbit,none,,,13840,14375,-726,0.216,6.442
2025-12-25T19:13:07.239131Z,25mbit,10mbit,800kbit,none,,,15040,14574,-28,0.216,6.297
2025-12-25T19:13:07.739074Z,25mbit,10mbit,800kbit,none,,,13440,14234,-869,0.245,6.933
2025-12-25T19:13:08.240036Z,25mbit,10mbit,800kbit,none,,,11840,13515,-1088,0.241,6.958
2025-12-25T19:13:08.738966Z,25mbit,10mbit,800kbit,none,,,11840,13013,-1361,0.233,6.000
2025-12-25T19:13:09.239162Z,25mbit,10mbit,800kbit,none,,,16272,13990,-583,0.233,5.852
2025-12-25T19:13:09.738887Z,25mbit,10mbit,800kbit,none,,,15440,14425,191,0.244,5.840
2025-12-25T19:13:10.238915Z,25mbit,10mbit,800kbit,none,,,15872,14859,1343,0.220,7.663
2025-12-25T19:13:10.739267Z,25mbit,10mbit,800kbit,none,,,15440,15033,2020,0.220,6.280
2025-12-25T19:13:11.239303Z,25mbit,10mbit,800kbit,none,,,15040,15035,1044,0.193,6.039
2025-12-25T19:13:11.738722Z,25mbit,10mbit,800kbit,bump_mmtc,reactive,loss,15840,15276,851,0.196,6.921
2025-12-25T19:13:12.239034Z,25mbit,10mbit,800kbit,none,,,15040,15205,346,0.173,7.918
2025-12-25T19:13:12.738822Z,25mbit,10mbit,800kbit,bump_mmtc,reactive,loss,15440,15276,242,0.162,6.799
2025-12-25T19:13:13.240298Z,25mbit,10mbit,800kbit,none,,,15440,15325,289,0.154,5.760
2025-12-25T19:13:13.738733Z,25mbit,10mbit,800kbit,none,,,15040,15239,-37,0.174,6.932
2025-12-25T19:13:14.240283Z,25mbit,10mbit,800kbit,none,,,15040,15179,-26,0.179,7.015
2025-12-25T19:13:14.738371Z,25mbit,10mbit,800kbit,none,,,15040,15137,-138,0.206,6.768
2025-12-25T19:13:15.240396Z,25mbit,10mbit,800kbit,none,,,15440,15228,-96,0.201,6.887
2025-12-25T19:13:15.738250Z,25mbit,10mbit,800kbit,none,,,13440,14691,-547,0.233,6.921
2025-12-25T19:13:16.239005Z,25mbit,10mbit,800kbit,none,,,13040,14196,-983,0.849,7.582
2025-12-25T19:13:16.739000Z,25mbit,10mbit,800kbit,none,,,13440,13969,-1168,0.851,6.239
2025-12-25T19:13:17.240553Z,25mbit,10mbit,800kbit,none,,,13040,13690,-1537,1.393,7.258
2025-12-25T19:13:17.738792Z,25mbit,10mbit,800kbit,none,,,13440,13615,-1076,1.400,7.180
2025-12-25T19:13:18.240447Z,25mbit,10mbit,800kbit,none,,,14272,13812,-383,1.382,6.734
2025-12-25T19:13:18.738268Z,25mbit,10mbit,800kbit,none,,,15440,14300,331,0.754,6.385
2025-12-25T19:13:19.238630Z,25mbit,10mbit,800kbit,none,,,13440,14042,351,0.746,7.119
2025-12-25T19:13:19.739152Z,25mbit,10mbit,800kbit,none,,,15040,14341,726,0.178,7.713
2025-12-25T19:13:20.239011Z,25mbit,10mbit,800kbit,none,,,14640,14431,618,0.194,6.541
2025-12-25T19:13:20.739116Z,25mbit,10mbit,800kbit,bump_mmtc,reactive,loss,15440,14733,433,0.197,6.861
2025-12-25T19:13:21.240012Z,25mbit,10mbit,800kbit,none,,,13040,14225,183,0.184,7.366
2025-12-25T19:13:21.739172Z,25mbit,10mbit,800kbit,none,,,15440,14589,248,0.187,6.749
2025-12-25T19:13:22.240399Z,25mbit,10mbit,800kbit,none,,,13440,14244,-186,0.186,6.394
2025-12-25T19:13:22.738739Z,25mbit,10mbit,800kbit,none,,,15040,14483,-250,0.166,6.709
2025-12-25T19:13:23.240199Z,25mbit,10mbit,800kbit,none,,,13840,14290,64,0.159,6.731
2025-12-25T19:13:23.738990Z,25mbit,10mbit,800kbit,none,,,15440,14635,45,0.190,6.172
2025-12-25T19:13:24.240037Z,25mbit,10mbit,800kbit,none,,,15872,15006,761,0.191,6.713
2025-12-25T19:13:24.738738Z,25mbit,10mbit,800kbit,none,,,15840,15256,772,0.195,6.942
2025-12-25T19:13:25.238476Z,25mbit,10mbit,800kbit,bump_mmtc,reactive,loss,15040,15191,901,0.198,7.041
2025-12-25T19:13:25.738826Z,25mbit,10mbit,800kbit,none,,,15440,15266,630,0.192,6.614
2025-12-25T19:13:26.240390Z,25mbit,10mbit,800kbit,none,,,15840,15438,431,0.192,6.934
2025-12-25T19:13:26.739043Z,25mbit,10mbit,800kbit,none,,,16272,15688,431,0.177,7.216
2025-12-25T19:13:27.238988Z,25mbit,10mbit,800kbit,none,,,13840,15133,-57,0.168,7.328
2025-12-25T19:13:27.738314Z,25mbit,10mbit,800kbit,none,,,16640,15585,319,0.377,6.803
2025-12-25T19:13:28.239106Z,25mbit,10mbit,800kbit,none,,,9824,13857,-1581,0.370,7.043
2025-12-25T19:13:28.739033Z,25mbit,10mbit,800kbit,none,,,15440,14332,-1356,0.388,7.021
2025-12-25T19:13:29.238696Z,25mbit,10mbit,800kbit,none,,,15440,14664,-469,0.378,7.124
2025-12-25T19:13:29.738414Z,25mbit,10mbit,800kbit,none,,,13440,14297,-1288,0.392,7.439
2025-12-25T19:13:30.241122Z,25mbit,10mbit,800kbit,none,,,15872,14769,912,0.177,6.199
2025-12-25T19:13:30.738352Z,25mbit,10mbit,800kbit,none,,,15440,14970,638,0.202,6.063
2025-12-25T19:13:31.243200Z,25mbit,10mbit,800kbit,none,,,13440,14511,-152,0.188,7.816
2025-12-25T19:13:31.739009Z,25mbit,10mbit,800kbit,none,,,15440,14790,492,0.188,6.867
2025-12-25T19:13:32.240403Z,25mbit,10mbit,800kbit,none,,,15040,14865,95,0.189,7.535
2025-12-25T19:13:32.738308Z,25mbit,10mbit,800kbit,none,,,15040,14917,-53,0.192,6.165
2025-12-25T19:13:33.240353Z,25mbit,10mbit,800kbit,none,,,15440,15074,562,0.184,6.400
2025-12-25T19:13:33.738998Z,25mbit,10mbit,800kbit,none,,,13440,14583,-206,0.170,7.160
2025-12-25T19:13:34.240080Z,25mbit,10mbit,800kbit,none,,,15040,14720,-144,0.191,6.795
2025-12-25T19:13:34.818233Z,25mbit,10mbit,800kbit,none,,,17280,15488,571,0.191,6.234
2025-12-25T19:13:35.238469Z,25mbit,10mbit,800kbit,none,,,12800,14681,-392,0.351,7.275
2025-12-25T19:13:35.738815Z,25mbit,10mbit,800kbit,none,,,11840,13829,-754,0.349,7.122
2025-12-25T19:13:36.239438Z,25mbit,10mbit,800kbit,none,,,13440,13712,-1008,0.356,6.231
2025-12-25T19:13:36.813467Z,25mbit,10mbit,800kbit,none,,,18640,15190,-297,0.375,5.656
2025-12-25T19:13:37.241205Z,25mbit,10mbit,800kbit,none,,,9360,13441,-1240,0.375,7.065
2025-12-25T19:13:37.738270Z,25mbit,10mbit,800kbit,none,,,16320,14305,475,0.374,7.899
2025-12-25T19:13:38.243301Z,25mbit,10mbit,800kbit,none,,,15872,14775,1062,0.374,5.343
2025-12-25T19:13:38.739057Z,25mbit,10mbit,800kbit,none,,,16272,15224,33,0.219,5.978
2025-12-25T19:13:39.239206Z,25mbit,10mbit,800kbit,none,,,10720,13872,431,0.219,7.934
2025-12-25T19:13:39.819058Z,25mbit,10mbit,800kbit,none,,,21152,16056,1751,0.219,6.443
2025-12-25T19:13:40.240960Z,25mbit,10mbit,800kbit,bump_mmtc,reactive,loss,13680,15343,568,0.212,5.502
2025-12-25T19:13:40.813371Z,25mbit,10mbit,800kbit,none,,,16400,15660,436,0.216,7.593
2025-12-25T19:13:41.240269Z,25mbit,10mbit,800kbit,none,,,14080,15186,1313,0.216,8.284
2025-12-25T19:13:41.739076Z,25mbit,10mbit,800kbit,none,,,15440,15262,-794,0.216,5.425
2025-12-25T19:13:42.240318Z,25mbit,10mbit,800kbit,none,,,15040,15195,-147,0.179,5.282
2025-12-25T19:13:42.738940Z,25mbit,10mbit,800kbit,none,,,13440,14669,-991,0.178,7.833
2025-12-25T19:13:43.239389Z,25mbit,10mbit,800kbit,none,,,13040,14180,-1006,0.179,8.141
2025-12-25T19:13:43.739068Z,25mbit,10mbit,800kbit,none,,,15040,14438,-824,0.184,4.236
2025-12-25T19:13:44.239122Z,25mbit,10mbit,800kbit,none,,,15040,14618,-576,0.181,6.995
2025-12-25T19:13:44.739009Z,25mbit,10mbit,800kbit,none,,,15440,14865,196,0.181,6.868
2025-12-25T19:13:45.238672Z,25mbit,10mbit,800kbit,none,,,15040,14917,737,0.201,8.404
2025-12-25T19:13:45.738254Z,25mbit,10mbit,800kbit,none,,,15040,14954,516,0.201,5.367
2025-12-25T19:13:46.240340Z,25mbit,10mbit,800kbit,none,,,15440,15100,481,0.188,6.764
2025-12-25T19:13:46.739135Z,25mbit,10mbit,800kbit,none,,,15840,15322,456,0.193,7.571
2025-12-25T19:13:47.240130Z,25mbit,10mbit,800kbit,none,,,11120,14061,-856,0.204,8.013
2025-12-25T19:13:47.738347Z,25mbit,10mbit,800kbit,none,,,17360,15050,96,0.216,5.957
2025-12-25T19:13:48.238705Z,25mbit,10mbit,800kbit,none,,,15440,15167,67,0.216,6.189
2025-12-25T19:13:48.738712Z,25mbit,10mbit,800kbit,none,,,16272,15498,176,0.219,7.802
2025-12-25T19:13:49.239327Z,25mbit,10mbit,800kbit,none,,,8480,13393,-668,0.224,7.344
2025-12-25T19:13:49.738990Z,25mbit,10mbit,800kbit,none,,,19600,15255,204,0.236,5.706
2025-12-25T19:13:50.238298Z,25mbit,10mbit,800kbit,none,,,11840,14230,-936,0.225,6.403
2025-12-25T19:13:50.738410Z,25mbit,10mbit,800kbit,none,,,15440,14593,-905,0.213,9.351
2025-12-25T19:13:51.238402Z,25mbit,10mbit,800kbit,none,,,15440,14847,1454,0.213,6.555
2025-12-25T19:13:51.738369Z,25mbit,10mbit,800kbit,bump_mmtc,reactive,loss,15440,15025,-230,0.196,4.888
2025-12-25T19:13:52.240135Z,25mbit,10mbit,800kbit,none,,,11760,14045,-185,0.195,5.844
2025-12-25T19:13:52.738727Z,25mbit,10mbit,800kbit,none,,,14720,14247,-345,0.179,7.391
2025-12-25T19:13:53.239218Z,25mbit,10mbit,800kbit,none,,,13440,14005,-841,0.170,6.925
2025-12-25T19:13:53.739088Z,25mbit,10mbit,800kbit,bump_mmtc,reactive,loss,15840,14555,-469,0.179,4.505
2025-12-25T19:13:54.240131Z,25mbit,10mbit,800kbit,none,,,15440,14821,775,0.193,7.348
2025-12-25T19:13:54.828006Z,25mbit,10mbit,800kbit,none,,,14400,14694,446,0.193,6.573
2025-12-25T19:13:55.240041Z,25mbit,10mbit,800kbit,none,,,8000,12686,-1319,0.193,5.678
2025-12-25T19:13:55.739128Z,25mbit,10mbit,800kbit,bump_mmtc,reactive,loss,20304,14971,415,0.204,4.758
2025-12-25T19:13:56.238841Z,25mbit,10mbit,800kbit,none,,,8080,12904,-1916,0.194,7.852
2025-12-25T19:13:56.828837Z,25mbit,10mbit,800kbit,none,,,24400,16352,1658,0.209,5.967
2025-12-25T19:13:57.239971Z,25mbit,10mbit,800kbit,bump_mmtc,reactive,loss,11840,14999,2312,0.191,5.747
2025-12-25T19:13:57.818825Z,25mbit,10mbit,800kbit,none,,,17040,15611,639,0.191,7.459
2025-12-25T19:13:58.238981Z,25mbit,10mbit,800kbit,none,,,11840,14479,1575,0.171,4.966
2025-12-25T19:13:58.738297Z,25mbit,10mbit,800kbit,none,,,13840,14287,-2064,0.169,5.644
2025-12-25T19:13:59.240168Z,25mbit,10mbit,800kbit,none,,,8480,12545,-2453,0.199,5.382
2025-12-25T19:13:59.739094Z,25mbit,10mbit,800kbit,none,,,22400,15501,-109,0.199,3.384
2025-12-25T19:14:00.238672Z,25mbit,10mbit,800kbit,none,,,8480,13395,-1084,0.207,5.633
2025-12-25T19:14:00.738962Z,25mbit,10mbit,800kbit,none,,,21600,15856,1568,0.212,5.595
2025-12-25T19:14:01.240447Z,25mbit,10mbit,800kbit,none,,,15040,15611,3066,0.212,5.718
2025-12-25T19:14:01.739014Z,25mbit,10mbit,800kbit,none,,,15040,15440,-61,0.223,5.429
2025-12-25T19:14:02.239762Z,25mbit,10mbit,800kbit,none,,,15040,15320,1924,0.214,4.887
2025-12-25T19:14:02.738852Z,25mbit,10mbit,800kbit,none,,,15040,15236,-620,0.203,5.493
2025-12-25T19:14:03.238957Z,25mbit,10mbit,800kbit,none,,,15040,15177,-434,0.290,6.027
2025-12-25T19:14:03.738255Z,25mbit,10mbit,800kbit,none,,,14672,15025,-414,0.291,5.288
2025-12-25T19:14:04.238341Z,25mbit,10mbit,800kbit,bump_mmtc,reactive,loss,15440,15149,-170,1.052,6.678
2025-12-25T19:14:04.738724Z,25mbit,10mbit,800kbit,none,,,15440,15236,0,1.083,5.030
2025-12-25T19:14:05.239975Z,25mbit,10mbit,800kbit,none,,,15440,15297,120,1.083,6.352
2025-12-25T19:14:05.739062Z,25mbit,10mbit,800kbit,none,,,14272,14990,-35,1.083,6.816
2025-12-25T19:14:06.240198Z,25mbit,10mbit,800kbit,none,,,8480,13037,-2112,1.064,8.123
2025-12-25T19:14:06.739197Z,25mbit,10mbit,800kbit,none,,,20320,15221,-15,0.978,4.903
2025-12-25T19:14:07.239086Z,25mbit,10mbit,800kbit,none,,,15440,15287,-10,0.968,8.140
2025-12-25T19:14:07.739069Z,25mbit,10mbit,800kbit,bump_mmtc,reactive,loss,15840,15453,463,0.197,9.401
2025-12-25T19:14:08.239152Z,25mbit,10mbit,800kbit,none,,,9520,13673,636,0.197,7.090
2025-12-25T19:14:08.738729Z,25mbit,10mbit,800kbit,none,,,17760,14899,-322,0.179,4.424
2025-12-25T19:14:09.239475Z,25mbit,10mbit,800kbit,bump_mmtc,reactive,loss,11840,13981,-1305,0.190,7.349
2025-12-25T19:14:09.739173Z,25mbit,10mbit,800kbit,none,,,15440,14419,-1034,0.190,10.056
2025-12-25T19:14:10.238291Z,25mbit,10mbit,800kbit,none,,,14640,14485,812,0.190,6.492
2025-12-25T19:14:10.738759Z,25mbit,10mbit,800kbit,none,,,11840,13691,-1207,0.176,4.276
2025-12-25T19:14:11.238731Z,25mbit,10mbit,800kbit,none,,,15040,14096,114,0.226,6.533
2025-12-25T19:14:11.738741Z,25mbit,10mbit,800kbit,bump_mmtc,reactive,loss,15440,14499,80,0.234,6.925
2025-12-25T19:14:12.238259Z,25mbit,10mbit,800kbit,none,,,13840,14301,-183,0.234,7.296
2025-12-25T19:14:12.738278Z,25mbit,10mbit,800kbit,none,,,16272,14892,1200,0.232,4.319
2025-12-25T19:14:13.239208Z,25mbit,10mbit,800kbit,none,,,8480,12968,-1127,0.232,7.091
2025-12-25T19:14:13.738716Z,25mbit,10mbit,800kbit,none,,,22000,15678,1178,0.245,5.029
2025-12-25T19:14:14.238486Z,25mbit,10mbit,800kbit,none,,,8480,13518,-782,0.630,6.767
2025-12-25T19:14:14.813271Z,25mbit,10mbit,800kbit,none,,,20000,15463,570,0.630,7.910
2025-12-25T19:14:15.240388Z,25mbit,10mbit,800kbit,none,,,15040,15336,2367,0.591,5.267
2025-12-25T19:14:15.738757Z,25mbit,10mbit,800kbit,none,,,15040,15247,-430,0.593,6.844
2025-12-25T19:14:16.238442Z,25mbit,10mbit,800kbit,none,,,8480,13217,-301,0.593,5.348
2025-12-25T19:14:16.848748Z,25mbit,10mbit,800kbit,none,,,17760,14579,-883,0.577,4.987
2025-12-25T19:14:17.239405Z,25mbit,10mbit,800kbit,none,,,6672,12207,-3128,0.241,5.680
2025-12-25T19:14:17.739164Z,25mbit,10mbit,800kbit,none,,,18320,14041,-1206,0.247,5.338
2025-12-25T19:14:18.239093Z,25mbit,10mbit,800kbit,none,,,13440,13860,643,0.233,5.460
2025-12-25T19:14:18.738280Z,25mbit,10mbit,800kbit,none,,,15040,14214,-365,0.250,4.456
2025-12-25T19:14:19.240367Z,25mbit,10mbit,800kbit,none,,,15040,14462,2254,0.250,4.051
2025-12-25T19:14:19.739119Z,25mbit,10mbit,800kbit,none,,,13840,14275,234,0.325,5.298
2025-12-25T19:14:20.238334Z,25mbit,10mbit,800kbit,none,,,8480,12536,-1324,0.325,6.288
2025-12-25T19:14:20.738743Z,25mbit,10mbit,800kbit,none,,,21552,15241,1026,0.290,2.503
2025-12-25T19:14:21.240028Z,25mbit,10mbit,800kbit,none,,,15040,15181,718,0.287,6.317
2025-12-25T19:14:21.738899Z,25mbit,10mbit,800kbit,none,,,13440,14658,383,0.297,6.637
2025-12-25T19:14:22.240200Z,25mbit,10mbit,800kbit,none,,,12960,14149,1612,0.297,4.773
2025-12-25T19:14:22.738315Z,25mbit,10mbit,800kbit,none,,,15552,14569,-671,0.278,3.350
2025-12-25T19:14:23.240398Z,25mbit,10mbit,800kbit,none,,,12960,14086,-1094,0.278,5.671
2025-12-25T19:14:23.738958Z,25mbit,10mbit,800kbit,none,,,16912,14934,275,0.208,7.643
2025-12-25T19:14:24.238577Z,25mbit,10mbit,800kbit,bump_mmtc,reactive,loss,10352,13559,-589,0.204,6.841
2025-12-25T19:14:24.848875Z,25mbit,10mbit,800kbit,none,,,20000,15491,921,0.204,3.292
2025-12-25T19:14:25.240099Z,25mbit,10mbit,800kbit,none,,,5840,12596,-1490,0.204,6.098
2025-12-25T19:14:25.738423Z,25mbit,10mbit,800kbit,none,,,21952,15402,468,0.200,7.584
2025-12-25T19:14:26.239147Z,25mbit,10mbit,800kbit,bump_mmtc,reactive,loss,13440,14814,1254,0.183,6.461
2025-12-25T19:14:26.739223Z,25mbit,10mbit,800kbit,none,,,15040,14881,-609,0.187,6.481
2025-12-25T19:14:27.240251Z,25mbit,10mbit,800kbit,none,,,13440,14449,1853,0.187,5.167
2025-12-25T19:14:27.739153Z,25mbit,10mbit,800kbit,none,,,15040,14626,-776,0.174,4.719
2025-12-25T19:14:28.239971Z,25mbit,10mbit,800kbit,none,,,9360,13046,-1767,0.174,6.103
2025-12-25T19:14:28.738800Z,25mbit,10mbit,800kbit,none,,,21152,15478,596,0.192,4.196
2025-12-25T19:14:29.240955Z,25mbit,10mbit,800kbit,none,,,12944,14717,268,0.192,6.547
2025-12-25T19:14:29.739237Z,25mbit,10mbit,800kbit,none,,,15120,14838,212,0.192,5.705
2025-12-25T19:14:30.240829Z,25mbit,10mbit,800kbit,none,,,15040,14898,1852,0.185,5.223
2025-12-25T19:14:30.738878Z,25mbit,10mbit,800kbit,none,,,13840,14581,-896,0.211,5.041
2025-12-25T19:14:31.239003Z,25mbit,10mbit,800kbit,none,,,6880,12270,-2447,0.196,6.091
2025-12-25T19:14:31.738409Z,25mbit,10mbit,800kbit,none,,,21600,15069,231,0.202,4.241
2025-12-25T19:14:32.238859Z,25mbit,10mbit,800kbit,none,,,14640,14940,41,0.202,6.654
2025-12-25T19:14:32.739342Z,25mbit,10mbit,800kbit,none,,,15040,14970,389,0.202,6.113
2025-12-25T19:14:33.240340Z,25mbit,10mbit,800kbit,none,,,16272,15360,3090,0.169,5.702
2025-12-25T19:14:33.738756Z,25mbit,10mbit,800kbit,bump_mmtc,reactive,loss,13440,14784,-284,0.175,4.214
2025-12-25T19:14:34.239008Z,25mbit,10mbit,800kbit,none,,,16672,15350,410,0.153,6.227
2025-12-25T19:14:34.739088Z,25mbit,10mbit,800kbit,none,,,17872,16107,1136,0.201,7.250
2025-12-25T19:14:35.240281Z,25mbit,10mbit,800kbit,none,,,11040,14587,-773,0.200,7.910
2025-12-25T19:14:35.858768Z,25mbit,10mbit,800kbit,bump_mmtc,reactive,loss,17680,15514,730,0.204,4.068
2025-12-25T19:14:36.240089Z,25mbit,10mbit,800kbit,bump_mmtc,reactive,loss,5840,12612,-2738,0.198,5.734
2025-12-25T19:14:36.738750Z,25mbit,10mbit,800kbit,none,,,24224,16095,-11,0.198,6.032
2025-12-25T19:14:37.240999Z,25mbit,10mbit,800kbit,none,,,12832,15116,529,0.198,6.414
2025-12-25T19:14:37.738752Z,25mbit,10mbit,800kbit,none,,,17120,15717,202,0.224,9.470
2025-12-25T19:14:38.238421Z,25mbit,10mbit,800kbit,none,,,8480,13546,933,0.188,4.111
2025-12-25T19:14:38.739057Z,25mbit,10mbit,800kbit,none,,,18720,15098,-997,0.200,3.598
2025-12-25T19:14:39.238886Z,25mbit,10mbit,800kbit,none,,,8480,13112,-2003,0.258,6.519
2025-12-25T19:14:39.738329Z,25mbit,10mbit,800kbit,bump_mmtc,reactive,loss,21200,15539,-178,0.267,8.071
2025-12-25T19:14:40.238708Z,25mbit,10mbit,800kbit,none,,,8480,13421,-125,0.247,4.085
2025-12-25T19:14:40.818302Z,25mbit,10mbit,800kbit,none,,,20960,15682,584,0.247,3.235
2025-12-25T19:14:41.241355Z,25mbit,10mbit,800kbit,none,,,6720,12994,-118,0.244,5.728
2025-12-25T19:14:41.738777Z,25mbit,10mbit,800kbit,none,,,20320,15191,-347,0.241,6.858
2025-12-25T19:14:42.241164Z,25mbit,10mbit,800kbit,none,,,15040,15146,1724,0.241,3.410
2025-12-25T19:14:42.739043Z,25mbit,10mbit,800kbit,bump_mmtc,reactive,loss,13840,14754,-928,0.190,4.422
2025-12-25T19:14:43.238871Z,25mbit,10mbit,800kbit,none,,,15040,14840,1846,0.185,4.252
2025-12-25T19:14:43.738412Z,25mbit,10mbit,800kbit,bump_mmtc,reactive,loss,15040,14900,-291,0.194,3.886
2025-12-25T19:14:44.239083Z,25mbit,10mbit,800kbit,none,,,10720,13646,-1500,0.198,4.725
2025-12-25T19:14:44.738912Z,25mbit,10mbit,800kbit,bump_mmtc,reactive,loss,19328,15350,596,0.196,4.200
2025-12-25T19:14:45.238360Z,25mbit,10mbit,800kbit,none,,,15440,15377,537,0.422,5.768
2025-12-25T19:14:45.739211Z,25mbit,10mbit,800kbit,none,,,15440,15396,496,0.422,4.649
2025-12-25T19:14:46.238878Z,25mbit,10mbit,800kbit,none,,,8480,13321,-324,0.445,5.892
2025-12-25T19:14:46.738815Z,25mbit,10mbit,800kbit,none,,,21600,15804,454,0.451,4.670
2025-12-25T19:14:47.238369Z,25mbit,10mbit,800kbit,none,,,8480,13607,-1769,0.624,6.115
2025-12-25T19:14:47.738738Z,25mbit,10mbit,800kbit,bump_mmtc,reactive,loss,18720,15141,-254,0.390,7.959
2025-12-25T19:14:48.240290Z,25mbit,10mbit,800kbit,none,,,15440,15230,1909,0.397,6.531
2025-12-25T19:14:48.738968Z,25mbit,10mbit,800kbit,none,,,15040,15173,-631,0.381,5.631
2025-12-25T19:14:49.240014Z,25mbit,10mbit,800kbit,none,,,15040,15133,1526,0.371,5.226
2025-12-25T19:14:49.739093Z,25mbit,10mbit,800kbit,none,,,13840,14745,-395,0.196,7.356
2025-12-25T19:14:50.240078Z,25mbit,10mbit,800kbit,none,,,15040,14833,-397,0.196,6.128
2025-12-25T19:14:50.738259Z,25mbit,10mbit,800kbit,none,,,15440,15015,-157,0.224,5.053
2025-12-25T19:14:51.240376Z,25mbit,10mbit,800kbit,none,,,8080,12934,-2198,0.221,6.860
2025-12-25T19:14:51.738486Z,25mbit,10mbit,800kbit,none,,,20320,15150,405,0.209,3.683
2025-12-25T19:14:52.240376Z,25mbit,10mbit,800kbit,none,,,8480,13149,-1684,0.211,6.060
2025-12-25T19:14:52.739042Z,25mbit,10mbit,800kbit,none,,,18320,14700,-315,0.219,6.923
2025-12-25T19:14:53.239121Z,25mbit,10mbit,800kbit,bump_mmtc,reactive,loss,11120,13626,691,0.191,6.378
2025-12-25T19:14:53.738977Z,25mbit,10mbit,800kbit,none,,,18960,15226,75,0.187,5.608
2025-12-25T19:14:54.238723Z,25mbit,10mbit,800kbit,none,,,8480,13202,53,0.185,5.570
2025-12-25T19:14:54.739176Z,25mbit,10mbit,800kbit,bump_mmtc,reactive,loss,20320,15337,637,0.193,7.229
2025-12-25T19:14:55.239964Z,25mbit,10mbit,800kbit,none,,,13840,14888,1262,0.193,5.980
2025-12-25T19:14:55.819088Z,25mbit,10mbit,800kbit,none,,,13440,14453,-772,0.193,6.218
2025-12-25T19:14:56.238348Z,25mbit,10mbit,800kbit,none,,,8880,12781,-420,0.193,5.100
2025-12-25T19:14:56.739106Z,25mbit,10mbit,800kbit,none,,,21600,15427,89,0.188,3.130
2025-12-25T19:14:57.238538Z,25mbit,10mbit,800kbit,none,,,13840,14951,62,0.846,6.317
2025-12-25T19:14:57.738265Z,25mbit,10mbit,800kbit,none,,,15040,14977,523,0.858,7.288
2025-12-25T19:14:58.238615Z,25mbit,10mbit,800kbit,none,,,14192,14742,1960,0.858,6.038
2025-12-25T19:14:58.739214Z,25mbit,10mbit,800kbit,none,,,14672,14721,-706,0.856,3.372
2025-12-25T19:14:59.240319Z,25mbit,10mbit,800kbit,none,,,13760,14432,-518,0.836,6.805
2025-12-25T19:14:59.739253Z,25mbit,10mbit,800kbit,none,,,14720,14518,-458,0.837,8.023
2025-12-25T19:15:00.239929Z,25mbit,10mbit,800kbit,none,,,10720,13379,-1362,0.177,6.869
2025-12-25T19:15:00.739066Z,25mbit,10mbit,800kbit,bump_mmtc,reactive,loss,15552,14031,-689,0.162,3.770
2025-12-25T19:15:01.239127Z,25mbit,10mbit,800kbit,none,,,13760,13949,-482,0.163,7.190
2025-12-25T19:15:01.738969Z,25mbit,10mbit,800kbit,bump_mmtc,reactive,loss,15520,14420,-98,0.169,7.702
2025-12-25T19:15:02.238690Z,25mbit,10mbit,800kbit,none,,,8480,12638,-740,0.169,7.209
2025-12-25T19:15:02.738909Z,25mbit,10mbit,800kbit,none,,,20000,14847,815,0.159,3.217
2025-12-25T19:15:03.240089Z,25mbit,10mbit,800kbit,none,,,8880,13056,-892,0.159,7.038
2025-12-25T19:15:03.738714Z,25mbit,10mbit,800kbit,none,,,22400,15859,1439,0.161,7.123
2025-12-25T19:15:04.238926Z,25mbit,10mbit,800kbit,none,,,8080,13525,887,0.161,6.815
2025-12-25T19:15:04.739039Z,25mbit,10mbit,800kbit,none,,,21200,15828,981,0.163,5.988
2025-12-25T19:15:05.240056Z,25mbit,10mbit,800kbit,none,,,8480,13623,566,0.166,4.666
2025-12-25T19:15:05.739045Z,25mbit,10mbit,800kbit,none,,,21600,16016,156,0.202,7.605
2025-12-25T19:15:06.239965Z,25mbit,10mbit,800kbit,none,,,8880,13875,349,0.742,5.751
2025-12-25T19:15:06.739218Z,25mbit,10mbit,800kbit,none,,,21600,16192,364,0.755,5.822
2025-12-25T19:15:07.238696Z,25mbit,10mbit,800kbit,none,,,16672,16336,2712,0.757,4.817
2025-12-25T19:15:07.738725Z,25mbit,10mbit,800kbit,none,,,15040,15947,-68,0.749,6.597
2025-12-25T19:15:08.240374Z,25mbit,10mbit,800kbit,none,,,14992,15660,1785,0.716,4.925
2025-12-25T19:15:08.738793Z,25mbit,10mbit,800kbit,none,,,14720,15378,-814,0.177,4.238
2025-12-25T19:15:09.238363Z,25mbit,10mbit,800kbit,none,,,8080,13189,-3147,0.163,6.454
2025-12-25T19:15:09.739062Z,25mbit,10mbit,800kbit,none,,,21600,15712,-235,0.168,3.521
2025-12-25T19:15:10.238293Z,25mbit,10mbit,800kbit,none,,,14592,15376,-284,0.167,8.051
2025-12-25T19:15:10.738969Z,25mbit,10mbit,800kbit,none,,,16320,15659,280,0.175,6.050
2025-12-25T19:15:11.240002Z,25mbit,10mbit,800kbit,none,,,8080,13385,196,0.173,6.602
2025-12-25T19:15:11.739005Z,25mbit,10mbit,800kbit,none,,,20320,15465,-246,0.185,3.859
2025-12-25T19:15:12.239054Z,25mbit,10mbit,800kbit,none,,,13440,14858,-518,0.185,7.447
2025-12-25T19:15:12.738984Z,25mbit,10mbit,800kbit,none,,,15040,14912,-746,0.173,9.227
2025-12-25T19:15:13.241205Z,25mbit,10mbit,800kbit,none,,,8480,12982,-402,0.173,7.374
2025-12-25T19:15:13.739246Z,25mbit,10mbit,800kbit,none,,,19120,14824,-641,0.184,3.423
2025-12-25T19:15:14.238975Z,25mbit,10mbit,800kbit,none,,,8480,12920,-1937,0.352,6.383
2025-12-25T19:15:14.738268Z,25mbit,10mbit,800kbit,none,,,21200,15404,491,0.352,8.621
2025-12-25T19:15:15.240924Z,25mbit,10mbit,800kbit,none,,,8880,13447,464,0.364,5.916
2025-12-25T19:15:15.833366Z,25mbit,10mbit,800kbit,bump_mmtc,reactive,loss,22000,16013,1189,0.399,3.434
2025-12-25T19:15:16.239395Z,25mbit,10mbit,800kbit,none,,,8080,13633,712,0.399,5.643
2025-12-25T19:15:16.739212Z,25mbit,10mbit,800kbit,none,,,21200,15903,498,0.413,8.259
2025-12-25T19:15:17.240550Z,25mbit,10mbit,800kbit,bump_mmtc,reactive,loss,13040,15044,1597,0.404,5.269
2025-12-25T19:15:17.738765Z,25mbit,10mbit,800kbit,bump_mmtc,reactive,loss,15872,15292,-720,0.233,5.655
2025-12-25T19:15:18.240301Z,25mbit,10mbit,800kbit,none,,,8480,13248,-384,0.225,4.588
2025-12-25T19:15:18.738750Z,25mbit,10mbit,800kbit,none,,,22400,15994,90,0.214,3.506
2025-12-25T19:15:19.238696Z,25mbit,10mbit,800kbit,none,,,15040,15707,663,0.197,5.174
2025-12-25T19:15:19.808677Z,25mbit,10mbit,800kbit,none,,,13840,15147,-145,0.196,6.739
2025-12-25T19:15:20.238604Z,25mbit,10mbit,800kbit,none,,,15440,15235,1986,0.199,4.677
2025-12-25T19:15:20.808852Z,25mbit,10mbit,800kbit,none,,,15440,15296,-697,0.480,3.229
2025-12-25T19:15:21.239227Z,25mbit,10mbit,800kbit,none,,,15440,15339,-368,0.447,6.323
2025-12-25T19:15:21.738720Z,25mbit,10mbit,800kbit,bump_mmtc,reactive,loss,15840,15489,342,0.471,7.121
2025-12-25T19:15:22.241010Z,25mbit,10mbit,800kbit,none,,,8480,13386,-1848,0.469,7.041
2025-12-25T19:15:22.738903Z,25mbit,10mbit,800kbit,none,,,19120,15106,-189,0.464,2.607
2025-12-25T19:15:23.238967Z,25mbit,10mbit,800kbit,none,,,8480,13118,-2220,0.464,7.701
2025-12-25T19:15:23.739101Z,25mbit,10mbit,800kbit,none,,,20400,15303,-186,0.464,8.018
2025-12-25T19:15:24.238505Z,25mbit,10mbit,800kbit,none,,,8480,13256,-130,0.464,5.175
2025-12-25T19:15:24.739140Z,25mbit,10mbit,800kbit,none,,,22000,15879,772,0.184,5.267
2025-12-25T19:15:25.241367Z,25mbit,10mbit,800kbit,none,,,8880,13779,660,0.189,5.904
2025-12-25T19:15:25.838914Z,25mbit,10mbit,800kbit,none,,,25200,17205,1902,0.189,7.754
2025-12-25T19:15:26.238630Z,25mbit,10mbit,800kbit,none,,,4880,13507,251,0.189,4.339
2025-12-25T19:15:26.738749Z,25mbit,10mbit,800kbit,none,,,22000,16055,176,0.170,6.412
2025-12-25T19:15:27.240310Z,25mbit,10mbit,800kbit,none,,,8480,13782,3,0.184,4.974
2025-12-25T19:15:27.813244Z,25mbit,10mbit,800kbit,none,,,21552,16113,-1092,0.184,5.898
2025-12-25T19:15:28.238235Z,25mbit,10mbit,800kbit,none,,,8480,13823,315,0.180,3.970
2025-12-25T19:15:28.739015Z,25mbit,10mbit,800kbit,bump_mmtc,reactive,loss,21600,16156,100,0.184,5.034
2025-12-25T19:15:29.240409Z,25mbit,10mbit,800kbit,none,,,8880,13973,190,0.172,3.931
2025-12-25T19:15:29.828681Z,25mbit,10mbit,800kbit,bump_mmtc,reactive,loss,21152,16127,13,0.207,4.723
2025-12-25T19:15:30.239212Z,25mbit,10mbit,800kbit,bump_mmtc,reactive,loss,15440,15920,2097,0.199,3.789
2025-12-25T19:15:30.739121Z,25mbit,10mbit,800kbit,none,,,13840,15296,-859,0.210,5.084
2025-12-25T19:15:31.238566Z,25mbit,10mbit,800kbit,none,,,8480,13251,-721,0.207,4.215
2025-12-25T19:15:31.738261Z,25mbit,10mbit,800kbit,none,,,18000,14676,-1450,0.245,2.703
2025-12-25T19:15:32.240988Z,25mbit,10mbit,800kbit,none,,,8080,12697,-3223,0.209,6.060
2025-12-25T19:15:32.738370Z,25mbit,10mbit,800kbit,none,,,20400,15008,-288,0.222,4.398
2025-12-25T19:15:33.240062Z,25mbit,10mbit,800kbit,none,,,8480,13049,-201,0.212,5.581
2025-12-25T19:15:33.738277Z,25mbit,10mbit,800kbit,bump_mmtc,reactive,loss,20000,15134,458,0.221,3.665
2025-12-25T19:15:34.243454Z,25mbit,10mbit,800kbit,bump_mmtc,reactive,loss,8480,13138,441,0.187,4.991
2025-12-25T19:15:34.739105Z,25mbit,10mbit,800kbit,bump_mmtc,reactive,loss,18320,14692,-315,0.191,6.936
2025-12-25T19:15:35.239774Z,25mbit,10mbit,800kbit,bump_mmtc,reactive,loss,6240,12156,-892,0.177,4.545
2025-12-25T19:15:35.739046Z,25mbit,10mbit,800kbit,none,,,22000,15109,-24,0.190,3.909
2025-12-25T19:15:36.240103Z,25mbit,10mbit,800kbit,bump_mmtc,reactive,loss,8480,13120,-17,0.209,5.024
2025-12-25T19:15:36.738439Z,25mbit,10mbit,800kbit,none,,,20000,15184,491,0.212,6.140
2025-12-25T19:15:37.239799Z,25mbit,10mbit,800kbit,none,,,14992,15126,2969,0.330,3.285
2025-12-25T19:15:37.739062Z,25mbit,10mbit,800kbit,none,,,16320,15484,374,0.347,4.798
2025-12-25T19:15:38.238984Z,25mbit,10mbit,800kbit,none,,,13840,14991,1870,0.347,4.009
2025-12-25T19:15:38.738388Z,25mbit,10mbit,800kbit,none,,,15440,15125,-58,0.344,4.640
2025-12-25T19:15:39.240101Z,25mbit,10mbit,800kbit,none,,,11552,14053,-1073,0.342,5.035
2025-12-25T19:15:39.738269Z,25mbit,10mbit,800kbit,none,,,19360,15645,160,0.346,4.364
2025-12-25T19:15:40.238272Z,25mbit,10mbit,800kbit,none,,,8880,13615,-1375,0.346,6.275
2025-12-25T19:15:40.738453Z,25mbit,10mbit,800kbit,bump_mmtc,reactive,loss,21200,15891,765,0.235,4.669
2025-12-25T19:15:41.238737Z,25mbit,10mbit,800kbit,none,,,8480,13667,-385,0.216,5.863
2025-12-25T19:15:41.738754Z,25mbit,10mbit,800kbit,bump_mmtc,reactive,loss,20000,15567,-78,0.213,6.962
2025-12-25T19:15:42.239676Z,25mbit,10mbit,800kbit,bump_mmtc,reactive,loss,8480,13441,-174,0.188,6.650
2025-12-25T19:15:42.738720Z,25mbit,10mbit,800kbit,none,,,20000,15408,-482,0.185,6.639
2025-12-25T19:15:43.238361Z,25mbit,10mbit,800kbit,none,,,6880,12850,-817,0.946,5.894
2025-12-25T19:15:43.738693Z,25mbit,10mbit,800kbit,none,,,21600,15475,-92,0.984,5.733
2025-12-25T19:15:44.240363Z,25mbit,10mbit,800kbit,bump_mmtc,reactive,loss,15040,15344,1903,0.978,5.513
2025-12-25T19:15:44.739129Z,25mbit,10mbit,800kbit,none,,,15040,15253,-155,0.976,6.855
2025-12-25T19:15:45.238776Z,25mbit,10mbit,800kbit,bump_mmtc,reactive,loss,8880,13341,491,0.971,4.548
2025-12-25T19:15:45.739203Z,25mbit,10mbit,800kbit,none,,,19600,15218,-256,0.202,3.057
2025-12-25T19:15:46.239921Z,25mbit,10mbit,800kbit,none,,,8480,13197,-2147,0.163,6.169
2025-12-25T19:15:46.738270Z,25mbit,10mbit,800kbit,none,,,20400,15358,104,0.164,5.887
2025-12-25T19:15:47.239971Z,25mbit,10mbit,800kbit,none,,,8480,13294,-46,0.863,5.605
2025-12-25T19:15:47.739163Z,25mbit,10mbit,800kbit,none,,,22000,15906,687,0.873,3.421
2025-12-25T19:15:48.238392Z,25mbit,10mbit,800kbit,none,,,8480,13678,481,0.869,5.776
2025-12-25T19:15:48.739219Z,25mbit,10mbit,800kbit,none,,,21600,16054,696,0.877,8.314
2025-12-25T19:15:49.240559Z,25mbit,10mbit,800kbit,none,,,8880,13902,607,0.927,5.513
2025-12-25T19:15:49.739202Z,25mbit,10mbit,800kbit,none,,,22000,16331,425,0.233,5.444
2025-12-25T19:15:50.239031Z,25mbit,10mbit,800kbit,none,,,10544,14595,917,0.233,6.321
2025-12-25T19:15:50.738746Z,25mbit,10mbit,800kbit,none,,,22400,16936,881,0.246,7.077
2025-12-25T19:15:51.239199Z,25mbit,10mbit,800kbit,none,,,13440,15887,1985,0.247,5.409
2025-12-25T19:15:51.738426Z,25mbit,10mbit,800kbit,none,,,15840,15873,-458,0.250,5.857
2025-12-25T19:15:52.239047Z,25mbit,10mbit,800kbit,none,,,8880,13775,-819,0.803,5.321
2025-12-25T19:15:52.738984Z,25mbit,10mbit,800kbit,none,,,22400,16362,-573,0.794,3.244
2025-12-25T19:15:53.239006Z,25mbit,10mbit,800kbit,none,,,13840,15605,-281,0.775,7.535
2025-12-25T19:15:53.818699Z,25mbit,10mbit,800kbit,none,,,14672,15325,-547,0.775,7.358
2025-12-25T19:15:54.239309Z,25mbit,10mbit,800kbit,none,,,14992,15225,1450,0.784,6.127
2025-12-25T19:15:54.739113Z,25mbit,10mbit,800kbit,none,,,16720,15673,-688,0.808,3.129
2025-12-25T19:15:55.239925Z,25mbit,10mbit,800kbit,none,,,10352,14077,-1528,0.808,8.243
2025-12-25T19:15:55.738717Z,25mbit,10mbit,800kbit,none,,,17760,15182,-143,0.243,7.456
2025-12-25T19:15:56.240101Z,25mbit,10mbit,800kbit,none,,,8480,13171,-2054,0.243,7.655
2025-12-25T19:15:56.739144Z,25mbit,10mbit,800kbit,none,,,21232,15589,-84,0.268,3.400
2025-12-25T19:15:57.240500Z,25mbit,10mbit,800kbit,none,,,8480,13456,-620,0.266,8.500
2025-12-25T19:15:57.738757Z,25mbit,10mbit,800kbit,none,,,22432,16149,967,0.264,8.049
2025-12-25T19:15:58.240228Z,25mbit,10mbit,800kbit,none,,,8880,13968,797,0.264,5.267
2025-12-25T19:15:58.738987Z,25mbit,10mbit,800kbit,bump_mmtc,reactive,loss,20000,15777,188,0.240,6.948
2025-12-25T19:15:59.239200Z,25mbit,10mbit,800kbit,none,,,8480,13588,131,0.208,6.948
2025-12-25T19:15:59.739267Z,25mbit,10mbit,800kbit,bump_mmtc,reactive,loss,21600,15992,-157,0.195,6.245
2025-12-25T19:16:00.238249Z,25mbit,10mbit,800kbit,none,,,8480,13738,-230,0.189,5.159
2025-12-25T19:16:00.739096Z,25mbit,10mbit,800kbit,none,,,20000,15616,-161,0.189,6.509
2025-12-25T19:16:01.240051Z,25mbit,10mbit,800kbit,none,,,8880,13595,7,0.183,5.028
2025-12-25T19:16:01.828263Z,25mbit,10mbit,800kbit,none,,,22000,16117,125,0.225,4.229
2025-12-25T19:16:02.238458Z,25mbit,10mbit,800kbit,none,,,8880,13945,207,0.354,5.208
2025-12-25T19:16:02.738805Z,25mbit,10mbit,800kbit,none,,,20000,15762,145,0.341,6.055
2025-12-25T19:16:03.238472Z,25mbit,10mbit,800kbit,none,,,8480,13577,-18,0.407,4.857
2025-12-25T19:16:03.738917Z,25mbit,10mbit,800kbit,none,,,22000,16104,-12,0.415,4.254
2025-12-25T19:16:04.238985Z,25mbit,10mbit,800kbit,none,,,8880,13936,-8,0.415,5.727
2025-12-25T19:16:04.739099Z,25mbit,10mbit,800kbit,none,,,20432,15885,123,0.374,6.255
2025-12-25T19:16:05.238902Z,25mbit,10mbit,800kbit,none,,,8480,13663,86,0.241,4.820
2025-12-25T19:16:05.739031Z,25mbit,10mbit,800kbit,none,,,18000,14964,-1139,0.249,4.620
2025-12-25T19:16:06.239035Z,25mbit,10mbit,800kbit,none,,,8880,13139,-797,0.249,5.283
2025-12-25T19:16:06.739233Z,25mbit,10mbit,800kbit,none,,,22832,16047,161,0.196,4.097
2025-12-25T19:16:07.241150Z,25mbit,10mbit,800kbit,none,,,9312,14026,362,0.183,5.359
2025-12-25T19:16:07.738257Z,25mbit,10mbit,800kbit,none,,,20400,15938,973,0.181,5.837
2025-12-25T19:16:08.238308Z,25mbit,10mbit,800kbit,none,,,9312,13950,811,0.181,5.396
2025-12-25T19:16:08.738243Z,25mbit,10mbit,800kbit,none,,,20000,15765,-281,0.193,4.614
2025-12-25T19:16:09.238518Z,25mbit,10mbit,800kbit,none,,,8480,13579,-446,0.189,5.524
2025-12-25T19:16:09.739111Z,25mbit,10mbit,800kbit,none,,,21600,15985,47,0.181,5.650
2025-12-25T19:16:10.239303Z,25mbit,10mbit,800kbit,none,,,8480,13734,-216,0.181,5.243
2025-12-25T19:16:10.739159Z,25mbit,10mbit,800kbit,bump_mmtc,reactive,loss,21600,16093,328,0.188,4.899
2025-12-25T19:16:11.238658Z,25mbit,10mbit,800kbit,none,,,9712,14179,599,0.175,5.813
2025-12-25T19:16:11.738294Z,25mbit,10mbit,800kbit,none,,,20000,15925,-60,0.156,5.551
2025-12-25T19:16:12.239961Z,25mbit,10mbit,800kbit,none,,,8480,13691,-42,0.151,5.048
2025-12-25T19:16:12.738736Z,25mbit,10mbit,800kbit,bump_mmtc,reactive,loss,21600,16064,-29,0.153,4.880
2025-12-25T19:16:13.241330Z,25mbit,10mbit,800kbit,none,,,8880,13909,-270,0.153,5.711
2025-12-25T19:16:13.739012Z,25mbit,10mbit,800kbit,none,,,18000,15136,-789,0.170,5.776
2025-12-25T19:16:14.238698Z,25mbit,10mbit,800kbit,none,,,8480,13139,-552,0.170,5.140
2025-12-25T19:16:14.738357Z,25mbit,10mbit,800kbit,none,,,21200,15557,-506,0.173,3.739
2025-12-25T19:16:15.240679Z,25mbit,10mbit,800kbit,none,,,8880,13554,-354,0.180,5.459
2025-12-25T19:16:15.738291Z,25mbit,10mbit,800kbit,none,,,20000,15488,351,0.186,5.783
2025-12-25T19:16:16.240345Z,25mbit,10mbit,800kbit,none,,,8480,13385,246,0.183,4.739
2025-12-25T19:16:16.738395Z,25mbit,10mbit,800kbit,none,,,22400,16089,532,0.169,3.746
2025-12-25T19:16:17.239082Z,25mbit,10mbit,800kbit,none,,,8480,13806,252,0.170,5.457
2025-12-25T19:16:17.738381Z,25mbit,10mbit,800kbit,none,,,20000,15664,176,0.187,6.477
2025-12-25T19:16:18.240215Z,25mbit,10mbit,800kbit,none,,,6880,13029,-356,0.363,4.558
2025-12-25T19:16:18.738356Z,25mbit,10mbit,800kbit,none,,,22000,15720,-369,0.385,3.938
2025-12-25T19:16:19.238321Z,25mbit,10mbit,800kbit,none,,,8880,13668,-138,0.381,5.387
2025-12-25T19:16:19.738973Z,25mbit,10mbit,800kbit,none,,,22000,16167,503,0.380,5.892
2025-12-25T19:16:20.240322Z,25mbit,10mbit,800kbit,none,,,8480,13861,832,0.355,4.090
2025-12-25T19:16:20.738746Z,25mbit,10mbit,800kbit,none,,,21200,16063,342,0.199,4.653
2025-12-25T19:16:21.238396Z,25mbit,10mbit,800kbit,none,,,8880,13908,239,0.176,5.079
2025-12-25T19:16:21.739391Z,25mbit,10mbit,800kbit,none,,,19600,15615,-552,0.177,5.643
2025-12-25T19:16:22.239101Z,25mbit,10mbit,800kbit,none,,,8480,13474,-386,0.176,4.384
2025-12-25T19:16:22.739014Z,25mbit,10mbit,800kbit,none,,,23200,16392,329,0.201,3.627
2025-12-25T19:16:23.238271Z,25mbit,10mbit,800kbit,none,,,6080,13298,-609,0.201,4.953
2025-12-25T19:16:23.738967Z,25mbit,10mbit,800kbit,none,,,18400,14829,-786,0.184,6.121
2025-12-25T19:16:24.239441Z,25mbit,10mbit,800kbit,none,,,8480,12924,-550,0.196,4.697
2025-12-25T19:16:24.829206Z,25mbit,10mbit,800kbit,none,,,18000,14447,-1945,0.200,3.739
2025-12-25T19:16:25.240090Z,25mbit,10mbit,800kbit,bump_mmtc,reactive,loss,8480,12656,-641,0.198,4.406
2025-12-25T19:16:25.739112Z,25mbit,10mbit,800kbit,none,,,21600,15339,510,0.183,4.051
2025-12-25T19:16:26.241274Z,25mbit,10mbit,800kbit,none,,,8880,13401,477,0.183,3.979
2025-12-25T19:16:26.738328Z,25mbit,10mbit,800kbit,none,,,22432,16110,1663,0.193,3.830
2025-12-25T19:16:27.240266Z,25mbit,10mbit,800kbit,none,,,8880,13941,1284,0.193,4.843
2025-12-25T19:16:27.738736Z,25mbit,10mbit,800kbit,none,,,20000,15759,419,0.182,5.658
2025-12-25T19:16:28.238503Z,25mbit,10mbit,800kbit,none,,,6880,13095,-306,0.182,4.223
2025-12-25T19:16:28.739171Z,25mbit,10mbit,800kbit,none,,,20400,15286,-824,0.175,4.782
2025-12-25T19:16:29.238973Z,25mbit,10mbit,800kbit,none,,,8480,13244,-696,0.192,4.958
2025-12-25T19:16:29.738407Z,25mbit,10mbit,800kbit,none,,,20000,15271,-487,0.192,5.047
2025-12-25T19:16:30.239062Z,25mbit,10mbit,800kbit,none,,,8480,13233,138,0.171,4.382
2025-12-25T19:16:30.738949Z,25mbit,10mbit,800kbit,bump_mmtc,reactive,loss,21600,15743,456,0.176,3.914
2025-12-25T19:16:31.240432Z,25mbit,10mbit,800kbit,none,,,8480,13564,319,0.176,4.738
2025-12-25T19:16:31.739032Z,25mbit,10mbit,800kbit,none,,,21600,15975,703,0.199,5.277
2025-12-25T19:16:32.241203Z,25mbit,10mbit,800kbit,bump_mmtc,reactive,loss,8480,13726,492,0.185,4.673
2025-12-25T19:16:32.739158Z,25mbit,10mbit,800kbit,none,,,20000,15608,-135,0.188,5.131
2025-12-25T19:16:33.241371Z,25mbit,10mbit,800kbit,none,,,8480,13470,-94,0.188,4.852
2025-12-25T19:16:33.738934Z,25mbit,10mbit,800kbit,none,,,21232,15798,-176,0.198,4.925
2025-12-25T19:16:34.238747Z,25mbit,10mbit,800kbit,none,,,6880,13123,-603,0.198,4.638
2025-12-25T19:16:34.828872Z,25mbit,10mbit,800kbit,none,,,22000,15786,177,0.198,4.542
2025-12-25T19:16:35.238330Z,25mbit,10mbit,800kbit,none,,,9712,13963,493,0.456,5.027
2025-12-25T19:16:35.739060Z,25mbit,10mbit,800kbit,none,,,22000,16374,576,0.453,5.157
2025-12-25T19:16:36.238870Z,25mbit,10mbit,800kbit,none,,,8880,14126,1003,0.875,4.749
2025-12-25T19:16:36.739021Z,25mbit,10mbit,800kbit,none,,,21600,16368,582,0.877,5.563
2025-12-25T19:16:37.239922Z,25mbit,10mbit,800kbit,none,,,8480,14001,37,0.877,4.964
2025-12-25T19:16:37.738739Z,25mbit,10mbit,800kbit,none,,,20400,15921,-453,0.888,5.745
2025-12-25T19:16:38.239018Z,25mbit,10mbit,800kbit,none,,,7920,13520,-605,0.888,5.328
2025-12-25T19:16:38.738284Z,25mbit,10mbit,800kbit,none,,,22560,16232,-135,0.634,5.063
2025-12-25T19:16:39.241252Z,25mbit,10mbit,800kbit,none,,,8880,14026,24,0.634,5.322
2025-12-25T19:16:39.738975Z,25mbit,10mbit,800kbit,none,,,21600,16298,377,0.617,5.463
2025-12-25T19:16:40.239044Z,25mbit,10mbit,800kbit,bump_mmtc,reactive,loss,8880,14073,552,0.195,5.665
2025-12-25T19:16:40.738310Z,25mbit,10mbit,800kbit,none,,,20000,15851,-381,0.448,5.344
2025-12-25T19:16:41.240558Z,25mbit,10mbit,800kbit,none,,,8880,13759,-267,0.448,5.734
2025-12-25T19:16:41.738388Z,25mbit,10mbit,800kbit,none,,,20400,15751,-546,0.438,5.253
2025-12-25T19:16:42.240286Z,25mbit,10mbit,800kbit,none,,,9312,13819,-253,0.438,5.716
2025-12-25T19:16:42.738962Z,25mbit,10mbit,800kbit,bump_mmtc,reactive,loss,22400,16393,542,0.429,5.021
2025-12-25T19:16:43.238384Z,25mbit,10mbit,800kbit,bump_mmtc,reactive,loss,8880,14139,379,0.429,5.797
2025-12-25T19:16:43.739135Z,25mbit,10mbit,800kbit,none,,,21200,16257,505,0.428,5.646
2025-12-25T19:16:44.238361Z,25mbit,10mbit,800kbit,none,,,7920,13756,-63,0.428,5.764
2025-12-25T19:16:44.739218Z,25mbit,10mbit,800kbit,none,,,22560,16397,3,0.175,5.494
2025-12-25T19:16:45.240047Z,25mbit,10mbit,800kbit,none,,,8480,14022,-117,0.172,5.674
2025-12-25T19:16:45.739202Z,25mbit,10mbit,800kbit,none,,,20400,15935,-322,0.173,5.790
2025-12-25T19:16:46.240373Z,25mbit,10mbit,800kbit,none,,,6880,13218,-537,0.173,5.298
2025-12-25T19:16:46.738961Z,25mbit,10mbit,800kbit,none,,,19600,15133,-1264,0.177,4.435
2025-12-25T19:16:47.241241Z,25mbit,10mbit,800kbit,none,,,8480,13137,-885,0.177,5.452
2025-12-25T19:16:47.739174Z,25mbit,10mbit,800kbit,none,,,18000,14596,-1339,0.197,4.673
2025-12-25T19:16:48.238272Z,25mbit,10mbit,800kbit,none,,,8880,12881,-337,0.197,4.473
2025-12-25T19:16:48.738394Z,25mbit,10mbit,800kbit,bump_mmtc,reactive,loss,19600,14896,-236,0.207,3.787
2025-12-25T19:16:49.239074Z,25mbit,10mbit,800kbit,none,,,6880,12491,-645,0.477,4.869
2025-12-25T19:16:49.738820Z,25mbit,10mbit,800kbit,none,,,20000,14744,148,0.484,4.209
2025-12-25T19:16:50.240191Z,25mbit,10mbit,800kbit,none,,,8480,12864,-16,0.484,4.963
2025-12-25T19:16:50.738256Z,25mbit,10mbit,800kbit,none,,,16320,13901,-995,0.480,4.607
2025-12-25T19:16:51.238886Z,25mbit,10mbit,800kbit,none,,,11120,13067,575,0.480,4.017
2025-12-25T19:16:51.738755Z,25mbit,10mbit,800kbit,none,,,22000,15746,1002,0.460,3.861
2025-12-25T19:16:52.239438Z,25mbit,10mbit,800kbit,none,,,8480,13566,701,0.460,4.867
2025-12-25T19:16:52.738891Z,25mbit,10mbit,800kbit,none,,,21200,15856,1955,0.506,5.593
2025-12-25T19:16:53.238942Z,25mbit,10mbit,800kbit,bump_mmtc,reactive,loss,8880,13763,696,1.027,5.030
2025-12-25T19:16:53.738891Z,25mbit,10mbit,800kbit,none,,,22400,16354,607,1.051,4.910
2025-12-25T19:16:54.238813Z,25mbit,10mbit,800kbit,none,,,8880,14112,545,1.051,5.623
2025-12-25T19:16:54.848800Z,25mbit,10mbit,800kbit,none,,,18400,15398,-458,1.128,7.066
2025-12-25T19:16:55.239088Z,25mbit,10mbit,800kbit,none,,,7920,13154,-608,1.128,4.680
2025-12-25T19:16:55.739163Z,25mbit,10mbit,800kbit,none,,,23792,16346,-8,1.149,4.188
2025-12-25T19:16:56.238763Z,25mbit,10mbit,800kbit,none,,,8880,14106,-5,1.078,6.597
2025-12-25T19:16:56.738775Z,25mbit,10mbit,800kbit,bump_mmtc,reactive,loss,21200,16234,835,0.295,6.598
2025-12-25T19:16:57.238761Z,25mbit,10mbit,800kbit,bump_mmtc,reactive,loss,8480,13908,753,0.258,5.175
2025-12-25T19:16:57.738305Z,25mbit,10mbit,800kbit,none,,,22400,16455,109,0.201,4.645
2025-12-25T19:16:58.239604Z,25mbit,10mbit,800kbit,none,,,8480,14062,-43,0.183,6.298
2025-12-25T19:16:58.738268Z,25mbit,10mbit,800kbit,none,,,21600,16324,89,0.183,6.748
2025-12-25T19:16:59.240153Z,25mbit,10mbit,800kbit,none,,,8080,13850,-57,0.726,4.804
2025-12-25T19:16:59.739146Z,25mbit,10mbit,800kbit,none,,,22000,16295,-160,0.747,4.802
2025-12-25T19:17:00.240031Z,25mbit,10mbit,800kbit,none,,,4880,12870,-1192,0.747,5.471
2025-12-25T19:17:00.738986Z,25mbit,10mbit,800kbit,none,,,21600,15489,-834,0.747,4.820
2025-12-25T19:17:01.238686Z,25mbit,10mbit,800kbit,bump_mmtc,reactive,loss,8480,13386,-464,1.489,4.841
2025-12-25T19:17:01.738909Z,25mbit,10mbit,800kbit,none,,,18400,14890,-1404,1.473,4.877
2025-12-25T19:17:02.240082Z,25mbit,10mbit,800kbit,none,,,8880,13087,216,1.473,4.137
2025-12-25T19:17:02.818692Z,25mbit,10mbit,800kbit,none,,,20000,15161,-328,2.177,4.173
2025-12-25T19:17:03.240603Z,25mbit,10mbit,800kbit,none,,,8480,13156,-229,2.177,4.424
2025-12-25T19:17:03.739046Z,25mbit,10mbit,800kbit,none,,,22000,15809,919,1.663,5.097
2025-12-25T19:17:04.241078Z,25mbit,10mbit,800kbit,none,,,9712,13980,892,1.633,5.314
2025-12-25T19:17:04.739938Z,25mbit,10mbit,800kbit,none,,,20000,15786,625,1.633,5.872
2025-12-25T19:17:05.238752Z,25mbit,10mbit,800kbit,none,,,8480,13594,437,0.891,5.233
2025-12-25T19:17:05.738322Z,25mbit,10mbit,800kbit,none,,,18400,15036,-773,0.888,5.650
2025-12-25T19:17:06.239867Z,25mbit,10mbit,800kbit,none,,,8880,13189,-791,0.173,5.682
2025-12-25T19:17:06.738434Z,25mbit,10mbit,800kbit,none,,,22400,15952,166,0.157,4.723
2025-12-25T19:17:07.238667Z,25mbit,10mbit,800kbit,none,,,6880,13230,-363,0.268,5.697
2025-12-25T19:17:07.739336Z,25mbit,10mbit,800kbit,bump_mmtc,reactive,loss,21200,15621,585,0.293,5.355
2025-12-25T19:17:08.240254Z,25mbit,10mbit,800kbit,none,,,8880,13599,409,0.293,5.623
2025-12-25T19:17:08.738840Z,25mbit,10mbit,800kbit,none,,,23664,16618,666,0.304,4.721
2025-12-25T19:17:09.239595Z,25mbit,10mbit,800kbit,none,,,9312,14426,1195,0.312,5.487
2025-12-25T19:17:09.739205Z,25mbit,10mbit,800kbit,none,,,21120,16434,813,0.325,6.916
2025-12-25T19:17:10.240305Z,25mbit,10mbit,800kbit,none,,,8880,14168,569,0.325,4.874
2025-12-25T19:17:10.738363Z,25mbit,10mbit,800kbit,none,,,21600,16397,-220,0.234,5.008
2025-12-25T19:17:11.241131Z,25mbit,10mbit,800kbit,none,,,8480,14022,-404,0.234,5.363
2025-12-25T19:17:11.739112Z,25mbit,10mbit,800kbit,bump_mmtc,reactive,loss,22000,16415,-18,0.214,5.721
2025-12-25T19:17:12.238920Z,25mbit,10mbit,800kbit,none,,,8480,14034,-133,0.293,4.743
2025-12-25T19:17:12.738334Z,25mbit,10mbit,800kbit,none,,,22000,16424,26,0.337,4.843
2025-12-25T19:17:13.240415Z,25mbit,10mbit,800kbit,none,,,12352,15202,1180,1.512,5.833
2025-12-25T19:17:13.739145Z,25mbit,10mbit,800kbit,bump_mmtc,reactive,loss,18080,16065,-349,1.498,5.995
2025-12-25T19:17:14.238625Z,25mbit,10mbit,800kbit,none,,,8880,13910,-124,1.493,5.199
2025-12-25T19:17:14.738998Z,25mbit,10mbit,800kbit,none,,,21600,16217,-207,1.399,4.299
2025-12-25T19:17:15.240426Z,25mbit,10mbit,800kbit,none,,,9712,14265,-937,1.399,6.912
2025-12-25T19:17:15.738408Z,25mbit,10mbit,800kbit,none,,,21600,16465,399,1.374,6.632
2025-12-25T19:17:16.239274Z,25mbit,10mbit,800kbit,none,,,8480,14070,159,1.374,6.773
2025-12-25T19:17:16.739117Z,25mbit,10mbit,800kbit,none,,,22000,16449,231,0.182,5.014
2025-12-25T19:17:17.239313Z,25mbit,10mbit,800kbit,none,,,8880,14178,-87,0.191,6.775
2025-12-25T19:17:17.739191Z,25mbit,10mbit,800kbit,none,,,18320,15420,-1045,0.191,7.233
2025-12-25T19:17:18.239077Z,25mbit,10mbit,800kbit,none,,,8880,13458,-611,0.191,6.454
2025-12-25T19:17:18.738744Z,25mbit,10mbit,800kbit,none,,,22400,16141,-308,0.250,3.977
2025-12-25T19:17:19.238622Z,25mbit,10mbit,800kbit,none,,,8480,13842,-335,0.250,6.632
2025-12-25T19:17:19.738749Z,25mbit,10mbit,800kbit,none,,,21600,16169,749,0.271,6.449
2025-12-25T19:17:20.240240Z,25mbit,10mbit,800kbit,none,,,8480,13862,404,0.253,5.417
2025-12-25T19:17:20.823442Z,25mbit,10mbit,800kbit,bump_mmtc,reactive,loss,19920,15680,-460,1.004,4.623
2025-12-25T19:17:21.239903Z,25mbit,10mbit,800kbit,none,,,6880,13040,-802,0.999,5.448
2025-12-25T19:17:21.739091Z,25mbit,10mbit,800kbit,none,,,18000,14528,-1641,0.999,5.232
2025-12-25T19:17:22.239119Z,25mbit,10mbit,800kbit,none,,,8880,12833,-1029,0.948,4.802
2025-12-25T19:17:22.739235Z,25mbit,10mbit,800kbit,none,,,18720,14599,-1080,0.930,4.210
2025-12-25T19:17:23.239856Z,25mbit,10mbit,800kbit,none,,,9312,13013,-26,0.930,5.043
2025-12-25T19:17:23.739347Z,25mbit,10mbit,800kbit,none,,,18320,14605,77,0.956,4.903
2025-12-25T19:17:24.239110Z,25mbit,10mbit,800kbit,none,,,8480,12767,-65,0.956,4.779
2025-12-25T19:17:24.738800Z,25mbit,10mbit,800kbit,none,,,18400,14457,-142,0.956,4.355
2025-12-25T19:17:25.238619Z,25mbit,10mbit,800kbit,none,,,8880,12784,-229,0.956,5.227
2025-12-25T19:17:25.738268Z,25mbit,10mbit,800kbit,bump_mmtc,reactive,loss,18400,14468,-136,0.239,5.261
2025-12-25T19:17:26.240123Z,25mbit,10mbit,800kbit,none,,,8480,12672,-95,0.221,5.041
2025-12-25T19:17:26.738404Z,25mbit,10mbit,800kbit,none,,,18320,14366,-90,0.229,4.508
2025-12-25T19:17:27.240189Z,25mbit,10mbit,800kbit,none,,,6880,12120,-663,0.229,5.235
2025-12-25T19:17:27.738339Z,25mbit,10mbit,800kbit,none,,,20400,14604,135,0.229,3.995
2025-12-25T19:17:28.239983Z,25mbit,10mbit,800kbit,none,,,8480,12767,94,0.227,5.131
2025-12-25T19:17:28.738757Z,25mbit,10mbit,800kbit,none,,,22000,15536,1170,0.226,4.466
2025-12-25T19:17:29.238466Z,25mbit,10mbit,800kbit,none,,,8880,13539,1419,0.226,4.584
2025-12-25T19:17:29.739261Z,25mbit,10mbit,800kbit,bump_mmtc,reactive,loss,20000,15477,873,0.233,5.481
2025-12-25T19:17:30.239076Z,25mbit,10mbit,800kbit,none,,,8880,13498,731,0.245,4.602
2025-12-25T19:17:30.738291Z,25mbit,10mbit,800kbit,none,,,18320,14944,-591,0.248,5.145
2025-12-25T19:17:31.240291Z,25mbit,10mbit,800kbit,none,,,8480,13005,-534,0.248,4.362
2025-12-25T19:17:31.838629Z,25mbit,10mbit,800kbit,none,,,17120,14239,-1238,0.238,4.533
2025-12-25T19:17:32.238447Z,25mbit,10mbit,800kbit,none,,,8880,12631,-866,0.238,4.597
2025-12-25T19:17:32.738753Z,25mbit,10mbit,800kbit,none,,,21600,15322,377,0.221,3.444
2025-12-25T19:17:33.241699Z,25mbit,10mbit,800kbit,none,,,8880,13389,384,0.182,5.065
2025-12-25T19:17:33.818162Z,25mbit,10mbit,800kbit,none,,,22400,16092,1852,0.183,4.758
2025-12-25T19:17:34.238713Z,25mbit,10mbit,800kbit,none,,,8880,13928,1297,0.468,5.138
2025-12-25T19:17:34.738785Z,25mbit,10mbit,800kbit,none,,,20400,15870,547,0.523,5.512
2025-12-25T19:17:35.238541Z,25mbit,10mbit,800kbit,none,,,8880,13773,383,0.506,5.533
2025-12-25T19:17:35.738475Z,25mbit,10mbit,800kbit,none,,,20000,15641,-451,0.506,5.892
2025-12-25T19:17:36.238271Z,25mbit,10mbit,800kbit,none,,,7712,13262,-666,0.504,4.887
2025-12-25T19:17:36.812957Z,25mbit,10mbit,800kbit,none,,,21200,15643,-226,0.504,4.901
2025-12-25T19:17:37.238838Z,25mbit,10mbit,800kbit,none,,,8480,13494,-278,0.504,5.328
2025-12-25T19:17:37.739119Z,25mbit,10mbit,800kbit,none,,,22000,16046,405,0.520,4.851
2025-12-25T19:17:38.238756Z,25mbit,10mbit,800kbit,bump_mmtc,reactive,loss,6880,13296,33,0.283,4.911
2025-12-25T19:17:38.738840Z,25mbit,10mbit,800kbit,none,,,21200,15667,23,0.268,5.006
2025-12-25T19:17:39.240058Z,25mbit,10mbit,800kbit,none,,,6880,13031,-463,0.276,5.084
2025-12-25T19:17:39.738936Z,25mbit,10mbit,800kbit,none,,,19600,15001,-1044,0.275,4.947
2025-12-25T19:17:40.239419Z,25mbit,10mbit,800kbit,none,,,11952,14086,790,0.254,4.568
2025-12-25T19:17:40.738323Z,25mbit,10mbit,800kbit,none,,,18960,15548,-118,0.254,5.225
2025-12-25T19:17:41.239811Z,25mbit,10mbit,800kbit,none,,,8880,13548,516,0.432,4.204
2025-12-25T19:17:41.738921Z,25mbit,10mbit,800kbit,none,,,22032,16093,1091,0.995,3.934
2025-12-25T19:17:42.239012Z,25mbit,10mbit,800kbit,bump_mmtc,reactive,loss,15040,15777,1690,1.022,4.786
2025-12-25T19:17:42.738334Z,25mbit,10mbit,800kbit,none,,,13840,15196,-352,1.025,6.216
2025-12-25T19:17:43.239969Z,25mbit,10mbit,800kbit,none,,,13760,14765,1217,1.016,5.259
2025-12-25T19:17:43.739066Z,25mbit,10mbit,800kbit,none,,,14720,14751,-1341,0.775,3.425
2025-12-25T19:17:44.240784Z,25mbit,10mbit,800kbit,none,,,8480,12870,-2907,0.183,6.290
2025-12-25T19:17:44.738313Z,25mbit,10mbit,800kbit,none,,,19600,14889,-306,0.183,4.608
2025-12-25T19:17:45.238704Z,25mbit,10mbit,800kbit,bump_mmtc,reactive,loss,10352,13527,-1237,0.154,7.298
2025-12-25T19:17:45.739009Z,25mbit,10mbit,800kbit,none,,,19760,15397,645,0.154,4.117
2025-12-25T19:17:46.238404Z,25mbit,10mbit,800kbit,none,,,6880,12842,-27,0.381,6.747
2025-12-25T19:17:46.739067Z,25mbit,10mbit,800kbit,none,,,16720,14005,-883,0.407,6.333
2025-12-25T19:17:47.238673Z,25mbit,10mbit,800kbit,bump_mmtc,reactive,loss,12352,13509,-18,0.404,5.649
2025-12-25T19:17:47.738771Z,25mbit,10mbit,800kbit,none,,,19360,15264,-132,0.410,6.629
2025-12-25T19:17:48.238599Z,25mbit,10mbit,800kbit,none,,,8480,13229,386,0.424,6.485
2025-12-25T19:17:48.738284Z,25mbit,10mbit,800kbit,none,,,22000,15860,1854,0.202,4.833
2025-12-25T19:17:49.238674Z,25mbit,10mbit,800kbit,none,,,11200,14462,952,0.192,6.130
2025-12-25T19:17:49.738449Z,25mbit,10mbit,800kbit,none,,,16480,15067,-197,0.210,7.360
2025-12-25T19:17:50.238965Z,25mbit,10mbit,800kbit,none,,,8480,13091,-137,0.200,5.413
2025-12-25T19:17:50.738736Z,25mbit,10mbit,800kbit,none,,,21200,15523,-336,0.191,3.759
2025-12-25T19:17:51.239757Z,25mbit,10mbit,800kbit,none,,,8880,13530,-931,0.237,5.867
2025-12-25T19:17:51.738263Z,25mbit,10mbit,800kbit,none,,,21232,15841,773,0.239,6.593
2025-12-25T19:17:52.239251Z,25mbit,10mbit,800kbit,none,,,8480,13632,541,0.239,5.979
2025-12-25T19:17:52.823286Z,25mbit,10mbit,800kbit,none,,,20320,15638,115,0.221,4.165
2025-12-25T19:17:53.241391Z,25mbit,10mbit,800kbit,none,,,11120,14283,752,0.231,5.948
2025-12-25T19:17:53.738921Z,25mbit,10mbit,800kbit,none,,,18960,15686,-154,0.239,7.369
2025-12-25T19:17:54.238872Z,25mbit,10mbit,800kbit,none,,,15440,15612,1979,0.187,5.191
2025-12-25T19:17:54.739225Z,25mbit,10mbit,800kbit,none,,,15040,15440,-198,0.179,5.159
2025-12-25T19:17:55.238685Z,25mbit,10mbit,800kbit,none,,,8880,13472,-810,0.187,6.007
2025-12-25T19:17:55.738296Z,25mbit,10mbit,800kbit,none,,,22400,16150,464,0.184,2.964
2025-12-25T19:17:56.238264Z,25mbit,10mbit,800kbit,none,,,6880,13369,-2242,0.167,6.110
2025-12-25T19:17:56.739058Z,25mbit,10mbit,800kbit,none,,,20000,15358,-82,0.170,6.085
2025-12-25T19:17:57.240229Z,25mbit,10mbit,800kbit,none,,,8880,13415,-57,0.170,5.794
2025-12-25T19:17:57.739139Z,25mbit,10mbit,800kbit,none,,,21600,15870,-280,0.184,3.957
2025-12-25T19:17:58.238422Z,25mbit,10mbit,800kbit,none,,,14592,15486,2117,0.184,5.585
2025-12-25T19:17:58.739086Z,25mbit,10mbit,800kbit,none,,,16320,15736,378,0.187,9.182
2025-12-25T19:17:59.238413Z,25mbit,10mbit,800kbit,none,,,12032,14625,1210,0.187,5.390
2025-12-25T19:17:59.818908Z,25mbit,10mbit,800kbit,none,,,16080,15061,-808,0.187,3.632
2025-12-25T19:18:00.239145Z,25mbit,10mbit,800kbit,none,,,8480,13087,-2399,0.187,6.156
2025-12-25T19:18:00.738242Z,25mbit,10mbit,800kbit,none,,,21600,15641,-95,0.201,5.054
2025-12-25T19:18:01.238489Z,25mbit,10mbit,800kbit,none,,,8880,13612,-1012,0.201,5.826
2025-12-25T19:18:01.738297Z,25mbit,10mbit,800kbit,none,,,20000,15528,467,0.208,4.831
2025-12-25T19:18:02.239040Z,25mbit,10mbit,800kbit,none,,,10160,13918,830,0.208,6.073
2025-12-25T19:18:02.739112Z,25mbit,10mbit,800kbit,none,,,18080,15166,-474,0.214,6.145
2025-12-25T19:18:03.238724Z,25mbit,10mbit,800kbit,none,,,8480,13160,-452,0.365,6.172
2025-12-25T19:18:03.810290Z,25mbit,10mbit,800kbit,none,,,22000,15812,283,0.365,5.569
2025-12-25T19:18:04.238845Z,25mbit,10mbit,800kbit,none,,,6880,13132,-785,0.358,5.966
2025-12-25T19:18:04.828986Z,25mbit,10mbit,800kbit,none,,,20000,15192,26,0.331,6.096
2025-12-25T19:18:05.241105Z,25mbit,10mbit,800kbit,none,,,14672,15036,1875,0.331,5.600
2025-12-25T19:18:05.739023Z,25mbit,10mbit,800kbit,none,,,13840,14677,-1134,0.337,5.472
2025-12-25T19:18:06.238972Z,25mbit,10mbit,800kbit,none,,,8480,12818,-314,0.459,4.572
2025-12-25T19:18:06.743437Z,25mbit,10mbit,800kbit,none,,,20000,14972,-220,0.298,3.179
2025-12-25T19:18:07.238609Z,25mbit,10mbit,800kbit,none,,,8880,13144,-1891,0.304,6.134
2025-12-25T19:18:07.738734Z,25mbit,10mbit,800kbit,none,,,19600,15081,403,0.328,5.316
2025-12-25T19:18:08.238468Z,25mbit,10mbit,800kbit,none,,,8480,13101,282,0.328,5.657
2025-12-25T19:18:08.738234Z,25mbit,10mbit,800kbit,none,,,20400,15290,317,0.348,3.658
2025-12-25T19:18:09.240316Z,25mbit,10mbit,800kbit,none,,,6880,12767,-377,0.214,4.891
2025-12-25T19:18:09.738266Z,25mbit,10mbit,800kbit,none,,,20400,15057,-24,0.233,7.477
2025-12-25T19:18:10.238426Z,25mbit,10mbit,800kbit,none,,,7520,12796,-304,0.232,4.979
2025-12-25T19:18:10.738268Z,25mbit,10mbit,800kbit,none,,,20960,15245,-45,0.221,4.697
2025-12-25T19:18:11.238380Z,25mbit,10mbit,800kbit,none,,,7920,13047,280,0.198,4.802
2025-12-25T19:18:11.738826Z,25mbit,10mbit,800kbit,none,,,0,9133,-5923,0.205,5.206
2025-12-25T19:18:12.241122Z,25mbit,10mbit,800kbit,none,,,0,6393,-6402,0.205,3.609
2025-12-25T19:18:12.738864Z,25mbit,10mbit,800kbit,none,,,0,4475,-10769,0.189,4.382
2025-12-25T19:18:13.239141Z,25mbit,10mbit,800kbit,none,,,0,3132,-9914,0.183,3.542
2025-12-25T19:18:13.738932Z,25mbit,10mbit,800kbit,bump_mmtc,reactive,loss,0,2192,-6940,0.191,4.235
2025-12-25T19:18:14.238704Z,25mbit,10mbit,800kbit,none,,,0,1535,-4858,0.190,4.463
2025-12-25T19:18:14.739020Z,25mbit,10mbit,800kbit,none,,,0,1074,-3400,0.189,3.791
2025-12-25T19:18:15.238315Z,25mbit,10mbit,800kbit,none,,,0,752,-2380,0.189,4.218
2025-12-25T19:18:15.739228Z,25mbit,10mbit,800kbit,none,,,0,526,-1666,0.203,2.407
2025-12-25T19:18:16.238728Z,25mbit,10mbit,800kbit,none,,,0,368,-1166,0.212,2.722
2025-12-25T19:18:16.738354Z,25mbit,10mbit,800kbit,none,,,0,257,-816,0.205,2.629
2025-12-25T19:18:17.238448Z,25mbit,10mbit,800kbit,none,,,0,180,-571,0.198,3.116
2025-12-25T19:18:17.741128Z,25mbit,10mbit,800kbit,none,,,0,126,-400,0.198,2.909
2025-12-25T19:18:18.240111Z,25mbit,10mbit,800kbit,none,,,0,88,-280,0.184,2.856
2025-12-25T19:18:18.738333Z,25mbit,10mbit,800kbit,none,,,0,61,-196,0.203,2.759
2025-12-25T19:18:19.240373Z,25mbit,10mbit,800kbit,none,,,0,43,-137,0.193,2.764
2025-12-25T19:18:19.739206Z,25mbit,10mbit,800kbit,bump_mmtc,reactive,loss,0,30,-96,0.220,2.756
2025-12-25T19:18:20.240252Z,25mbit,10mbit,800kbit,none,,,0,21,-67,0.220,2.757
2025-12-25T19:18:20.739018Z,25mbit,10mbit,800kbit,bump_mmtc,reactive,loss,0,14,-47,0.279,2.753
2025-12-25T19:18:21.238655Z,25mbit,10mbit,800kbit,none,,,0,10,-32,0.294,2.752
2025-12-25T19:18:21.738773Z,25mbit,10mbit,800kbit,none,,,0,7,-23,0.269,2.739
2025-12-25T19:18:22.238759Z,25mbit,10mbit,800kbit,none,,,0,5,-16,0.283,2.733
2025-12-25T19:18:22.738368Z,25mbit,10mbit,800kbit,none,,,0,3,-11,0.278,2.748
2025-12-25T19:18:23.238708Z,25mbit,10mbit,800kbit,none,,,0,2,-7,0.210,2.741
2025-12-25T19:18:23.738982Z,25mbit,10mbit,800kbit,none,,,0,1,-5,0.197,2.749
2025-12-25T19:18:24.238802Z,25mbit,10mbit,800kbit,none,,,0,1,-3,0.215,2.768
2025-12-25T19:18:24.738290Z,25mbit,10mbit,800kbit,bump_mmtc,reactive,loss,0,0,-2,0.214,2.767
2025-12-25T19:18:25.238320Z,25mbit,10mbit,800kbit,none,,,0,0,-1,0.214,2.761
2025-12-25T19:18:25.738832Z,25mbit,10mbit,800kbit,none,,,0,0,-1,0.253,2.770
2025-12-25T19:18:26.242432Z,25mbit,10mbit,800kbit,none,,,0,0,0,0.253,2.765
