slice,start_ts,pred,true,pred_raw,true_raw
embb,2025-11-25 17:27:04.500000+00:00,5530.9658203125,5280.0,5530.9658203125,5280.0
embb,2025-11-25 17:27:04.750000+00:00,5445.85595703125,5280.0,5445.85595703125,5280.0
embb,2025-11-25 17:27:05+00:00,5427.96435546875,5280.0,5427.96435546875,5280.0
embb,2025-11-25 17:27:05.250000+00:00,5364.89453125,5280.0,5364.89453125,5280.0
embb,2025-11-25 17:27:05.500000+00:00,5471.61572265625,5280.0,5471.61572265625,5280.0
embb,2025-11-25 17:27:05.750000+00:00,5479.6748046875,5280.0,5479.6748046875,5280.0
embb,2025-11-25 17:27:06+00:00,5395.21533203125,5280.0,5395.21533203125,5280.0
embb,2025-11-25 17:27:06.250000+00:00,5457.1962890625,5280.0,5457.1962890625,5280.0
embb,2025-11-25 17:27:06.500000+00:00,5485.22021484375,5280.0,5485.22021484375,5280.0
embb,2025-11-25 17:27:06.750000+00:00,5502.77978515625,5280.0,5502.77978515625,5280.0
embb,2025-11-25 17:27:07+00:00,5421.34033203125,5280.0,5421.34033203125,5280.0
embb,2025-11-25 17:27:07.250000+00:00,5451.52587890625,5280.0,5451.52587890625,5280.0
embb,2025-11-25 17:27:07.500000+00:00,5486.26611328125,5280.0,5486.26611328125,5280.0
embb,2025-11-25 17:27:07.750000+00:00,5471.11279296875,5280.0,5471.11279296875,5280.0
embb,2025-11-25 17:27:08+00:00,5390.23291015625,5280.0,5390.23291015625,5280.0
embb,2025-11-25 17:27:08.250000+00:00,5439.38232421875,5280.0,5439.38232421875,5280.0
embb,2025-11-25 17:27:08.500000+00:00,5443.59619140625,5280.0,5443.59619140625,5280.0
embb,2025-11-25 17:27:08.750000+00:00,5435.64404296875,5280.0,5435.64404296875,5280.0
embb,2025-11-25 17:27:09+00:00,5384.55029296875,5280.0,5384.55029296875,5280.0
embb,2025-11-25 17:27:09.250000+00:00,5459.27392578125,5280.0,5459.27392578125,5280.0
embb,2025-11-25 17:27:09.500000+00:00,5524.91845703125,5280.0,5524.91845703125,5280.0
embb,2025-11-25 17:27:09.750000+00:00,5479.615234375,5280.0,5479.615234375,5280.0
embb,2025-11-25 17:27:10+00:00,5440.54248046875,5280.0,5440.54248046875,5280.0
embb,2025-11-25 17:27:10.250000+00:00,5472.22998046875,5280.0,5472.22998046875,5280.0
embb,2025-11-25 17:27:10.500000+00:00,5560.15869140625,5280.0,5560.15869140625,5280.0
embb,2025-11-25 17:27:10.750000+00:00,5459.869140625,5280.0,5459.869140625,5280.0
embb,2025-11-25 17:27:11+00:00,5467.31982421875,5280.0,5467.31982421875,5280.0
embb,2025-11-25 17:27:11.250000+00:00,5449.765625,5280.0,5449.765625,5280.0
embb,2025-11-25 17:27:11.500000+00:00,5549.21435546875,5280.0,5549.21435546875,5280.0
embb,2025-11-25 17:27:11.750000+00:00,5435.15771484375,5280.0,5435.15771484375,5280.0
embb,2025-11-25 17:27:12+00:00,5416.07763671875,5280.0,5416.07763671875,5280.0
embb,2025-11-25 17:27:12.250000+00:00,5460.88427734375,5280.0,5460.88427734375,5280.0
embb,2025-11-25 17:27:12.500000+00:00,5522.67431640625,5280.0,5522.67431640625,5280.0
embb,2025-11-25 17:27:12.750000+00:00,5451.80615234375,5280.0,5451.80615234375,5280.0
embb,2025-11-25 17:27:13+00:00,5425.736328125,5280.0,5425.736328125,5280.0
embb,2025-11-25 17:27:13.250000+00:00,5458.45263671875,5280.0,5458.45263671875,5280.0
embb,2025-11-25 17:27:13.500000+00:00,5525.36376953125,5280.0,5525.36376953125,5280.0
embb,2025-11-25 17:27:13.750000+00:00,5444.32275390625,5280.0,5444.32275390625,5280.0
embb,2025-11-25 17:27:14+00:00,5416.18505859375,5280.0,5416.18505859375,5280.0
embb,2025-11-25 17:27:14.250000+00:00,5420.09326171875,5280.0,5420.09326171875,5280.0
embb,2025-11-25 17:27:14.500000+00:00,5549.75,5280.0,5549.75,5280.0
embb,2025-11-25 17:27:14.750000+00:00,5469.7412109375,5280.0,5469.7412109375,5280.0
embb,2025-11-25 17:27:15+00:00,5458.96337890625,5280.0,5458.96337890625,5280.0
embb,2025-11-25 17:27:15.250000+00:00,5463.24462890625,5280.0,5463.24462890625,5280.0
embb,2025-11-25 17:27:15.500000+00:00,5554.24658203125,5280.0,5554.24658203125,5280.0
embb,2025-11-25 17:27:15.750000+00:00,5489.81396484375,5280.0,5489.81396484375,5280.0
embb,2025-11-25 17:27:16+00:00,5442.4365234375,5280.0,5442.4365234375,5280.0
embb,2025-11-25 17:27:16.250000+00:00,5436.04296875,5280.0,5436.04296875,5280.0
embb,2025-11-25 17:27:16.500000+00:00,5555.89111328125,5280.0,5555.89111328125,5280.0
embb,2025-11-25 17:27:16.750000+00:00,5485.1083984375,5280.0,5485.1083984375,5280.0
embb,2025-11-25 17:27:17+00:00,5458.728515625,5280.0,5458.728515625,5280.0
embb,2025-11-25 17:27:17.250000+00:00,5437.6806640625,5280.0,5437.6806640625,5280.0
embb,2025-11-25 17:27:17.500000+00:00,5577.25048828125,5280.0,5577.25048828125,5280.0
embb,2025-11-25 17:27:17.750000+00:00,5500.859375,5280.0,5500.859375,5280.0
embb,2025-11-25 17:27:18+00:00,5471.2333984375,5280.0,5471.2333984375,5280.0
embb,2025-11-25 17:27:18.250000+00:00,5481.97119140625,5280.0,5481.97119140625,5280.0
embb,2025-11-25 17:27:18.500000+00:00,5545.91943359375,5280.0,5545.91943359375,5280.0
embb,2025-11-25 17:27:18.750000+00:00,5534.85693359375,5280.0,5534.85693359375,5280.0
embb,2025-11-25 17:27:19+00:00,5430.84716796875,5280.0,5430.84716796875,5280.0
embb,2025-11-25 17:27:19.250000+00:00,5482.3857421875,5280.0,5482.3857421875,5280.0
embb,2025-11-25 17:27:19.500000+00:00,5569.73046875,5280.0,5569.73046875,5280.0
embb,2025-11-25 17:27:19.750000+00:00,5532.32958984375,5280.0,5532.32958984375,5280.0
embb,2025-11-25 17:27:20+00:00,5481.72705078125,5280.0,5481.72705078125,5280.0
embb,2025-11-25 17:27:20.250000+00:00,5531.31689453125,5280.0,5531.31689453125,5280.0
embb,2025-11-25 17:27:20.500000+00:00,5604.431640625,5280.0,5604.431640625,5280.0
embb,2025-11-25 17:27:20.750000+00:00,5540.91162109375,5280.0,5540.91162109375,5280.0
embb,2025-11-25 17:27:21+00:00,5533.09716796875,5280.0,5533.09716796875,5280.0
embb,2025-11-25 17:27:21.250000+00:00,5531.68603515625,5280.0,5531.68603515625,5280.0
embb,2025-11-25 17:27:21.500000+00:00,5659.90771484375,5280.0,5659.90771484375,5280.0
embb,2025-11-25 17:27:21.750000+00:00,5541.24267578125,5280.0,5541.24267578125,5280.0
embb,2025-11-25 17:27:22+00:00,5567.88916015625,5280.0,5567.88916015625,5280.0
embb,2025-11-25 17:27:22.250000+00:00,5521.21630859375,5280.0,5521.21630859375,5280.0
embb,2025-11-25 17:27:22.500000+00:00,5676.66748046875,5280.0,5676.66748046875,5280.0
embb,2025-11-25 17:27:22.750000+00:00,5523.2275390625,5280.0,5523.2275390625,5280.0
embb,2025-11-25 17:27:23+00:00,5587.71728515625,5280.0,5587.71728515625,5280.0
embb,2025-11-25 17:27:23.250000+00:00,5518.55908203125,5280.0,5518.55908203125,5280.0
embb,2025-11-25 17:27:23.500000+00:00,5699.0302734375,5280.0,5699.0302734375,5280.0
embb,2025-11-25 17:27:23.750000+00:00,5564.208984375,5280.0,5564.208984375,5280.0
embb,2025-11-25 17:27:24+00:00,5623.91259765625,5280.0,5623.91259765625,5280.0
embb,2025-11-25 17:27:24.250000+00:00,5521.939453125,5280.0,5521.939453125,5280.0
embb,2025-11-25 17:27:24.500000+00:00,5708.7255859375,5280.0,5708.7255859375,5280.0
embb,2025-11-25 17:27:24.750000+00:00,5530.36376953125,5280.0,5530.36376953125,5280.0
embb,2025-11-25 17:27:25+00:00,5589.48193359375,5280.0,5589.48193359375,5280.0
embb,2025-11-25 17:27:25.250000+00:00,5486.78369140625,5280.0,5486.78369140625,5280.0
embb,2025-11-25 17:27:25.500000+00:00,5623.201171875,5280.0,5623.201171875,5280.0
embb,2025-11-25 17:27:25.750000+00:00,5485.06982421875,5280.0,5485.06982421875,5280.0
embb,2025-11-25 17:27:26+00:00,5516.77197265625,5280.0,5516.77197265625,5280.0
embb,2025-11-25 17:27:26.250000+00:00,5500.41943359375,5280.0,5500.41943359375,5280.0
embb,2025-11-25 17:27:26.500000+00:00,5653.93798828125,5280.0,5653.93798828125,5280.0
embb,2025-11-25 17:27:26.750000+00:00,5532.87109375,5280.0,5532.87109375,5280.0
embb,2025-11-25 17:27:27+00:00,5536.15966796875,5280.0,5536.15966796875,5280.0
embb,2025-11-25 17:27:27.250000+00:00,5519.9794921875,5280.0,5519.9794921875,5280.0
embb,2025-11-25 17:27:27.500000+00:00,5637.58642578125,5280.0,5637.58642578125,5280.0
embb,2025-11-25 17:27:27.750000+00:00,5511.43603515625,5280.0,5511.43603515625,5280.0
embb,2025-11-25 17:27:28+00:00,5500.07666015625,5280.0,5500.07666015625,5280.0
embb,2025-11-25 17:27:28.250000+00:00,5512.80078125,5280.0,5512.80078125,5280.0
embb,2025-11-25 17:27:28.500000+00:00,5582.1416015625,5280.0,5582.1416015625,5280.0
embb,2025-11-25 17:27:28.750000+00:00,5489.93603515625,5280.0,5489.93603515625,5280.0
embb,2025-11-25 17:27:29+00:00,5440.82666015625,5280.0,5440.82666015625,5280.0
embb,2025-11-25 17:27:29.250000+00:00,5547.33349609375,5280.0,5547.33349609375,5280.0
embb,2025-11-25 17:27:29.500000+00:00,5554.5400390625,5280.0,5554.5400390625,5280.0
embb,2025-11-25 17:27:29.750000+00:00,5513.91357421875,5280.0,5513.91357421875,5280.0
embb,2025-11-25 17:27:30+00:00,5482.5,5280.0,5482.5,5280.0
embb,2025-11-25 17:27:30.250000+00:00,5518.28955078125,5280.0,5518.28955078125,5280.0
embb,2025-11-25 17:27:30.500000+00:00,5570.91845703125,5280.0,5570.91845703125,5280.0
embb,2025-11-25 17:27:30.750000+00:00,5473.11083984375,5280.0,5473.11083984375,5280.0
embb,2025-11-25 17:27:31+00:00,5532.54833984375,5280.0,5532.54833984375,5280.0
embb,2025-11-25 17:27:31.250000+00:00,5537.65283203125,5280.0,5537.65283203125,5280.0
embb,2025-11-25 17:27:31.500000+00:00,5598.853515625,5280.0,5598.853515625,5280.0
embb,2025-11-25 17:27:31.750000+00:00,5504.54931640625,5280.0,5504.54931640625,5280.0
embb,2025-11-25 17:27:32+00:00,5508.77783203125,5280.0,5508.77783203125,5280.0
embb,2025-11-25 17:27:32.250000+00:00,5596.09423828125,5280.0,5596.09423828125,5280.0
embb,2025-11-25 17:27:32.500000+00:00,5625.91259765625,5280.0,5625.91259765625,5280.0
embb,2025-11-25 17:27:32.750000+00:00,5560.7978515625,5280.0,5560.7978515625,5280.0
embb,2025-11-25 17:27:33+00:00,5581.5087890625,5280.0,5581.5087890625,5280.0
embb,2025-11-25 17:27:33.250000+00:00,5566.07080078125,5280.0,5566.07080078125,5280.0
embb,2025-11-25 17:27:33.500000+00:00,5664.326171875,5280.0,5664.326171875,5280.0
embb,2025-11-25 17:27:33.750000+00:00,5510.01220703125,5280.0,5510.01220703125,5280.0
embb,2025-11-25 17:27:34+00:00,5604.13720703125,5280.0,5604.13720703125,5280.0
embb,2025-11-25 17:27:34.250000+00:00,5518.7919921875,5280.0,5518.7919921875,5280.0
embb,2025-11-25 17:27:34.500000+00:00,5705.71923828125,5280.0,5705.71923828125,5280.0
embb,2025-11-25 17:27:34.750000+00:00,5498.6787109375,5280.0,5498.6787109375,5280.0
embb,2025-11-25 17:27:35+00:00,5586.86376953125,5280.0,5586.86376953125,5280.0
embb,2025-11-25 17:27:35.250000+00:00,5534.73876953125,5280.0,5534.73876953125,5280.0
embb,2025-11-25 17:27:35.500000+00:00,5685.41943359375,5280.0,5685.41943359375,5280.0
embb,2025-11-25 17:27:35.750000+00:00,5536.94482421875,5280.0,5536.94482421875,5280.0
embb,2025-11-25 17:27:36+00:00,5584.02001953125,5280.0,5584.02001953125,5280.0
embb,2025-11-25 17:27:36.250000+00:00,5545.82177734375,5280.0,5545.82177734375,5280.0
embb,2025-11-25 17:27:36.500000+00:00,5668.49951171875,5280.0,5668.49951171875,5280.0
embb,2025-11-25 17:27:36.750000+00:00,5536.8916015625,5280.0,5536.8916015625,5280.0
embb,2025-11-25 17:27:37+00:00,5537.79443359375,5280.0,5537.79443359375,5280.0
embb,2025-11-25 17:27:37.250000+00:00,5563.708984375,5280.0,5563.708984375,5280.0
embb,2025-11-25 17:27:37.500000+00:00,5699.44287109375,5280.0,5699.44287109375,5280.0
embb,2025-11-25 17:27:37.750000+00:00,5610.51806640625,5280.0,5610.51806640625,5280.0
embb,2025-11-25 17:27:38+00:00,5566.5556640625,0.0,5566.5556640625,0.0
embb,2025-11-25 17:27:38.250000+00:00,5431.3310546875,1920.0,5431.3310546875,1920.0
embb,2025-11-25 17:27:38.500000+00:00,5541.9091796875,5280.0,5541.9091796875,5280.0
embb,2025-11-25 17:27:38.750000+00:00,5444.1611328125,5280.0,5444.1611328125,5280.0
embb,2025-11-25 17:27:39+00:00,5414.3642578125,5280.0,5414.3642578125,5280.0
embb,2025-11-25 17:27:39.250000+00:00,5333.046875,5280.0,5333.046875,5280.0
embb,2025-11-25 17:27:39.500000+00:00,5425.21630859375,5280.0,5425.21630859375,5280.0
embb,2025-11-25 17:27:39.750000+00:00,5396.61572265625,5280.0,5396.61572265625,5280.0
embb,2025-11-25 17:27:40+00:00,5274.55712890625,1920.0,5274.55712890625,1920.0
embb,2025-11-25 17:27:40.250000+00:00,5215.17041015625,5280.0,5215.17041015625,5280.0
embb,2025-11-25 17:27:40.500000+00:00,5381.92724609375,5280.0,5381.92724609375,5280.0
embb,2025-11-25 17:27:40.750000+00:00,5270.83203125,5280.0,5270.83203125,5280.0
embb,2025-11-25 17:27:41+00:00,5406.72314453125,5280.0,5406.72314453125,5280.0
embb,2025-11-25 17:27:41.250000+00:00,5190.3212890625,5280.0,5190.3212890625,5280.0
embb,2025-11-25 17:27:41.500000+00:00,5443.384765625,5280.0,5443.384765625,5280.0
embb,2025-11-25 17:27:41.750000+00:00,5368.41796875,5280.0,5368.41796875,5280.0
embb,2025-11-25 17:27:42+00:00,5317.62939453125,5280.0,5317.62939453125,5280.0
embb,2025-11-25 17:27:42.250000+00:00,5346.80029296875,5280.0,5346.80029296875,5280.0
embb,2025-11-25 17:27:42.500000+00:00,5321.97265625,5280.0,5321.97265625,5280.0
embb,2025-11-25 17:27:42.750000+00:00,5368.8388671875,5280.0,5368.8388671875,5280.0
embb,2025-11-25 17:27:43+00:00,5268.89990234375,5280.0,5268.89990234375,5280.0
embb,2025-11-25 17:27:43.250000+00:00,5233.6923828125,5280.0,5233.6923828125,5280.0
embb,2025-11-25 17:27:43.500000+00:00,5348.80517578125,5280.0,5348.80517578125,5280.0
embb,2025-11-25 17:27:43.750000+00:00,5328.17236328125,5280.0,5328.17236328125,5280.0
embb,2025-11-25 17:27:44+00:00,5320.14306640625,5280.0,5320.14306640625,5280.0
embb,2025-11-25 17:27:44.250000+00:00,5329.29736328125,5280.0,5329.29736328125,5280.0
embb,2025-11-25 17:27:44.500000+00:00,5414.05810546875,5280.0,5414.05810546875,5280.0
embb,2025-11-25 17:27:44.750000+00:00,5437.38720703125,5280.0,5437.38720703125,5280.0
embb,2025-11-25 17:27:45+00:00,5464.23486328125,5280.0,5464.23486328125,5280.0
embb,2025-11-25 17:27:45.250000+00:00,5545.29150390625,5280.0,5545.29150390625,5280.0
embb,2025-11-25 17:27:45.500000+00:00,5582.1337890625,5280.0,5582.1337890625,5280.0
embb,2025-11-25 17:27:45.750000+00:00,5630.7861328125,5280.0,5630.7861328125,5280.0
embb,2025-11-25 17:27:46+00:00,5432.8779296875,1920.0,5432.8779296875,1920.0
embb,2025-11-25 17:27:46.250000+00:00,5469.05908203125,5280.0,5469.05908203125,5280.0
embb,2025-11-25 17:27:46.500000+00:00,5508.61474609375,5280.0,5508.61474609375,5280.0
embb,2025-11-25 17:27:46.750000+00:00,5454.56396484375,5280.0,5454.56396484375,5280.0
embb,2025-11-25 17:27:47+00:00,5438.15966796875,5280.0,5438.15966796875,5280.0
embb,2025-11-25 17:27:47.250000+00:00,5320.03564453125,5280.0,5320.03564453125,5280.0
embb,2025-11-25 17:27:47.500000+00:00,5481.77685546875,5280.0,5481.77685546875,5280.0
embb,2025-11-25 17:27:47.750000+00:00,5378.4560546875,5280.0,5378.4560546875,5280.0
embb,2025-11-25 17:27:48+00:00,5396.85693359375,5280.0,5396.85693359375,5280.0
embb,2025-11-25 17:27:48.250000+00:00,5520.98291015625,5280.0,5520.98291015625,5280.0
embb,2025-11-25 17:27:48.500000+00:00,5487.62890625,5280.0,5487.62890625,5280.0
embb,2025-11-25 17:27:48.750000+00:00,5587.87060546875,5280.0,5587.87060546875,5280.0
embb,2025-11-25 17:27:49+00:00,5463.66943359375,5280.0,5463.66943359375,5280.0
embb,2025-11-25 17:27:49.250000+00:00,5618.62890625,5280.0,5618.62890625,5280.0
embb,2025-11-25 17:27:49.500000+00:00,5601.57861328125,5280.0,5601.57861328125,5280.0
embb,2025-11-25 17:27:49.750000+00:00,5631.45263671875,5280.0,5631.45263671875,5280.0
embb,2025-11-25 17:27:50+00:00,5509.47119140625,5280.0,5509.47119140625,5280.0
embb,2025-11-25 17:27:50.250000+00:00,5644.01904296875,5280.0,5644.01904296875,5280.0
embb,2025-11-25 17:27:50.500000+00:00,5623.25439453125,5280.0,5623.25439453125,5280.0
embb,2025-11-25 17:27:50.750000+00:00,5621.97900390625,5280.0,5621.97900390625,5280.0
embb,2025-11-25 17:27:51+00:00,5459.84326171875,1920.0,5459.84326171875,1920.0
embb,2025-11-25 17:27:51.250000+00:00,5451.66259765625,5280.0,5451.66259765625,5280.0
embb,2025-11-25 17:27:51.500000+00:00,5541.17822265625,5280.0,5541.17822265625,5280.0
embb,2025-11-25 17:27:51.750000+00:00,5451.349609375,5280.0,5451.349609375,5280.0
embb,2025-11-25 17:27:52+00:00,5455.8798828125,5280.0,5455.8798828125,5280.0
embb,2025-11-25 17:27:52.250000+00:00,5423.33056640625,5280.0,5423.33056640625,5280.0
embb,2025-11-25 17:27:52.500000+00:00,5573.83984375,5280.0,5573.83984375,5280.0
embb,2025-11-25 17:27:52.750000+00:00,5554.27294921875,5280.0,5554.27294921875,5280.0
embb,2025-11-25 17:27:53+00:00,5455.22705078125,5280.0,5455.22705078125,5280.0
embb,2025-11-25 17:27:53.250000+00:00,5546.14404296875,5280.0,5546.14404296875,5280.0
embb,2025-11-25 17:27:53.500000+00:00,5580.69189453125,5280.0,5580.69189453125,5280.0
embb,2025-11-25 17:27:53.750000+00:00,5624.0498046875,5280.0,5624.0498046875,5280.0
embb,2025-11-25 17:27:54+00:00,5485.81982421875,5280.0,5485.81982421875,5280.0
embb,2025-11-25 17:27:54.250000+00:00,5454.82958984375,5280.0,5454.82958984375,5280.0
embb,2025-11-25 17:27:54.500000+00:00,5565.51123046875,5280.0,5565.51123046875,5280.0
embb,2025-11-25 17:27:54.750000+00:00,5526.5712890625,5280.0,5526.5712890625,5280.0
embb,2025-11-25 17:27:55+00:00,5423.92529296875,5280.0,5423.92529296875,5280.0
embb,2025-11-25 17:27:55.250000+00:00,5396.23876953125,5280.0,5396.23876953125,5280.0
embb,2025-11-25 17:27:55.500000+00:00,5455.4658203125,5280.0,5455.4658203125,5280.0
embb,2025-11-25 17:27:55.750000+00:00,5424.73681640625,5280.0,5424.73681640625,5280.0
embb,2025-11-25 17:27:56+00:00,5412.4921875,5280.0,5412.4921875,5280.0
embb,2025-11-25 17:27:56.250000+00:00,5404.29248046875,5280.0,5404.29248046875,5280.0
embb,2025-11-25 17:27:56.500000+00:00,5534.84619140625,5280.0,5534.84619140625,5280.0
embb,2025-11-25 17:27:56.750000+00:00,5456.18603515625,5280.0,5456.18603515625,5280.0
embb,2025-11-25 17:27:57+00:00,5485.93798828125,5280.0,5485.93798828125,5280.0
embb,2025-11-25 17:27:57.250000+00:00,5459.81396484375,5280.0,5459.81396484375,5280.0
embb,2025-11-25 17:27:57.500000+00:00,5565.091796875,5280.0,5565.091796875,5280.0
embb,2025-11-25 17:27:57.750000+00:00,5481.06201171875,5280.0,5481.06201171875,5280.0
embb,2025-11-25 17:27:58+00:00,5462.38525390625,5280.0,5462.38525390625,5280.0
embb,2025-11-25 17:27:58.250000+00:00,5436.77783203125,5280.0,5436.77783203125,5280.0
embb,2025-11-25 17:27:58.500000+00:00,5499.15380859375,5280.0,5499.15380859375,5280.0
embb,2025-11-25 17:27:58.750000+00:00,5465.90869140625,5280.0,5465.90869140625,5280.0
embb,2025-11-25 17:27:59+00:00,5422.0625,5280.0,5422.0625,5280.0
embb,2025-11-25 17:27:59.250000+00:00,5450.94677734375,5280.0,5450.94677734375,5280.0
embb,2025-11-25 17:27:59.500000+00:00,5512.68603515625,5280.0,5512.68603515625,5280.0
embb,2025-11-25 17:27:59.750000+00:00,5467.93896484375,5280.0,5467.93896484375,5280.0
embb,2025-11-25 17:28:00+00:00,5446.58056640625,5280.0,5446.58056640625,5280.0
embb,2025-11-25 17:28:00.250000+00:00,5446.0908203125,5280.0,5446.0908203125,5280.0
embb,2025-11-25 17:28:00.500000+00:00,5527.06591796875,5280.0,5527.06591796875,5280.0
embb,2025-11-25 17:28:00.750000+00:00,5492.97412109375,5280.0,5492.97412109375,5280.0
embb,2025-11-25 17:28:01+00:00,5432.06103515625,5280.0,5432.06103515625,5280.0
embb,2025-11-25 17:28:01.250000+00:00,5455.14501953125,5280.0,5455.14501953125,5280.0
embb,2025-11-25 17:28:01.500000+00:00,5544.56787109375,5280.0,5544.56787109375,5280.0
embb,2025-11-25 17:28:01.750000+00:00,5501.02880859375,5280.0,5501.02880859375,5280.0
embb,2025-11-25 17:28:02+00:00,5451.384765625,5280.0,5451.384765625,5280.0
embb,2025-11-25 17:28:02.250000+00:00,5443.40087890625,5280.0,5443.40087890625,5280.0
embb,2025-11-25 17:28:02.500000+00:00,5540.50927734375,5280.0,5540.50927734375,5280.0
embb,2025-11-25 17:28:02.750000+00:00,5453.29931640625,5280.0,5453.29931640625,5280.0
embb,2025-11-25 17:28:03+00:00,5492.96826171875,5280.0,5492.96826171875,5280.0
embb,2025-11-25 17:28:03.250000+00:00,5434.27392578125,5280.0,5434.27392578125,5280.0
embb,2025-11-25 17:28:03.500000+00:00,5563.70361328125,5280.0,5563.70361328125,5280.0
embb,2025-11-25 17:28:03.750000+00:00,5468.85888671875,5280.0,5468.85888671875,5280.0
embb,2025-11-25 17:28:04+00:00,5493.63134765625,5280.0,5493.63134765625,5280.0
embb,2025-11-25 17:28:04.250000+00:00,5468.36767578125,5280.0,5468.36767578125,5280.0
embb,2025-11-25 17:28:04.500000+00:00,5570.9755859375,5280.0,5570.9755859375,5280.0
embb,2025-11-25 17:28:04.750000+00:00,5537.0576171875,5280.0,5537.0576171875,5280.0
embb,2025-11-25 17:28:05+00:00,5472.88818359375,5280.0,5472.88818359375,5280.0
embb,2025-11-25 17:28:05.250000+00:00,5511.28515625,5280.0,5511.28515625,5280.0
embb,2025-11-25 17:28:05.500000+00:00,5545.06591796875,5280.0,5545.06591796875,5280.0
embb,2025-11-25 17:28:05.750000+00:00,5523.84521484375,5280.0,5523.84521484375,5280.0
embb,2025-11-25 17:28:06+00:00,5481.28076171875,5280.0,5481.28076171875,5280.0
embb,2025-11-25 17:28:06.250000+00:00,5535.78076171875,5280.0,5535.78076171875,5280.0
embb,2025-11-25 17:28:06.500000+00:00,5569.82763671875,5280.0,5569.82763671875,5280.0
embb,2025-11-25 17:28:06.750000+00:00,5522.40185546875,5280.0,5522.40185546875,5280.0
embb,2025-11-25 17:28:07+00:00,5457.47802734375,5280.0,5457.47802734375,5280.0
embb,2025-11-25 17:28:07.250000+00:00,5556.10986328125,5280.0,5556.10986328125,5280.0
embb,2025-11-25 17:28:07.500000+00:00,5517.392578125,5280.0,5517.392578125,5280.0
embb,2025-11-25 17:28:07.750000+00:00,5541.025390625,5280.0,5541.025390625,5280.0
embb,2025-11-25 17:28:08+00:00,5412.20263671875,5280.0,5412.20263671875,5280.0
embb,2025-11-25 17:28:08.250000+00:00,5531.32763671875,5280.0,5531.32763671875,5280.0
embb,2025-11-25 17:28:08.500000+00:00,5548.62841796875,5280.0,5548.62841796875,5280.0
embb,2025-11-25 17:28:08.750000+00:00,5504.6865234375,5280.0,5504.6865234375,5280.0
embb,2025-11-25 17:28:09+00:00,5448.41552734375,5280.0,5448.41552734375,5280.0
embb,2025-11-25 17:28:09.250000+00:00,5514.4521484375,5280.0,5514.4521484375,5280.0
embb,2025-11-25 17:28:09.500000+00:00,5580.4111328125,5280.0,5580.4111328125,5280.0
embb,2025-11-25 17:28:09.750000+00:00,5502.41064453125,5280.0,5502.41064453125,5280.0
embb,2025-11-25 17:28:10+00:00,5443.83203125,5280.0,5443.83203125,5280.0
embb,2025-11-25 17:28:10.250000+00:00,5502.91455078125,5280.0,5502.91455078125,5280.0
embb,2025-11-25 17:28:10.500000+00:00,5535.44873046875,5280.0,5535.44873046875,5280.0
embb,2025-11-25 17:28:10.750000+00:00,5471.86962890625,0.0,5471.86962890625,0.0
embb,2025-11-25 17:28:11+00:00,5218.146484375,5280.0,5218.146484375,5280.0
embb,2025-11-25 17:28:11.250000+00:00,5413.05419921875,10560.0,5413.05419921875,10560.0
embb,2025-11-25 17:28:11.500000+00:00,5503.92138671875,5280.0,5503.92138671875,5280.0
embb,2025-11-25 17:28:11.750000+00:00,5413.9140625,5280.0,5413.9140625,5280.0
embb,2025-11-25 17:28:12+00:00,5443.3271484375,5280.0,5443.3271484375,5280.0
embb,2025-11-25 17:28:12.250000+00:00,5464.17333984375,5280.0,5464.17333984375,5280.0
embb,2025-11-25 17:28:12.500000+00:00,5734.35498046875,5280.0,5734.35498046875,5280.0
embb,2025-11-25 17:28:12.750000+00:00,5593.85009765625,5280.0,5593.85009765625,5280.0
embb,2025-11-25 17:28:13+00:00,5633.20751953125,5280.0,5633.20751953125,5280.0
embb,2025-11-25 17:28:13.250000+00:00,5676.88818359375,5280.0,5676.88818359375,5280.0
embb,2025-11-25 17:28:13.500000+00:00,5727.52099609375,5280.0,5727.52099609375,5280.0
embb,2025-11-25 17:28:13.750000+00:00,5666.5546875,5280.0,5666.5546875,5280.0
embb,2025-11-25 17:28:14+00:00,5497.51513671875,5280.0,5497.51513671875,5280.0
embb,2025-11-25 17:28:14.250000+00:00,5657.0439453125,5280.0,5657.0439453125,5280.0
embb,2025-11-25 17:28:14.500000+00:00,5657.76123046875,5280.0,5657.76123046875,5280.0
embb,2025-11-25 17:28:14.750000+00:00,5609.5439453125,5280.0,5609.5439453125,5280.0
embb,2025-11-25 17:28:15+00:00,5492.81982421875,5280.0,5492.81982421875,5280.0
embb,2025-11-25 17:28:15.250000+00:00,5579.99169921875,5280.0,5579.99169921875,5280.0
embb,2025-11-25 17:28:15.500000+00:00,5632.5361328125,5280.0,5632.5361328125,5280.0
embb,2025-11-25 17:28:15.750000+00:00,5562.64306640625,5280.0,5562.64306640625,5280.0
embb,2025-11-25 17:28:16+00:00,5533.91748046875,5280.0,5533.91748046875,5280.0
embb,2025-11-25 17:28:16.250000+00:00,5610.15771484375,5280.0,5610.15771484375,5280.0
embb,2025-11-25 17:28:16.500000+00:00,5635.08056640625,5280.0,5635.08056640625,5280.0
embb,2025-11-25 17:28:16.750000+00:00,5574.48779296875,5280.0,5574.48779296875,5280.0
embb,2025-11-25 17:28:17+00:00,5548.666015625,5280.0,5548.666015625,5280.0
embb,2025-11-25 17:28:17.250000+00:00,5582.09765625,5280.0,5582.09765625,5280.0
embb,2025-11-25 17:28:17.500000+00:00,5591.33740234375,5280.0,5591.33740234375,5280.0
embb,2025-11-25 17:28:17.750000+00:00,5497.10791015625,5280.0,5497.10791015625,5280.0
embb,2025-11-25 17:28:18+00:00,5458.6806640625,5280.0,5458.6806640625,5280.0
embb,2025-11-25 17:28:18.250000+00:00,5449.69140625,5280.0,5449.69140625,5280.0
embb,2025-11-25 17:28:18.500000+00:00,5510.37646484375,5280.0,5510.37646484375,5280.0
embb,2025-11-25 17:28:18.750000+00:00,5399.7880859375,5280.0,5399.7880859375,5280.0
embb,2025-11-25 17:28:19+00:00,5403.01220703125,5280.0,5403.01220703125,5280.0
embb,2025-11-25 17:28:19.250000+00:00,5452.5546875,5280.0,5452.5546875,5280.0
embb,2025-11-25 17:28:19.500000+00:00,5479.57568359375,5280.0,5479.57568359375,5280.0
embb,2025-11-25 17:28:19.750000+00:00,5416.46435546875,5280.0,5416.46435546875,5280.0
embb,2025-11-25 17:28:20+00:00,5406.98486328125,5280.0,5406.98486328125,5280.0
embb,2025-11-25 17:28:20.250000+00:00,5477.82470703125,5280.0,5477.82470703125,5280.0
embb,2025-11-25 17:28:20.500000+00:00,5494.14990234375,5280.0,5494.14990234375,5280.0
embb,2025-11-25 17:28:20.750000+00:00,5482.92041015625,5280.0,5482.92041015625,5280.0
embb,2025-11-25 17:28:21+00:00,5404.84130859375,5280.0,5404.84130859375,5280.0
embb,2025-11-25 17:28:21.250000+00:00,5537.0625,5280.0,5537.0625,5280.0
embb,2025-11-25 17:28:21.500000+00:00,5492.060546875,5280.0,5492.060546875,5280.0
embb,2025-11-25 17:28:21.750000+00:00,5511.33837890625,5280.0,5511.33837890625,5280.0
embb,2025-11-25 17:28:22+00:00,5393.29931640625,5280.0,5393.29931640625,5280.0
embb,2025-11-25 17:28:22.250000+00:00,5555.595703125,5280.0,5555.595703125,5280.0
embb,2025-11-25 17:28:22.500000+00:00,5487.25146484375,5280.0,5487.25146484375,5280.0
embb,2025-11-25 17:28:22.750000+00:00,5468.70068359375,5280.0,5468.70068359375,5280.0
embb,2025-11-25 17:28:23+00:00,5388.57666015625,5280.0,5388.57666015625,5280.0
embb,2025-11-25 17:28:23.250000+00:00,5540.53857421875,5280.0,5540.53857421875,5280.0
embb,2025-11-25 17:28:23.500000+00:00,5500.83349609375,5280.0,5500.83349609375,5280.0
embb,2025-11-25 17:28:23.750000+00:00,5510.1796875,5280.0,5510.1796875,5280.0
embb,2025-11-25 17:28:24+00:00,5400.978515625,5280.0,5400.978515625,5280.0
embb,2025-11-25 17:28:24.250000+00:00,5545.77587890625,5280.0,5545.77587890625,5280.0
embb,2025-11-25 17:28:24.500000+00:00,5508.73291015625,5280.0,5508.73291015625,5280.0
embb,2025-11-25 17:28:24.750000+00:00,5487.05517578125,5280.0,5487.05517578125,5280.0
embb,2025-11-25 17:28:25+00:00,5397.10498046875,5280.0,5397.10498046875,5280.0
embb,2025-11-25 17:28:25.250000+00:00,5481.4814453125,5280.0,5481.4814453125,5280.0
embb,2025-11-25 17:28:25.500000+00:00,5496.68505859375,5280.0,5496.68505859375,5280.0
embb,2025-11-25 17:28:25.750000+00:00,5426.931640625,5280.0,5426.931640625,5280.0
embb,2025-11-25 17:28:26+00:00,5394.25048828125,5280.0,5394.25048828125,5280.0
embb,2025-11-25 17:28:26.250000+00:00,5451.029296875,5280.0,5451.029296875,5280.0
embb,2025-11-25 17:28:26.500000+00:00,5508.58740234375,5280.0,5508.58740234375,5280.0
embb,2025-11-25 17:28:26.750000+00:00,5433.92578125,5280.0,5433.92578125,5280.0
embb,2025-11-25 17:28:27+00:00,5409.85498046875,5280.0,5409.85498046875,5280.0
embb,2025-11-25 17:28:27.250000+00:00,5442.1455078125,5280.0,5442.1455078125,5280.0
embb,2025-11-25 17:28:27.500000+00:00,5512.64404296875,5280.0,5512.64404296875,5280.0
embb,2025-11-25 17:28:27.750000+00:00,5429.37841796875,5280.0,5429.37841796875,5280.0
embb,2025-11-25 17:28:28+00:00,5411.6435546875,5280.0,5411.6435546875,5280.0
embb,2025-11-25 17:28:28.250000+00:00,5420.55224609375,5280.0,5420.55224609375,5280.0
embb,2025-11-25 17:28:28.500000+00:00,5507.54736328125,5280.0,5507.54736328125,5280.0
embb,2025-11-25 17:28:28.750000+00:00,5473.9365234375,5280.0,5473.9365234375,5280.0
embb,2025-11-25 17:28:29+00:00,5426.28564453125,5280.0,5426.28564453125,5280.0
embb,2025-11-25 17:28:29.250000+00:00,5525.0224609375,5280.0,5525.0224609375,5280.0
embb,2025-11-25 17:28:29.500000+00:00,5539.74267578125,5280.0,5539.74267578125,5280.0
embb,2025-11-25 17:28:29.750000+00:00,5555.89111328125,5280.0,5555.89111328125,5280.0
embb,2025-11-25 17:28:30+00:00,5450.0263671875,5280.0,5450.0263671875,5280.0
embb,2025-11-25 17:28:30.250000+00:00,5554.6240234375,5280.0,5554.6240234375,5280.0
embb,2025-11-25 17:28:30.500000+00:00,5616.02099609375,5280.0,5616.02099609375,5280.0
embb,2025-11-25 17:28:30.750000+00:00,5545.90087890625,5280.0,5545.90087890625,5280.0
embb,2025-11-25 17:28:31+00:00,5525.1103515625,5280.0,5525.1103515625,5280.0
embb,2025-11-25 17:28:31.250000+00:00,5526.18701171875,5280.0,5526.18701171875,5280.0
embb,2025-11-25 17:28:31.500000+00:00,5655.54052734375,5280.0,5655.54052734375,5280.0
embb,2025-11-25 17:28:31.750000+00:00,5555.65966796875,5280.0,5555.65966796875,5280.0
embb,2025-11-25 17:28:32+00:00,5545.1259765625,5280.0,5545.1259765625,5280.0
embb,2025-11-25 17:28:32.250000+00:00,5574.654296875,5280.0,5574.654296875,5280.0
embb,2025-11-25 17:28:32.500000+00:00,5659.43896484375,5280.0,5659.43896484375,5280.0
embb,2025-11-25 17:28:32.750000+00:00,5597.73388671875,5280.0,5597.73388671875,5280.0
embb,2025-11-25 17:28:33+00:00,5577.20703125,5280.0,5577.20703125,5280.0
embb,2025-11-25 17:28:33.250000+00:00,5581.85205078125,5280.0,5581.85205078125,5280.0
embb,2025-11-25 17:28:33.500000+00:00,5748.84716796875,5280.0,5748.84716796875,5280.0
embb,2025-11-25 17:28:33.750000+00:00,5581.04931640625,5280.0,5581.04931640625,5280.0
embb,2025-11-25 17:28:34+00:00,5656.37353515625,5280.0,5656.37353515625,5280.0
embb,2025-11-25 17:28:34.250000+00:00,5566.54638671875,5280.0,5566.54638671875,5280.0
embb,2025-11-25 17:28:34.500000+00:00,5818.873046875,5280.0,5818.873046875,5280.0
embb,2025-11-25 17:28:34.750000+00:00,5627.10693359375,5280.0,5627.10693359375,5280.0
embb,2025-11-25 17:28:35+00:00,5691.7197265625,5280.0,5691.7197265625,5280.0
embb,2025-11-25 17:28:35.250000+00:00,5642.8076171875,5280.0,5642.8076171875,5280.0
embb,2025-11-25 17:28:35.500000+00:00,5859.00244140625,5280.0,5859.00244140625,5280.0
embb,2025-11-25 17:28:35.750000+00:00,5703.9482421875,5280.0,5703.9482421875,5280.0
embb,2025-11-25 17:28:36+00:00,5726.13720703125,5280.0,5726.13720703125,5280.0
embb,2025-11-25 17:28:36.250000+00:00,5677.0859375,5280.0,5677.0859375,5280.0
embb,2025-11-25 17:28:36.500000+00:00,5912.33837890625,5280.0,5912.33837890625,5280.0
embb,2025-11-25 17:28:36.750000+00:00,5681.22607421875,5280.0,5681.22607421875,5280.0
embb,2025-11-25 17:28:37+00:00,5797.91259765625,5280.0,5797.91259765625,5280.0
embb,2025-11-25 17:28:37.250000+00:00,5642.41552734375,5280.0,5642.41552734375,5280.0
embb,2025-11-25 17:28:37.500000+00:00,5918.92333984375,5280.0,5918.92333984375,5280.0
embb,2025-11-25 17:28:37.750000+00:00,5713.84033203125,5280.0,5713.84033203125,5280.0
embb,2025-11-25 17:28:38+00:00,5697.4052734375,1920.0,5697.4052734375,1920.0
embb,2025-11-25 17:28:38.250000+00:00,5494.66943359375,5280.0,5494.66943359375,5280.0
embb,2025-11-25 17:28:38.500000+00:00,5745.8466796875,5280.0,5745.8466796875,5280.0
embb,2025-11-25 17:28:38.750000+00:00,5500.369140625,5280.0,5500.369140625,5280.0
embb,2025-11-25 17:28:39+00:00,5554.85107421875,5280.0,5554.85107421875,5280.0
embb,2025-11-25 17:28:39.250000+00:00,5351.1533203125,5280.0,5351.1533203125,5280.0
embb,2025-11-25 17:28:39.500000+00:00,5560.29052734375,5280.0,5560.29052734375,5280.0
embb,2025-11-25 17:28:39.750000+00:00,5386.65869140625,5280.0,5386.65869140625,5280.0
embb,2025-11-25 17:28:40+00:00,5400.70068359375,5280.0,5400.70068359375,5280.0
embb,2025-11-25 17:28:40.250000+00:00,5318.74951171875,5280.0,5318.74951171875,5280.0
embb,2025-11-25 17:28:40.500000+00:00,5376.49658203125,5280.0,5376.49658203125,5280.0
embb,2025-11-25 17:28:40.750000+00:00,5326.26220703125,5280.0,5326.26220703125,5280.0
embb,2025-11-25 17:28:41+00:00,5270.31494140625,5280.0,5270.31494140625,5280.0
embb,2025-11-25 17:28:41.250000+00:00,5152.4619140625,5280.0,5152.4619140625,5280.0
embb,2025-11-25 17:28:41.500000+00:00,5238.23291015625,5280.0,5238.23291015625,5280.0
embb,2025-11-25 17:28:41.750000+00:00,5197.16259765625,5280.0,5197.16259765625,5280.0
embb,2025-11-25 17:28:42+00:00,5213.75146484375,5280.0,5213.75146484375,5280.0
embb,2025-11-25 17:28:42.250000+00:00,5166.09375,5280.0,5166.09375,5280.0
embb,2025-11-25 17:28:42.500000+00:00,5172.7890625,5280.0,5172.7890625,5280.0
embb,2025-11-25 17:28:42.750000+00:00,5175.08740234375,5280.0,5175.08740234375,5280.0
embb,2025-11-25 17:28:43+00:00,5167.7548828125,5280.0,5167.7548828125,5280.0
embb,2025-11-25 17:28:43.250000+00:00,5150.91748046875,5280.0,5150.91748046875,5280.0
embb,2025-11-25 17:28:43.500000+00:00,5119.2119140625,5280.0,5119.2119140625,5280.0
embb,2025-11-25 17:28:43.750000+00:00,5130.92724609375,5280.0,5130.92724609375,5280.0
embb,2025-11-25 17:28:44+00:00,5134.29638671875,5280.0,5134.29638671875,5280.0
embb,2025-11-25 17:28:44.250000+00:00,5122.44677734375,5280.0,5122.44677734375,5280.0
embb,2025-11-25 17:28:44.500000+00:00,5123.83203125,5280.0,5123.83203125,5280.0
embb,2025-11-25 17:28:44.750000+00:00,5150.322265625,5280.0,5150.322265625,5280.0
embb,2025-11-25 17:28:45+00:00,5155.791015625,5280.0,5155.791015625,5280.0
embb,2025-11-25 17:28:45.250000+00:00,5152.53369140625,5280.0,5152.53369140625,5280.0
embb,2025-11-25 17:28:45.500000+00:00,5158.505859375,5280.0,5158.505859375,5280.0
embb,2025-11-25 17:28:45.750000+00:00,5146.24560546875,5280.0,5146.24560546875,5280.0
embb,2025-11-25 17:28:46+00:00,5215.353515625,5280.0,5215.353515625,5280.0
embb,2025-11-25 17:28:46.250000+00:00,5139.27294921875,5280.0,5139.27294921875,5280.0
embb,2025-11-25 17:28:46.500000+00:00,5192.65234375,5280.0,5192.65234375,5280.0
embb,2025-11-25 17:28:46.750000+00:00,5175.33447265625,5280.0,5175.33447265625,5280.0
embb,2025-11-25 17:28:47+00:00,5251.73779296875,5280.0,5251.73779296875,5280.0
embb,2025-11-25 17:28:47.250000+00:00,5214.5498046875,5280.0,5214.5498046875,5280.0
embb,2025-11-25 17:28:47.500000+00:00,5222.20166015625,5280.0,5222.20166015625,5280.0
embb,2025-11-25 17:28:47.750000+00:00,5210.0087890625,5280.0,5210.0087890625,5280.0
embb,2025-11-25 17:28:48+00:00,5235.0146484375,5280.0,5235.0146484375,5280.0
embb,2025-11-25 17:28:48.250000+00:00,5191.78173828125,5280.0,5191.78173828125,5280.0
embb,2025-11-25 17:28:48.500000+00:00,5187.99462890625,5280.0,5187.99462890625,5280.0
embb,2025-11-25 17:28:48.750000+00:00,5165.83935546875,5280.0,5165.83935546875,5280.0
embb,2025-11-25 17:28:49+00:00,5239.49267578125,5280.0,5239.49267578125,5280.0
embb,2025-11-25 17:28:49.250000+00:00,5132.623046875,5280.0,5132.623046875,5280.0
embb,2025-11-25 17:28:49.500000+00:00,5195.89404296875,5280.0,5195.89404296875,5280.0
embb,2025-11-25 17:28:49.750000+00:00,5138.55322265625,5280.0,5138.55322265625,5280.0
embb,2025-11-25 17:28:50+00:00,5241.14208984375,5280.0,5241.14208984375,5280.0
embb,2025-11-25 17:28:50.250000+00:00,5152.68310546875,5280.0,5152.68310546875,5280.0
embb,2025-11-25 17:28:50.500000+00:00,5196.20849609375,5280.0,5196.20849609375,5280.0
embb,2025-11-25 17:28:50.750000+00:00,5156.41796875,5280.0,5156.41796875,5280.0
embb,2025-11-25 17:28:51+00:00,5197.65576171875,5280.0,5197.65576171875,5280.0
embb,2025-11-25 17:28:51.250000+00:00,5148.28857421875,5280.0,5148.28857421875,5280.0
embb,2025-11-25 17:28:51.500000+00:00,5209.47607421875,5280.0,5209.47607421875,5280.0
embb,2025-11-25 17:28:51.750000+00:00,5157.10546875,5280.0,5157.10546875,5280.0
embb,2025-11-25 17:28:52+00:00,5231.958984375,5280.0,5231.958984375,5280.0
embb,2025-11-25 17:28:52.250000+00:00,5151.30712890625,5280.0,5151.30712890625,5280.0
embb,2025-11-25 17:28:52.500000+00:00,5248.01708984375,5280.0,5248.01708984375,5280.0
embb,2025-11-25 17:28:52.750000+00:00,5168.41015625,5280.0,5168.41015625,5280.0
mmtc,2025-11-25 17:27:04.500000+00:00,5158.17724609375,5280.0,5158.17724609375,5280.0
mmtc,2025-11-25 17:27:04.750000+00:00,5171.75732421875,5280.0,5171.75732421875,5280.0
mmtc,2025-11-25 17:27:05+00:00,5052.3095703125,5280.0,5052.3095703125,5280.0
mmtc,2025-11-25 17:27:05.250000+00:00,5103.95068359375,5280.0,5103.95068359375,5280.0
mmtc,2025-11-25 17:27:05.500000+00:00,5128.44482421875,5280.0,5128.44482421875,5280.0
mmtc,2025-11-25 17:27:05.750000+00:00,5255.16259765625,5280.0,5255.16259765625,5280.0
mmtc,2025-11-25 17:27:06+00:00,5122.95654296875,5280.0,5122.95654296875,5280.0
mmtc,2025-11-25 17:27:06.250000+00:00,5231.52880859375,5280.0,5231.52880859375,5280.0
mmtc,2025-11-25 17:27:06.500000+00:00,5189.744140625,5280.0,5189.744140625,5280.0
mmtc,2025-11-25 17:27:06.750000+00:00,5277.25048828125,4480.0,5277.25048828125,4480.0
mmtc,2025-11-25 17:27:07+00:00,5064.9912109375,5280.0,5064.9912109375,5280.0
mmtc,2025-11-25 17:27:07.250000+00:00,5171.595703125,5280.0,5171.595703125,5280.0
mmtc,2025-11-25 17:27:07.500000+00:00,5112.09814453125,5280.0,5112.09814453125,5280.0
mmtc,2025-11-25 17:27:07.750000+00:00,5208.3642578125,5280.0,5208.3642578125,5280.0
mmtc,2025-11-25 17:27:08+00:00,5070.99560546875,1280.0,5070.99560546875,1280.0
mmtc,2025-11-25 17:27:08.250000+00:00,5010.04541015625,4480.0,5010.04541015625,4480.0
mmtc,2025-11-25 17:27:08.500000+00:00,5060.09521484375,5280.0,5060.09521484375,5280.0
mmtc,2025-11-25 17:27:08.750000+00:00,5086.8583984375,5280.0,5086.8583984375,5280.0
mmtc,2025-11-25 17:27:09+00:00,5097.2255859375,5280.0,5097.2255859375,5280.0
mmtc,2025-11-25 17:27:09.250000+00:00,5069.21435546875,5280.0,5069.21435546875,5280.0
mmtc,2025-11-25 17:27:09.500000+00:00,5160.78271484375,5280.0,5160.78271484375,5280.0
mmtc,2025-11-25 17:27:09.750000+00:00,5186.05859375,5280.0,5186.05859375,5280.0
mmtc,2025-11-25 17:27:10+00:00,5176.73291015625,5280.0,5176.73291015625,5280.0
mmtc,2025-11-25 17:27:10.250000+00:00,5222.93505859375,5280.0,5222.93505859375,5280.0
mmtc,2025-11-25 17:27:10.500000+00:00,5220.55419921875,5280.0,5220.55419921875,5280.0
mmtc,2025-11-25 17:27:10.750000+00:00,5262.02099609375,5280.0,5262.02099609375,5280.0
mmtc,2025-11-25 17:27:11+00:00,5202.826171875,5280.0,5202.826171875,5280.0
mmtc,2025-11-25 17:27:11.250000+00:00,5158.77197265625,5280.0,5158.77197265625,5280.0
mmtc,2025-11-25 17:27:11.500000+00:00,5172.76611328125,5280.0,5172.76611328125,5280.0
mmtc,2025-11-25 17:27:11.750000+00:00,5173.19384765625,5280.0,5173.19384765625,5280.0
mmtc,2025-11-25 17:27:12+00:00,5168.6572265625,1280.0,5168.6572265625,1280.0
mmtc,2025-11-25 17:27:12.250000+00:00,5008.072265625,5280.0,5008.072265625,5280.0
mmtc,2025-11-25 17:27:12.500000+00:00,5190.59375,5280.0,5190.59375,5280.0
mmtc,2025-11-25 17:27:12.750000+00:00,5078.35302734375,5280.0,5078.35302734375,5280.0
mmtc,2025-11-25 17:27:13+00:00,5217.3857421875,4480.0,5217.3857421875,4480.0
mmtc,2025-11-25 17:27:13.250000+00:00,5000.67822265625,5280.0,5000.67822265625,5280.0
mmtc,2025-11-25 17:27:13.500000+00:00,5201.54150390625,5280.0,5201.54150390625,5280.0
mmtc,2025-11-25 17:27:13.750000+00:00,5119.80859375,5280.0,5119.80859375,5280.0
mmtc,2025-11-25 17:27:14+00:00,5207.33642578125,5280.0,5207.33642578125,5280.0
mmtc,2025-11-25 17:27:14.250000+00:00,5154.5869140625,5280.0,5154.5869140625,5280.0
mmtc,2025-11-25 17:27:14.500000+00:00,5238.9853515625,5280.0,5238.9853515625,5280.0
mmtc,2025-11-25 17:27:14.750000+00:00,5274.91748046875,5280.0,5274.91748046875,5280.0
mmtc,2025-11-25 17:27:15+00:00,5215.58984375,5280.0,5215.58984375,5280.0
mmtc,2025-11-25 17:27:15.250000+00:00,5149.67822265625,5280.0,5149.67822265625,5280.0
mmtc,2025-11-25 17:27:15.500000+00:00,5188.63525390625,5280.0,5188.63525390625,5280.0
mmtc,2025-11-25 17:27:15.750000+00:00,5195.67724609375,5280.0,5195.67724609375,5280.0
mmtc,2025-11-25 17:27:16+00:00,5185.64453125,5280.0,5185.64453125,5280.0
mmtc,2025-11-25 17:27:16.250000+00:00,5109.6240234375,5280.0,5109.6240234375,5280.0
mmtc,2025-11-25 17:27:16.500000+00:00,5214.88037109375,5280.0,5214.88037109375,5280.0
mmtc,2025-11-25 17:27:16.750000+00:00,5204.97119140625,5280.0,5204.97119140625,5280.0
mmtc,2025-11-25 17:27:17+00:00,5223.92431640625,4480.0,5223.92431640625,4480.0
mmtc,2025-11-25 17:27:17.250000+00:00,5111.23779296875,5280.0,5111.23779296875,5280.0
mmtc,2025-11-25 17:27:17.500000+00:00,5246.1201171875,5280.0,5246.1201171875,5280.0
mmtc,2025-11-25 17:27:17.750000+00:00,5206.2919921875,5280.0,5206.2919921875,5280.0
mmtc,2025-11-25 17:27:18+00:00,5223.36083984375,1280.0,5223.36083984375,1280.0
mmtc,2025-11-25 17:27:18.250000+00:00,4995.5830078125,5280.0,4995.5830078125,5280.0
mmtc,2025-11-25 17:27:18.500000+00:00,5199.306640625,5280.0,5199.306640625,5280.0
mmtc,2025-11-25 17:27:18.750000+00:00,5123.2607421875,5280.0,5123.2607421875,5280.0
mmtc,2025-11-25 17:27:19+00:00,5173.15576171875,5280.0,5173.15576171875,5280.0
mmtc,2025-11-25 17:27:19.250000+00:00,5027.59423828125,5280.0,5027.59423828125,5280.0
mmtc,2025-11-25 17:27:19.500000+00:00,5215.0146484375,5280.0,5215.0146484375,5280.0
mmtc,2025-11-25 17:27:19.750000+00:00,5186.97607421875,5280.0,5186.97607421875,5280.0
mmtc,2025-11-25 17:27:20+00:00,5213.60986328125,5280.0,5213.60986328125,5280.0
mmtc,2025-11-25 17:27:20.250000+00:00,5186.14013671875,4480.0,5186.14013671875,4480.0
mmtc,2025-11-25 17:27:20.500000+00:00,5151.73681640625,5280.0,5151.73681640625,5280.0
mmtc,2025-11-25 17:27:20.750000+00:00,5235.73388671875,5280.0,5235.73388671875,5280.0
mmtc,2025-11-25 17:27:21+00:00,5161.41650390625,5280.0,5161.41650390625,5280.0
mmtc,2025-11-25 17:27:21.250000+00:00,5125.40771484375,5280.0,5125.40771484375,5280.0
mmtc,2025-11-25 17:27:21.500000+00:00,5149.5859375,5280.0,5149.5859375,5280.0
mmtc,2025-11-25 17:27:21.750000+00:00,5158.4453125,5280.0,5158.4453125,5280.0
mmtc,2025-11-25 17:27:22+00:00,5151.73095703125,5280.0,5151.73095703125,5280.0
mmtc,2025-11-25 17:27:22.250000+00:00,5117.2998046875,5280.0,5117.2998046875,5280.0
mmtc,2025-11-25 17:27:22.500000+00:00,5162.189453125,5280.0,5162.189453125,5280.0
mmtc,2025-11-25 17:27:22.750000+00:00,5149.94482421875,5280.0,5149.94482421875,5280.0
mmtc,2025-11-25 17:27:23+00:00,5208.06103515625,4480.0,5208.06103515625,4480.0
mmtc,2025-11-25 17:27:23.250000+00:00,5116.62841796875,5280.0,5116.62841796875,5280.0
mmtc,2025-11-25 17:27:23.500000+00:00,5205.04248046875,5280.0,5205.04248046875,5280.0
mmtc,2025-11-25 17:27:23.750000+00:00,5195.75927734375,5280.0,5195.75927734375,5280.0
mmtc,2025-11-25 17:27:24+00:00,5241.7744140625,5280.0,5241.7744140625,5280.0
mmtc,2025-11-25 17:27:24.250000+00:00,5173.4921875,5280.0,5173.4921875,5280.0
mmtc,2025-11-25 17:27:24.500000+00:00,5240.09765625,5280.0,5240.09765625,5280.0
mmtc,2025-11-25 17:27:24.750000+00:00,5217.18310546875,5280.0,5217.18310546875,5280.0
mmtc,2025-11-25 17:27:25+00:00,5233.037109375,5280.0,5233.037109375,5280.0
mmtc,2025-11-25 17:27:25.250000+00:00,5173.7509765625,5280.0,5173.7509765625,5280.0
mmtc,2025-11-25 17:27:25.500000+00:00,5195.49072265625,5280.0,5195.49072265625,5280.0
mmtc,2025-11-25 17:27:25.750000+00:00,5189.04345703125,5280.0,5189.04345703125,5280.0
mmtc,2025-11-25 17:27:26+00:00,5212.650390625,5280.0,5212.650390625,5280.0
mmtc,2025-11-25 17:27:26.250000+00:00,5188.0556640625,5280.0,5188.0556640625,5280.0
mmtc,2025-11-25 17:27:26.500000+00:00,5276.97802734375,5280.0,5276.97802734375,5280.0
mmtc,2025-11-25 17:27:26.750000+00:00,5227.57080078125,5280.0,5227.57080078125,5280.0
mmtc,2025-11-25 17:27:27+00:00,5268.5322265625,5280.0,5268.5322265625,5280.0
mmtc,2025-11-25 17:27:27.250000+00:00,5223.6630859375,5280.0,5223.6630859375,5280.0
mmtc,2025-11-25 17:27:27.500000+00:00,5274.31298828125,5280.0,5274.31298828125,5280.0
mmtc,2025-11-25 17:27:27.750000+00:00,5240.69873046875,5280.0,5240.69873046875,5280.0
mmtc,2025-11-25 17:27:28+00:00,5245.41357421875,5280.0,5245.41357421875,5280.0
mmtc,2025-11-25 17:27:28.250000+00:00,5267.9609375,5280.0,5267.9609375,5280.0
mmtc,2025-11-25 17:27:28.500000+00:00,5250.59765625,5280.0,5250.59765625,5280.0
mmtc,2025-11-25 17:27:28.750000+00:00,5256.72607421875,5280.0,5256.72607421875,5280.0
mmtc,2025-11-25 17:27:29+00:00,5231.01025390625,5280.0,5231.01025390625,5280.0
mmtc,2025-11-25 17:27:29.250000+00:00,5325.9716796875,5280.0,5325.9716796875,5280.0
mmtc,2025-11-25 17:27:29.500000+00:00,5272.7314453125,5280.0,5272.7314453125,5280.0
mmtc,2025-11-25 17:27:29.750000+00:00,5282.20556640625,5280.0,5282.20556640625,5280.0
mmtc,2025-11-25 17:27:30+00:00,5289.998046875,4480.0,5289.998046875,4480.0
mmtc,2025-11-25 17:27:30.250000+00:00,5210.33837890625,5280.0,5210.33837890625,5280.0
mmtc,2025-11-25 17:27:30.500000+00:00,5278.71630859375,5280.0,5278.71630859375,5280.0
mmtc,2025-11-25 17:27:30.750000+00:00,5163.15185546875,5280.0,5163.15185546875,5280.0
mmtc,2025-11-25 17:27:31+00:00,5289.95361328125,1280.0,5289.95361328125,1280.0
mmtc,2025-11-25 17:27:31.250000+00:00,5002.66943359375,5280.0,5002.66943359375,5280.0
mmtc,2025-11-25 17:27:31.500000+00:00,5256.15478515625,5280.0,5256.15478515625,5280.0
mmtc,2025-11-25 17:27:31.750000+00:00,5042.67724609375,5280.0,5042.67724609375,5280.0
mmtc,2025-11-25 17:27:32+00:00,5259.13427734375,5280.0,5259.13427734375,5280.0
mmtc,2025-11-25 17:27:32.250000+00:00,5111.18359375,5280.0,5111.18359375,5280.0
mmtc,2025-11-25 17:27:32.500000+00:00,5278.19091796875,5280.0,5278.19091796875,5280.0
mmtc,2025-11-25 17:27:32.750000+00:00,5196.7783203125,5280.0,5196.7783203125,5280.0
mmtc,2025-11-25 17:27:33+00:00,5320.93701171875,5280.0,5320.93701171875,5280.0
mmtc,2025-11-25 17:27:33.250000+00:00,5221.94580078125,5280.0,5221.94580078125,5280.0
mmtc,2025-11-25 17:27:33.500000+00:00,5292.03955078125,5280.0,5292.03955078125,5280.0
mmtc,2025-11-25 17:27:33.750000+00:00,5225.14208984375,5280.0,5225.14208984375,5280.0
mmtc,2025-11-25 17:27:34+00:00,5281.32080078125,5280.0,5281.32080078125,5280.0
mmtc,2025-11-25 17:27:34.250000+00:00,5117.69189453125,5280.0,5117.69189453125,5280.0
mmtc,2025-11-25 17:27:34.500000+00:00,5264.56103515625,5280.0,5264.56103515625,5280.0
mmtc,2025-11-25 17:27:34.750000+00:00,5131.7646484375,5280.0,5131.7646484375,5280.0
mmtc,2025-11-25 17:27:35+00:00,5233.341796875,5280.0,5233.341796875,5280.0
mmtc,2025-11-25 17:27:35.250000+00:00,5160.900390625,5280.0,5160.900390625,5280.0
mmtc,2025-11-25 17:27:35.500000+00:00,5234.41796875,5280.0,5234.41796875,5280.0
mmtc,2025-11-25 17:27:35.750000+00:00,5206.00048828125,5280.0,5206.00048828125,5280.0
mmtc,2025-11-25 17:27:36+00:00,5242.5107421875,5280.0,5242.5107421875,5280.0
mmtc,2025-11-25 17:27:36.250000+00:00,5254.30322265625,5280.0,5254.30322265625,5280.0
mmtc,2025-11-25 17:27:36.500000+00:00,5250.30078125,5280.0,5250.30078125,5280.0
mmtc,2025-11-25 17:27:36.750000+00:00,5279.64013671875,4480.0,5279.64013671875,4480.0
mmtc,2025-11-25 17:27:37+00:00,5181.365234375,5280.0,5181.365234375,5280.0
mmtc,2025-11-25 17:27:37.250000+00:00,5335.5595703125,5280.0,5335.5595703125,5280.0
mmtc,2025-11-25 17:27:37.500000+00:00,5259.59033203125,5280.0,5259.59033203125,5280.0
mmtc,2025-11-25 17:27:37.750000+00:00,5359.43603515625,5280.0,5359.43603515625,5280.0
mmtc,2025-11-25 17:27:38+00:00,5266.3193359375,0.0,5266.3193359375,0.0
mmtc,2025-11-25 17:27:38.250000+00:00,5172.6669921875,5280.0,5172.6669921875,5280.0
mmtc,2025-11-25 17:27:38.500000+00:00,5356.75927734375,5280.0,5356.75927734375,5280.0
mmtc,2025-11-25 17:27:38.750000+00:00,5140.474609375,5280.0,5140.474609375,5280.0
mmtc,2025-11-25 17:27:39+00:00,5307.283203125,5280.0,5307.283203125,5280.0
mmtc,2025-11-25 17:27:39.250000+00:00,5076.51708984375,1280.0,5076.51708984375,1280.0
mmtc,2025-11-25 17:27:39.500000+00:00,5144.166015625,5280.0,5144.166015625,5280.0
mmtc,2025-11-25 17:27:39.750000+00:00,5121.77783203125,5280.0,5121.77783203125,5280.0
mmtc,2025-11-25 17:27:40+00:00,5080.8056640625,4480.0,5080.8056640625,4480.0
mmtc,2025-11-25 17:27:40.250000+00:00,5156.73876953125,5280.0,5156.73876953125,5280.0
mmtc,2025-11-25 17:27:40.500000+00:00,5113.56298828125,5280.0,5113.56298828125,5280.0
mmtc,2025-11-25 17:27:40.750000+00:00,5196.55712890625,5280.0,5196.55712890625,5280.0
mmtc,2025-11-25 17:27:41+00:00,5156.02392578125,5280.0,5156.02392578125,5280.0
mmtc,2025-11-25 17:27:41.250000+00:00,5092.58984375,5280.0,5092.58984375,5280.0
mmtc,2025-11-25 17:27:41.500000+00:00,5236.24462890625,5280.0,5236.24462890625,5280.0
mmtc,2025-11-25 17:27:41.750000+00:00,5118.99755859375,5280.0,5118.99755859375,5280.0
mmtc,2025-11-25 17:27:42+00:00,5226.72412109375,5280.0,5226.72412109375,5280.0
mmtc,2025-11-25 17:27:42.250000+00:00,5106.27294921875,5280.0,5106.27294921875,5280.0
mmtc,2025-11-25 17:27:42.500000+00:00,5139.53662109375,5280.0,5139.53662109375,5280.0
mmtc,2025-11-25 17:27:42.750000+00:00,5133.59619140625,4480.0,5133.59619140625,4480.0
mmtc,2025-11-25 17:27:43+00:00,5042.19873046875,5280.0,5042.19873046875,5280.0
mmtc,2025-11-25 17:27:43.250000+00:00,5115.80419921875,4480.0,5115.80419921875,4480.0
mmtc,2025-11-25 17:27:43.500000+00:00,4977.89404296875,5280.0,4977.89404296875,5280.0
mmtc,2025-11-25 17:27:43.750000+00:00,5162.896484375,6944.0,5162.896484375,6944.0
mmtc,2025-11-25 17:27:44+00:00,5043.83740234375,5280.0,5043.83740234375,5280.0
mmtc,2025-11-25 17:27:44.250000+00:00,5141.587890625,4480.0,5141.587890625,4480.0
mmtc,2025-11-25 17:27:44.500000+00:00,4997.61767578125,6944.0,4997.61767578125,6944.0
mmtc,2025-11-25 17:27:44.750000+00:00,5258.9169921875,5280.0,5258.9169921875,5280.0
mmtc,2025-11-25 17:27:45+00:00,5113.62255859375,1280.0,5113.62255859375,1280.0
mmtc,2025-11-25 17:27:45.250000+00:00,5086.26708984375,4480.0,5086.26708984375,4480.0
mmtc,2025-11-25 17:27:45.500000+00:00,5069.9326171875,5280.0,5069.9326171875,5280.0
mmtc,2025-11-25 17:27:45.750000+00:00,5154.712890625,5280.0,5154.712890625,5280.0
mmtc,2025-11-25 17:27:46+00:00,5128.78759765625,4480.0,5128.78759765625,4480.0
mmtc,2025-11-25 17:27:46.250000+00:00,5045.43017578125,5280.0,5045.43017578125,5280.0
mmtc,2025-11-25 17:27:46.500000+00:00,5059.005859375,5280.0,5059.005859375,5280.0
mmtc,2025-11-25 17:27:46.750000+00:00,5142.73876953125,5280.0,5142.73876953125,5280.0
mmtc,2025-11-25 17:27:47+00:00,5168.830078125,5280.0,5168.830078125,5280.0
mmtc,2025-11-25 17:27:47.250000+00:00,5129.9091796875,5280.0,5129.9091796875,5280.0
mmtc,2025-11-25 17:27:47.500000+00:00,5136.3251953125,5280.0,5136.3251953125,5280.0
mmtc,2025-11-25 17:27:47.750000+00:00,5239.458984375,5280.0,5239.458984375,5280.0
mmtc,2025-11-25 17:27:48+00:00,5203.73583984375,5280.0,5203.73583984375,5280.0
mmtc,2025-11-25 17:27:48.250000+00:00,5192.2099609375,5280.0,5192.2099609375,5280.0
mmtc,2025-11-25 17:27:48.500000+00:00,5165.78955078125,5280.0,5165.78955078125,5280.0
mmtc,2025-11-25 17:27:48.750000+00:00,5227.96533203125,5280.0,5227.96533203125,5280.0
mmtc,2025-11-25 17:27:49+00:00,5218.89990234375,5280.0,5218.89990234375,5280.0
mmtc,2025-11-25 17:27:49.250000+00:00,5194.845703125,5280.0,5194.845703125,5280.0
mmtc,2025-11-25 17:27:49.500000+00:00,5214.77978515625,4480.0,5214.77978515625,4480.0
mmtc,2025-11-25 17:27:49.750000+00:00,5116.474609375,5280.0,5116.474609375,5280.0
mmtc,2025-11-25 17:27:50+00:00,5225.02490234375,5280.0,5225.02490234375,5280.0
mmtc,2025-11-25 17:27:50.250000+00:00,5119.9189453125,5280.0,5119.9189453125,5280.0
mmtc,2025-11-25 17:27:50.500000+00:00,5227.02001953125,5280.0,5227.02001953125,5280.0
mmtc,2025-11-25 17:27:50.750000+00:00,5121.4462890625,5280.0,5121.4462890625,5280.0
mmtc,2025-11-25 17:27:51+00:00,5244.30419921875,4480.0,5244.30419921875,4480.0
mmtc,2025-11-25 17:27:51.250000+00:00,5187.63916015625,5280.0,5187.63916015625,5280.0
mmtc,2025-11-25 17:27:51.500000+00:00,5248.10009765625,5280.0,5248.10009765625,5280.0
mmtc,2025-11-25 17:27:51.750000+00:00,5253.767578125,5280.0,5253.767578125,5280.0
mmtc,2025-11-25 17:27:52+00:00,5246.67919921875,5280.0,5246.67919921875,5280.0
mmtc,2025-11-25 17:27:52.250000+00:00,5246.0546875,5280.0,5246.0546875,5280.0
mmtc,2025-11-25 17:27:52.500000+00:00,5272.90185546875,5280.0,5272.90185546875,5280.0
mmtc,2025-11-25 17:27:52.750000+00:00,5258.224609375,5280.0,5258.224609375,5280.0
mmtc,2025-11-25 17:27:53+00:00,5257.34375,4480.0,5257.34375,4480.0
mmtc,2025-11-25 17:27:53.250000+00:00,5146.845703125,5280.0,5146.845703125,5280.0
mmtc,2025-11-25 17:27:53.500000+00:00,5298.8544921875,5280.0,5298.8544921875,5280.0
mmtc,2025-11-25 17:27:53.750000+00:00,5215.458984375,5280.0,5215.458984375,5280.0
mmtc,2025-11-25 17:27:54+00:00,5269.06884765625,5280.0,5269.06884765625,5280.0
mmtc,2025-11-25 17:27:54.250000+00:00,5122.0390625,5280.0,5122.0390625,5280.0
mmtc,2025-11-25 17:27:54.500000+00:00,5250.77197265625,5280.0,5250.77197265625,5280.0
mmtc,2025-11-25 17:27:54.750000+00:00,5254.73388671875,5280.0,5254.73388671875,5280.0
mmtc,2025-11-25 17:27:55+00:00,5234.8818359375,5280.0,5234.8818359375,5280.0
mmtc,2025-11-25 17:27:55.250000+00:00,5206.8505859375,5280.0,5206.8505859375,5280.0
mmtc,2025-11-25 17:27:55.500000+00:00,5235.9375,5280.0,5235.9375,5280.0
mmtc,2025-11-25 17:27:55.750000+00:00,5288.548828125,5280.0,5288.548828125,5280.0
mmtc,2025-11-25 17:27:56+00:00,5269.41845703125,1280.0,5269.41845703125,1280.0
mmtc,2025-11-25 17:27:56.250000+00:00,5026.56103515625,1280.0,5026.56103515625,1280.0
mmtc,2025-11-25 17:27:56.500000+00:00,5105.4990234375,5280.0,5105.4990234375,5280.0
mmtc,2025-11-25 17:27:56.750000+00:00,5098.27734375,5280.0,5098.27734375,5280.0
mmtc,2025-11-25 17:27:57+00:00,5161.97314453125,5280.0,5161.97314453125,5280.0
mmtc,2025-11-25 17:27:57.250000+00:00,5012.29052734375,4480.0,5012.29052734375,4480.0
mmtc,2025-11-25 17:27:57.500000+00:00,5021.8212890625,5280.0,5021.8212890625,5280.0
mmtc,2025-11-25 17:27:57.750000+00:00,5140.52001953125,5280.0,5140.52001953125,5280.0
mmtc,2025-11-25 17:27:58+00:00,5141.775390625,5280.0,5141.775390625,5280.0
mmtc,2025-11-25 17:27:58.250000+00:00,5159.28173828125,5280.0,5159.28173828125,5280.0
mmtc,2025-11-25 17:27:58.500000+00:00,5131.04052734375,5280.0,5131.04052734375,5280.0
mmtc,2025-11-25 17:27:58.750000+00:00,5253.77587890625,5280.0,5253.77587890625,5280.0
mmtc,2025-11-25 17:27:59+00:00,5233.9287109375,5280.0,5233.9287109375,5280.0
mmtc,2025-11-25 17:27:59.250000+00:00,5125.24169921875,5280.0,5125.24169921875,5280.0
mmtc,2025-11-25 17:27:59.500000+00:00,5122.94775390625,5280.0,5122.94775390625,5280.0
mmtc,2025-11-25 17:27:59.750000+00:00,5158.509765625,4480.0,5158.509765625,4480.0
mmtc,2025-11-25 17:28:00+00:00,5113.21240234375,5280.0,5113.21240234375,5280.0
mmtc,2025-11-25 17:28:00.250000+00:00,5101.9873046875,5280.0,5101.9873046875,5280.0
mmtc,2025-11-25 17:28:00.500000+00:00,5049.3974609375,5280.0,5049.3974609375,5280.0
mmtc,2025-11-25 17:28:00.750000+00:00,5171.1923828125,5280.0,5171.1923828125,5280.0
mmtc,2025-11-25 17:28:01+00:00,5095.46630859375,5280.0,5095.46630859375,5280.0
mmtc,2025-11-25 17:28:01.250000+00:00,5162.65673828125,1280.0,5162.65673828125,1280.0
mmtc,2025-11-25 17:28:01.500000+00:00,4995.84912109375,5280.0,4995.84912109375,5280.0
mmtc,2025-11-25 17:28:01.750000+00:00,5237.48583984375,4480.0,5237.48583984375,4480.0
mmtc,2025-11-25 17:28:02+00:00,5037.71923828125,4480.0,5037.71923828125,4480.0
mmtc,2025-11-25 17:28:02.250000+00:00,5151.82177734375,5280.0,5151.82177734375,5280.0
mmtc,2025-11-25 17:28:02.500000+00:00,5055.61962890625,5280.0,5055.61962890625,5280.0
mmtc,2025-11-25 17:28:02.750000+00:00,5165.37109375,5280.0,5165.37109375,5280.0
mmtc,2025-11-25 17:28:03+00:00,5132.6123046875,5280.0,5132.6123046875,5280.0
mmtc,2025-11-25 17:28:03.250000+00:00,5104.31005859375,5280.0,5104.31005859375,5280.0
mmtc,2025-11-25 17:28:03.500000+00:00,5174.35400390625,5280.0,5174.35400390625,5280.0
mmtc,2025-11-25 17:28:03.750000+00:00,5165.8076171875,5280.0,5165.8076171875,5280.0
mmtc,2025-11-25 17:28:04+00:00,5218.83837890625,5280.0,5218.83837890625,5280.0
mmtc,2025-11-25 17:28:04.250000+00:00,5175.20458984375,5280.0,5175.20458984375,5280.0
mmtc,2025-11-25 17:28:04.500000+00:00,5138.11376953125,5280.0,5138.11376953125,5280.0
mmtc,2025-11-25 17:28:04.750000+00:00,5246.53759765625,5280.0,5246.53759765625,5280.0
mmtc,2025-11-25 17:28:05+00:00,5140.64111328125,4480.0,5140.64111328125,4480.0
mmtc,2025-11-25 17:28:05.250000+00:00,5107.5234375,5280.0,5107.5234375,5280.0
mmtc,2025-11-25 17:28:05.500000+00:00,5123.19970703125,5280.0,5123.19970703125,5280.0
mmtc,2025-11-25 17:28:05.750000+00:00,5134.22412109375,5280.0,5134.22412109375,5280.0
mmtc,2025-11-25 17:28:06+00:00,5180.9873046875,5280.0,5180.9873046875,5280.0
mmtc,2025-11-25 17:28:06.250000+00:00,5132.92529296875,5280.0,5132.92529296875,5280.0
mmtc,2025-11-25 17:28:06.500000+00:00,5205.01123046875,5280.0,5205.01123046875,5280.0
mmtc,2025-11-25 17:28:06.750000+00:00,5182.5966796875,5280.0,5182.5966796875,5280.0
mmtc,2025-11-25 17:28:07+00:00,5237.32373046875,5280.0,5237.32373046875,5280.0
mmtc,2025-11-25 17:28:07.250000+00:00,5260.630859375,6944.0,5260.630859375,6944.0
mmtc,2025-11-25 17:28:07.500000+00:00,5290.5576171875,5280.0,5290.5576171875,5280.0
mmtc,2025-11-25 17:28:07.750000+00:00,5300.3603515625,5280.0,5300.3603515625,5280.0
mmtc,2025-11-25 17:28:08+00:00,5289.33935546875,5280.0,5289.33935546875,5280.0
mmtc,2025-11-25 17:28:08.250000+00:00,5281.78466796875,5280.0,5281.78466796875,5280.0
mmtc,2025-11-25 17:28:08.500000+00:00,5308.5283203125,5280.0,5308.5283203125,5280.0
mmtc,2025-11-25 17:28:08.750000+00:00,5267.96044921875,5280.0,5267.96044921875,5280.0
mmtc,2025-11-25 17:28:09+00:00,5264.50341796875,5280.0,5264.50341796875,5280.0
mmtc,2025-11-25 17:28:09.250000+00:00,5270.27880859375,5280.0,5270.27880859375,5280.0
mmtc,2025-11-25 17:28:09.500000+00:00,5275.09326171875,5280.0,5275.09326171875,5280.0
mmtc,2025-11-25 17:28:09.750000+00:00,5270.9365234375,6944.0,5270.9365234375,6944.0
mmtc,2025-11-25 17:28:10+00:00,5278.056640625,5280.0,5278.056640625,5280.0
mmtc,2025-11-25 17:28:10.250000+00:00,5307.5947265625,5280.0,5307.5947265625,5280.0
mmtc,2025-11-25 17:28:10.500000+00:00,5294.80712890625,5280.0,5294.80712890625,5280.0
mmtc,2025-11-25 17:28:10.750000+00:00,5316.82861328125,0.0,5316.82861328125,0.0
mmtc,2025-11-25 17:28:11+00:00,5139.91455078125,5280.0,5139.91455078125,5280.0
mmtc,2025-11-25 17:28:11.250000+00:00,5349.80419921875,9760.0,5349.80419921875,9760.0
mmtc,2025-11-25 17:28:11.500000+00:00,5289.70947265625,5280.0,5289.70947265625,5280.0
mmtc,2025-11-25 17:28:11.750000+00:00,5376.86376953125,5280.0,5376.86376953125,5280.0
mmtc,2025-11-25 17:28:12+00:00,5255.51123046875,6944.0,5255.51123046875,6944.0
mmtc,2025-11-25 17:28:12.250000+00:00,5430.14501953125,5280.0,5430.14501953125,5280.0
mmtc,2025-11-25 17:28:12.500000+00:00,5401.75439453125,5280.0,5401.75439453125,5280.0
mmtc,2025-11-25 17:28:12.750000+00:00,5471.04443359375,4480.0,5471.04443359375,4480.0
mmtc,2025-11-25 17:28:13+00:00,5328.72314453125,5280.0,5328.72314453125,5280.0
mmtc,2025-11-25 17:28:13.250000+00:00,5506.45947265625,5280.0,5506.45947265625,5280.0
mmtc,2025-11-25 17:28:13.500000+00:00,5342.8125,5280.0,5342.8125,5280.0
mmtc,2025-11-25 17:28:13.750000+00:00,5454.6591796875,5280.0,5454.6591796875,5280.0
mmtc,2025-11-25 17:28:14+00:00,5166.125,1280.0,5166.125,1280.0
mmtc,2025-11-25 17:28:14.250000+00:00,5243.13671875,5280.0,5243.13671875,5280.0
mmtc,2025-11-25 17:28:14.500000+00:00,5239.50634765625,5280.0,5239.50634765625,5280.0
mmtc,2025-11-25 17:28:14.750000+00:00,5226.61865234375,5280.0,5226.61865234375,5280.0
mmtc,2025-11-25 17:28:15+00:00,5203.16259765625,5280.0,5203.16259765625,5280.0
mmtc,2025-11-25 17:28:15.250000+00:00,5189.20556640625,5280.0,5189.20556640625,5280.0
mmtc,2025-11-25 17:28:15.500000+00:00,5277.646484375,5280.0,5277.646484375,5280.0
mmtc,2025-11-25 17:28:15.750000+00:00,5288.75732421875,5280.0,5288.75732421875,5280.0
mmtc,2025-11-25 17:28:16+00:00,5249.93359375,5280.0,5249.93359375,5280.0
mmtc,2025-11-25 17:28:16.250000+00:00,5384.45556640625,5280.0,5384.45556640625,5280.0
mmtc,2025-11-25 17:28:16.500000+00:00,5281.66552734375,5280.0,5281.66552734375,5280.0
mmtc,2025-11-25 17:28:16.750000+00:00,5377.8037109375,5280.0,5377.8037109375,5280.0
mmtc,2025-11-25 17:28:17+00:00,5291.291015625,5280.0,5291.291015625,5280.0
mmtc,2025-11-25 17:28:17.250000+00:00,5274.07080078125,5280.0,5274.07080078125,5280.0
mmtc,2025-11-25 17:28:17.500000+00:00,5256.1337890625,5280.0,5256.1337890625,5280.0
mmtc,2025-11-25 17:28:17.750000+00:00,5212.1201171875,5280.0,5212.1201171875,5280.0
mmtc,2025-11-25 17:28:18+00:00,5217.72802734375,5280.0,5217.72802734375,5280.0
mmtc,2025-11-25 17:28:18.250000+00:00,5178.61669921875,5280.0,5178.61669921875,5280.0
mmtc,2025-11-25 17:28:18.500000+00:00,5199.34423828125,5280.0,5199.34423828125,5280.0
mmtc,2025-11-25 17:28:18.750000+00:00,5183.5537109375,5280.0,5183.5537109375,5280.0
mmtc,2025-11-25 17:28:19+00:00,5227.81982421875,5280.0,5227.81982421875,5280.0
mmtc,2025-11-25 17:28:19.250000+00:00,5297.76904296875,5280.0,5297.76904296875,5280.0
mmtc,2025-11-25 17:28:19.500000+00:00,5257.13427734375,6944.0,5257.13427734375,6944.0
mmtc,2025-11-25 17:28:19.750000+00:00,5330.79296875,5280.0,5330.79296875,5280.0
mmtc,2025-11-25 17:28:20+00:00,5312.93408203125,5280.0,5312.93408203125,5280.0
mmtc,2025-11-25 17:28:20.250000+00:00,5423.37939453125,5280.0,5423.37939453125,5280.0
mmtc,2025-11-25 17:28:20.500000+00:00,5337.49951171875,5280.0,5337.49951171875,5280.0
mmtc,2025-11-25 17:28:20.750000+00:00,5403.27587890625,5280.0,5403.27587890625,5280.0
mmtc,2025-11-25 17:28:21+00:00,5335.7099609375,5280.0,5335.7099609375,5280.0
mmtc,2025-11-25 17:28:21.250000+00:00,5417.97021484375,5280.0,5417.97021484375,5280.0
mmtc,2025-11-25 17:28:21.500000+00:00,5315.90869140625,5280.0,5315.90869140625,5280.0
mmtc,2025-11-25 17:28:21.750000+00:00,5329.03173828125,5280.0,5329.03173828125,5280.0
mmtc,2025-11-25 17:28:22+00:00,5286.41064453125,5280.0,5286.41064453125,5280.0
mmtc,2025-11-25 17:28:22.250000+00:00,5369.14306640625,5280.0,5369.14306640625,5280.0
mmtc,2025-11-25 17:28:22.500000+00:00,5288.02001953125,6944.0,5288.02001953125,6944.0
mmtc,2025-11-25 17:28:22.750000+00:00,5327.626953125,5280.0,5327.626953125,5280.0
mmtc,2025-11-25 17:28:23+00:00,5296.25830078125,5280.0,5296.25830078125,5280.0
mmtc,2025-11-25 17:28:23.250000+00:00,5407.68505859375,5280.0,5407.68505859375,5280.0
mmtc,2025-11-25 17:28:23.500000+00:00,5343.951171875,5280.0,5343.951171875,5280.0
mmtc,2025-11-25 17:28:23.750000+00:00,5360.853515625,5280.0,5360.853515625,5280.0
mmtc,2025-11-25 17:28:24+00:00,5342.14306640625,5280.0,5342.14306640625,5280.0
mmtc,2025-11-25 17:28:24.250000+00:00,5372.53271484375,5280.0,5372.53271484375,5280.0
mmtc,2025-11-25 17:28:24.500000+00:00,5348.87744140625,5280.0,5348.87744140625,5280.0
mmtc,2025-11-25 17:28:24.750000+00:00,5286.98681640625,5280.0,5286.98681640625,5280.0
mmtc,2025-11-25 17:28:25+00:00,5310.78759765625,4480.0,5310.78759765625,4480.0
mmtc,2025-11-25 17:28:25.250000+00:00,5203.90234375,5280.0,5203.90234375,5280.0
mmtc,2025-11-25 17:28:25.500000+00:00,5289.69189453125,5280.0,5289.69189453125,5280.0
mmtc,2025-11-25 17:28:25.750000+00:00,5174.447265625,5280.0,5174.447265625,5280.0
mmtc,2025-11-25 17:28:26+00:00,5267.00244140625,5280.0,5267.00244140625,5280.0
mmtc,2025-11-25 17:28:26.250000+00:00,5179.87060546875,5280.0,5179.87060546875,5280.0
mmtc,2025-11-25 17:28:26.500000+00:00,5269.9404296875,4480.0,5269.9404296875,4480.0
mmtc,2025-11-25 17:28:26.750000+00:00,5129.73974609375,5280.0,5129.73974609375,5280.0
mmtc,2025-11-25 17:28:27+00:00,5260.72607421875,5280.0,5260.72607421875,5280.0
mmtc,2025-11-25 17:28:27.250000+00:00,5164.1826171875,5280.0,5164.1826171875,5280.0
mmtc,2025-11-25 17:28:27.500000+00:00,5271.46728515625,5280.0,5271.46728515625,5280.0
mmtc,2025-11-25 17:28:27.750000+00:00,5156.24853515625,5280.0,5156.24853515625,5280.0
mmtc,2025-11-25 17:28:28+00:00,5262.29638671875,5280.0,5262.29638671875,5280.0
mmtc,2025-11-25 17:28:28.250000+00:00,5167.2265625,5280.0,5167.2265625,5280.0
mmtc,2025-11-25 17:28:28.500000+00:00,5254.79833984375,5280.0,5254.79833984375,5280.0
mmtc,2025-11-25 17:28:28.750000+00:00,5233.38037109375,5280.0,5233.38037109375,5280.0
mmtc,2025-11-25 17:28:29+00:00,5262.61474609375,5280.0,5262.61474609375,5280.0
mmtc,2025-11-25 17:28:29.250000+00:00,5292.087890625,5280.0,5292.087890625,5280.0
mmtc,2025-11-25 17:28:29.500000+00:00,5269.181640625,5280.0,5269.181640625,5280.0
mmtc,2025-11-25 17:28:29.750000+00:00,5269.39013671875,5280.0,5269.39013671875,5280.0
mmtc,2025-11-25 17:28:30+00:00,5273.326171875,5280.0,5273.326171875,5280.0
mmtc,2025-11-25 17:28:30.250000+00:00,5281.74072265625,5280.0,5281.74072265625,5280.0
mmtc,2025-11-25 17:28:30.500000+00:00,5323.71533203125,5280.0,5323.71533203125,5280.0
mmtc,2025-11-25 17:28:30.750000+00:00,5265.11669921875,5280.0,5265.11669921875,5280.0
mmtc,2025-11-25 17:28:31+00:00,5305.1845703125,5280.0,5305.1845703125,5280.0
mmtc,2025-11-25 17:28:31.250000+00:00,5264.12939453125,5280.0,5264.12939453125,5280.0
mmtc,2025-11-25 17:28:31.500000+00:00,5308.75244140625,5280.0,5308.75244140625,5280.0
mmtc,2025-11-25 17:28:31.750000+00:00,5281.67919921875,5280.0,5281.67919921875,5280.0
mmtc,2025-11-25 17:28:32+00:00,5278.92431640625,6944.0,5278.92431640625,6944.0
mmtc,2025-11-25 17:28:32.250000+00:00,5319.53271484375,4480.0,5319.53271484375,4480.0
mmtc,2025-11-25 17:28:32.500000+00:00,5206.35400390625,4480.0,5206.35400390625,4480.0
mmtc,2025-11-25 17:28:32.750000+00:00,5245.689453125,5280.0,5245.689453125,5280.0
mmtc,2025-11-25 17:28:33+00:00,5251.4130859375,5280.0,5251.4130859375,5280.0
mmtc,2025-11-25 17:28:33.250000+00:00,5256.38037109375,5280.0,5256.38037109375,5280.0
mmtc,2025-11-25 17:28:33.500000+00:00,5289.89501953125,5280.0,5289.89501953125,5280.0
mmtc,2025-11-25 17:28:33.750000+00:00,5226.74462890625,5280.0,5226.74462890625,5280.0
mmtc,2025-11-25 17:28:34+00:00,5323.33056640625,5280.0,5323.33056640625,5280.0
mmtc,2025-11-25 17:28:34.250000+00:00,5258.35791015625,5280.0,5258.35791015625,5280.0
mmtc,2025-11-25 17:28:34.500000+00:00,5369.51708984375,5280.0,5369.51708984375,5280.0
mmtc,2025-11-25 17:28:34.750000+00:00,5322.169921875,5280.0,5322.169921875,5280.0
mmtc,2025-11-25 17:28:35+00:00,5337.78955078125,5280.0,5337.78955078125,5280.0
mmtc,2025-11-25 17:28:35.250000+00:00,5318.67529296875,5280.0,5318.67529296875,5280.0
mmtc,2025-11-25 17:28:35.500000+00:00,5318.30078125,5280.0,5318.30078125,5280.0
mmtc,2025-11-25 17:28:35.750000+00:00,5295.86474609375,4480.0,5295.86474609375,4480.0
mmtc,2025-11-25 17:28:36+00:00,5214.509765625,5280.0,5214.509765625,5280.0
mmtc,2025-11-25 17:28:36.250000+00:00,5261.87548828125,5280.0,5261.87548828125,5280.0
mmtc,2025-11-25 17:28:36.500000+00:00,5271.3720703125,5280.0,5271.3720703125,5280.0
mmtc,2025-11-25 17:28:36.750000+00:00,5267.57373046875,5280.0,5267.57373046875,5280.0
mmtc,2025-11-25 17:28:37+00:00,5258.2001953125,5280.0,5258.2001953125,5280.0
mmtc,2025-11-25 17:28:37.250000+00:00,5255.60986328125,5280.0,5255.60986328125,5280.0
mmtc,2025-11-25 17:28:37.500000+00:00,5316.87841796875,5280.0,5316.87841796875,5280.0
mmtc,2025-11-25 17:28:37.750000+00:00,5341.74560546875,5280.0,5341.74560546875,5280.0
mmtc,2025-11-25 17:28:38+00:00,5309.79345703125,4480.0,5309.79345703125,4480.0
mmtc,2025-11-25 17:28:38.250000+00:00,5285.49853515625,4480.0,5285.49853515625,4480.0
mmtc,2025-11-25 17:28:38.500000+00:00,5246.85791015625,5280.0,5246.85791015625,5280.0
mmtc,2025-11-25 17:28:38.750000+00:00,5301.02734375,5280.0,5301.02734375,5280.0
mmtc,2025-11-25 17:28:39+00:00,5167.4443359375,5280.0,5167.4443359375,5280.0
mmtc,2025-11-25 17:28:39.250000+00:00,5233.33642578125,5280.0,5233.33642578125,5280.0
mmtc,2025-11-25 17:28:39.500000+00:00,5146.89404296875,5280.0,5146.89404296875,5280.0
mmtc,2025-11-25 17:28:39.750000+00:00,5245.76904296875,5280.0,5245.76904296875,5280.0
mmtc,2025-11-25 17:28:40+00:00,5187.90771484375,4480.0,5187.90771484375,4480.0
mmtc,2025-11-25 17:28:40.250000+00:00,5155.6103515625,5280.0,5155.6103515625,5280.0
mmtc,2025-11-25 17:28:40.500000+00:00,5219.26025390625,5280.0,5219.26025390625,5280.0
mmtc,2025-11-25 17:28:40.750000+00:00,5208.28173828125,4480.0,5208.28173828125,4480.0
mmtc,2025-11-25 17:28:41+00:00,5176.8671875,5280.0,5176.8671875,5280.0
mmtc,2025-11-25 17:28:41.250000+00:00,5143.73486328125,5280.0,5143.73486328125,5280.0
mmtc,2025-11-25 17:28:41.500000+00:00,5141.62060546875,5280.0,5141.62060546875,5280.0
mmtc,2025-11-25 17:28:41.750000+00:00,5243.39453125,5280.0,5243.39453125,5280.0
mmtc,2025-11-25 17:28:42+00:00,5183.72802734375,5280.0,5183.72802734375,5280.0
mmtc,2025-11-25 17:28:42.250000+00:00,5272.95654296875,4480.0,5272.95654296875,4480.0
mmtc,2025-11-25 17:28:42.500000+00:00,5124.5009765625,5280.0,5124.5009765625,5280.0
mmtc,2025-11-25 17:28:42.750000+00:00,5301.60986328125,5280.0,5301.60986328125,5280.0
mmtc,2025-11-25 17:28:43+00:00,5168.2265625,5280.0,5168.2265625,5280.0
mmtc,2025-11-25 17:28:43.250000+00:00,5253.72802734375,6944.0,5253.72802734375,6944.0
mmtc,2025-11-25 17:28:43.500000+00:00,5169.40966796875,5280.0,5169.40966796875,5280.0
mmtc,2025-11-25 17:28:43.750000+00:00,5248.62548828125,5280.0,5248.62548828125,5280.0
mmtc,2025-11-25 17:28:44+00:00,5181.14208984375,5280.0,5181.14208984375,5280.0
mmtc,2025-11-25 17:28:44.250000+00:00,5239.40185546875,5280.0,5239.40185546875,5280.0
mmtc,2025-11-25 17:28:44.500000+00:00,5204.28466796875,5280.0,5204.28466796875,5280.0
mmtc,2025-11-25 17:28:44.750000+00:00,5283.4794921875,5280.0,5283.4794921875,5280.0
mmtc,2025-11-25 17:28:45+00:00,5253.54541015625,5280.0,5253.54541015625,5280.0
mmtc,2025-11-25 17:28:45.250000+00:00,5318.14111328125,5280.0,5318.14111328125,5280.0
mmtc,2025-11-25 17:28:45.500000+00:00,5219.37841796875,5280.0,5219.37841796875,5280.0
mmtc,2025-11-25 17:28:45.750000+00:00,5321.8408203125,5280.0,5321.8408203125,5280.0
mmtc,2025-11-25 17:28:46+00:00,5285.20947265625,5280.0,5285.20947265625,5280.0
mmtc,2025-11-25 17:28:46.250000+00:00,5333.42041015625,5280.0,5333.42041015625,5280.0
mmtc,2025-11-25 17:28:46.500000+00:00,5277.55908203125,5280.0,5277.55908203125,5280.0
mmtc,2025-11-25 17:28:46.750000+00:00,5358.1572265625,5280.0,5358.1572265625,5280.0
mmtc,2025-11-25 17:28:47+00:00,5343.61376953125,1280.0,5343.61376953125,1280.0
mmtc,2025-11-25 17:28:47.250000+00:00,5196.15869140625,5280.0,5196.15869140625,5280.0
mmtc,2025-11-25 17:28:47.500000+00:00,5310.79345703125,5280.0,5310.79345703125,5280.0
mmtc,2025-11-25 17:28:47.750000+00:00,5217.0009765625,5280.0,5217.0009765625,5280.0
mmtc,2025-11-25 17:28:48+00:00,5327.51953125,5280.0,5327.51953125,5280.0
mmtc,2025-11-25 17:28:48.250000+00:00,5162.67626953125,5280.0,5162.67626953125,5280.0
mmtc,2025-11-25 17:28:48.500000+00:00,5270.72607421875,5280.0,5270.72607421875,5280.0
mmtc,2025-11-25 17:28:48.750000+00:00,5244.97216796875,5280.0,5244.97216796875,5280.0
mmtc,2025-11-25 17:28:49+00:00,5349.95361328125,5280.0,5349.95361328125,5280.0
mmtc,2025-11-25 17:28:49.250000+00:00,5282.66943359375,5280.0,5282.66943359375,5280.0
mmtc,2025-11-25 17:28:49.500000+00:00,5296.57763671875,5280.0,5296.57763671875,5280.0
mmtc,2025-11-25 17:28:49.750000+00:00,5330.37841796875,5280.0,5330.37841796875,5280.0
mmtc,2025-11-25 17:28:50+00:00,5330.72119140625,5280.0,5330.72119140625,5280.0
mmtc,2025-11-25 17:28:50.250000+00:00,5238.458984375,5280.0,5238.458984375,5280.0
mmtc,2025-11-25 17:28:50.500000+00:00,5273.74267578125,5280.0,5273.74267578125,5280.0
mmtc,2025-11-25 17:28:50.750000+00:00,5252.4208984375,5280.0,5252.4208984375,5280.0
mmtc,2025-11-25 17:28:51+00:00,5283.62890625,5280.0,5283.62890625,5280.0
mmtc,2025-11-25 17:28:51.250000+00:00,5217.64892578125,1280.0,5217.64892578125,1280.0
mmtc,2025-11-25 17:28:51.500000+00:00,5086.42333984375,5280.0,5086.42333984375,5280.0
mmtc,2025-11-25 17:28:51.750000+00:00,5234.06298828125,5280.0,5234.06298828125,5280.0
mmtc,2025-11-25 17:28:52+00:00,5160.36083984375,5280.0,5160.36083984375,5280.0
mmtc,2025-11-25 17:28:52.250000+00:00,5256.53369140625,5280.0,5256.53369140625,5280.0
mmtc,2025-11-25 17:28:52.500000+00:00,5124.849609375,5280.0,5124.849609375,5280.0
mmtc,2025-11-25 17:28:52.750000+00:00,5269.392578125,5280.0,5269.392578125,5280.0
urllc,2025-11-25 17:27:04.500000+00:00,4523.78271484375,1280.0,4523.78271484375,1280.0
urllc,2025-11-25 17:27:04.750000+00:00,4540.796875,4480.0,4540.796875,4480.0
urllc,2025-11-25 17:27:05+00:00,4657.9677734375,5280.0,4657.9677734375,5280.0
urllc,2025-11-25 17:27:05.250000+00:00,4691.33935546875,4480.0,4691.33935546875,4480.0
urllc,2025-11-25 17:27:05.500000+00:00,4522.06494140625,1280.0,4522.06494140625,1280.0
urllc,2025-11-25 17:27:05.750000+00:00,4426.64990234375,4480.0,4426.64990234375,4480.0
urllc,2025-11-25 17:27:06+00:00,4571.4951171875,1280.0,4571.4951171875,1280.0
urllc,2025-11-25 17:27:06.250000+00:00,4453.37109375,4480.0,4453.37109375,4480.0
urllc,2025-11-25 17:27:06.500000+00:00,4446.31201171875,4480.0,4446.31201171875,4480.0
urllc,2025-11-25 17:27:06.750000+00:00,4380.1396484375,5280.0,4380.1396484375,5280.0
urllc,2025-11-25 17:27:07+00:00,4571.658203125,4480.0,4571.658203125,4480.0
urllc,2025-11-25 17:27:07.250000+00:00,4480.95263671875,4480.0,4480.95263671875,4480.0
urllc,2025-11-25 17:27:07.500000+00:00,4513.62841796875,4480.0,4513.62841796875,4480.0
urllc,2025-11-25 17:27:07.750000+00:00,4461.171875,4480.0,4461.171875,4480.0
urllc,2025-11-25 17:27:08+00:00,4555.50927734375,5280.0,4555.50927734375,5280.0
urllc,2025-11-25 17:27:08.250000+00:00,4667.5791015625,5280.0,4667.5791015625,5280.0
urllc,2025-11-25 17:27:08.500000+00:00,4586.46875,4480.0,4586.46875,4480.0
urllc,2025-11-25 17:27:08.750000+00:00,4567.56005859375,4480.0,4567.56005859375,4480.0
urllc,2025-11-25 17:27:09+00:00,4536.96826171875,4480.0,4536.96826171875,4480.0
urllc,2025-11-25 17:27:09.250000+00:00,4537.70361328125,1280.0,4537.70361328125,1280.0
urllc,2025-11-25 17:27:09.500000+00:00,4453.22509765625,4480.0,4453.22509765625,4480.0
urllc,2025-11-25 17:27:09.750000+00:00,4463.03564453125,4480.0,4463.03564453125,4480.0
urllc,2025-11-25 17:27:10+00:00,4445.56787109375,4480.0,4445.56787109375,4480.0
urllc,2025-11-25 17:27:10.250000+00:00,4422.7041015625,4480.0,4422.7041015625,4480.0
urllc,2025-11-25 17:27:10.500000+00:00,4412.13623046875,4480.0,4412.13623046875,4480.0
urllc,2025-11-25 17:27:10.750000+00:00,4411.2548828125,4480.0,4411.2548828125,4480.0
urllc,2025-11-25 17:27:11+00:00,4448.2568359375,4480.0,4448.2568359375,4480.0
urllc,2025-11-25 17:27:11.250000+00:00,4489.96826171875,4480.0,4489.96826171875,4480.0
urllc,2025-11-25 17:27:11.500000+00:00,4527.10009765625,4480.0,4527.10009765625,4480.0
urllc,2025-11-25 17:27:11.750000+00:00,4504.12451171875,4480.0,4504.12451171875,4480.0
urllc,2025-11-25 17:27:12+00:00,4523.9716796875,5280.0,4523.9716796875,5280.0
urllc,2025-11-25 17:27:12.250000+00:00,4624.53857421875,4480.0,4624.53857421875,4480.0
urllc,2025-11-25 17:27:12.500000+00:00,4495.28369140625,4480.0,4495.28369140625,4480.0
urllc,2025-11-25 17:27:12.750000+00:00,4561.65283203125,4480.0,4561.65283203125,4480.0
urllc,2025-11-25 17:27:13+00:00,4467.32080078125,5280.0,4467.32080078125,5280.0
urllc,2025-11-25 17:27:13.250000+00:00,4622.58740234375,4480.0,4622.58740234375,4480.0
urllc,2025-11-25 17:27:13.500000+00:00,4463.619140625,4480.0,4463.619140625,4480.0
urllc,2025-11-25 17:27:13.750000+00:00,4507.21044921875,4480.0,4507.21044921875,4480.0
urllc,2025-11-25 17:27:14+00:00,4459.46923828125,4480.0,4459.46923828125,4480.0
urllc,2025-11-25 17:27:14.250000+00:00,4516.1875,1280.0,4516.1875,1280.0
urllc,2025-11-25 17:27:14.500000+00:00,4391.22314453125,1280.0,4391.22314453125,1280.0
urllc,2025-11-25 17:27:14.750000+00:00,4358.59033203125,4480.0,4358.59033203125,4480.0
urllc,2025-11-25 17:27:15+00:00,4420.6630859375,5280.0,4420.6630859375,5280.0
urllc,2025-11-25 17:27:15.250000+00:00,4520.2880859375,5280.0,4520.2880859375,5280.0
urllc,2025-11-25 17:27:15.500000+00:00,4492.59765625,4480.0,4492.59765625,4480.0
urllc,2025-11-25 17:27:15.750000+00:00,4453.2978515625,4480.0,4453.2978515625,4480.0
urllc,2025-11-25 17:27:16+00:00,4514.0830078125,5280.0,4514.0830078125,5280.0
urllc,2025-11-25 17:27:16.250000+00:00,4638.3583984375,1280.0,4638.3583984375,1280.0
urllc,2025-11-25 17:27:16.500000+00:00,4466.48779296875,1280.0,4466.48779296875,1280.0
urllc,2025-11-25 17:27:16.750000+00:00,4492.88671875,4480.0,4492.88671875,4480.0
urllc,2025-11-25 17:27:17+00:00,4449.20361328125,5280.0,4449.20361328125,5280.0
urllc,2025-11-25 17:27:17.250000+00:00,4617.4111328125,4480.0,4617.4111328125,4480.0
urllc,2025-11-25 17:27:17.500000+00:00,4369.33935546875,4480.0,4369.33935546875,4480.0
urllc,2025-11-25 17:27:17.750000+00:00,4421.91552734375,4480.0,4421.91552734375,4480.0
urllc,2025-11-25 17:27:18+00:00,4378.42822265625,5280.0,4378.42822265625,5280.0
urllc,2025-11-25 17:27:18.250000+00:00,4627.6904296875,4480.0,4627.6904296875,4480.0
urllc,2025-11-25 17:27:18.500000+00:00,4421.74560546875,1280.0,4421.74560546875,1280.0
urllc,2025-11-25 17:27:18.750000+00:00,4451.884765625,5280.0,4451.884765625,5280.0
urllc,2025-11-25 17:27:19+00:00,4475.94091796875,5280.0,4475.94091796875,5280.0
urllc,2025-11-25 17:27:19.250000+00:00,4624.109375,1280.0,4624.109375,1280.0
urllc,2025-11-25 17:27:19.500000+00:00,4371.1220703125,4480.0,4371.1220703125,4480.0
urllc,2025-11-25 17:27:19.750000+00:00,4485.5029296875,4480.0,4485.5029296875,4480.0
urllc,2025-11-25 17:27:20+00:00,4402.7958984375,1280.0,4402.7958984375,1280.0
urllc,2025-11-25 17:27:20.250000+00:00,4540.23193359375,5280.0,4540.23193359375,5280.0
urllc,2025-11-25 17:27:20.500000+00:00,4465.5615234375,4480.0,4465.5615234375,4480.0
urllc,2025-11-25 17:27:20.750000+00:00,4463.84716796875,1280.0,4463.84716796875,1280.0
urllc,2025-11-25 17:27:21+00:00,4404.41943359375,4480.0,4404.41943359375,4480.0
urllc,2025-11-25 17:27:21.250000+00:00,4512.26025390625,1280.0,4512.26025390625,1280.0
urllc,2025-11-25 17:27:21.500000+00:00,4352.416015625,4480.0,4352.416015625,4480.0
urllc,2025-11-25 17:27:21.750000+00:00,4443.30908203125,4480.0,4443.30908203125,4480.0
urllc,2025-11-25 17:27:22+00:00,4378.32421875,4480.0,4378.32421875,4480.0
urllc,2025-11-25 17:27:22.250000+00:00,4510.99560546875,4480.0,4510.99560546875,4480.0
urllc,2025-11-25 17:27:22.500000+00:00,4380.07470703125,4480.0,4380.07470703125,4480.0
urllc,2025-11-25 17:27:22.750000+00:00,4469.2158203125,1280.0,4469.2158203125,1280.0
urllc,2025-11-25 17:27:23+00:00,4363.7578125,5280.0,4363.7578125,5280.0
urllc,2025-11-25 17:27:23.250000+00:00,4497.9287109375,1280.0,4497.9287109375,1280.0
urllc,2025-11-25 17:27:23.500000+00:00,4315.11865234375,1280.0,4315.11865234375,1280.0
urllc,2025-11-25 17:27:23.750000+00:00,4409.90234375,4480.0,4409.90234375,4480.0
urllc,2025-11-25 17:27:24+00:00,4298.955078125,5280.0,4298.955078125,5280.0
urllc,2025-11-25 17:27:24.250000+00:00,4530.87548828125,4480.0,4530.87548828125,4480.0
urllc,2025-11-25 17:27:24.500000+00:00,4329.15576171875,4480.0,4329.15576171875,4480.0
urllc,2025-11-25 17:27:24.750000+00:00,4529.46240234375,4480.0,4529.46240234375,4480.0
urllc,2025-11-25 17:27:25+00:00,4414.67138671875,5280.0,4414.67138671875,5280.0
urllc,2025-11-25 17:27:25.250000+00:00,4657.04736328125,4480.0,4657.04736328125,4480.0
urllc,2025-11-25 17:27:25.500000+00:00,4449.23779296875,4480.0,4449.23779296875,4480.0
urllc,2025-11-25 17:27:25.750000+00:00,4578.67919921875,4480.0,4578.67919921875,4480.0
urllc,2025-11-25 17:27:26+00:00,4401.41943359375,1280.0,4401.41943359375,1280.0
urllc,2025-11-25 17:27:26.250000+00:00,4505.81591796875,1280.0,4505.81591796875,1280.0
urllc,2025-11-25 17:27:26.500000+00:00,4285.94921875,4480.0,4285.94921875,4480.0
urllc,2025-11-25 17:27:26.750000+00:00,4399.1884765625,4480.0,4399.1884765625,4480.0
urllc,2025-11-25 17:27:27+00:00,4309.97509765625,4480.0,4309.97509765625,4480.0
urllc,2025-11-25 17:27:27.250000+00:00,4408.66259765625,4480.0,4408.66259765625,4480.0
urllc,2025-11-25 17:27:27.500000+00:00,4311.19775390625,4480.0,4311.19775390625,4480.0
urllc,2025-11-25 17:27:27.750000+00:00,4386.943359375,4480.0,4386.943359375,4480.0
urllc,2025-11-25 17:27:28+00:00,4347.546875,1280.0,4347.546875,1280.0
urllc,2025-11-25 17:27:28.250000+00:00,4366.25927734375,4480.0,4366.25927734375,4480.0
urllc,2025-11-25 17:27:28.500000+00:00,4411.76318359375,4480.0,4411.76318359375,4480.0
urllc,2025-11-25 17:27:28.750000+00:00,4394.87744140625,4480.0,4394.87744140625,4480.0
urllc,2025-11-25 17:27:29+00:00,4405.7470703125,1280.0,4405.7470703125,1280.0
urllc,2025-11-25 17:27:29.250000+00:00,4256.00927734375,4480.0,4256.00927734375,4480.0
urllc,2025-11-25 17:27:29.500000+00:00,4388.58642578125,4480.0,4388.58642578125,4480.0
urllc,2025-11-25 17:27:29.750000+00:00,4301.76220703125,1280.0,4301.76220703125,1280.0
urllc,2025-11-25 17:27:30+00:00,4283.87939453125,5280.0,4283.87939453125,5280.0
urllc,2025-11-25 17:27:30.250000+00:00,4345.6953125,5280.0,4345.6953125,5280.0
urllc,2025-11-25 17:27:30.500000+00:00,4350.93994140625,4480.0,4350.93994140625,4480.0
urllc,2025-11-25 17:27:30.750000+00:00,4359.1728515625,1280.0,4359.1728515625,1280.0
urllc,2025-11-25 17:27:31+00:00,4245.08935546875,5280.0,4245.08935546875,5280.0
urllc,2025-11-25 17:27:31.250000+00:00,4497.27490234375,4480.0,4497.27490234375,4480.0
urllc,2025-11-25 17:27:31.500000+00:00,4400.27197265625,4480.0,4400.27197265625,4480.0
urllc,2025-11-25 17:27:31.750000+00:00,4481.83935546875,4480.0,4481.83935546875,4480.0
urllc,2025-11-25 17:27:32+00:00,4375.48193359375,1280.0,4375.48193359375,1280.0
urllc,2025-11-25 17:27:32.250000+00:00,4392.162109375,1280.0,4392.162109375,1280.0
urllc,2025-11-25 17:27:32.500000+00:00,4388.55126953125,4480.0,4388.55126953125,4480.0
urllc,2025-11-25 17:27:32.750000+00:00,4338.3095703125,1280.0,4338.3095703125,1280.0
urllc,2025-11-25 17:27:33+00:00,4251.396484375,5280.0,4251.396484375,5280.0
urllc,2025-11-25 17:27:33.250000+00:00,4429.14990234375,4480.0,4429.14990234375,4480.0
urllc,2025-11-25 17:27:33.500000+00:00,4338.41748046875,4480.0,4338.41748046875,4480.0
urllc,2025-11-25 17:27:33.750000+00:00,4415.81103515625,4480.0,4415.81103515625,4480.0
urllc,2025-11-25 17:27:34+00:00,4310.63427734375,5280.0,4310.63427734375,5280.0
urllc,2025-11-25 17:27:34.250000+00:00,4614.15283203125,1280.0,4614.15283203125,1280.0
urllc,2025-11-25 17:27:34.500000+00:00,4370.419921875,5280.0,4370.419921875,5280.0
urllc,2025-11-25 17:27:34.750000+00:00,4607.60986328125,4480.0,4607.60986328125,4480.0
urllc,2025-11-25 17:27:35+00:00,4406.6669921875,4480.0,4406.6669921875,4480.0
urllc,2025-11-25 17:27:35.250000+00:00,4575.04736328125,5280.0,4575.04736328125,5280.0
urllc,2025-11-25 17:27:35.500000+00:00,4451.1357421875,4480.0,4451.1357421875,4480.0
urllc,2025-11-25 17:27:35.750000+00:00,4483.4013671875,4480.0,4483.4013671875,4480.0
urllc,2025-11-25 17:27:36+00:00,4443.173828125,4480.0,4443.173828125,4480.0
urllc,2025-11-25 17:27:36.250000+00:00,4452.67626953125,4480.0,4452.67626953125,4480.0
urllc,2025-11-25 17:27:36.500000+00:00,4477.380859375,4480.0,4477.380859375,4480.0
urllc,2025-11-25 17:27:36.750000+00:00,4384.69384765625,5280.0,4384.69384765625,5280.0
urllc,2025-11-25 17:27:37+00:00,4492.57080078125,1280.0,4492.57080078125,1280.0
urllc,2025-11-25 17:27:37.250000+00:00,4326.15869140625,1280.0,4326.15869140625,1280.0
urllc,2025-11-25 17:27:37.500000+00:00,4366.65283203125,1280.0,4366.65283203125,1280.0
urllc,2025-11-25 17:27:37.750000+00:00,4255.841796875,1280.0,4255.841796875,1280.0
urllc,2025-11-25 17:27:38+00:00,4329.76025390625,0.0,4329.76025390625,0.0
urllc,2025-11-25 17:27:38.250000+00:00,4203.9482421875,1920.0,4203.9482421875,1920.0
urllc,2025-11-25 17:27:38.500000+00:00,4330.4736328125,4480.0,4330.4736328125,4480.0
urllc,2025-11-25 17:27:38.750000+00:00,4294.35107421875,4480.0,4294.35107421875,4480.0
urllc,2025-11-25 17:27:39+00:00,4492.13671875,4480.0,4492.13671875,4480.0
urllc,2025-11-25 17:27:39.250000+00:00,4439.00830078125,5280.0,4439.00830078125,5280.0
urllc,2025-11-25 17:27:39.500000+00:00,4613.6982421875,4480.0,4613.6982421875,4480.0
urllc,2025-11-25 17:27:39.750000+00:00,4568.92041015625,4480.0,4568.92041015625,4480.0
urllc,2025-11-25 17:27:40+00:00,4638.42529296875,5280.0,4638.42529296875,5280.0
urllc,2025-11-25 17:27:40.250000+00:00,4617.30859375,1280.0,4617.30859375,1280.0
urllc,2025-11-25 17:27:40.500000+00:00,4477.59423828125,4480.0,4477.59423828125,4480.0
urllc,2025-11-25 17:27:40.750000+00:00,4521.9287109375,4480.0,4521.9287109375,4480.0
urllc,2025-11-25 17:27:41+00:00,4358.05126953125,5280.0,4358.05126953125,5280.0
urllc,2025-11-25 17:27:41.250000+00:00,4500.20263671875,4480.0,4500.20263671875,4480.0
urllc,2025-11-25 17:27:41.500000+00:00,4302.43505859375,4480.0,4302.43505859375,4480.0
urllc,2025-11-25 17:27:41.750000+00:00,4454.52587890625,4480.0,4454.52587890625,4480.0
urllc,2025-11-25 17:27:42+00:00,4304.763671875,4480.0,4304.763671875,4480.0
urllc,2025-11-25 17:27:42.250000+00:00,4502.0732421875,5280.0,4502.0732421875,5280.0
urllc,2025-11-25 17:27:42.500000+00:00,4479.9482421875,4480.0,4479.9482421875,4480.0
urllc,2025-11-25 17:27:42.750000+00:00,4523.10400390625,5280.0,4523.10400390625,5280.0
urllc,2025-11-25 17:27:43+00:00,4587.099609375,4480.0,4587.099609375,4480.0
urllc,2025-11-25 17:27:43.250000+00:00,4614.75537109375,5280.0,4614.75537109375,5280.0
urllc,2025-11-25 17:27:43.500000+00:00,4684.42822265625,1280.0,4684.42822265625,1280.0
urllc,2025-11-25 17:27:43.750000+00:00,4529.26611328125,1280.0,4529.26611328125,1280.0
urllc,2025-11-25 17:27:44+00:00,4567.4794921875,6944.0,4567.4794921875,6944.0
urllc,2025-11-25 17:27:44.250000+00:00,4640.6318359375,5280.0,4640.6318359375,5280.0
urllc,2025-11-25 17:27:44.500000+00:00,4615.1015625,1280.0,4615.1015625,1280.0
urllc,2025-11-25 17:27:44.750000+00:00,4418.34130859375,4480.0,4418.34130859375,4480.0
urllc,2025-11-25 17:27:45+00:00,4476.9306640625,5280.0,4476.9306640625,5280.0
urllc,2025-11-25 17:27:45.250000+00:00,4555.91259765625,5280.0,4555.91259765625,5280.0
urllc,2025-11-25 17:27:45.500000+00:00,4653.87255859375,4480.0,4653.87255859375,4480.0
urllc,2025-11-25 17:27:45.750000+00:00,4480.71435546875,4480.0,4480.71435546875,4480.0
urllc,2025-11-25 17:27:46+00:00,4649.1904296875,5280.0,4649.1904296875,5280.0
urllc,2025-11-25 17:27:46.250000+00:00,4690.18505859375,4480.0,4690.18505859375,4480.0
urllc,2025-11-25 17:27:46.500000+00:00,4712.08740234375,4480.0,4712.08740234375,4480.0
urllc,2025-11-25 17:27:46.750000+00:00,4545.6748046875,4480.0,4545.6748046875,4480.0
urllc,2025-11-25 17:27:47+00:00,4493.6318359375,5280.0,4493.6318359375,5280.0
urllc,2025-11-25 17:27:47.250000+00:00,4640.251953125,4480.0,4640.251953125,4480.0
urllc,2025-11-25 17:27:47.500000+00:00,4483.14697265625,4480.0,4483.14697265625,4480.0
urllc,2025-11-25 17:27:47.750000+00:00,4405.609375,4480.0,4405.609375,4480.0
urllc,2025-11-25 17:27:48+00:00,4375.998046875,1280.0,4375.998046875,1280.0
urllc,2025-11-25 17:27:48.250000+00:00,4402.53759765625,4480.0,4402.53759765625,4480.0
urllc,2025-11-25 17:27:48.500000+00:00,4486.79443359375,4480.0,4486.79443359375,4480.0
urllc,2025-11-25 17:27:48.750000+00:00,4352.833984375,4480.0,4352.833984375,4480.0
urllc,2025-11-25 17:27:49+00:00,4441.57666015625,4480.0,4441.57666015625,4480.0
urllc,2025-11-25 17:27:49.250000+00:00,4440.38037109375,4480.0,4440.38037109375,4480.0
urllc,2025-11-25 17:27:49.500000+00:00,4481.45166015625,5280.0,4481.45166015625,5280.0
urllc,2025-11-25 17:27:49.750000+00:00,4535.314453125,4480.0,4535.314453125,4480.0
urllc,2025-11-25 17:27:50+00:00,4479.015625,5280.0,4479.015625,5280.0
urllc,2025-11-25 17:27:50.250000+00:00,4662.99267578125,4480.0,4662.99267578125,4480.0
urllc,2025-11-25 17:27:50.500000+00:00,4501.58740234375,4480.0,4501.58740234375,4480.0
urllc,2025-11-25 17:27:50.750000+00:00,4627.0439453125,4480.0,4627.0439453125,4480.0
urllc,2025-11-25 17:27:51+00:00,4467.16259765625,5280.0,4467.16259765625,5280.0
urllc,2025-11-25 17:27:51.250000+00:00,4646.37451171875,5280.0,4646.37451171875,5280.0
urllc,2025-11-25 17:27:51.500000+00:00,4505.72216796875,1280.0,4505.72216796875,1280.0
urllc,2025-11-25 17:27:51.750000+00:00,4499.509765625,4480.0,4499.509765625,4480.0
urllc,2025-11-25 17:27:52+00:00,4420.24169921875,4480.0,4420.24169921875,4480.0
urllc,2025-11-25 17:27:52.250000+00:00,4458.27978515625,1280.0,4458.27978515625,1280.0
urllc,2025-11-25 17:27:52.500000+00:00,4366.7509765625,1280.0,4366.7509765625,1280.0
urllc,2025-11-25 17:27:52.750000+00:00,4342.89697265625,4480.0,4342.89697265625,4480.0
urllc,2025-11-25 17:27:53+00:00,4381.41357421875,5280.0,4381.41357421875,5280.0
urllc,2025-11-25 17:27:53.250000+00:00,4492.77099609375,1280.0,4492.77099609375,1280.0
urllc,2025-11-25 17:27:53.500000+00:00,4324.0966796875,1280.0,4324.0966796875,1280.0
urllc,2025-11-25 17:27:53.750000+00:00,4408.33154296875,4480.0,4408.33154296875,4480.0
urllc,2025-11-25 17:27:54+00:00,4349.2880859375,4480.0,4349.2880859375,4480.0
urllc,2025-11-25 17:27:54.250000+00:00,4565.47802734375,4480.0,4565.47802734375,4480.0
urllc,2025-11-25 17:27:54.500000+00:00,4370.82958984375,1280.0,4370.82958984375,1280.0
urllc,2025-11-25 17:27:54.750000+00:00,4363.3330078125,4480.0,4363.3330078125,4480.0
urllc,2025-11-25 17:27:55+00:00,4388.0537109375,4480.0,4388.0537109375,4480.0
urllc,2025-11-25 17:27:55.250000+00:00,4399.6591796875,5280.0,4399.6591796875,5280.0
urllc,2025-11-25 17:27:55.500000+00:00,4414.80419921875,5280.0,4414.80419921875,5280.0
urllc,2025-11-25 17:27:55.750000+00:00,4337.42431640625,1280.0,4337.42431640625,1280.0
urllc,2025-11-25 17:27:56+00:00,4323.27685546875,5280.0,4323.27685546875,5280.0
urllc,2025-11-25 17:27:56.250000+00:00,4547.10986328125,5280.0,4547.10986328125,5280.0
urllc,2025-11-25 17:27:56.500000+00:00,4455.40869140625,4480.0,4455.40869140625,4480.0
urllc,2025-11-25 17:27:56.750000+00:00,4536.79638671875,4480.0,4536.79638671875,4480.0
urllc,2025-11-25 17:27:57+00:00,4430.578125,4480.0,4430.578125,4480.0
urllc,2025-11-25 17:27:57.250000+00:00,4588.44482421875,5280.0,4588.44482421875,5280.0
urllc,2025-11-25 17:27:57.500000+00:00,4589.85546875,4480.0,4589.85546875,4480.0
urllc,2025-11-25 17:27:57.750000+00:00,4494.4482421875,4480.0,4494.4482421875,4480.0
urllc,2025-11-25 17:27:58+00:00,4516.8271484375,4480.0,4516.8271484375,4480.0
urllc,2025-11-25 17:27:58.250000+00:00,4472.4072265625,4480.0,4472.4072265625,4480.0
urllc,2025-11-25 17:27:58.500000+00:00,4576.96044921875,1280.0,4576.96044921875,1280.0
urllc,2025-11-25 17:27:58.750000+00:00,4389.37841796875,4480.0,4389.37841796875,4480.0
urllc,2025-11-25 17:27:59+00:00,4468.09228515625,5280.0,4468.09228515625,5280.0
urllc,2025-11-25 17:27:59.250000+00:00,4517.67333984375,4480.0,4517.67333984375,4480.0
urllc,2025-11-25 17:27:59.500000+00:00,4571.60205078125,4480.0,4571.60205078125,4480.0
urllc,2025-11-25 17:27:59.750000+00:00,4522.505859375,5280.0,4522.505859375,5280.0
urllc,2025-11-25 17:28:00+00:00,4591.8271484375,4480.0,4591.8271484375,4480.0
urllc,2025-11-25 17:28:00.250000+00:00,4583.2646484375,4480.0,4583.2646484375,4480.0
urllc,2025-11-25 17:28:00.500000+00:00,4628.81689453125,1280.0,4628.81689453125,1280.0
urllc,2025-11-25 17:28:00.750000+00:00,4488.45166015625,4480.0,4488.45166015625,4480.0
urllc,2025-11-25 17:28:01+00:00,4621.95263671875,4480.0,4621.95263671875,4480.0
urllc,2025-11-25 17:28:01.250000+00:00,4492.203125,5280.0,4492.203125,5280.0
urllc,2025-11-25 17:28:01.500000+00:00,4665.47265625,4480.0,4665.47265625,4480.0
urllc,2025-11-25 17:28:01.750000+00:00,4402.5166015625,5280.0,4402.5166015625,5280.0
urllc,2025-11-25 17:28:02+00:00,4658.8330078125,5280.0,4658.8330078125,5280.0
urllc,2025-11-25 17:28:02.250000+00:00,4541.89990234375,4480.0,4541.89990234375,4480.0
urllc,2025-11-25 17:28:02.500000+00:00,4633.81982421875,4480.0,4633.81982421875,4480.0
urllc,2025-11-25 17:28:02.750000+00:00,4530.1806640625,1280.0,4530.1806640625,1280.0
urllc,2025-11-25 17:28:03+00:00,4533.51611328125,4480.0,4533.51611328125,4480.0
urllc,2025-11-25 17:28:03.250000+00:00,4592.60400390625,4480.0,4592.60400390625,4480.0
urllc,2025-11-25 17:28:03.500000+00:00,4483.98583984375,4480.0,4483.98583984375,4480.0
urllc,2025-11-25 17:28:03.750000+00:00,4494.8798828125,4480.0,4494.8798828125,4480.0
urllc,2025-11-25 17:28:04+00:00,4446.60302734375,4480.0,4446.60302734375,4480.0
urllc,2025-11-25 17:28:04.250000+00:00,4495.41064453125,5280.0,4495.41064453125,5280.0
urllc,2025-11-25 17:28:04.500000+00:00,4556.78076171875,1280.0,4556.78076171875,1280.0
urllc,2025-11-25 17:28:04.750000+00:00,4386.56591796875,4480.0,4386.56591796875,4480.0
urllc,2025-11-25 17:28:05+00:00,4588.5751953125,5280.0,4588.5751953125,5280.0
urllc,2025-11-25 17:28:05.250000+00:00,4510.17822265625,4480.0,4510.17822265625,4480.0
urllc,2025-11-25 17:28:05.500000+00:00,4604.55859375,4480.0,4604.55859375,4480.0
urllc,2025-11-25 17:28:05.750000+00:00,4454.63623046875,4480.0,4454.63623046875,4480.0
urllc,2025-11-25 17:28:06+00:00,4471.42724609375,1280.0,4471.42724609375,1280.0
urllc,2025-11-25 17:28:06.250000+00:00,4442.265625,4480.0,4442.265625,4480.0
urllc,2025-11-25 17:28:06.500000+00:00,4477.08740234375,4480.0,4477.08740234375,4480.0
urllc,2025-11-25 17:28:06.750000+00:00,4447.126953125,4480.0,4447.126953125,4480.0
urllc,2025-11-25 17:28:07+00:00,4419.11328125,1280.0,4419.11328125,1280.0
urllc,2025-11-25 17:28:07.250000+00:00,4326.17333984375,4480.0,4326.17333984375,4480.0
urllc,2025-11-25 17:28:07.500000+00:00,4426.50732421875,4480.0,4426.50732421875,4480.0
urllc,2025-11-25 17:28:07.750000+00:00,4311.95068359375,4480.0,4311.95068359375,4480.0
urllc,2025-11-25 17:28:08+00:00,4404.79248046875,4480.0,4404.79248046875,4480.0
urllc,2025-11-25 17:28:08.250000+00:00,4342.02490234375,1280.0,4342.02490234375,1280.0
urllc,2025-11-25 17:28:08.500000+00:00,4337.3173828125,4480.0,4337.3173828125,4480.0
urllc,2025-11-25 17:28:08.750000+00:00,4412.67822265625,4480.0,4412.67822265625,4480.0
urllc,2025-11-25 17:28:09+00:00,4364.1953125,4480.0,4364.1953125,4480.0
urllc,2025-11-25 17:28:09.250000+00:00,4404.18017578125,4480.0,4404.18017578125,4480.0
urllc,2025-11-25 17:28:09.500000+00:00,4363.37353515625,4480.0,4363.37353515625,4480.0
urllc,2025-11-25 17:28:09.750000+00:00,4425.87255859375,4480.0,4425.87255859375,4480.0
urllc,2025-11-25 17:28:10+00:00,4366.50537109375,4480.0,4366.50537109375,4480.0
urllc,2025-11-25 17:28:10.250000+00:00,4345.9873046875,4480.0,4345.9873046875,4480.0
urllc,2025-11-25 17:28:10.500000+00:00,4371.7333984375,4480.0,4371.7333984375,4480.0
urllc,2025-11-25 17:28:10.750000+00:00,4372.64697265625,0.0,4372.64697265625,0.0
urllc,2025-11-25 17:28:11+00:00,4322.94873046875,4480.0,4322.94873046875,4480.0
urllc,2025-11-25 17:28:11.250000+00:00,4391.72021484375,9760.0,4391.72021484375,9760.0
urllc,2025-11-25 17:28:11.500000+00:00,4454.51318359375,4480.0,4454.51318359375,4480.0
urllc,2025-11-25 17:28:11.750000+00:00,4441.3046875,4480.0,4441.3046875,4480.0
urllc,2025-11-25 17:28:12+00:00,4478.35400390625,4480.0,4478.35400390625,4480.0
urllc,2025-11-25 17:28:12.250000+00:00,4501.06787109375,1280.0,4501.06787109375,1280.0
urllc,2025-11-25 17:28:12.500000+00:00,4463.58984375,1280.0,4463.58984375,1280.0
urllc,2025-11-25 17:28:12.750000+00:00,4443.42236328125,5280.0,4443.42236328125,5280.0
urllc,2025-11-25 17:28:13+00:00,4525.7861328125,1280.0,4525.7861328125,1280.0
urllc,2025-11-25 17:28:13.250000+00:00,4394.1728515625,4480.0,4394.1728515625,4480.0
urllc,2025-11-25 17:28:13.500000+00:00,4448.73876953125,4480.0,4448.73876953125,4480.0
urllc,2025-11-25 17:28:13.750000+00:00,4344.80126953125,4480.0,4344.80126953125,4480.0
urllc,2025-11-25 17:28:14+00:00,4411.037109375,5280.0,4411.037109375,5280.0
urllc,2025-11-25 17:28:14.250000+00:00,4479.51318359375,4480.0,4479.51318359375,4480.0
urllc,2025-11-25 17:28:14.500000+00:00,4454.42529296875,4480.0,4454.42529296875,4480.0
urllc,2025-11-25 17:28:14.750000+00:00,4490.61865234375,5280.0,4490.61865234375,5280.0
urllc,2025-11-25 17:28:15+00:00,4496.16650390625,5280.0,4496.16650390625,5280.0
urllc,2025-11-25 17:28:15.250000+00:00,4639.98095703125,4480.0,4639.98095703125,4480.0
urllc,2025-11-25 17:28:15.500000+00:00,4438.72607421875,4480.0,4438.72607421875,4480.0
urllc,2025-11-25 17:28:15.750000+00:00,4499.701171875,4480.0,4499.701171875,4480.0
urllc,2025-11-25 17:28:16+00:00,4476.05517578125,1280.0,4476.05517578125,1280.0
urllc,2025-11-25 17:28:16.250000+00:00,4398.50244140625,4480.0,4398.50244140625,4480.0
urllc,2025-11-25 17:28:16.500000+00:00,4420.30419921875,4480.0,4420.30419921875,4480.0
urllc,2025-11-25 17:28:16.750000+00:00,4300.67431640625,1280.0,4300.67431640625,1280.0
urllc,2025-11-25 17:28:17+00:00,4320.02392578125,4480.0,4320.02392578125,4480.0
urllc,2025-11-25 17:28:17.250000+00:00,4376.2529296875,4480.0,4376.2529296875,4480.0
urllc,2025-11-25 17:28:17.500000+00:00,4328.84521484375,5280.0,4328.84521484375,5280.0
urllc,2025-11-25 17:28:17.750000+00:00,4457.98974609375,5280.0,4457.98974609375,5280.0
urllc,2025-11-25 17:28:18+00:00,4446.67529296875,4480.0,4446.67529296875,4480.0
urllc,2025-11-25 17:28:18.250000+00:00,4582.7412109375,4480.0,4582.7412109375,4480.0
urllc,2025-11-25 17:28:18.500000+00:00,4527.81884765625,4480.0,4527.81884765625,4480.0
urllc,2025-11-25 17:28:18.750000+00:00,4610.98388671875,4480.0,4610.98388671875,4480.0
urllc,2025-11-25 17:28:19+00:00,4585.18701171875,1280.0,4585.18701171875,1280.0
urllc,2025-11-25 17:28:19.250000+00:00,4469.9970703125,4480.0,4469.9970703125,4480.0
urllc,2025-11-25 17:28:19.500000+00:00,4538.29150390625,4480.0,4538.29150390625,4480.0
urllc,2025-11-25 17:28:19.750000+00:00,4401.22998046875,4480.0,4401.22998046875,4480.0
urllc,2025-11-25 17:28:20+00:00,4422.44970703125,1280.0,4422.44970703125,1280.0
urllc,2025-11-25 17:28:20.250000+00:00,4227.23681640625,4480.0,4227.23681640625,4480.0
urllc,2025-11-25 17:28:20.500000+00:00,4390.22607421875,1280.0,4390.22607421875,1280.0
urllc,2025-11-25 17:28:20.750000+00:00,4206.49853515625,4480.0,4206.49853515625,4480.0
urllc,2025-11-25 17:28:21+00:00,4418.419921875,1280.0,4418.419921875,1280.0
urllc,2025-11-25 17:28:21.250000+00:00,4166.564453125,4480.0,4166.564453125,4480.0
urllc,2025-11-25 17:28:21.500000+00:00,4445.65771484375,4480.0,4445.65771484375,4480.0
urllc,2025-11-25 17:28:21.750000+00:00,4286.49609375,4480.0,4286.49609375,4480.0
urllc,2025-11-25 17:28:22+00:00,4454.41064453125,1280.0,4454.41064453125,1280.0
urllc,2025-11-25 17:28:22.250000+00:00,4222.14111328125,4480.0,4222.14111328125,4480.0
urllc,2025-11-25 17:28:22.500000+00:00,4454.93505859375,4480.0,4454.93505859375,4480.0
urllc,2025-11-25 17:28:22.750000+00:00,4327.0166015625,4480.0,4327.0166015625,4480.0
urllc,2025-11-25 17:28:23+00:00,4414.11474609375,1280.0,4414.11474609375,1280.0
urllc,2025-11-25 17:28:23.250000+00:00,4180.41162109375,4480.0,4180.41162109375,4480.0
urllc,2025-11-25 17:28:23.500000+00:00,4379.87158203125,4480.0,4379.87158203125,4480.0
urllc,2025-11-25 17:28:23.750000+00:00,4198.57275390625,4480.0,4198.57275390625,4480.0
urllc,2025-11-25 17:28:24+00:00,4336.72705078125,5280.0,4336.72705078125,5280.0
urllc,2025-11-25 17:28:24.250000+00:00,4240.44189453125,4480.0,4240.44189453125,4480.0
urllc,2025-11-25 17:28:24.500000+00:00,4329.57470703125,4480.0,4329.57470703125,4480.0
urllc,2025-11-25 17:28:24.750000+00:00,4316.1953125,4480.0,4316.1953125,4480.0
urllc,2025-11-25 17:28:25+00:00,4331.0869140625,5280.0,4331.0869140625,5280.0
urllc,2025-11-25 17:28:25.250000+00:00,4439.95068359375,4480.0,4439.95068359375,4480.0
urllc,2025-11-25 17:28:25.500000+00:00,4364.87255859375,4480.0,4364.87255859375,4480.0
urllc,2025-11-25 17:28:25.750000+00:00,4440.67724609375,4480.0,4440.67724609375,4480.0
urllc,2025-11-25 17:28:26+00:00,4379.71826171875,4480.0,4379.71826171875,4480.0
urllc,2025-11-25 17:28:26.250000+00:00,4453.94482421875,4480.0,4453.94482421875,4480.0
urllc,2025-11-25 17:28:26.500000+00:00,4413.2255859375,5280.0,4413.2255859375,5280.0
urllc,2025-11-25 17:28:26.750000+00:00,4494.47314453125,4480.0,4494.47314453125,4480.0
urllc,2025-11-25 17:28:27+00:00,4442.1357421875,4480.0,4442.1357421875,4480.0
urllc,2025-11-25 17:28:27.250000+00:00,4542.33349609375,4480.0,4542.33349609375,4480.0
urllc,2025-11-25 17:28:27.500000+00:00,4457.99560546875,4480.0,4457.99560546875,4480.0
urllc,2025-11-25 17:28:27.750000+00:00,4527.4873046875,4480.0,4527.4873046875,4480.0
urllc,2025-11-25 17:28:28+00:00,4478.6982421875,4480.0,4478.6982421875,4480.0
urllc,2025-11-25 17:28:28.250000+00:00,4573.421875,5280.0,4573.421875,5280.0
urllc,2025-11-25 17:28:28.500000+00:00,4548.0380859375,1280.0,4548.0380859375,1280.0
urllc,2025-11-25 17:28:28.750000+00:00,4460.91650390625,4480.0,4460.91650390625,4480.0
urllc,2025-11-25 17:28:29+00:00,4545.64794921875,1280.0,4545.64794921875,1280.0
urllc,2025-11-25 17:28:29.250000+00:00,4370.42724609375,4480.0,4370.42724609375,4480.0
urllc,2025-11-25 17:28:29.500000+00:00,4573.90673828125,4480.0,4573.90673828125,4480.0
urllc,2025-11-25 17:28:29.750000+00:00,4380.818359375,4480.0,4380.818359375,4480.0
urllc,2025-11-25 17:28:30+00:00,4528.89892578125,4480.0,4528.89892578125,4480.0
urllc,2025-11-25 17:28:30.250000+00:00,4362.14501953125,1280.0,4362.14501953125,1280.0
urllc,2025-11-25 17:28:30.500000+00:00,4423.49462890625,4480.0,4423.49462890625,4480.0
urllc,2025-11-25 17:28:30.750000+00:00,4441.43310546875,4480.0,4441.43310546875,4480.0
urllc,2025-11-25 17:28:31+00:00,4415.01025390625,5280.0,4415.01025390625,5280.0
urllc,2025-11-25 17:28:31.250000+00:00,4520.4365234375,4480.0,4520.4365234375,4480.0
urllc,2025-11-25 17:28:31.500000+00:00,4418.2373046875,4480.0,4418.2373046875,4480.0
urllc,2025-11-25 17:28:31.750000+00:00,4464.98291015625,4480.0,4464.98291015625,4480.0
urllc,2025-11-25 17:28:32+00:00,4426.4443359375,4480.0,4426.4443359375,4480.0
urllc,2025-11-25 17:28:32.250000+00:00,4387.49853515625,5280.0,4387.49853515625,5280.0
urllc,2025-11-25 17:28:32.500000+00:00,4516.71142578125,5280.0,4516.71142578125,5280.0
urllc,2025-11-25 17:28:32.750000+00:00,4411.140625,1280.0,4411.140625,1280.0
urllc,2025-11-25 17:28:33+00:00,4410.251953125,4480.0,4410.251953125,4480.0
urllc,2025-11-25 17:28:33.250000+00:00,4364.58837890625,1280.0,4364.58837890625,1280.0
urllc,2025-11-25 17:28:33.500000+00:00,4285.83056640625,4480.0,4285.83056640625,4480.0
urllc,2025-11-25 17:28:33.750000+00:00,4427.19287109375,4480.0,4427.19287109375,4480.0
urllc,2025-11-25 17:28:34+00:00,4292.97509765625,4480.0,4292.97509765625,4480.0
urllc,2025-11-25 17:28:34.250000+00:00,4436.25634765625,1280.0,4436.25634765625,1280.0
urllc,2025-11-25 17:28:34.500000+00:00,4210.29541015625,1280.0,4210.29541015625,1280.0
urllc,2025-11-25 17:28:34.750000+00:00,4374.39453125,4480.0,4374.39453125,4480.0
urllc,2025-11-25 17:28:35+00:00,4326.17138671875,4480.0,4326.17138671875,4480.0
urllc,2025-11-25 17:28:35.250000+00:00,4386.025390625,1280.0,4386.025390625,1280.0
urllc,2025-11-25 17:28:35.500000+00:00,4301.92431640625,4480.0,4301.92431640625,4480.0
urllc,2025-11-25 17:28:35.750000+00:00,4409.79150390625,5280.0,4409.79150390625,5280.0
urllc,2025-11-25 17:28:36+00:00,4409.96484375,4480.0,4409.96484375,4480.0
urllc,2025-11-25 17:28:36.250000+00:00,4408.36572265625,1280.0,4408.36572265625,1280.0
urllc,2025-11-25 17:28:36.500000+00:00,4291.61279296875,4480.0,4291.61279296875,4480.0
urllc,2025-11-25 17:28:36.750000+00:00,4451.44189453125,1280.0,4451.44189453125,1280.0
urllc,2025-11-25 17:28:37+00:00,4307.77490234375,4480.0,4307.77490234375,4480.0
urllc,2025-11-25 17:28:37.250000+00:00,4458.8046875,4480.0,4458.8046875,4480.0
urllc,2025-11-25 17:28:37.500000+00:00,4247.796875,1280.0,4247.796875,1280.0
urllc,2025-11-25 17:28:37.750000+00:00,4361.01953125,4480.0,4361.01953125,4480.0
urllc,2025-11-25 17:28:38+00:00,4338.34228515625,5280.0,4338.34228515625,5280.0
urllc,2025-11-25 17:28:38.250000+00:00,4511.94970703125,5280.0,4511.94970703125,5280.0
urllc,2025-11-25 17:28:38.500000+00:00,4426.7822265625,4480.0,4426.7822265625,4480.0
urllc,2025-11-25 17:28:38.750000+00:00,4497.90380859375,4480.0,4497.90380859375,4480.0
urllc,2025-11-25 17:28:39+00:00,4503.3349609375,4480.0,4503.3349609375,4480.0
urllc,2025-11-25 17:28:39.250000+00:00,4558.66357421875,4480.0,4558.66357421875,4480.0
urllc,2025-11-25 17:28:39.500000+00:00,4497.07861328125,4480.0,4497.07861328125,4480.0
urllc,2025-11-25 17:28:39.750000+00:00,4518.7109375,4480.0,4518.7109375,4480.0
urllc,2025-11-25 17:28:40+00:00,4420.25537109375,5280.0,4420.25537109375,5280.0
urllc,2025-11-25 17:28:40.250000+00:00,4559.58447265625,4480.0,4559.58447265625,4480.0
urllc,2025-11-25 17:28:40.500000+00:00,4423.52490234375,4480.0,4423.52490234375,4480.0
urllc,2025-11-25 17:28:40.750000+00:00,4467.8115234375,5280.0,4467.8115234375,5280.0
urllc,2025-11-25 17:28:41+00:00,4451.71826171875,5280.0,4451.71826171875,5280.0
urllc,2025-11-25 17:28:41.250000+00:00,4604.33837890625,4480.0,4604.33837890625,4480.0
urllc,2025-11-25 17:28:41.500000+00:00,4489.88134765625,1280.0,4489.88134765625,1280.0
urllc,2025-11-25 17:28:41.750000+00:00,4429.93310546875,1280.0,4429.93310546875,1280.0
urllc,2025-11-25 17:28:42+00:00,4401.07666015625,1280.0,4401.07666015625,1280.0
urllc,2025-11-25 17:28:42.250000+00:00,4366.70849609375,5280.0,4366.70849609375,5280.0
urllc,2025-11-25 17:28:42.500000+00:00,4491.08251953125,4480.0,4491.08251953125,4480.0
urllc,2025-11-25 17:28:42.750000+00:00,4352.4404296875,4480.0,4352.4404296875,4480.0
urllc,2025-11-25 17:28:43+00:00,4437.01953125,4480.0,4437.01953125,4480.0
urllc,2025-11-25 17:28:43.250000+00:00,4421.09423828125,4480.0,4421.09423828125,4480.0
urllc,2025-11-25 17:28:43.500000+00:00,4474.46728515625,4480.0,4474.46728515625,4480.0
urllc,2025-11-25 17:28:43.750000+00:00,4475.28662109375,4480.0,4475.28662109375,4480.0
urllc,2025-11-25 17:28:44+00:00,4452.26220703125,4480.0,4452.26220703125,4480.0
urllc,2025-11-25 17:28:44.250000+00:00,4511.896484375,4480.0,4511.896484375,4480.0
urllc,2025-11-25 17:28:44.500000+00:00,4412.9560546875,4480.0,4412.9560546875,4480.0
urllc,2025-11-25 17:28:44.750000+00:00,4417.69580078125,4480.0,4417.69580078125,4480.0
urllc,2025-11-25 17:28:45+00:00,4322.75830078125,4480.0,4322.75830078125,4480.0
urllc,2025-11-25 17:28:45.250000+00:00,4340.97998046875,4480.0,4340.97998046875,4480.0
urllc,2025-11-25 17:28:45.500000+00:00,4353.13134765625,4480.0,4353.13134765625,4480.0
urllc,2025-11-25 17:28:45.750000+00:00,4313.3408203125,1280.0,4313.3408203125,1280.0
urllc,2025-11-25 17:28:46+00:00,4245.01220703125,4480.0,4245.01220703125,4480.0
urllc,2025-11-25 17:28:46.250000+00:00,4309.85791015625,4480.0,4309.85791015625,4480.0
urllc,2025-11-25 17:28:46.500000+00:00,4268.60595703125,1280.0,4268.60595703125,1280.0
urllc,2025-11-25 17:28:46.750000+00:00,4250.84619140625,1280.0,4250.84619140625,1280.0
urllc,2025-11-25 17:28:47+00:00,4187.1337890625,5280.0,4187.1337890625,5280.0
urllc,2025-11-25 17:28:47.250000+00:00,4422.6982421875,4480.0,4422.6982421875,4480.0
urllc,2025-11-25 17:28:47.500000+00:00,4306.36669921875,4480.0,4306.36669921875,4480.0
urllc,2025-11-25 17:28:47.750000+00:00,4397.154296875,4480.0,4397.154296875,4480.0
urllc,2025-11-25 17:28:48+00:00,4344.62841796875,5280.0,4344.62841796875,5280.0
urllc,2025-11-25 17:28:48.250000+00:00,4540.47900390625,5280.0,4540.47900390625,5280.0
urllc,2025-11-25 17:28:48.500000+00:00,4483.0830078125,4480.0,4483.0830078125,4480.0
urllc,2025-11-25 17:28:48.750000+00:00,4424.3984375,1280.0,4424.3984375,1280.0
urllc,2025-11-25 17:28:49+00:00,4335.2529296875,5280.0,4335.2529296875,5280.0
urllc,2025-11-25 17:28:49.250000+00:00,4480.57080078125,4480.0,4480.57080078125,4480.0
urllc,2025-11-25 17:28:49.500000+00:00,4384.923828125,4480.0,4384.923828125,4480.0
urllc,2025-11-25 17:28:49.750000+00:00,4311.66259765625,4480.0,4311.66259765625,4480.0
urllc,2025-11-25 17:28:50+00:00,4274.5205078125,4480.0,4274.5205078125,4480.0
urllc,2025-11-25 17:28:50.250000+00:00,4387.287109375,4480.0,4387.287109375,4480.0
urllc,2025-11-25 17:28:50.500000+00:00,4334.263671875,4480.0,4334.263671875,4480.0
urllc,2025-11-25 17:28:50.750000+00:00,4294.02880859375,4480.0,4294.02880859375,4480.0
urllc,2025-11-25 17:28:51+00:00,4344.541015625,4480.0,4344.541015625,4480.0
urllc,2025-11-25 17:28:51.250000+00:00,4362.927734375,5280.0,4362.927734375,5280.0
urllc,2025-11-25 17:28:51.500000+00:00,4529.39599609375,4480.0,4529.39599609375,4480.0
urllc,2025-11-25 17:28:51.750000+00:00,4363.00537109375,4480.0,4363.00537109375,4480.0
urllc,2025-11-25 17:28:52+00:00,4489.287109375,4480.0,4489.287109375,4480.0
urllc,2025-11-25 17:28:52.250000+00:00,4445.94580078125,4480.0,4445.94580078125,4480.0
urllc,2025-11-25 17:28:52.500000+00:00,4566.55615234375,4480.0,4566.55615234375,4480.0
urllc,2025-11-25 17:28:52.750000+00:00,4451.09130859375,4480.0,4451.09130859375,4480.0
